N_params_B,D_tokens_B,Q_A,p_scenario,s_Q,mixture_strength_profile,lambda0_B_loss_units,R_p,prediction,irreducible_loss_E,physical_lower_bound_status,N_support,D_support,Q_support,p_support,support_flag,evidence_type,dL_dN_analytic,dL_dD_analytic,dL_dQ_analytic,analytic_role,dL_dN,dL_dD,dL_dQ,epsilon_N,epsilon_D,epsilon_Q,epsilon_N_total,epsilon_D_total,epsilon_Q_total,epsilon_N_reducible,epsilon_D_reducible,epsilon_Q_reducible,reducible_elasticity_status,max_analytic_fd_abs_error
0.07,10.0,0.4,p_ref,0.5,0.0,0.0,0.0,3.4083740991420086,1.6897975628980855,PASS,outside_supported_boundary,observed_or_interpolated,observed_or_interpolated,within_registered_support,in_support,modeled_scenario,-4.2458994223739035,-0.018222985579871842,-0.18036891076713943,analytic,-4.245899422526479,-0.01822298558051827,-0.18036891076249342,0.08720080335420666,0.053465332884396546,0.021167736347708754,0.08720080335420666,0.053465332884396546,0.021167736347708754,0.1729413577508946,0.10603534492764552,0.0419810015925629,defined,1.5257572982818601e-10
0.07,10.0,0.4,p_ref,0.5,0.25,0.12055625000000003,0.0,3.4083740991420086,1.6897975628980855,PASS,outside_supported_boundary,observed_or_interpolated,observed_or_interpolated,within_registered_support,in_support,modeled_scenario,-4.2458994223739035,-0.018222985579871842,-0.18036891076713943,analytic,-4.245899422526479,-0.01822298558051827,-0.18036891076249342,0.08720080335420666,0.053465332884396546,0.021167736347708754,0.08720080335420666,0.053465332884396546,0.021167736347708754,0.1729413577508946,0.10603534492764552,0.0419810015925629,defined,1.5257572982818601e-10
0.07,10.0,0.4,p_ref,0.5,0.5,0.24111250000000006,0.0,3.4083740991420086,1.6897975628980855,PASS,outside_supported_boundary,observed_or_interpolated,observed_or_interpolated,within_registered_support,in_support,modeled_scenario,-4.2458994223739035,-0.018222985579871842,-0.18036891076713943,analytic,-4.245899422526479,-0.01822298558051827,-0.18036891076249342,0.08720080335420666,0.053465332884396546,0.021167736347708754,0.08720080335420666,0.053465332884396546,0.021167736347708754,0.1729413577508946,0.10603534492764552,0.0419810015925629,defined,1.5257572982818601e-10
0.07,10.0,0.4,p_ref,0.5,1.0,0.4822250000000001,0.0,3.4083740991420086,1.6897975628980855,PASS,outside_supported_boundary,observed_or_interpolated,observed_or_interpolated,within_registered_support,in_support,modeled_scenario,-4.2458994223739035,-0.018222985579871842,-0.18036891076713943,analytic,-4.245899422526479,-0.01822298558051827,-0.18036891076249342,0.08720080335420666,0.053465332884396546,0.021167736347708754,0.08720080335420666,0.053465332884396546,0.021167736347708754,0.1729413577508946,0.10603534492764552,0.0419810015925629,defined,1.5257572982818601e-10
0.07,10.0,0.4,p_ref,1.0,0.0,0.0,0.0,3.433422154855564,1.6897975628980855,PASS,outside_supported_boundary,observed_or_interpolated,observed_or_interpolated,within_registered_support,in_support,modeled_scenario,-4.2458994223739035,-0.018222985579871842,-0.36030691448978786,analytic,-4.245899422526479,-0.01822298558051827,-0.36030691448160673,0.086564641972888,0.05307528395466088,0.0419764186553126,0.086564641972888,0.05307528395466088,0.0419764186553126,0.17045696702590532,0.1045120931682906,0.0826569930576876,defined,1.5257572982818601e-10
0.07,10.0,0.4,p_ref,1.0,0.25,0.12055625000000003,0.0,3.433422154855564,1.6897975628980855,PASS,outside_supported_boundary,observed_or_interpolated,observed_or_interpolated,within_registered_support,in_support,modeled_scenario,-4.2458994223739035,-0.018222985579871842,-0.36030691448978786,analytic,-4.245899422526479,-0.01822298558051827,-0.36030691448160673,0.086564641972888,0.05307528395466088,0.0419764186553126,0.086564641972888,0.05307528395466088,0.0419764186553126,0.17045696702590532,0.1045120931682906,0.0826569930576876,defined,1.5257572982818601e-10
0.07,10.0,0.4,p_ref,1.0,0.5,0.24111250000000006,0.0,3.433422154855564,1.6897975628980855,PASS,outside_supported_boundary,observed_or_interpolated,observed_or_interpolated,within_registered_support,in_support,modeled_scenario,-4.2458994223739035,-0.018222985579871842,-0.36030691448978786,analytic,-4.245899422526479,-0.01822298558051827,-0.36030691448160673,0.086564641972888,0.05307528395466088,0.0419764186553126,0.086564641972888,0.05307528395466088,0.0419764186553126,0.17045696702590532,0.1045120931682906,0.0826569930576876,defined,1.5257572982818601e-10
0.07,10.0,0.4,p_ref,1.0,1.0,0.4822250000000001,0.0,3.433422154855564,1.6897975628980855,PASS,outside_supported_boundary,observed_or_interpolated,observed_or_interpolated,within_registered_support,in_support,modeled_scenario,-4.2458994223739035,-0.018222985579871842,-0.36030691448978786,analytic,-4.245899422526479,-0.01822298558051827,-0.36030691448160673,0.086564641972888,0.05307528395466088,0.0419764186553126,0.086564641972888,0.05307528395466088,0.0419764186553126,0.17045696702590532,0.1045120931682906,0.0826569930576876,defined,1.5257572982818601e-10
0.07,10.0,0.4,p_ref,1.5,0.0,0.0,0.0,3.4584419936040485,1.6897975628980855,PASS,outside_supported_boundary,observed_or_interpolated,observed_or_interpolated,within_registered_support,in_support,modeled_scenario,-4.2458994223739035,-0.018222985579871842,-0.5398855613428658,analytic,-4.245899422526479,-0.01822298558051827,-0.5398855613453365,0.08593839657467478,0.05269131480076687,0.06244263310979761,0.08593839657467478,0.05269131480076687,0.06244263310979761,0.1680456254614273,0.10303362996057086,0.12210154895404016,defined,1.5257572982818601e-10
0.07,10.0,0.4,p_ref,1.5,0.25,0.12055625000000003,0.0,3.4584419936040485,1.6897975628980855,PASS,outside_supported_boundary,observed_or_interpolated,observed_or_interpolated,within_registered_support,in_support,modeled_scenario,-4.2458994223739035,-0.018222985579871842,-0.5398855613428658,analytic,-4.245899422526479,-0.01822298558051827,-0.5398855613453365,0.08593839657467478,0.05269131480076687,0.06244263310979761,0.08593839657467478,0.05269131480076687,0.06244263310979761,0.1680456254614273,0.10303362996057086,0.12210154895404016,defined,1.5257572982818601e-10
0.07,10.0,0.4,p_ref,1.5,0.5,0.24111250000000006,0.0,3.4584419936040485,1.6897975628980855,PASS,outside_supported_boundary,observed_or_interpolated,observed_or_interpolated,within_registered_support,in_support,modeled_scenario,-4.2458994223739035,-0.018222985579871842,-0.5398855613428658,analytic,-4.245899422526479,-0.01822298558051827,-0.5398855613453365,0.08593839657467478,0.05269131480076687,0.06244263310979761,0.08593839657467478,0.05269131480076687,0.06244263310979761,0.1680456254614273,0.10303362996057086,0.12210154895404016,defined,1.5257572982818601e-10
0.07,10.0,0.4,p_ref,1.5,1.0,0.4822250000000001,0.0,3.4584419936040485,1.6897975628980855,PASS,outside_supported_boundary,observed_or_interpolated,observed_or_interpolated,within_registered_support,in_support,modeled_scenario,-4.2458994223739035,-0.018222985579871842,-0.5398855613428658,analytic,-4.245899422526479,-0.01822298558051827,-0.5398855613453365,0.08593839657467478,0.05269131480076687,0.06244263310979761,0.08593839657467478,0.05269131480076687,0.06244263310979761,0.1680456254614273,0.10303362996057086,0.12210154895404016,defined,1.5257572982818601e-10
0.07,10.0,0.4,p_star_sensitivity,0.5,0.0,0.0,-2.2897634910840576,3.4083740991420086,1.6897975628980855,PASS,outside_supported_boundary,observed_or_interpolated,observed_or_interpolated,within_registered_support,in_support,modeled_scenario,-4.2458994223739035,-0.018222985579871842,-0.18036891076713943,analytic,-4.245899422526479,-0.01822298558051827,-0.18036891076249342,0.08720080335420666,0.053465332884396546,0.021167736347708754,0.08720080335420666,0.053465332884396546,0.021167736347708754,0.1729413577508946,0.10603534492764552,0.0419810015925629,defined,1.5257572982818601e-10
0.07,10.0,0.4,p_star_sensitivity,0.5,0.25,0.12055625000000003,-2.2897634910840576,3.110062910768829,1.6897975628980855,PASS,outside_supported_boundary,observed_or_interpolated,observed_or_interpolated,within_registered_support,in_support,modeled_scenario,-4.121586323814916,-0.018222985579871842,-0.18036891076713943,analytic,-4.121586323981217,-0.01822298558051827,-0.18036891076249342,0.0927669474722501,0.058593623676935276,0.02319810446765593,0.0927669474722501,0.058593623676935276,0.02319810446765593,0.2031388311425185,0.12830690833820668,0.05079865140212055,defined,1.6630075094781205e-10
0.07,10.0,0.4,p_star_sensitivity,0.5,0.5,0.24111250000000006,-2.2897634910840576,2.811751722395649,1.6897975628980855,PASS,outside_supported_boundary,observed_or_interpolated,observed_or_interpolated,within_registered_support,in_support,modeled_scenario,-3.9972732252559284,-0.018222985579871842,-0.18036891076713943,analytic,-3.9972732254359546,-0.01822298558051827,-0.18036891076249342,0.09951416533395624,0.064810080617616,0.02565929407292288,0.09951416533395624,0.064810080617616,0.02565929407292288,0.24939443685098656,0.1624218371691668,0.06430526924318072,defined,1.8002621615664793e-10
0.07,10.0,0.4,p_star_sensitivity,0.5,1.0,0.4822250000000001,-2.2897634910840576,2.2151293456492898,1.6897975628980855,PASS,outside_supported_boundary,observed_or_interpolated,observed_or_interpolated,within_registered_support,in_support,modeled_scenario,-3.7486470281379534,-0.018222985579871842,-0.18036891076713943,analytic,-3.748647028662637,-0.01822298558051827,-0.18036891076249342,0.1184604829157141,0.08226601131130255,0.03257036183765141,0.1184604829157141,0.08226601131130255,0.03257036183765141,0.4995039337466834,0.3468852671559875,0.13733713944957765,defined,5.246838519212815e-10
0.07,10.0,0.4,p_star_sensitivity,1.0,0.0,0.0,-2.2897634910840576,3.433422154855564,1.6897975628980855,PASS,outside_supported_boundary,observed_or_interpolated,observed_or_interpolated,within_registered_support,in_support,modeled_scenario,-4.2458994223739035,-0.018222985579871842,-0.36030691448978786,analytic,-4.245899422526479,-0.01822298558051827,-0.36030691448160673,0.086564641972888,0.05307528395466088,0.0419764186553126,0.086564641972888,0.05307528395466088,0.0419764186553126,0.17045696702590532,0.1045120931682906,0.0826569930576876,defined,1.5257572982818601e-10
0.07,10.0,0.4,p_star_sensitivity,1.0,0.25,0.12055625000000003,-2.2897634910840576,3.1351109664823844,1.6897975628980855,PASS,outside_supported_boundary,observed_or_interpolated,observed_or_interpolated,within_registered_support,in_support,modeled_scenario,-4.121586323814916,-0.018222985579871842,-0.36030691448978786,analytic,-4.121586323981217,-0.01822298558051827,-0.36030691448160673,0.09202578338156768,0.0581254883011831,0.04597054692272963,0.09202578338156768,0.0581254883011831,0.04597054692272963,0.1996183263527436,0.12608328086715484,0.099717310747431,defined,1.6630075094781205e-10
0.07,10.0,0.4,p_star_sensitivity,1.0,0.5,0.24111250000000006,-2.2897634910840576,2.8367997781092047,1.6897975628980855,PASS,outside_supported_boundary,observed_or_interpolated,observed_or_interpolated,within_registered_support,in_support,modeled_scenario,-3.9972732252559284,-0.018222985579871842,-0.36030691448978786,analytic,-3.9972732254359546,-0.01822298558051827,-0.36030691448160673,0.09863548634617293,0.06423782785496525,0.05080470144731328,0.09863548634617293,0.06423782785496525,0.05080470144731328,0.2439481999858341,0.15887489438862257,0.1256516891435255,defined,1.8002621615664793e-10
0.07,10.0,0.4,p_star_sensitivity,1.0,1.0,0.4822250000000001,-2.2897634910840576,2.2401774013628453,1.6897975628980855,PASS,outside_supported_boundary,observed_or_interpolated,observed_or_interpolated,within_registered_support,in_support,modeled_scenario,-3.7486470281379534,-0.018222985579871842,-0.36030691448978786,analytic,-3.748647028662637,-0.01822298558051827,-0.36030691448160673,0.11713594282611121,0.08134617182296386,0.06433542526808969,0.11713594282611121,0.08134617182296386,0.06433542526808969,0.4767712653471156,0.33109834893934015,0.2618605474260495,defined,5.246838519212815e-10
0.07,10.0,0.4,p_star_sensitivity,1.5,0.0,0.0,-2.2897634910840576,3.4584419936040485,1.6897975628980855,PASS,outside_supported_boundary,observed_or_interpolated,observed_or_interpolated,within_registered_support,in_support,modeled_scenario,-4.2458994223739035,-0.018222985579871842,-0.5398855613428658,analytic,-4.245899422526479,-0.01822298558051827,-0.5398855613453365,0.08593839657467478,0.05269131480076687,0.06244263310979761,0.08593839657467478,0.05269131480076687,0.06244263310979761,0.1680456254614273,0.10303362996057086,0.12210154895404016,defined,1.5257572982818601e-10
0.07,10.0,0.4,p_star_sensitivity,1.5,0.25,0.12055625000000003,-2.2897634910840576,3.1601308052308688,1.6897975628980855,PASS,outside_supported_boundary,observed_or_interpolated,observed_or_interpolated,within_registered_support,in_support,modeled_scenario,-4.121586323814916,-0.018222985579871842,-0.5398855613428658,analytic,-4.121586323981217,-0.01822298558051827,-0.5398855613453365,0.0912971837118646,0.05766528888726477,0.06833711572339732,0.0912971837118646,0.05766528888726477,0.06833711572339732,0.19622153289613645,0.12393779216748353,0.14687433999350286,defined,1.6630075094781205e-10
0.07,10.0,0.4,p_star_sensitivity,1.5,0.5,0.24111250000000006,-2.2897634910840576,2.861819616857689,1.6897975628980855,PASS,outside_supported_boundary,observed_or_interpolated,observed_or_interpolated,within_registered_support,in_support,modeled_scenario,-3.9972732252559284,-0.018222985579871842,-0.5398855613428658,analytic,-3.9972732254359546,-0.01822298558051827,-0.5398855613453365,0.09777315248392578,0.06367622009848167,0.07546045993466732,0.09777315248392578,0.06367622009848167,0.07546045993466732,0.23874049539869932,0.15548329930271404,0.1842578164877928,defined,1.8002621615664793e-10
0.07,10.0,0.4,p_star_sensitivity,1.5,1.0,0.4822250000000001,-2.2897634910840576,2.2651972401113296,1.6897975628980855,PASS,outside_supported_boundary,observed_or_interpolated,observed_or_interpolated,within_registered_support,in_support,modeled_scenario,-3.7486470281379534,-0.018222985579871842,-0.5398855613428658,analytic,-3.748647028662637,-0.01822298558051827,-0.5398855613453365,0.11584213831793648,0.08044767695206378,0.09533572649396348,0.11584213831793648,0.08044767695206378,0.09533572649396348,0.4560400403372781,0.3167013521588195,0.3753116887100748,defined,5.246838519212815e-10
0.07,10.0,0.5389559587975633,p_ref,0.5,0.0,0.0,0.0,3.3832940725378005,1.6897975628980855,PASS,outside_supported_boundary,observed_or_interpolated,observed_or_interpolated,within_registered_support,in_support,modeled_scenario,-4.2458994223739035,-0.018222985579871842,-0.18061496517287273,analytic,-4.245899422526479,-0.01822298558051827,-0.18061496516257367,0.08784721434336178,0.053861666144939195,0.028771815170463812,0.08784721434336178,0.053861666144939195,0.028771815170463812,0.17550255219603877,0.10760568726767049,0.05748078674404404,defined,1.5257572982818601e-10
0.07,10.0,0.5389559587975633,p_ref,0.5,0.25,0.12055625000000003,0.0,3.3832940725378005,1.6897975628980855,PASS,outside_supported_boundary,observed_or_interpolated,observed_or_interpolated,within_registered_support,in_support,modeled_scenario,-4.2458994223739035,-0.018222985579871842,-0.18061496517287273,analytic,-4.245899422526479,-0.01822298558051827,-0.18061496516257367,0.08784721434336178,0.053861666144939195,0.028771815170463812,0.08784721434336178,0.053861666144939195,0.028771815170463812,0.17550255219603877,0.10760568726767049,0.05748078674404404,defined,1.5257572982818601e-10
0.07,10.0,0.5389559587975633,p_ref,0.5,0.5,0.24111250000000006,0.0,3.3832940725378005,1.6897975628980855,PASS,outside_supported_boundary,observed_or_interpolated,observed_or_interpolated,within_registered_support,in_support,modeled_scenario,-4.2458994223739035,-0.018222985579871842,-0.18061496517287273,analytic,-4.245899422526479,-0.01822298558051827,-0.18061496516257367,0.08784721434336178,0.053861666144939195,0.028771815170463812,0.08784721434336178,0.053861666144939195,0.028771815170463812,0.17550255219603877,0.10760568726767049,0.05748078674404404,defined,1.5257572982818601e-10
0.07,10.0,0.5389559587975633,p_ref,0.5,1.0,0.4822250000000001,0.0,3.3832940725378005,1.6897975628980855,PASS,outside_supported_boundary,observed_or_interpolated,observed_or_interpolated,within_registered_support,in_support,modeled_scenario,-4.2458994223739035,-0.018222985579871842,-0.18061496517287273,analytic,-4.245899422526479,-0.01822298558051827,-0.18061496516257367,0.08784721434336178,0.053861666144939195,0.028771815170463812,0.08784721434336178,0.053861666144939195,0.028771815170463812,0.17550255219603877,0.10760568726767049,0.05748078674404404,defined,1.5257572982818601e-10
0.07,10.0,0.5389559587975633,p_ref,1.0,0.0,0.0,0.0,3.3832940725378005,1.6897975628980855,PASS,outside_supported_boundary,observed_or_interpolated,observed_or_interpolated,within_registered_support,in_support,modeled_scenario,-4.2458994223739035,-0.018222985579871842,-0.36122993034574546,analytic,-4.245899422526479,-0.01822298558051827,-0.3612299303473518,0.08784721434336178,0.053861666144939195,0.05754363034446478,0.08784721434336178,0.053861666144939195,0.05754363034446478,0.17550255219603877,0.10760568726767049,0.11496157349515466,defined,1.5257572982818601e-10
0.07,10.0,0.5389559587975633,p_ref,1.0,0.25,0.12055625000000003,0.0,3.3832940725378005,1.6897975628980855,PASS,outside_supported_boundary,observed_or_interpolated,observed_or_interpolated,within_registered_support,in_support,modeled_scenario,-4.2458994223739035,-0.018222985579871842,-0.36122993034574546,analytic,-4.245899422526479,-0.01822298558051827,-0.3612299303473518,0.08784721434336178,0.053861666144939195,0.05754363034446478,0.08784721434336178,0.053861666144939195,0.05754363034446478,0.17550255219603877,0.10760568726767049,0.11496157349515466,defined,1.5257572982818601e-10
0.07,10.0,0.5389559587975633,p_ref,1.0,0.5,0.24111250000000006,0.0,3.3832940725378005,1.6897975628980855,PASS,outside_supported_boundary,observed_or_interpolated,observed_or_interpolated,within_registered_support,in_support,modeled_scenario,-4.2458994223739035,-0.018222985579871842,-0.36122993034574546,analytic,-4.245899422526479,-0.01822298558051827,-0.3612299303473518,0.08784721434336178,0.053861666144939195,0.05754363034446478,0.08784721434336178,0.053861666144939195,0.05754363034446478,0.17550255219603877,0.10760568726767049,0.11496157349515466,defined,1.5257572982818601e-10
0.07,10.0,0.5389559587975633,p_ref,1.0,1.0,0.4822250000000001,0.0,3.3832940725378005,1.6897975628980855,PASS,outside_supported_boundary,observed_or_interpolated,observed_or_interpolated,within_registered_support,in_support,modeled_scenario,-4.2458994223739035,-0.018222985579871842,-0.36122993034574546,analytic,-4.245899422526479,-0.01822298558051827,-0.3612299303473518,0.08784721434336178,0.053861666144939195,0.05754363034446478,0.08784721434336178,0.053861666144939195,0.05754363034446478,0.17550255219603877,0.10760568726767049,0.11496157349515466,defined,1.5257572982818601e-10
0.07,10.0,0.5389559587975633,p_ref,1.5,0.0,0.0,0.0,3.3832940725378005,1.6897975628980855,PASS,outside_supported_boundary,observed_or_interpolated,observed_or_interpolated,within_registered_support,in_support,modeled_scenario,-4.2458994223739035,-0.018222985579871842,-0.5418448955186181,analytic,-4.245899422526479,-0.01822298558051827,-0.5418448955099254,0.08784721434336178,0.053861666144939195,0.08631544551492859,0.08784721434336178,0.053861666144939195,0.08631544551492859,0.17550255219603877,0.10760568726767049,0.1724423602391987,defined,1.5257572982818601e-10
0.07,10.0,0.5389559587975633,p_ref,1.5,0.25,0.12055625000000003,0.0,3.3832940725378005,1.6897975628980855,PASS,outside_supported_boundary,observed_or_interpolated,observed_or_interpolated,within_registered_support,in_support,modeled_scenario,-4.2458994223739035,-0.018222985579871842,-0.5418448955186181,analytic,-4.245899422526479,-0.01822298558051827,-0.5418448955099254,0.08784721434336178,0.053861666144939195,0.08631544551492859,0.08784721434336178,0.053861666144939195,0.08631544551492859,0.17550255219603877,0.10760568726767049,0.1724423602391987,defined,1.5257572982818601e-10
0.07,10.0,0.5389559587975633,p_ref,1.5,0.5,0.24111250000000006,0.0,3.3832940725378005,1.6897975628980855,PASS,outside_supported_boundary,observed_or_interpolated,observed_or_interpolated,within_registered_support,in_support,modeled_scenario,-4.2458994223739035,-0.018222985579871842,-0.5418448955186181,analytic,-4.245899422526479,-0.01822298558051827,-0.5418448955099254,0.08784721434336178,0.053861666144939195,0.08631544551492859,0.08784721434336178,0.053861666144939195,0.08631544551492859,0.17550255219603877,0.10760568726767049,0.1724423602391987,defined,1.5257572982818601e-10
0.07,10.0,0.5389559587975633,p_ref,1.5,1.0,0.4822250000000001,0.0,3.3832940725378005,1.6897975628980855,PASS,outside_supported_boundary,observed_or_interpolated,observed_or_interpolated,within_registered_support,in_support,modeled_scenario,-4.2458994223739035,-0.018222985579871842,-0.5418448955186181,analytic,-4.245899422526479,-0.01822298558051827,-0.5418448955099254,0.08784721434336178,0.053861666144939195,0.08631544551492859,0.08784721434336178,0.053861666144939195,0.08631544551492859,0.17550255219603877,0.10760568726767049,0.1724423602391987,defined,1.5257572982818601e-10
0.07,10.0,0.5389559587975633,p_star_sensitivity,0.5,0.0,0.0,-2.2897634910840576,3.3832940725378005,1.6897975628980855,PASS,outside_supported_boundary,observed_or_interpolated,observed_or_interpolated,within_registered_support,in_support,modeled_scenario,-4.2458994223739035,-0.018222985579871842,-0.18061496517287273,analytic,-4.245899422526479,-0.01822298558051827,-0.18061496516257367,0.08784721434336178,0.053861666144939195,0.028771815170463812,0.08784721434336178,0.053861666144939195,0.028771815170463812,0.17550255219603877,0.10760568726767049,0.05748078674404404,defined,1.5257572982818601e-10
0.07,10.0,0.5389559587975633,p_star_sensitivity,0.5,0.25,0.12055625000000003,-2.2897634910840576,3.0849828841646207,1.6897975628980855,PASS,outside_supported_boundary,observed_or_interpolated,observed_or_interpolated,within_registered_support,in_support,modeled_scenario,-4.121586323814916,-0.018222985579871842,-0.18061496517287273,analytic,-4.121586323981217,-0.01822298558051827,-0.18061496516257367,0.09352111616554748,0.05906997304282566,0.03155398761596142,0.09352111616554748,0.05906997304282566,0.03155398761596142,0.20679048029030134,0.13061336944095445,0.06977102628489233,defined,1.6630075094781205e-10
0.07,10.0,0.5389559587975633,p_star_sensitivity,0.5,0.5,0.24111250000000006,-2.2897634910840576,2.786671695791441,1.6897975628980855,PASS,outside_supported_boundary,observed_or_interpolated,observed_or_interpolated,within_registered_support,in_support,modeled_scenario,-3.9972732252559284,-0.018222985579871842,-0.18061496517287273,analytic,-3.9972732257531614,-0.01822298558051827,-0.18061496516257367,0.10040979216364161,0.06539337090924437,0.03493181915522952,0.10040979216364161,0.06539337090924437,0.03493181915522952,0.2550968405687857,0.1661356124102346,0.0887462916694086,defined,4.972329215036098e-10
0.07,10.0,0.5389559587975633,p_star_sensitivity,0.5,1.0,0.4822250000000001,-2.2897634910840576,2.1900493190450816,1.6897975628980855,PASS,outside_supported_boundary,observed_or_interpolated,observed_or_interpolated,within_registered_support,in_support,modeled_scenario,-3.7486470281379534,-0.018222985579871842,-0.18061496517287273,analytic,-3.7486470283454305,-0.01822298558051827,-0.18061496516257367,0.1198170697354869,0.08320810596386005,0.04444809113469083,0.1198170697354869,0.08320810596386005,0.04444809113469083,0.5245464683727644,0.36427629401791745,0.19458904546809735,defined,2.074771465743197e-10
0.07,10.0,0.5389559587975633,p_star_sensitivity,1.0,0.0,0.0,-2.2897634910840576,3.3832940725378005,1.6897975628980855,PASS,outside_supported_boundary,observed_or_interpolated,observed_or_interpolated,within_registered_support,in_support,modeled_scenario,-4.2458994223739035,-0.018222985579871842,-0.36122993034574546,analytic,-4.245899422526479,-0.01822298558051827,-0.3612299303473518,0.08784721434336178,0.053861666144939195,0.05754363034446478,0.08784721434336178,0.053861666144939195,0.05754363034446478,0.17550255219603877,0.10760568726767049,0.11496157349515466,defined,1.5257572982818601e-10
0.07,10.0,0.5389559587975633,p_star_sensitivity,1.0,0.25,0.12055625000000003,-2.2897634910840576,3.0849828841646207,1.6897975628980855,PASS,outside_supported_boundary,observed_or_interpolated,observed_or_interpolated,within_registered_support,in_support,modeled_scenario,-4.121586323814916,-0.018222985579871842,-0.36122993034574546,analytic,-4.121586323981217,-0.01822298558051827,-0.3612299303473518,0.09352111616554748,0.05906997304282566,0.06310797523580203,0.09352111616554748,0.05906997304282566,0.06310797523580203,0.20679048029030134,0.13061336944095445,0.1395420525783622,defined,1.6630075094781205e-10
0.07,10.0,0.5389559587975633,p_star_sensitivity,1.0,0.5,0.24111250000000006,-2.2897634910840576,2.786671695791441,1.6897975628980855,PASS,outside_supported_boundary,observed_or_interpolated,observed_or_interpolated,within_registered_support,in_support,modeled_scenario,-3.9972732252559284,-0.018222985579871842,-0.36122993034574546,analytic,-3.9972732257531614,-0.01822298558051827,-0.3612299303473518,0.10040979216364161,0.06539337090924437,0.06986363831475349,0.10040979216364161,0.06539337090924437,0.06986363831475349,0.2550968405687857,0.1661356124102346,0.1774925833497275,defined,4.972329215036098e-10
0.07,10.0,0.5389559587975633,p_star_sensitivity,1.0,1.0,0.4822250000000001,-2.2897634910840576,2.1900493190450816,1.6897975628980855,PASS,outside_supported_boundary,observed_or_interpolated,observed_or_interpolated,within_registered_support,in_support,modeled_scenario,-3.7486470281379534,-0.018222985579871842,-0.36122993034574546,analytic,-3.7486470283454305,-0.01822298558051827,-0.3612299303473518,0.1198170697354869,0.08320810596386005,0.08889618227484603,0.1198170697354869,0.08320810596386005,0.08889618227484603,0.5245464683727644,0.36427629401791745,0.38917809096011713,defined,2.074771465743197e-10
0.07,10.0,0.5389559587975633,p_star_sensitivity,1.5,0.0,0.0,-2.2897634910840576,3.3832940725378005,1.6897975628980855,PASS,outside_supported_boundary,observed_or_interpolated,observed_or_interpolated,within_registered_support,in_support,modeled_scenario,-4.2458994223739035,-0.018222985579871842,-0.5418448955186181,analytic,-4.245899422526479,-0.01822298558051827,-0.5418448955099254,0.08784721434336178,0.053861666144939195,0.08631544551492859,0.08784721434336178,0.053861666144939195,0.08631544551492859,0.17550255219603877,0.10760568726767049,0.1724423602391987,defined,1.5257572982818601e-10
0.07,10.0,0.5389559587975633,p_star_sensitivity,1.5,0.25,0.12055625000000003,-2.2897634910840576,3.0849828841646207,1.6897975628980855,PASS,outside_supported_boundary,observed_or_interpolated,observed_or_interpolated,within_registered_support,in_support,modeled_scenario,-4.121586323814916,-0.018222985579871842,-0.5418448955186181,analytic,-4.121586323981217,-0.01822298558051827,-0.5418448955099254,0.09352111616554748,0.05906997304282566,0.09466196285176344,0.09352111616554748,0.05906997304282566,0.09466196285176344,0.20679048029030134,0.13061336944095445,0.2093130788632545,defined,1.6630075094781205e-10
0.07,10.0,0.5389559587975633,p_star_sensitivity,1.5,0.5,0.24111250000000006,-2.2897634910840576,2.786671695791441,1.6897975628980855,PASS,outside_supported_boundary,observed_or_interpolated,observed_or_interpolated,within_registered_support,in_support,modeled_scenario,-3.9972732252559284,-0.018222985579871842,-0.5418448955186181,analytic,-3.9972732257531614,-0.01822298558051827,-0.5418448955099254,0.10040979216364161,0.06539337090924437,0.104795457469983,0.10040979216364161,0.06539337090924437,0.104795457469983,0.2550968405687857,0.1661356124102346,0.2662388750191361,defined,4.972329215036098e-10
0.07,10.0,0.5389559587975633,p_star_sensitivity,1.5,1.0,0.4822250000000001,-2.2897634910840576,2.1900493190450816,1.6897975628980855,PASS,outside_supported_boundary,observed_or_interpolated,observed_or_interpolated,within_registered_support,in_support,modeled_scenario,-3.7486470281379534,-0.018222985579871842,-0.5418448955186181,analytic,-3.7486470283454305,-0.01822298558051827,-0.5418448955099254,0.1198170697354869,0.08320810596386005,0.13334427340953686,0.1198170697354869,0.08320810596386005,0.13334427340953686,0.5245464683727644,0.36427629401791745,0.5837671364282144,defined,2.074771465743197e-10
0.07,10.0,0.8,p_ref,0.5,0.0,0.0,0.0,3.336073556082541,1.6897975628980855,PASS,outside_supported_boundary,observed_or_interpolated,observed_or_interpolated,within_registered_support,in_support,modeled_scenario,-4.2458994223739035,-0.018222985579871842,-0.18119971651104547,analytic,-4.245899422526479,-0.01822298558051827,-0.18119971649881747,0.08909064940578304,0.05462405212047248,0.0434522113383124,0.08909064940578304,0.05462405212047248,0.0434522113383124,0.18053653263930733,0.11069216617360032,0.08805314163553625,defined,1.5257572982818601e-10
0.07,10.0,0.8,p_ref,0.5,0.25,0.12055625000000003,0.0,3.336073556082541,1.6897975628980855,PASS,outside_supported_boundary,observed_or_interpolated,observed_or_interpolated,within_registered_support,in_support,modeled_scenario,-4.2458994223739035,-0.018222985579871842,-0.18119971651104547,analytic,-4.245899422526479,-0.01822298558051827,-0.18119971649881747,0.08909064940578304,0.05462405212047248,0.0434522113383124,0.08909064940578304,0.05462405212047248,0.0434522113383124,0.18053653263930733,0.11069216617360032,0.08805314163553625,defined,1.5257572982818601e-10
0.07,10.0,0.8,p_ref,0.5,0.5,0.24111250000000006,0.0,3.336073556082541,1.6897975628980855,PASS,outside_supported_boundary,observed_or_interpolated,observed_or_interpolated,within_registered_support,in_support,modeled_scenario,-4.2458994223739035,-0.018222985579871842,-0.18119971651104547,analytic,-4.245899422526479,-0.01822298558051827,-0.18119971649881747,0.08909064940578304,0.05462405212047248,0.0434522113383124,0.08909064940578304,0.05462405212047248,0.0434522113383124,0.18053653263930733,0.11069216617360032,0.08805314163553625,defined,1.5257572982818601e-10
0.07,10.0,0.8,p_ref,0.5,1.0,0.4822250000000001,0.0,3.336073556082541,1.6897975628980855,PASS,outside_supported_boundary,observed_or_interpolated,observed_or_interpolated,within_registered_support,in_support,modeled_scenario,-4.2458994223739035,-0.018222985579871842,-0.18119971651104547,analytic,-4.245899422526479,-0.01822298558051827,-0.18119971649881747,0.08909064940578304,0.05462405212047248,0.0434522113383124,0.08909064940578304,0.05462405212047248,0.0434522113383124,0.18053653263930733,0.11069216617360032,0.08805314163553625,defined,1.5257572982818601e-10
0.07,10.0,0.8,p_ref,1.0,0.0,0.0,0.0,3.288666518165815,1.6897975628980855,PASS,outside_supported_boundary,observed_or_interpolated,observed_or_interpolated,within_registered_support,in_support,modeled_scenario,-4.2458994223739035,-0.018222985579871842,-0.3641718443337616,analytic,-4.245899422526479,-0.01822298558051827,-0.3641718443264583,0.09037491577060781,0.05541147294764858,0.088588330209794,0.09037491577060781,0.05541147294764858,0.088588330209794,0.1858895055768254,0.11397422859753284,0.1822147302950056,defined,1.5257572982818601e-10
0.07,10.0,0.8,p_ref,1.0,0.25,0.12055625000000003,0.0,3.288666518165815,1.6897975628980855,PASS,outside_supported_boundary,observed_or_interpolated,observed_or_interpolated,within_registered_support,in_support,modeled_scenario,-4.2458994223739035,-0.018222985579871842,-0.3641718443337616,analytic,-4.245899422526479,-0.01822298558051827,-0.3641718443264583,0.09037491577060781,0.05541147294764858,0.088588330209794,0.09037491577060781,0.05541147294764858,0.088588330209794,0.1858895055768254,0.11397422859753284,0.1822147302950056,defined,1.5257572982818601e-10
0.07,10.0,0.8,p_ref,1.0,0.5,0.24111250000000006,0.0,3.288666518165815,1.6897975628980855,PASS,outside_supported_boundary,observed_or_interpolated,observed_or_interpolated,within_registered_support,in_support,modeled_scenario,-4.2458994223739035,-0.018222985579871842,-0.3641718443337616,analytic,-4.245899422526479,-0.01822298558051827,-0.3641718443264583,0.09037491577060781,0.05541147294764858,0.088588330209794,0.09037491577060781,0.05541147294764858,0.088588330209794,0.1858895055768254,0.11397422859753284,0.1822147302950056,defined,1.5257572982818601e-10
0.07,10.0,0.8,p_ref,1.0,1.0,0.4822250000000001,0.0,3.288666518165815,1.6897975628980855,PASS,outside_supported_boundary,observed_or_interpolated,observed_or_interpolated,within_registered_support,in_support,modeled_scenario,-4.2458994223739035,-0.018222985579871842,-0.3641718443337616,analytic,-4.245899422526479,-0.01822298558051827,-0.3641718443264583,0.09037491577060781,0.05541147294764858,0.088588330209794,0.09037491577060781,0.05541147294764858,0.088588330209794,0.1858895055768254,0.11397422859753284,0.1822147302950056,defined,1.5257572982818601e-10
0.07,10.0,0.8,p_ref,1.5,0.0,0.0,0.0,3.240931626472155,1.6897975628980855,PASS,outside_supported_boundary,observed_or_interpolated,observed_or_interpolated,within_registered_support,in_support,modeled_scenario,-4.2458994223739035,-0.018222985579871842,-0.5518959115697479,analytic,-4.245899422526479,-0.01822298558051827,-0.5518959116182635,0.09170602586898083,0.05622761502177848,0.13623142360927068,0.09170602586898083,0.05622761502177848,0.13623142360927068,0.19161010421757213,0.11748169296552935,0.284641243889186,defined,1.5257572982818601e-10
0.07,10.0,0.8,p_ref,1.5,0.25,0.12055625000000003,0.0,3.240931626472155,1.6897975628980855,PASS,outside_supported_boundary,observed_or_interpolated,observed_or_interpolated,within_registered_support,in_support,modeled_scenario,-4.2458994223739035,-0.018222985579871842,-0.5518959115697479,analytic,-4.245899422526479,-0.01822298558051827,-0.5518959116182635,0.09170602586898083,0.05622761502177848,0.13623142360927068,0.09170602586898083,0.05622761502177848,0.13623142360927068,0.19161010421757213,0.11748169296552935,0.284641243889186,defined,1.5257572982818601e-10
0.07,10.0,0.8,p_ref,1.5,0.5,0.24111250000000006,0.0,3.240931626472155,1.6897975628980855,PASS,outside_supported_boundary,observed_or_interpolated,observed_or_interpolated,within_registered_support,in_support,modeled_scenario,-4.2458994223739035,-0.018222985579871842,-0.5518959115697479,analytic,-4.245899422526479,-0.01822298558051827,-0.5518959116182635,0.09170602586898083,0.05622761502177848,0.13623142360927068,0.09170602586898083,0.05622761502177848,0.13623142360927068,0.19161010421757213,0.11748169296552935,0.284641243889186,defined,1.5257572982818601e-10
0.07,10.0,0.8,p_ref,1.5,1.0,0.4822250000000001,0.0,3.240931626472155,1.6897975628980855,PASS,outside_supported_boundary,observed_or_interpolated,observed_or_interpolated,within_registered_support,in_support,modeled_scenario,-4.2458994223739035,-0.018222985579871842,-0.5518959115697479,analytic,-4.245899422526479,-0.01822298558051827,-0.5518959116182635,0.09170602586898083,0.05622761502177848,0.13623142360927068,0.09170602586898083,0.05622761502177848,0.13623142360927068,0.19161010421757213,0.11748169296552935,0.284641243889186,defined,1.5257572982818601e-10
0.07,10.0,0.8,p_star_sensitivity,0.5,0.0,0.0,-2.2897634910840576,3.336073556082541,1.6897975628980855,PASS,outside_supported_boundary,observed_or_interpolated,observed_or_interpolated,within_registered_support,in_support,modeled_scenario,-4.2458994223739035,-0.018222985579871842,-0.18119971651104547,analytic,-4.245899422526479,-0.01822298558051827,-0.18119971649881747,0.08909064940578304,0.05462405212047248,0.0434522113383124,0.08909064940578304,0.05462405212047248,0.0434522113383124,0.18053653263930733,0.11069216617360032,0.08805314163553625,defined,1.5257572982818601e-10
0.07,10.0,0.8,p_star_sensitivity,0.5,0.25,0.12055625000000003,-2.2897634910840576,3.0377623677093615,1.6897975628980855,PASS,outside_supported_boundary,observed_or_interpolated,observed_or_interpolated,within_registered_support,in_support,modeled_scenario,-4.121586323814916,-0.018222985579871842,-0.18119971651104547,analytic,-4.121586323981217,-0.01822298558051827,-0.18119971649881747,0.09497485575089215,0.05998818661467386,0.0477192603147433,0.09497485575089215,0.05998818661467386,0.0477192603147433,0.21403455168035984,0.1351888826434872,0.10753973151350144,defined,1.6630075094781205e-10
0.07,10.0,0.8,p_star_sensitivity,0.5,0.5,0.24111250000000006,-2.2897634910840576,2.7394511793361818,1.6897975628980855,PASS,outside_supported_boundary,observed_or_interpolated,observed_or_interpolated,within_registered_support,in_support,modeled_scenario,-3.9972732252559284,-0.018222985579871842,-0.18119971651104547,analytic,-3.9972732257531614,-0.01822298558051827,-0.18119971649881747,0.10214057761398913,0.06652057068209563,0.05291562568900401,0.10214057761398913,0.06652057068209563,0.05291562568900401,0.2665728211866959,0.17360951551194867,0.13810248536175365,defined,4.972329215036098e-10
0.07,10.0,0.8,p_star_sensitivity,0.5,1.0,0.4822250000000001,-2.2897634910840576,2.1428288025898223,1.6897975628980855,PASS,outside_supported_boundary,observed_or_interpolated,observed_or_interpolated,within_registered_support,in_support,modeled_scenario,-3.7486470281379534,-0.018222985579871842,-0.18119971651104547,analytic,-3.7486470283454305,-0.01822298558051827,-0.18119971649881747,0.12245742248145872,0.08504172409150919,0.06764878884577977,0.12245742248145872,0.08504172409150919,0.06764878884577977,0.579221186076997,0.4022456727910866,0.31997743311850024,defined,2.074771465743197e-10
0.07,10.0,0.8,p_star_sensitivity,1.0,0.0,0.0,-2.2897634910840576,3.288666518165815,1.6897975628980855,PASS,outside_supported_boundary,observed_or_interpolated,observed_or_interpolated,within_registered_support,in_support,modeled_scenario,-4.2458994223739035,-0.018222985579871842,-0.3641718443337616,analytic,-4.245899422526479,-0.01822298558051827,-0.3641718443264583,0.09037491577060781,0.05541147294764858,0.088588330209794,0.09037491577060781,0.05541147294764858,0.088588330209794,0.1858895055768254,0.11397422859753284,0.1822147302950056,defined,1.5257572982818601e-10
0.07,10.0,0.8,p_star_sensitivity,1.0,0.25,0.12055625000000003,-2.2897634910840576,2.990355329792635,1.6897975628980855,PASS,outside_supported_boundary,observed_or_interpolated,observed_or_interpolated,within_registered_support,in_support,modeled_scenario,-4.121586323814916,-0.018222985579871842,-0.3641718443337616,analytic,-4.121586323981217,-0.01822298558051827,-0.3641718443264583,0.09648052183106008,0.060939198091157734,0.09742570475107028,0.09648052183106008,0.060939198091157734,0.09742570475107028,0.22183639206398892,0.14011669488569364,0.22400963869280294,defined,1.6630075094781205e-10
0.07,10.0,0.8,p_star_sensitivity,1.0,0.5,0.24111250000000006,-2.2897634910840576,2.6920441414194554,1.6897975628980855,PASS,outside_supported_boundary,observed_or_interpolated,observed_or_interpolated,within_registered_support,in_support,modeled_scenario,-3.9972732252559284,-0.018222985579871842,-0.3641718443337616,analytic,-3.9972732257531614,-0.01822298558051827,-0.3641718443264583,0.1039392785198478,0.06769200140570389,0.108221656167774,0.1039392785198478,0.06769200140570389,0.108221656167774,0.27918192169388906,0.18182137979860133,0.29068443006408806,defined,4.972329215036098e-10
0.07,10.0,0.8,p_star_sensitivity,1.0,1.0,0.4822250000000001,-2.2897634910840576,2.095421764673096,1.6897975628980855,PASS,outside_supported_boundary,observed_or_interpolated,observed_or_interpolated,within_registered_support,in_support,modeled_scenario,-3.7486470281379534,-0.018222985579871842,-0.3641718443337616,analytic,-3.7486470283454305,-0.01822298558051827,-0.3641718443264583,0.1252279118257215,0.08696571682007519,0.13903524358334507,0.1252279118257215,0.08696571682007519,0.13903524358334507,0.6469172471363772,0.44925784755383263,0.7182448043935116,defined,2.074771465743197e-10
0.07,10.0,0.8,p_star_sensitivity,1.5,0.0,0.0,-2.2897634910840576,3.240931626472155,1.6897975628980855,PASS,outside_supported_boundary,observed_or_interpolated,observed_or_interpolated,within_registered_support,in_support,modeled_scenario,-4.2458994223739035,-0.018222985579871842,-0.5518959115697479,analytic,-4.245899422526479,-0.01822298558051827,-0.5518959116182635,0.09170602586898083,0.05622761502177848,0.13623142360927068,0.09170602586898083,0.05622761502177848,0.13623142360927068,0.19161010421757213,0.11748169296552935,0.284641243889186,defined,1.5257572982818601e-10
0.07,10.0,0.8,p_star_sensitivity,1.5,0.25,0.12055625000000003,-2.2897634910840576,2.942620438098975,1.6897975628980855,PASS,outside_supported_boundary,observed_or_interpolated,observed_or_interpolated,within_registered_support,in_support,modeled_scenario,-4.121586323814916,-0.018222985579871842,-0.5518959115697479,analytic,-4.121586323981217,-0.01822298558051827,-0.5518959116182635,0.09804561911663755,0.06192774761087056,0.15004202498499752,0.09804561911663755,0.06192774761087056,0.15004202498499752,0.23028877296994005,0.1454554026848865,0.3524175188961279,defined,1.6630075094781205e-10
0.07,10.0,0.8,p_star_sensitivity,1.5,0.5,0.24111250000000006,-2.2897634910840576,2.6443092497257954,1.6897975628980855,PASS,outside_supported_boundary,observed_or_interpolated,observed_or_interpolated,within_registered_support,in_support,modeled_scenario,-3.9972732252559284,-0.018222985579871842,-0.5518959115697479,analytic,-3.9972732254359546,-0.01822298558051827,-0.5518959116182635,0.1058155833360005,0.0689139728358471,0.16696864383029117,0.1058155833360005,0.0689139728358471,0.16696864383029117,0.2931437400315693,0.19091422171143654,0.46255769875587166,defined,1.8002621615664793e-10
0.07,10.0,0.8,p_star_sensitivity,1.5,1.0,0.4822250000000001,-2.2897634910840576,2.047686872979436,1.6897975628980855,PASS,outside_supported_boundary,observed_or_interpolated,observed_or_interpolated,within_registered_support,in_support,modeled_scenario,-3.7486470281379534,-0.018222985579871842,-0.5518959115697479,analytic,-3.748647028662637,-0.01822298558051827,-0.5518959116182635,0.12814717692875488,0.08899302828465842,0.21561730707986265,0.12814717692875488,0.08899302828465842,0.21561730707986265,0.7332023746301286,0.5091793766172024,1.2336683909174355,defined,5.246838519212815e-10
0.07,150.0,0.4,p_ref,0.5,0.0,0.0,0.0,3.062402206395235,1.6897975628980855,PASS,outside_supported_boundary,observed_or_interpolated,observed_or_interpolated,within_registered_support,in_support,modeled_scenario,-4.2458994223739035,-0.0005693325995224448,-0.18036891076713943,analytic,-4.245899422526479,-0.0005693325995833239,-0.18036891076249342,0.09705222878829624,0.02788656883774359,0.02355914064923645,0.09705222878829624,0.02788656883774359,0.02355914064923645,0.21653209537424295,0.06221739839078136,0.05256252384603505,defined,1.5257572982818601e-10
0.07,150.0,0.4,p_ref,0.5,0.25,0.12055625000000003,0.0,3.062402206395235,1.6897975628980855,PASS,outside_supported_boundary,observed_or_interpolated,observed_or_interpolated,within_registered_support,in_support,modeled_scenario,-4.2458994223739035,-0.0005693325995224448,-0.18036891076713943,analytic,-4.245899422526479,-0.0005693325995833239,-0.18036891076249342,0.09705222878829624,0.02788656883774359,0.02355914064923645,0.09705222878829624,0.02788656883774359,0.02355914064923645,0.21653209537424295,0.06221739839078136,0.05256252384603505,defined,1.5257572982818601e-10
0.07,150.0,0.4,p_ref,0.5,0.5,0.24111250000000006,0.0,3.062402206395235,1.6897975628980855,PASS,outside_supported_boundary,observed_or_interpolated,observed_or_interpolated,within_registered_support,in_support,modeled_scenario,-4.2458994223739035,-0.0005693325995224448,-0.18036891076713943,analytic,-4.245899422526479,-0.0005693325995833239,-0.18036891076249342,0.09705222878829624,0.02788656883774359,0.02355914064923645,0.09705222878829624,0.02788656883774359,0.02355914064923645,0.21653209537424295,0.06221739839078136,0.05256252384603505,defined,1.5257572982818601e-10
0.07,150.0,0.4,p_ref,0.5,1.0,0.4822250000000001,0.0,3.062402206395235,1.6897975628980855,PASS,outside_supported_boundary,observed_or_interpolated,observed_or_interpolated,within_registered_support,in_support,modeled_scenario,-4.2458994223739035,-0.0005693325995224448,-0.18036891076713943,analytic,-4.245899422526479,-0.0005693325995833239,-0.18036891076249342,0.09705222878829624,0.02788656883774359,0.02355914064923645,0.09705222878829624,0.02788656883774359,0.02355914064923645,0.21653209537424295,0.06221739839078136,0.05256252384603505,defined,1.5257572982818601e-10
0.07,150.0,0.4,p_ref,1.0,0.0,0.0,0.0,3.0874502621087907,1.6897975628980855,PASS,outside_supported_boundary,observed_or_interpolated,observed_or_interpolated,within_registered_support,in_support,modeled_scenario,-4.2458994223739035,-0.0005693325995224448,-0.36030691448978786,analytic,-4.245899422526479,-0.0005693325995833239,-0.36030691448160673,0.09626485751833655,0.027660328972933395,0.046680190305059016,0.09626485751833655,0.027660328972933395,0.046680190305059016,0.21265151188467513,0.0611023682676865,0.10311772436316473,defined,1.5257572982818601e-10
0.07,150.0,0.4,p_ref,1.0,0.25,0.12055625000000003,0.0,3.0874502621087907,1.6897975628980855,PASS,outside_supported_boundary,observed_or_interpolated,observed_or_interpolated,within_registered_support,in_support,modeled_scenario,-4.2458994223739035,-0.0005693325995224448,-0.36030691448978786,analytic,-4.245899422526479,-0.0005693325995833239,-0.36030691448160673,0.09626485751833655,0.027660328972933395,0.046680190305059016,0.09626485751833655,0.027660328972933395,0.046680190305059016,0.21265151188467513,0.0611023682676865,0.10311772436316473,defined,1.5257572982818601e-10
0.07,150.0,0.4,p_ref,1.0,0.5,0.24111250000000006,0.0,3.0874502621087907,1.6897975628980855,PASS,outside_supported_boundary,observed_or_interpolated,observed_or_interpolated,within_registered_support,in_support,modeled_scenario,-4.2458994223739035,-0.0005693325995224448,-0.36030691448978786,analytic,-4.245899422526479,-0.0005693325995833239,-0.36030691448160673,0.09626485751833655,0.027660328972933395,0.046680190305059016,0.09626485751833655,0.027660328972933395,0.046680190305059016,0.21265151188467513,0.0611023682676865,0.10311772436316473,defined,1.5257572982818601e-10
0.07,150.0,0.4,p_ref,1.0,1.0,0.4822250000000001,0.0,3.0874502621087907,1.6897975628980855,PASS,outside_supported_boundary,observed_or_interpolated,observed_or_interpolated,within_registered_support,in_support,modeled_scenario,-4.2458994223739035,-0.0005693325995224448,-0.36030691448978786,analytic,-4.245899422526479,-0.0005693325995833239,-0.36030691448160673,0.09626485751833655,0.027660328972933395,0.046680190305059016,0.09626485751833655,0.027660328972933395,0.046680190305059016,0.21265151188467513,0.0611023682676865,0.10311772436316473,defined,1.5257572982818601e-10
0.07,150.0,0.4,p_ref,1.5,0.0,0.0,0.0,3.112470100857275,1.6897975628980855,PASS,outside_supported_boundary,observed_or_interpolated,observed_or_interpolated,within_registered_support,in_support,modeled_scenario,-4.2458994223739035,-0.0005693325995224448,-0.5398855613428658,analytic,-4.245899422526479,-0.0005693325995833239,-0.5398855613453365,0.09549102479570534,0.027437979215921365,0.06938354989455282,0.09549102479570534,0.027437979215921365,0.06938354989455282,0.2089117148512635,0.06002779111769735,0.15179475162142297,defined,1.5257572982818601e-10
0.07,150.0,0.4,p_ref,1.5,0.25,0.12055625000000003,0.0,3.112470100857275,1.6897975628980855,PASS,outside_supported_boundary,observed_or_interpolated,observed_or_interpolated,within_registered_support,in_support,modeled_scenario,-4.2458994223739035,-0.0005693325995224448,-0.5398855613428658,analytic,-4.245899422526479,-0.0005693325995833239,-0.5398855613453365,0.09549102479570534,0.027437979215921365,0.06938354989455282,0.09549102479570534,0.027437979215921365,0.06938354989455282,0.2089117148512635,0.06002779111769735,0.15179475162142297,defined,1.5257572982818601e-10
0.07,150.0,0.4,p_ref,1.5,0.5,0.24111250000000006,0.0,3.112470100857275,1.6897975628980855,PASS,outside_supported_boundary,observed_or_interpolated,observed_or_interpolated,within_registered_support,in_support,modeled_scenario,-4.2458994223739035,-0.0005693325995224448,-0.5398855613428658,analytic,-4.245899422526479,-0.0005693325995833239,-0.5398855613453365,0.09549102479570534,0.027437979215921365,0.06938354989455282,0.09549102479570534,0.027437979215921365,0.06938354989455282,0.2089117148512635,0.06002779111769735,0.15179475162142297,defined,1.5257572982818601e-10
0.07,150.0,0.4,p_ref,1.5,1.0,0.4822250000000001,0.0,3.112470100857275,1.6897975628980855,PASS,outside_supported_boundary,observed_or_interpolated,observed_or_interpolated,within_registered_support,in_support,modeled_scenario,-4.2458994223739035,-0.0005693325995224448,-0.5398855613428658,analytic,-4.245899422526479,-0.0005693325995833239,-0.5398855613453365,0.09549102479570534,0.027437979215921365,0.06938354989455282,0.09549102479570534,0.027437979215921365,0.06938354989455282,0.2089117148512635,0.06002779111769735,0.15179475162142297,defined,1.5257572982818601e-10
0.07,150.0,0.4,p_star_sensitivity,0.5,0.0,0.0,-2.2897634910840576,3.062402206395235,1.6897975628980855,PASS,outside_supported_boundary,observed_or_interpolated,observed_or_interpolated,within_registered_support,in_support,modeled_scenario,-4.2458994223739035,-0.0005693325995224448,-0.18036891076713943,analytic,-4.245899422526479,-0.0005693325995833239,-0.18036891076249342,0.09705222878829624,0.02788656883774359,0.02355914064923645,0.09705222878829624,0.02788656883774359,0.02355914064923645,0.21653209537424295,0.06221739839078136,0.05256252384603505,defined,1.5257572982818601e-10
0.07,150.0,0.4,p_star_sensitivity,0.5,0.25,0.12055625000000003,-2.2897634910840576,2.7640910180220555,1.6897975628980855,PASS,outside_supported_boundary,observed_or_interpolated,observed_or_interpolated,within_registered_support,in_support,modeled_scenario,-4.121586323814916,-0.0005693325995224448,-0.18036891076713943,analytic,-4.121586323981217,-0.0005693325995833239,-0.18036891076249342,0.10437827148150124,0.030896193135712853,0.026101732480801283,0.10437827148150124,0.030896193135712853,0.026101732480801283,0.26855887588498056,0.0794940055998421,0.06715815307342794,defined,1.6630075094781205e-10
0.07,150.0,0.4,p_star_sensitivity,0.5,0.5,0.24111250000000006,-2.2897634910840576,2.4657798296488758,1.6897975628980855,PASS,outside_supported_boundary,observed_or_interpolated,observed_or_interpolated,within_registered_support,in_support,modeled_scenario,-3.9972732252559284,-0.0005693325995224448,-0.18036891076713943,analytic,-3.9972732257531614,-0.0005693325995833239,-0.18036891076249342,0.11347693027506264,0.03463402892287404,0.029259532192406287,0.11347693027506264,0.03463402892287404,0.029259532192406287,0.3605870105438674,0.11005391952458765,0.09297579003589246,defined,4.972329215036098e-10
0.07,150.0,0.4,p_star_sensitivity,0.5,1.0,0.4822250000000001,-2.2897634910840576,1.8691574529025163,1.6897975628980855,PASS,outside_supported_boundary,observed_or_interpolated,observed_or_interpolated,within_registered_support,in_support,modeled_scenario,-3.7486470281379534,-0.0005693325995224448,-0.18036891076713943,analytic,-3.748647028504034,-0.0005693325995833239,-0.18036891076249342,0.14038693829019433,0.04568897596341367,0.03859897634250299,0.14038693829019433,0.04568897596341367,0.03859897634250299,1.4630098847005315,0.4761370557006301,0.40225027068880925,defined,3.660804992478006e-10
0.07,150.0,0.4,p_star_sensitivity,1.0,0.0,0.0,-2.2897634910840576,3.0874502621087907,1.6897975628980855,PASS,outside_supported_boundary,observed_or_interpolated,observed_or_interpolated,within_registered_support,in_support,modeled_scenario,-4.2458994223739035,-0.0005693325995224448,-0.36030691448978786,analytic,-4.245899422526479,-0.0005693325995833239,-0.36030691448160673,0.09626485751833655,0.027660328972933395,0.046680190305059016,0.09626485751833655,0.027660328972933395,0.046680190305059016,0.21265151188467513,0.0611023682676865,0.10311772436316473,defined,1.5257572982818601e-10
0.07,150.0,0.4,p_star_sensitivity,1.0,0.25,0.12055625000000003,-2.2897634910840576,2.789139073735611,1.6897975628980855,PASS,outside_supported_boundary,observed_or_interpolated,observed_or_interpolated,within_registered_support,in_support,modeled_scenario,-4.121586323814916,-0.0005693325995224448,-0.36030691448978786,analytic,-4.121586323981217,-0.0005693325995833239,-0.36030691448160673,0.10344089521942348,0.030618727743510807,0.051672850289108396,0.10344089521942348,0.030618727743510807,0.051672850289108396,0.2624398695350684,0.07768276654307112,0.13109917561726908,defined,1.6630075094781205e-10
0.07,150.0,0.4,p_star_sensitivity,1.0,0.5,0.24111250000000006,-2.2897634910840576,2.4908278853624313,1.6897975628980855,PASS,outside_supported_boundary,observed_or_interpolated,observed_or_interpolated,within_registered_support,in_support,modeled_scenario,-3.9972732252559284,-0.0005693325995224448,-0.36030691448978786,analytic,-3.9972732257531614,-0.0005693325995833239,-0.36030691448160673,0.11233579302971683,0.03428574508875484,0.05786139084101024,0.11233579302971683,0.03428574508875484,0.05786139084101024,0.34931152786063946,0.10661255578286773,0.1799217354834375,defined,4.972329215036098e-10
0.07,150.0,0.4,p_star_sensitivity,1.0,1.0,0.4822250000000001,-2.2897634910840576,1.8942055086160718,1.6897975628980855,PASS,outside_supported_boundary,observed_or_interpolated,observed_or_interpolated,within_registered_support,in_support,modeled_scenario,-3.7486470281379534,-0.0005693325995224448,-0.36030691448978786,analytic,-3.748647028504034,-0.0005693325995833239,-0.36030691448160673,0.1385305294497843,0.04508480708616074,0.07608612958682631,0.1385305294497843,0.04508480708616074,0.07608612958682631,1.283733325891904,0.41779143974824473,0.7050741852837914,defined,3.660804992478006e-10
0.07,150.0,0.4,p_star_sensitivity,1.5,0.0,0.0,-2.2897634910840576,3.112470100857275,1.6897975628980855,PASS,outside_supported_boundary,observed_or_interpolated,observed_or_interpolated,within_registered_support,in_support,modeled_scenario,-4.2458994223739035,-0.0005693325995224448,-0.5398855613428658,analytic,-4.245899422526479,-0.0005693325995833239,-0.5398855613453365,0.09549102479570534,0.027437979215921365,0.06938354989455282,0.09549102479570534,0.027437979215921365,0.06938354989455282,0.2089117148512635,0.06002779111769735,0.15179475162142297,defined,1.5257572982818601e-10
0.07,150.0,0.4,p_star_sensitivity,1.5,0.25,0.12055625000000003,-2.2897634910840576,2.8141589124840953,1.6897975628980855,PASS,outside_supported_boundary,observed_or_interpolated,observed_or_interpolated,within_registered_support,in_support,modeled_scenario,-4.121586323814916,-0.0005693325995224448,-0.5398855613428658,analytic,-4.121586323981217,-0.0005693325995833239,-0.5398855613453365,0.10252123339545623,0.030346505863137262,0.07673846120776064,0.10252123339545623,0.030346505863137262,0.07673846120776064,0.2565999291819441,0.07595413162231417,0.19206834583708254,defined,1.6630075094781205e-10
0.07,150.0,0.4,p_star_sensitivity,1.5,0.5,0.24111250000000006,-2.2897634910840576,2.5158477241109156,1.6897975628980855,PASS,outside_supported_boundary,observed_or_interpolated,observed_or_interpolated,within_registered_support,in_support,modeled_scenario,-3.9972732252559284,-0.0005693325995224448,-0.5398855613428658,analytic,-3.9972732257531614,-0.0005693325995833239,-0.5398855613453365,0.11121862548402212,0.03394477699069738,0.08583755784124472,0.11121862548402212,0.03394477699069738,0.08583755784124472,0.33873139785106715,0.10338341900703954,0.2614299163395411,defined,4.972329215036098e-10
0.07,150.0,0.4,p_star_sensitivity,1.5,1.0,0.4822250000000001,-2.2897634910840576,1.9192253473645562,1.6897975628980855,PASS,outside_supported_boundary,observed_or_interpolated,observed_or_interpolated,within_registered_support,in_support,modeled_scenario,-3.7486470281379534,-0.0005693325995224448,-0.5398855613428658,analytic,-3.748647028504034,-0.0005693325995833239,-0.5398855613453365,0.13672458648777872,0.04449706234589289,0.11252155711400898,0.13672458648777872,0.04449706234589289,0.11252155711400898,1.1437380725508035,0.3722299377823578,0.9412731986247064,defined,3.660804992478006e-10
0.07,150.0,0.5389559587975633,p_ref,0.5,0.0,0.0,0.0,3.037322179791027,1.6897975628980855,PASS,outside_supported_boundary,observed_or_interpolated,observed_or_interpolated,within_registered_support,in_support,modeled_scenario,-4.2458994223739035,-0.0005693325995224448,-0.18061496517287273,analytic,-4.245899422526479,-0.0005693325995833239,-0.18061496516257367,0.0978536164369966,0.028116836108369066,0.0320491228655502,0.0978536164369966,0.028116836108369066,0.0320491228655502,0.22056217441292697,0.06337538392019108,0.0722387632122324,defined,1.5257572982818601e-10
0.07,150.0,0.5389559587975633,p_ref,0.5,0.25,0.12055625000000003,0.0,3.037322179791027,1.6897975628980855,PASS,outside_supported_boundary,observed_or_interpolated,observed_or_interpolated,within_registered_support,in_support,modeled_scenario,-4.2458994223739035,-0.0005693325995224448,-0.18061496517287273,analytic,-4.245899422526479,-0.0005693325995833239,-0.18061496516257367,0.0978536164369966,0.028116836108369066,0.0320491228655502,0.0978536164369966,0.028116836108369066,0.0320491228655502,0.22056217441292697,0.06337538392019108,0.0722387632122324,defined,1.5257572982818601e-10
0.07,150.0,0.5389559587975633,p_ref,0.5,0.5,0.24111250000000006,0.0,3.037322179791027,1.6897975628980855,PASS,outside_supported_boundary,observed_or_interpolated,observed_or_interpolated,within_registered_support,in_support,modeled_scenario,-4.2458994223739035,-0.0005693325995224448,-0.18061496517287273,analytic,-4.245899422526479,-0.0005693325995833239,-0.18061496516257367,0.0978536164369966,0.028116836108369066,0.0320491228655502,0.0978536164369966,0.028116836108369066,0.0320491228655502,0.22056217441292697,0.06337538392019108,0.0722387632122324,defined,1.5257572982818601e-10
0.07,150.0,0.5389559587975633,p_ref,0.5,1.0,0.4822250000000001,0.0,3.037322179791027,1.6897975628980855,PASS,outside_supported_boundary,observed_or_interpolated,observed_or_interpolated,within_registered_support,in_support,modeled_scenario,-4.2458994223739035,-0.0005693325995224448,-0.18061496517287273,analytic,-4.245899422526479,-0.0005693325995833239,-0.18061496516257367,0.0978536164369966,0.028116836108369066,0.0320491228655502,0.0978536164369966,0.028116836108369066,0.0320491228655502,0.22056217441292697,0.06337538392019108,0.0722387632122324,defined,1.5257572982818601e-10
0.07,150.0,0.5389559587975633,p_ref,1.0,0.0,0.0,0.0,3.037322179791027,1.6897975628980855,PASS,outside_supported_boundary,observed_or_interpolated,observed_or_interpolated,within_registered_support,in_support,modeled_scenario,-4.2458994223739035,-0.0005693325995224448,-0.36122993034574546,analytic,-4.245899422526479,-0.0005693325995833239,-0.3612299303473518,0.0978536164369966,0.028116836108369066,0.06409824573504046,0.0978536164369966,0.028116836108369066,0.06409824573504046,0.22056217441292697,0.06337538392019108,0.1444775264333457,defined,1.5257572982818601e-10
0.07,150.0,0.5389559587975633,p_ref,1.0,0.25,0.12055625000000003,0.0,3.037322179791027,1.6897975628980855,PASS,outside_supported_boundary,observed_or_interpolated,observed_or_interpolated,within_registered_support,in_support,modeled_scenario,-4.2458994223739035,-0.0005693325995224448,-0.36122993034574546,analytic,-4.245899422526479,-0.0005693325995833239,-0.3612299303473518,0.0978536164369966,0.028116836108369066,0.06409824573504046,0.0978536164369966,0.028116836108369066,0.06409824573504046,0.22056217441292697,0.06337538392019108,0.1444775264333457,defined,1.5257572982818601e-10
0.07,150.0,0.5389559587975633,p_ref,1.0,0.5,0.24111250000000006,0.0,3.037322179791027,1.6897975628980855,PASS,outside_supported_boundary,observed_or_interpolated,observed_or_interpolated,within_registered_support,in_support,modeled_scenario,-4.2458994223739035,-0.0005693325995224448,-0.36122993034574546,analytic,-4.245899422526479,-0.0005693325995833239,-0.3612299303473518,0.0978536164369966,0.028116836108369066,0.06409824573504046,0.0978536164369966,0.028116836108369066,0.06409824573504046,0.22056217441292697,0.06337538392019108,0.1444775264333457,defined,1.5257572982818601e-10
0.07,150.0,0.5389559587975633,p_ref,1.0,1.0,0.4822250000000001,0.0,3.037322179791027,1.6897975628980855,PASS,outside_supported_boundary,observed_or_interpolated,observed_or_interpolated,within_registered_support,in_support,modeled_scenario,-4.2458994223739035,-0.0005693325995224448,-0.36122993034574546,analytic,-4.245899422526479,-0.0005693325995833239,-0.3612299303473518,0.0978536164369966,0.028116836108369066,0.06409824573504046,0.0978536164369966,0.028116836108369066,0.06409824573504046,0.22056217441292697,0.06337538392019108,0.1444775264333457,defined,1.5257572982818601e-10
0.07,150.0,0.5389559587975633,p_ref,1.5,0.0,0.0,0.0,3.037322179791027,1.6897975628980855,PASS,outside_supported_boundary,observed_or_interpolated,observed_or_interpolated,within_registered_support,in_support,modeled_scenario,-4.2458994223739035,-0.0005693325995224448,-0.5418448955186181,analytic,-4.245899422526479,-0.0005693325995833239,-0.5418448955099254,0.0978536164369966,0.028116836108369066,0.09614736860059066,0.0978536164369966,0.028116836108369066,0.09614736860059066,0.22056217441292697,0.06337538392019108,0.2167162896455781,defined,1.5257572982818601e-10
0.07,150.0,0.5389559587975633,p_ref,1.5,0.25,0.12055625000000003,0.0,3.037322179791027,1.6897975628980855,PASS,outside_supported_boundary,observed_or_interpolated,observed_or_interpolated,within_registered_support,in_support,modeled_scenario,-4.2458994223739035,-0.0005693325995224448,-0.5418448955186181,analytic,-4.245899422526479,-0.0005693325995833239,-0.5418448955099254,0.0978536164369966,0.028116836108369066,0.09614736860059066,0.0978536164369966,0.028116836108369066,0.09614736860059066,0.22056217441292697,0.06337538392019108,0.2167162896455781,defined,1.5257572982818601e-10
0.07,150.0,0.5389559587975633,p_ref,1.5,0.5,0.24111250000000006,0.0,3.037322179791027,1.6897975628980855,PASS,outside_supported_boundary,observed_or_interpolated,observed_or_interpolated,within_registered_support,in_support,modeled_scenario,-4.2458994223739035,-0.0005693325995224448,-0.5418448955186181,analytic,-4.245899422526479,-0.0005693325995833239,-0.5418448955099254,0.0978536164369966,0.028116836108369066,0.09614736860059066,0.0978536164369966,0.028116836108369066,0.09614736860059066,0.22056217441292697,0.06337538392019108,0.2167162896455781,defined,1.5257572982818601e-10
0.07,150.0,0.5389559587975633,p_ref,1.5,1.0,0.4822250000000001,0.0,3.037322179791027,1.6897975628980855,PASS,outside_supported_boundary,observed_or_interpolated,observed_or_interpolated,within_registered_support,in_support,modeled_scenario,-4.2458994223739035,-0.0005693325995224448,-0.5418448955186181,analytic,-4.245899422526479,-0.0005693325995833239,-0.5418448955099254,0.0978536164369966,0.028116836108369066,0.09614736860059066,0.0978536164369966,0.028116836108369066,0.09614736860059066,0.22056217441292697,0.06337538392019108,0.2167162896455781,defined,1.5257572982818601e-10
0.07,150.0,0.5389559587975633,p_star_sensitivity,0.5,0.0,0.0,-2.2897634910840576,3.037322179791027,1.6897975628980855,PASS,outside_supported_boundary,observed_or_interpolated,observed_or_interpolated,within_registered_support,in_support,modeled_scenario,-4.2458994223739035,-0.0005693325995224448,-0.18061496517287273,analytic,-4.245899422526479,-0.0005693325995833239,-0.18061496516257367,0.0978536164369966,0.028116836108369066,0.0320491228655502,0.0978536164369966,0.028116836108369066,0.0320491228655502,0.22056217441292697,0.06337538392019108,0.0722387632122324,defined,1.5257572982818601e-10
0.07,150.0,0.5389559587975633,p_star_sensitivity,0.5,0.25,0.12055625000000003,-2.2897634910840576,2.7390109914178473,1.6897975628980855,PASS,outside_supported_boundary,observed_or_interpolated,observed_or_interpolated,within_registered_support,in_support,modeled_scenario,-4.121586323814916,-0.0005693325995224448,-0.18061496517287273,analytic,-4.121586323981217,-0.0005693325995833239,-0.18061496516257367,0.1053340215072805,0.031179097201538206,0.035539657207433684,0.1053340215072805,0.031179097201538206,0.035539657207433684,0.2749784122432733,0.081394202186281,0.09277760756428398,defined,1.6630075094781205e-10
0.07,150.0,0.5389559587975633,p_star_sensitivity,0.5,0.5,0.24111250000000006,-2.2897634910840576,2.4406998030446676,1.6897975628980855,PASS,outside_supported_boundary,observed_or_interpolated,observed_or_interpolated,within_registered_support,in_support,modeled_scenario,-3.9972732252559284,-0.0005693325995224448,-0.18061496517287273,analytic,-3.9972732254359546,-0.0005693325995833239,-0.18061496516257367,0.11464299109274605,0.034989919625087,0.03988344310142179,0.11464299109274605,0.034989919625087,0.03988344310142179,0.3726305647002676,0.11372970457622798,0.1296353992809785,defined,1.8002621615664793e-10
0.07,150.0,0.5389559587975633,p_star_sensitivity,0.5,1.0,0.4822250000000001,-2.2897634910840576,1.8440774262983082,1.6897975628980855,PASS,outside_supported_boundary,observed_or_interpolated,observed_or_interpolated,within_registered_support,in_support,modeled_scenario,-3.7486470281379534,-0.0005693325995224448,-0.18061496517287273,analytic,-3.748647028504034,-0.0005693325995833239,-0.18061496516257367,0.1422962443187753,0.04631036024822736,0.05278710662262429,0.1422962443187753,0.04631036024822736,0.05278710662262429,1.7008395406377033,0.553538796673418,0.6309540958683716,defined,3.660804992478006e-10
0.07,150.0,0.5389559587975633,p_star_sensitivity,1.0,0.0,0.0,-2.2897634910840576,3.037322179791027,1.6897975628980855,PASS,outside_supported_boundary,observed_or_interpolated,observed_or_interpolated,within_registered_support,in_support,modeled_scenario,-4.2458994223739035,-0.0005693325995224448,-0.36122993034574546,analytic,-4.245899422526479,-0.0005693325995833239,-0.3612299303473518,0.0978536164369966,0.028116836108369066,0.06409824573504046,0.0978536164369966,0.028116836108369066,0.06409824573504046,0.22056217441292697,0.06337538392019108,0.1444775264333457,defined,1.5257572982818601e-10
0.07,150.0,0.5389559587975633,p_star_sensitivity,1.0,0.25,0.12055625000000003,-2.2897634910840576,2.7390109914178473,1.6897975628980855,PASS,outside_supported_boundary,observed_or_interpolated,observed_or_interpolated,within_registered_support,in_support,modeled_scenario,-4.121586323814916,-0.0005693325995224448,-0.36122993034574546,analytic,-4.121586323981217,-0.0005693325995833239,-0.3612299303473518,0.1053340215072805,0.031179097201538206,0.07107931441923655,0.1053340215072805,0.031179097201538206,0.07107931441923655,0.2749784122432733,0.081394202186281,0.18555521513997386,defined,1.6630075094781205e-10
0.07,150.0,0.5389559587975633,p_star_sensitivity,1.0,0.5,0.24111250000000006,-2.2897634910840576,2.4406998030446676,1.6897975628980855,PASS,outside_supported_boundary,observed_or_interpolated,observed_or_interpolated,within_registered_support,in_support,modeled_scenario,-3.9972732252559284,-0.0005693325995224448,-0.36122993034574546,analytic,-3.9972732254359546,-0.0005693325995833239,-0.3612299303473518,0.11464299109274605,0.034989919625087,0.07976688620774679,0.11464299109274605,0.034989919625087,0.07976688620774679,0.3726305647002676,0.11372970457622798,0.25927079857789415,defined,1.8002621615664793e-10
0.07,150.0,0.5389559587975633,p_star_sensitivity,1.0,1.0,0.4822250000000001,-2.2897634910840576,1.8440774262983082,1.6897975628980855,PASS,outside_supported_boundary,observed_or_interpolated,observed_or_interpolated,within_registered_support,in_support,modeled_scenario,-3.7486470281379534,-0.0005693325995224448,-0.36122993034574546,analytic,-3.748647028504034,-0.0005693325995833239,-0.3612299303473518,0.1422962443187753,0.04631036024822736,0.10557421325173813,0.1422962443187753,0.04631036024822736,0.10557421325173813,1.7008395406377033,0.553538796673418,1.2619081918143114,defined,3.660804992478006e-10
0.07,150.0,0.5389559587975633,p_star_sensitivity,1.5,0.0,0.0,-2.2897634910840576,3.037322179791027,1.6897975628980855,PASS,outside_supported_boundary,observed_or_interpolated,observed_or_interpolated,within_registered_support,in_support,modeled_scenario,-4.2458994223739035,-0.0005693325995224448,-0.5418448955186181,analytic,-4.245899422526479,-0.0005693325995833239,-0.5418448955099254,0.0978536164369966,0.028116836108369066,0.09614736860059066,0.0978536164369966,0.028116836108369066,0.09614736860059066,0.22056217441292697,0.06337538392019108,0.2167162896455781,defined,1.5257572982818601e-10
0.07,150.0,0.5389559587975633,p_star_sensitivity,1.5,0.25,0.12055625000000003,-2.2897634910840576,2.7390109914178473,1.6897975628980855,PASS,outside_supported_boundary,observed_or_interpolated,observed_or_interpolated,within_registered_support,in_support,modeled_scenario,-4.121586323814916,-0.0005693325995224448,-0.5418448955186181,analytic,-4.121586323981217,-0.0005693325995833239,-0.5418448955099254,0.1053340215072805,0.031179097201538206,0.10661897162667024,0.1053340215072805,0.031179097201538206,0.10661897162667024,0.2749784122432733,0.081394202186281,0.27833282270425785,defined,1.6630075094781205e-10
0.07,150.0,0.5389559587975633,p_star_sensitivity,1.5,0.5,0.24111250000000006,-2.2897634910840576,2.4406998030446676,1.6897975628980855,PASS,outside_supported_boundary,observed_or_interpolated,observed_or_interpolated,within_registered_support,in_support,modeled_scenario,-3.9972732252559284,-0.0005693325995224448,-0.5418448955186181,analytic,-3.9972732254359546,-0.0005693325995833239,-0.5418448955099254,0.11464299109274605,0.034989919625087,0.11965032930916858,0.11464299109274605,0.034989919625087,0.11965032930916858,0.3726305647002676,0.11372970457622798,0.38890619785887265,defined,1.8002621615664793e-10
0.07,150.0,0.5389559587975633,p_star_sensitivity,1.5,1.0,0.4822250000000001,-2.2897634910840576,1.8440774262983082,1.6897975628980855,PASS,outside_supported_boundary,observed_or_interpolated,observed_or_interpolated,within_registered_support,in_support,modeled_scenario,-3.7486470281379534,-0.0005693325995224448,-0.5418448955186181,analytic,-3.748647028504034,-0.0005693325995833239,-0.5418448955099254,0.1422962443187753,0.04631036024822736,0.15836131987436242,0.1422962443187753,0.04631036024822736,0.15836131987436242,1.7008395406377033,0.553538796673418,1.8928622876826828,defined,3.660804992478006e-10
0.07,150.0,0.8,p_ref,0.5,0.0,0.0,0.0,2.9901016633357678,1.6897975628980855,PASS,outside_supported_boundary,observed_or_interpolated,observed_or_interpolated,within_registered_support,in_support,modeled_scenario,-4.2458994223739035,-0.0005693325995224448,-0.18119971651104547,analytic,-4.245899422526479,-0.0005693325995833239,-0.18119971649881747,0.09939894794255315,0.02856086499822423,0.048479881127966855,0.09939894794255315,0.02856086499822423,0.048479881127966855,0.22857188520501603,0.06567685967363557,0.11148143972649208,defined,1.5257572982818601e-10
0.07,150.0,0.8,p_ref,0.5,0.25,0.12055625000000003,0.0,2.9901016633357678,1.6897975628980855,PASS,outside_supported_boundary,observed_or_interpolated,observed_or_interpolated,within_registered_support,in_support,modeled_scenario,-4.2458994223739035,-0.0005693325995224448,-0.18119971651104547,analytic,-4.245899422526479,-0.0005693325995833239,-0.18119971649881747,0.09939894794255315,0.02856086499822423,0.048479881127966855,0.09939894794255315,0.02856086499822423,0.048479881127966855,0.22857188520501603,0.06567685967363557,0.11148143972649208,defined,1.5257572982818601e-10
0.07,150.0,0.8,p_ref,0.5,0.5,0.24111250000000006,0.0,2.9901016633357678,1.6897975628980855,PASS,outside_supported_boundary,observed_or_interpolated,observed_or_interpolated,within_registered_support,in_support,modeled_scenario,-4.2458994223739035,-0.0005693325995224448,-0.18119971651104547,analytic,-4.245899422526479,-0.0005693325995833239,-0.18119971649881747,0.09939894794255315,0.02856086499822423,0.048479881127966855,0.09939894794255315,0.02856086499822423,0.048479881127966855,0.22857188520501603,0.06567685967363557,0.11148143972649208,defined,1.5257572982818601e-10
0.07,150.0,0.8,p_ref,0.5,1.0,0.4822250000000001,0.0,2.9901016633357678,1.6897975628980855,PASS,outside_supported_boundary,observed_or_interpolated,observed_or_interpolated,within_registered_support,in_support,modeled_scenario,-4.2458994223739035,-0.0005693325995224448,-0.18119971651104547,analytic,-4.245899422526479,-0.0005693325995833239,-0.18119971649881747,0.09939894794255315,0.02856086499822423,0.048479881127966855,0.09939894794255315,0.02856086499822423,0.048479881127966855,0.22857188520501603,0.06567685967363557,0.11148143972649208,defined,1.5257572982818601e-10
0.07,150.0,0.8,p_ref,1.0,0.0,0.0,0.0,2.9426946254190414,1.6897975628980855,PASS,outside_supported_boundary,observed_or_interpolated,observed_or_interpolated,within_registered_support,in_support,modeled_scenario,-4.2458994223739035,-0.0005693325995224448,-0.3641718443337616,analytic,-4.245899422526479,-0.0005693325995833239,-0.3641718443264583,0.10100027267849115,0.029020982741400695,0.09900363868700106,0.10100027267849115,0.029020982741400695,0.09900363868700106,0.23722057339557565,0.06816193643687324,0.2325310547659567,defined,1.5257572982818601e-10
0.07,150.0,0.8,p_ref,1.0,0.25,0.12055625000000003,0.0,2.9426946254190414,1.6897975628980855,PASS,outside_supported_boundary,observed_or_interpolated,observed_or_interpolated,within_registered_support,in_support,modeled_scenario,-4.2458994223739035,-0.0005693325995224448,-0.3641718443337616,analytic,-4.245899422526479,-0.0005693325995833239,-0.3641718443264583,0.10100027267849115,0.029020982741400695,0.09900363868700106,0.10100027267849115,0.029020982741400695,0.09900363868700106,0.23722057339557565,0.06816193643687324,0.2325310547659567,defined,1.5257572982818601e-10
0.07,150.0,0.8,p_ref,1.0,0.5,0.24111250000000006,0.0,2.9426946254190414,1.6897975628980855,PASS,outside_supported_boundary,observed_or_interpolated,observed_or_interpolated,within_registered_support,in_support,modeled_scenario,-4.2458994223739035,-0.0005693325995224448,-0.3641718443337616,analytic,-4.245899422526479,-0.0005693325995833239,-0.3641718443264583,0.10100027267849115,0.029020982741400695,0.09900363868700106,0.10100027267849115,0.029020982741400695,0.09900363868700106,0.23722057339557565,0.06816193643687324,0.2325310547659567,defined,1.5257572982818601e-10
0.07,150.0,0.8,p_ref,1.0,1.0,0.4822250000000001,0.0,2.9426946254190414,1.6897975628980855,PASS,outside_supported_boundary,observed_or_interpolated,observed_or_interpolated,within_registered_support,in_support,modeled_scenario,-4.2458994223739035,-0.0005693325995224448,-0.3641718443337616,analytic,-4.245899422526479,-0.0005693325995833239,-0.3641718443264583,0.10100027267849115,0.029020982741400695,0.09900363868700106,0.10100027267849115,0.029020982741400695,0.09900363868700106,0.23722057339557565,0.06816193643687324,0.2325310547659567,defined,1.5257572982818601e-10
0.07,150.0,0.8,p_ref,1.5,0.0,0.0,0.0,2.8949597337253814,1.6897975628980855,PASS,outside_supported_boundary,observed_or_interpolated,observed_or_interpolated,within_registered_support,in_support,modeled_scenario,-4.2458994223739035,-0.0005693325995224448,-0.5518959115697479,analytic,-4.245899422526479,-0.0005693325995833239,-0.5518959116182635,0.10266566270833233,0.02949950872981631,0.15251221775248824,0.10266566270833233,0.02949950872981631,0.15251221775248824,0.24661656893265135,0.07086174126995287,0.36635462013508696,defined,1.5257572982818601e-10
0.07,150.0,0.8,p_ref,1.5,0.25,0.12055625000000003,0.0,2.8949597337253814,1.6897975628980855,PASS,outside_supported_boundary,observed_or_interpolated,observed_or_interpolated,within_registered_support,in_support,modeled_scenario,-4.2458994223739035,-0.0005693325995224448,-0.5518959115697479,analytic,-4.245899422526479,-0.0005693325995833239,-0.5518959116182635,0.10266566270833233,0.02949950872981631,0.15251221775248824,0.10266566270833233,0.02949950872981631,0.15251221775248824,0.24661656893265135,0.07086174126995287,0.36635462013508696,defined,1.5257572982818601e-10
0.07,150.0,0.8,p_ref,1.5,0.5,0.24111250000000006,0.0,2.8949597337253814,1.6897975628980855,PASS,outside_supported_boundary,observed_or_interpolated,observed_or_interpolated,within_registered_support,in_support,modeled_scenario,-4.2458994223739035,-0.0005693325995224448,-0.5518959115697479,analytic,-4.245899422526479,-0.0005693325995833239,-0.5518959116182635,0.10266566270833233,0.02949950872981631,0.15251221775248824,0.10266566270833233,0.02949950872981631,0.15251221775248824,0.24661656893265135,0.07086174126995287,0.36635462013508696,defined,1.5257572982818601e-10
0.07,150.0,0.8,p_ref,1.5,1.0,0.4822250000000001,0.0,2.8949597337253814,1.6897975628980855,PASS,outside_supported_boundary,observed_or_interpolated,observed_or_interpolated,within_registered_support,in_support,modeled_scenario,-4.2458994223739035,-0.0005693325995224448,-0.5518959115697479,analytic,-4.245899422526479,-0.0005693325995833239,-0.5518959116182635,0.10266566270833233,0.02949950872981631,0.15251221775248824,0.10266566270833233,0.02949950872981631,0.15251221775248824,0.24661656893265135,0.07086174126995287,0.36635462013508696,defined,1.5257572982818601e-10
0.07,150.0,0.8,p_star_sensitivity,0.5,0.0,0.0,-2.2897634910840576,2.9901016633357678,1.6897975628980855,PASS,outside_supported_boundary,observed_or_interpolated,observed_or_interpolated,within_registered_support,in_support,modeled_scenario,-4.2458994223739035,-0.0005693325995224448,-0.18119971651104547,analytic,-4.245899422526479,-0.0005693325995833239,-0.18119971649881747,0.09939894794255315,0.02856086499822423,0.048479881127966855,0.09939894794255315,0.02856086499822423,0.048479881127966855,0.22857188520501603,0.06567685967363557,0.11148143972649208,defined,1.5257572982818601e-10
0.07,150.0,0.8,p_star_sensitivity,0.5,0.25,0.12055625000000003,-2.2897634910840576,2.691790474962588,1.6897975628980855,PASS,outside_supported_boundary,observed_or_interpolated,observed_or_interpolated,within_registered_support,in_support,modeled_scenario,-4.121586323814916,-0.0005693325995224448,-0.18119971651104547,analytic,-4.121586323981217,-0.0005693325995833239,-0.18119971649881747,0.10718183505077418,0.031726053989653676,0.05385254704903015,0.10718183505077418,0.031726053989653676,0.05385254704903015,0.28793720914076937,0.08523003397453277,0.1446714557095812,defined,1.6630075094781205e-10
0.07,150.0,0.8,p_star_sensitivity,0.5,0.5,0.24111250000000006,-2.2897634910840576,2.3934792865894083,1.6897975628980855,PASS,outside_supported_boundary,observed_or_interpolated,observed_or_interpolated,within_registered_support,in_support,modeled_scenario,-3.9972732252559284,-0.0005693325995224448,-0.18119971651104547,analytic,-3.9972732254359546,-0.0005693325995833239,-0.18119971649881747,0.11690476176179125,0.035680229369851484,0.06056445694402253,0.11690476176179125,0.035680229369851484,0.06056445694402253,0.3976359145903553,0.12136152902979204,0.2060019015964127,defined,1.8002621615664793e-10
0.07,150.0,0.8,p_star_sensitivity,0.5,1.0,0.4822250000000001,-2.2897634910840576,1.796856909843049,1.6897975628980855,PASS,outside_supported_boundary,observed_or_interpolated,observed_or_interpolated,within_registered_support,in_support,modeled_scenario,-3.7486470281379534,-0.0005693325995224448,-0.18119971651104547,analytic,-3.748647028504034,-0.0005693325995833239,-0.18119971649881747,0.14603571968243306,0.047527373754517856,0.08067407727625672,0.14603571968243306,0.047527373754517856,0.08067407727625672,2.4510264585321866,0.7976873797053942,1.3540132397180997,defined,3.660804992478006e-10
0.07,150.0,0.8,p_star_sensitivity,1.0,0.0,0.0,-2.2897634910840576,2.9426946254190414,1.6897975628980855,PASS,outside_supported_boundary,observed_or_interpolated,observed_or_interpolated,within_registered_support,in_support,modeled_scenario,-4.2458994223739035,-0.0005693325995224448,-0.3641718443337616,analytic,-4.245899422526479,-0.0005693325995833239,-0.3641718443264583,0.10100027267849115,0.029020982741400695,0.09900363868700106,0.10100027267849115,0.029020982741400695,0.09900363868700106,0.23722057339557565,0.06816193643687324,0.2325310547659567,defined,1.5257572982818601e-10
0.07,150.0,0.8,p_star_sensitivity,1.0,0.25,0.12055625000000003,-2.2897634910840576,2.6443834370458617,1.6897975628980855,PASS,outside_supported_boundary,observed_or_interpolated,observed_or_interpolated,within_registered_support,in_support,modeled_scenario,-4.121586323814916,-0.0005693325995224448,-0.3641718443337616,analytic,-4.121586323981217,-0.0005693325995833239,-0.3641718443264583,0.1091033314748755,0.03229482106910409,0.11017217525255359,0.1091033314748755,0.03229482106910409,0.11017217525255359,0.3022368657364207,0.08946276312096163,0.3051977651788148,defined,1.6630075094781205e-10
0.07,150.0,0.8,p_star_sensitivity,1.0,0.5,0.24111250000000006,-2.2897634910840576,2.346072248672682,1.6897975628980855,PASS,outside_supported_boundary,observed_or_interpolated,observed_or_interpolated,within_registered_support,in_support,modeled_scenario,-3.9972732252559284,-0.0005693325995224448,-0.3641718443337616,analytic,-3.9972732254359546,-0.0005693325995833239,-0.3641718443264583,0.11926705408958406,0.03640121909536869,0.12418094780584625,0.11926705408958406,0.03640121909536869,0.12418094780584625,0.4263597725855601,0.13012827065956642,0.4439261208396345,defined,1.8002621615664793e-10
0.07,150.0,0.8,p_star_sensitivity,1.0,1.0,0.4822250000000001,-2.2897634910840576,1.7494498719263225,1.6897975628980855,PASS,outside_supported_boundary,observed_or_interpolated,observed_or_interpolated,within_registered_support,in_support,modeled_scenario,-3.7486470281379534,-0.0005693325995224448,-0.3641718443337616,analytic,-3.748647028504034,-0.0005693325995833239,-0.3641718443264583,0.1499930327848419,0.04881528262565455,0.16653090787927202,0.1499930327848419,0.04881528262565455,0.16653090787927202,4.398912569688965,1.431627565281231,4.8839262085103705,defined,3.660804992478006e-10
0.07,150.0,0.8,p_star_sensitivity,1.5,0.0,0.0,-2.2897634910840576,2.8949597337253814,1.6897975628980855,PASS,outside_supported_boundary,observed_or_interpolated,observed_or_interpolated,within_registered_support,in_support,modeled_scenario,-4.2458994223739035,-0.0005693325995224448,-0.5518959115697479,analytic,-4.245899422526479,-0.0005693325995833239,-0.5518959116182635,0.10266566270833233,0.02949950872981631,0.15251221775248824,0.10266566270833233,0.02949950872981631,0.15251221775248824,0.24661656893265135,0.07086174126995287,0.36635462013508696,defined,1.5257572982818601e-10
0.07,150.0,0.8,p_star_sensitivity,1.5,0.25,0.12055625000000003,-2.2897634910840576,2.5966485453522017,1.6897975628980855,PASS,outside_supported_boundary,observed_or_interpolated,observed_or_interpolated,within_registered_support,in_support,modeled_scenario,-4.121586323814916,-0.0005693325995224448,-0.5518959115697479,analytic,-4.121586323981217,-0.0005693325995833239,-0.5518959116182635,0.11110900749163666,0.03288850548926143,0.17003330315336332,0.11110900749163666,0.03288850548926143,0.17003330315336332,0.31814603309787226,0.09417191092012689,0.4868680057000987,defined,1.6630075094781205e-10
0.07,150.0,0.8,p_star_sensitivity,1.5,0.5,0.24111250000000006,-2.2897634910840576,2.298337356979022,1.6897975628980855,PASS,outside_supported_boundary,observed_or_interpolated,observed_or_interpolated,within_registered_support,in_support,modeled_scenario,-3.9972732252559284,-0.0005693325995224448,-0.5518959115697479,analytic,-3.9972732257531614,-0.0005693325995833239,-0.5518959116182635,0.12174414907066025,0.037157247467686734,0.19210266410800053,0.12174414907066025,0.037157247467686734,0.19210266410800053,0.459804155002403,0.14033575251471608,0.7255346874421306,defined,4.972329215036098e-10
0.07,150.0,0.8,p_star_sensitivity,1.5,1.0,0.4822250000000001,-2.2897634910840576,1.7017149802326625,1.6897975628980855,PASS,outside_supported_boundary,observed_or_interpolated,observed_or_interpolated,within_registered_support,in_support,modeled_scenario,-3.7486470281379534,-0.0005693325995224448,-0.5518959115697479,analytic,-3.748647028504034,-0.0005693325995833239,-0.5518959116182635,0.1542004948204697,0.050184602550670684,0.25945398284867044,0.1542004948204697,0.050184602550670684,0.25945398284867044,22.018637480617745,7.165972923489069,37.04802113572029,defined,3.660804992478006e-10
0.07,600.0,0.4,p_ref,0.5,0.0,0.0,0.0,2.9642767387636013,1.6897975628980855,PASS,outside_supported_boundary,observed_or_interpolated,observed_or_interpolated,within_registered_support,in_support,modeled_scenario,-4.2458994223739035,-9.656119614207528e-05,-0.18036891076713943,analytic,-4.245899422526479,-9.656119615009118e-05,-0.18036891076249342,0.10026491646013488,0.019544975991081077,0.024339011051677347,0.10026491646013488,0.019544975991081077,0.024339011051677347,0.23320346476042833,0.04545913247323881,0.056609449311716686,defined,1.5257572982818601e-10
0.07,600.0,0.4,p_ref,0.5,0.25,0.12055625000000003,0.0,2.9642767387636013,1.6897975628980855,PASS,outside_supported_boundary,observed_or_interpolated,observed_or_interpolated,within_registered_support,in_support,modeled_scenario,-4.2458994223739035,-9.656119614207528e-05,-0.18036891076713943,analytic,-4.245899422526479,-9.656119615009118e-05,-0.18036891076249342,0.10026491646013488,0.019544975991081077,0.024339011051677347,0.10026491646013488,0.019544975991081077,0.024339011051677347,0.23320346476042833,0.04545913247323881,0.056609449311716686,defined,1.5257572982818601e-10
0.07,600.0,0.4,p_ref,0.5,0.5,0.24111250000000006,0.0,2.9642767387636013,1.6897975628980855,PASS,outside_supported_boundary,observed_or_interpolated,observed_or_interpolated,within_registered_support,in_support,modeled_scenario,-4.2458994223739035,-9.656119614207528e-05,-0.18036891076713943,analytic,-4.245899422526479,-9.656119615009118e-05,-0.18036891076249342,0.10026491646013488,0.019544975991081077,0.024339011051677347,0.10026491646013488,0.019544975991081077,0.024339011051677347,0.23320346476042833,0.04545913247323881,0.056609449311716686,defined,1.5257572982818601e-10
0.07,600.0,0.4,p_ref,0.5,1.0,0.4822250000000001,0.0,2.9642767387636013,1.6897975628980855,PASS,outside_supported_boundary,observed_or_interpolated,observed_or_interpolated,within_registered_support,in_support,modeled_scenario,-4.2458994223739035,-9.656119614207528e-05,-0.18036891076713943,analytic,-4.245899422526479,-9.656119615009118e-05,-0.18036891076249342,0.10026491646013488,0.019544975991081077,0.024339011051677347,0.10026491646013488,0.019544975991081077,0.024339011051677347,0.23320346476042833,0.04545913247323881,0.056609449311716686,defined,1.5257572982818601e-10
0.07,600.0,0.4,p_ref,1.0,0.0,0.0,0.0,2.989324794477157,1.6897975628980855,PASS,outside_supported_boundary,observed_or_interpolated,observed_or_interpolated,within_registered_support,in_support,modeled_scenario,-4.2458994223739035,-9.656119614207528e-05,-0.36030691448978786,analytic,-4.245899422526479,-9.656119615009118e-05,-0.36030691448160673,0.09942477984525504,0.019381205346804087,0.048212481313142236,0.09942477984525504,0.019381205346804087,0.048212481313142236,0.22870852749711637,0.044582919297239426,0.11090399823135477,defined,1.5257572982818601e-10
0.07,600.0,0.4,p_ref,1.0,0.25,0.12055625000000003,0.0,2.989324794477157,1.6897975628980855,PASS,outside_supported_boundary,observed_or_interpolated,observed_or_interpolated,within_registered_support,in_support,modeled_scenario,-4.2458994223739035,-9.656119614207528e-05,-0.36030691448978786,analytic,-4.245899422526479,-9.656119615009118e-05,-0.36030691448160673,0.09942477984525504,0.019381205346804087,0.048212481313142236,0.09942477984525504,0.019381205346804087,0.048212481313142236,0.22870852749711637,0.044582919297239426,0.11090399823135477,defined,1.5257572982818601e-10
0.07,600.0,0.4,p_ref,1.0,0.5,0.24111250000000006,0.0,2.989324794477157,1.6897975628980855,PASS,outside_supported_boundary,observed_or_interpolated,observed_or_interpolated,within_registered_support,in_support,modeled_scenario,-4.2458994223739035,-9.656119614207528e-05,-0.36030691448978786,analytic,-4.245899422526479,-9.656119615009118e-05,-0.36030691448160673,0.09942477984525504,0.019381205346804087,0.048212481313142236,0.09942477984525504,0.019381205346804087,0.048212481313142236,0.22870852749711637,0.044582919297239426,0.11090399823135477,defined,1.5257572982818601e-10
0.07,600.0,0.4,p_ref,1.0,1.0,0.4822250000000001,0.0,2.989324794477157,1.6897975628980855,PASS,outside_supported_boundary,observed_or_interpolated,observed_or_interpolated,within_registered_support,in_support,modeled_scenario,-4.2458994223739035,-9.656119614207528e-05,-0.36030691448978786,analytic,-4.245899422526479,-9.656119615009118e-05,-0.36030691448160673,0.09942477984525504,0.019381205346804087,0.048212481313142236,0.09942477984525504,0.019381205346804087,0.048212481313142236,0.22870852749711637,0.044582919297239426,0.11090399823135477,defined,1.5257572982818601e-10
0.07,600.0,0.4,p_ref,1.5,0.0,0.0,0.0,3.014344633225641,1.6897975628980855,PASS,outside_supported_boundary,observed_or_interpolated,observed_or_interpolated,within_registered_support,in_support,modeled_scenario,-4.2458994223739035,-9.656119614207528e-05,-0.5398855613428658,analytic,-4.245899422526479,-9.656119615009118e-05,-0.5398855613453365,0.09859952850142649,0.01922033633826959,0.07164218124157976,0.09859952850142649,0.01922033633826959,0.07164218124157976,0.22438837111568552,0.04374077674395306,0.1630400529931563,defined,1.5257572982818601e-10
0.07,600.0,0.4,p_ref,1.5,0.25,0.12055625000000003,0.0,3.014344633225641,1.6897975628980855,PASS,outside_supported_boundary,observed_or_interpolated,observed_or_interpolated,within_registered_support,in_support,modeled_scenario,-4.2458994223739035,-9.656119614207528e-05,-0.5398855613428658,analytic,-4.245899422526479,-9.656119615009118e-05,-0.5398855613453365,0.09859952850142649,0.01922033633826959,0.07164218124157976,0.09859952850142649,0.01922033633826959,0.07164218124157976,0.22438837111568552,0.04374077674395306,0.1630400529931563,defined,1.5257572982818601e-10
0.07,600.0,0.4,p_ref,1.5,0.5,0.24111250000000006,0.0,3.014344633225641,1.6897975628980855,PASS,outside_supported_boundary,observed_or_interpolated,observed_or_interpolated,within_registered_support,in_support,modeled_scenario,-4.2458994223739035,-9.656119614207528e-05,-0.5398855613428658,analytic,-4.245899422526479,-9.656119615009118e-05,-0.5398855613453365,0.09859952850142649,0.01922033633826959,0.07164218124157976,0.09859952850142649,0.01922033633826959,0.07164218124157976,0.22438837111568552,0.04374077674395306,0.1630400529931563,defined,1.5257572982818601e-10
0.07,600.0,0.4,p_ref,1.5,1.0,0.4822250000000001,0.0,3.014344633225641,1.6897975628980855,PASS,outside_supported_boundary,observed_or_interpolated,observed_or_interpolated,within_registered_support,in_support,modeled_scenario,-4.2458994223739035,-9.656119614207528e-05,-0.5398855613428658,analytic,-4.245899422526479,-9.656119615009118e-05,-0.5398855613453365,0.09859952850142649,0.01922033633826959,0.07164218124157976,0.09859952850142649,0.01922033633826959,0.07164218124157976,0.22438837111568552,0.04374077674395306,0.1630400529931563,defined,1.5257572982818601e-10
0.07,600.0,0.4,p_star_sensitivity,0.5,0.0,0.0,-2.2897634910840576,2.9642767387636013,1.6897975628980855,PASS,outside_supported_boundary,observed_or_interpolated,observed_or_interpolated,within_registered_support,in_support,modeled_scenario,-4.2458994223739035,-9.656119614207528e-05,-0.18036891076713943,analytic,-4.245899422526479,-9.656119615009118e-05,-0.18036891076249342,0.10026491646013488,0.019544975991081077,0.024339011051677347,0.10026491646013488,0.019544975991081077,0.024339011051677347,0.23320346476042833,0.04545913247323881,0.056609449311716686,defined,1.5257572982818601e-10
0.07,600.0,0.4,p_star_sensitivity,0.5,0.25,0.12055625000000003,-2.2897634910840576,2.6659655503904216,1.6897975628980855,PASS,outside_supported_boundary,observed_or_interpolated,observed_or_interpolated,within_registered_support,in_support,modeled_scenario,-4.121586323814916,-9.656119614207528e-05,-0.18036891076713943,analytic,-4.121586323981217,-9.656119615009118e-05,-0.18036891076249342,0.10822009408052319,0.02173198287636165,0.027062451836420618,0.10822009408052319,0.02173198287636165,0.027062451836420618,0.29555470613192003,0.059351175650502026,0.0739089636511603,defined,1.6630075094781205e-10
0.07,600.0,0.4,p_star_sensitivity,0.5,0.5,0.24111250000000006,-2.2897634910840576,2.367654362017242,1.6897975628980855,PASS,outside_supported_boundary,observed_or_interpolated,observed_or_interpolated,within_registered_support,in_support,modeled_scenario,-3.9972732252559284,-9.656119614207528e-05,-0.18036891076713943,analytic,-3.9972732254359546,-9.656119615009118e-05,-0.18036891076249342,0.11817988734728976,0.024470090997865335,0.030472169190915027,0.11817988734728976,0.024470090997865335,0.030472169190915027,0.4127850102619254,0.085470438247932,0.10643481690933808,defined,1.8002621615664793e-10
0.07,600.0,0.4,p_star_sensitivity,0.5,1.0,0.4822250000000001,-2.2897634910840576,1.7710319852708825,1.6897975628980855,PASS,outside_supported_boundary,observed_or_interpolated,observed_or_interpolated,within_registered_support,in_support,modeled_scenario,-3.7486470281379534,-9.656119614207528e-05,-0.18036891076713943,analytic,-3.748647028504034,-9.656119615009118e-05,-0.18036891076249342,0.14816519079137186,0.032713535482078365,0.04073758402164729,0.14816519079137186,0.032713535482078365,0.04073758402164729,3.2302229071201496,0.713204033435166,0.8881403005969728,defined,3.660804992478006e-10
0.07,600.0,0.4,p_star_sensitivity,1.0,0.0,0.0,-2.2897634910840576,2.989324794477157,1.6897975628980855,PASS,outside_supported_boundary,observed_or_interpolated,observed_or_interpolated,within_registered_support,in_support,modeled_scenario,-4.2458994223739035,-9.656119614207528e-05,-0.36030691448978786,analytic,-4.245899422526479,-9.656119615009118e-05,-0.36030691448160673,0.09942477984525504,0.019381205346804087,0.048212481313142236,0.09942477984525504,0.019381205346804087,0.048212481313142236,0.22870852749711637,0.044582919297239426,0.11090399823135477,defined,1.5257572982818601e-10
0.07,600.0,0.4,p_star_sensitivity,1.0,0.25,0.12055625000000003,-2.2897634910840576,2.691013606103977,1.6897975628980855,PASS,outside_supported_boundary,observed_or_interpolated,observed_or_interpolated,within_registered_support,in_support,modeled_scenario,-4.121586323814916,-9.656119614207528e-05,-0.36030691448978786,analytic,-4.121586323981217,-9.656119615009118e-05,-0.36030691448160673,0.1072127773803376,0.021529700763547946,0.05355705577472059,0.1072127773803376,0.021529700763547946,0.05355705577472059,0.28816062690613053,0.05786634970864176,0.14394771914677065,defined,1.6630075094781205e-10
0.07,600.0,0.4,p_star_sensitivity,1.0,0.5,0.24111250000000006,-2.2897634910840576,2.3927024177307974,1.6897975628980855,PASS,outside_supported_boundary,observed_or_interpolated,observed_or_interpolated,within_registered_support,in_support,modeled_scenario,-3.9972732252559284,-9.656119614207528e-05,-0.36030691448978786,analytic,-3.9972732254359546,-9.656119615009118e-05,-0.36030691448160673,0.11694271870460331,0.024213925334267437,0.06023430441021016,0.11694271870460331,0.024213925334267437,0.06023430441021016,0.39807539221949195,0.08242469416980108,0.2050387969321157,defined,1.8002621615664793e-10
0.07,600.0,0.4,p_star_sensitivity,1.0,1.0,0.4822250000000001,-2.2897634910840576,1.796080040984438,1.6897975628980855,PASS,outside_supported_boundary,observed_or_interpolated,observed_or_interpolated,within_registered_support,in_support,modeled_scenario,-3.7486470281379534,-9.656119614207528e-05,-0.36030691448978786,analytic,-3.748647028504034,-9.656119615009118e-05,-0.36030691448160673,0.14609888535449517,0.032257313910297326,0.08024295271030821,0.14609888535449517,0.032257313910297326,0.08024295271030821,2.4689421692076383,0.5451201245324956,1.3560350528856289,defined,3.660804992478006e-10
0.07,600.0,0.4,p_star_sensitivity,1.5,0.0,0.0,-2.2897634910840576,3.014344633225641,1.6897975628980855,PASS,outside_supported_boundary,observed_or_interpolated,observed_or_interpolated,within_registered_support,in_support,modeled_scenario,-4.2458994223739035,-9.656119614207528e-05,-0.5398855613428658,analytic,-4.245899422526479,-9.656119615009118e-05,-0.5398855613453365,0.09859952850142649,0.01922033633826959,0.07164218124157976,0.09859952850142649,0.01922033633826959,0.07164218124157976,0.22438837111568552,0.04374077674395306,0.1630400529931563,defined,1.5257572982818601e-10
0.07,600.0,0.4,p_star_sensitivity,1.5,0.25,0.12055625000000003,-2.2897634910840576,2.7160334448524615,1.6897975628980855,PASS,outside_supported_boundary,observed_or_interpolated,observed_or_interpolated,within_registered_support,in_support,modeled_scenario,-4.121586323814916,-9.656119614207528e-05,-0.5398855613428658,analytic,-4.121586323981217,-9.656119615009118e-05,-0.5398855613453365,0.1062251435914691,0.021331371231771378,0.07951088560688381,0.1062251435914691,0.021331371231771378,0.07951088560688381,0.28113521243209827,0.05645555637727198,0.210433320775014,defined,1.6630075094781205e-10
0.07,600.0,0.4,p_star_sensitivity,1.5,0.5,0.24111250000000006,-2.2897634910840576,2.4177222564792817,1.6897975628980855,PASS,outside_supported_boundary,observed_or_interpolated,observed_or_interpolated,within_registered_support,in_support,modeled_scenario,-3.9972732252559284,-9.656119614207528e-05,-0.5398855613428658,analytic,-3.9972732254359546,-9.656119615009118e-05,-0.5398855613453365,0.11573253504642775,0.0239633471275658,0.08932135358368663,0.11573253504642775,0.0239633471275658,0.08932135358368663,0.384392957469172,0.0795916366087561,0.2966711068361992,defined,1.8002621615664793e-10
0.07,600.0,0.4,p_star_sensitivity,1.5,1.0,0.4822250000000001,-2.2897634910840576,1.8210998797329223,1.6897975628980855,PASS,outside_supported_boundary,observed_or_interpolated,observed_or_interpolated,within_registered_support,in_support,modeled_scenario,-3.7486470281379534,-9.656119614207528e-05,-0.5398855613428658,analytic,-3.748647028504034,-9.656119615009118e-05,-0.5398855613453365,0.1440916530255145,0.031814135147025295,0.11858450321231469,0.1440916530255145,0.031814135147025295,0.11858450321231469,1.9984818114470742,0.4412467280598895,1.644709931583158,defined,3.660804992478006e-10
0.07,600.0,0.5389559587975633,p_ref,0.5,0.0,0.0,0.0,2.939196712159393,1.6897975628980855,PASS,outside_supported_boundary,observed_or_interpolated,observed_or_interpolated,within_registered_support,in_support,modeled_scenario,-4.2458994223739035,-9.656119614207528e-05,-0.18061496517287273,analytic,-4.245899422526479,-9.656119615009118e-05,-0.18061496516257367,0.1011204722526022,0.01971175234728991,0.03311908703479267,0.1011204722526022,0.01971175234728991,0.03311908703479267,0.23788471422649612,0.04637166411095213,0.07791226028922509,defined,1.5257572982818601e-10
0.07,600.0,0.5389559587975633,p_ref,0.5,0.25,0.12055625000000003,0.0,2.939196712159393,1.6897975628980855,PASS,outside_supported_boundary,observed_or_interpolated,observed_or_interpolated,within_registered_support,in_support,modeled_scenario,-4.2458994223739035,-9.656119614207528e-05,-0.18061496517287273,analytic,-4.245899422526479,-9.656119615009118e-05,-0.18061496516257367,0.1011204722526022,0.01971175234728991,0.03311908703479267,0.1011204722526022,0.01971175234728991,0.03311908703479267,0.23788471422649612,0.04637166411095213,0.07791226028922509,defined,1.5257572982818601e-10
0.07,600.0,0.5389559587975633,p_ref,0.5,0.5,0.24111250000000006,0.0,2.939196712159393,1.6897975628980855,PASS,outside_supported_boundary,observed_or_interpolated,observed_or_interpolated,within_registered_support,in_support,modeled_scenario,-4.2458994223739035,-9.656119614207528e-05,-0.18061496517287273,analytic,-4.245899422526479,-9.656119615009118e-05,-0.18061496516257367,0.1011204722526022,0.01971175234728991,0.03311908703479267,0.1011204722526022,0.01971175234728991,0.03311908703479267,0.23788471422649612,0.04637166411095213,0.07791226028922509,defined,1.5257572982818601e-10
0.07,600.0,0.5389559587975633,p_ref,0.5,1.0,0.4822250000000001,0.0,2.939196712159393,1.6897975628980855,PASS,outside_supported_boundary,observed_or_interpolated,observed_or_interpolated,within_registered_support,in_support,modeled_scenario,-4.2458994223739035,-9.656119614207528e-05,-0.18061496517287273,analytic,-4.245899422526479,-9.656119615009118e-05,-0.18061496516257367,0.1011204722526022,0.01971175234728991,0.03311908703479267,0.1011204722526022,0.01971175234728991,0.03311908703479267,0.23788471422649612,0.04637166411095213,0.07791226028922509,defined,1.5257572982818601e-10
0.07,600.0,0.5389559587975633,p_ref,1.0,0.0,0.0,0.0,2.939196712159393,1.6897975628980855,PASS,outside_supported_boundary,observed_or_interpolated,observed_or_interpolated,within_registered_support,in_support,modeled_scenario,-4.2458994223739035,-9.656119614207528e-05,-0.36122993034574546,analytic,-4.245899422526479,-9.656119615009118e-05,-0.3612299303473518,0.1011204722526022,0.01971175234728991,0.06623817407365692,0.1011204722526022,0.01971175234728991,0.06623817407365692,0.23788471422649612,0.04637166411095213,0.15582452058802856,defined,1.5257572982818601e-10
0.07,600.0,0.5389559587975633,p_ref,1.0,0.25,0.12055625000000003,0.0,2.939196712159393,1.6897975628980855,PASS,outside_supported_boundary,observed_or_interpolated,observed_or_interpolated,within_registered_support,in_support,modeled_scenario,-4.2458994223739035,-9.656119614207528e-05,-0.36122993034574546,analytic,-4.245899422526479,-9.656119615009118e-05,-0.3612299303473518,0.1011204722526022,0.01971175234728991,0.06623817407365692,0.1011204722526022,0.01971175234728991,0.06623817407365692,0.23788471422649612,0.04637166411095213,0.15582452058802856,defined,1.5257572982818601e-10
0.07,600.0,0.5389559587975633,p_ref,1.0,0.5,0.24111250000000006,0.0,2.939196712159393,1.6897975628980855,PASS,outside_supported_boundary,observed_or_interpolated,observed_or_interpolated,within_registered_support,in_support,modeled_scenario,-4.2458994223739035,-9.656119614207528e-05,-0.36122993034574546,analytic,-4.245899422526479,-9.656119615009118e-05,-0.3612299303473518,0.1011204722526022,0.01971175234728991,0.06623817407365692,0.1011204722526022,0.01971175234728991,0.06623817407365692,0.23788471422649612,0.04637166411095213,0.15582452058802856,defined,1.5257572982818601e-10
0.07,600.0,0.5389559587975633,p_ref,1.0,1.0,0.4822250000000001,0.0,2.939196712159393,1.6897975628980855,PASS,outside_supported_boundary,observed_or_interpolated,observed_or_interpolated,within_registered_support,in_support,modeled_scenario,-4.2458994223739035,-9.656119614207528e-05,-0.36122993034574546,analytic,-4.245899422526479,-9.656119615009118e-05,-0.3612299303473518,0.1011204722526022,0.01971175234728991,0.06623817407365692,0.1011204722526022,0.01971175234728991,0.06623817407365692,0.23788471422649612,0.04637166411095213,0.15582452058802856,defined,1.5257572982818601e-10
0.07,600.0,0.5389559587975633,p_ref,1.5,0.0,0.0,0.0,2.939196712159393,1.6897975628980855,PASS,outside_supported_boundary,observed_or_interpolated,observed_or_interpolated,within_registered_support,in_support,modeled_scenario,-4.2458994223739035,-9.656119614207528e-05,-0.5418448955186181,analytic,-4.245899422526479,-9.656119615009118e-05,-0.5418448955099254,0.1011204722526022,0.01971175234728991,0.09935726110844958,0.1011204722526022,0.01971175234728991,0.09935726110844958,0.23788471422649612,0.04637166411095213,0.23373678087725364,defined,1.5257572982818601e-10
0.07,600.0,0.5389559587975633,p_ref,1.5,0.25,0.12055625000000003,0.0,2.939196712159393,1.6897975628980855,PASS,outside_supported_boundary,observed_or_interpolated,observed_or_interpolated,within_registered_support,in_support,modeled_scenario,-4.2458994223739035,-9.656119614207528e-05,-0.5418448955186181,analytic,-4.245899422526479,-9.656119615009118e-05,-0.5418448955099254,0.1011204722526022,0.01971175234728991,0.09935726110844958,0.1011204722526022,0.01971175234728991,0.09935726110844958,0.23788471422649612,0.04637166411095213,0.23373678087725364,defined,1.5257572982818601e-10
0.07,600.0,0.5389559587975633,p_ref,1.5,0.5,0.24111250000000006,0.0,2.939196712159393,1.6897975628980855,PASS,outside_supported_boundary,observed_or_interpolated,observed_or_interpolated,within_registered_support,in_support,modeled_scenario,-4.2458994223739035,-9.656119614207528e-05,-0.5418448955186181,analytic,-4.245899422526479,-9.656119615009118e-05,-0.5418448955099254,0.1011204722526022,0.01971175234728991,0.09935726110844958,0.1011204722526022,0.01971175234728991,0.09935726110844958,0.23788471422649612,0.04637166411095213,0.23373678087725364,defined,1.5257572982818601e-10
0.07,600.0,0.5389559587975633,p_ref,1.5,1.0,0.4822250000000001,0.0,2.939196712159393,1.6897975628980855,PASS,outside_supported_boundary,observed_or_interpolated,observed_or_interpolated,within_registered_support,in_support,modeled_scenario,-4.2458994223739035,-9.656119614207528e-05,-0.5418448955186181,analytic,-4.245899422526479,-9.656119615009118e-05,-0.5418448955099254,0.1011204722526022,0.01971175234728991,0.09935726110844958,0.1011204722526022,0.01971175234728991,0.09935726110844958,0.23788471422649612,0.04637166411095213,0.23373678087725364,defined,1.5257572982818601e-10
0.07,600.0,0.5389559587975633,p_star_sensitivity,0.5,0.0,0.0,-2.2897634910840576,2.939196712159393,1.6897975628980855,PASS,outside_supported_boundary,observed_or_interpolated,observed_or_interpolated,within_registered_support,in_support,modeled_scenario,-4.2458994223739035,-9.656119614207528e-05,-0.18061496517287273,analytic,-4.245899422526479,-9.656119615009118e-05,-0.18061496516257367,0.1011204722526022,0.01971175234728991,0.03311908703479267,0.1011204722526022,0.01971175234728991,0.03311908703479267,0.23788471422649612,0.04637166411095213,0.07791226028922509,defined,1.5257572982818601e-10
0.07,600.0,0.5389559587975633,p_star_sensitivity,0.5,0.25,0.12055625000000003,-2.2897634910840576,2.6408855237862134,1.6897975628980855,PASS,outside_supported_boundary,observed_or_interpolated,observed_or_interpolated,within_registered_support,in_support,modeled_scenario,-4.121586323814916,-9.656119614207528e-05,-0.18061496517287273,analytic,-4.121586323981217,-9.656119615009118e-05,-0.18061496516257367,0.10924784133204289,0.021938367705916825,0.03686017846878228,0.10924784133204289,0.021938367705916825,0.03686017846878228,0.3033484331031517,0.060916255985359415,0.10234964138488706,defined,1.6630075094781205e-10
0.07,600.0,0.5389559587975633,p_star_sensitivity,0.5,0.5,0.24111250000000006,-2.2897634910840576,2.3425743354130337,1.6897975628980855,PASS,outside_supported_boundary,observed_or_interpolated,observed_or_interpolated,within_registered_support,in_support,modeled_scenario,-3.9972732252559284,-9.656119614207528e-05,-0.18061496517287273,analytic,-3.9972732257531614,-9.656119615009118e-05,-0.18061496516257367,0.11944514271022544,0.02473207223959428,0.0415540758945522,0.11944514271022544,0.02473207223959428,0.0415540758945522,0.4286444272897499,0.08875425739620352,0.14912220504928317,defined,4.972329215036098e-10
0.07,600.0,0.5389559587975633,p_star_sensitivity,0.5,1.0,0.4822250000000001,-2.2897634910840576,1.7459519586666743,1.6897975628980855,PASS,outside_supported_boundary,observed_or_interpolated,observed_or_interpolated,within_registered_support,in_support,modeled_scenario,-3.7486470281379534,-9.656119614207528e-05,-0.18061496517287273,analytic,-3.748647028504034,-9.656119615009118e-05,-0.18061496516257367,0.15029353510715876,0.03318345467781316,0.05575383173585223,0.15029353510715876,0.03318345467781316,0.05575383173585223,4.672925216338352,1.031739668766285,1.7334976254313927,defined,3.660804992478006e-10
0.07,600.0,0.5389559587975633,p_star_sensitivity,1.0,0.0,0.0,-2.2897634910840576,2.939196712159393,1.6897975628980855,PASS,outside_supported_boundary,observed_or_interpolated,observed_or_interpolated,within_registered_support,in_support,modeled_scenario,-4.2458994223739035,-9.656119614207528e-05,-0.36122993034574546,analytic,-4.245899422526479,-9.656119615009118e-05,-0.3612299303473518,0.1011204722526022,0.01971175234728991,0.06623817407365692,0.1011204722526022,0.01971175234728991,0.06623817407365692,0.23788471422649612,0.04637166411095213,0.15582452058802856,defined,1.5257572982818601e-10
0.07,600.0,0.5389559587975633,p_star_sensitivity,1.0,0.25,0.12055625000000003,-2.2897634910840576,2.6408855237862134,1.6897975628980855,PASS,outside_supported_boundary,observed_or_interpolated,observed_or_interpolated,within_registered_support,in_support,modeled_scenario,-4.121586323814916,-9.656119614207528e-05,-0.36122993034574546,analytic,-4.121586323981217,-9.656119615009118e-05,-0.3612299303473518,0.10924784133204289,0.021938367705916825,0.07372035694209607,0.10924784133204289,0.021938367705916825,0.07372035694209607,0.3033484331031517,0.060916255985359415,0.20469928278235677,defined,1.6630075094781205e-10
0.07,600.0,0.5389559587975633,p_star_sensitivity,1.0,0.5,0.24111250000000006,-2.2897634910840576,2.3425743354130337,1.6897975628980855,PASS,outside_supported_boundary,observed_or_interpolated,observed_or_interpolated,within_registered_support,in_support,modeled_scenario,-3.9972732252559284,-9.656119614207528e-05,-0.36122993034574546,analytic,-3.9972732257531614,-9.656119615009118e-05,-0.3612299303473518,0.11944514271022544,0.02473207223959428,0.08310815179421298,0.11944514271022544,0.02473207223959428,0.08310815179421298,0.4286444272897499,0.08875425739620352,0.2982444101168991,defined,4.972329215036098e-10
0.07,600.0,0.5389559587975633,p_star_sensitivity,1.0,1.0,0.4822250000000001,-2.2897634910840576,1.7459519586666743,1.6897975628980855,PASS,outside_supported_boundary,observed_or_interpolated,observed_or_interpolated,within_registered_support,in_support,modeled_scenario,-3.7486470281379534,-9.656119614207528e-05,-0.36122993034574546,analytic,-3.748647028504034,-9.656119615009118e-05,-0.3612299303473518,0.15029353510715876,0.03318345467781316,0.11150766347855873,0.15029353510715876,0.03318345467781316,0.11150766347855873,4.672925216338352,1.031739668766285,3.4669952510758986,defined,3.660804992478006e-10
0.07,600.0,0.5389559587975633,p_star_sensitivity,1.5,0.0,0.0,-2.2897634910840576,2.939196712159393,1.6897975628980855,PASS,outside_supported_boundary,observed_or_interpolated,observed_or_interpolated,within_registered_support,in_support,modeled_scenario,-4.2458994223739035,-9.656119614207528e-05,-0.5418448955186181,analytic,-4.245899422526479,-9.656119615009118e-05,-0.5418448955099254,0.1011204722526022,0.01971175234728991,0.09935726110844958,0.1011204722526022,0.01971175234728991,0.09935726110844958,0.23788471422649612,0.04637166411095213,0.23373678087725364,defined,1.5257572982818601e-10
0.07,600.0,0.5389559587975633,p_star_sensitivity,1.5,0.25,0.12055625000000003,-2.2897634910840576,2.6408855237862134,1.6897975628980855,PASS,outside_supported_boundary,observed_or_interpolated,observed_or_interpolated,within_registered_support,in_support,modeled_scenario,-4.121586323814916,-9.656119614207528e-05,-0.5418448955186181,analytic,-4.121586323981217,-9.656119615009118e-05,-0.5418448955099254,0.10924784133204289,0.021938367705916825,0.11058053541087834,0.10924784133204289,0.021938367705916825,0.11058053541087834,0.3033484331031517,0.060916255985359415,0.30704892416724383,defined,1.6630075094781205e-10
0.07,600.0,0.5389559587975633,p_star_sensitivity,1.5,0.5,0.24111250000000006,-2.2897634910840576,2.3425743354130337,1.6897975628980855,PASS,outside_supported_boundary,observed_or_interpolated,observed_or_interpolated,within_registered_support,in_support,modeled_scenario,-3.9972732252559284,-9.656119614207528e-05,-0.5418448955186181,analytic,-3.9972732257531614,-9.656119615009118e-05,-0.5418448955099254,0.11944514271022544,0.02473207223959428,0.12466222768876517,0.11944514271022544,0.02473207223959428,0.12466222768876517,0.4286444272897499,0.08875425739620352,0.44736661516618226,defined,4.972329215036098e-10
0.07,600.0,0.5389559587975633,p_star_sensitivity,1.5,1.0,0.4822250000000001,-2.2897634910840576,1.7459519586666743,1.6897975628980855,PASS,outside_supported_boundary,observed_or_interpolated,observed_or_interpolated,within_registered_support,in_support,modeled_scenario,-3.7486470281379534,-9.656119614207528e-05,-0.5418448955186181,analytic,-3.748647028504034,-9.656119615009118e-05,-0.5418448955099254,0.15029353510715876,0.03318345467781316,0.16726149521441094,0.15029353510715876,0.03318345467781316,0.16726149521441094,4.672925216338352,1.031739668766285,5.200492876507291,defined,3.660804992478006e-10
0.07,600.0,0.8,p_ref,0.5,0.0,0.0,0.0,2.891976195704134,1.6897975628980855,PASS,outside_supported_boundary,observed_or_interpolated,observed_or_interpolated,within_registered_support,in_support,modeled_scenario,-4.2458994223739035,-9.656119614207528e-05,-0.18119971651104547,analytic,-4.245899422526479,-9.656119615009118e-05,-0.18119971649881747,0.10277157883192348,0.020033608082983673,0.05012481548582021,0.10277157883192348,0.020033608082983673,0.05012481548582021,0.24722861600286314,0.048193102180515826,0.12058089309131885,defined,1.5257572982818601e-10
0.07,600.0,0.8,p_ref,0.5,0.25,0.12055625000000003,0.0,2.891976195704134,1.6897975628980855,PASS,outside_supported_boundary,observed_or_interpolated,observed_or_interpolated,within_registered_support,in_support,modeled_scenario,-4.2458994223739035,-9.656119614207528e-05,-0.18119971651104547,analytic,-4.245899422526479,-9.656119615009118e-05,-0.18119971649881747,0.10277157883192348,0.020033608082983673,0.05012481548582021,0.10277157883192348,0.020033608082983673,0.05012481548582021,0.24722861600286314,0.048193102180515826,0.12058089309131885,defined,1.5257572982818601e-10
0.07,600.0,0.8,p_ref,0.5,0.5,0.24111250000000006,0.0,2.891976195704134,1.6897975628980855,PASS,outside_supported_boundary,observed_or_interpolated,observed_or_interpolated,within_registered_support,in_support,modeled_scenario,-4.2458994223739035,-9.656119614207528e-05,-0.18119971651104547,analytic,-4.245899422526479,-9.656119615009118e-05,-0.18119971649881747,0.10277157883192348,0.020033608082983673,0.05012481548582021,0.10277157883192348,0.020033608082983673,0.05012481548582021,0.24722861600286314,0.048193102180515826,0.12058089309131885,defined,1.5257572982818601e-10
0.07,600.0,0.8,p_ref,0.5,1.0,0.4822250000000001,0.0,2.891976195704134,1.6897975628980855,PASS,outside_supported_boundary,observed_or_interpolated,observed_or_interpolated,within_registered_support,in_support,modeled_scenario,-4.2458994223739035,-9.656119614207528e-05,-0.18119971651104547,analytic,-4.245899422526479,-9.656119615009118e-05,-0.18119971649881747,0.10277157883192348,0.020033608082983673,0.05012481548582021,0.10277157883192348,0.020033608082983673,0.05012481548582021,0.24722861600286314,0.048193102180515826,0.12058089309131885,defined,1.5257572982818601e-10
0.07,600.0,0.8,p_ref,1.0,0.0,0.0,0.0,2.8445691577874075,1.6897975628980855,PASS,outside_supported_boundary,observed_or_interpolated,observed_or_interpolated,within_registered_support,in_support,modeled_scenario,-4.2458994223739035,-9.656119614207528e-05,-0.3641718443337616,analytic,-4.245899422526479,-9.656119615009118e-05,-0.3641718443264583,0.10448435003353368,0.02036748431003859,0.10241884071040756,0.10448435003353368,0.02036748431003859,0.10241884071040756,0.2573781351154032,0.05017158193573994,0.2522901297109665,defined,1.5257572982818601e-10
0.07,600.0,0.8,p_ref,1.0,0.25,0.12055625000000003,0.0,2.8445691577874075,1.6897975628980855,PASS,outside_supported_boundary,observed_or_interpolated,observed_or_interpolated,within_registered_support,in_support,modeled_scenario,-4.2458994223739035,-9.656119614207528e-05,-0.3641718443337616,analytic,-4.245899422526479,-9.656119615009118e-05,-0.3641718443264583,0.10448435003353368,0.02036748431003859,0.10241884071040756,0.10448435003353368,0.02036748431003859,0.10241884071040756,0.2573781351154032,0.05017158193573994,0.2522901297109665,defined,1.5257572982818601e-10
0.07,600.0,0.8,p_ref,1.0,0.5,0.24111250000000006,0.0,2.8445691577874075,1.6897975628980855,PASS,outside_supported_boundary,observed_or_interpolated,observed_or_interpolated,within_registered_support,in_support,modeled_scenario,-4.2458994223739035,-9.656119614207528e-05,-0.3641718443337616,analytic,-4.245899422526479,-9.656119615009118e-05,-0.3641718443264583,0.10448435003353368,0.02036748431003859,0.10241884071040756,0.10448435003353368,0.02036748431003859,0.10241884071040756,0.2573781351154032,0.05017158193573994,0.2522901297109665,defined,1.5257572982818601e-10
0.07,600.0,0.8,p_ref,1.0,1.0,0.4822250000000001,0.0,2.8445691577874075,1.6897975628980855,PASS,outside_supported_boundary,observed_or_interpolated,observed_or_interpolated,within_registered_support,in_support,modeled_scenario,-4.2458994223739035,-9.656119614207528e-05,-0.3641718443337616,analytic,-4.245899422526479,-9.656119615009118e-05,-0.3641718443264583,0.10448435003353368,0.02036748431003859,0.10241884071040756,0.10448435003353368,0.02036748431003859,0.10241884071040756,0.2573781351154032,0.05017158193573994,0.2522901297109665,defined,1.5257572982818601e-10
0.07,600.0,0.8,p_ref,1.5,0.0,0.0,0.0,2.7968342660937475,1.6897975628980855,PASS,outside_supported_boundary,observed_or_interpolated,observed_or_interpolated,within_registered_support,in_support,modeled_scenario,-4.2458994223739035,-9.656119614207528e-05,-0.5518959115697479,analytic,-4.245899422526479,-9.656119615009118e-05,-0.5518959116182635,0.10626763379582078,0.02071510578671976,0.157863029156627,0.10626763379582078,0.02071510578671976,0.157863029156627,0.2684761568599257,0.05233495648591404,0.3988275438565792,defined,1.5257572982818601e-10
0.07,600.0,0.8,p_ref,1.5,0.25,0.12055625000000003,0.0,2.7968342660937475,1.6897975628980855,PASS,outside_supported_boundary,observed_or_interpolated,observed_or_interpolated,within_registered_support,in_support,modeled_scenario,-4.2458994223739035,-9.656119614207528e-05,-0.5518959115697479,analytic,-4.245899422526479,-9.656119615009118e-05,-0.5518959116182635,0.10626763379582078,0.02071510578671976,0.157863029156627,0.10626763379582078,0.02071510578671976,0.157863029156627,0.2684761568599257,0.05233495648591404,0.3988275438565792,defined,1.5257572982818601e-10
0.07,600.0,0.8,p_ref,1.5,0.5,0.24111250000000006,0.0,2.7968342660937475,1.6897975628980855,PASS,outside_supported_boundary,observed_or_interpolated,observed_or_interpolated,within_registered_support,in_support,modeled_scenario,-4.2458994223739035,-9.656119614207528e-05,-0.5518959115697479,analytic,-4.245899422526479,-9.656119615009118e-05,-0.5518959116182635,0.10626763379582078,0.02071510578671976,0.157863029156627,0.10626763379582078,0.02071510578671976,0.157863029156627,0.2684761568599257,0.05233495648591404,0.3988275438565792,defined,1.5257572982818601e-10
0.07,600.0,0.8,p_ref,1.5,1.0,0.4822250000000001,0.0,2.7968342660937475,1.6897975628980855,PASS,outside_supported_boundary,observed_or_interpolated,observed_or_interpolated,within_registered_support,in_support,modeled_scenario,-4.2458994223739035,-9.656119614207528e-05,-0.5518959115697479,analytic,-4.245899422526479,-9.656119615009118e-05,-0.5518959116182635,0.10626763379582078,0.02071510578671976,0.157863029156627,0.10626763379582078,0.02071510578671976,0.157863029156627,0.2684761568599257,0.05233495648591404,0.3988275438565792,defined,1.5257572982818601e-10
0.07,600.0,0.8,p_star_sensitivity,0.5,0.0,0.0,-2.2897634910840576,2.891976195704134,1.6897975628980855,PASS,outside_supported_boundary,observed_or_interpolated,observed_or_interpolated,within_registered_support,in_support,modeled_scenario,-4.2458994223739035,-9.656119614207528e-05,-0.18119971651104547,analytic,-4.245899422526479,-9.656119615009118e-05,-0.18119971649881747,0.10277157883192348,0.020033608082983673,0.05012481548582021,0.10277157883192348,0.020033608082983673,0.05012481548582021,0.24722861600286314,0.048193102180515826,0.12058089309131885,defined,1.5257572982818601e-10
0.07,600.0,0.8,p_star_sensitivity,0.5,0.25,0.12055625000000003,-2.2897634910840576,2.593665007330954,1.6897975628980855,PASS,outside_supported_boundary,observed_or_interpolated,observed_or_interpolated,within_registered_support,in_support,modeled_scenario,-4.121586323814916,-9.656119614207528e-05,-0.18119971651104547,analytic,-4.121586323981217,-9.656119615009118e-05,-0.18119971649881747,0.11123681811768799,0.022337779754246393,0.05588993674561958,0.11123681811768799,0.022337779754246393,0.05588993674561958,0.3191961879539885,0.06409868841598458,0.16037724789391983,defined,1.6630075094781205e-10
0.07,600.0,0.8,p_star_sensitivity,0.5,0.5,0.24111250000000006,-2.2897634910840576,2.2953538189577745,1.6897975628980855,PASS,outside_supported_boundary,observed_or_interpolated,observed_or_interpolated,within_registered_support,in_support,modeled_scenario,-3.9972732252559284,-9.656119614207528e-05,-0.18119971651104547,analytic,-3.9972732257531614,-9.656119615009118e-05,-0.18119971649881747,0.12190239408483487,0.025240865792255672,0.06315356351678898,0.12190239408483487,0.025240865792255672,0.06315356351678898,0.4620695814843351,0.09567520293992958,0.23938283478779793,defined,4.972329215036098e-10
0.07,600.0,0.8,p_star_sensitivity,0.5,1.0,0.4822250000000001,-2.2897634910840576,1.698731442211415,1.6897975628980855,PASS,outside_supported_boundary,observed_or_interpolated,observed_or_interpolated,within_registered_support,in_support,modeled_scenario,-3.7486470281379534,-9.656119614207528e-05,-0.18119971651104547,analytic,-3.748647028504034,-9.656119615009118e-05,-0.18119971649881747,0.1544713222318898,0.03410587232943217,0.08533413204523065,0.1544713222318898,0.03410587232943217,0.08533413204523065,29.371931586737176,6.485057124469068,16.225848605629867,defined,3.660804992478006e-10
0.07,600.0,0.8,p_star_sensitivity,1.0,0.0,0.0,-2.2897634910840576,2.8445691577874075,1.6897975628980855,PASS,outside_supported_boundary,observed_or_interpolated,observed_or_interpolated,within_registered_support,in_support,modeled_scenario,-4.2458994223739035,-9.656119614207528e-05,-0.3641718443337616,analytic,-4.245899422526479,-9.656119615009118e-05,-0.3641718443264583,0.10448435003353368,0.02036748431003859,0.10241884071040756,0.10448435003353368,0.02036748431003859,0.10241884071040756,0.2573781351154032,0.05017158193573994,0.2522901297109665,defined,1.5257572982818601e-10
0.07,600.0,0.8,p_star_sensitivity,1.0,0.25,0.12055625000000003,-2.2897634910840576,2.5462579694142278,1.6897975628980855,PASS,outside_supported_boundary,observed_or_interpolated,observed_or_interpolated,within_registered_support,in_support,modeled_scenario,-4.121586323814916,-9.656119614207528e-05,-0.3641718443337616,analytic,-4.121586323981217,-9.656119615009118e-05,-0.3641718443264583,0.113307860454162,0.022753671617720326,0.11441789440061703,0.113307860454162,0.022753671617720326,0.11441789440061703,0.3368644253530329,0.06764669709102628,0.34016455780629906,defined,1.6630075094781205e-10
0.07,600.0,0.8,p_star_sensitivity,1.0,0.5,0.24111250000000006,-2.2897634910840576,2.247946781041048,1.6897975628980855,PASS,outside_supported_boundary,observed_or_interpolated,observed_or_interpolated,within_registered_support,in_support,modeled_scenario,-3.9972732252559284,-9.656119614207528e-05,-0.3641718443337616,analytic,-3.9972732257531614,-9.656119615009118e-05,-0.3641718443264583,0.12447319845941315,0.02577317140187082,0.12960158928951387,0.12447319845941315,0.02577317140187082,0.12960158928951387,0.5013159863121978,0.10380148499144717,0.5219705877766623,defined,4.972329215036098e-10
0.07,600.0,0.8,p_star_sensitivity,1.0,1.0,0.4822250000000001,-2.2897634910840576,1.6513244042946886,1.6897975628980855,VIOLATION,outside_supported_boundary,observed_or_interpolated,observed_or_interpolated,within_registered_support,in_support,modeled_scenario,-3.7486470281379534,-9.656119614207528e-05,-0.3641718443337616,analytic,-3.748647028504034,-9.656119615009118e-05,-0.3641718443264583,0.1589059613682392,0.03508500058460685,0.17642655477232067,0.1589059613682392,0.03508500058460685,0.17642655477232067,,,,undefined_L_le_E,3.660804992478006e-10
0.07,600.0,0.8,p_star_sensitivity,1.5,0.0,0.0,-2.2897634910840576,2.7968342660937475,1.6897975628980855,PASS,outside_supported_boundary,observed_or_interpolated,observed_or_interpolated,within_registered_support,in_support,modeled_scenario,-4.2458994223739035,-9.656119614207528e-05,-0.5518959115697479,analytic,-4.245899422526479,-9.656119615009118e-05,-0.5518959116182635,0.10626763379582078,0.02071510578671976,0.157863029156627,0.10626763379582078,0.02071510578671976,0.157863029156627,0.2684761568599257,0.05233495648591404,0.3988275438565792,defined,1.5257572982818601e-10
0.07,600.0,0.8,p_star_sensitivity,1.5,0.25,0.12055625000000003,-2.2897634910840576,2.498523077720568,1.6897975628980855,PASS,outside_supported_boundary,observed_or_interpolated,observed_or_interpolated,within_registered_support,in_support,modeled_scenario,-4.121586323814916,-9.656119614207528e-05,-0.5518959115697479,analytic,-4.121586323981217,-9.656119615009118e-05,-0.5518959116182635,0.11547263471422375,0.023188386053616547,0.17671108713448896,0.11547263471422375,0.023188386053616547,0.17671108713448896,0.3567477931520613,0.07163953236070707,0.5459413870372632,defined,1.6630075094781205e-10
0.07,600.0,0.8,p_star_sensitivity,1.5,0.5,0.24111250000000006,-2.2897634910840576,2.200211889347388,1.6897975628980855,PASS,outside_supported_boundary,observed_or_interpolated,observed_or_interpolated,within_registered_support,in_support,modeled_scenario,-3.9972732252559284,-9.656119614207528e-05,-0.5518959115697479,analytic,-3.9972732254359546,-9.656119615009118e-05,-0.5518959116182635,0.12717371773839106,0.026332335522120782,0.20067009519959028,0.12717371773839106,0.026332335522120782,0.20067009519959028,0.5481999843676197,0.11350919182283048,0.865016333624532,defined,1.8002621615664793e-10
0.07,600.0,0.8,p_star_sensitivity,1.5,1.0,0.4822250000000001,-2.2897634910840576,1.6035895126010287,1.6897975628980855,VIOLATION,outside_supported_boundary,observed_or_interpolated,observed_or_interpolated,within_registered_support,in_support,modeled_scenario,-3.7486470281379534,-9.656119614207528e-05,-0.5518959115697479,analytic,-3.748647028504034,-9.656119615009118e-05,-0.5518959116182635,0.16363619862396078,0.03612939423386544,0.2753302673939722,0.16363619862396078,0.03612939423386544,0.2753302673939722,,,,undefined_L_le_E,3.660804992478006e-10
1.0,10.0,0.4,p_ref,0.5,0.0,0.0,0.0,2.8881384431817296,1.6897975628980855,PASS,observed_or_interpolated,observed_or_interpolated,observed_or_interpolated,within_registered_support,in_support,modeled_scenario,-0.12034501948003637,-0.018222985579871842,-0.18036891076713943,analytic,-0.12034501948310349,-0.01822298558051827,-0.18036891076249342,0.04166871562795477,0.06309595588652891,0.024980646088944305,0.04166871562795477,0.06309595588652891,0.024980646088944305,0.10042636570540607,0.15206846299197385,0.06020621134774291,defined,4.646005802300124e-12
1.0,10.0,0.4,p_ref,0.5,0.25,0.12055625000000003,0.0,2.8881384431817296,1.6897975628980855,PASS,observed_or_interpolated,observed_or_interpolated,observed_or_interpolated,within_registered_support,in_support,modeled_scenario,-0.12034501948003637,-0.018222985579871842,-0.18036891076713943,analytic,-0.12034501948310349,-0.01822298558051827,-0.18036891076249342,0.04166871562795477,0.06309595588652891,0.024980646088944305,0.04166871562795477,0.06309595588652891,0.024980646088944305,0.10042636570540607,0.15206846299197385,0.06020621134774291,defined,4.646005802300124e-12
1.0,10.0,0.4,p_ref,0.5,0.5,0.24111250000000006,0.0,2.8881384431817296,1.6897975628980855,PASS,observed_or_interpolated,observed_or_interpolated,observed_or_interpolated,within_registered_support,in_support,modeled_scenario,-0.12034501948003637,-0.018222985579871842,-0.18036891076713943,analytic,-0.12034501948310349,-0.01822298558051827,-0.18036891076249342,0.04166871562795477,0.06309595588652891,0.024980646088944305,0.04166871562795477,0.06309595588652891,0.024980646088944305,0.10042636570540607,0.15206846299197385,0.06020621134774291,defined,4.646005802300124e-12
1.0,10.0,0.4,p_ref,0.5,1.0,0.4822250000000001,0.0,2.8881384431817296,1.6897975628980855,PASS,observed_or_interpolated,observed_or_interpolated,observed_or_interpolated,within_registered_support,in_support,modeled_scenario,-0.12034501948003637,-0.018222985579871842,-0.18036891076713943,analytic,-0.12034501948310349,-0.01822298558051827,-0.18036891076249342,0.04166871562795477,0.06309595588652891,0.024980646088944305,0.04166871562795477,0.06309595588652891,0.024980646088944305,0.10042636570540607,0.15206846299197385,0.06020621134774291,defined,4.646005802300124e-12
1.0,10.0,0.4,p_ref,1.0,0.0,0.0,0.0,2.913186498895285,1.6897975628980855,PASS,observed_or_interpolated,observed_or_interpolated,observed_or_interpolated,within_registered_support,in_support,modeled_scenario,-0.12034501948003637,-0.018222985579871842,-0.36030691448978786,analytic,-0.12034501948310349,-0.01822298558051827,-0.36030691448160673,0.041310441171116145,0.06255344650069139,0.049472550366169744,0.041310441171116145,0.06255344650069139,0.049472550366169744,0.0983702042270055,0.14895496472399014,0.11780617067226165,defined,8.181122446160316e-12
1.0,10.0,0.4,p_ref,1.0,0.25,0.12055625000000003,0.0,2.913186498895285,1.6897975628980855,PASS,observed_or_interpolated,observed_or_interpolated,observed_or_interpolated,within_registered_support,in_support,modeled_scenario,-0.12034501948003637,-0.018222985579871842,-0.36030691448978786,analytic,-0.12034501948310349,-0.01822298558051827,-0.36030691448160673,0.041310441171116145,0.06255344650069139,0.049472550366169744,0.041310441171116145,0.06255344650069139,0.049472550366169744,0.0983702042270055,0.14895496472399014,0.11780617067226165,defined,8.181122446160316e-12
1.0,10.0,0.4,p_ref,1.0,0.5,0.24111250000000006,0.0,2.913186498895285,1.6897975628980855,PASS,observed_or_interpolated,observed_or_interpolated,observed_or_interpolated,within_registered_support,in_support,modeled_scenario,-0.12034501948003637,-0.018222985579871842,-0.36030691448978786,analytic,-0.12034501948310349,-0.01822298558051827,-0.36030691448160673,0.041310441171116145,0.06255344650069139,0.049472550366169744,0.041310441171116145,0.06255344650069139,0.049472550366169744,0.0983702042270055,0.14895496472399014,0.11780617067226165,defined,8.181122446160316e-12
1.0,10.0,0.4,p_ref,1.0,1.0,0.4822250000000001,0.0,2.913186498895285,1.6897975628980855,PASS,observed_or_interpolated,observed_or_interpolated,observed_or_interpolated,within_registered_support,in_support,modeled_scenario,-0.12034501948003637,-0.018222985579871842,-0.36030691448978786,analytic,-0.12034501948310349,-0.01822298558051827,-0.36030691448160673,0.041310441171116145,0.06255344650069139,0.049472550366169744,0.041310441171116145,0.06255344650069139,0.049472550366169744,0.0983702042270055,0.14895496472399014,0.11780617067226165,defined,8.181122446160316e-12
1.0,10.0,0.4,p_ref,1.5,0.0,0.0,0.0,2.9382063376437695,1.6897975628980855,PASS,observed_or_interpolated,observed_or_interpolated,observed_or_interpolated,within_registered_support,in_support,modeled_scenario,-0.12034501948003637,-0.018222985579871842,-0.5398855613428658,analytic,-0.12034501948310349,-0.01822298558051827,-0.5398855613453365,0.04095866853912362,0.0620207823632012,0.07349865861065237,0.04095866853912362,0.0620207823632012,0.07349865861065237,0.09639872926046937,0.1459697011840574,0.1729835843088552,defined,3.0671160056172653e-12
1.0,10.0,0.4,p_ref,1.5,0.25,0.12055625000000003,0.0,2.9382063376437695,1.6897975628980855,PASS,observed_or_interpolated,observed_or_interpolated,observed_or_interpolated,within_registered_support,in_support,modeled_scenario,-0.12034501948003637,-0.018222985579871842,-0.5398855613428658,analytic,-0.12034501948310349,-0.01822298558051827,-0.5398855613453365,0.04095866853912362,0.0620207823632012,0.07349865861065237,0.04095866853912362,0.0620207823632012,0.07349865861065237,0.09639872926046937,0.1459697011840574,0.1729835843088552,defined,3.0671160056172653e-12
1.0,10.0,0.4,p_ref,1.5,0.5,0.24111250000000006,0.0,2.9382063376437695,1.6897975628980855,PASS,observed_or_interpolated,observed_or_interpolated,observed_or_interpolated,within_registered_support,in_support,modeled_scenario,-0.12034501948003637,-0.018222985579871842,-0.5398855613428658,analytic,-0.12034501948310349,-0.01822298558051827,-0.5398855613453365,0.04095866853912362,0.0620207823632012,0.07349865861065237,0.04095866853912362,0.0620207823632012,0.07349865861065237,0.09639872926046937,0.1459697011840574,0.1729835843088552,defined,3.0671160056172653e-12
1.0,10.0,0.4,p_ref,1.5,1.0,0.4822250000000001,0.0,2.9382063376437695,1.6897975628980855,PASS,observed_or_interpolated,observed_or_interpolated,observed_or_interpolated,within_registered_support,in_support,modeled_scenario,-0.12034501948003637,-0.018222985579871842,-0.5398855613428658,analytic,-0.12034501948310349,-0.01822298558051827,-0.5398855613453365,0.04095866853912362,0.0620207823632012,0.07349865861065237,0.04095866853912362,0.0620207823632012,0.07349865861065237,0.09639872926046937,0.1459697011840574,0.1729835843088552,defined,3.0671160056172653e-12
1.0,10.0,0.4,p_star_sensitivity,0.5,0.0,0.0,-2.2897634910840576,2.8881384431817296,1.6897975628980855,PASS,observed_or_interpolated,observed_or_interpolated,observed_or_interpolated,within_registered_support,in_support,modeled_scenario,-0.12034501948003637,-0.018222985579871842,-0.18036891076713943,analytic,-0.12034501948310349,-0.01822298558051827,-0.18036891076249342,0.04166871562795477,0.06309595588652891,0.024980646088944305,0.04166871562795477,0.06309595588652891,0.024980646088944305,0.10042636570540607,0.15206846299197385,0.06020621134774291,defined,4.646005802300124e-12
1.0,10.0,0.4,p_star_sensitivity,0.5,0.25,0.12055625000000003,-2.2897634910840576,2.612093143309727,1.6897975628980855,PASS,observed_or_interpolated,observed_or_interpolated,observed_or_interpolated,within_registered_support,in_support,modeled_scenario,-0.11229261194889023,-0.018222985579871842,-0.18036891076713943,analytic,-0.11229261196454841,-0.01822298558051827,-0.18036891076249342,0.04298951293224745,0.06976391951103365,0.027620594039606393,0.04298951293224745,0.06976391951103365,0.027620594039606393,0.12175338833829136,0.19758292208648487,0.07822607614881584,defined,1.565818308346678e-11
1.0,10.0,0.4,p_star_sensitivity,0.5,0.5,0.24111250000000006,-2.2897634910840576,2.3360478434377248,1.6897975628980855,PASS,observed_or_interpolated,observed_or_interpolated,observed_or_interpolated,within_registered_support,in_support,modeled_scenario,-0.10424020441774409,-0.018222985579871842,-0.18036891076713943,analytic,-0.10424020442378888,-0.01822298558051827,-0.18036891076249342,0.04462246127219258,0.07800775841003903,0.0308844549171669,0.04462246127219258,0.07800775841003903,0.0308844549171669,0.16130005287849938,0.2819803121060389,0.11164028314966748,defined,6.044789668813166e-12
1.0,10.0,0.4,p_star_sensitivity,0.5,1.0,0.4822250000000001,-2.2897634910840576,1.7839572436937197,1.6897975628980855,PASS,observed_or_interpolated,observed_or_interpolated,observed_or_interpolated,within_registered_support,in_support,modeled_scenario,-0.08813538935545182,-0.018222985579871842,-0.18036891076713943,analytic,-0.08813538935337205,-0.01822298558051827,-0.18036891076249342,0.04940442920643431,0.10214922832336053,0.04044242907728796,0.04940442920643431,0.10214922832336053,0.04044242907728796,0.9360204772216957,1.9353278841364971,0.7662256678799464,defined,4.646005802300124e-12
1.0,10.0,0.4,p_star_sensitivity,1.0,0.0,0.0,-2.2897634910840576,2.913186498895285,1.6897975628980855,PASS,observed_or_interpolated,observed_or_interpolated,observed_or_interpolated,within_registered_support,in_support,modeled_scenario,-0.12034501948003637,-0.018222985579871842,-0.36030691448978786,analytic,-0.12034501948310349,-0.01822298558051827,-0.36030691448160673,0.041310441171116145,0.06255344650069139,0.049472550366169744,0.041310441171116145,0.06255344650069139,0.049472550366169744,0.0983702042270055,0.14895496472399014,0.11780617067226165,defined,8.181122446160316e-12
1.0,10.0,0.4,p_star_sensitivity,1.0,0.25,0.12055625000000003,-2.2897634910840576,2.6371411990232825,1.6897975628980855,PASS,observed_or_interpolated,observed_or_interpolated,observed_or_interpolated,within_registered_support,in_support,modeled_scenario,-0.11229261194889023,-0.018222985579871842,-0.36030691448978786,analytic,-0.11229261196454841,-0.01822298558051827,-0.36030691448160673,0.04258119057338993,0.06910128887777231,0.05465113731719083,0.04258119057338993,0.06910128887777231,0.05465113731719083,0.11853419148287632,0.19235876914794617,0.15213356621271062,defined,1.565818308346678e-11
1.0,10.0,0.4,p_star_sensitivity,1.0,0.5,0.24111250000000006,-2.2897634910840576,2.3610958991512803,1.6897975628980855,PASS,observed_or_interpolated,observed_or_interpolated,observed_or_interpolated,within_registered_support,in_support,modeled_scenario,-0.10424020441774409,-0.018222985579871842,-0.36030691448978786,analytic,-0.10424020442378888,-0.01822298558051827,-0.36030691448160673,0.04414907690164516,0.07718020088497339,0.0610406234852422,0.04414907690164516,0.07718020088497339,0.0610406234852422,0.15528148781896045,0.2714588223505603,0.21469257111086246,defined,8.181122446160316e-12
1.0,10.0,0.4,p_star_sensitivity,1.0,1.0,0.4822250000000001,-2.2897634910840576,1.8090052994072752,1.6897975628980855,PASS,observed_or_interpolated,observed_or_interpolated,observed_or_interpolated,within_registered_support,in_support,modeled_scenario,-0.08813538935545182,-0.018222985579871842,-0.36030691448978786,analytic,-0.08813538935337205,-0.01822298558051827,-0.36030691448160673,0.04872035995817691,0.10073483801561595,0.0796696205588037,0.04872035995817691,0.10073483801561595,0.0796696205588037,0.7393428642660094,1.5286747416023174,1.2090051368564683,defined,8.181122446160316e-12
1.0,10.0,0.4,p_star_sensitivity,1.5,0.0,0.0,-2.2897634910840576,2.9382063376437695,1.6897975628980855,PASS,observed_or_interpolated,observed_or_interpolated,observed_or_interpolated,within_registered_support,in_support,modeled_scenario,-0.12034501948003637,-0.018222985579871842,-0.5398855613428658,analytic,-0.12034501948310349,-0.01822298558051827,-0.5398855613453365,0.04095866853912362,0.0620207823632012,0.07349865861065237,0.04095866853912362,0.0620207823632012,0.07349865861065237,0.09639872926046937,0.1459697011840574,0.1729835843088552,defined,3.0671160056172653e-12
1.0,10.0,0.4,p_star_sensitivity,1.5,0.25,0.12055625000000003,-2.2897634910840576,2.662161037771767,1.6897975628980855,PASS,observed_or_interpolated,observed_or_interpolated,observed_or_interpolated,within_registered_support,in_support,modeled_scenario,-0.11229261194889023,-0.018222985579871842,-0.5398855613428658,analytic,-0.11229261196454841,-0.01822298558051827,-0.5398855613453365,0.042180998959603706,0.06845185291935209,0.08111989525580642,0.042180998959603706,0.06845185291935209,0.08111989525580642,0.11548419378785924,0.18740919472407783,0.22209207782736695,defined,1.565818308346678e-11
1.0,10.0,0.4,p_star_sensitivity,1.5,0.5,0.24111250000000006,-2.2897634910840576,2.3861157378997646,1.6897975628980855,PASS,observed_or_interpolated,observed_or_interpolated,observed_or_interpolated,within_registered_support,in_support,modeled_scenario,-0.10424020441774409,-0.018222985579871842,-0.5398855613428658,analytic,-0.10424020442378888,-0.01822298558051827,-0.5398855613453365,0.043686147644933636,0.07637092070210291,0.09050450533812554,0.043686147644933636,0.07637092070210291,0.09050450533812554,0.1497019726988133,0.2617048676127738,0.31013727961016363,defined,6.044789668813166e-12
1.0,10.0,0.4,p_star_sensitivity,1.5,1.0,0.4822250000000001,-2.2897634910840576,1.8340251381557595,1.6897975628980855,PASS,observed_or_interpolated,observed_or_interpolated,observed_or_interpolated,within_registered_support,in_support,modeled_scenario,-0.08813538935545182,-0.018222985579871842,-0.5398855613428658,analytic,-0.08813538935337205,-0.01822298558051827,-0.5398855613453365,0.048055715006173984,0.09936060963069872,0.11774878110737985,0.048055715006173984,0.09936060963069872,0.11774878110737985,0.6110855652666362,1.2634883133798411,1.4973157813428897,defined,2.4706903190008234e-12
1.0,10.0,0.5389559587975633,p_ref,0.5,0.0,0.0,0.0,2.8630584165775215,1.6897975628980855,PASS,observed_or_interpolated,observed_or_interpolated,observed_or_interpolated,within_registered_support,in_support,modeled_scenario,-0.12034501948003637,-0.018222985579871842,-0.18061496517287273,analytic,-0.12034501948310349,-0.01822298558051827,-0.18061496516257367,0.04203372826285641,0.06364866841348592,0.03399983428865803,0.04203372826285641,0.06364866841348592,0.03399983428865803,0.1025731141593042,0.15531913063808095,0.08296834537443798,defined,1.0299067154662112e-11
1.0,10.0,0.5389559587975633,p_ref,0.5,0.25,0.12055625000000003,0.0,2.8630584165775215,1.6897975628980855,PASS,observed_or_interpolated,observed_or_interpolated,observed_or_interpolated,within_registered_support,in_support,modeled_scenario,-0.12034501948003637,-0.018222985579871842,-0.18061496517287273,analytic,-0.12034501948310349,-0.01822298558051827,-0.18061496516257367,0.04203372826285641,0.06364866841348592,0.03399983428865803,0.04203372826285641,0.06364866841348592,0.03399983428865803,0.1025731141593042,0.15531913063808095,0.08296834537443798,defined,1.0299067154662112e-11
1.0,10.0,0.5389559587975633,p_ref,0.5,0.5,0.24111250000000006,0.0,2.8630584165775215,1.6897975628980855,PASS,observed_or_interpolated,observed_or_interpolated,observed_or_interpolated,within_registered_support,in_support,modeled_scenario,-0.12034501948003637,-0.018222985579871842,-0.18061496517287273,analytic,-0.12034501948310349,-0.01822298558051827,-0.18061496516257367,0.04203372826285641,0.06364866841348592,0.03399983428865803,0.04203372826285641,0.06364866841348592,0.03399983428865803,0.1025731141593042,0.15531913063808095,0.08296834537443798,defined,1.0299067154662112e-11
1.0,10.0,0.5389559587975633,p_ref,0.5,1.0,0.4822250000000001,0.0,2.8630584165775215,1.6897975628980855,PASS,observed_or_interpolated,observed_or_interpolated,observed_or_interpolated,within_registered_support,in_support,modeled_scenario,-0.12034501948003637,-0.018222985579871842,-0.18061496517287273,analytic,-0.12034501948310349,-0.01822298558051827,-0.18061496516257367,0.04203372826285641,0.06364866841348592,0.03399983428865803,0.04203372826285641,0.06364866841348592,0.03399983428865803,0.1025731141593042,0.15531913063808095,0.08296834537443798,defined,1.0299067154662112e-11
1.0,10.0,0.5389559587975633,p_ref,1.0,0.0,0.0,0.0,2.8630584165775215,1.6897975628980855,PASS,observed_or_interpolated,observed_or_interpolated,observed_or_interpolated,within_registered_support,in_support,modeled_scenario,-0.12034501948003637,-0.018222985579871842,-0.36122993034574546,analytic,-0.12034501948310349,-0.01822298558051827,-0.3612299303473518,0.04203372826285641,0.06364866841348592,0.06799966858149593,0.04203372826285641,0.06364866841348592,0.06799966858149593,0.1025731141593042,0.15531913063808095,0.1659366907590759,defined,3.0671160056172653e-12
1.0,10.0,0.5389559587975633,p_ref,1.0,0.25,0.12055625000000003,0.0,2.8630584165775215,1.6897975628980855,PASS,observed_or_interpolated,observed_or_interpolated,observed_or_interpolated,within_registered_support,in_support,modeled_scenario,-0.12034501948003637,-0.018222985579871842,-0.36122993034574546,analytic,-0.12034501948310349,-0.01822298558051827,-0.3612299303473518,0.04203372826285641,0.06364866841348592,0.06799966858149593,0.04203372826285641,0.06364866841348592,0.06799966858149593,0.1025731141593042,0.15531913063808095,0.1659366907590759,defined,3.0671160056172653e-12
1.0,10.0,0.5389559587975633,p_ref,1.0,0.5,0.24111250000000006,0.0,2.8630584165775215,1.6897975628980855,PASS,observed_or_interpolated,observed_or_interpolated,observed_or_interpolated,within_registered_support,in_support,modeled_scenario,-0.12034501948003637,-0.018222985579871842,-0.36122993034574546,analytic,-0.12034501948310349,-0.01822298558051827,-0.3612299303473518,0.04203372826285641,0.06364866841348592,0.06799966858149593,0.04203372826285641,0.06364866841348592,0.06799966858149593,0.1025731141593042,0.15531913063808095,0.1659366907590759,defined,3.0671160056172653e-12
1.0,10.0,0.5389559587975633,p_ref,1.0,1.0,0.4822250000000001,0.0,2.8630584165775215,1.6897975628980855,PASS,observed_or_interpolated,observed_or_interpolated,observed_or_interpolated,within_registered_support,in_support,modeled_scenario,-0.12034501948003637,-0.018222985579871842,-0.36122993034574546,analytic,-0.12034501948310349,-0.01822298558051827,-0.3612299303473518,0.04203372826285641,0.06364866841348592,0.06799966858149593,0.04203372826285641,0.06364866841348592,0.06799966858149593,0.1025731141593042,0.15531913063808095,0.1659366907590759,defined,3.0671160056172653e-12
1.0,10.0,0.5389559587975633,p_ref,1.5,0.0,0.0,0.0,2.8630584165775215,1.6897975628980855,PASS,observed_or_interpolated,observed_or_interpolated,observed_or_interpolated,within_registered_support,in_support,modeled_scenario,-0.12034501948003637,-0.018222985579871842,-0.5418448955186181,analytic,-0.12034501948310349,-0.01822298558051827,-0.5418448955099254,0.04203372826285641,0.06364866841348592,0.10199950287015397,0.04203372826285641,0.06364866841348592,0.10199950287015397,0.1025731141593042,0.15531913063808095,0.2489050361335139,defined,8.692713215907588e-12
1.0,10.0,0.5389559587975633,p_ref,1.5,0.25,0.12055625000000003,0.0,2.8630584165775215,1.6897975628980855,PASS,observed_or_interpolated,observed_or_interpolated,observed_or_interpolated,within_registered_support,in_support,modeled_scenario,-0.12034501948003637,-0.018222985579871842,-0.5418448955186181,analytic,-0.12034501948310349,-0.01822298558051827,-0.5418448955099254,0.04203372826285641,0.06364866841348592,0.10199950287015397,0.04203372826285641,0.06364866841348592,0.10199950287015397,0.1025731141593042,0.15531913063808095,0.2489050361335139,defined,8.692713215907588e-12
1.0,10.0,0.5389559587975633,p_ref,1.5,0.5,0.24111250000000006,0.0,2.8630584165775215,1.6897975628980855,PASS,observed_or_interpolated,observed_or_interpolated,observed_or_interpolated,within_registered_support,in_support,modeled_scenario,-0.12034501948003637,-0.018222985579871842,-0.5418448955186181,analytic,-0.12034501948310349,-0.01822298558051827,-0.5418448955099254,0.04203372826285641,0.06364866841348592,0.10199950287015397,0.04203372826285641,0.06364866841348592,0.10199950287015397,0.1025731141593042,0.15531913063808095,0.2489050361335139,defined,8.692713215907588e-12
1.0,10.0,0.5389559587975633,p_ref,1.5,1.0,0.4822250000000001,0.0,2.8630584165775215,1.6897975628980855,PASS,observed_or_interpolated,observed_or_interpolated,observed_or_interpolated,within_registered_support,in_support,modeled_scenario,-0.12034501948003637,-0.018222985579871842,-0.5418448955186181,analytic,-0.12034501948310349,-0.01822298558051827,-0.5418448955099254,0.04203372826285641,0.06364866841348592,0.10199950287015397,0.04203372826285641,0.06364866841348592,0.10199950287015397,0.1025731141593042,0.15531913063808095,0.2489050361335139,defined,8.692713215907588e-12
1.0,10.0,0.5389559587975633,p_star_sensitivity,0.5,0.0,0.0,-2.2897634910840576,2.8630584165775215,1.6897975628980855,PASS,observed_or_interpolated,observed_or_interpolated,observed_or_interpolated,within_registered_support,in_support,modeled_scenario,-0.12034501948003637,-0.018222985579871842,-0.18061496517287273,analytic,-0.12034501948310349,-0.01822298558051827,-0.18061496516257367,0.04203372826285641,0.06364866841348592,0.03399983428865803,0.04203372826285641,0.06364866841348592,0.03399983428865803,0.1025731141593042,0.15531913063808095,0.08296834537443798,defined,1.0299067154662112e-11
1.0,10.0,0.5389559587975633,p_star_sensitivity,0.5,0.25,0.12055625000000003,-2.2897634910840576,2.587013116705519,1.6897975628980855,PASS,observed_or_interpolated,observed_or_interpolated,observed_or_interpolated,within_registered_support,in_support,modeled_scenario,-0.11229261194889023,-0.018222985579871842,-0.18061496517287273,analytic,-0.11229261194234395,-0.01822298558051827,-0.18061496516257367,0.04340627854463495,0.07044025197570192,0.03762776117901843,0.04340627854463495,0.07044025197570192,0.03762776117901843,0.12515678252100942,0.20310599279278002,0.10849512283786815,defined,1.0299067154662112e-11
1.0,10.0,0.5389559587975633,p_star_sensitivity,0.5,0.5,0.24111250000000006,-2.2897634910840576,2.3109678168335166,1.6897975628980855,PASS,observed_or_interpolated,observed_or_interpolated,observed_or_interpolated,within_registered_support,in_support,modeled_scenario,-0.10424020441774409,-0.018222985579871842,-0.18061496517287273,analytic,-0.10424020442378888,-0.01822298558051827,-0.18061496516257367,0.04510673132896269,0.07885434599209333,0.04212240041307164,0.04510673132896269,0.07885434599209333,0.04212240041307164,0.16781261459861269,0.2933653932245844,0.15670987318800678,defined,1.0299067154662112e-11
1.0,10.0,0.5389559587975633,p_star_sensitivity,0.5,1.0,0.4822250000000001,-2.2897634910840576,1.7588772170895115,1.6897975628980855,PASS,observed_or_interpolated,observed_or_interpolated,observed_or_interpolated,within_registered_support,in_support,modeled_scenario,-0.08813538935545182,-0.018222985579871842,-0.18061496517287273,analytic,-0.08813538935337205,-0.01822298558051827,-0.18061496516257367,0.05010889247813068,0.10360578557423476,0.05534411997413998,0.05010889247813068,0.10360578557423476,0.05534411997413998,1.275851629325486,2.637967111129525,1.4091487987568037,defined,1.0299067154662112e-11
1.0,10.0,0.5389559587975633,p_star_sensitivity,1.0,0.0,0.0,-2.2897634910840576,2.8630584165775215,1.6897975628980855,PASS,observed_or_interpolated,observed_or_interpolated,observed_or_interpolated,within_registered_support,in_support,modeled_scenario,-0.12034501948003637,-0.018222985579871842,-0.36122993034574546,analytic,-0.12034501948310349,-0.01822298558051827,-0.3612299303473518,0.04203372826285641,0.06364866841348592,0.06799966858149593,0.04203372826285641,0.06364866841348592,0.06799966858149593,0.1025731141593042,0.15531913063808095,0.1659366907590759,defined,3.0671160056172653e-12
1.0,10.0,0.5389559587975633,p_star_sensitivity,1.0,0.25,0.12055625000000003,-2.2897634910840576,2.587013116705519,1.6897975628980855,PASS,observed_or_interpolated,observed_or_interpolated,observed_or_interpolated,within_registered_support,in_support,modeled_scenario,-0.11229261194889023,-0.018222985579871842,-0.36122993034574546,analytic,-0.11229261194234395,-0.01822298558051827,-0.3612299303473518,0.04340627854463495,0.07044025197570192,0.07525552236266274,0.04340627854463495,0.07044025197570192,0.07525552236266274,0.12515678252100942,0.20310599279278002,0.2169902456890745,defined,6.5462774090363496e-12
1.0,10.0,0.5389559587975633,p_star_sensitivity,1.0,0.5,0.24111250000000006,-2.2897634910840576,2.3109678168335166,1.6897975628980855,PASS,observed_or_interpolated,observed_or_interpolated,observed_or_interpolated,within_registered_support,in_support,modeled_scenario,-0.10424020441774409,-0.018222985579871842,-0.36122993034574546,analytic,-0.10424020442378888,-0.01822298558051827,-0.3612299303473518,0.04510673132896269,0.07885434599209333,0.08424480083132173,0.04510673132896269,0.07885434599209333,0.08424480083132173,0.16781261459861269,0.2933653932245844,0.3134197463952792,defined,6.044789668813166e-12
1.0,10.0,0.5389559587975633,p_star_sensitivity,1.0,1.0,0.4822250000000001,-2.2897634910840576,1.7588772170895115,1.6897975628980855,PASS,observed_or_interpolated,observed_or_interpolated,observed_or_interpolated,within_registered_support,in_support,modeled_scenario,-0.08813538935545182,-0.018222985579871842,-0.36122993034574546,analytic,-0.08813538935337205,-0.01822298558051827,-0.3612299303473518,0.05010889247813068,0.10360578557423476,0.11068823995508387,0.05010889247813068,0.10360578557423476,0.11068823995508387,1.275851629325486,2.637967111129525,2.818297597686845,defined,2.079766914242498e-12
1.0,10.0,0.5389559587975633,p_star_sensitivity,1.5,0.0,0.0,-2.2897634910840576,2.8630584165775215,1.6897975628980855,PASS,observed_or_interpolated,observed_or_interpolated,observed_or_interpolated,within_registered_support,in_support,modeled_scenario,-0.12034501948003637,-0.018222985579871842,-0.5418448955186181,analytic,-0.12034501948310349,-0.01822298558051827,-0.5418448955099254,0.04203372826285641,0.06364866841348592,0.10199950287015397,0.04203372826285641,0.06364866841348592,0.10199950287015397,0.1025731141593042,0.15531913063808095,0.2489050361335139,defined,8.692713215907588e-12
1.0,10.0,0.5389559587975633,p_star_sensitivity,1.5,0.25,0.12055625000000003,-2.2897634910840576,2.587013116705519,1.6897975628980855,PASS,observed_or_interpolated,observed_or_interpolated,observed_or_interpolated,within_registered_support,in_support,modeled_scenario,-0.11229261194889023,-0.018222985579871842,-0.5418448955186181,analytic,-0.11229261194234395,-0.01822298558051827,-0.5418448955099254,0.04340627854463495,0.07044025197570192,0.11288328354168116,0.04340627854463495,0.07044025197570192,0.11288328354168116,0.12515678252100942,0.20310599279278002,0.32548536852694265,defined,8.692713215907588e-12
1.0,10.0,0.5389559587975633,p_star_sensitivity,1.5,0.5,0.24111250000000006,-2.2897634910840576,2.3109678168335166,1.6897975628980855,PASS,observed_or_interpolated,observed_or_interpolated,observed_or_interpolated,within_registered_support,in_support,modeled_scenario,-0.10424020441774409,-0.018222985579871842,-0.5418448955186181,analytic,-0.10424020442378888,-0.01822298558051827,-0.5418448955099254,0.04510673132896269,0.07885434599209333,0.12636720124439335,0.04510673132896269,0.07885434599209333,0.12636720124439335,0.16781261459861269,0.2933653932245844,0.470129619583286,defined,8.692713215907588e-12
1.0,10.0,0.5389559587975633,p_star_sensitivity,1.5,1.0,0.4822250000000001,-2.2897634910840576,1.7588772170895115,1.6897975628980855,PASS,observed_or_interpolated,observed_or_interpolated,observed_or_interpolated,within_registered_support,in_support,modeled_scenario,-0.08813538935545182,-0.018222985579871842,-0.5418448955186181,analytic,-0.08813538935337205,-0.01822298558051827,-0.5418448955099254,0.05010889247813068,0.10360578557423476,0.16603235992922385,0.05010889247813068,0.10360578557423476,0.16603235992922385,1.275851629325486,2.637967111129525,4.227446396443649,defined,8.692713215907588e-12
1.0,10.0,0.8,p_ref,0.5,0.0,0.0,0.0,2.815837900122262,1.6897975628980855,PASS,observed_or_interpolated,observed_or_interpolated,observed_or_interpolated,within_registered_support,in_support,modeled_scenario,-0.12034501948003637,-0.018222985579871842,-0.18119971651104547,analytic,-0.12034501948310349,-0.01822298558051827,-0.18119971649881747,0.04273861768743086,0.06471603205471109,0.051480155584509996,0.04273861768743086,0.06471603205471109,0.051480155584509996,0.10687451906009714,0.16183244043850237,0.1287340856335547,defined,1.2227996393221474e-11
1.0,10.0,0.8,p_ref,0.5,0.25,0.12055625000000003,0.0,2.815837900122262,1.6897975628980855,PASS,observed_or_interpolated,observed_or_interpolated,observed_or_interpolated,within_registered_support,in_support,modeled_scenario,-0.12034501948003637,-0.018222985579871842,-0.18119971651104547,analytic,-0.12034501948310349,-0.01822298558051827,-0.18119971649881747,0.04273861768743086,0.06471603205471109,0.051480155584509996,0.04273861768743086,0.06471603205471109,0.051480155584509996,0.10687451906009714,0.16183244043850237,0.1287340856335547,defined,1.2227996393221474e-11
1.0,10.0,0.8,p_ref,0.5,0.5,0.24111250000000006,0.0,2.815837900122262,1.6897975628980855,PASS,observed_or_interpolated,observed_or_interpolated,observed_or_interpolated,within_registered_support,in_support,modeled_scenario,-0.12034501948003637,-0.018222985579871842,-0.18119971651104547,analytic,-0.12034501948310349,-0.01822298558051827,-0.18119971649881747,0.04273861768743086,0.06471603205471109,0.051480155584509996,0.04273861768743086,0.06471603205471109,0.051480155584509996,0.10687451906009714,0.16183244043850237,0.1287340856335547,defined,1.2227996393221474e-11
1.0,10.0,0.8,p_ref,0.5,1.0,0.4822250000000001,0.0,2.815837900122262,1.6897975628980855,PASS,observed_or_interpolated,observed_or_interpolated,observed_or_interpolated,within_registered_support,in_support,modeled_scenario,-0.12034501948003637,-0.018222985579871842,-0.18119971651104547,analytic,-0.12034501948310349,-0.01822298558051827,-0.18119971649881747,0.04273861768743086,0.06471603205471109,0.051480155584509996,0.04273861768743086,0.06471603205471109,0.051480155584509996,0.10687451906009714,0.16183244043850237,0.1287340856335547,defined,1.2227996393221474e-11
1.0,10.0,0.8,p_ref,1.0,0.0,0.0,0.0,2.768430862205536,1.6897975628980855,PASS,observed_or_interpolated,observed_or_interpolated,observed_or_interpolated,within_registered_support,in_support,modeled_scenario,-0.12034501948003637,-0.018222985579871842,-0.3641718443337616,analytic,-0.12034501948310349,-0.01822298558051827,-0.3641718443264583,0.043470480381521175,0.06582423938880849,0.10523559733367002,0.043470480381521175,0.06582423938880849,0.10523559733367002,0.11157176360156179,0.16894514189593962,0.27009872182531675,defined,7.303269100589205e-12
1.0,10.0,0.8,p_ref,1.0,0.25,0.12055625000000003,0.0,2.768430862205536,1.6897975628980855,PASS,observed_or_interpolated,observed_or_interpolated,observed_or_interpolated,within_registered_support,in_support,modeled_scenario,-0.12034501948003637,-0.018222985579871842,-0.3641718443337616,analytic,-0.12034501948310349,-0.01822298558051827,-0.3641718443264583,0.043470480381521175,0.06582423938880849,0.10523559733367002,0.043470480381521175,0.06582423938880849,0.10523559733367002,0.11157176360156179,0.16894514189593962,0.27009872182531675,defined,7.303269100589205e-12
1.0,10.0,0.8,p_ref,1.0,0.5,0.24111250000000006,0.0,2.768430862205536,1.6897975628980855,PASS,observed_or_interpolated,observed_or_interpolated,observed_or_interpolated,within_registered_support,in_support,modeled_scenario,-0.12034501948003637,-0.018222985579871842,-0.3641718443337616,analytic,-0.12034501948310349,-0.01822298558051827,-0.3641718443264583,0.043470480381521175,0.06582423938880849,0.10523559733367002,0.043470480381521175,0.06582423938880849,0.10523559733367002,0.11157176360156179,0.16894514189593962,0.27009872182531675,defined,7.303269100589205e-12
1.0,10.0,0.8,p_ref,1.0,1.0,0.4822250000000001,0.0,2.768430862205536,1.6897975628980855,PASS,observed_or_interpolated,observed_or_interpolated,observed_or_interpolated,within_registered_support,in_support,modeled_scenario,-0.12034501948003637,-0.018222985579871842,-0.3641718443337616,analytic,-0.12034501948310349,-0.01822298558051827,-0.3641718443264583,0.043470480381521175,0.06582423938880849,0.10523559733367002,0.043470480381521175,0.06582423938880849,0.10523559733367002,0.11157176360156179,0.16894514189593962,0.27009872182531675,defined,7.303269100589205e-12
1.0,10.0,0.8,p_ref,1.5,0.0,0.0,0.0,2.720695970511876,1.6897975628980855,PASS,observed_or_interpolated,observed_or_interpolated,observed_or_interpolated,within_registered_support,in_support,modeled_scenario,-0.12034501948003637,-0.018222985579871842,-0.5518959115697479,analytic,-0.12034501948310349,-0.01822298558051827,-0.5518959116182635,0.04423317444780925,0.0669791324647339,0.16228080391192815,0.04423317444780925,0.0669791324647339,0.16228080391192815,0.11673800113986482,0.17676800590563352,0.4282834526018765,defined,4.851552493079225e-11
1.0,10.0,0.8,p_ref,1.5,0.25,0.12055625000000003,0.0,2.720695970511876,1.6897975628980855,PASS,observed_or_interpolated,observed_or_interpolated,observed_or_interpolated,within_registered_support,in_support,modeled_scenario,-0.12034501948003637,-0.018222985579871842,-0.5518959115697479,analytic,-0.12034501948310349,-0.01822298558051827,-0.5518959116182635,0.04423317444780925,0.0669791324647339,0.16228080391192815,0.04423317444780925,0.0669791324647339,0.16228080391192815,0.11673800113986482,0.17676800590563352,0.4282834526018765,defined,4.851552493079225e-11
1.0,10.0,0.8,p_ref,1.5,0.5,0.24111250000000006,0.0,2.720695970511876,1.6897975628980855,PASS,observed_or_interpolated,observed_or_interpolated,observed_or_interpolated,within_registered_support,in_support,modeled_scenario,-0.12034501948003637,-0.018222985579871842,-0.5518959115697479,analytic,-0.12034501948310349,-0.01822298558051827,-0.5518959116182635,0.04423317444780925,0.0669791324647339,0.16228080391192815,0.04423317444780925,0.0669791324647339,0.16228080391192815,0.11673800113986482,0.17676800590563352,0.4282834526018765,defined,4.851552493079225e-11
1.0,10.0,0.8,p_ref,1.5,1.0,0.4822250000000001,0.0,2.720695970511876,1.6897975628980855,PASS,observed_or_interpolated,observed_or_interpolated,observed_or_interpolated,within_registered_support,in_support,modeled_scenario,-0.12034501948003637,-0.018222985579871842,-0.5518959115697479,analytic,-0.12034501948310349,-0.01822298558051827,-0.5518959116182635,0.04423317444780925,0.0669791324647339,0.16228080391192815,0.04423317444780925,0.0669791324647339,0.16228080391192815,0.11673800113986482,0.17676800590563352,0.4282834526018765,defined,4.851552493079225e-11
1.0,10.0,0.8,p_star_sensitivity,0.5,0.0,0.0,-2.2897634910840576,2.815837900122262,1.6897975628980855,PASS,observed_or_interpolated,observed_or_interpolated,observed_or_interpolated,within_registered_support,in_support,modeled_scenario,-0.12034501948003637,-0.018222985579871842,-0.18119971651104547,analytic,-0.12034501948310349,-0.01822298558051827,-0.18119971649881747,0.04273861768743086,0.06471603205471109,0.051480155584509996,0.04273861768743086,0.06471603205471109,0.051480155584509996,0.10687451906009714,0.16183244043850237,0.1287340856335547,defined,1.2227996393221474e-11
1.0,10.0,0.8,p_star_sensitivity,0.5,0.25,0.12055625000000003,-2.2897634910840576,2.5397926002502595,1.6897975628980855,PASS,observed_or_interpolated,observed_or_interpolated,observed_or_interpolated,within_registered_support,in_support,modeled_scenario,-0.11229261194889023,-0.018222985579871842,-0.18119971651104547,analytic,-0.11229261194234395,-0.01822298558051827,-0.18119971649881747,0.04421329990932297,0.07174989634477501,0.05707543725608552,0.04421329990932297,0.07174989634477501,0.05707543725608552,0.13210972653693076,0.21438931734572036,0.17054190533937616,defined,1.2227996393221474e-11
1.0,10.0,0.8,p_star_sensitivity,0.5,0.5,0.24111250000000006,-2.2897634910840576,2.2637473003782573,1.6897975628980855,PASS,observed_or_interpolated,observed_or_interpolated,observed_or_interpolated,within_registered_support,in_support,modeled_scenario,-0.10424020441774409,-0.018222985579871842,-0.18119971651104547,analytic,-0.10424020442378888,-0.01822298558051827,-0.18119971649881747,0.04604763279292306,0.08049920402985496,0.06403531576816554,0.04604763279292306,0.08049920402985496,0.06403531576816554,0.1816190471337049,0.3175014185131118,0.2525652748539882,defined,1.2227996393221474e-11
1.0,10.0,0.8,p_star_sensitivity,0.5,1.0,0.4822250000000001,-2.2897634910840576,1.7116567006342522,1.6897975628980855,PASS,observed_or_interpolated,observed_or_interpolated,observed_or_interpolated,within_registered_support,in_support,modeled_scenario,-0.08813538935545182,-0.018222985579871842,-0.18119971651104547,analytic,-0.08813538935337205,-0.01822298558051827,-0.18119971649881747,0.05149127703044284,0.10646402151649782,0.08468974715860915,0.05149127703044284,0.10646402151649782,0.08468974715860915,4.031970081214536,8.336552795661127,6.63154123226062,defined,1.2227996393221474e-11
1.0,10.0,0.8,p_star_sensitivity,1.0,0.0,0.0,-2.2897634910840576,2.768430862205536,1.6897975628980855,PASS,observed_or_interpolated,observed_or_interpolated,observed_or_interpolated,within_registered_support,in_support,modeled_scenario,-0.12034501948003637,-0.018222985579871842,-0.3641718443337616,analytic,-0.12034501948310349,-0.01822298558051827,-0.3641718443264583,0.043470480381521175,0.06582423938880849,0.10523559733367002,0.043470480381521175,0.06582423938880849,0.10523559733367002,0.11157176360156179,0.16894514189593962,0.27009872182531675,defined,7.303269100589205e-12
1.0,10.0,0.8,p_star_sensitivity,1.0,0.25,0.12055625000000003,-2.2897634910840576,2.492385562333533,1.6897975628980855,PASS,observed_or_interpolated,observed_or_interpolated,observed_or_interpolated,within_registered_support,in_support,modeled_scenario,-0.11229261194889023,-0.018222985579871842,-0.3641718443337616,analytic,-0.11229261194234395,-0.01822298558051827,-0.3641718443264583,0.04505426994899149,0.07311463304841458,0.11689101392017277,0.04505426994899149,0.07311463304841458,0.11689101392017277,0.1399131459993574,0.22705280409545855,0.36299754751640667,defined,7.303269100589205e-12
1.0,10.0,0.8,p_star_sensitivity,1.0,0.5,0.24111250000000006,-2.2897634910840576,2.216340262461531,1.6897975628980855,PASS,observed_or_interpolated,observed_or_interpolated,observed_or_interpolated,within_registered_support,in_support,modeled_scenario,-0.10424020441774409,-0.018222985579871842,-0.3641718443337616,analytic,-0.10424020442378888,-0.01822298558051827,-0.3641718443264583,0.04703258167950111,0.08222106455928072,0.13144979604241766,0.04703258167950111,0.08222106455928072,0.13144979604241766,0.1979710373160886,0.3460875176054454,0.5533026584600137,defined,7.303269100589205e-12
1.0,10.0,0.8,p_star_sensitivity,1.0,1.0,0.4822250000000001,-2.2897634910840576,1.6642496627175258,1.6897975628980855,VIOLATION,observed_or_interpolated,observed_or_interpolated,observed_or_interpolated,within_registered_support,in_support,modeled_scenario,-0.08813538935545182,-0.018222985579871842,-0.3641718443337616,analytic,-0.08813538935337205,-0.01822298558051827,-0.3641718443264583,0.052958033477655764,0.10949670586540637,0.17505635241376374,0.052958033477655764,0.10949670586540637,0.17505635241376374,,,,undefined_L_le_E,7.303269100589205e-12
1.0,10.0,0.8,p_star_sensitivity,1.5,0.0,0.0,-2.2897634910840576,2.720695970511876,1.6897975628980855,PASS,observed_or_interpolated,observed_or_interpolated,observed_or_interpolated,within_registered_support,in_support,modeled_scenario,-0.12034501948003637,-0.018222985579871842,-0.5518959115697479,analytic,-0.12034501948310349,-0.01822298558051827,-0.5518959116182635,0.04423317444780925,0.0669791324647339,0.16228080391192815,0.04423317444780925,0.0669791324647339,0.16228080391192815,0.11673800113986482,0.17676800590563352,0.4282834526018765,defined,4.851552493079225e-11
1.0,10.0,0.8,p_star_sensitivity,1.5,0.25,0.12055625000000003,-2.2897634910840576,2.444650670639873,1.6897975628980855,PASS,observed_or_interpolated,observed_or_interpolated,observed_or_interpolated,within_registered_support,in_support,modeled_scenario,-0.11229261194889023,-0.018222985579871842,-0.5518959115697479,analytic,-0.11229261196454841,-0.01822298558051827,-0.5518959116182635,0.0459340114778675,0.07454228859515748,0.18060524335734493,0.0459340114778675,0.07454228859515748,0.18060524335734493,0.14876087918678915,0.24141101617815422,0.5849041684619257,defined,4.851552493079225e-11
1.0,10.0,0.8,p_star_sensitivity,1.5,0.5,0.24111250000000006,-2.2897634910840576,2.168605370767871,1.6897975628980855,PASS,observed_or_interpolated,observed_or_interpolated,observed_or_interpolated,within_registered_support,in_support,modeled_scenario,-0.10424020441774409,-0.018222985579871842,-0.5518959115697479,analytic,-0.10424020442378888,-0.01822298558051827,-0.5518959116182635,0.0480678531137636,0.084030897581268,0.20359477812151514,0.0480678531137636,0.084030897581268,0.20359477812151514,0.21770782078001868,0.38059081913455584,0.92211681187681,defined,4.851552493079225e-11
1.0,10.0,0.8,p_star_sensitivity,1.5,1.0,0.4822250000000001,-2.2897634910840576,1.6165147710238659,1.6897975628980855,VIOLATION,observed_or_interpolated,observed_or_interpolated,observed_or_interpolated,within_registered_support,in_support,modeled_scenario,-0.08813538935545182,-0.018222985579871842,-0.5518959115697479,analytic,-0.08813538935337205,-0.01822298558051827,-0.5518959116182635,0.054521858341912324,0.11273009011217522,0.27312879362986797,0.054521858341912324,0.11273009011217522,0.27312879362986797,,,,undefined_L_le_E,4.851552493079225e-11
1.0,150.0,0.4,p_ref,0.5,0.0,0.0,0.0,2.542166550434956,1.6897975628980855,PASS,observed_or_interpolated,observed_or_interpolated,observed_or_interpolated,within_registered_support,in_support,modeled_scenario,-0.12034501948003637,-0.0005693325995224448,-0.18036891076713943,analytic,-0.12034501948310349,-0.0005693325995833239,-0.18036891076249342,0.04733954959108122,0.03359334970515089,0.028380345218787167,0.04733954959108122,0.03359334970515089,0.028380345218787167,0.141188876229378,0.10019122139143344,0.08464358201661637,defined,4.646005802300124e-12
1.0,150.0,0.4,p_ref,0.5,0.25,0.12055625000000003,0.0,2.542166550434956,1.6897975628980855,PASS,observed_or_interpolated,observed_or_interpolated,observed_or_interpolated,within_registered_support,in_support,modeled_scenario,-0.12034501948003637,-0.0005693325995224448,-0.18036891076713943,analytic,-0.12034501948310349,-0.0005693325995833239,-0.18036891076249342,0.04733954959108122,0.03359334970515089,0.028380345218787167,0.04733954959108122,0.03359334970515089,0.028380345218787167,0.141188876229378,0.10019122139143344,0.08464358201661637,defined,4.646005802300124e-12
1.0,150.0,0.4,p_ref,0.5,0.5,0.24111250000000006,0.0,2.542166550434956,1.6897975628980855,PASS,observed_or_interpolated,observed_or_interpolated,observed_or_interpolated,within_registered_support,in_support,modeled_scenario,-0.12034501948003637,-0.0005693325995224448,-0.18036891076713943,analytic,-0.12034501948310349,-0.0005693325995833239,-0.18036891076249342,0.04733954959108122,0.03359334970515089,0.028380345218787167,0.04733954959108122,0.03359334970515089,0.028380345218787167,0.141188876229378,0.10019122139143344,0.08464358201661637,defined,4.646005802300124e-12
1.0,150.0,0.4,p_ref,0.5,1.0,0.4822250000000001,0.0,2.542166550434956,1.6897975628980855,PASS,observed_or_interpolated,observed_or_interpolated,observed_or_interpolated,within_registered_support,in_support,modeled_scenario,-0.12034501948003637,-0.0005693325995224448,-0.18036891076713943,analytic,-0.12034501948310349,-0.0005693325995833239,-0.18036891076249342,0.04733954959108122,0.03359334970515089,0.028380345218787167,0.04733954959108122,0.03359334970515089,0.028380345218787167,0.141188876229378,0.10019122139143344,0.08464358201661637,defined,4.646005802300124e-12
1.0,150.0,0.4,p_ref,1.0,0.0,0.0,0.0,2.5672146061485117,1.6897975628980855,PASS,observed_or_interpolated,observed_or_interpolated,observed_or_interpolated,within_registered_support,in_support,modeled_scenario,-0.12034501948003637,-0.0005693325995224448,-0.36030691448978786,analytic,-0.12034501948310349,-0.0005693325995833239,-0.36030691448160673,0.046877662348475124,0.033265582757656786,0.05613974205641664,0.046877662348475124,0.033265582757656786,0.05613974205641664,0.13715828796450155,0.09733101333560983,0.1642579966975957,defined,8.181122446160316e-12
1.0,150.0,0.4,p_ref,1.0,0.25,0.12055625000000003,0.0,2.5672146061485117,1.6897975628980855,PASS,observed_or_interpolated,observed_or_interpolated,observed_or_interpolated,within_registered_support,in_support,modeled_scenario,-0.12034501948003637,-0.0005693325995224448,-0.36030691448978786,analytic,-0.12034501948310349,-0.0005693325995833239,-0.36030691448160673,0.046877662348475124,0.033265582757656786,0.05613974205641664,0.046877662348475124,0.033265582757656786,0.05613974205641664,0.13715828796450155,0.09733101333560983,0.1642579966975957,defined,8.181122446160316e-12
1.0,150.0,0.4,p_ref,1.0,0.5,0.24111250000000006,0.0,2.5672146061485117,1.6897975628980855,PASS,observed_or_interpolated,observed_or_interpolated,observed_or_interpolated,within_registered_support,in_support,modeled_scenario,-0.12034501948003637,-0.0005693325995224448,-0.36030691448978786,analytic,-0.12034501948310349,-0.0005693325995833239,-0.36030691448160673,0.046877662348475124,0.033265582757656786,0.05613974205641664,0.046877662348475124,0.033265582757656786,0.05613974205641664,0.13715828796450155,0.09733101333560983,0.1642579966975957,defined,8.181122446160316e-12
1.0,150.0,0.4,p_ref,1.0,1.0,0.4822250000000001,0.0,2.5672146061485117,1.6897975628980855,PASS,observed_or_interpolated,observed_or_interpolated,observed_or_interpolated,within_registered_support,in_support,modeled_scenario,-0.12034501948003637,-0.0005693325995224448,-0.36030691448978786,analytic,-0.12034501948310349,-0.0005693325995833239,-0.36030691448160673,0.046877662348475124,0.033265582757656786,0.05613974205641664,0.046877662348475124,0.033265582757656786,0.05613974205641664,0.13715828796450155,0.09733101333560983,0.1642579966975957,defined,8.181122446160316e-12
1.0,150.0,0.4,p_ref,1.5,0.0,0.0,0.0,2.592234444896996,1.6897975628980855,PASS,observed_or_interpolated,observed_or_interpolated,observed_or_interpolated,within_registered_support,in_support,modeled_scenario,-0.12034501948003637,-0.0005693325995224448,-0.5398855613428658,analytic,-0.12034501948310349,-0.0005693325995833239,-0.5398855613453365,0.04642520653176702,0.03294450859011404,0.08330813787435638,0.04642520653176702,0.03294450859011404,0.08330813787435638,0.13335560844603064,0.09463253512903486,0.23930119529223243,defined,3.0671160056172653e-12
1.0,150.0,0.4,p_ref,1.5,0.25,0.12055625000000003,0.0,2.592234444896996,1.6897975628980855,PASS,observed_or_interpolated,observed_or_interpolated,observed_or_interpolated,within_registered_support,in_support,modeled_scenario,-0.12034501948003637,-0.0005693325995224448,-0.5398855613428658,analytic,-0.12034501948310349,-0.0005693325995833239,-0.5398855613453365,0.04642520653176702,0.03294450859011404,0.08330813787435638,0.04642520653176702,0.03294450859011404,0.08330813787435638,0.13335560844603064,0.09463253512903486,0.23930119529223243,defined,3.0671160056172653e-12
1.0,150.0,0.4,p_ref,1.5,0.5,0.24111250000000006,0.0,2.592234444896996,1.6897975628980855,PASS,observed_or_interpolated,observed_or_interpolated,observed_or_interpolated,within_registered_support,in_support,modeled_scenario,-0.12034501948003637,-0.0005693325995224448,-0.5398855613428658,analytic,-0.12034501948310349,-0.0005693325995833239,-0.5398855613453365,0.04642520653176702,0.03294450859011404,0.08330813787435638,0.04642520653176702,0.03294450859011404,0.08330813787435638,0.13335560844603064,0.09463253512903486,0.23930119529223243,defined,3.0671160056172653e-12
1.0,150.0,0.4,p_ref,1.5,1.0,0.4822250000000001,0.0,2.592234444896996,1.6897975628980855,PASS,observed_or_interpolated,observed_or_interpolated,observed_or_interpolated,within_registered_support,in_support,modeled_scenario,-0.12034501948003637,-0.0005693325995224448,-0.5398855613428658,analytic,-0.12034501948310349,-0.0005693325995833239,-0.5398855613453365,0.04642520653176702,0.03294450859011404,0.08330813787435638,0.04642520653176702,0.03294450859011404,0.08330813787435638,0.13335560844603064,0.09463253512903486,0.23930119529223243,defined,3.0671160056172653e-12
1.0,150.0,0.4,p_star_sensitivity,0.5,0.0,0.0,-2.2897634910840576,2.542166550434956,1.6897975628980855,PASS,observed_or_interpolated,observed_or_interpolated,observed_or_interpolated,within_registered_support,in_support,modeled_scenario,-0.12034501948003637,-0.0005693325995224448,-0.18036891076713943,analytic,-0.12034501948310349,-0.0005693325995833239,-0.18036891076249342,0.04733954959108122,0.03359334970515089,0.028380345218787167,0.04733954959108122,0.03359334970515089,0.028380345218787167,0.141188876229378,0.10019122139143344,0.08464358201661637,defined,4.646005802300124e-12
1.0,150.0,0.4,p_star_sensitivity,0.5,0.25,0.12055625000000003,-2.2897634910840576,2.2661212505629535,1.6897975628980855,PASS,observed_or_interpolated,observed_or_interpolated,observed_or_interpolated,within_registered_support,in_support,modeled_scenario,-0.11229261194889023,-0.0005693325995224448,-0.18036891076713943,analytic,-0.11229261194234395,-0.0005693325995833239,-0.18036891076249342,0.049552781835679814,0.03768549009294335,0.0318374686646067,0.049552781835679814,0.03768549009294335,0.0318374686646067,0.19484295777834149,0.14818042666876913,0.1251858388769735,defined,6.5462774090363496e-12
1.0,150.0,0.4,p_star_sensitivity,0.5,0.5,0.24111250000000006,-2.2897634910840576,1.9900759506909513,1.6897975628980855,PASS,observed_or_interpolated,observed_or_interpolated,observed_or_interpolated,within_registered_support,in_support,modeled_scenario,-0.10424020441774409,-0.0005693325995224448,-0.18036891076713943,analytic,-0.10424020442378888,-0.0005693325995833239,-0.18036891076249342,0.05238001312844208,0.04291287973599594,0.036253673775590245,0.05238001312844208,0.04291287973599594,0.036253673775590245,0.34714521144856586,0.28440238594996065,0.24026892123440222,defined,6.044789668813166e-12
1.0,150.0,0.4,p_star_sensitivity,0.5,1.0,0.4822250000000001,-2.2897634910840576,1.4379853509469462,1.6897975628980855,VIOLATION,observed_or_interpolated,observed_or_interpolated,observed_or_interpolated,within_registered_support,in_support,modeled_scenario,-0.08813538935545182,-0.0005693325995224448,-0.18036891076713943,analytic,-0.08813538935337205,-0.0005693325995833239,-0.18036891076249342,0.061290881228611184,0.05938856740178946,0.050172669879763765,0.061290881228611184,0.05938856740178946,0.050172669879763765,,,,undefined_L_le_E,4.646005802300124e-12
1.0,150.0,0.4,p_star_sensitivity,1.0,0.0,0.0,-2.2897634910840576,2.5672146061485117,1.6897975628980855,PASS,observed_or_interpolated,observed_or_interpolated,observed_or_interpolated,within_registered_support,in_support,modeled_scenario,-0.12034501948003637,-0.0005693325995224448,-0.36030691448978786,analytic,-0.12034501948310349,-0.0005693325995833239,-0.36030691448160673,0.046877662348475124,0.033265582757656786,0.05613974205641664,0.046877662348475124,0.033265582757656786,0.05613974205641664,0.13715828796450155,0.09733101333560983,0.1642579966975957,defined,8.181122446160316e-12
1.0,150.0,0.4,p_star_sensitivity,1.0,0.25,0.12055625000000003,-2.2897634910840576,2.291169306276509,1.6897975628980855,PASS,observed_or_interpolated,observed_or_interpolated,observed_or_interpolated,within_registered_support,in_support,modeled_scenario,-0.11229261194889023,-0.0005693325995224448,-0.36030691448978786,analytic,-0.11229261194234395,-0.0005693325995833239,-0.36030691448160673,0.049011049351405704,0.03727349598458357,0.06290358612863212,0.049011049351405704,0.03727349598458357,0.06290358612863212,0.18672744966615745,0.14200848456519385,0.23965669717532928,defined,8.181122446160316e-12
1.0,150.0,0.4,p_star_sensitivity,1.0,0.5,0.24111250000000006,-2.2897634910840576,2.015124006404507,1.6897975628980855,PASS,observed_or_interpolated,observed_or_interpolated,observed_or_interpolated,within_registered_support,in_support,modeled_scenario,-0.10424020441774409,-0.0005693325995224448,-0.36030691448978786,analytic,-0.10424020442378888,-0.0005693325995833239,-0.36030691448160673,0.05172892789351455,0.04237947127128602,0.07152054431121305,0.05172892789351455,0.04237947127128602,0.07152054431121305,0.32041725013273126,0.2625052209621962,0.44300968663740964,defined,8.181122446160316e-12
1.0,150.0,0.4,p_star_sensitivity,1.0,1.0,0.4822250000000001,-2.2897634910840576,1.4630334066605017,1.6897975628980855,VIOLATION,observed_or_interpolated,observed_or_interpolated,observed_or_interpolated,within_registered_support,in_support,modeled_scenario,-0.08813538935545182,-0.0005693325995224448,-0.36030691448978786,analytic,-0.08813538935337205,-0.0005693325995833239,-0.36030691448160673,0.06024154264156454,0.05837179762862087,0.09850955223340742,0.06024154264156454,0.05837179762862087,0.09850955223340742,,,,undefined_L_le_E,8.181122446160316e-12
1.0,150.0,0.4,p_star_sensitivity,1.5,0.0,0.0,-2.2897634910840576,2.592234444896996,1.6897975628980855,PASS,observed_or_interpolated,observed_or_interpolated,observed_or_interpolated,within_registered_support,in_support,modeled_scenario,-0.12034501948003637,-0.0005693325995224448,-0.5398855613428658,analytic,-0.12034501948310349,-0.0005693325995833239,-0.5398855613453365,0.04642520653176702,0.03294450859011404,0.08330813787435638,0.04642520653176702,0.03294450859011404,0.08330813787435638,0.13335560844603064,0.09463253512903486,0.23930119529223243,defined,3.0671160056172653e-12
1.0,150.0,0.4,p_star_sensitivity,1.5,0.25,0.12055625000000003,-2.2897634910840576,2.3161891450249934,1.6897975628980855,PASS,observed_or_interpolated,observed_or_interpolated,observed_or_interpolated,within_registered_support,in_support,modeled_scenario,-0.11229261194889023,-0.0005693325995224448,-0.5398855613428658,analytic,-0.11229261194234395,-0.0005693325995833239,-0.5398855613453365,0.04848162430237632,0.036870861829627066,0.09323686927813675,0.04848162430237632,0.036870861829627066,0.09323686927813675,0.17926903098067704,0.13633626692032466,0.3447591422044078,defined,6.5462774090363496e-12
1.0,150.0,0.4,p_star_sensitivity,1.5,0.5,0.24111250000000006,-2.2897634910840576,2.040143845152991,1.6897975628980855,PASS,observed_or_interpolated,observed_or_interpolated,observed_or_interpolated,within_registered_support,in_support,modeled_scenario,-0.10424020441774409,-0.0005693325995224448,-0.5398855613428658,analytic,-0.10424020442378888,-0.0005693325995833239,-0.5398855613453365,0.0510945366286032,0.041859739518070316,0.1058524500864007,0.0510945366286032,0.041859739518070316,0.1058524500864007,0.2975347811681517,0.2437585162538221,0.6164022153973084,defined,6.044789668813166e-12
1.0,150.0,0.4,p_star_sensitivity,1.5,1.0,0.4822250000000001,-2.2897634910840576,1.488053245408986,1.6897975628980855,VIOLATION,observed_or_interpolated,observed_or_interpolated,observed_or_interpolated,within_registered_support,in_support,modeled_scenario,-0.08813538935545182,-0.0005693325995224448,-0.5398855613428658,analytic,-0.08813538935337205,-0.0005693325995833239,-0.5398855613453365,0.05922865302386969,0.05739034554104731,0.14512533419379114,0.05922865302386969,0.05739034554104731,0.14512533419379114,,,,undefined_L_le_E,2.4706903190008234e-12
1.0,150.0,0.5389559587975633,p_ref,0.5,0.0,0.0,0.0,2.517086523830748,1.6897975628980855,PASS,observed_or_interpolated,observed_or_interpolated,observed_or_interpolated,within_registered_support,in_support,modeled_scenario,-0.12034501948003637,-0.0005693325995224448,-0.18061496517287273,analytic,-0.12034501948310349,-0.0005693325995833239,-0.18061496516257367,0.04781123665941792,0.033928070858497424,0.0386730892246948,0.04781123665941792,0.033928070858497424,0.0386730892246948,0.1454691470165755,0.10322861052227884,0.11766567223699083,defined,1.0299067154662112e-11
1.0,150.0,0.5389559587975633,p_ref,0.5,0.25,0.12055625000000003,0.0,2.517086523830748,1.6897975628980855,PASS,observed_or_interpolated,observed_or_interpolated,observed_or_interpolated,within_registered_support,in_support,modeled_scenario,-0.12034501948003637,-0.0005693325995224448,-0.18061496517287273,analytic,-0.12034501948310349,-0.0005693325995833239,-0.18061496516257367,0.04781123665941792,0.033928070858497424,0.0386730892246948,0.04781123665941792,0.033928070858497424,0.0386730892246948,0.1454691470165755,0.10322861052227884,0.11766567223699083,defined,1.0299067154662112e-11
1.0,150.0,0.5389559587975633,p_ref,0.5,0.5,0.24111250000000006,0.0,2.517086523830748,1.6897975628980855,PASS,observed_or_interpolated,observed_or_interpolated,observed_or_interpolated,within_registered_support,in_support,modeled_scenario,-0.12034501948003637,-0.0005693325995224448,-0.18061496517287273,analytic,-0.12034501948310349,-0.0005693325995833239,-0.18061496516257367,0.04781123665941792,0.033928070858497424,0.0386730892246948,0.04781123665941792,0.033928070858497424,0.0386730892246948,0.1454691470165755,0.10322861052227884,0.11766567223699083,defined,1.0299067154662112e-11
1.0,150.0,0.5389559587975633,p_ref,0.5,1.0,0.4822250000000001,0.0,2.517086523830748,1.6897975628980855,PASS,observed_or_interpolated,observed_or_interpolated,observed_or_interpolated,within_registered_support,in_support,modeled_scenario,-0.12034501948003637,-0.0005693325995224448,-0.18061496517287273,analytic,-0.12034501948310349,-0.0005693325995833239,-0.18061496516257367,0.04781123665941792,0.033928070858497424,0.0386730892246948,0.04781123665941792,0.033928070858497424,0.0386730892246948,0.1454691470165755,0.10322861052227884,0.11766567223699083,defined,1.0299067154662112e-11
1.0,150.0,0.5389559587975633,p_ref,1.0,0.0,0.0,0.0,2.517086523830748,1.6897975628980855,PASS,observed_or_interpolated,observed_or_interpolated,observed_or_interpolated,within_registered_support,in_support,modeled_scenario,-0.12034501948003637,-0.0005693325995224448,-0.36122993034574546,analytic,-0.12034501948310349,-0.0005693325995833239,-0.3612299303473518,0.04781123665941792,0.033928070858497424,0.07734617845414399,0.04781123665941792,0.033928070858497424,0.07734617845414399,0.1454691470165755,0.10322861052227884,0.23533134448844725,defined,3.0671160056172653e-12
1.0,150.0,0.5389559587975633,p_ref,1.0,0.25,0.12055625000000003,0.0,2.517086523830748,1.6897975628980855,PASS,observed_or_interpolated,observed_or_interpolated,observed_or_interpolated,within_registered_support,in_support,modeled_scenario,-0.12034501948003637,-0.0005693325995224448,-0.36122993034574546,analytic,-0.12034501948310349,-0.0005693325995833239,-0.3612299303473518,0.04781123665941792,0.033928070858497424,0.07734617845414399,0.04781123665941792,0.033928070858497424,0.07734617845414399,0.1454691470165755,0.10322861052227884,0.23533134448844725,defined,3.0671160056172653e-12
1.0,150.0,0.5389559587975633,p_ref,1.0,0.5,0.24111250000000006,0.0,2.517086523830748,1.6897975628980855,PASS,observed_or_interpolated,observed_or_interpolated,observed_or_interpolated,within_registered_support,in_support,modeled_scenario,-0.12034501948003637,-0.0005693325995224448,-0.36122993034574546,analytic,-0.12034501948310349,-0.0005693325995833239,-0.3612299303473518,0.04781123665941792,0.033928070858497424,0.07734617845414399,0.04781123665941792,0.033928070858497424,0.07734617845414399,0.1454691470165755,0.10322861052227884,0.23533134448844725,defined,3.0671160056172653e-12
1.0,150.0,0.5389559587975633,p_ref,1.0,1.0,0.4822250000000001,0.0,2.517086523830748,1.6897975628980855,PASS,observed_or_interpolated,observed_or_interpolated,observed_or_interpolated,within_registered_support,in_support,modeled_scenario,-0.12034501948003637,-0.0005693325995224448,-0.36122993034574546,analytic,-0.12034501948310349,-0.0005693325995833239,-0.3612299303473518,0.04781123665941792,0.033928070858497424,0.07734617845414399,0.04781123665941792,0.033928070858497424,0.07734617845414399,0.1454691470165755,0.10322861052227884,0.23533134448844725,defined,3.0671160056172653e-12
1.0,150.0,0.5389559587975633,p_ref,1.5,0.0,0.0,0.0,2.517086523830748,1.6897975628980855,PASS,observed_or_interpolated,observed_or_interpolated,observed_or_interpolated,within_registered_support,in_support,modeled_scenario,-0.12034501948003637,-0.0005693325995224448,-0.5418448955186181,analytic,-0.12034501948310349,-0.0005693325995833239,-0.5418448955099254,0.04781123665941792,0.033928070858497424,0.11601926767883879,0.04781123665941792,0.033928070858497424,0.11601926767883879,0.1454691470165755,0.10322861052227884,0.35299701672543804,defined,8.692713215907588e-12
1.0,150.0,0.5389559587975633,p_ref,1.5,0.25,0.12055625000000003,0.0,2.517086523830748,1.6897975628980855,PASS,observed_or_interpolated,observed_or_interpolated,observed_or_interpolated,within_registered_support,in_support,modeled_scenario,-0.12034501948003637,-0.0005693325995224448,-0.5418448955186181,analytic,-0.12034501948310349,-0.0005693325995833239,-0.5418448955099254,0.04781123665941792,0.033928070858497424,0.11601926767883879,0.04781123665941792,0.033928070858497424,0.11601926767883879,0.1454691470165755,0.10322861052227884,0.35299701672543804,defined,8.692713215907588e-12
1.0,150.0,0.5389559587975633,p_ref,1.5,0.5,0.24111250000000006,0.0,2.517086523830748,1.6897975628980855,PASS,observed_or_interpolated,observed_or_interpolated,observed_or_interpolated,within_registered_support,in_support,modeled_scenario,-0.12034501948003637,-0.0005693325995224448,-0.5418448955186181,analytic,-0.12034501948310349,-0.0005693325995833239,-0.5418448955099254,0.04781123665941792,0.033928070858497424,0.11601926767883879,0.04781123665941792,0.033928070858497424,0.11601926767883879,0.1454691470165755,0.10322861052227884,0.35299701672543804,defined,8.692713215907588e-12
1.0,150.0,0.5389559587975633,p_ref,1.5,1.0,0.4822250000000001,0.0,2.517086523830748,1.6897975628980855,PASS,observed_or_interpolated,observed_or_interpolated,observed_or_interpolated,within_registered_support,in_support,modeled_scenario,-0.12034501948003637,-0.0005693325995224448,-0.5418448955186181,analytic,-0.12034501948310349,-0.0005693325995833239,-0.5418448955099254,0.04781123665941792,0.033928070858497424,0.11601926767883879,0.04781123665941792,0.033928070858497424,0.11601926767883879,0.1454691470165755,0.10322861052227884,0.35299701672543804,defined,8.692713215907588e-12
1.0,150.0,0.5389559587975633,p_star_sensitivity,0.5,0.0,0.0,-2.2897634910840576,2.517086523830748,1.6897975628980855,PASS,observed_or_interpolated,observed_or_interpolated,observed_or_interpolated,within_registered_support,in_support,modeled_scenario,-0.12034501948003637,-0.0005693325995224448,-0.18061496517287273,analytic,-0.12034501948310349,-0.0005693325995833239,-0.18061496516257367,0.04781123665941792,0.033928070858497424,0.0386730892246948,0.04781123665941792,0.033928070858497424,0.0386730892246948,0.1454691470165755,0.10322861052227884,0.11766567223699083,defined,1.0299067154662112e-11
1.0,150.0,0.5389559587975633,p_star_sensitivity,0.5,0.25,0.12055625000000003,-2.2897634910840576,2.2410412239587454,1.6897975628980855,PASS,observed_or_interpolated,observed_or_interpolated,observed_or_interpolated,within_registered_support,in_support,modeled_scenario,-0.11229261194889023,-0.0005693325995224448,-0.18061496517287273,analytic,-0.11229261196454841,-0.0005693325995833239,-0.18061496516257367,0.05010733884055297,0.038107237396839015,0.043436734086679765,0.05010733884055297,0.038107237396839015,0.043436734086679765,0.2037077610080518,0.15492221674382395,0.17658889997044613,defined,1.565818308346678e-11
1.0,150.0,0.5389559587975633,p_star_sensitivity,0.5,0.5,0.24111250000000006,-2.2897634910840576,1.9649959240867432,1.6897975628980855,PASS,observed_or_interpolated,observed_or_interpolated,observed_or_interpolated,within_registered_support,in_support,modeled_scenario,-0.10424020441774409,-0.0005693325995224448,-0.18061496517287273,analytic,-0.10424020442378888,-0.0005693325995833239,-0.18061496516257367,0.05304856012474216,0.04346059393338908,0.04953878556650188,0.05304856012474216,0.04346059393338908,0.04953878556650188,0.37878206822724764,0.3103212154630314,0.3537212623720936,defined,1.0299067154662112e-11
1.0,150.0,0.5389559587975633,p_star_sensitivity,0.5,1.0,0.4822250000000001,-2.2897634910840576,1.412905324342738,1.6897975628980855,VIOLATION,observed_or_interpolated,observed_or_interpolated,observed_or_interpolated,within_registered_support,in_support,modeled_scenario,-0.08813538935545182,-0.0005693325995224448,-0.18061496517287273,analytic,-0.08813538935337205,-0.0005693325995833239,-0.18061496516257367,0.06237883588864759,0.060442754702779045,0.06889599044271852,0.06237883588864759,0.060442754702779045,0.06889599044271852,,,,undefined_L_le_E,1.0299067154662112e-11
1.0,150.0,0.5389559587975633,p_star_sensitivity,1.0,0.0,0.0,-2.2897634910840576,2.517086523830748,1.6897975628980855,PASS,observed_or_interpolated,observed_or_interpolated,observed_or_interpolated,within_registered_support,in_support,modeled_scenario,-0.12034501948003637,-0.0005693325995224448,-0.36122993034574546,analytic,-0.12034501948310349,-0.0005693325995833239,-0.3612299303473518,0.04781123665941792,0.033928070858497424,0.07734617845414399,0.04781123665941792,0.033928070858497424,0.07734617845414399,0.1454691470165755,0.10322861052227884,0.23533134448844725,defined,3.0671160056172653e-12
1.0,150.0,0.5389559587975633,p_star_sensitivity,1.0,0.25,0.12055625000000003,-2.2897634910840576,2.2410412239587454,1.6897975628980855,PASS,observed_or_interpolated,observed_or_interpolated,observed_or_interpolated,within_registered_support,in_support,modeled_scenario,-0.11229261194889023,-0.0005693325995224448,-0.36122993034574546,analytic,-0.11229261196454841,-0.0005693325995833239,-0.3612299303473518,0.05010733884055297,0.038107237396839015,0.08687346817869956,0.05010733884055297,0.038107237396839015,0.08687346817869956,0.2037077610080518,0.15492221674382395,0.3531777999626018,defined,1.565818308346678e-11
1.0,150.0,0.5389559587975633,p_star_sensitivity,1.0,0.5,0.24111250000000006,-2.2897634910840576,1.9649959240867432,1.6897975628980855,PASS,observed_or_interpolated,observed_or_interpolated,observed_or_interpolated,within_registered_support,in_support,modeled_scenario,-0.10424020441774409,-0.0005693325995224448,-0.36122993034574546,analytic,-0.10424020442378888,-0.0005693325995833239,-0.3612299303473518,0.05304856012474216,0.04346059393338908,0.09907757113909398,0.05304856012474216,0.04346059393338908,0.09907757113909398,0.37878206822724764,0.3103212154630314,0.7074425247876731,defined,6.044789668813166e-12
1.0,150.0,0.5389559587975633,p_star_sensitivity,1.0,1.0,0.4822250000000001,-2.2897634910840576,1.412905324342738,1.6897975628980855,VIOLATION,observed_or_interpolated,observed_or_interpolated,observed_or_interpolated,within_registered_support,in_support,modeled_scenario,-0.08813538935545182,-0.0005693325995224448,-0.36122993034574546,analytic,-0.08813538935337205,-0.0005693325995833239,-0.3612299303473518,0.06237883588864759,0.060442754702779045,0.13779198089390698,0.06237883588864759,0.060442754702779045,0.13779198089390698,,,,undefined_L_le_E,2.079766914242498e-12
1.0,150.0,0.5389559587975633,p_star_sensitivity,1.5,0.0,0.0,-2.2897634910840576,2.517086523830748,1.6897975628980855,PASS,observed_or_interpolated,observed_or_interpolated,observed_or_interpolated,within_registered_support,in_support,modeled_scenario,-0.12034501948003637,-0.0005693325995224448,-0.5418448955186181,analytic,-0.12034501948310349,-0.0005693325995833239,-0.5418448955099254,0.04781123665941792,0.033928070858497424,0.11601926767883879,0.04781123665941792,0.033928070858497424,0.11601926767883879,0.1454691470165755,0.10322861052227884,0.35299701672543804,defined,8.692713215907588e-12
1.0,150.0,0.5389559587975633,p_star_sensitivity,1.5,0.25,0.12055625000000003,-2.2897634910840576,2.2410412239587454,1.6897975628980855,PASS,observed_or_interpolated,observed_or_interpolated,observed_or_interpolated,within_registered_support,in_support,modeled_scenario,-0.11229261194889023,-0.0005693325995224448,-0.5418448955186181,analytic,-0.11229261196454841,-0.0005693325995833239,-0.5418448955099254,0.05010733884055297,0.038107237396839015,0.13031020226537932,0.05010733884055297,0.038107237396839015,0.13031020226537932,0.2037077610080518,0.15492221674382395,0.5297666999330479,defined,1.565818308346678e-11
1.0,150.0,0.5389559587975633,p_star_sensitivity,1.5,0.5,0.24111250000000006,-2.2897634910840576,1.9649959240867432,1.6897975628980855,PASS,observed_or_interpolated,observed_or_interpolated,observed_or_interpolated,within_registered_support,in_support,modeled_scenario,-0.10424020441774409,-0.0005693325995224448,-0.5418448955186181,analytic,-0.10424020442378888,-0.0005693325995833239,-0.5418448955099254,0.05304856012474216,0.04346059393338908,0.14861635670559584,0.05304856012474216,0.04346059393338908,0.14861635670559584,0.37878206822724764,0.3103212154630314,1.0611637871597668,defined,8.692713215907588e-12
1.0,150.0,0.5389559587975633,p_star_sensitivity,1.5,1.0,0.4822250000000001,-2.2897634910840576,1.412905324342738,1.6897975628980855,VIOLATION,observed_or_interpolated,observed_or_interpolated,observed_or_interpolated,within_registered_support,in_support,modeled_scenario,-0.08813538935545182,-0.0005693325995224448,-0.5418448955186181,analytic,-0.08813538935337205,-0.0005693325995833239,-0.5418448955099254,0.06237883588864759,0.060442754702779045,0.20668797133662548,0.06237883588864759,0.060442754702779045,0.20668797133662548,,,,undefined_L_le_E,8.692713215907588e-12
1.0,150.0,0.8,p_ref,0.5,0.0,0.0,0.0,2.469866007375489,1.6897975628980855,PASS,observed_or_interpolated,observed_or_interpolated,observed_or_interpolated,within_registered_support,in_support,modeled_scenario,-0.12034501948003637,-0.0005693325995224448,-0.18119971651104547,analytic,-0.12034501948310349,-0.0005693325995833239,-0.18119971649881747,0.04872532320527932,0.03457672994505706,0.05869135117701794,0.04872532320527932,0.03457672994505706,0.05869135117701794,0.15427494899338873,0.10947743181011652,0.18582955665661863,defined,1.2227996393221474e-11
1.0,150.0,0.8,p_ref,0.5,0.25,0.12055625000000003,0.0,2.469866007375489,1.6897975628980855,PASS,observed_or_interpolated,observed_or_interpolated,observed_or_interpolated,within_registered_support,in_support,modeled_scenario,-0.12034501948003637,-0.0005693325995224448,-0.18119971651104547,analytic,-0.12034501948310349,-0.0005693325995833239,-0.18119971649881747,0.04872532320527932,0.03457672994505706,0.05869135117701794,0.04872532320527932,0.03457672994505706,0.05869135117701794,0.15427494899338873,0.10947743181011652,0.18582955665661863,defined,1.2227996393221474e-11
1.0,150.0,0.8,p_ref,0.5,0.5,0.24111250000000006,0.0,2.469866007375489,1.6897975628980855,PASS,observed_or_interpolated,observed_or_interpolated,observed_or_interpolated,within_registered_support,in_support,modeled_scenario,-0.12034501948003637,-0.0005693325995224448,-0.18119971651104547,analytic,-0.12034501948310349,-0.0005693325995833239,-0.18119971649881747,0.04872532320527932,0.03457672994505706,0.05869135117701794,0.04872532320527932,0.03457672994505706,0.05869135117701794,0.15427494899338873,0.10947743181011652,0.18582955665661863,defined,1.2227996393221474e-11
1.0,150.0,0.8,p_ref,0.5,1.0,0.4822250000000001,0.0,2.469866007375489,1.6897975628980855,PASS,observed_or_interpolated,observed_or_interpolated,observed_or_interpolated,within_registered_support,in_support,modeled_scenario,-0.12034501948003637,-0.0005693325995224448,-0.18119971651104547,analytic,-0.12034501948310349,-0.0005693325995833239,-0.18119971649881747,0.04872532320527932,0.03457672994505706,0.05869135117701794,0.04872532320527932,0.03457672994505706,0.05869135117701794,0.15427494899338873,0.10947743181011652,0.18582955665661863,defined,1.2227996393221474e-11
1.0,150.0,0.8,p_ref,1.0,0.0,0.0,0.0,2.4224589694587624,1.6897975628980855,PASS,observed_or_interpolated,observed_or_interpolated,observed_or_interpolated,within_registered_support,in_support,modeled_scenario,-0.12034501948003637,-0.0005693325995224448,-0.3641718443337616,analytic,-0.12034501948310349,-0.0005693325995833239,-0.3641718443264583,0.04967886804290913,0.035253389640105666,0.12026518472932432,0.04967886804290913,0.035253389640105666,0.12026518472932432,0.16425734780822915,0.11656119617162612,0.3976427212520835,defined,7.303269100589205e-12
1.0,150.0,0.8,p_ref,1.0,0.25,0.12055625000000003,0.0,2.4224589694587624,1.6897975628980855,PASS,observed_or_interpolated,observed_or_interpolated,observed_or_interpolated,within_registered_support,in_support,modeled_scenario,-0.12034501948003637,-0.0005693325995224448,-0.3641718443337616,analytic,-0.12034501948310349,-0.0005693325995833239,-0.3641718443264583,0.04967886804290913,0.035253389640105666,0.12026518472932432,0.04967886804290913,0.035253389640105666,0.12026518472932432,0.16425734780822915,0.11656119617162612,0.3976427212520835,defined,7.303269100589205e-12
1.0,150.0,0.8,p_ref,1.0,0.5,0.24111250000000006,0.0,2.4224589694587624,1.6897975628980855,PASS,observed_or_interpolated,observed_or_interpolated,observed_or_interpolated,within_registered_support,in_support,modeled_scenario,-0.12034501948003637,-0.0005693325995224448,-0.3641718443337616,analytic,-0.12034501948310349,-0.0005693325995833239,-0.3641718443264583,0.04967886804290913,0.035253389640105666,0.12026518472932432,0.04967886804290913,0.035253389640105666,0.12026518472932432,0.16425734780822915,0.11656119617162612,0.3976427212520835,defined,7.303269100589205e-12
1.0,150.0,0.8,p_ref,1.0,1.0,0.4822250000000001,0.0,2.4224589694587624,1.6897975628980855,PASS,observed_or_interpolated,observed_or_interpolated,observed_or_interpolated,within_registered_support,in_support,modeled_scenario,-0.12034501948003637,-0.0005693325995224448,-0.3641718443337616,analytic,-0.12034501948310349,-0.0005693325995833239,-0.3641718443264583,0.04967886804290913,0.035253389640105666,0.12026518472932432,0.04967886804290913,0.035253389640105666,0.12026518472932432,0.16425734780822915,0.11656119617162612,0.3976427212520835,defined,7.303269100589205e-12
1.0,150.0,0.8,p_ref,1.5,0.0,0.0,0.0,2.3747240777651024,1.6897975628980855,PASS,observed_or_interpolated,observed_or_interpolated,observed_or_interpolated,within_registered_support,in_support,modeled_scenario,-0.12034501948003637,-0.0005693325995224448,-0.5518959115697479,analytic,-0.12034501948310349,-0.0005693325995833239,-0.5518959116182635,0.05067747474745043,0.03596202638323777,0.1859233809218503,0.05067747474745043,0.03596202638323777,0.1859233809218503,0.17570500903512148,0.12468474804786839,0.6446191229439179,defined,4.851552493079225e-11
1.0,150.0,0.8,p_ref,1.5,0.25,0.12055625000000003,0.0,2.3747240777651024,1.6897975628980855,PASS,observed_or_interpolated,observed_or_interpolated,observed_or_interpolated,within_registered_support,in_support,modeled_scenario,-0.12034501948003637,-0.0005693325995224448,-0.5518959115697479,analytic,-0.12034501948310349,-0.0005693325995833239,-0.5518959116182635,0.05067747474745043,0.03596202638323777,0.1859233809218503,0.05067747474745043,0.03596202638323777,0.1859233809218503,0.17570500903512148,0.12468474804786839,0.6446191229439179,defined,4.851552493079225e-11
1.0,150.0,0.8,p_ref,1.5,0.5,0.24111250000000006,0.0,2.3747240777651024,1.6897975628980855,PASS,observed_or_interpolated,observed_or_interpolated,observed_or_interpolated,within_registered_support,in_support,modeled_scenario,-0.12034501948003637,-0.0005693325995224448,-0.5518959115697479,analytic,-0.12034501948310349,-0.0005693325995833239,-0.5518959116182635,0.05067747474745043,0.03596202638323777,0.1859233809218503,0.05067747474745043,0.03596202638323777,0.1859233809218503,0.17570500903512148,0.12468474804786839,0.6446191229439179,defined,4.851552493079225e-11
1.0,150.0,0.8,p_ref,1.5,1.0,0.4822250000000001,0.0,2.3747240777651024,1.6897975628980855,PASS,observed_or_interpolated,observed_or_interpolated,observed_or_interpolated,within_registered_support,in_support,modeled_scenario,-0.12034501948003637,-0.0005693325995224448,-0.5518959115697479,analytic,-0.12034501948310349,-0.0005693325995833239,-0.5518959116182635,0.05067747474745043,0.03596202638323777,0.1859233809218503,0.05067747474745043,0.03596202638323777,0.1859233809218503,0.17570500903512148,0.12468474804786839,0.6446191229439179,defined,4.851552493079225e-11
1.0,150.0,0.8,p_star_sensitivity,0.5,0.0,0.0,-2.2897634910840576,2.469866007375489,1.6897975628980855,PASS,observed_or_interpolated,observed_or_interpolated,observed_or_interpolated,within_registered_support,in_support,modeled_scenario,-0.12034501948003637,-0.0005693325995224448,-0.18119971651104547,analytic,-0.12034501948310349,-0.0005693325995833239,-0.18119971649881747,0.04872532320527932,0.03457672994505706,0.05869135117701794,0.04872532320527932,0.03457672994505706,0.05869135117701794,0.15427494899338873,0.10947743181011652,0.18582955665661863,defined,1.2227996393221474e-11
1.0,150.0,0.8,p_star_sensitivity,0.5,0.25,0.12055625000000003,-2.2897634910840576,2.193820707503486,1.6897975628980855,PASS,observed_or_interpolated,observed_or_interpolated,observed_or_interpolated,within_registered_support,in_support,modeled_scenario,-0.11229261194889023,-0.0005693325995224448,-0.18119971651104547,analytic,-0.11229261196454841,-0.0005693325995833239,-0.18119971649881747,0.051185865636364895,0.03892747007328669,0.06607639936265103,0.051185865636364895,0.03892747007328669,0.06607639936265103,0.22279257047305281,0.16943644523379595,0.2876053902495745,defined,1.565818308346678e-11
1.0,150.0,0.8,p_star_sensitivity,0.5,0.5,0.24111250000000006,-2.2897634910840576,1.917775407631484,1.6897975628980855,PASS,observed_or_interpolated,observed_or_interpolated,observed_or_interpolated,within_registered_support,in_support,modeled_scenario,-0.10424020441774409,-0.0005693325995224448,-0.18119971651104547,analytic,-0.10424020442378888,-0.0005693325995833239,-0.18119971649881747,0.05435475082691199,0.0445307044806515,0.07558746067042547,0.05435475082691199,0.0445307044806515,0.07558746067042547,0.4572383099142346,0.37459732123253825,0.6358502659263783,defined,1.2227996393221474e-11
1.0,150.0,0.8,p_star_sensitivity,0.5,1.0,0.4822250000000001,-2.2897634910840576,1.3656848078874788,1.6897975628980855,VIOLATION,observed_or_interpolated,observed_or_interpolated,observed_or_interpolated,within_registered_support,in_support,modeled_scenario,-0.08813538935545182,-0.0005693325995224448,-0.18119971651104547,analytic,-0.08813538935337205,-0.0005693325995833239,-0.18119971649881747,0.06453567385706298,0.06253264987958689,0.10614438438638432,0.06453567385706298,0.06253264987958689,0.10614438438638432,,,,undefined_L_le_E,1.2227996393221474e-11
1.0,150.0,0.8,p_star_sensitivity,1.0,0.0,0.0,-2.2897634910840576,2.4224589694587624,1.6897975628980855,PASS,observed_or_interpolated,observed_or_interpolated,observed_or_interpolated,within_registered_support,in_support,modeled_scenario,-0.12034501948003637,-0.0005693325995224448,-0.3641718443337616,analytic,-0.12034501948310349,-0.0005693325995833239,-0.3641718443264583,0.04967886804290913,0.035253389640105666,0.12026518472932432,0.04967886804290913,0.035253389640105666,0.12026518472932432,0.16425734780822915,0.11656119617162612,0.3976427212520835,defined,7.303269100589205e-12
1.0,150.0,0.8,p_star_sensitivity,1.0,0.25,0.12055625000000003,-2.2897634910840576,2.1464136695867597,1.6897975628980855,PASS,observed_or_interpolated,observed_or_interpolated,observed_or_interpolated,within_registered_support,in_support,modeled_scenario,-0.11229261194889023,-0.0005693325995224448,-0.3641718443337616,analytic,-0.11229261196454841,-0.0005693325995833239,-0.3641718443264583,0.052316388753789314,0.03978724658138255,0.13573221210301772,0.052316388753789314,0.03978724658138255,0.13573221210301772,0.24592345806388893,0.18702776508872723,0.6380359150576431,defined,1.565818308346678e-11
1.0,150.0,0.8,p_star_sensitivity,1.0,0.5,0.24111250000000006,-2.2897634910840576,1.8703683697147575,1.6897975628980855,PASS,observed_or_interpolated,observed_or_interpolated,observed_or_interpolated,within_registered_support,in_support,modeled_scenario,-0.10424020441774409,-0.0005693325995224448,-0.3641718443337616,analytic,-0.10424020442378888,-0.0005693325995833239,-0.3641718443264583,0.05573244613823647,0.04565939593520959,0.155764757455558,0.05573244613823647,0.04565939593520959,0.155764757455558,0.5772816008382836,0.47294405692168423,1.6134251189172157,defined,7.303269100589205e-12
1.0,150.0,0.8,p_star_sensitivity,1.0,1.0,0.4822250000000001,-2.2897634910840576,1.3182777699707524,1.6897975628980855,VIOLATION,observed_or_interpolated,observed_or_interpolated,observed_or_interpolated,within_registered_support,in_support,modeled_scenario,-0.08813538935545182,-0.0005693325995224448,-0.3641718443337616,analytic,-0.08813538935337205,-0.0005693325995833239,-0.3641718443264583,0.06685646330463985,0.0647814078966023,0.22099854984858794,0.06685646330463985,0.0647814078966023,0.22099854984858794,,,,undefined_L_le_E,7.303269100589205e-12
1.0,150.0,0.8,p_star_sensitivity,1.5,0.0,0.0,-2.2897634910840576,2.3747240777651024,1.6897975628980855,PASS,observed_or_interpolated,observed_or_interpolated,observed_or_interpolated,within_registered_support,in_support,modeled_scenario,-0.12034501948003637,-0.0005693325995224448,-0.5518959115697479,analytic,-0.12034501948310349,-0.0005693325995833239,-0.5518959116182635,0.05067747474745043,0.03596202638323777,0.1859233809218503,0.05067747474745043,0.03596202638323777,0.1859233809218503,0.17570500903512148,0.12468474804786839,0.6446191229439179,defined,4.851552493079225e-11
1.0,150.0,0.8,p_star_sensitivity,1.5,0.25,0.12055625000000003,-2.2897634910840576,2.0986787778930998,1.6897975628980855,PASS,observed_or_interpolated,observed_or_interpolated,observed_or_interpolated,within_registered_support,in_support,modeled_scenario,-0.11229261194889023,-0.0005693325995224448,-0.5518959115697479,analytic,-0.11229261194234395,-0.0005693325995833239,-0.5518959116182635,0.053506336045898585,0.04069221590129816,0.2103784218649493,0.053506336045898585,0.04069221590129816,0.2103784218649493,0.27463382474959924,0.20886234633826334,1.0798166144658772,defined,4.851552493079225e-11
1.0,150.0,0.8,p_star_sensitivity,1.5,0.5,0.24111250000000006,-2.2897634910840576,1.8226334780210975,1.6897975628980855,PASS,observed_or_interpolated,observed_or_interpolated,observed_or_interpolated,within_registered_support,in_support,modeled_scenario,-0.10424020441774409,-0.0005693325995224448,-0.5518959115697479,analytic,-0.10424020442378888,-0.0005693325995833239,-0.5518959116182635,0.05719208259960551,0.04685521854356614,0.24224109488759213,0.05719208259960551,0.04685521854356614,0.24224109488759213,0.7847290721583672,0.6428975918027472,3.3237752672968472,defined,4.851552493079225e-11
1.0,150.0,0.8,p_star_sensitivity,1.5,1.0,0.4822250000000001,-2.2897634910840576,1.2705428782770924,1.6897975628980855,VIOLATION,observed_or_interpolated,observed_or_interpolated,observed_or_interpolated,within_registered_support,in_support,modeled_scenario,-0.08813538935545182,-0.0005693325995224448,-0.5518959115697479,analytic,-0.08813538935337205,-0.0005693325995833239,-0.5518959116182635,0.0693682919799505,0.06721527576724076,0.3475024234469956,0.0693682919799505,0.06721527576724076,0.3475024234469956,,,,undefined_L_le_E,4.851552493079225e-11
1.0,600.0,0.4,p_ref,0.5,0.0,0.0,0.0,2.4440410828033223,1.6897975628980855,PASS,observed_or_interpolated,observed_or_interpolated,observed_or_interpolated,within_registered_support,in_support,modeled_scenario,-0.12034501948003637,-9.656119614207528e-05,-0.18036891076713943,analytic,-0.12034501948310349,-9.656119615009118e-05,-0.18036891076249342,0.0492401786246029,0.023705296157952107,0.02951978377640195,0.0492401786246029,0.023705296157952107,0.02951978377640195,0.15955724684015002,0.07681433934935746,0.09565553087424866,defined,4.646005802300124e-12
1.0,600.0,0.4,p_ref,0.5,0.25,0.12055625000000003,0.0,2.4440410828033223,1.6897975628980855,PASS,observed_or_interpolated,observed_or_interpolated,observed_or_interpolated,within_registered_support,in_support,modeled_scenario,-0.12034501948003637,-9.656119614207528e-05,-0.18036891076713943,analytic,-0.12034501948310349,-9.656119615009118e-05,-0.18036891076249342,0.0492401786246029,0.023705296157952107,0.02951978377640195,0.0492401786246029,0.023705296157952107,0.02951978377640195,0.15955724684015002,0.07681433934935746,0.09565553087424866,defined,4.646005802300124e-12
1.0,600.0,0.4,p_ref,0.5,0.5,0.24111250000000006,0.0,2.4440410828033223,1.6897975628980855,PASS,observed_or_interpolated,observed_or_interpolated,observed_or_interpolated,within_registered_support,in_support,modeled_scenario,-0.12034501948003637,-9.656119614207528e-05,-0.18036891076713943,analytic,-0.12034501948310349,-9.656119615009118e-05,-0.18036891076249342,0.0492401786246029,0.023705296157952107,0.02951978377640195,0.0492401786246029,0.023705296157952107,0.02951978377640195,0.15955724684015002,0.07681433934935746,0.09565553087424866,defined,4.646005802300124e-12
1.0,600.0,0.4,p_ref,0.5,1.0,0.4822250000000001,0.0,2.4440410828033223,1.6897975628980855,PASS,observed_or_interpolated,observed_or_interpolated,observed_or_interpolated,within_registered_support,in_support,modeled_scenario,-0.12034501948003637,-9.656119614207528e-05,-0.18036891076713943,analytic,-0.12034501948310349,-9.656119615009118e-05,-0.18036891076249342,0.0492401786246029,0.023705296157952107,0.02951978377640195,0.0492401786246029,0.023705296157952107,0.02951978377640195,0.15955724684015002,0.07681433934935746,0.09565553087424866,defined,4.646005802300124e-12
1.0,600.0,0.4,p_ref,1.0,0.0,0.0,0.0,2.469089138516878,1.6897975628980855,PASS,observed_or_interpolated,observed_or_interpolated,observed_or_interpolated,within_registered_support,in_support,modeled_scenario,-0.12034501948003637,-9.656119614207528e-05,-0.36030691448978786,analytic,-0.12034501948310349,-9.656119615009118e-05,-0.36030691448160673,0.04874065403543585,0.02346481412366339,0.05837082329041136,0.04874065403543585,0.02346481412366339,0.05837082329041136,0.15442874432146164,0.07434536635924796,0.1849407465725557,defined,8.181122446160316e-12
1.0,600.0,0.4,p_ref,1.0,0.25,0.12055625000000003,0.0,2.469089138516878,1.6897975628980855,PASS,observed_or_interpolated,observed_or_interpolated,observed_or_interpolated,within_registered_support,in_support,modeled_scenario,-0.12034501948003637,-9.656119614207528e-05,-0.36030691448978786,analytic,-0.12034501948310349,-9.656119615009118e-05,-0.36030691448160673,0.04874065403543585,0.02346481412366339,0.05837082329041136,0.04874065403543585,0.02346481412366339,0.05837082329041136,0.15442874432146164,0.07434536635924796,0.1849407465725557,defined,8.181122446160316e-12
1.0,600.0,0.4,p_ref,1.0,0.5,0.24111250000000006,0.0,2.469089138516878,1.6897975628980855,PASS,observed_or_interpolated,observed_or_interpolated,observed_or_interpolated,within_registered_support,in_support,modeled_scenario,-0.12034501948003637,-9.656119614207528e-05,-0.36030691448978786,analytic,-0.12034501948310349,-9.656119615009118e-05,-0.36030691448160673,0.04874065403543585,0.02346481412366339,0.05837082329041136,0.04874065403543585,0.02346481412366339,0.05837082329041136,0.15442874432146164,0.07434536635924796,0.1849407465725557,defined,8.181122446160316e-12
1.0,600.0,0.4,p_ref,1.0,1.0,0.4822250000000001,0.0,2.469089138516878,1.6897975628980855,PASS,observed_or_interpolated,observed_or_interpolated,observed_or_interpolated,within_registered_support,in_support,modeled_scenario,-0.12034501948003637,-9.656119614207528e-05,-0.36030691448978786,analytic,-0.12034501948310349,-9.656119615009118e-05,-0.36030691448160673,0.04874065403543585,0.02346481412366339,0.05837082329041136,0.04874065403543585,0.02346481412366339,0.05837082329041136,0.15442874432146164,0.07434536635924796,0.1849407465725557,defined,8.181122446160316e-12
1.0,600.0,0.4,p_ref,1.5,0.0,0.0,0.0,2.494108977265362,1.6897975628980855,PASS,observed_or_interpolated,observed_or_interpolated,observed_or_interpolated,within_registered_support,in_support,modeled_scenario,-0.12034501948003637,-9.656119614207528e-05,-0.5398855613428658,analytic,-0.12034501948310349,-9.656119615009118e-05,-0.5398855613453365,0.0482517085580817,0.02322942510458335,0.0865857211960783,0.0482517085580817,0.02322942510458335,0.0865857211960783,0.14962490564400935,0.07203269362480882,0.2684957849417295,defined,3.0671160056172653e-12
1.0,600.0,0.4,p_ref,1.5,0.25,0.12055625000000003,0.0,2.494108977265362,1.6897975628980855,PASS,observed_or_interpolated,observed_or_interpolated,observed_or_interpolated,within_registered_support,in_support,modeled_scenario,-0.12034501948003637,-9.656119614207528e-05,-0.5398855613428658,analytic,-0.12034501948310349,-9.656119615009118e-05,-0.5398855613453365,0.0482517085580817,0.02322942510458335,0.0865857211960783,0.0482517085580817,0.02322942510458335,0.0865857211960783,0.14962490564400935,0.07203269362480882,0.2684957849417295,defined,3.0671160056172653e-12
1.0,600.0,0.4,p_ref,1.5,0.5,0.24111250000000006,0.0,2.494108977265362,1.6897975628980855,PASS,observed_or_interpolated,observed_or_interpolated,observed_or_interpolated,within_registered_support,in_support,modeled_scenario,-0.12034501948003637,-9.656119614207528e-05,-0.5398855613428658,analytic,-0.12034501948310349,-9.656119615009118e-05,-0.5398855613453365,0.0482517085580817,0.02322942510458335,0.0865857211960783,0.0482517085580817,0.02322942510458335,0.0865857211960783,0.14962490564400935,0.07203269362480882,0.2684957849417295,defined,3.0671160056172653e-12
1.0,600.0,0.4,p_ref,1.5,1.0,0.4822250000000001,0.0,2.494108977265362,1.6897975628980855,PASS,observed_or_interpolated,observed_or_interpolated,observed_or_interpolated,within_registered_support,in_support,modeled_scenario,-0.12034501948003637,-9.656119614207528e-05,-0.5398855613428658,analytic,-0.12034501948310349,-9.656119615009118e-05,-0.5398855613453365,0.0482517085580817,0.02322942510458335,0.0865857211960783,0.0482517085580817,0.02322942510458335,0.0865857211960783,0.14962490564400935,0.07203269362480882,0.2684957849417295,defined,3.0671160056172653e-12
1.0,600.0,0.4,p_star_sensitivity,0.5,0.0,0.0,-2.2897634910840576,2.4440410828033223,1.6897975628980855,PASS,observed_or_interpolated,observed_or_interpolated,observed_or_interpolated,within_registered_support,in_support,modeled_scenario,-0.12034501948003637,-9.656119614207528e-05,-0.18036891076713943,analytic,-0.12034501948310349,-9.656119615009118e-05,-0.18036891076249342,0.0492401786246029,0.023705296157952107,0.02951978377640195,0.0492401786246029,0.023705296157952107,0.02951978377640195,0.15955724684015002,0.07681433934935746,0.09565553087424866,defined,4.646005802300124e-12
1.0,600.0,0.4,p_star_sensitivity,0.5,0.25,0.12055625000000003,-2.2897634910840576,2.1679957829313197,1.6897975628980855,PASS,observed_or_interpolated,observed_or_interpolated,observed_or_interpolated,within_registered_support,in_support,modeled_scenario,-0.11229261194889023,-9.656119614207528e-05,-0.18036891076713943,analytic,-0.11229261196454841,-9.656119615009118e-05,-0.18036891076249342,0.05179558597328958,0.02672363025158619,0.03327846155099415,0.05179558597328958,0.02672363025158619,0.03327846155099415,0.23482440389833364,0.12115628051904538,0.1508737617216208,defined,1.565818308346678e-11
1.0,600.0,0.4,p_star_sensitivity,0.5,0.5,0.24111250000000006,-2.2897634910840576,1.8919504830593175,1.6897975628980855,PASS,observed_or_interpolated,observed_or_interpolated,observed_or_interpolated,within_registered_support,in_support,modeled_scenario,-0.10424020441774409,-9.656119614207528e-05,-0.18036891076713943,analytic,-0.10424020442378888,-9.656119615009118e-05,-0.18036891076249342,0.05509668744354801,0.03062274526147746,0.0381339601384987,0.05509668744354801,0.03062274526147746,0.0381339601384987,0.5156502529899126,0.2865984703255628,0.3568959787840528,defined,6.044789668813166e-12
1.0,600.0,0.4,p_star_sensitivity,0.5,1.0,0.4822250000000001,-2.2897634910840576,1.3398598833153124,1.6897975628980855,VIOLATION,observed_or_interpolated,observed_or_interpolated,observed_or_interpolated,within_registered_support,in_support,modeled_scenario,-0.08813538935545182,-9.656119614207528e-05,-0.18036891076713943,analytic,-0.08813538935337205,-9.656119615009118e-05,-0.18036891076249342,0.06577955684089315,0.04324087795411688,0.0538470964041982,0.06577955684089315,0.04324087795411688,0.0538470964041982,,,,undefined_L_le_E,4.646005802300124e-12
1.0,600.0,0.4,p_star_sensitivity,1.0,0.0,0.0,-2.2897634910840576,2.469089138516878,1.6897975628980855,PASS,observed_or_interpolated,observed_or_interpolated,observed_or_interpolated,within_registered_support,in_support,modeled_scenario,-0.12034501948003637,-9.656119614207528e-05,-0.36030691448978786,analytic,-0.12034501948310349,-9.656119615009118e-05,-0.36030691448160673,0.04874065403543585,0.02346481412366339,0.05837082329041136,0.04874065403543585,0.02346481412366339,0.05837082329041136,0.15442874432146164,0.07434536635924796,0.1849407465725557,defined,8.181122446160316e-12
1.0,600.0,0.4,p_star_sensitivity,1.0,0.25,0.12055625000000003,-2.2897634910840576,2.193043838644875,1.6897975628980855,PASS,observed_or_interpolated,observed_or_interpolated,observed_or_interpolated,within_registered_support,in_support,modeled_scenario,-0.11229261194889023,-9.656119614207528e-05,-0.36030691448978786,analytic,-0.11229261196454841,-9.656119615009118e-05,-0.36030691448160673,0.051203997834323375,0.02641840380439223,0.06571814172292104,0.051203997834323375,0.02641840380439223,0.06571814172292104,0.22313649872105337,0.11512597406524235,0.28638615472866136,defined,1.565818308346678e-11
1.0,600.0,0.4,p_star_sensitivity,1.0,0.5,0.24111250000000006,-2.2897634910840576,1.916998538772873,1.6897975628980855,PASS,observed_or_interpolated,observed_or_interpolated,observed_or_interpolated,within_registered_support,in_support,modeled_scenario,-0.10424020441774409,-9.656119614207528e-05,-0.36030691448978786,analytic,-0.10424020442378888,-9.656119615009118e-05,-0.36030691448160673,0.054376778237147795,0.030222619641192685,0.07518146877926152,0.054376778237147795,0.030222619641192685,0.07518146877926152,0.4588017459979424,0.2550020635562065,0.6343404346646383,defined,8.181122446160316e-12
1.0,600.0,0.4,p_star_sensitivity,1.0,1.0,0.4822250000000001,-2.2897634910840576,1.3649079390288679,1.6897975628980855,VIOLATION,observed_or_interpolated,observed_or_interpolated,observed_or_interpolated,within_registered_support,in_support,modeled_scenario,-0.08813538935545182,-9.656119614207528e-05,-0.36030691448978786,analytic,-0.08813538935337205,-9.656119615009118e-05,-0.36030691448160673,0.0645724058254657,0.042447344640164295,0.10559156531479043,0.0645724058254657,0.042447344640164295,0.10559156531479043,,,,undefined_L_le_E,8.181122446160316e-12
1.0,600.0,0.4,p_star_sensitivity,1.5,0.0,0.0,-2.2897634910840576,2.494108977265362,1.6897975628980855,PASS,observed_or_interpolated,observed_or_interpolated,observed_or_interpolated,within_registered_support,in_support,modeled_scenario,-0.12034501948003637,-9.656119614207528e-05,-0.5398855613428658,analytic,-0.12034501948310349,-9.656119615009118e-05,-0.5398855613453365,0.0482517085580817,0.02322942510458335,0.0865857211960783,0.0482517085580817,0.02322942510458335,0.0865857211960783,0.14962490564400935,0.07203269362480882,0.2684957849417295,defined,3.0671160056172653e-12
1.0,600.0,0.4,p_star_sensitivity,1.5,0.25,0.12055625000000003,-2.2897634910840576,2.2180636773933595,1.6897975628980855,PASS,observed_or_interpolated,observed_or_interpolated,observed_or_interpolated,within_registered_support,in_support,modeled_scenario,-0.11229261194889023,-9.656119614207528e-05,-0.5398855613428658,analytic,-0.11229261196454841,-9.656119615009118e-05,-0.5398855613453365,0.05062641488116035,0.026120403251065002,0.09736159819898467,0.05062641488116035,0.026120403251065002,0.09736159819898467,0.21256826603734963,0.10967335609896102,0.4087981769272967,defined,1.565818308346678e-11
1.0,600.0,0.4,p_star_sensitivity,1.5,0.5,0.24111250000000006,-2.2897634910840576,1.9420183775213573,1.6897975628980855,PASS,observed_or_interpolated,observed_or_interpolated,observed_or_interpolated,within_registered_support,in_support,modeled_scenario,-0.10424020441774409,-9.656119614207528e-05,-0.5398855613428658,analytic,-0.10424020442378888,-9.656119615009118e-05,-0.5398855613453365,0.05367621935526329,0.029833248933514557,0.11120091706534825,0.05367621935526329,0.029833248933514557,0.11120091706534825,0.4132894605843164,0.2297063300528608,0.8562109549154118,defined,6.044789668813166e-12
1.0,600.0,0.4,p_star_sensitivity,1.5,1.0,0.4822250000000001,-2.2897634910840576,1.3899277777773522,1.6897975628980855,VIOLATION,observed_or_interpolated,observed_or_interpolated,observed_or_interpolated,within_registered_support,in_support,modeled_scenario,-0.08813538935545182,-9.656119614207528e-05,-0.5398855613428658,analytic,-0.08813538935337205,-9.656119615009118e-05,-0.5398855613453365,0.06341004961733354,0.04168325766012239,0.1553708242909349,0.06341004961733354,0.04168325766012239,0.1553708242909349,,,,undefined_L_le_E,2.4706903190008234e-12
1.0,600.0,0.5389559587975633,p_ref,0.5,0.0,0.0,0.0,2.418961056199114,1.6897975628980855,PASS,observed_or_interpolated,observed_or_interpolated,observed_or_interpolated,within_registered_support,in_support,modeled_scenario,-0.12034501948003637,-9.656119614207528e-05,-0.18061496517287273,analytic,-0.12034501948310349,-9.656119615009118e-05,-0.18061496516257367,0.0497507056488955,0.023951075004526947,0.04024186808337383,0.0497507056488955,0.023951075004526947,0.04024186808337383,0.16504531643278542,0.0794564157727738,0.13350025421828954,defined,1.0299067154662112e-11
1.0,600.0,0.5389559587975633,p_ref,0.5,0.25,0.12055625000000003,0.0,2.418961056199114,1.6897975628980855,PASS,observed_or_interpolated,observed_or_interpolated,observed_or_interpolated,within_registered_support,in_support,modeled_scenario,-0.12034501948003637,-9.656119614207528e-05,-0.18061496517287273,analytic,-0.12034501948310349,-9.656119615009118e-05,-0.18061496516257367,0.0497507056488955,0.023951075004526947,0.04024186808337383,0.0497507056488955,0.023951075004526947,0.04024186808337383,0.16504531643278542,0.0794564157727738,0.13350025421828954,defined,1.0299067154662112e-11
1.0,600.0,0.5389559587975633,p_ref,0.5,0.5,0.24111250000000006,0.0,2.418961056199114,1.6897975628980855,PASS,observed_or_interpolated,observed_or_interpolated,observed_or_interpolated,within_registered_support,in_support,modeled_scenario,-0.12034501948003637,-9.656119614207528e-05,-0.18061496517287273,analytic,-0.12034501948310349,-9.656119615009118e-05,-0.18061496516257367,0.0497507056488955,0.023951075004526947,0.04024186808337383,0.0497507056488955,0.023951075004526947,0.04024186808337383,0.16504531643278542,0.0794564157727738,0.13350025421828954,defined,1.0299067154662112e-11
1.0,600.0,0.5389559587975633,p_ref,0.5,1.0,0.4822250000000001,0.0,2.418961056199114,1.6897975628980855,PASS,observed_or_interpolated,observed_or_interpolated,observed_or_interpolated,within_registered_support,in_support,modeled_scenario,-0.12034501948003637,-9.656119614207528e-05,-0.18061496517287273,analytic,-0.12034501948310349,-9.656119615009118e-05,-0.18061496516257367,0.0497507056488955,0.023951075004526947,0.04024186808337383,0.0497507056488955,0.023951075004526947,0.04024186808337383,0.16504531643278542,0.0794564157727738,0.13350025421828954,defined,1.0299067154662112e-11
1.0,600.0,0.5389559587975633,p_ref,1.0,0.0,0.0,0.0,2.418961056199114,1.6897975628980855,PASS,observed_or_interpolated,observed_or_interpolated,observed_or_interpolated,within_registered_support,in_support,modeled_scenario,-0.12034501948003637,-9.656119614207528e-05,-0.36122993034574546,analytic,-0.12034501948310349,-9.656119615009118e-05,-0.3612299303473518,0.0497507056488955,0.023951075004526947,0.08048373617169492,0.0497507056488955,0.023951075004526947,0.08048373617169492,0.16504531643278542,0.0794564157727738,0.26700050845299134,defined,3.0671160056172653e-12
1.0,600.0,0.5389559587975633,p_ref,1.0,0.25,0.12055625000000003,0.0,2.418961056199114,1.6897975628980855,PASS,observed_or_interpolated,observed_or_interpolated,observed_or_interpolated,within_registered_support,in_support,modeled_scenario,-0.12034501948003637,-9.656119614207528e-05,-0.36122993034574546,analytic,-0.12034501948310349,-9.656119615009118e-05,-0.3612299303473518,0.0497507056488955,0.023951075004526947,0.08048373617169492,0.0497507056488955,0.023951075004526947,0.08048373617169492,0.16504531643278542,0.0794564157727738,0.26700050845299134,defined,3.0671160056172653e-12
1.0,600.0,0.5389559587975633,p_ref,1.0,0.5,0.24111250000000006,0.0,2.418961056199114,1.6897975628980855,PASS,observed_or_interpolated,observed_or_interpolated,observed_or_interpolated,within_registered_support,in_support,modeled_scenario,-0.12034501948003637,-9.656119614207528e-05,-0.36122993034574546,analytic,-0.12034501948310349,-9.656119615009118e-05,-0.3612299303473518,0.0497507056488955,0.023951075004526947,0.08048373617169492,0.0497507056488955,0.023951075004526947,0.08048373617169492,0.16504531643278542,0.0794564157727738,0.26700050845299134,defined,3.0671160056172653e-12
1.0,600.0,0.5389559587975633,p_ref,1.0,1.0,0.4822250000000001,0.0,2.418961056199114,1.6897975628980855,PASS,observed_or_interpolated,observed_or_interpolated,observed_or_interpolated,within_registered_support,in_support,modeled_scenario,-0.12034501948003637,-9.656119614207528e-05,-0.36122993034574546,analytic,-0.12034501948310349,-9.656119615009118e-05,-0.3612299303473518,0.0497507056488955,0.023951075004526947,0.08048373617169492,0.0497507056488955,0.023951075004526947,0.08048373617169492,0.16504531643278542,0.0794564157727738,0.26700050845299134,defined,3.0671160056172653e-12
1.0,600.0,0.5389559587975633,p_ref,1.5,0.0,0.0,0.0,2.418961056199114,1.6897975628980855,PASS,observed_or_interpolated,observed_or_interpolated,observed_or_interpolated,within_registered_support,in_support,modeled_scenario,-0.12034501948003637,-9.656119614207528e-05,-0.5418448955186181,analytic,-0.12034501948310349,-9.656119615009118e-05,-0.5418448955099254,0.0497507056488955,0.023951075004526947,0.12072560425506874,0.0497507056488955,0.023951075004526947,0.12072560425506874,0.16504531643278542,0.0794564157727738,0.4005007626712808,defined,8.692713215907588e-12
1.0,600.0,0.5389559587975633,p_ref,1.5,0.25,0.12055625000000003,0.0,2.418961056199114,1.6897975628980855,PASS,observed_or_interpolated,observed_or_interpolated,observed_or_interpolated,within_registered_support,in_support,modeled_scenario,-0.12034501948003637,-9.656119614207528e-05,-0.5418448955186181,analytic,-0.12034501948310349,-9.656119615009118e-05,-0.5418448955099254,0.0497507056488955,0.023951075004526947,0.12072560425506874,0.0497507056488955,0.023951075004526947,0.12072560425506874,0.16504531643278542,0.0794564157727738,0.4005007626712808,defined,8.692713215907588e-12
1.0,600.0,0.5389559587975633,p_ref,1.5,0.5,0.24111250000000006,0.0,2.418961056199114,1.6897975628980855,PASS,observed_or_interpolated,observed_or_interpolated,observed_or_interpolated,within_registered_support,in_support,modeled_scenario,-0.12034501948003637,-9.656119614207528e-05,-0.5418448955186181,analytic,-0.12034501948310349,-9.656119615009118e-05,-0.5418448955099254,0.0497507056488955,0.023951075004526947,0.12072560425506874,0.0497507056488955,0.023951075004526947,0.12072560425506874,0.16504531643278542,0.0794564157727738,0.4005007626712808,defined,8.692713215907588e-12
1.0,600.0,0.5389559587975633,p_ref,1.5,1.0,0.4822250000000001,0.0,2.418961056199114,1.6897975628980855,PASS,observed_or_interpolated,observed_or_interpolated,observed_or_interpolated,within_registered_support,in_support,modeled_scenario,-0.12034501948003637,-9.656119614207528e-05,-0.5418448955186181,analytic,-0.12034501948310349,-9.656119615009118e-05,-0.5418448955099254,0.0497507056488955,0.023951075004526947,0.12072560425506874,0.0497507056488955,0.023951075004526947,0.12072560425506874,0.16504531643278542,0.0794564157727738,0.4005007626712808,defined,8.692713215907588e-12
1.0,600.0,0.5389559587975633,p_star_sensitivity,0.5,0.0,0.0,-2.2897634910840576,2.418961056199114,1.6897975628980855,PASS,observed_or_interpolated,observed_or_interpolated,observed_or_interpolated,within_registered_support,in_support,modeled_scenario,-0.12034501948003637,-9.656119614207528e-05,-0.18061496517287273,analytic,-0.12034501948310349,-9.656119615009118e-05,-0.18061496516257367,0.0497507056488955,0.023951075004526947,0.04024186808337383,0.0497507056488955,0.023951075004526947,0.04024186808337383,0.16504531643278542,0.0794564157727738,0.13350025421828954,defined,1.0299067154662112e-11
1.0,600.0,0.5389559587975633,p_star_sensitivity,0.5,0.25,0.12055625000000003,-2.2897634910840576,2.1429157563271115,1.6897975628980855,PASS,observed_or_interpolated,observed_or_interpolated,observed_or_interpolated,within_registered_support,in_support,modeled_scenario,-0.11229261194889023,-9.656119614207528e-05,-0.18061496517287273,analytic,-0.11229261194234395,-9.656119615009118e-05,-0.18061496516257367,0.05240178556286779,0.027036395396782358,0.04542572960928106,0.05240178556286779,0.027036395396782358,0.04542572960928106,0.24782190071106217,0.12786226315834215,0.2148302874040981,defined,1.0299067154662112e-11
1.0,600.0,0.5389559587975633,p_star_sensitivity,0.5,0.5,0.24111250000000006,-2.2897634910840576,1.8668704564551093,1.6897975628980855,PASS,observed_or_interpolated,observed_or_interpolated,observed_or_interpolated,within_registered_support,in_support,modeled_scenario,-0.10424020441774409,-9.656119614207528e-05,-0.18061496517287273,analytic,-0.10424020442378888,-9.656119615009118e-05,-0.18061496516257367,0.05583687077127166,0.03103413924074161,0.052142617280056626,0.05583687077127166,0.03103413924074161,0.052142617280056626,0.5886852715275689,0.3271913420864555,0.5497369459941381,defined,1.0299067154662112e-11
1.0,600.0,0.5389559587975633,p_star_sensitivity,0.5,1.0,0.4822250000000001,-2.2897634910840576,1.3147798567111042,1.6897975628980855,VIOLATION,observed_or_interpolated,observed_or_interpolated,observed_or_interpolated,within_registered_support,in_support,modeled_scenario,-0.08813538935545182,-9.656119614207528e-05,-0.18061496517287273,analytic,-0.08813538935337205,-9.656119615009118e-05,-0.18061496516257367,0.0670343319480426,0.04406571746161541,0.07403787883234403,0.0670343319480426,0.04406571746161541,0.07403787883234403,,,,undefined_L_le_E,1.0299067154662112e-11
1.0,600.0,0.5389559587975633,p_star_sensitivity,1.0,0.0,0.0,-2.2897634910840576,2.418961056199114,1.6897975628980855,PASS,observed_or_interpolated,observed_or_interpolated,observed_or_interpolated,within_registered_support,in_support,modeled_scenario,-0.12034501948003637,-9.656119614207528e-05,-0.36122993034574546,analytic,-0.12034501948310349,-9.656119615009118e-05,-0.3612299303473518,0.0497507056488955,0.023951075004526947,0.08048373617169492,0.0497507056488955,0.023951075004526947,0.08048373617169492,0.16504531643278542,0.0794564157727738,0.26700050845299134,defined,3.0671160056172653e-12
1.0,600.0,0.5389559587975633,p_star_sensitivity,1.0,0.25,0.12055625000000003,-2.2897634910840576,2.1429157563271115,1.6897975628980855,PASS,observed_or_interpolated,observed_or_interpolated,observed_or_interpolated,within_registered_support,in_support,modeled_scenario,-0.11229261194889023,-9.656119614207528e-05,-0.36122993034574546,analytic,-0.11229261194234395,-9.656119615009118e-05,-0.3612299303473518,0.05240178556286779,0.027036395396782358,0.09085145922414667,0.05240178556286779,0.027036395396782358,0.09085145922414667,0.24782190071106217,0.12786226315834215,0.42966057483460707,defined,6.5462774090363496e-12
1.0,600.0,0.5389559587975633,p_star_sensitivity,1.0,0.5,0.24111250000000006,-2.2897634910840576,1.8668704564551093,1.6897975628980855,PASS,observed_or_interpolated,observed_or_interpolated,observed_or_interpolated,within_registered_support,in_support,modeled_scenario,-0.10424020441774409,-9.656119614207528e-05,-0.36122993034574546,analytic,-0.10424020442378888,-9.656119615009118e-05,-0.3612299303473518,0.05583687077127166,0.03103413924074161,0.10428523456652357,0.05583687077127166,0.03103413924074161,0.10428523456652357,0.5886852715275689,0.3271913420864555,1.09947389205586,defined,6.044789668813166e-12
1.0,600.0,0.5389559587975633,p_star_sensitivity,1.0,1.0,0.4822250000000001,-2.2897634910840576,1.3147798567111042,1.6897975628980855,VIOLATION,observed_or_interpolated,observed_or_interpolated,observed_or_interpolated,within_registered_support,in_support,modeled_scenario,-0.08813538935545182,-9.656119614207528e-05,-0.36122993034574546,analytic,-0.08813538935337205,-9.656119615009118e-05,-0.3612299303473518,0.0670343319480426,0.04406571746161541,0.14807575767379014,0.0670343319480426,0.04406571746161541,0.14807575767379014,,,,undefined_L_le_E,2.079766914242498e-12
1.0,600.0,0.5389559587975633,p_star_sensitivity,1.5,0.0,0.0,-2.2897634910840576,2.418961056199114,1.6897975628980855,PASS,observed_or_interpolated,observed_or_interpolated,observed_or_interpolated,within_registered_support,in_support,modeled_scenario,-0.12034501948003637,-9.656119614207528e-05,-0.5418448955186181,analytic,-0.12034501948310349,-9.656119615009118e-05,-0.5418448955099254,0.0497507056488955,0.023951075004526947,0.12072560425506874,0.0497507056488955,0.023951075004526947,0.12072560425506874,0.16504531643278542,0.0794564157727738,0.4005007626712808,defined,8.692713215907588e-12
1.0,600.0,0.5389559587975633,p_star_sensitivity,1.5,0.25,0.12055625000000003,-2.2897634910840576,2.1429157563271115,1.6897975628980855,PASS,observed_or_interpolated,observed_or_interpolated,observed_or_interpolated,within_registered_support,in_support,modeled_scenario,-0.11229261194889023,-9.656119614207528e-05,-0.5418448955186181,analytic,-0.11229261194234395,-9.656119615009118e-05,-0.5418448955099254,0.05240178556286779,0.027036395396782358,0.13627718883342774,0.05240178556286779,0.027036395396782358,0.13627718883342774,0.24782190071106217,0.12786226315834215,0.6444908622387051,defined,8.692713215907588e-12
1.0,600.0,0.5389559587975633,p_star_sensitivity,1.5,0.5,0.24111250000000006,-2.2897634910840576,1.8668704564551093,1.6897975628980855,PASS,observed_or_interpolated,observed_or_interpolated,observed_or_interpolated,within_registered_support,in_support,modeled_scenario,-0.10424020441774409,-9.656119614207528e-05,-0.5418448955186181,analytic,-0.10424020442378888,-9.656119615009118e-05,-0.5418448955099254,0.05583687077127166,0.03103413924074161,0.1564278518465802,0.05583687077127166,0.03103413924074161,0.1564278518465802,0.5886852715275689,0.3271913420864555,1.6492108380499981,defined,8.692713215907588e-12
1.0,600.0,0.5389559587975633,p_star_sensitivity,1.5,1.0,0.4822250000000001,-2.2897634910840576,1.3147798567111042,1.6897975628980855,VIOLATION,observed_or_interpolated,observed_or_interpolated,observed_or_interpolated,within_registered_support,in_support,modeled_scenario,-0.08813538935545182,-9.656119614207528e-05,-0.5418448955186181,analytic,-0.08813538935337205,-9.656119615009118e-05,-0.5418448955099254,0.0670343319480426,0.04406571746161541,0.22211363650613417,0.0670343319480426,0.04406571746161541,0.22211363650613417,,,,undefined_L_le_E,8.692713215907588e-12
1.0,600.0,0.8,p_ref,0.5,0.0,0.0,0.0,2.371740539743855,1.6897975628980855,PASS,observed_or_interpolated,observed_or_interpolated,observed_or_interpolated,within_registered_support,in_support,modeled_scenario,-0.12034501948003637,-9.656119614207528e-05,-0.18119971651104547,analytic,-0.12034501948310349,-9.656119615009118e-05,-0.18119971649881747,0.05074122462657766,0.024427932448425324,0.06111957474686901,0.05074122462657766,0.024427932448425324,0.06111957474686901,0.1764737281110252,0.08495830246398721,0.21256876032295965,defined,1.2227996393221474e-11
1.0,600.0,0.8,p_ref,0.5,0.25,0.12055625000000003,0.0,2.371740539743855,1.6897975628980855,PASS,observed_or_interpolated,observed_or_interpolated,observed_or_interpolated,within_registered_support,in_support,modeled_scenario,-0.12034501948003637,-9.656119614207528e-05,-0.18119971651104547,analytic,-0.12034501948310349,-9.656119615009118e-05,-0.18119971649881747,0.05074122462657766,0.024427932448425324,0.06111957474686901,0.05074122462657766,0.024427932448425324,0.06111957474686901,0.1764737281110252,0.08495830246398721,0.21256876032295965,defined,1.2227996393221474e-11
1.0,600.0,0.8,p_ref,0.5,0.5,0.24111250000000006,0.0,2.371740539743855,1.6897975628980855,PASS,observed_or_interpolated,observed_or_interpolated,observed_or_interpolated,within_registered_support,in_support,modeled_scenario,-0.12034501948003637,-9.656119614207528e-05,-0.18119971651104547,analytic,-0.12034501948310349,-9.656119615009118e-05,-0.18119971649881747,0.05074122462657766,0.024427932448425324,0.06111957474686901,0.05074122462657766,0.024427932448425324,0.06111957474686901,0.1764737281110252,0.08495830246398721,0.21256876032295965,defined,1.2227996393221474e-11
1.0,600.0,0.8,p_ref,0.5,1.0,0.4822250000000001,0.0,2.371740539743855,1.6897975628980855,PASS,observed_or_interpolated,observed_or_interpolated,observed_or_interpolated,within_registered_support,in_support,modeled_scenario,-0.12034501948003637,-9.656119614207528e-05,-0.18119971651104547,analytic,-0.12034501948310349,-9.656119615009118e-05,-0.18119971649881747,0.05074122462657766,0.024427932448425324,0.06111957474686901,0.05074122462657766,0.024427932448425324,0.06111957474686901,0.1764737281110252,0.08495830246398721,0.21256876032295965,defined,1.2227996393221474e-11
1.0,600.0,0.8,p_ref,1.0,0.0,0.0,0.0,2.3243335018271285,1.6897975628980855,PASS,observed_or_interpolated,observed_or_interpolated,observed_or_interpolated,within_registered_support,in_support,modeled_scenario,-0.12034501948003637,-9.656119614207528e-05,-0.3641718443337616,analytic,-0.12034501948310349,-9.656119615009118e-05,-0.3641718443264583,0.05177614115551913,0.024926163842026717,0.12534237244016405,0.05177614115551913,0.024926163842026717,0.12534237244016405,0.18965831893811938,0.09130565210827796,0.4591347118224386,defined,7.303269100589205e-12
1.0,600.0,0.8,p_ref,1.0,0.25,0.12055625000000003,0.0,2.3243335018271285,1.6897975628980855,PASS,observed_or_interpolated,observed_or_interpolated,observed_or_interpolated,within_registered_support,in_support,modeled_scenario,-0.12034501948003637,-9.656119614207528e-05,-0.3641718443337616,analytic,-0.12034501948310349,-9.656119615009118e-05,-0.3641718443264583,0.05177614115551913,0.024926163842026717,0.12534237244016405,0.05177614115551913,0.024926163842026717,0.12534237244016405,0.18965831893811938,0.09130565210827796,0.4591347118224386,defined,7.303269100589205e-12
1.0,600.0,0.8,p_ref,1.0,0.5,0.24111250000000006,0.0,2.3243335018271285,1.6897975628980855,PASS,observed_or_interpolated,observed_or_interpolated,observed_or_interpolated,within_registered_support,in_support,modeled_scenario,-0.12034501948003637,-9.656119614207528e-05,-0.3641718443337616,analytic,-0.12034501948310349,-9.656119615009118e-05,-0.3641718443264583,0.05177614115551913,0.024926163842026717,0.12534237244016405,0.05177614115551913,0.024926163842026717,0.12534237244016405,0.18965831893811938,0.09130565210827796,0.4591347118224386,defined,7.303269100589205e-12
1.0,600.0,0.8,p_ref,1.0,1.0,0.4822250000000001,0.0,2.3243335018271285,1.6897975628980855,PASS,observed_or_interpolated,observed_or_interpolated,observed_or_interpolated,within_registered_support,in_support,modeled_scenario,-0.12034501948003637,-9.656119614207528e-05,-0.3641718443337616,analytic,-0.12034501948310349,-9.656119615009118e-05,-0.3641718443264583,0.05177614115551913,0.024926163842026717,0.12534237244016405,0.05177614115551913,0.024926163842026717,0.12534237244016405,0.18965831893811938,0.09130565210827796,0.4591347118224386,defined,7.303269100589205e-12
1.0,600.0,0.8,p_ref,1.5,0.0,0.0,0.0,2.2765986101334685,1.6897975628980855,PASS,observed_or_interpolated,observed_or_interpolated,observed_or_interpolated,within_registered_support,in_support,modeled_scenario,-0.12034501948003637,-9.656119614207528e-05,-0.5518959115697479,analytic,-0.12034501948310349,-9.656119615009118e-05,-0.5518959116182635,0.05286176445308824,0.02544880658020699,0.19393701082367185,0.05286176445308824,0.02544880658020699,0.19393701082367185,0.2050865792589998,0.0987331531922345,0.7524129879705301,defined,4.851552493079225e-11
1.0,600.0,0.8,p_ref,1.5,0.25,0.12055625000000003,0.0,2.2765986101334685,1.6897975628980855,PASS,observed_or_interpolated,observed_or_interpolated,observed_or_interpolated,within_registered_support,in_support,modeled_scenario,-0.12034501948003637,-9.656119614207528e-05,-0.5518959115697479,analytic,-0.12034501948310349,-9.656119615009118e-05,-0.5518959116182635,0.05286176445308824,0.02544880658020699,0.19393701082367185,0.05286176445308824,0.02544880658020699,0.19393701082367185,0.2050865792589998,0.0987331531922345,0.7524129879705301,defined,4.851552493079225e-11
1.0,600.0,0.8,p_ref,1.5,0.5,0.24111250000000006,0.0,2.2765986101334685,1.6897975628980855,PASS,observed_or_interpolated,observed_or_interpolated,observed_or_interpolated,within_registered_support,in_support,modeled_scenario,-0.12034501948003637,-9.656119614207528e-05,-0.5518959115697479,analytic,-0.12034501948310349,-9.656119615009118e-05,-0.5518959116182635,0.05286176445308824,0.02544880658020699,0.19393701082367185,0.05286176445308824,0.02544880658020699,0.19393701082367185,0.2050865792589998,0.0987331531922345,0.7524129879705301,defined,4.851552493079225e-11
1.0,600.0,0.8,p_ref,1.5,1.0,0.4822250000000001,0.0,2.2765986101334685,1.6897975628980855,PASS,observed_or_interpolated,observed_or_interpolated,observed_or_interpolated,within_registered_support,in_support,modeled_scenario,-0.12034501948003637,-9.656119614207528e-05,-0.5518959115697479,analytic,-0.12034501948310349,-9.656119615009118e-05,-0.5518959116182635,0.05286176445308824,0.02544880658020699,0.19393701082367185,0.05286176445308824,0.02544880658020699,0.19393701082367185,0.2050865792589998,0.0987331531922345,0.7524129879705301,defined,4.851552493079225e-11
1.0,600.0,0.8,p_star_sensitivity,0.5,0.0,0.0,-2.2897634910840576,2.371740539743855,1.6897975628980855,PASS,observed_or_interpolated,observed_or_interpolated,observed_or_interpolated,within_registered_support,in_support,modeled_scenario,-0.12034501948003637,-9.656119614207528e-05,-0.18119971651104547,analytic,-0.12034501948310349,-9.656119615009118e-05,-0.18119971649881747,0.05074122462657766,0.024427932448425324,0.06111957474686901,0.05074122462657766,0.024427932448425324,0.06111957474686901,0.1764737281110252,0.08495830246398721,0.21256876032295965,defined,1.2227996393221474e-11
1.0,600.0,0.8,p_star_sensitivity,0.5,0.25,0.12055625000000003,-2.2897634910840576,2.0956952398718522,1.6897975628980855,PASS,observed_or_interpolated,observed_or_interpolated,observed_or_interpolated,within_registered_support,in_support,modeled_scenario,-0.11229261194889023,-9.656119614207528e-05,-0.18119971651104547,analytic,-0.11229261194234395,-9.656119615009118e-05,-0.18119971649881747,0.053582510379329026,0.0276455834740539,0.06917025454899539,0.053582510379329026,0.0276455834740539,0.06917025454899539,0.27665251198173635,0.14273724876183305,0.35713378376497273,defined,1.2227996393221474e-11
1.0,600.0,0.8,p_star_sensitivity,0.5,0.5,0.24111250000000006,-2.2897634910840576,1.81964993999985,1.6897975628980855,PASS,observed_or_interpolated,observed_or_interpolated,observed_or_interpolated,within_registered_support,in_support,modeled_scenario,-0.10424020441774409,-9.656119614207528e-05,-0.18119971651104547,analytic,-0.10424020442378888,-9.656119615009118e-05,-0.18119971649881747,0.057285855994806054,0.03183948539577864,0.07966354957210392,0.057285855994806054,0.03183948539577864,0.07966354957210392,0.8027593083035857,0.44617371651694937,1.116342853588655,defined,1.2227996393221474e-11
1.0,600.0,0.8,p_star_sensitivity,0.5,1.0,0.4822250000000001,-2.2897634910840576,1.267559340255845,1.6897975628980855,VIOLATION,observed_or_interpolated,observed_or_interpolated,observed_or_interpolated,within_registered_support,in_support,modeled_scenario,-0.08813538935545182,-9.656119614207528e-05,-0.18119971651104547,analytic,-0.08813538935337205,-9.656119615009118e-05,-0.18119971649881747,0.06953156870398094,0.04570730209629533,0.11436133094155199,0.06953156870398094,0.04570730209629533,0.11436133094155199,,,,undefined_L_le_E,1.2227996393221474e-11
1.0,600.0,0.8,p_star_sensitivity,1.0,0.0,0.0,-2.2897634910840576,2.3243335018271285,1.6897975628980855,PASS,observed_or_interpolated,observed_or_interpolated,observed_or_interpolated,within_registered_support,in_support,modeled_scenario,-0.12034501948003637,-9.656119614207528e-05,-0.3641718443337616,analytic,-0.12034501948310349,-9.656119615009118e-05,-0.3641718443264583,0.05177614115551913,0.024926163842026717,0.12534237244016405,0.05177614115551913,0.024926163842026717,0.12534237244016405,0.18965831893811938,0.09130565210827796,0.4591347118224386,defined,7.303269100589205e-12
1.0,600.0,0.8,p_star_sensitivity,1.0,0.25,0.12055625000000003,-2.2897634910840576,2.048288201955126,1.6897975628980855,PASS,observed_or_interpolated,observed_or_interpolated,observed_or_interpolated,within_registered_support,in_support,modeled_scenario,-0.11229261194889023,-9.656119614207528e-05,-0.3641718443337616,analytic,-0.11229261194234395,-9.656119615009118e-05,-0.3641718443264583,0.05482266208200523,0.028285432506398818,0.1422346109219787,0.05482266208200523,0.028285432506398818,0.1422346109219787,0.3132372221425753,0.16161291642774595,0.8126780554925765,defined,7.303269100589205e-12
1.0,600.0,0.8,p_star_sensitivity,1.0,0.5,0.24111250000000006,-2.2897634910840576,1.7722429020831236,1.6897975628980855,PASS,observed_or_interpolated,observed_or_interpolated,observed_or_interpolated,within_registered_support,in_support,modeled_scenario,-0.10424020441774409,-9.656119614207528e-05,-0.3641718443337616,analytic,-0.10424020442378888,-9.656119615009118e-05,-0.3641718443264583,0.058818237782903925,0.03269118337105762,0.1643891337461269,0.058818237782903925,0.03269118337105762,0.1643891337461269,1.2643553347489407,0.7027288414694135,3.5337046137598693,defined,7.303269100589205e-12
1.0,600.0,0.8,p_star_sensitivity,1.0,1.0,0.4822250000000001,-2.2897634910840576,1.2201523023391185,1.6897975628980855,VIOLATION,observed_or_interpolated,observed_or_interpolated,observed_or_interpolated,within_registered_support,in_support,modeled_scenario,-0.08813538935545182,-9.656119614207528e-05,-0.3641718443337616,analytic,-0.08813538935337205,-9.656119615009118e-05,-0.3641718443264583,0.0722331049856729,0.04748318515564484,0.238771401654246,0.0722331049856729,0.04748318515564484,0.238771401654246,,,,undefined_L_le_E,7.303269100589205e-12
1.0,600.0,0.8,p_star_sensitivity,1.5,0.0,0.0,-2.2897634910840576,2.2765986101334685,1.6897975628980855,PASS,observed_or_interpolated,observed_or_interpolated,observed_or_interpolated,within_registered_support,in_support,modeled_scenario,-0.12034501948003637,-9.656119614207528e-05,-0.5518959115697479,analytic,-0.12034501948310349,-9.656119615009118e-05,-0.5518959116182635,0.05286176445308824,0.02544880658020699,0.19393701082367185,0.05286176445308824,0.02544880658020699,0.19393701082367185,0.2050865792589998,0.0987331531922345,0.7524129879705301,defined,4.851552493079225e-11
1.0,600.0,0.8,p_star_sensitivity,1.5,0.25,0.12055625000000003,-2.2897634910840576,2.000553310261466,1.6897975628980855,PASS,observed_or_interpolated,observed_or_interpolated,observed_or_interpolated,within_registered_support,in_support,modeled_scenario,-0.11229261194889023,-9.656119614207528e-05,-0.5518959115697479,analytic,-0.11229261196454841,-9.656119615009118e-05,-0.5518959116182635,0.05613077711479337,0.028960346816492764,0.22069730760481757,0.05613077711479337,0.028960346816492764,0.22069730760481757,0.36135329086364315,0.18643812119846892,1.4207837925466453,defined,4.851552493079225e-11
1.0,600.0,0.8,p_star_sensitivity,1.5,0.5,0.24111250000000006,-2.2897634910840576,1.7245080103894637,1.6897975628980855,PASS,observed_or_interpolated,observed_or_interpolated,observed_or_interpolated,within_registered_support,in_support,modeled_scenario,-0.10424020441774409,-9.656119614207528e-05,-0.5518959115697479,analytic,-0.10424020442378888,-9.656119615009118e-05,-0.5518959116182635,0.060446343998278806,0.03359608499410232,0.25602474829612326,0.060446343998278806,0.03359608499410232,0.25602474829612326,3.0031362877036183,1.6691434964774148,12.719995309892795,defined,4.851552493079225e-11
1.0,600.0,0.8,p_star_sensitivity,1.5,1.0,0.4822250000000001,-2.2897634910840576,1.1724174106454586,1.6897975628980855,VIOLATION,observed_or_interpolated,observed_or_interpolated,observed_or_interpolated,within_registered_support,in_support,modeled_scenario,-0.08813538935545182,-9.656119614207528e-05,-0.5518959115697479,analytic,-0.08813538935337205,-9.656119615009118e-05,-0.5518959116182635,0.07517407073036411,0.04941645967041587,0.3765866365388925,0.07517407073036411,0.04941645967041587,0.3765866365388925,,,,undefined_L_le_E,4.851552493079225e-11
11.97,10.0,0.4,p_ref,0.5,0.0,0.0,0.0,2.686371335771233,1.6897975628980855,PASS,outside_supported_boundary,observed_or_interpolated,observed_or_interpolated,within_registered_support,in_support,modeled_scenario,-0.004323218710655327,-0.018222985579871842,-0.18036891076713943,analytic,-0.004323218712381387,-0.01822298558051827,-0.18036891076249342,0.019263505122365576,0.06783494648660185,0.026856884357085525,0.019263505122365576,0.06783494648660185,0.026856884357085525,0.051926841138927156,0.18285636323722368,0.07239560810133917,defined,4.646005802300124e-12
11.97,10.0,0.4,p_ref,0.5,0.25,0.12055625000000003,0.0,2.686371335771233,1.6897975628980855,PASS,outside_supported_boundary,observed_or_interpolated,observed_or_interpolated,within_registered_support,in_support,modeled_scenario,-0.004323218710655327,-0.018222985579871842,-0.18036891076713943,analytic,-0.004323218712381387,-0.01822298558051827,-0.18036891076249342,0.019263505122365576,0.06783494648660185,0.026856884357085525,0.019263505122365576,0.06783494648660185,0.026856884357085525,0.051926841138927156,0.18285636323722368,0.07239560810133917,defined,4.646005802300124e-12
11.97,10.0,0.4,p_ref,0.5,0.5,0.24111250000000006,0.0,2.686371335771233,1.6897975628980855,PASS,outside_supported_boundary,observed_or_interpolated,observed_or_interpolated,within_registered_support,in_support,modeled_scenario,-0.004323218710655327,-0.018222985579871842,-0.18036891076713943,analytic,-0.004323218712381387,-0.01822298558051827,-0.18036891076249342,0.019263505122365576,0.06783494648660185,0.026856884357085525,0.019263505122365576,0.06783494648660185,0.026856884357085525,0.051926841138927156,0.18285636323722368,0.07239560810133917,defined,4.646005802300124e-12
11.97,10.0,0.4,p_ref,0.5,1.0,0.4822250000000001,0.0,2.686371335771233,1.6897975628980855,PASS,outside_supported_boundary,observed_or_interpolated,observed_or_interpolated,within_registered_support,in_support,modeled_scenario,-0.004323218710655327,-0.018222985579871842,-0.18036891076713943,analytic,-0.004323218712381387,-0.01822298558051827,-0.18036891076249342,0.019263505122365576,0.06783494648660185,0.026856884357085525,0.019263505122365576,0.06783494648660185,0.026856884357085525,0.051926841138927156,0.18285636323722368,0.07239560810133917,defined,4.646005802300124e-12
11.97,10.0,0.4,p_ref,1.0,0.0,0.0,0.0,2.7114193914847884,1.6897975628980855,PASS,outside_supported_boundary,observed_or_interpolated,observed_or_interpolated,within_registered_support,in_support,modeled_scenario,-0.004323218710655327,-0.018222985579871842,-0.36030691448978786,analytic,-0.004323218712381387,-0.01822298558051827,-0.36030691448160673,0.019085549122250394,0.06720828816725125,0.05315399242376896,0.019085549122250394,0.06720828816725125,0.05315399242376896,0.050653702318394986,0.17837310314451374,0.1410725199480321,defined,8.181122446160316e-12
11.97,10.0,0.4,p_ref,1.0,0.25,0.12055625000000003,0.0,2.7114193914847884,1.6897975628980855,PASS,outside_supported_boundary,observed_or_interpolated,observed_or_interpolated,within_registered_support,in_support,modeled_scenario,-0.004323218710655327,-0.018222985579871842,-0.36030691448978786,analytic,-0.004323218712381387,-0.01822298558051827,-0.36030691448160673,0.019085549122250394,0.06720828816725125,0.05315399242376896,0.019085549122250394,0.06720828816725125,0.05315399242376896,0.050653702318394986,0.17837310314451374,0.1410725199480321,defined,8.181122446160316e-12
11.97,10.0,0.4,p_ref,1.0,0.5,0.24111250000000006,0.0,2.7114193914847884,1.6897975628980855,PASS,outside_supported_boundary,observed_or_interpolated,observed_or_interpolated,within_registered_support,in_support,modeled_scenario,-0.004323218710655327,-0.018222985579871842,-0.36030691448978786,analytic,-0.004323218712381387,-0.01822298558051827,-0.36030691448160673,0.019085549122250394,0.06720828816725125,0.05315399242376896,0.019085549122250394,0.06720828816725125,0.05315399242376896,0.050653702318394986,0.17837310314451374,0.1410725199480321,defined,8.181122446160316e-12
11.97,10.0,0.4,p_ref,1.0,1.0,0.4822250000000001,0.0,2.7114193914847884,1.6897975628980855,PASS,outside_supported_boundary,observed_or_interpolated,observed_or_interpolated,within_registered_support,in_support,modeled_scenario,-0.004323218710655327,-0.018222985579871842,-0.36030691448978786,analytic,-0.004323218712381387,-0.01822298558051827,-0.36030691448160673,0.019085549122250394,0.06720828816725125,0.05315399242376896,0.019085549122250394,0.06720828816725125,0.05315399242376896,0.050653702318394986,0.17837310314451374,0.1410725199480321,defined,8.181122446160316e-12
11.97,10.0,0.4,p_ref,1.5,0.0,0.0,0.0,2.7364392302332727,1.6897975628980855,PASS,outside_supported_boundary,observed_or_interpolated,observed_or_interpolated,within_registered_support,in_support,modeled_scenario,-0.004323218710655327,-0.018222985579871842,-0.5398855613428658,analytic,-0.004323218712381387,-0.01822298558051827,-0.5398855613453365,0.018911045937166224,0.06659378866953614,0.07891796834082268,0.018911045937166224,0.06659378866953614,0.07891796834082268,0.04944283187096983,0.17410911632168333,0.20633062038124958,defined,2.4706903190008234e-12
11.97,10.0,0.4,p_ref,1.5,0.25,0.12055625000000003,0.0,2.7364392302332727,1.6897975628980855,PASS,outside_supported_boundary,observed_or_interpolated,observed_or_interpolated,within_registered_support,in_support,modeled_scenario,-0.004323218710655327,-0.018222985579871842,-0.5398855613428658,analytic,-0.004323218712381387,-0.01822298558051827,-0.5398855613453365,0.018911045937166224,0.06659378866953614,0.07891796834082268,0.018911045937166224,0.06659378866953614,0.07891796834082268,0.04944283187096983,0.17410911632168333,0.20633062038124958,defined,2.4706903190008234e-12
11.97,10.0,0.4,p_ref,1.5,0.5,0.24111250000000006,0.0,2.7364392302332727,1.6897975628980855,PASS,outside_supported_boundary,observed_or_interpolated,observed_or_interpolated,within_registered_support,in_support,modeled_scenario,-0.004323218710655327,-0.018222985579871842,-0.5398855613428658,analytic,-0.004323218712381387,-0.01822298558051827,-0.5398855613453365,0.018911045937166224,0.06659378866953614,0.07891796834082268,0.018911045937166224,0.06659378866953614,0.07891796834082268,0.04944283187096983,0.17410911632168333,0.20633062038124958,defined,2.4706903190008234e-12
11.97,10.0,0.4,p_ref,1.5,1.0,0.4822250000000001,0.0,2.7364392302332727,1.6897975628980855,PASS,outside_supported_boundary,observed_or_interpolated,observed_or_interpolated,within_registered_support,in_support,modeled_scenario,-0.004323218710655327,-0.018222985579871842,-0.5398855613428658,analytic,-0.004323218712381387,-0.01822298558051827,-0.5398855613453365,0.018911045937166224,0.06659378866953614,0.07891796834082268,0.018911045937166224,0.06659378866953614,0.07891796834082268,0.04944283187096983,0.17410911632168333,0.20633062038124958,defined,2.4706903190008234e-12
11.97,10.0,0.4,p_star_sensitivity,0.5,0.0,0.0,-2.2897634910840576,2.686371335771233,1.6897975628980855,PASS,outside_supported_boundary,observed_or_interpolated,observed_or_interpolated,within_registered_support,in_support,modeled_scenario,-0.004323218710655327,-0.018222985579871842,-0.18036891076713943,analytic,-0.004323218712381387,-0.01822298558051827,-0.18036891076249342,0.019263505122365576,0.06783494648660185,0.026856884357085525,0.019263505122365576,0.06783494648660185,0.026856884357085525,0.051926841138927156,0.18285636323722368,0.07239560810133917,defined,4.646005802300124e-12
11.97,10.0,0.4,p_star_sensitivity,0.5,0.25,0.12055625000000003,-2.2897634910840576,2.429608773008085,1.6897975628980855,PASS,outside_supported_boundary,observed_or_interpolated,observed_or_interpolated,within_registered_support,in_support,modeled_scenario,-0.0036974945264745575,-0.018222985579871842,-0.18036891076713943,analytic,-0.00369749452813527,-0.01822298558051827,-0.18036891076249342,0.018216516993796637,0.07500378572454895,0.02969513656129578,0.018216516993796637,0.07500378572454895,0.02969513656129578,0.059824734874182946,0.24631940326787918,0.09752158837153878,defined,4.646005802300124e-12
11.97,10.0,0.4,p_star_sensitivity,0.5,0.5,0.24111250000000006,-2.2897634910840576,2.172846210244937,1.6897975628980855,PASS,outside_supported_boundary,observed_or_interpolated,observed_or_interpolated,within_registered_support,in_support,modeled_scenario,-0.003071770342293788,-0.018222985579871842,-0.18036891076713943,analytic,-0.0030717703457441626,-0.018222985582738715,-0.18036891074028896,0.016922086277985034,0.08386689079428454,0.033204174301863114,0.016922086277985034,0.08386689079428454,0.033204174301863114,0.07611881585946292,0.37724948993913165,0.14935879583223485,defined,2.6850466294803255e-11
11.97,10.0,0.4,p_star_sensitivity,0.5,1.0,0.4822250000000001,-2.2897634910840576,1.6593210847186413,1.6897975628980855,VIOLATION,outside_supported_boundary,observed_or_interpolated,observed_or_interpolated,within_registered_support,in_support,modeled_scenario,-0.0018203219739322488,-0.018222985579871842,-0.18036891076713943,analytic,-0.0018203219763244247,-0.01822298558051827,-0.18036891076249342,0.013131427218800156,0.1098219371063329,0.04348017087797742,0.013131427218800156,0.1098219371063329,0.04348017087797742,,,,undefined_L_le_E,4.646005802300124e-12
11.97,10.0,0.4,p_star_sensitivity,1.0,0.0,0.0,-2.2897634910840576,2.7114193914847884,1.6897975628980855,PASS,outside_supported_boundary,observed_or_interpolated,observed_or_interpolated,within_registered_support,in_support,modeled_scenario,-0.004323218710655327,-0.018222985579871842,-0.36030691448978786,analytic,-0.004323218712381387,-0.01822298558051827,-0.36030691448160673,0.019085549122250394,0.06720828816725125,0.05315399242376896,0.019085549122250394,0.06720828816725125,0.05315399242376896,0.050653702318394986,0.17837310314451374,0.1410725199480321,defined,8.181122446160316e-12
11.97,10.0,0.4,p_star_sensitivity,1.0,0.25,0.12055625000000003,-2.2897634910840576,2.4546568287216406,1.6897975628980855,PASS,outside_supported_boundary,observed_or_interpolated,observed_or_interpolated,within_registered_support,in_support,modeled_scenario,-0.0036974945264745575,-0.018222985579871842,-0.36030691448978786,analytic,-0.00369749452813527,-0.01822298558051827,-0.36030691448160673,0.018030630181746752,0.07423842456221715,0.058714018231094366,0.018030630181746752,0.07423842456221715,0.058714018231094366,0.05786555969106775,0.23825279230809657,0.18843043711768312,defined,8.181122446160316e-12
11.97,10.0,0.4,p_star_sensitivity,1.0,0.5,0.24111250000000006,-2.2897634910840576,2.1978942659584924,1.6897975628980855,PASS,outside_supported_boundary,observed_or_interpolated,observed_or_interpolated,within_registered_support,in_support,modeled_scenario,-0.003071770342293788,-0.018222985579871842,-0.36030691448978786,analytic,-0.0030717703457441626,-0.018222985582738715,-0.36030691448160673,0.01672923561794852,0.0829111111711816,0.0655731115117093,0.01672923561794852,0.0829111111711816,0.0655731115117093,0.07236632479031496,0.35865191553057985,0.28365223573495246,defined,8.181122446160316e-12
11.97,10.0,0.4,p_star_sensitivity,1.0,1.0,0.4822250000000001,-2.2897634910840576,1.6843691404321968,1.6897975628980855,VIOLATION,outside_supported_boundary,observed_or_interpolated,observed_or_interpolated,within_registered_support,in_support,modeled_scenario,-0.0018203219739322488,-0.018222985579871842,-0.36030691448978786,analytic,-0.0018203219763244247,-0.01822298558051827,-0.36030691448160673,0.012936151306484043,0.10818878797460267,0.08556483393875397,0.012936151306484043,0.10818878797460267,0.08556483393875397,,,,undefined_L_le_E,8.181122446160316e-12
11.97,10.0,0.4,p_star_sensitivity,1.5,0.0,0.0,-2.2897634910840576,2.7364392302332727,1.6897975628980855,PASS,outside_supported_boundary,observed_or_interpolated,observed_or_interpolated,within_registered_support,in_support,modeled_scenario,-0.004323218710655327,-0.018222985579871842,-0.5398855613428658,analytic,-0.004323218712381387,-0.01822298558051827,-0.5398855613453365,0.018911045937166224,0.06659378866953614,0.07891796834082268,0.018911045937166224,0.06659378866953614,0.07891796834082268,0.04944283187096983,0.17410911632168333,0.20633062038124958,defined,2.4706903190008234e-12
11.97,10.0,0.4,p_star_sensitivity,1.5,0.25,0.12055625000000003,-2.2897634910840576,2.479676667470125,1.6897975628980855,PASS,outside_supported_boundary,observed_or_interpolated,observed_or_interpolated,within_registered_support,in_support,modeled_scenario,-0.0036974945264745575,-0.018222985579871842,-0.5398855613428658,analytic,-0.00369749452813527,-0.01822298558051827,-0.5398855613453365,0.01784870184181479,0.07348936181712014,0.08708967075068727,0.01784870184181479,0.07348936181712014,0.08708967075068727,0.056032637457549835,0.2307060089960422,0.2734016171438536,defined,2.4706903190008234e-12
11.97,10.0,0.4,p_star_sensitivity,1.5,0.5,0.24111250000000006,-2.2897634910840576,2.2229141047069767,1.6897975628980855,PASS,outside_supported_boundary,observed_or_interpolated,observed_or_interpolated,within_registered_support,in_support,modeled_scenario,-0.003071770342293788,-0.018222985579871842,-0.5398855613428658,analytic,-0.0030717703457441626,-0.018222985582738715,-0.539885561323132,0.01654094099304143,0.08197791153581645,0.09714915392905828,0.01654094099304143,0.08197791153581645,0.09714915392905828,0.06897008093914747,0.34181992404338474,0.4050788290989983,defined,1.9733770173502307e-11
11.97,10.0,0.4,p_star_sensitivity,1.5,1.0,0.4822250000000001,-2.2897634910840576,1.7093889791806811,1.6897975628980855,PASS,outside_supported_boundary,observed_or_interpolated,observed_or_interpolated,within_registered_support,in_support,modeled_scenario,-0.0018203219739322488,-0.018222985579871842,-0.5398855613428658,analytic,-0.0018203219763244247,-0.01822298558051827,-0.5398855613453365,0.012746808550881769,0.10660525955451426,0.12633416218796648,0.012746808550881769,0.10660525955451426,0.12633416218796648,1.1121837105753405,9.301515172594724,11.022900101917651,defined,2.4706903190008234e-12
11.97,10.0,0.5389559587975633,p_ref,0.5,0.0,0.0,0.0,2.6612913091670247,1.6897975628980855,PASS,outside_supported_boundary,observed_or_interpolated,observed_or_interpolated,within_registered_support,in_support,modeled_scenario,-0.004323218710655327,-0.018222985579871842,-0.18061496517287273,analytic,-0.004323218712381387,-0.01822298558051827,-0.18061496516257367,0.019445044519911067,0.06847422346342837,0.036577548420601715,0.019445044519911067,0.06847422346342837,0.036577548420601715,0.05326738147924167,0.1875769725796422,0.10019983360287707,defined,1.0299067154662112e-11
11.97,10.0,0.5389559587975633,p_ref,0.5,0.25,0.12055625000000003,0.0,2.6612913091670247,1.6897975628980855,PASS,outside_supported_boundary,observed_or_interpolated,observed_or_interpolated,within_registered_support,in_support,modeled_scenario,-0.004323218710655327,-0.018222985579871842,-0.18061496517287273,analytic,-0.004323218712381387,-0.01822298558051827,-0.18061496516257367,0.019445044519911067,0.06847422346342837,0.036577548420601715,0.019445044519911067,0.06847422346342837,0.036577548420601715,0.05326738147924167,0.1875769725796422,0.10019983360287707,defined,1.0299067154662112e-11
11.97,10.0,0.5389559587975633,p_ref,0.5,0.5,0.24111250000000006,0.0,2.6612913091670247,1.6897975628980855,PASS,outside_supported_boundary,observed_or_interpolated,observed_or_interpolated,within_registered_support,in_support,modeled_scenario,-0.004323218710655327,-0.018222985579871842,-0.18061496517287273,analytic,-0.004323218712381387,-0.01822298558051827,-0.18061496516257367,0.019445044519911067,0.06847422346342837,0.036577548420601715,0.019445044519911067,0.06847422346342837,0.036577548420601715,0.05326738147924167,0.1875769725796422,0.10019983360287707,defined,1.0299067154662112e-11
11.97,10.0,0.5389559587975633,p_ref,0.5,1.0,0.4822250000000001,0.0,2.6612913091670247,1.6897975628980855,PASS,outside_supported_boundary,observed_or_interpolated,observed_or_interpolated,within_registered_support,in_support,modeled_scenario,-0.004323218710655327,-0.018222985579871842,-0.18061496517287273,analytic,-0.004323218712381387,-0.01822298558051827,-0.18061496516257367,0.019445044519911067,0.06847422346342837,0.036577548420601715,0.019445044519911067,0.06847422346342837,0.036577548420601715,0.05326738147924167,0.1875769725796422,0.10019983360287707,defined,1.0299067154662112e-11
11.97,10.0,0.5389559587975633,p_ref,1.0,0.0,0.0,0.0,2.6612913091670247,1.6897975628980855,PASS,outside_supported_boundary,observed_or_interpolated,observed_or_interpolated,within_registered_support,in_support,modeled_scenario,-0.004323218710655327,-0.018222985579871842,-0.36122993034574546,analytic,-0.004323218712381387,-0.01822298558051827,-0.3612299303473518,0.019445044519911067,0.06847422346342837,0.07315509684570021,0.019445044519911067,0.06847422346342837,0.07315509684570021,0.05326738147924167,0.1875769725796422,0.2003996672180725,defined,1.726059399576041e-12
11.97,10.0,0.5389559587975633,p_ref,1.0,0.25,0.12055625000000003,0.0,2.6612913091670247,1.6897975628980855,PASS,outside_supported_boundary,observed_or_interpolated,observed_or_interpolated,within_registered_support,in_support,modeled_scenario,-0.004323218710655327,-0.018222985579871842,-0.36122993034574546,analytic,-0.004323218712381387,-0.01822298558051827,-0.3612299303473518,0.019445044519911067,0.06847422346342837,0.07315509684570021,0.019445044519911067,0.06847422346342837,0.07315509684570021,0.05326738147924167,0.1875769725796422,0.2003996672180725,defined,1.726059399576041e-12
11.97,10.0,0.5389559587975633,p_ref,1.0,0.5,0.24111250000000006,0.0,2.6612913091670247,1.6897975628980855,PASS,outside_supported_boundary,observed_or_interpolated,observed_or_interpolated,within_registered_support,in_support,modeled_scenario,-0.004323218710655327,-0.018222985579871842,-0.36122993034574546,analytic,-0.004323218712381387,-0.01822298558051827,-0.3612299303473518,0.019445044519911067,0.06847422346342837,0.07315509684570021,0.019445044519911067,0.06847422346342837,0.07315509684570021,0.05326738147924167,0.1875769725796422,0.2003996672180725,defined,1.726059399576041e-12
11.97,10.0,0.5389559587975633,p_ref,1.0,1.0,0.4822250000000001,0.0,2.6612913091670247,1.6897975628980855,PASS,outside_supported_boundary,observed_or_interpolated,observed_or_interpolated,within_registered_support,in_support,modeled_scenario,-0.004323218710655327,-0.018222985579871842,-0.36122993034574546,analytic,-0.004323218712381387,-0.01822298558051827,-0.3612299303473518,0.019445044519911067,0.06847422346342837,0.07315509684570021,0.019445044519911067,0.06847422346342837,0.07315509684570021,0.05326738147924167,0.1875769725796422,0.2003996672180725,defined,1.726059399576041e-12
11.97,10.0,0.5389559587975633,p_ref,1.5,0.0,0.0,0.0,2.6612913091670247,1.6897975628980855,PASS,outside_supported_boundary,observed_or_interpolated,observed_or_interpolated,within_registered_support,in_support,modeled_scenario,-0.004323218710655327,-0.018222985579871842,-0.5418448955186181,analytic,-0.004323218712381387,-0.01822298558051827,-0.5418448955099254,0.019445044519911067,0.06847422346342837,0.10973264526630193,0.019445044519911067,0.06847422346342837,0.10973264526630193,0.05326738147924167,0.1875769725796422,0.30059950082094955,defined,8.692713215907588e-12
11.97,10.0,0.5389559587975633,p_ref,1.5,0.25,0.12055625000000003,0.0,2.6612913091670247,1.6897975628980855,PASS,outside_supported_boundary,observed_or_interpolated,observed_or_interpolated,within_registered_support,in_support,modeled_scenario,-0.004323218710655327,-0.018222985579871842,-0.5418448955186181,analytic,-0.004323218712381387,-0.01822298558051827,-0.5418448955099254,0.019445044519911067,0.06847422346342837,0.10973264526630193,0.019445044519911067,0.06847422346342837,0.10973264526630193,0.05326738147924167,0.1875769725796422,0.30059950082094955,defined,8.692713215907588e-12
11.97,10.0,0.5389559587975633,p_ref,1.5,0.5,0.24111250000000006,0.0,2.6612913091670247,1.6897975628980855,PASS,outside_supported_boundary,observed_or_interpolated,observed_or_interpolated,within_registered_support,in_support,modeled_scenario,-0.004323218710655327,-0.018222985579871842,-0.5418448955186181,analytic,-0.004323218712381387,-0.01822298558051827,-0.5418448955099254,0.019445044519911067,0.06847422346342837,0.10973264526630193,0.019445044519911067,0.06847422346342837,0.10973264526630193,0.05326738147924167,0.1875769725796422,0.30059950082094955,defined,8.692713215907588e-12
11.97,10.0,0.5389559587975633,p_ref,1.5,1.0,0.4822250000000001,0.0,2.6612913091670247,1.6897975628980855,PASS,outside_supported_boundary,observed_or_interpolated,observed_or_interpolated,within_registered_support,in_support,modeled_scenario,-0.004323218710655327,-0.018222985579871842,-0.5418448955186181,analytic,-0.004323218712381387,-0.01822298558051827,-0.5418448955099254,0.019445044519911067,0.06847422346342837,0.10973264526630193,0.019445044519911067,0.06847422346342837,0.10973264526630193,0.05326738147924167,0.1875769725796422,0.30059950082094955,defined,8.692713215907588e-12
11.97,10.0,0.5389559587975633,p_star_sensitivity,0.5,0.0,0.0,-2.2897634910840576,2.6612913091670247,1.6897975628980855,PASS,outside_supported_boundary,observed_or_interpolated,observed_or_interpolated,within_registered_support,in_support,modeled_scenario,-0.004323218710655327,-0.018222985579871842,-0.18061496517287273,analytic,-0.004323218712381387,-0.01822298558051827,-0.18061496516257367,0.019445044519911067,0.06847422346342837,0.036577548420601715,0.019445044519911067,0.06847422346342837,0.036577548420601715,0.05326738147924167,0.1875769725796422,0.10019983360287707,defined,1.0299067154662112e-11
11.97,10.0,0.5389559587975633,p_star_sensitivity,0.5,0.25,0.12055625000000003,-2.2897634910840576,2.404528746403877,1.6897975628980855,PASS,outside_supported_boundary,observed_or_interpolated,observed_or_interpolated,within_registered_support,in_support,modeled_scenario,-0.0036974945264745575,-0.018222985579871842,-0.18061496517287273,analytic,-0.00369749452813527,-0.01822298558051827,-0.18061496516257367,0.018406521264497794,0.07578609990740133,0.04048340526931387,0.018406521264497794,0.07578609990740133,0.04048340526931387,0.061923993975870166,0.254962788822696,0.136195976849518,defined,1.0299067154662112e-11
11.97,10.0,0.5389559587975633,p_star_sensitivity,0.5,0.5,0.24111250000000006,-2.2897634910840576,2.147766183640729,1.6897975628980855,PASS,outside_supported_boundary,observed_or_interpolated,observed_or_interpolated,within_registered_support,in_support,modeled_scenario,-0.003071770342293788,-0.018222985579871842,-0.18061496517287273,analytic,-0.0030717703438891534,-0.018222985578297823,-0.18061496516257367,0.017119689888228436,0.08484622635880974,0.04532314199927205,0.017119689888228436,0.08484622635880974,0.04532314199927205,0.08028735889530655,0.39790904339138694,0.2125549815280592,defined,1.0299067154662112e-11
11.97,10.0,0.5389559587975633,p_star_sensitivity,0.5,1.0,0.4822250000000001,-2.2897634910840576,1.634241058114433,1.6897975628980855,VIOLATION,outside_supported_boundary,observed_or_interpolated,observed_or_interpolated,within_registered_support,in_support,modeled_scenario,-0.0018203219739322488,-0.018222985579871842,-0.18061496517287273,analytic,-0.0018203219763244247,-0.01822298558051827,-0.18061496516257367,0.013332949841404386,0.11150732928925261,0.05956496518004333,0.013332949841404386,0.11150732928925261,0.05956496518004333,,,,undefined_L_le_E,1.0299067154662112e-11
11.97,10.0,0.5389559587975633,p_star_sensitivity,1.0,0.0,0.0,-2.2897634910840576,2.6612913091670247,1.6897975628980855,PASS,outside_supported_boundary,observed_or_interpolated,observed_or_interpolated,within_registered_support,in_support,modeled_scenario,-0.004323218710655327,-0.018222985579871842,-0.36122993034574546,analytic,-0.004323218712381387,-0.01822298558051827,-0.3612299303473518,0.019445044519911067,0.06847422346342837,0.07315509684570021,0.019445044519911067,0.06847422346342837,0.07315509684570021,0.05326738147924167,0.1875769725796422,0.2003996672180725,defined,1.726059399576041e-12
11.97,10.0,0.5389559587975633,p_star_sensitivity,1.0,0.25,0.12055625000000003,-2.2897634910840576,2.404528746403877,1.6897975628980855,PASS,outside_supported_boundary,observed_or_interpolated,observed_or_interpolated,within_registered_support,in_support,modeled_scenario,-0.0036974945264745575,-0.018222985579871842,-0.36122993034574546,analytic,-0.00369749452813527,-0.01822298558051827,-0.3612299303473518,0.018406521264497794,0.07578609990740133,0.08096681054360469,0.018406521264497794,0.07578609990740133,0.08096681054360469,0.061923993975870166,0.254962788822696,0.27239195371577973,defined,1.6607123662359946e-12
11.97,10.0,0.5389559587975633,p_star_sensitivity,1.0,0.5,0.24111250000000006,-2.2897634910840576,2.147766183640729,1.6897975628980855,PASS,outside_supported_boundary,observed_or_interpolated,observed_or_interpolated,within_registered_support,in_support,modeled_scenario,-0.003071770342293788,-0.018222985579871842,-0.36122993034574546,analytic,-0.0030717703438891534,-0.018222985578297823,-0.36122993036955625,0.017119689888228436,0.08484622635880974,0.090646284009688,0.017119689888228436,0.08484622635880974,0.090646284009688,0.08028735889530655,0.39790904339138694,0.4251099631083807,defined,2.381078667568204e-11
11.97,10.0,0.5389559587975633,p_star_sensitivity,1.0,1.0,0.4822250000000001,-2.2897634910840576,1.634241058114433,1.6897975628980855,VIOLATION,outside_supported_boundary,observed_or_interpolated,observed_or_interpolated,within_registered_support,in_support,modeled_scenario,-0.0018203219739322488,-0.018222985579871842,-0.36122993034574546,analytic,-0.0018203219763244247,-0.01822298558051827,-0.3612299303473518,0.013332949841404386,0.11150732928925261,0.11912993036740947,0.013332949841404386,0.11150732928925261,0.11912993036740947,,,,undefined_L_le_E,2.392175867116375e-12
11.97,10.0,0.5389559587975633,p_star_sensitivity,1.5,0.0,0.0,-2.2897634910840576,2.6612913091670247,1.6897975628980855,PASS,outside_supported_boundary,observed_or_interpolated,observed_or_interpolated,within_registered_support,in_support,modeled_scenario,-0.004323218710655327,-0.018222985579871842,-0.5418448955186181,analytic,-0.004323218712381387,-0.01822298558051827,-0.5418448955099254,0.019445044519911067,0.06847422346342837,0.10973264526630193,0.019445044519911067,0.06847422346342837,0.10973264526630193,0.05326738147924167,0.1875769725796422,0.30059950082094955,defined,8.692713215907588e-12
11.97,10.0,0.5389559587975633,p_star_sensitivity,1.5,0.25,0.12055625000000003,-2.2897634910840576,2.404528746403877,1.6897975628980855,PASS,outside_supported_boundary,observed_or_interpolated,observed_or_interpolated,within_registered_support,in_support,modeled_scenario,-0.0036974945264745575,-0.018222985579871842,-0.5418448955186181,analytic,-0.00369749452813527,-0.01822298558051827,-0.5418448955099254,0.018406521264497794,0.07578609990740133,0.12145021581291855,0.018406521264497794,0.07578609990740133,0.12145021581291855,0.061923993975870166,0.254962788822696,0.4085879305652977,defined,8.692713215907588e-12
11.97,10.0,0.5389559587975633,p_star_sensitivity,1.5,0.5,0.24111250000000006,-2.2897634910840576,2.147766183640729,1.6897975628980855,PASS,outside_supported_boundary,observed_or_interpolated,observed_or_interpolated,within_registered_support,in_support,modeled_scenario,-0.003071770342293788,-0.018222985579871842,-0.5418448955186181,analytic,-0.0030717703438891534,-0.018222985578297823,-0.5418448955321299,0.017119689888228436,0.08484622635880974,0.13596942600896003,0.017119689888228436,0.08484622635880974,0.13596942600896003,0.08028735889530655,0.39790904339138694,0.6376649446364399,defined,1.3511747276595543e-11
11.97,10.0,0.5389559587975633,p_star_sensitivity,1.5,1.0,0.4822250000000001,-2.2897634910840576,1.634241058114433,1.6897975628980855,VIOLATION,outside_supported_boundary,observed_or_interpolated,observed_or_interpolated,within_registered_support,in_support,modeled_scenario,-0.0018203219739322488,-0.018222985579871842,-0.5418448955186181,analytic,-0.0018203219763244247,-0.01822298558051827,-0.5418448955099254,0.013332949841404386,0.11150732928925261,0.1786948955474528,0.013332949841404386,0.11150732928925261,0.1786948955474528,,,,undefined_L_le_E,8.692713215907588e-12
11.97,10.0,0.8,p_ref,0.5,0.0,0.0,0.0,2.6140707927117655,1.6897975628980855,PASS,outside_supported_boundary,observed_or_interpolated,observed_or_interpolated,within_registered_support,in_support,modeled_scenario,-0.004323218710655327,-0.018222985579871842,-0.18119971651104547,analytic,-0.004323218712381387,-0.01822298558051827,-0.18119971649881747,0.019796299370118543,0.06971114030777355,0.05545365244247141,0.019796299370118543,0.06971114030777355,0.05545365244247141,0.05598877725544105,0.19716015776191806,0.1568364943646326,defined,1.2227996393221474e-11
11.97,10.0,0.8,p_ref,0.5,0.25,0.12055625000000003,0.0,2.6140707927117655,1.6897975628980855,PASS,outside_supported_boundary,observed_or_interpolated,observed_or_interpolated,within_registered_support,in_support,modeled_scenario,-0.004323218710655327,-0.018222985579871842,-0.18119971651104547,analytic,-0.004323218712381387,-0.01822298558051827,-0.18119971649881747,0.019796299370118543,0.06971114030777355,0.05545365244247141,0.019796299370118543,0.06971114030777355,0.05545365244247141,0.05598877725544105,0.19716015776191806,0.1568364943646326,defined,1.2227996393221474e-11
11.97,10.0,0.8,p_ref,0.5,0.5,0.24111250000000006,0.0,2.6140707927117655,1.6897975628980855,PASS,outside_supported_boundary,observed_or_interpolated,observed_or_interpolated,within_registered_support,in_support,modeled_scenario,-0.004323218710655327,-0.018222985579871842,-0.18119971651104547,analytic,-0.004323218712381387,-0.01822298558051827,-0.18119971649881747,0.019796299370118543,0.06971114030777355,0.05545365244247141,0.019796299370118543,0.06971114030777355,0.05545365244247141,0.05598877725544105,0.19716015776191806,0.1568364943646326,defined,1.2227996393221474e-11
11.97,10.0,0.8,p_ref,0.5,1.0,0.4822250000000001,0.0,2.6140707927117655,1.6897975628980855,PASS,outside_supported_boundary,observed_or_interpolated,observed_or_interpolated,within_registered_support,in_support,modeled_scenario,-0.004323218710655327,-0.018222985579871842,-0.18119971651104547,analytic,-0.004323218712381387,-0.01822298558051827,-0.18119971649881747,0.019796299370118543,0.06971114030777355,0.05545365244247141,0.019796299370118543,0.06971114030777355,0.05545365244247141,0.05598877725544105,0.19716015776191806,0.1568364943646326,defined,1.2227996393221474e-11
11.97,10.0,0.8,p_ref,1.0,0.0,0.0,0.0,2.566663754795039,1.6897975628980855,PASS,outside_supported_boundary,observed_or_interpolated,observed_or_interpolated,within_registered_support,in_support,modeled_scenario,-0.004323218710655327,-0.018222985579871842,-0.3641718443337616,analytic,-0.004323218712381387,-0.01822298558051827,-0.3641718443264583,0.020161942868647247,0.07099872566663282,0.11350823609710865,0.020161942868647247,0.07099872566663282,0.11350823609710865,0.059015763711057254,0.207819456935566,0.3322484982924324,defined,7.303269100589205e-12
11.97,10.0,0.8,p_ref,1.0,0.25,0.12055625000000003,0.0,2.566663754795039,1.6897975628980855,PASS,outside_supported_boundary,observed_or_interpolated,observed_or_interpolated,within_registered_support,in_support,modeled_scenario,-0.004323218710655327,-0.018222985579871842,-0.3641718443337616,analytic,-0.004323218712381387,-0.01822298558051827,-0.3641718443264583,0.020161942868647247,0.07099872566663282,0.11350823609710865,0.020161942868647247,0.07099872566663282,0.11350823609710865,0.059015763711057254,0.207819456935566,0.3322484982924324,defined,7.303269100589205e-12
11.97,10.0,0.8,p_ref,1.0,0.5,0.24111250000000006,0.0,2.566663754795039,1.6897975628980855,PASS,outside_supported_boundary,observed_or_interpolated,observed_or_interpolated,within_registered_support,in_support,modeled_scenario,-0.004323218710655327,-0.018222985579871842,-0.3641718443337616,analytic,-0.004323218712381387,-0.01822298558051827,-0.3641718443264583,0.020161942868647247,0.07099872566663282,0.11350823609710865,0.020161942868647247,0.07099872566663282,0.11350823609710865,0.059015763711057254,0.207819456935566,0.3322484982924324,defined,7.303269100589205e-12
11.97,10.0,0.8,p_ref,1.0,1.0,0.4822250000000001,0.0,2.566663754795039,1.6897975628980855,PASS,outside_supported_boundary,observed_or_interpolated,observed_or_interpolated,within_registered_support,in_support,modeled_scenario,-0.004323218710655327,-0.018222985579871842,-0.3641718443337616,analytic,-0.004323218712381387,-0.01822298558051827,-0.3641718443264583,0.020161942868647247,0.07099872566663282,0.11350823609710865,0.020161942868647247,0.07099872566663282,0.11350823609710865,0.059015763711057254,0.207819456935566,0.3322484982924324,defined,7.303269100589205e-12
11.97,10.0,0.8,p_ref,1.5,0.0,0.0,0.0,2.518928863101379,1.6897975628980855,PASS,outside_supported_boundary,observed_or_interpolated,observed_or_interpolated,within_registered_support,in_support,modeled_scenario,-0.004323218710655327,-0.018222985579871842,-0.5518959115697479,analytic,-0.004323218712381387,-0.01822298558051827,-0.5518959116182635,0.02054402120887622,0.07234418505206056,0.17527955464014272,0.02054402120887622,0.07234418505206056,0.17527955464014272,0.062413429543085576,0.21978407492335894,0.5325052005470736,defined,4.851552493079225e-11
11.97,10.0,0.8,p_ref,1.5,0.25,0.12055625000000003,0.0,2.518928863101379,1.6897975628980855,PASS,outside_supported_boundary,observed_or_interpolated,observed_or_interpolated,within_registered_support,in_support,modeled_scenario,-0.004323218710655327,-0.018222985579871842,-0.5518959115697479,analytic,-0.004323218712381387,-0.01822298558051827,-0.5518959116182635,0.02054402120887622,0.07234418505206056,0.17527955464014272,0.02054402120887622,0.07234418505206056,0.17527955464014272,0.062413429543085576,0.21978407492335894,0.5325052005470736,defined,4.851552493079225e-11
11.97,10.0,0.8,p_ref,1.5,0.5,0.24111250000000006,0.0,2.518928863101379,1.6897975628980855,PASS,outside_supported_boundary,observed_or_interpolated,observed_or_interpolated,within_registered_support,in_support,modeled_scenario,-0.004323218710655327,-0.018222985579871842,-0.5518959115697479,analytic,-0.004323218712381387,-0.01822298558051827,-0.5518959116182635,0.02054402120887622,0.07234418505206056,0.17527955464014272,0.02054402120887622,0.07234418505206056,0.17527955464014272,0.062413429543085576,0.21978407492335894,0.5325052005470736,defined,4.851552493079225e-11
11.97,10.0,0.8,p_ref,1.5,1.0,0.4822250000000001,0.0,2.518928863101379,1.6897975628980855,PASS,outside_supported_boundary,observed_or_interpolated,observed_or_interpolated,within_registered_support,in_support,modeled_scenario,-0.004323218710655327,-0.018222985579871842,-0.5518959115697479,analytic,-0.004323218712381387,-0.01822298558051827,-0.5518959116182635,0.02054402120887622,0.07234418505206056,0.17527955464014272,0.02054402120887622,0.07234418505206056,0.17527955464014272,0.062413429543085576,0.21978407492335894,0.5325052005470736,defined,4.851552493079225e-11
11.97,10.0,0.8,p_star_sensitivity,0.5,0.0,0.0,-2.2897634910840576,2.6140707927117655,1.6897975628980855,PASS,outside_supported_boundary,observed_or_interpolated,observed_or_interpolated,within_registered_support,in_support,modeled_scenario,-0.004323218710655327,-0.018222985579871842,-0.18119971651104547,analytic,-0.004323218712381387,-0.01822298558051827,-0.18119971649881747,0.019796299370118543,0.06971114030777355,0.05545365244247141,0.019796299370118543,0.06971114030777355,0.05545365244247141,0.05598877725544105,0.19716015776191806,0.1568364943646326,defined,1.2227996393221474e-11
11.97,10.0,0.8,p_star_sensitivity,0.5,0.25,0.12055625000000003,-2.2897634910840576,2.3573082299486177,1.6897975628980855,PASS,outside_supported_boundary,observed_or_interpolated,observed_or_interpolated,within_registered_support,in_support,modeled_scenario,-0.0036974945264745575,-0.018222985579871842,-0.18119971651104547,analytic,-0.00369749452813527,-0.01822298558051827,-0.18119971649881747,0.0187752322498547,0.07730421227484315,0.0614937713097509,0.0187752322498547,0.07730421227484315,0.0614937713097509,0.06630457262554677,0.2729991666056588,0.21716472912646378,defined,1.2227996393221474e-11
11.97,10.0,0.8,p_star_sensitivity,0.5,0.5,0.24111250000000006,-2.2897634910840576,2.10054566718547,1.6897975628980855,PASS,outside_supported_boundary,observed_or_interpolated,observed_or_interpolated,within_registered_support,in_support,modeled_scenario,-0.003071770342293788,-0.018222985579871842,-0.18119971651104547,analytic,-0.0030717703438891534,-0.018222985578297823,-0.181199716476613,0.017504542553278657,0.08675357961969415,0.06901053161844495,0.017504542553278657,0.08675357961969415,0.06901053161844495,0.08951737240551516,0.4436535528243829,0.35291647525138115,defined,3.4432456885724605e-11
11.97,10.0,0.8,p_star_sensitivity,0.5,1.0,0.4822250000000001,-2.2897634910840576,1.5870205416591738,1.6897975628980855,VIOLATION,outside_supported_boundary,observed_or_interpolated,observed_or_interpolated,within_registered_support,in_support,modeled_scenario,-0.0018203219739322488,-0.018222985579871842,-0.18119971651104547,analytic,-0.0018203219763244247,-0.01822298558051827,-0.18119971649881747,0.0137296610123417,0.11482513995355588,0.09134082980898513,0.0137296610123417,0.11482513995355588,0.09134082980898513,,,,undefined_L_le_E,1.2227996393221474e-11
11.97,10.0,0.8,p_star_sensitivity,1.0,0.0,0.0,-2.2897634910840576,2.566663754795039,1.6897975628980855,PASS,outside_supported_boundary,observed_or_interpolated,observed_or_interpolated,within_registered_support,in_support,modeled_scenario,-0.004323218710655327,-0.018222985579871842,-0.3641718443337616,analytic,-0.004323218712381387,-0.01822298558051827,-0.3641718443264583,0.020161942868647247,0.07099872566663282,0.11350823609710865,0.020161942868647247,0.07099872566663282,0.11350823609710865,0.059015763711057254,0.207819456935566,0.3322484982924324,defined,7.303269100589205e-12
11.97,10.0,0.8,p_star_sensitivity,1.0,0.25,0.12055625000000003,-2.2897634910840576,2.3099011920318913,1.6897975628980855,PASS,outside_supported_boundary,observed_or_interpolated,observed_or_interpolated,within_registered_support,in_support,modeled_scenario,-0.0036974945264745575,-0.018222985579871842,-0.3641718443337616,analytic,-0.00369749452813527,-0.01822298558051827,-0.3641718443264583,0.019160563947260012,0.07889075793968713,0.12612551414153492,0.019160563947260012,0.07889075793968713,0.12612551414153492,0.07137356954933896,0.2938700037278143,0.4698206263816301,defined,7.303269100589205e-12
11.97,10.0,0.8,p_star_sensitivity,1.0,0.5,0.24111250000000006,-2.2897634910840576,2.0531386292687435,1.6897975628980855,PASS,outside_supported_boundary,observed_or_interpolated,observed_or_interpolated,within_registered_support,in_support,modeled_scenario,-0.003071770342293788,-0.018222985579871842,-0.3641718443337616,analytic,-0.0030717703438891534,-0.018222985578297823,-0.3641718443264583,0.01790872301177687,0.08875672260274123,0.14189858946101996,0.01790872301177687,0.08875672260274123,0.14189858946101996,0.10119717923336423,0.5015393872298449,0.8018291969341067,defined,7.303269100589205e-12
11.97,10.0,0.8,p_star_sensitivity,1.0,1.0,0.4822250000000001,-2.2897634910840576,1.5396135037424474,1.6897975628980855,VIOLATION,outside_supported_boundary,observed_or_interpolated,observed_or_interpolated,within_registered_support,in_support,modeled_scenario,-0.0018203219739322488,-0.018222985579871842,-0.3641718443337616,analytic,-0.0018203219763244247,-0.01822298558051827,-0.3641718443264583,0.014152418125483237,0.1183607803921073,0.18922766964110932,0.014152418125483237,0.1183607803921073,0.18922766964110932,,,,undefined_L_le_E,7.303269100589205e-12
11.97,10.0,0.8,p_star_sensitivity,1.5,0.0,0.0,-2.2897634910840576,2.518928863101379,1.6897975628980855,PASS,outside_supported_boundary,observed_or_interpolated,observed_or_interpolated,within_registered_support,in_support,modeled_scenario,-0.004323218710655327,-0.018222985579871842,-0.5518959115697479,analytic,-0.004323218712381387,-0.01822298558051827,-0.5518959116182635,0.02054402120887622,0.07234418505206056,0.17527955464014272,0.02054402120887622,0.07234418505206056,0.17527955464014272,0.062413429543085576,0.21978407492335894,0.5325052005470736,defined,4.851552493079225e-11
11.97,10.0,0.8,p_star_sensitivity,1.5,0.25,0.12055625000000003,-2.2897634910840576,2.2621663003382313,1.6897975628980855,PASS,outside_supported_boundary,observed_or_interpolated,observed_or_interpolated,within_registered_support,in_support,modeled_scenario,-0.0036974945264745575,-0.018222985579871842,-0.5518959115697479,analytic,-0.00369749452813527,-0.01822298558051827,-0.5518959116182635,0.019564878804516593,0.08055546392762385,0.19517430227326643,0.019564878804516593,0.08055546392762385,0.19517430227326643,0.07732604282288823,0.31837842265841604,0.7713851236341877,defined,4.851552493079225e-11
11.97,10.0,0.8,p_star_sensitivity,1.5,0.5,0.24111250000000006,-2.2897634910840576,2.005403737575083,1.6897975628980855,PASS,outside_supported_boundary,observed_or_interpolated,observed_or_interpolated,within_registered_support,in_support,modeled_scenario,-0.003071770342293788,-0.018222985579871842,-0.5518959115697479,analytic,-0.0030717703457441626,-0.018222985582738715,-0.5518959116404679,0.018335006736857135,0.0908694106892101,0.22016351173567303,0.018335006736857135,0.0908694106892101,0.22016351173567303,0.1165030788012573,0.577396358020839,1.3989483246461767,defined,7.071998542329538e-11
11.97,10.0,0.8,p_star_sensitivity,1.5,1.0,0.4822250000000001,-2.2897634910840576,1.4918786120487875,1.6897975628980855,VIOLATION,outside_supported_boundary,observed_or_interpolated,observed_or_interpolated,within_registered_support,in_support,modeled_scenario,-0.0018203219739322488,-0.018222985579871842,-0.5518959115697479,analytic,-0.0018203219763244247,-0.01822298558051827,-0.5518959116182635,0.014605245950057773,0.12214791091811926,0.2959468188154254,0.014605245950057773,0.12214791091811926,0.2959468188154254,,,,undefined_L_le_E,4.851552493079225e-11
11.97,150.0,0.4,p_ref,0.5,0.0,0.0,0.0,2.3403994430244595,1.6897975628980855,PASS,outside_supported_boundary,observed_or_interpolated,observed_or_interpolated,within_registered_support,in_support,modeled_scenario,-0.004323218710655327,-0.0005693325995224448,-0.18036891076713943,analytic,-0.004323218712381387,-0.0005693325995833239,-0.18036891076249342,0.022111152069123258,0.03648945063289612,0.03082703019778635,0.022111152069123258,0.03648945063289612,0.03082703019778635,0.07954008367936687,0.13126290062504947,0.1108935687228314,defined,4.646005802300124e-12
11.97,150.0,0.4,p_ref,0.5,0.25,0.12055625000000003,0.0,2.3403994430244595,1.6897975628980855,PASS,outside_supported_boundary,observed_or_interpolated,observed_or_interpolated,within_registered_support,in_support,modeled_scenario,-0.004323218710655327,-0.0005693325995224448,-0.18036891076713943,analytic,-0.004323218712381387,-0.0005693325995833239,-0.18036891076249342,0.022111152069123258,0.03648945063289612,0.03082703019778635,0.022111152069123258,0.03648945063289612,0.03082703019778635,0.07954008367936687,0.13126290062504947,0.1108935687228314,defined,4.646005802300124e-12
11.97,150.0,0.4,p_ref,0.5,0.5,0.24111250000000006,0.0,2.3403994430244595,1.6897975628980855,PASS,outside_supported_boundary,observed_or_interpolated,observed_or_interpolated,within_registered_support,in_support,modeled_scenario,-0.004323218710655327,-0.0005693325995224448,-0.18036891076713943,analytic,-0.004323218712381387,-0.0005693325995833239,-0.18036891076249342,0.022111152069123258,0.03648945063289612,0.03082703019778635,0.022111152069123258,0.03648945063289612,0.03082703019778635,0.07954008367936687,0.13126290062504947,0.1108935687228314,defined,4.646005802300124e-12
11.97,150.0,0.4,p_ref,0.5,1.0,0.4822250000000001,0.0,2.3403994430244595,1.6897975628980855,PASS,outside_supported_boundary,observed_or_interpolated,observed_or_interpolated,within_registered_support,in_support,modeled_scenario,-0.004323218710655327,-0.0005693325995224448,-0.18036891076713943,analytic,-0.004323218712381387,-0.0005693325995833239,-0.18036891076249342,0.022111152069123258,0.03648945063289612,0.03082703019778635,0.022111152069123258,0.03648945063289612,0.03082703019778635,0.07954008367936687,0.13126290062504947,0.1108935687228314,defined,4.646005802300124e-12
11.97,150.0,0.4,p_ref,1.0,0.0,0.0,0.0,2.365447498738015,1.6897975628980855,PASS,outside_supported_boundary,observed_or_interpolated,observed_or_interpolated,within_registered_support,in_support,modeled_scenario,-0.004323218710655327,-0.0005693325995224448,-0.36030691448978786,analytic,-0.004323218712381387,-0.0005693325995833239,-0.36030691448160673,0.021877013975078147,0.03610305871639937,0.06092832999655808,0.021877013975078147,0.03610305871639937,0.06092832999655808,0.07659133116452366,0.12639665218251564,0.21330981940148855,defined,8.181122446160316e-12
11.97,150.0,0.4,p_ref,1.0,0.25,0.12055625000000003,0.0,2.365447498738015,1.6897975628980855,PASS,outside_supported_boundary,observed_or_interpolated,observed_or_interpolated,within_registered_support,in_support,modeled_scenario,-0.004323218710655327,-0.0005693325995224448,-0.36030691448978786,analytic,-0.004323218712381387,-0.0005693325995833239,-0.36030691448160673,0.021877013975078147,0.03610305871639937,0.06092832999655808,0.021877013975078147,0.03610305871639937,0.06092832999655808,0.07659133116452366,0.12639665218251564,0.21330981940148855,defined,8.181122446160316e-12
11.97,150.0,0.4,p_ref,1.0,0.5,0.24111250000000006,0.0,2.365447498738015,1.6897975628980855,PASS,outside_supported_boundary,observed_or_interpolated,observed_or_interpolated,within_registered_support,in_support,modeled_scenario,-0.004323218710655327,-0.0005693325995224448,-0.36030691448978786,analytic,-0.004323218712381387,-0.0005693325995833239,-0.36030691448160673,0.021877013975078147,0.03610305871639937,0.06092832999655808,0.021877013975078147,0.03610305871639937,0.06092832999655808,0.07659133116452366,0.12639665218251564,0.21330981940148855,defined,8.181122446160316e-12
11.97,150.0,0.4,p_ref,1.0,1.0,0.4822250000000001,0.0,2.365447498738015,1.6897975628980855,PASS,outside_supported_boundary,observed_or_interpolated,observed_or_interpolated,within_registered_support,in_support,modeled_scenario,-0.004323218710655327,-0.0005693325995224448,-0.36030691448978786,analytic,-0.004323218712381387,-0.0005693325995833239,-0.36030691448160673,0.021877013975078147,0.03610305871639937,0.06092832999655808,0.021877013975078147,0.03610305871639937,0.06092832999655808,0.07659133116452366,0.12639665218251564,0.21330981940148855,defined,8.181122446160316e-12
11.97,150.0,0.4,p_ref,1.5,0.0,0.0,0.0,2.3904673374864993,1.6897975628980855,PASS,outside_supported_boundary,observed_or_interpolated,observed_or_interpolated,within_registered_support,in_support,modeled_scenario,-0.004323218710655327,-0.0005693325995224448,-0.5398855613428658,analytic,-0.004323218712381387,-0.0005693325995833239,-0.5398855613453365,0.02164803809518584,0.035725185865661674,0.09033975120747881,0.02164803809518584,0.035725185865661674,0.09033975120747881,0.07385637266514523,0.1218832223605821,0.30821113221986784,defined,2.4706903190008234e-12
11.97,150.0,0.4,p_ref,1.5,0.25,0.12055625000000003,0.0,2.3904673374864993,1.6897975628980855,PASS,outside_supported_boundary,observed_or_interpolated,observed_or_interpolated,within_registered_support,in_support,modeled_scenario,-0.004323218710655327,-0.0005693325995224448,-0.5398855613428658,analytic,-0.004323218712381387,-0.0005693325995833239,-0.5398855613453365,0.02164803809518584,0.035725185865661674,0.09033975120747881,0.02164803809518584,0.035725185865661674,0.09033975120747881,0.07385637266514523,0.1218832223605821,0.30821113221986784,defined,2.4706903190008234e-12
11.97,150.0,0.4,p_ref,1.5,0.5,0.24111250000000006,0.0,2.3904673374864993,1.6897975628980855,PASS,outside_supported_boundary,observed_or_interpolated,observed_or_interpolated,within_registered_support,in_support,modeled_scenario,-0.004323218710655327,-0.0005693325995224448,-0.5398855613428658,analytic,-0.004323218712381387,-0.0005693325995833239,-0.5398855613453365,0.02164803809518584,0.035725185865661674,0.09033975120747881,0.02164803809518584,0.035725185865661674,0.09033975120747881,0.07385637266514523,0.1218832223605821,0.30821113221986784,defined,2.4706903190008234e-12
11.97,150.0,0.4,p_ref,1.5,1.0,0.4822250000000001,0.0,2.3904673374864993,1.6897975628980855,PASS,outside_supported_boundary,observed_or_interpolated,observed_or_interpolated,within_registered_support,in_support,modeled_scenario,-0.004323218710655327,-0.0005693325995224448,-0.5398855613428658,analytic,-0.004323218712381387,-0.0005693325995833239,-0.5398855613453365,0.02164803809518584,0.035725185865661674,0.09033975120747881,0.02164803809518584,0.035725185865661674,0.09033975120747881,0.07385637266514523,0.1218832223605821,0.30821113221986784,defined,2.4706903190008234e-12
11.97,150.0,0.4,p_star_sensitivity,0.5,0.0,0.0,-2.2897634910840576,2.3403994430244595,1.6897975628980855,PASS,outside_supported_boundary,observed_or_interpolated,observed_or_interpolated,within_registered_support,in_support,modeled_scenario,-0.004323218710655327,-0.0005693325995224448,-0.18036891076713943,analytic,-0.004323218712381387,-0.0005693325995833239,-0.18036891076249342,0.022111152069123258,0.03648945063289612,0.03082703019778635,0.022111152069123258,0.03648945063289612,0.03082703019778635,0.07954008367936687,0.13126290062504947,0.1108935687228314,defined,4.646005802300124e-12
11.97,150.0,0.4,p_star_sensitivity,0.5,0.25,0.12055625000000003,-2.2897634910840576,2.0836368802613117,1.6897975628980855,PASS,outside_supported_boundary,observed_or_interpolated,observed_or_interpolated,within_registered_support,in_support,modeled_scenario,-0.0036974945264745575,-0.0005693325995224448,-0.18036891076713943,analytic,-0.00369749452813527,-0.0005693325995833239,-0.18036891076249342,0.021241229660049307,0.040985975409874906,0.034625785801962405,0.021241229660049307,0.040985975409874906,0.034625785801962405,0.11237834200530168,0.2168394219989388,0.18319035485849636,defined,4.646005802300124e-12
11.97,150.0,0.4,p_star_sensitivity,0.5,0.5,0.24111250000000006,-2.2897634910840576,1.8268743174981636,1.6897975628980855,PASS,outside_supported_boundary,observed_or_interpolated,observed_or_interpolated,within_registered_support,in_support,modeled_scenario,-0.003071770342293788,-0.0005693325995224448,-0.18036891076713943,analytic,-0.003071770344816658,-0.0005693325995833239,-0.18036891076249342,0.020126776470211317,0.04674645054644512,0.03949235238240186,0.020126776470211317,0.04674645054644512,0.03949235238240186,0.268237245145826,0.6230078191350022,0.5263296794229488,defined,4.646005802300124e-12
11.97,150.0,0.4,p_star_sensitivity,0.5,1.0,0.4822250000000001,-2.2897634910840576,1.3133491919718678,1.6897975628980855,VIOLATION,outside_supported_boundary,observed_or_interpolated,observed_or_interpolated,within_registered_support,in_support,modeled_scenario,-0.0018203219739322488,-0.0005693325995224448,-0.18036891076713943,analytic,-0.0018203219763244247,-0.0005693325995833239,-0.18036891076249342,0.016590602247897903,0.0650245117288867,0.054934030299036256,0.016590602247897903,0.0650245117288867,0.054934030299036256,,,,undefined_L_le_E,4.646005802300124e-12
11.97,150.0,0.4,p_star_sensitivity,1.0,0.0,0.0,-2.2897634910840576,2.365447498738015,1.6897975628980855,PASS,outside_supported_boundary,observed_or_interpolated,observed_or_interpolated,within_registered_support,in_support,modeled_scenario,-0.004323218710655327,-0.0005693325995224448,-0.36030691448978786,analytic,-0.004323218712381387,-0.0005693325995833239,-0.36030691448160673,0.021877013975078147,0.03610305871639937,0.06092832999655808,0.021877013975078147,0.03610305871639937,0.06092832999655808,0.07659133116452366,0.12639665218251564,0.21330981940148855,defined,8.181122446160316e-12
11.97,150.0,0.4,p_star_sensitivity,1.0,0.25,0.12055625000000003,-2.2897634910840576,2.108684935974867,1.6897975628980855,PASS,outside_supported_boundary,observed_or_interpolated,observed_or_interpolated,within_registered_support,in_support,modeled_scenario,-0.0036974945264745575,-0.0005693325995224448,-0.36030691448978786,analytic,-0.00369749452813527,-0.0005693325995833239,-0.36030691448160673,0.02098891529346359,0.04049912269042569,0.06834722595768591,0.02098891529346359,0.04049912269042569,0.06834722595768591,0.10565849521003953,0.20387315404192158,0.34406089812171325,defined,8.181122446160316e-12
11.97,150.0,0.4,p_star_sensitivity,1.0,0.5,0.24111250000000006,-2.2897634910840576,1.8519223732117192,1.6897975628980855,PASS,outside_supported_boundary,observed_or_interpolated,observed_or_interpolated,within_registered_support,in_support,modeled_scenario,-0.003071770342293788,-0.0005693325995224448,-0.36030691448978786,analytic,-0.003071770344816658,-0.0005693325995833239,-0.36030691448160673,0.01985455306298187,0.04611418446735042,0.07782332989621807,0.01985455306298187,0.04611418446735042,0.07782332989621807,0.2267949671387424,0.526753985230828,0.8889618159850693,defined,8.181122446160316e-12
11.97,150.0,0.4,p_star_sensitivity,1.0,1.0,0.4822250000000001,-2.2897634910840576,1.3383972476854233,1.6897975628980855,VIOLATION,outside_supported_boundary,observed_or_interpolated,observed_or_interpolated,within_registered_support,in_support,modeled_scenario,-0.0018203219739322488,-0.0005693325995224448,-0.36030691448978786,analytic,-0.0018203219763244247,-0.0005693325995833239,-0.36030691448160673,0.016280109731460466,0.06380758036164982,0.10768310084459863,0.016280109731460466,0.06380758036164982,0.10768310084459863,,,,undefined_L_le_E,8.181122446160316e-12
11.97,150.0,0.4,p_star_sensitivity,1.5,0.0,0.0,-2.2897634910840576,2.3904673374864993,1.6897975628980855,PASS,outside_supported_boundary,observed_or_interpolated,observed_or_interpolated,within_registered_support,in_support,modeled_scenario,-0.004323218710655327,-0.0005693325995224448,-0.5398855613428658,analytic,-0.004323218712381387,-0.0005693325995833239,-0.5398855613453365,0.02164803809518584,0.035725185865661674,0.09033975120747881,0.02164803809518584,0.035725185865661674,0.09033975120747881,0.07385637266514523,0.1218832223605821,0.30821113221986784,defined,2.4706903190008234e-12
11.97,150.0,0.4,p_star_sensitivity,1.5,0.25,0.12055625000000003,-2.2897634910840576,2.1337047747233515,1.6897975628980855,PASS,outside_supported_boundary,observed_or_interpolated,observed_or_interpolated,within_registered_support,in_support,modeled_scenario,-0.0036974945264745575,-0.0005693325995224448,-0.5398855613428658,analytic,-0.00369749452813527,-0.0005693325995833239,-0.5398855613453365,0.020742799109833576,0.04002422966343656,0.10121092059989155,0.020742799109833576,0.04002422966343656,0.10121092059989155,0.09970329006324126,0.1923822989636724,0.48648505540193854,defined,2.4706903190008234e-12
11.97,150.0,0.4,p_star_sensitivity,1.5,0.5,0.24111250000000006,-2.2897634910840576,1.8769422119602035,1.6897975628980855,PASS,outside_supported_boundary,observed_or_interpolated,observed_or_interpolated,within_registered_support,in_support,modeled_scenario,-0.003071770342293788,-0.0005693325995224448,-0.5398855613428658,analytic,-0.003071770344816658,-0.0005693325995833239,-0.5398855613453365,0.01958988976493593,0.045499477497663796,0.11505640565918152,0.01958988976493593,0.045499477497663796,0.11505640565918152,0.19647417765736283,0.45633092030941375,1.1539428224124857,defined,2.5228699337964677e-12
11.97,150.0,0.4,p_star_sensitivity,1.5,1.0,0.4822250000000001,-2.2897634910840576,1.3634170864339077,1.6897975628980855,VIOLATION,outside_supported_boundary,observed_or_interpolated,observed_or_interpolated,within_registered_support,in_support,modeled_scenario,-0.0018203219739322488,-0.0005693325995224448,-0.5398855613428658,analytic,-0.0018203219763244247,-0.0005693325995833239,-0.5398855613453365,0.015981356162694395,0.06263665813435468,0.1583919012654996,0.015981356162694395,0.06263665813435468,0.1583919012654996,,,,undefined_L_le_E,2.4706903190008234e-12
11.97,150.0,0.5389559587975633,p_ref,0.5,0.0,0.0,0.0,2.3153194164202513,1.6897975628980855,PASS,outside_supported_boundary,observed_or_interpolated,observed_or_interpolated,within_registered_support,in_support,modeled_scenario,-0.004323218710655327,-0.0005693325995224448,-0.18061496517287273,analytic,-0.004323218712381387,-0.0005693325995833239,-0.18061496516257367,0.022350664716151762,0.03688471203231932,0.04204323214845561,0.022350664716151762,0.03688471203231932,0.04204323214845561,0.08272920873318687,0.1365258295239918,0.1556196816694174,defined,1.0299067154662112e-11
11.97,150.0,0.5389559587975633,p_ref,0.5,0.25,0.12055625000000003,0.0,2.3153194164202513,1.6897975628980855,PASS,outside_supported_boundary,observed_or_interpolated,observed_or_interpolated,within_registered_support,in_support,modeled_scenario,-0.004323218710655327,-0.0005693325995224448,-0.18061496517287273,analytic,-0.004323218712381387,-0.0005693325995833239,-0.18061496516257367,0.022350664716151762,0.03688471203231932,0.04204323214845561,0.022350664716151762,0.03688471203231932,0.04204323214845561,0.08272920873318687,0.1365258295239918,0.1556196816694174,defined,1.0299067154662112e-11
11.97,150.0,0.5389559587975633,p_ref,0.5,0.5,0.24111250000000006,0.0,2.3153194164202513,1.6897975628980855,PASS,outside_supported_boundary,observed_or_interpolated,observed_or_interpolated,within_registered_support,in_support,modeled_scenario,-0.004323218710655327,-0.0005693325995224448,-0.18061496517287273,analytic,-0.004323218712381387,-0.0005693325995833239,-0.18061496516257367,0.022350664716151762,0.03688471203231932,0.04204323214845561,0.022350664716151762,0.03688471203231932,0.04204323214845561,0.08272920873318687,0.1365258295239918,0.1556196816694174,defined,1.0299067154662112e-11
11.97,150.0,0.5389559587975633,p_ref,0.5,1.0,0.4822250000000001,0.0,2.3153194164202513,1.6897975628980855,PASS,outside_supported_boundary,observed_or_interpolated,observed_or_interpolated,within_registered_support,in_support,modeled_scenario,-0.004323218710655327,-0.0005693325995224448,-0.18061496517287273,analytic,-0.004323218712381387,-0.0005693325995833239,-0.18061496516257367,0.022350664716151762,0.03688471203231932,0.04204323214845561,0.022350664716151762,0.03688471203231932,0.04204323214845561,0.08272920873318687,0.1365258295239918,0.1556196816694174,defined,1.0299067154662112e-11
11.97,150.0,0.5389559587975633,p_ref,1.0,0.0,0.0,0.0,2.3153194164202513,1.6897975628980855,PASS,outside_supported_boundary,observed_or_interpolated,observed_or_interpolated,within_registered_support,in_support,modeled_scenario,-0.004323218710655327,-0.0005693325995224448,-0.36122993034574546,analytic,-0.004323218712381387,-0.0005693325995833239,-0.3612299303473518,0.022350664716151762,0.03688471203231932,0.08408646430207993,0.022350664716151762,0.03688471203231932,0.08408646430207993,0.08272920873318687,0.1365258295239918,0.31123936335796637,defined,1.726059399576041e-12
11.97,150.0,0.5389559587975633,p_ref,1.0,0.25,0.12055625000000003,0.0,2.3153194164202513,1.6897975628980855,PASS,outside_supported_boundary,observed_or_interpolated,observed_or_interpolated,within_registered_support,in_support,modeled_scenario,-0.004323218710655327,-0.0005693325995224448,-0.36122993034574546,analytic,-0.004323218712381387,-0.0005693325995833239,-0.3612299303473518,0.022350664716151762,0.03688471203231932,0.08408646430207993,0.022350664716151762,0.03688471203231932,0.08408646430207993,0.08272920873318687,0.1365258295239918,0.31123936335796637,defined,1.726059399576041e-12
11.97,150.0,0.5389559587975633,p_ref,1.0,0.5,0.24111250000000006,0.0,2.3153194164202513,1.6897975628980855,PASS,outside_supported_boundary,observed_or_interpolated,observed_or_interpolated,within_registered_support,in_support,modeled_scenario,-0.004323218710655327,-0.0005693325995224448,-0.36122993034574546,analytic,-0.004323218712381387,-0.0005693325995833239,-0.3612299303473518,0.022350664716151762,0.03688471203231932,0.08408646430207993,0.022350664716151762,0.03688471203231932,0.08408646430207993,0.08272920873318687,0.1365258295239918,0.31123936335796637,defined,1.726059399576041e-12
11.97,150.0,0.5389559587975633,p_ref,1.0,1.0,0.4822250000000001,0.0,2.3153194164202513,1.6897975628980855,PASS,outside_supported_boundary,observed_or_interpolated,observed_or_interpolated,within_registered_support,in_support,modeled_scenario,-0.004323218710655327,-0.0005693325995224448,-0.36122993034574546,analytic,-0.004323218712381387,-0.0005693325995833239,-0.3612299303473518,0.022350664716151762,0.03688471203231932,0.08408646430207993,0.022350664716151762,0.03688471203231932,0.08408646430207993,0.08272920873318687,0.1365258295239918,0.31123936335796637,defined,1.726059399576041e-12
11.97,150.0,0.5389559587975633,p_ref,1.5,0.0,0.0,0.0,2.3153194164202513,1.6897975628980855,PASS,outside_supported_boundary,observed_or_interpolated,observed_or_interpolated,within_registered_support,in_support,modeled_scenario,-0.004323218710655327,-0.0005693325995224448,-0.5418448955186181,analytic,-0.004323218712381387,-0.0005693325995833239,-0.5418448955099254,0.022350664716151762,0.03688471203231932,0.12612969645053554,0.022350664716151762,0.03688471203231932,0.12612969645053554,0.08272920873318687,0.1365258295239918,0.4668590450273838,defined,8.692713215907588e-12
11.97,150.0,0.5389559587975633,p_ref,1.5,0.25,0.12055625000000003,0.0,2.3153194164202513,1.6897975628980855,PASS,outside_supported_boundary,observed_or_interpolated,observed_or_interpolated,within_registered_support,in_support,modeled_scenario,-0.004323218710655327,-0.0005693325995224448,-0.5418448955186181,analytic,-0.004323218712381387,-0.0005693325995833239,-0.5418448955099254,0.022350664716151762,0.03688471203231932,0.12612969645053554,0.022350664716151762,0.03688471203231932,0.12612969645053554,0.08272920873318687,0.1365258295239918,0.4668590450273838,defined,8.692713215907588e-12
11.97,150.0,0.5389559587975633,p_ref,1.5,0.5,0.24111250000000006,0.0,2.3153194164202513,1.6897975628980855,PASS,outside_supported_boundary,observed_or_interpolated,observed_or_interpolated,within_registered_support,in_support,modeled_scenario,-0.004323218710655327,-0.0005693325995224448,-0.5418448955186181,analytic,-0.004323218712381387,-0.0005693325995833239,-0.5418448955099254,0.022350664716151762,0.03688471203231932,0.12612969645053554,0.022350664716151762,0.03688471203231932,0.12612969645053554,0.08272920873318687,0.1365258295239918,0.4668590450273838,defined,8.692713215907588e-12
11.97,150.0,0.5389559587975633,p_ref,1.5,1.0,0.4822250000000001,0.0,2.3153194164202513,1.6897975628980855,PASS,outside_supported_boundary,observed_or_interpolated,observed_or_interpolated,within_registered_support,in_support,modeled_scenario,-0.004323218710655327,-0.0005693325995224448,-0.5418448955186181,analytic,-0.004323218712381387,-0.0005693325995833239,-0.5418448955099254,0.022350664716151762,0.03688471203231932,0.12612969645053554,0.022350664716151762,0.03688471203231932,0.12612969645053554,0.08272920873318687,0.1365258295239918,0.4668590450273838,defined,8.692713215907588e-12
11.97,150.0,0.5389559587975633,p_star_sensitivity,0.5,0.0,0.0,-2.2897634910840576,2.3153194164202513,1.6897975628980855,PASS,outside_supported_boundary,observed_or_interpolated,observed_or_interpolated,within_registered_support,in_support,modeled_scenario,-0.004323218710655327,-0.0005693325995224448,-0.18061496517287273,analytic,-0.004323218712381387,-0.0005693325995833239,-0.18061496516257367,0.022350664716151762,0.03688471203231932,0.04204323214845561,0.022350664716151762,0.03688471203231932,0.04204323214845561,0.08272920873318687,0.1365258295239918,0.1556196816694174,defined,1.0299067154662112e-11
11.97,150.0,0.5389559587975633,p_star_sensitivity,0.5,0.25,0.12055625000000003,-2.2897634910840576,2.0585568536571035,1.6897975628980855,PASS,outside_supported_boundary,observed_or_interpolated,observed_or_interpolated,within_registered_support,in_support,modeled_scenario,-0.0036974945264745575,-0.0005693325995224448,-0.18061496517287273,analytic,-0.00369749452813527,-0.0005693325995833239,-0.18061496516257367,0.02150001804572528,0.041485320060887544,0.047287259299858046,0.02150001804572528,0.041485320060887544,0.047287259299858046,0.12002140857435963,0.2315870869632052,0.2639757537281868,defined,1.0299067154662112e-11
11.97,150.0,0.5389559587975633,p_star_sensitivity,0.5,0.5,0.24111250000000006,-2.2897634910840576,1.8017942908939555,1.6897975628980855,PASS,outside_supported_boundary,observed_or_interpolated,observed_or_interpolated,within_registered_support,in_support,modeled_scenario,-0.003071770342293788,-0.0005693325995224448,-0.18061496517287273,analytic,-0.003071770344816658,-0.0005693325995833239,-0.18061496516257367,0.02040693058762691,0.04739713649282774,0.054025874215688996,0.02040693058762691,0.04739713649282774,0.054025874215688996,0.32830504681182554,0.762521293842154,0.8691638895555325,defined,1.0299067154662112e-11
11.97,150.0,0.5389559587975633,p_star_sensitivity,0.5,1.0,0.4822250000000001,-2.2897634910840576,1.2882691653676597,1.6897975628980855,VIOLATION,outside_supported_boundary,observed_or_interpolated,observed_or_interpolated,within_registered_support,in_support,modeled_scenario,-0.0018203219739322488,-0.0005693325995224448,-0.18061496517287273,analytic,-0.0018203219763244247,-0.0005693325995833239,-0.18061496516257367,0.01691358812456318,0.0662904090490486,0.07556146986922758,0.01691358812456318,0.0662904090490486,0.07556146986922758,,,,undefined_L_le_E,1.0299067154662112e-11
11.97,150.0,0.5389559587975633,p_star_sensitivity,1.0,0.0,0.0,-2.2897634910840576,2.3153194164202513,1.6897975628980855,PASS,outside_supported_boundary,observed_or_interpolated,observed_or_interpolated,within_registered_support,in_support,modeled_scenario,-0.004323218710655327,-0.0005693325995224448,-0.36122993034574546,analytic,-0.004323218712381387,-0.0005693325995833239,-0.3612299303473518,0.022350664716151762,0.03688471203231932,0.08408646430207993,0.022350664716151762,0.03688471203231932,0.08408646430207993,0.08272920873318687,0.1365258295239918,0.31123936335796637,defined,1.726059399576041e-12
11.97,150.0,0.5389559587975633,p_star_sensitivity,1.0,0.25,0.12055625000000003,-2.2897634910840576,2.0585568536571035,1.6897975628980855,PASS,outside_supported_boundary,observed_or_interpolated,observed_or_interpolated,within_registered_support,in_support,modeled_scenario,-0.0036974945264745575,-0.0005693325995224448,-0.36122993034574546,analytic,-0.00369749452813527,-0.0005693325995833239,-0.3612299303473518,0.02150001804572528,0.041485320060887544,0.0945745186055295,0.02150001804572528,0.041485320060887544,0.0945745186055295,0.12002140857435963,0.2315870869632052,0.5279515074888264,defined,1.6607123662359946e-12
11.97,150.0,0.5389559587975633,p_star_sensitivity,1.0,0.5,0.24111250000000006,-2.2897634910840576,1.8017942908939555,1.6897975628980855,PASS,outside_supported_boundary,observed_or_interpolated,observed_or_interpolated,within_registered_support,in_support,modeled_scenario,-0.003071770342293788,-0.0005693325995224448,-0.36122993034574546,analytic,-0.003071770344816658,-0.0005693325995833239,-0.3612299303473518,0.02040693058762691,0.04739713649282774,0.10805174843801983,0.02040693058762691,0.04739713649282774,0.10805174843801983,0.32830504681182554,0.762521293842154,1.7383277792179184,defined,2.5228699337964677e-12
11.97,150.0,0.5389559587975633,p_star_sensitivity,1.0,1.0,0.4822250000000001,-2.2897634910840576,1.2882691653676597,1.6897975628980855,VIOLATION,outside_supported_boundary,observed_or_interpolated,observed_or_interpolated,within_registered_support,in_support,modeled_scenario,-0.0018203219739322488,-0.0005693325995224448,-0.36122993034574546,analytic,-0.0018203219763244247,-0.0005693325995833239,-0.3612299303473518,0.01691358812456318,0.0662904090490486,0.15112293974774454,0.01691358812456318,0.0662904090490486,0.15112293974774454,,,,undefined_L_le_E,2.392175867116375e-12
11.97,150.0,0.5389559587975633,p_star_sensitivity,1.5,0.0,0.0,-2.2897634910840576,2.3153194164202513,1.6897975628980855,PASS,outside_supported_boundary,observed_or_interpolated,observed_or_interpolated,within_registered_support,in_support,modeled_scenario,-0.004323218710655327,-0.0005693325995224448,-0.5418448955186181,analytic,-0.004323218712381387,-0.0005693325995833239,-0.5418448955099254,0.022350664716151762,0.03688471203231932,0.12612969645053554,0.022350664716151762,0.03688471203231932,0.12612969645053554,0.08272920873318687,0.1365258295239918,0.4668590450273838,defined,8.692713215907588e-12
11.97,150.0,0.5389559587975633,p_star_sensitivity,1.5,0.25,0.12055625000000003,-2.2897634910840576,2.0585568536571035,1.6897975628980855,PASS,outside_supported_boundary,observed_or_interpolated,observed_or_interpolated,within_registered_support,in_support,modeled_scenario,-0.0036974945264745575,-0.0005693325995224448,-0.5418448955186181,analytic,-0.00369749452813527,-0.0005693325995833239,-0.5418448955099254,0.02150001804572528,0.041485320060887544,0.14186177790538754,0.02150001804572528,0.041485320060887544,0.14186177790538754,0.12002140857435963,0.2315870869632052,0.7919272612170132,defined,8.692713215907588e-12
11.97,150.0,0.5389559587975633,p_star_sensitivity,1.5,0.5,0.24111250000000006,-2.2897634910840576,1.8017942908939555,1.6897975628980855,PASS,outside_supported_boundary,observed_or_interpolated,observed_or_interpolated,within_registered_support,in_support,modeled_scenario,-0.003071770342293788,-0.0005693325995224448,-0.5418448955186181,analytic,-0.003071770344816658,-0.0005693325995833239,-0.5418448955099254,0.02040693058762691,0.04739713649282774,0.1620776226537088,0.02040693058762691,0.04739713649282774,0.1620776226537088,0.32830504681182554,0.762521293842154,2.607491668773451,defined,8.692713215907588e-12
11.97,150.0,0.5389559587975633,p_star_sensitivity,1.5,1.0,0.4822250000000001,-2.2897634910840576,1.2882691653676597,1.6897975628980855,VIOLATION,outside_supported_boundary,observed_or_interpolated,observed_or_interpolated,within_registered_support,in_support,modeled_scenario,-0.0018203219739322488,-0.0005693325995224448,-0.5418448955186181,analytic,-0.0018203219763244247,-0.0005693325995833239,-0.5418448955099254,0.01691358812456318,0.0662904090490486,0.22668440961697212,0.01691358812456318,0.0662904090490486,0.22668440961697212,,,,undefined_L_le_E,8.692713215907588e-12
11.97,150.0,0.8,p_ref,0.5,0.0,0.0,0.0,2.268098899964992,1.6897975628980855,PASS,outside_supported_boundary,observed_or_interpolated,observed_or_interpolated,within_registered_support,in_support,modeled_scenario,-0.004323218710655327,-0.0005693325995224448,-0.18119971651104547,analytic,-0.004323218712381387,-0.0005693325995833239,-0.18119971649881747,0.022815992718837764,0.037652630552757964,0.06391245690445484,0.022815992718837764,0.037652630552757964,0.06391245690445484,0.08948436510569248,0.14767368578229353,0.2506647726845613,defined,1.2227996393221474e-11
11.97,150.0,0.8,p_ref,0.5,0.25,0.12055625000000003,0.0,2.268098899964992,1.6897975628980855,PASS,outside_supported_boundary,observed_or_interpolated,observed_or_interpolated,within_registered_support,in_support,modeled_scenario,-0.004323218710655327,-0.0005693325995224448,-0.18119971651104547,analytic,-0.004323218712381387,-0.0005693325995833239,-0.18119971649881747,0.022815992718837764,0.037652630552757964,0.06391245690445484,0.022815992718837764,0.037652630552757964,0.06391245690445484,0.08948436510569248,0.14767368578229353,0.2506647726845613,defined,1.2227996393221474e-11
11.97,150.0,0.8,p_ref,0.5,0.5,0.24111250000000006,0.0,2.268098899964992,1.6897975628980855,PASS,outside_supported_boundary,observed_or_interpolated,observed_or_interpolated,within_registered_support,in_support,modeled_scenario,-0.004323218710655327,-0.0005693325995224448,-0.18119971651104547,analytic,-0.004323218712381387,-0.0005693325995833239,-0.18119971649881747,0.022815992718837764,0.037652630552757964,0.06391245690445484,0.022815992718837764,0.037652630552757964,0.06391245690445484,0.08948436510569248,0.14767368578229353,0.2506647726845613,defined,1.2227996393221474e-11
11.97,150.0,0.8,p_ref,0.5,1.0,0.4822250000000001,0.0,2.268098899964992,1.6897975628980855,PASS,outside_supported_boundary,observed_or_interpolated,observed_or_interpolated,within_registered_support,in_support,modeled_scenario,-0.004323218710655327,-0.0005693325995224448,-0.18119971651104547,analytic,-0.004323218712381387,-0.0005693325995833239,-0.18119971649881747,0.022815992718837764,0.037652630552757964,0.06391245690445484,0.022815992718837764,0.037652630552757964,0.06391245690445484,0.08948436510569248,0.14767368578229353,0.2506647726845613,defined,1.2227996393221474e-11
11.97,150.0,0.8,p_ref,1.0,0.0,0.0,0.0,2.2206918620482656,1.6897975628980855,PASS,outside_supported_boundary,observed_or_interpolated,observed_or_interpolated,within_registered_support,in_support,modeled_scenario,-0.004323218710655327,-0.0005693325995224448,-0.3641718443337616,analytic,-0.004323218712381387,-0.0005693325995833239,-0.3641718443264583,0.023303065531781762,0.038456433959608245,0.13119221105824658,0.023303065531781762,0.038456433959608245,0.13119221105824658,0.09747501163610421,0.16086043883726192,0.5487673835027426,defined,7.303269100589205e-12
11.97,150.0,0.8,p_ref,1.0,0.25,0.12055625000000003,0.0,2.2206918620482656,1.6897975628980855,PASS,outside_supported_boundary,observed_or_interpolated,observed_or_interpolated,within_registered_support,in_support,modeled_scenario,-0.004323218710655327,-0.0005693325995224448,-0.3641718443337616,analytic,-0.004323218712381387,-0.0005693325995833239,-0.3641718443264583,0.023303065531781762,0.038456433959608245,0.13119221105824658,0.023303065531781762,0.038456433959608245,0.13119221105824658,0.09747501163610421,0.16086043883726192,0.5487673835027426,defined,7.303269100589205e-12
11.97,150.0,0.8,p_ref,1.0,0.5,0.24111250000000006,0.0,2.2206918620482656,1.6897975628980855,PASS,outside_supported_boundary,observed_or_interpolated,observed_or_interpolated,within_registered_support,in_support,modeled_scenario,-0.004323218710655327,-0.0005693325995224448,-0.3641718443337616,analytic,-0.004323218712381387,-0.0005693325995833239,-0.3641718443264583,0.023303065531781762,0.038456433959608245,0.13119221105824658,0.023303065531781762,0.038456433959608245,0.13119221105824658,0.09747501163610421,0.16086043883726192,0.5487673835027426,defined,7.303269100589205e-12
11.97,150.0,0.8,p_ref,1.0,1.0,0.4822250000000001,0.0,2.2206918620482656,1.6897975628980855,PASS,outside_supported_boundary,observed_or_interpolated,observed_or_interpolated,within_registered_support,in_support,modeled_scenario,-0.004323218710655327,-0.0005693325995224448,-0.3641718443337616,analytic,-0.004323218712381387,-0.0005693325995833239,-0.3641718443264583,0.023303065531781762,0.038456433959608245,0.13119221105824658,0.023303065531781762,0.038456433959608245,0.13119221105824658,0.09747501163610421,0.16086043883726192,0.5487673835027426,defined,7.303269100589205e-12
11.97,150.0,0.8,p_ref,1.5,0.0,0.0,0.0,2.1729569703546057,1.6897975628980855,PASS,outside_supported_boundary,observed_or_interpolated,observed_or_interpolated,within_registered_support,in_support,modeled_scenario,-0.004323218710655327,-0.0005693325995224448,-0.5518959115697479,analytic,-0.004323218712381387,-0.0005693325995833239,-0.5518959116182635,0.023814980551023185,0.039301233803797846,0.20318705584978036,0.023814980551023185,0.039301233803797846,0.20318705584978036,0.10710528903830174,0.17675303144166507,0.9138117202744171,defined,4.851552493079225e-11
11.97,150.0,0.8,p_ref,1.5,0.25,0.12055625000000003,0.0,2.1729569703546057,1.6897975628980855,PASS,outside_supported_boundary,observed_or_interpolated,observed_or_interpolated,within_registered_support,in_support,modeled_scenario,-0.004323218710655327,-0.0005693325995224448,-0.5518959115697479,analytic,-0.004323218712381387,-0.0005693325995833239,-0.5518959116182635,0.023814980551023185,0.039301233803797846,0.20318705584978036,0.023814980551023185,0.039301233803797846,0.20318705584978036,0.10710528903830174,0.17675303144166507,0.9138117202744171,defined,4.851552493079225e-11
11.97,150.0,0.8,p_ref,1.5,0.5,0.24111250000000006,0.0,2.1729569703546057,1.6897975628980855,PASS,outside_supported_boundary,observed_or_interpolated,observed_or_interpolated,within_registered_support,in_support,modeled_scenario,-0.004323218710655327,-0.0005693325995224448,-0.5518959115697479,analytic,-0.004323218712381387,-0.0005693325995833239,-0.5518959116182635,0.023814980551023185,0.039301233803797846,0.20318705584978036,0.023814980551023185,0.039301233803797846,0.20318705584978036,0.10710528903830174,0.17675303144166507,0.9138117202744171,defined,4.851552493079225e-11
11.97,150.0,0.8,p_ref,1.5,1.0,0.4822250000000001,0.0,2.1729569703546057,1.6897975628980855,PASS,outside_supported_boundary,observed_or_interpolated,observed_or_interpolated,within_registered_support,in_support,modeled_scenario,-0.004323218710655327,-0.0005693325995224448,-0.5518959115697479,analytic,-0.004323218712381387,-0.0005693325995833239,-0.5518959116182635,0.023814980551023185,0.039301233803797846,0.20318705584978036,0.023814980551023185,0.039301233803797846,0.20318705584978036,0.10710528903830174,0.17675303144166507,0.9138117202744171,defined,4.851552493079225e-11
11.97,150.0,0.8,p_star_sensitivity,0.5,0.0,0.0,-2.2897634910840576,2.268098899964992,1.6897975628980855,PASS,outside_supported_boundary,observed_or_interpolated,observed_or_interpolated,within_registered_support,in_support,modeled_scenario,-0.004323218710655327,-0.0005693325995224448,-0.18119971651104547,analytic,-0.004323218712381387,-0.0005693325995833239,-0.18119971649881747,0.022815992718837764,0.037652630552757964,0.06391245690445484,0.022815992718837764,0.037652630552757964,0.06391245690445484,0.08948436510569248,0.14767368578229353,0.2506647726845613,defined,1.2227996393221474e-11
11.97,150.0,0.8,p_star_sensitivity,0.5,0.25,0.12055625000000003,-2.2897634910840576,2.0113363372018442,1.6897975628980855,PASS,outside_supported_boundary,observed_or_interpolated,observed_or_interpolated,within_registered_support,in_support,modeled_scenario,-0.0036974945264745575,-0.0005693325995224448,-0.18119971651104547,analytic,-0.00369749452813527,-0.0005693325995833239,-0.18119971649881747,0.022004777959389914,0.042459278618864046,0.07207137390095628,0.022004777959389914,0.042459278618864046,0.07207137390095628,0.1376475033146937,0.26559748547408785,0.45083139199289846,defined,1.2227996393221474e-11
11.97,150.0,0.8,p_star_sensitivity,0.5,0.5,0.24111250000000006,-2.2897634910840576,1.7545737744386962,1.6897975628980855,PASS,outside_supported_boundary,observed_or_interpolated,observed_or_interpolated,within_registered_support,in_support,modeled_scenario,-0.003071770342293788,-0.0005693325995224448,-0.18119971651104547,analytic,-0.003071770344816658,-0.0005693325995833239,-0.18119971649881747,0.02095613850105457,0.048672726779367695,0.082618226324184,0.02095613850105457,0.048672726779367695,0.082618226324184,0.5676326255110398,1.318383522382411,2.237855066719563,defined,1.2227996393221474e-11
11.97,150.0,0.8,p_star_sensitivity,0.5,1.0,0.4822250000000001,-2.2897634910840576,1.2410486489124004,1.6897975628980855,VIOLATION,outside_supported_boundary,observed_or_interpolated,observed_or_interpolated,within_registered_support,in_support,modeled_scenario,-0.0018203219739322488,-0.0005693325995224448,-0.18119971651104547,analytic,-0.0018203219763244247,-0.0005693325995833239,-0.18119971649881747,0.01755713128224143,0.06881268515326876,0.11680426333495487,0.01755713128224143,0.06881268515326876,0.11680426333495487,,,,undefined_L_le_E,1.2227996393221474e-11
11.97,150.0,0.8,p_star_sensitivity,1.0,0.0,0.0,-2.2897634910840576,2.2206918620482656,1.6897975628980855,PASS,outside_supported_boundary,observed_or_interpolated,observed_or_interpolated,within_registered_support,in_support,modeled_scenario,-0.004323218710655327,-0.0005693325995224448,-0.3641718443337616,analytic,-0.004323218712381387,-0.0005693325995833239,-0.3641718443264583,0.023303065531781762,0.038456433959608245,0.13119221105824658,0.023303065531781762,0.038456433959608245,0.13119221105824658,0.09747501163610421,0.16086043883726192,0.5487673835027426,defined,7.303269100589205e-12
11.97,150.0,0.8,p_star_sensitivity,1.0,0.25,0.12055625000000003,-2.2897634910840576,1.9639292992851178,1.6897975628980855,PASS,outside_supported_boundary,observed_or_interpolated,observed_or_interpolated,within_registered_support,in_support,modeled_scenario,-0.0036974945264745575,-0.0005693325995224448,-0.3641718443337616,analytic,-0.0036974945290627744,-0.0005693325995833239,-0.3641718443264583,0.022535948482968284,0.043484197709451486,0.148344176935094,0.022535948482968284,0.043484197709451486,0.148344176935094,0.16145160752345147,0.31152865065184177,1.0627644916305583,defined,7.303269100589205e-12
11.97,150.0,0.8,p_star_sensitivity,1.0,0.5,0.24111250000000006,-2.2897634910840576,1.7071667365219698,1.6897975628980855,PASS,outside_supported_boundary,observed_or_interpolated,observed_or_interpolated,within_registered_support,in_support,modeled_scenario,-0.003071770342293788,-0.0005693325995224448,-0.3641718443337616,analytic,-0.003071770344816658,-0.0005693325995833239,-0.3641718443264583,0.021538078408419252,0.05002434039423984,0.170655548300286,0.021538078408419252,0.05002434039423984,0.170655548300286,2.1169165455801666,4.916750317934827,16.773249077350954,defined,7.303269100589205e-12
11.97,150.0,0.8,p_star_sensitivity,1.0,1.0,0.4822250000000001,-2.2897634910840576,1.193641610995674,1.6897975628980855,VIOLATION,outside_supported_boundary,observed_or_interpolated,observed_or_interpolated,within_registered_support,in_support,modeled_scenario,-0.0018203219739322488,-0.0005693325995224448,-0.3641718443337616,analytic,-0.0018203219763244247,-0.0005693325995833239,-0.3641718443264583,0.018254435716620082,0.07154567095416724,0.24407449671442674,0.018254435716620082,0.07154567095416724,0.24407449671442674,,,,undefined_L_le_E,7.303269100589205e-12
11.97,150.0,0.8,p_star_sensitivity,1.5,0.0,0.0,-2.2897634910840576,2.1729569703546057,1.6897975628980855,PASS,outside_supported_boundary,observed_or_interpolated,observed_or_interpolated,within_registered_support,in_support,modeled_scenario,-0.004323218710655327,-0.0005693325995224448,-0.5518959115697479,analytic,-0.004323218712381387,-0.0005693325995833239,-0.5518959116182635,0.023814980551023185,0.039301233803797846,0.20318705584978036,0.023814980551023185,0.039301233803797846,0.20318705584978036,0.10710528903830174,0.17675303144166507,0.9138117202744171,defined,4.851552493079225e-11
11.97,150.0,0.8,p_star_sensitivity,1.5,0.25,0.12055625000000003,-2.2897634910840576,1.9161944075914579,1.6897975628980855,PASS,outside_supported_boundary,observed_or_interpolated,observed_or_interpolated,within_registered_support,in_support,modeled_scenario,-0.0036974945264745575,-0.0005693325995224448,-0.5518959115697479,analytic,-0.0036974945290627744,-0.0005693325995833239,-0.5518959116182635,0.023097348232276885,0.04456744555728098,0.2304133273458255,0.023097348232276885,0.04456744555728098,0.2304133273458255,0.19549304926411398,0.37721325159439645,1.9501894113965796,defined,4.851552493079225e-11
11.97,150.0,0.8,p_star_sensitivity,1.5,0.5,0.24111250000000006,-2.2897634910840576,1.6594318448283099,1.6897975628980855,VIOLATION,outside_supported_boundary,observed_or_interpolated,observed_or_interpolated,within_registered_support,in_support,modeled_scenario,-0.003071770342293788,-0.0005693325995224448,-0.5518959115697479,analytic,-0.003071770344816658,-0.0005693325995833239,-0.5518959116182635,0.022157638556863805,0.051463330780140794,0.26606499728844935,0.022157638556863805,0.051463330780140794,0.26606499728844935,,,,undefined_L_le_E,4.851552493079225e-11
11.97,150.0,0.8,p_star_sensitivity,1.5,1.0,0.4822250000000001,-2.2897634910840576,1.145906719302014,1.6897975628980855,VIOLATION,outside_supported_boundary,observed_or_interpolated,observed_or_interpolated,within_registered_support,in_support,modeled_scenario,-0.0018203219739322488,-0.0005693325995224448,-0.5518959115697479,analytic,-0.0018203219763244247,-0.0005693325995833239,-0.5518959116182635,0.019014858443168452,0.07452603994635507,0.3852990141846311,0.019014858443168452,0.07452603994635507,0.3852990141846311,,,,undefined_L_le_E,4.851552493079225e-11
11.97,600.0,0.4,p_ref,0.5,0.0,0.0,0.0,2.2422739753928256,1.6897975628980855,PASS,outside_supported_boundary,observed_or_interpolated,observed_or_interpolated,within_registered_support,in_support,modeled_scenario,-0.004323218710655327,-9.656119614207528e-05,-0.18036891076713943,analytic,-0.0043232187105263775,-9.656119615009118e-05,-0.18036891076249342,0.023078771163963053,0.02583837583001191,0.03217606996145856,0.023078771163963053,0.02583837583001191,0.03217606996145856,0.09366721690673703,0.10486731447671768,0.1305894019605484,defined,4.646005802300124e-12
11.97,600.0,0.4,p_ref,0.5,0.25,0.12055625000000003,0.0,2.2422739753928256,1.6897975628980855,PASS,outside_supported_boundary,observed_or_interpolated,observed_or_interpolated,within_registered_support,in_support,modeled_scenario,-0.004323218710655327,-9.656119614207528e-05,-0.18036891076713943,analytic,-0.0043232187105263775,-9.656119615009118e-05,-0.18036891076249342,0.023078771163963053,0.02583837583001191,0.03217606996145856,0.023078771163963053,0.02583837583001191,0.03217606996145856,0.09366721690673703,0.10486731447671768,0.1305894019605484,defined,4.646005802300124e-12
11.97,600.0,0.4,p_ref,0.5,0.5,0.24111250000000006,0.0,2.2422739753928256,1.6897975628980855,PASS,outside_supported_boundary,observed_or_interpolated,observed_or_interpolated,within_registered_support,in_support,modeled_scenario,-0.004323218710655327,-9.656119614207528e-05,-0.18036891076713943,analytic,-0.0043232187105263775,-9.656119615009118e-05,-0.18036891076249342,0.023078771163963053,0.02583837583001191,0.03217606996145856,0.023078771163963053,0.02583837583001191,0.03217606996145856,0.09366721690673703,0.10486731447671768,0.1305894019605484,defined,4.646005802300124e-12
11.97,600.0,0.4,p_ref,0.5,1.0,0.4822250000000001,0.0,2.2422739753928256,1.6897975628980855,PASS,outside_supported_boundary,observed_or_interpolated,observed_or_interpolated,within_registered_support,in_support,modeled_scenario,-0.004323218710655327,-9.656119614207528e-05,-0.18036891076713943,analytic,-0.0043232187105263775,-9.656119615009118e-05,-0.18036891076249342,0.023078771163963053,0.02583837583001191,0.03217606996145856,0.023078771163963053,0.02583837583001191,0.03217606996145856,0.09366721690673703,0.10486731447671768,0.1305894019605484,defined,4.646005802300124e-12
11.97,600.0,0.4,p_ref,1.0,0.0,0.0,0.0,2.267322031106381,1.6897975628980855,PASS,outside_supported_boundary,observed_or_interpolated,observed_or_interpolated,within_registered_support,in_support,modeled_scenario,-0.004323218710655327,-9.656119614207528e-05,-0.36030691448978786,analytic,-0.0043232187105263775,-9.656119615009118e-05,-0.36030691448160673,0.0228238103167678,0.025552928474736086,0.06356519445202734,0.0228238103167678,0.025552928474736086,0.06356519445202734,0.08960473679244438,0.10031907023748592,0.2495526574653491,defined,8.181122446160316e-12
11.97,600.0,0.4,p_ref,1.0,0.25,0.12055625000000003,0.0,2.267322031106381,1.6897975628980855,PASS,outside_supported_boundary,observed_or_interpolated,observed_or_interpolated,within_registered_support,in_support,modeled_scenario,-0.004323218710655327,-9.656119614207528e-05,-0.36030691448978786,analytic,-0.0043232187105263775,-9.656119615009118e-05,-0.36030691448160673,0.0228238103167678,0.025552928474736086,0.06356519445202734,0.0228238103167678,0.025552928474736086,0.06356519445202734,0.08960473679244438,0.10031907023748592,0.2495526574653491,defined,8.181122446160316e-12
11.97,600.0,0.4,p_ref,1.0,0.5,0.24111250000000006,0.0,2.267322031106381,1.6897975628980855,PASS,outside_supported_boundary,observed_or_interpolated,observed_or_interpolated,within_registered_support,in_support,modeled_scenario,-0.004323218710655327,-9.656119614207528e-05,-0.36030691448978786,analytic,-0.0043232187105263775,-9.656119615009118e-05,-0.36030691448160673,0.0228238103167678,0.025552928474736086,0.06356519445202734,0.0228238103167678,0.025552928474736086,0.06356519445202734,0.08960473679244438,0.10031907023748592,0.2495526574653491,defined,8.181122446160316e-12
11.97,600.0,0.4,p_ref,1.0,1.0,0.4822250000000001,0.0,2.267322031106381,1.6897975628980855,PASS,outside_supported_boundary,observed_or_interpolated,observed_or_interpolated,within_registered_support,in_support,modeled_scenario,-0.004323218710655327,-9.656119614207528e-05,-0.36030691448978786,analytic,-0.0043232187105263775,-9.656119615009118e-05,-0.36030691448160673,0.0228238103167678,0.025552928474736086,0.06356519445202734,0.0228238103167678,0.025552928474736086,0.06356519445202734,0.08960473679244438,0.10031907023748592,0.2495526574653491,defined,8.181122446160316e-12
11.97,600.0,0.4,p_ref,1.5,0.0,0.0,0.0,2.2923418698548654,1.6897975628980855,PASS,outside_supported_boundary,observed_or_interpolated,observed_or_interpolated,within_registered_support,in_support,modeled_scenario,-0.004323218710655327,-9.656119614207528e-05,-0.5398855613428658,analytic,-0.0043232187105263775,-9.656119615009118e-05,-0.5398855613453365,0.02257469910815576,0.025274030218591627,0.09420681416590244,0.02257469910815576,0.025274030218591627,0.09420681416590244,0.08588402108778476,0.09615345630377098,0.35840389170522,defined,2.4706903190008234e-12
11.97,600.0,0.4,p_ref,1.5,0.25,0.12055625000000003,0.0,2.2923418698548654,1.6897975628980855,PASS,outside_supported_boundary,observed_or_interpolated,observed_or_interpolated,within_registered_support,in_support,modeled_scenario,-0.004323218710655327,-9.656119614207528e-05,-0.5398855613428658,analytic,-0.0043232187105263775,-9.656119615009118e-05,-0.5398855613453365,0.02257469910815576,0.025274030218591627,0.09420681416590244,0.02257469910815576,0.025274030218591627,0.09420681416590244,0.08588402108778476,0.09615345630377098,0.35840389170522,defined,2.4706903190008234e-12
11.97,600.0,0.4,p_ref,1.5,0.5,0.24111250000000006,0.0,2.2923418698548654,1.6897975628980855,PASS,outside_supported_boundary,observed_or_interpolated,observed_or_interpolated,within_registered_support,in_support,modeled_scenario,-0.004323218710655327,-9.656119614207528e-05,-0.5398855613428658,analytic,-0.0043232187105263775,-9.656119615009118e-05,-0.5398855613453365,0.02257469910815576,0.025274030218591627,0.09420681416590244,0.02257469910815576,0.025274030218591627,0.09420681416590244,0.08588402108778476,0.09615345630377098,0.35840389170522,defined,2.4706903190008234e-12
11.97,600.0,0.4,p_ref,1.5,1.0,0.4822250000000001,0.0,2.2923418698548654,1.6897975628980855,PASS,outside_supported_boundary,observed_or_interpolated,observed_or_interpolated,within_registered_support,in_support,modeled_scenario,-0.004323218710655327,-9.656119614207528e-05,-0.5398855613428658,analytic,-0.0043232187105263775,-9.656119615009118e-05,-0.5398855613453365,0.02257469910815576,0.025274030218591627,0.09420681416590244,0.02257469910815576,0.025274030218591627,0.09420681416590244,0.08588402108778476,0.09615345630377098,0.35840389170522,defined,2.4706903190008234e-12
11.97,600.0,0.4,p_star_sensitivity,0.5,0.0,0.0,-2.2897634910840576,2.2422739753928256,1.6897975628980855,PASS,outside_supported_boundary,observed_or_interpolated,observed_or_interpolated,within_registered_support,in_support,modeled_scenario,-0.004323218710655327,-9.656119614207528e-05,-0.18036891076713943,analytic,-0.0043232187105263775,-9.656119615009118e-05,-0.18036891076249342,0.023078771163963053,0.02583837583001191,0.03217606996145856,0.023078771163963053,0.02583837583001191,0.03217606996145856,0.09366721690673703,0.10486731447671768,0.1305894019605484,defined,4.646005802300124e-12
11.97,600.0,0.4,p_star_sensitivity,0.5,0.25,0.12055625000000003,-2.2897634910840576,1.9855114126296778,1.6897975628980855,PASS,outside_supported_boundary,observed_or_interpolated,observed_or_interpolated,within_registered_support,in_support,modeled_scenario,-0.0036974945264745575,-9.656119614207528e-05,-0.18036891076713943,analytic,-0.0036974945272077652,-9.656119615009118e-05,-0.18036891076249342,0.02229098720317041,0.029179745491022577,0.03633701818386565,0.02229098720317041,0.029179745491022577,0.03633701818386565,0.14966836869781072,0.19592155640542896,0.24397763030200595,defined,4.646005802300124e-12
11.97,600.0,0.4,p_star_sensitivity,0.5,0.5,0.24111250000000006,-2.2897634910840576,1.7287488498665298,1.6897975628980855,PASS,outside_supported_boundary,observed_or_interpolated,observed_or_interpolated,within_registered_support,in_support,modeled_scenario,-0.003071770342293788,-9.656119614207528e-05,-0.18036891076713943,analytic,-0.003071770342961649,-9.656119615009118e-05,-0.18036891076249342,0.021269191882956128,0.03351366955039639,0.04173397674888843,0.021269191882956128,0.03351366955039639,0.04173397674888843,0.9439762808104073,1.4874147223169063,1.8522511043973067,defined,4.646005802300124e-12
11.97,600.0,0.4,p_star_sensitivity,0.5,1.0,0.4822250000000001,-2.2897634910840576,1.215223724340234,1.6897975628980855,VIOLATION,outside_supported_boundary,observed_or_interpolated,observed_or_interpolated,within_registered_support,in_support,modeled_scenario,-0.0018203219739322488,-9.656119614207528e-05,-0.18036891076713943,analytic,-0.0018203219744694155,-9.656119615009118e-05,-0.18036891076249342,0.017930240825596678,0.04767576251978586,0.059369779292424145,0.017930240825596678,0.04767576251978586,0.059369779292424145,,,,undefined_L_le_E,4.646005802300124e-12
11.97,600.0,0.4,p_star_sensitivity,1.0,0.0,0.0,-2.2897634910840576,2.267322031106381,1.6897975628980855,PASS,outside_supported_boundary,observed_or_interpolated,observed_or_interpolated,within_registered_support,in_support,modeled_scenario,-0.004323218710655327,-9.656119614207528e-05,-0.36030691448978786,analytic,-0.0043232187105263775,-9.656119615009118e-05,-0.36030691448160673,0.0228238103167678,0.025552928474736086,0.06356519445202734,0.0228238103167678,0.025552928474736086,0.06356519445202734,0.08960473679244438,0.10031907023748592,0.2495526574653491,defined,8.181122446160316e-12
11.97,600.0,0.4,p_star_sensitivity,1.0,0.25,0.12055625000000003,-2.2897634910840576,2.0105594683432333,1.6897975628980855,PASS,outside_supported_boundary,observed_or_interpolated,observed_or_interpolated,within_registered_support,in_support,modeled_scenario,-0.0036974945264745575,-9.656119614207528e-05,-0.36030691448978786,analytic,-0.0036974945262802606,-9.656119615009118e-05,-0.36030691448160673,0.02201328047065705,0.028816216880068937,0.07168291615437994,0.02201328047065705,0.028816216880068937,0.07168291615437994,0.1379808784280441,0.18062218956347428,0.4493138472682147,defined,8.181122446160316e-12
11.97,600.0,0.4,p_star_sensitivity,1.0,0.5,0.24111250000000006,-2.2897634910840576,1.7537969055800853,1.6897975628980855,PASS,outside_supported_boundary,observed_or_interpolated,observed_or_interpolated,within_registered_support,in_support,modeled_scenario,-0.003071770342293788,-9.656119614207528e-05,-0.36030691448978786,analytic,-0.003071770342961649,-9.656119615009118e-05,-0.36030691448160673,0.020965421302924014,0.033035021048170674,0.08217756875615691,0.020965421302924014,0.033035021048170674,0.08217756875615691,0.5745229476488429,0.9052705115727657,2.2519413442847447,defined,8.181122446160316e-12
11.97,600.0,0.4,p_star_sensitivity,1.0,1.0,0.4822250000000001,-2.2897634910840576,1.2402717800537895,1.6897975628980855,VIOLATION,outside_supported_boundary,observed_or_interpolated,observed_or_interpolated,within_registered_support,in_support,modeled_scenario,-0.0018203219739322488,-9.656119614207528e-05,-0.36030691448978786,analytic,-0.0018203219744694155,-9.656119615009118e-05,-0.36030691448160673,0.017568128522164654,0.04671292100796008,0.11620256794554513,0.017568128522164654,0.04671292100796008,0.11620256794554513,,,,undefined_L_le_E,8.181122446160316e-12
11.97,600.0,0.4,p_star_sensitivity,1.5,0.0,0.0,-2.2897634910840576,2.2923418698548654,1.6897975628980855,PASS,outside_supported_boundary,observed_or_interpolated,observed_or_interpolated,within_registered_support,in_support,modeled_scenario,-0.004323218710655327,-9.656119614207528e-05,-0.5398855613428658,analytic,-0.0043232187105263775,-9.656119615009118e-05,-0.5398855613453365,0.02257469910815576,0.025274030218591627,0.09420681416590244,0.02257469910815576,0.025274030218591627,0.09420681416590244,0.08588402108778476,0.09615345630377098,0.35840389170522,defined,2.4706903190008234e-12
11.97,600.0,0.4,p_star_sensitivity,1.5,0.25,0.12055625000000003,-2.2897634910840576,2.0355793070917176,1.6897975628980855,PASS,outside_supported_boundary,observed_or_interpolated,observed_or_interpolated,within_registered_support,in_support,modeled_scenario,-0.0036974945264745575,-9.656119614207528e-05,-0.5398855613428658,analytic,-0.0036974945262802606,-9.656119615009118e-05,-0.5398855613453365,0.021742709471147387,0.028462029206236295,0.10608981128162172,0.021742709471147387,0.028462029206236295,0.10608981128162172,0.12799695247875895,0.1675528528122962,0.6245391151049425,defined,2.4706903190008234e-12
11.97,600.0,0.4,p_star_sensitivity,1.5,0.5,0.24111250000000006,-2.2897634910840576,1.7788167443285696,1.6897975628980855,PASS,outside_supported_boundary,observed_or_interpolated,observed_or_interpolated,within_registered_support,in_support,modeled_scenario,-0.003071770342293788,-9.656119614207528e-05,-0.5398855613428658,analytic,-0.003071770342961649,-9.656119615009118e-05,-0.5398855613453365,0.02067053344448349,0.03257036896845911,0.12140330094522946,0.02067053344448349,0.03257036896845911,0.12140330094522946,0.4130468334396474,0.6508340872051042,2.425929120756689,defined,2.4706903190008234e-12
11.97,600.0,0.4,p_star_sensitivity,1.5,1.0,0.4822250000000001,-2.2897634910840576,1.2652916188022738,1.6897975628980855,VIOLATION,outside_supported_boundary,observed_or_interpolated,observed_or_interpolated,within_registered_support,in_support,modeled_scenario,-0.0018203219739322488,-9.656119614207528e-05,-0.5398855613428658,analytic,-0.0018203219744694155,-9.656119615009118e-05,-0.5398855613453365,0.017220736872520053,0.04578922110058522,0.1706754564157764,0.017220736872520053,0.04578922110058522,0.1706754564157764,,,,undefined_L_le_E,2.4706903190008234e-12
11.97,600.0,0.5389559587975633,p_ref,0.5,0.0,0.0,0.0,2.2171939487886174,1.6897975628980855,PASS,outside_supported_boundary,observed_or_interpolated,observed_or_interpolated,within_registered_support,in_support,modeled_scenario,-0.004323218710655327,-9.656119614207528e-05,-0.18061496517287273,analytic,-0.0043232187105263775,-9.656119615009118e-05,-0.18061496516257367,0.023339829153545273,0.02613064938306769,0.0439039226927206,0.023339829153545273,0.02613064938306769,0.0439039226927206,0.09812150661142739,0.10985421826929287,0.1845737178460459,defined,1.0299067154662112e-11
11.97,600.0,0.5389559587975633,p_ref,0.5,0.25,0.12055625000000003,0.0,2.2171939487886174,1.6897975628980855,PASS,outside_supported_boundary,observed_or_interpolated,observed_or_interpolated,within_registered_support,in_support,modeled_scenario,-0.004323218710655327,-9.656119614207528e-05,-0.18061496517287273,analytic,-0.0043232187105263775,-9.656119615009118e-05,-0.18061496516257367,0.023339829153545273,0.02613064938306769,0.0439039226927206,0.023339829153545273,0.02613064938306769,0.0439039226927206,0.09812150661142739,0.10985421826929287,0.1845737178460459,defined,1.0299067154662112e-11
11.97,600.0,0.5389559587975633,p_ref,0.5,0.5,0.24111250000000006,0.0,2.2171939487886174,1.6897975628980855,PASS,outside_supported_boundary,observed_or_interpolated,observed_or_interpolated,within_registered_support,in_support,modeled_scenario,-0.004323218710655327,-9.656119614207528e-05,-0.18061496517287273,analytic,-0.0043232187105263775,-9.656119615009118e-05,-0.18061496516257367,0.023339829153545273,0.02613064938306769,0.0439039226927206,0.023339829153545273,0.02613064938306769,0.0439039226927206,0.09812150661142739,0.10985421826929287,0.1845737178460459,defined,1.0299067154662112e-11
11.97,600.0,0.5389559587975633,p_ref,0.5,1.0,0.4822250000000001,0.0,2.2171939487886174,1.6897975628980855,PASS,outside_supported_boundary,observed_or_interpolated,observed_or_interpolated,within_registered_support,in_support,modeled_scenario,-0.004323218710655327,-9.656119614207528e-05,-0.18061496517287273,analytic,-0.0043232187105263775,-9.656119615009118e-05,-0.18061496516257367,0.023339829153545273,0.02613064938306769,0.0439039226927206,0.023339829153545273,0.02613064938306769,0.0439039226927206,0.09812150661142739,0.10985421826929287,0.1845737178460459,defined,1.0299067154662112e-11
11.97,600.0,0.5389559587975633,p_ref,1.0,0.0,0.0,0.0,2.2171939487886174,1.6897975628980855,PASS,outside_supported_boundary,observed_or_interpolated,observed_or_interpolated,within_registered_support,in_support,modeled_scenario,-0.004323218710655327,-9.656119614207528e-05,-0.36122993034574546,analytic,-0.0043232187105263775,-9.656119615009118e-05,-0.3612299303473518,0.023339829153545273,0.02613064938306769,0.08780784539083868,0.023339829153545273,0.02613064938306769,0.08780784539083868,0.09812150661142739,0.10985421826929287,0.3691474357147829,defined,1.6063261831789077e-12
11.97,600.0,0.5389559587975633,p_ref,1.0,0.25,0.12055625000000003,0.0,2.2171939487886174,1.6897975628980855,PASS,outside_supported_boundary,observed_or_interpolated,observed_or_interpolated,within_registered_support,in_support,modeled_scenario,-0.004323218710655327,-9.656119614207528e-05,-0.36122993034574546,analytic,-0.0043232187105263775,-9.656119615009118e-05,-0.3612299303473518,0.023339829153545273,0.02613064938306769,0.08780784539083868,0.023339829153545273,0.02613064938306769,0.08780784539083868,0.09812150661142739,0.10985421826929287,0.3691474357147829,defined,1.6063261831789077e-12
11.97,600.0,0.5389559587975633,p_ref,1.0,0.5,0.24111250000000006,0.0,2.2171939487886174,1.6897975628980855,PASS,outside_supported_boundary,observed_or_interpolated,observed_or_interpolated,within_registered_support,in_support,modeled_scenario,-0.004323218710655327,-9.656119614207528e-05,-0.36122993034574546,analytic,-0.0043232187105263775,-9.656119615009118e-05,-0.3612299303473518,0.023339829153545273,0.02613064938306769,0.08780784539083868,0.023339829153545273,0.02613064938306769,0.08780784539083868,0.09812150661142739,0.10985421826929287,0.3691474357147829,defined,1.6063261831789077e-12
11.97,600.0,0.5389559587975633,p_ref,1.0,1.0,0.4822250000000001,0.0,2.2171939487886174,1.6897975628980855,PASS,outside_supported_boundary,observed_or_interpolated,observed_or_interpolated,within_registered_support,in_support,modeled_scenario,-0.004323218710655327,-9.656119614207528e-05,-0.36122993034574546,analytic,-0.0043232187105263775,-9.656119615009118e-05,-0.3612299303473518,0.023339829153545273,0.02613064938306769,0.08780784539083868,0.023339829153545273,0.02613064938306769,0.08780784539083868,0.09812150661142739,0.10985421826929287,0.3691474357147829,defined,1.6063261831789077e-12
11.97,600.0,0.5389559587975633,p_ref,1.5,0.0,0.0,0.0,2.2171939487886174,1.6897975628980855,PASS,outside_supported_boundary,observed_or_interpolated,observed_or_interpolated,within_registered_support,in_support,modeled_scenario,-0.004323218710655327,-9.656119614207528e-05,-0.5418448955186181,analytic,-0.0043232187105263775,-9.656119615009118e-05,-0.5418448955099254,0.023339829153545273,0.02613064938306769,0.13171176808355928,0.023339829153545273,0.02613064938306769,0.13171176808355928,0.09812150661142739,0.10985421826929287,0.5537211535608288,defined,8.692713215907588e-12
11.97,600.0,0.5389559587975633,p_ref,1.5,0.25,0.12055625000000003,0.0,2.2171939487886174,1.6897975628980855,PASS,outside_supported_boundary,observed_or_interpolated,observed_or_interpolated,within_registered_support,in_support,modeled_scenario,-0.004323218710655327,-9.656119614207528e-05,-0.5418448955186181,analytic,-0.0043232187105263775,-9.656119615009118e-05,-0.5418448955099254,0.023339829153545273,0.02613064938306769,0.13171176808355928,0.023339829153545273,0.02613064938306769,0.13171176808355928,0.09812150661142739,0.10985421826929287,0.5537211535608288,defined,8.692713215907588e-12
11.97,600.0,0.5389559587975633,p_ref,1.5,0.5,0.24111250000000006,0.0,2.2171939487886174,1.6897975628980855,PASS,outside_supported_boundary,observed_or_interpolated,observed_or_interpolated,within_registered_support,in_support,modeled_scenario,-0.004323218710655327,-9.656119614207528e-05,-0.5418448955186181,analytic,-0.0043232187105263775,-9.656119615009118e-05,-0.5418448955099254,0.023339829153545273,0.02613064938306769,0.13171176808355928,0.023339829153545273,0.02613064938306769,0.13171176808355928,0.09812150661142739,0.10985421826929287,0.5537211535608288,defined,8.692713215907588e-12
11.97,600.0,0.5389559587975633,p_ref,1.5,1.0,0.4822250000000001,0.0,2.2171939487886174,1.6897975628980855,PASS,outside_supported_boundary,observed_or_interpolated,observed_or_interpolated,within_registered_support,in_support,modeled_scenario,-0.004323218710655327,-9.656119614207528e-05,-0.5418448955186181,analytic,-0.0043232187105263775,-9.656119615009118e-05,-0.5418448955099254,0.023339829153545273,0.02613064938306769,0.13171176808355928,0.023339829153545273,0.02613064938306769,0.13171176808355928,0.09812150661142739,0.10985421826929287,0.5537211535608288,defined,8.692713215907588e-12
11.97,600.0,0.5389559587975633,p_star_sensitivity,0.5,0.0,0.0,-2.2897634910840576,2.2171939487886174,1.6897975628980855,PASS,outside_supported_boundary,observed_or_interpolated,observed_or_interpolated,within_registered_support,in_support,modeled_scenario,-0.004323218710655327,-9.656119614207528e-05,-0.18061496517287273,analytic,-0.0043232187105263775,-9.656119615009118e-05,-0.18061496516257367,0.023339829153545273,0.02613064938306769,0.0439039226927206,0.023339829153545273,0.02613064938306769,0.0439039226927206,0.09812150661142739,0.10985421826929287,0.1845737178460459,defined,1.0299067154662112e-11
11.97,600.0,0.5389559587975633,p_star_sensitivity,0.5,0.25,0.12055625000000003,-2.2897634910840576,1.9604313860254696,1.6897975628980855,PASS,outside_supported_boundary,observed_or_interpolated,observed_or_interpolated,within_registered_support,in_support,modeled_scenario,-0.0036974945264745575,-9.656119614207528e-05,-0.18061496517287273,analytic,-0.0036974945272077652,-9.656119615009118e-05,-0.18061496516257367,0.022576158393590392,0.029553045366976186,0.04965412838025167,0.022576158393590392,0.029553045366976186,0.04965412838025167,0.16353835222526772,0.21407788952818574,0.35968716178008886,defined,1.0299067154662112e-11
11.97,600.0,0.5389559587975633,p_star_sensitivity,0.5,0.5,0.24111250000000006,-2.2897634910840576,1.7036688232623216,1.6897975628980855,PASS,outside_supported_boundary,observed_or_interpolated,observed_or_interpolated,within_registered_support,in_support,modeled_scenario,-0.003071770342293788,-9.656119614207528e-05,-0.18061496517287273,analytic,-0.003071770342961649,-9.656119615009118e-05,-0.18061496516257367,0.021582299624901588,0.03400703053256139,0.0571375788493812,0.021582299624901588,0.03400703053256139,0.0571375788493812,2.650739012876696,4.176745023071677,7.017640010085983,defined,1.0299067154662112e-11
11.97,600.0,0.5389559587975633,p_star_sensitivity,0.5,1.0,0.4822250000000001,-2.2897634910840576,1.1901436977360258,1.6897975628980855,VIOLATION,outside_supported_boundary,observed_or_interpolated,observed_or_interpolated,within_registered_support,in_support,modeled_scenario,-0.0018203219739322488,-9.656119614207528e-05,-0.18061496517287273,analytic,-0.0018203219744694155,-9.656119615009118e-05,-0.18061496516257367,0.018308086725870112,0.04868043900939522,0.08179139368427274,0.018308086725870112,0.04868043900939522,0.08179139368427274,,,,undefined_L_le_E,1.0299067154662112e-11
11.97,600.0,0.5389559587975633,p_star_sensitivity,1.0,0.0,0.0,-2.2897634910840576,2.2171939487886174,1.6897975628980855,PASS,outside_supported_boundary,observed_or_interpolated,observed_or_interpolated,within_registered_support,in_support,modeled_scenario,-0.004323218710655327,-9.656119614207528e-05,-0.36122993034574546,analytic,-0.0043232187105263775,-9.656119615009118e-05,-0.3612299303473518,0.023339829153545273,0.02613064938306769,0.08780784539083868,0.023339829153545273,0.02613064938306769,0.08780784539083868,0.09812150661142739,0.10985421826929287,0.3691474357147829,defined,1.6063261831789077e-12
11.97,600.0,0.5389559587975633,p_star_sensitivity,1.0,0.25,0.12055625000000003,-2.2897634910840576,1.9604313860254696,1.6897975628980855,PASS,outside_supported_boundary,observed_or_interpolated,observed_or_interpolated,within_registered_support,in_support,modeled_scenario,-0.0036974945264745575,-9.656119614207528e-05,-0.36122993034574546,analytic,-0.0036974945272077652,-9.656119615009118e-05,-0.3612299303473518,0.022576158393590392,0.029553045366976186,0.09930825676660772,0.022576158393590392,0.029553045366976186,0.09930825676660772,0.16353835222526772,0.21407788952818574,0.719374323604397,defined,1.6063261831789077e-12
11.97,600.0,0.5389559587975633,p_star_sensitivity,1.0,0.5,0.24111250000000006,-2.2897634910840576,1.7036688232623216,1.6897975628980855,PASS,outside_supported_boundary,observed_or_interpolated,observed_or_interpolated,within_registered_support,in_support,modeled_scenario,-0.003071770342293788,-9.656119614207528e-05,-0.36122993034574546,analytic,-0.003071770342961649,-9.656119615009118e-05,-0.3612299303473518,0.021582299624901588,0.03400703053256139,0.11427515770578679,0.021582299624901588,0.03400703053256139,0.11427515770578679,2.650739012876696,4.176745023071677,14.035280021034701,defined,1.6063261831789077e-12
11.97,600.0,0.5389559587975633,p_star_sensitivity,1.0,1.0,0.4822250000000001,-2.2897634910840576,1.1901436977360258,1.6897975628980855,VIOLATION,outside_supported_boundary,observed_or_interpolated,observed_or_interpolated,within_registered_support,in_support,modeled_scenario,-0.0018203219739322488,-9.656119614207528e-05,-0.36122993034574546,analytic,-0.0018203219744694155,-9.656119615009118e-05,-0.3612299303473518,0.018308086725870112,0.04868043900939522,0.16358278737860077,0.018308086725870112,0.04868043900939522,0.16358278737860077,,,,undefined_L_le_E,1.6063261831789077e-12
11.97,600.0,0.5389559587975633,p_star_sensitivity,1.5,0.0,0.0,-2.2897634910840576,2.2171939487886174,1.6897975628980855,PASS,outside_supported_boundary,observed_or_interpolated,observed_or_interpolated,within_registered_support,in_support,modeled_scenario,-0.004323218710655327,-9.656119614207528e-05,-0.5418448955186181,analytic,-0.0043232187105263775,-9.656119615009118e-05,-0.5418448955099254,0.023339829153545273,0.02613064938306769,0.13171176808355928,0.023339829153545273,0.02613064938306769,0.13171176808355928,0.09812150661142739,0.10985421826929287,0.5537211535608288,defined,8.692713215907588e-12
11.97,600.0,0.5389559587975633,p_star_sensitivity,1.5,0.25,0.12055625000000003,-2.2897634910840576,1.9604313860254696,1.6897975628980855,PASS,outside_supported_boundary,observed_or_interpolated,observed_or_interpolated,within_registered_support,in_support,modeled_scenario,-0.0036974945264745575,-9.656119614207528e-05,-0.5418448955186181,analytic,-0.0036974945272077652,-9.656119615009118e-05,-0.5418448955099254,0.022576158393590392,0.029553045366976186,0.1489623851468594,0.022576158393590392,0.029553045366976186,0.1489623851468594,0.16353835222526772,0.21407788952818574,1.0790614853844858,defined,8.692713215907588e-12
11.97,600.0,0.5389559587975633,p_star_sensitivity,1.5,0.5,0.24111250000000006,-2.2897634910840576,1.7036688232623216,1.6897975628980855,PASS,outside_supported_boundary,observed_or_interpolated,observed_or_interpolated,within_registered_support,in_support,modeled_scenario,-0.003071770342293788,-9.656119614207528e-05,-0.5418448955186181,analytic,-0.003071770342961649,-9.656119615009118e-05,-0.5418448955099254,0.021582299624901588,0.03400703053256139,0.17141273655516798,0.021582299624901588,0.03400703053256139,0.17141273655516798,2.650739012876696,4.176745023071677,21.052920031120685,defined,8.692713215907588e-12
11.97,600.0,0.5389559587975633,p_star_sensitivity,1.5,1.0,0.4822250000000001,-2.2897634910840576,1.1901436977360258,1.6897975628980855,VIOLATION,outside_supported_boundary,observed_or_interpolated,observed_or_interpolated,within_registered_support,in_support,modeled_scenario,-0.0018203219739322488,-9.656119614207528e-05,-0.5418448955186181,analytic,-0.0018203219744694155,-9.656119615009118e-05,-0.5418448955099254,0.018308086725870112,0.04868043900939522,0.24537418106287348,0.018308086725870112,0.04868043900939522,0.24537418106287348,,,,undefined_L_le_E,8.692713215907588e-12
11.97,600.0,0.8,p_ref,0.5,0.0,0.0,0.0,2.169973432333358,1.6897975628980855,PASS,outside_supported_boundary,observed_or_interpolated,observed_or_interpolated,within_registered_support,in_support,modeled_scenario,-0.004323218710655327,-9.656119614207528e-05,-0.18119971651104547,analytic,-0.0043232187105263775,-9.656119615009118e-05,-0.18119971649881747,0.02384772421354277,0.026699275127878286,0.06680255667608782,0.02384772421354277,0.026699275127878286,0.06680255667608782,0.1077707799558146,0.12065728700235015,0.30188891701188336,defined,1.2227996393221474e-11
11.97,600.0,0.8,p_ref,0.5,0.25,0.12055625000000003,0.0,2.169973432333358,1.6897975628980855,PASS,outside_supported_boundary,observed_or_interpolated,observed_or_interpolated,within_registered_support,in_support,modeled_scenario,-0.004323218710655327,-9.656119614207528e-05,-0.18119971651104547,analytic,-0.0043232187105263775,-9.656119615009118e-05,-0.18119971649881747,0.02384772421354277,0.026699275127878286,0.06680255667608782,0.02384772421354277,0.026699275127878286,0.06680255667608782,0.1077707799558146,0.12065728700235015,0.30188891701188336,defined,1.2227996393221474e-11
11.97,600.0,0.8,p_ref,0.5,0.5,0.24111250000000006,0.0,2.169973432333358,1.6897975628980855,PASS,outside_supported_boundary,observed_or_interpolated,observed_or_interpolated,within_registered_support,in_support,modeled_scenario,-0.004323218710655327,-9.656119614207528e-05,-0.18119971651104547,analytic,-0.0043232187105263775,-9.656119615009118e-05,-0.18119971649881747,0.02384772421354277,0.026699275127878286,0.06680255667608782,0.02384772421354277,0.026699275127878286,0.06680255667608782,0.1077707799558146,0.12065728700235015,0.30188891701188336,defined,1.2227996393221474e-11
11.97,600.0,0.8,p_ref,0.5,1.0,0.4822250000000001,0.0,2.169973432333358,1.6897975628980855,PASS,outside_supported_boundary,observed_or_interpolated,observed_or_interpolated,within_registered_support,in_support,modeled_scenario,-0.004323218710655327,-9.656119614207528e-05,-0.18119971651104547,analytic,-0.0043232187105263775,-9.656119615009118e-05,-0.18119971649881747,0.02384772421354277,0.026699275127878286,0.06680255667608782,0.02384772421354277,0.026699275127878286,0.06680255667608782,0.1077707799558146,0.12065728700235015,0.30188891701188336,defined,1.2227996393221474e-11
11.97,600.0,0.8,p_ref,1.0,0.0,0.0,0.0,2.1225663944166318,1.6897975628980855,PASS,outside_supported_boundary,observed_or_interpolated,observed_or_interpolated,within_registered_support,in_support,modeled_scenario,-0.004323218710655327,-9.656119614207528e-05,-0.3641718443337616,analytic,-0.0043232187105263775,-9.656119615009118e-05,-0.3641718443264583,0.02438035771277886,0.02729559736857046,0.13725717896388262,0.02438035771277886,0.02729559736857046,0.13725717896388262,0.11957637472046792,0.13387451560862196,0.67319421881398,defined,7.303269100589205e-12
11.97,600.0,0.8,p_ref,1.0,0.25,0.12055625000000003,0.0,2.1225663944166318,1.6897975628980855,PASS,outside_supported_boundary,observed_or_interpolated,observed_or_interpolated,within_registered_support,in_support,modeled_scenario,-0.004323218710655327,-9.656119614207528e-05,-0.3641718443337616,analytic,-0.0043232187105263775,-9.656119615009118e-05,-0.3641718443264583,0.02438035771277886,0.02729559736857046,0.13725717896388262,0.02438035771277886,0.02729559736857046,0.13725717896388262,0.11957637472046792,0.13387451560862196,0.67319421881398,defined,7.303269100589205e-12
11.97,600.0,0.8,p_ref,1.0,0.5,0.24111250000000006,0.0,2.1225663944166318,1.6897975628980855,PASS,outside_supported_boundary,observed_or_interpolated,observed_or_interpolated,within_registered_support,in_support,modeled_scenario,-0.004323218710655327,-9.656119614207528e-05,-0.3641718443337616,analytic,-0.0043232187105263775,-9.656119615009118e-05,-0.3641718443264583,0.02438035771277886,0.02729559736857046,0.13725717896388262,0.02438035771277886,0.02729559736857046,0.13725717896388262,0.11957637472046792,0.13387451560862196,0.67319421881398,defined,7.303269100589205e-12
11.97,600.0,0.8,p_ref,1.0,1.0,0.4822250000000001,0.0,2.1225663944166318,1.6897975628980855,PASS,outside_supported_boundary,observed_or_interpolated,observed_or_interpolated,within_registered_support,in_support,modeled_scenario,-0.004323218710655327,-9.656119614207528e-05,-0.3641718443337616,analytic,-0.0043232187105263775,-9.656119615009118e-05,-0.3641718443264583,0.02438035771277886,0.02729559736857046,0.13725717896388262,0.02438035771277886,0.02729559736857046,0.13725717896388262,0.11957637472046792,0.13387451560862196,0.67319421881398,defined,7.303269100589205e-12
11.97,600.0,0.8,p_ref,1.5,0.0,0.0,0.0,2.074831502722972,1.6897975628980855,PASS,outside_supported_boundary,observed_or_interpolated,observed_or_interpolated,within_registered_support,in_support,modeled_scenario,-0.004323218710655327,-9.656119614207528e-05,-0.5518959115697479,analytic,-0.0043232187105263775,-9.656119615009118e-05,-0.5518959116182635,0.024941267711178654,0.027923577222545345,0.21279642646411148,0.024941267711178654,0.027923577222545345,0.21279642646411148,0.1344009517408678,0.1504717161204136,1.1466956120684137,defined,4.851552493079225e-11
11.97,600.0,0.8,p_ref,1.5,0.25,0.12055625000000003,0.0,2.074831502722972,1.6897975628980855,PASS,outside_supported_boundary,observed_or_interpolated,observed_or_interpolated,within_registered_support,in_support,modeled_scenario,-0.004323218710655327,-9.656119614207528e-05,-0.5518959115697479,analytic,-0.0043232187105263775,-9.656119615009118e-05,-0.5518959116182635,0.024941267711178654,0.027923577222545345,0.21279642646411148,0.024941267711178654,0.027923577222545345,0.21279642646411148,0.1344009517408678,0.1504717161204136,1.1466956120684137,defined,4.851552493079225e-11
11.97,600.0,0.8,p_ref,1.5,0.5,0.24111250000000006,0.0,2.074831502722972,1.6897975628980855,PASS,outside_supported_boundary,observed_or_interpolated,observed_or_interpolated,within_registered_support,in_support,modeled_scenario,-0.004323218710655327,-9.656119614207528e-05,-0.5518959115697479,analytic,-0.0043232187105263775,-9.656119615009118e-05,-0.5518959116182635,0.024941267711178654,0.027923577222545345,0.21279642646411148,0.024941267711178654,0.027923577222545345,0.21279642646411148,0.1344009517408678,0.1504717161204136,1.1466956120684137,defined,4.851552493079225e-11
11.97,600.0,0.8,p_ref,1.5,1.0,0.4822250000000001,0.0,2.074831502722972,1.6897975628980855,PASS,outside_supported_boundary,observed_or_interpolated,observed_or_interpolated,within_registered_support,in_support,modeled_scenario,-0.004323218710655327,-9.656119614207528e-05,-0.5518959115697479,analytic,-0.0043232187105263775,-9.656119615009118e-05,-0.5518959116182635,0.024941267711178654,0.027923577222545345,0.21279642646411148,0.024941267711178654,0.027923577222545345,0.21279642646411148,0.1344009517408678,0.1504717161204136,1.1466956120684137,defined,4.851552493079225e-11
11.97,600.0,0.8,p_star_sensitivity,0.5,0.0,0.0,-2.2897634910840576,2.169973432333358,1.6897975628980855,PASS,outside_supported_boundary,observed_or_interpolated,observed_or_interpolated,within_registered_support,in_support,modeled_scenario,-0.004323218710655327,-9.656119614207528e-05,-0.18119971651104547,analytic,-0.0043232187105263775,-9.656119615009118e-05,-0.18119971649881747,0.02384772421354277,0.026699275127878286,0.06680255667608782,0.02384772421354277,0.026699275127878286,0.06680255667608782,0.1077707799558146,0.12065728700235015,0.30188891701188336,defined,1.2227996393221474e-11
11.97,600.0,0.8,p_star_sensitivity,0.5,0.25,0.12055625000000003,-2.2897634910840576,1.9132108695702104,1.6897975628980855,PASS,outside_supported_boundary,observed_or_interpolated,observed_or_interpolated,within_registered_support,in_support,modeled_scenario,-0.0036974945264745575,-9.656119614207528e-05,-0.18119971651104547,analytic,-0.0036974945272077652,-9.656119615009118e-05,-0.18119971649881747,0.023133367154985606,0.030282452714200703,0.07576779721705125,0.023133367154985606,0.030282452714200703,0.07576779721705125,0.19810373048025395,0.25932527723194665,0.6488412680440422,defined,1.2227996393221474e-11
11.97,600.0,0.8,p_star_sensitivity,0.5,0.5,0.24111250000000006,-2.2897634910840576,1.6564483068070623,1.6897975628980855,VIOLATION,outside_supported_boundary,observed_or_interpolated,observed_or_interpolated,within_registered_support,in_support,modeled_scenario,-0.003071770342293788,-9.656119614207528e-05,-0.18119971651104547,analytic,-0.003071770342961649,-9.656119615009118e-05,-0.18119971649881747,0.02219754812398965,0.034976471920051884,0.0875124038603267,0.02219754812398965,0.034976471920051884,0.0875124038603267,,,,undefined_L_le_E,1.2227996393221474e-11
11.97,600.0,0.8,p_star_sensitivity,0.5,1.0,0.4822250000000001,-2.2897634910840576,1.1429231812807665,1.6897975628980855,VIOLATION,outside_supported_boundary,observed_or_interpolated,observed_or_interpolated,within_registered_support,in_support,modeled_scenario,-0.0018203219739322488,-9.656119614207528e-05,-0.18119971651104547,analytic,-0.0018203219744694155,-9.656119615009118e-05,-0.18119971649881747,0.019064495664513285,0.05069169882890159,0.12683247270968045,0.019064495664513285,0.05069169882890159,0.12683247270968045,,,,undefined_L_le_E,1.2227996393221474e-11
11.97,600.0,0.8,p_star_sensitivity,1.0,0.0,0.0,-2.2897634910840576,2.1225663944166318,1.6897975628980855,PASS,outside_supported_boundary,observed_or_interpolated,observed_or_interpolated,within_registered_support,in_support,modeled_scenario,-0.004323218710655327,-9.656119614207528e-05,-0.3641718443337616,analytic,-0.0043232187105263775,-9.656119615009118e-05,-0.3641718443264583,0.02438035771277886,0.02729559736857046,0.13725717896388262,0.02438035771277886,0.02729559736857046,0.13725717896388262,0.11957637472046792,0.13387451560862196,0.67319421881398,defined,7.303269100589205e-12
11.97,600.0,0.8,p_star_sensitivity,1.0,0.25,0.12055625000000003,-2.2897634910840576,1.865803831653484,1.6897975628980855,PASS,outside_supported_boundary,observed_or_interpolated,observed_or_interpolated,within_registered_support,in_support,modeled_scenario,-0.0036974945264745575,-9.656119614207528e-05,-0.3641718443337616,analytic,-0.0036974945272077652,-9.656119615009118e-05,-0.3641718443264583,0.023721148354301756,0.031051880539183434,0.15614582332751567,0.023721148354301756,0.031051880539183434,0.15614582332751567,0.25146268825336615,0.3291741714641494,1.6552676079171227,defined,7.303269100589205e-12
11.97,600.0,0.8,p_star_sensitivity,1.0,0.5,0.24111250000000006,-2.2897634910840576,1.609041268890336,1.6897975628980855,VIOLATION,outside_supported_boundary,observed_or_interpolated,observed_or_interpolated,within_registered_support,in_support,modeled_scenario,-0.003071770342293788,-9.656119614207528e-05,-0.3641718443337616,analytic,-0.003071770342961649,-9.656119615009118e-05,-0.3641718443264583,0.02285155248417493,0.03600698056054855,0.18106277389770464,0.02285155248417493,0.03600698056054855,0.18106277389770464,,,,undefined_L_le_E,7.303269100589205e-12
11.97,600.0,0.8,p_star_sensitivity,1.0,1.0,0.4822250000000001,-2.2897634910840576,1.0955161433640401,1.6897975628980855,VIOLATION,outside_supported_boundary,observed_or_interpolated,observed_or_interpolated,within_registered_support,in_support,modeled_scenario,-0.0018203219739322488,-9.656119614207528e-05,-0.3641718443337616,analytic,-0.0018203219744694155,-9.656119615009118e-05,-0.3641718443264583,0.019889486947668223,0.05288531624202851,0.26593626869481485,0.019889486947668223,0.05288531624202851,0.26593626869481485,,,,undefined_L_le_E,7.303269100589205e-12
11.97,600.0,0.8,p_star_sensitivity,1.5,0.0,0.0,-2.2897634910840576,2.074831502722972,1.6897975628980855,PASS,outside_supported_boundary,observed_or_interpolated,observed_or_interpolated,within_registered_support,in_support,modeled_scenario,-0.004323218710655327,-9.656119614207528e-05,-0.5518959115697479,analytic,-0.0043232187105263775,-9.656119615009118e-05,-0.5518959116182635,0.024941267711178654,0.027923577222545345,0.21279642646411148,0.024941267711178654,0.027923577222545345,0.21279642646411148,0.1344009517408678,0.1504717161204136,1.1466956120684137,defined,4.851552493079225e-11
11.97,600.0,0.8,p_star_sensitivity,1.5,0.25,0.12055625000000003,-2.2897634910840576,1.818068939959824,1.6897975628980855,PASS,outside_supported_boundary,observed_or_interpolated,observed_or_interpolated,within_registered_support,in_support,modeled_scenario,-0.0036974945264745575,-9.656119614207528e-05,-0.5518959115697479,analytic,-0.0036974945272077652,-9.656119615009118e-05,-0.5518959116182635,0.02434396656688662,0.0318671731399443,0.24284927792912378,0.02434396656688662,0.0318671731399443,0.24284927792912378,0.34504197666307557,0.4516729999879013,3.4420518389079398,defined,4.851552493079225e-11
11.97,600.0,0.8,p_star_sensitivity,1.5,0.5,0.24111250000000006,-2.2897634910840576,1.561306377196676,1.6897975628980855,VIOLATION,outside_supported_boundary,observed_or_interpolated,observed_or_interpolated,within_registered_support,in_support,modeled_scenario,-0.003071770342293788,-9.656119614207528e-05,-0.5518959115697479,analytic,-0.003071770342961649,-9.656119615009118e-05,-0.5518959116182635,0.023550208685671162,0.037107846695713896,0.28278673279190314,0.023550208685671162,0.037107846695713896,0.28278673279190314,,,,undefined_L_le_E,4.851552493079225e-11
11.97,600.0,0.8,p_star_sensitivity,1.5,1.0,0.4822250000000001,-2.2897634910840576,1.0477812516703802,1.6897975628980855,VIOLATION,outside_supported_boundary,observed_or_interpolated,observed_or_interpolated,within_registered_support,in_support,modeled_scenario,-0.0018203219739322488,-9.656119614207528e-05,-0.5518959115697479,analytic,-0.0018203219744694155,-9.656119615009118e-05,-0.5518959116182635,0.020795613587914773,0.05529466918566408,0.42138254391433494,0.020795613587914773,0.05529466918566408,0.42138254391433494,,,,undefined_L_le_E,4.851552493079225e-11
