run_id,N_params_B,D_tokens_B,C_FLOPs_1e21,steps,batch_tokens_M,lr,wd,precision,gpu_days,step_time_ms,train_loss,val_loss,ppl,grad_norm_avg,predicted,residual,residual_x1e4
8,0.070542,0.134,0.0001,64,2.09,0.000318,0.088,bf16,0.0,100.4,4.4729,4.7388,114.3,1.085,4.738596534335041,0.00020346566495899054,2.0346566495899054
9,0.070542,0.268,0.0001,128,2.09,0.000318,0.098,fp16,0.0,100.4,4.1411,4.3541,77.8,0.582,4.354728145058647,-0.000628145058646723,-6.28145058646723
10,0.070542,0.537,0.0002,256,2.1,0.000318,0.053,bf16,0.0,100.4,3.9212,4.0384,56.74,0.522,4.037780658438722,0.0006193415612782971,6.193415612782971
11,0.070542,1.074,0.0005,512,2.1,0.000318,0.074,fp16,0.0,100.4,3.5323,3.7776,43.71,1.073,3.777493725176371,0.00010627482362890461,1.0627482362890461
12,0.070542,2.097,0.0009,1000,2.1,0.000318,0.082,bf16,0.0,100.4,3.377,3.5698,35.51,8.652,3.5698629338714003,-6.293387140043905e-05,-0.6293387140043905
13,0.070542,4.194,0.0018,2000,2.1,0.000318,0.069,fp16,0.1,100.4,3.3164,3.3922,29.73,0.914,3.3920883347122843,0.00011166528771555662,1.1166528771555662
14,0.070542,6.291,0.0027,3000,2.1,0.000318,0.052,bf16,0.1,100.4,3.1983,3.3024,27.18,1.378,3.303007960858776,-0.0006079608587761243,-6.079608587761243
15,0.070542,8.389,0.0036,4000,2.1,0.000318,0.038,bf16,0.1,100.4,3.071,3.2452,25.67,0.753,3.245639584079716,-0.0004395840797157824,-4.395840797157824
16,0.070542,10.486,0.0044,5000,2.1,0.000318,0.095,fp16,0.2,100.4,2.999,3.2041,24.63,0.999,3.2042377260718355,-0.0001377260718355977,-1.377260718355977
17,0.070542,12.583,0.0053,6000,2.1,0.000318,0.047,bf16,0.2,100.4,3.0927,3.172,23.86,0.682,3.1722768284662473,-0.0002768284662471032,-2.768284662471032
18,0.070542,14.68,0.0062,7000,2.1,0.000318,0.085,fp16,0.2,100.4,3.0447,3.1466,23.26,0.71,3.146497507705556,0.00010249229444392327,1.0249229444392327
19,0.070542,16.777,0.0071,8000,2.1,0.000318,0.096,fp16,0.3,100.4,3.0169,3.1248,22.76,1.22,3.1250477353254684,-0.00024773532546840116,-2.4773532546840116
20,0.070542,18.874,0.008,9000,2.1,0.000318,0.087,fp16,0.3,100.4,2.9922,3.1064,22.34,0.785,3.106781583492109,-0.0003815834921092609,-3.815834921092609
21,0.070542,20.972,0.0089,10000,2.1,0.000318,0.096,fp16,0.3,100.4,2.9376,3.0913,22.01,1.36,3.0909372592624162,0.00036274073758368885,3.6274073758368885
22,0.070542,23.069,0.0098,11000,2.1,0.000318,0.083,fp16,0.4,100.4,2.9798,3.077,21.69,0.94,3.0770082475890885,-8.247589088572482e-06,-0.08247589088572482
23,0.070542,25.166,0.0107,12000,2.1,0.000318,0.068,bf16,0.4,100.4,2.8241,3.0646,21.43,0.962,3.064612327389714,-1.2327389713906456e-05,-0.12327389713906456
24,0.070542,27.263,0.0115,13000,2.1,0.000318,0.092,bf16,0.4,100.4,2.9827,3.0531,21.18,1.208,3.0534726174845193,-0.00037261748451911103,-3.7261748451911103
25,0.070542,29.36,0.0124,14000,2.1,0.000318,0.057,bf16,0.5,100.4,2.9136,3.0432,20.97,0.973,3.043378916766382,-0.00017891676638193132,-1.7891676638193132
26,0.070542,31.457,0.0133,15000,2.1,0.000318,0.059,bf16,0.5,100.4,2.8271,3.0342,20.78,1.154,3.034168177829677,3.182217032282608e-05,0.3182217032282608
27,0.070542,33.554,0.0142,16000,2.1,0.000318,0.078,bf16,0.5,100.4,2.8712,3.0254,20.6,1.101,3.025711584529379,-0.000311584529379072,-3.11584529379072
28,0.070542,35.652,0.0151,17000,2.1,0.000318,0.091,bf16,0.6,100.4,2.8056,3.018,20.45,1.337,3.01790215516104,9.784483895991514e-05,0.9784483895991514
29,0.070542,37.749,0.016,18000,2.1,0.000318,0.047,bf16,0.6,100.4,2.8389,3.0105,20.3,0.823,3.010663146505527,-0.00016314650552695653,-1.6314650552695653
30,0.070542,39.846,0.0169,19000,2.1,0.000318,0.1,bf16,0.6,100.4,2.8154,3.0039,20.16,0.708,3.0039213562228753,-2.1356222875468234e-05,-0.21356222875468234
31,0.070542,41.943,0.0178,20000,2.1,0.000318,0.057,fp16,0.7,100.4,2.901,2.9975,20.04,1.733,2.997619038194133,-0.0001190381941329477,-1.190381941329477
32,0.070542,44.04,0.0186,21000,2.1,0.000318,0.08,fp16,0.7,100.4,2.7855,2.9921,19.93,0.784,2.9917076280920822,0.0003923719079179655,3.923719079179655
33,0.070542,46.137,0.0195,22000,2.1,0.000318,0.029,fp16,0.7,100.4,2.8755,2.9861,19.81,1.069,2.9861459261848156,-4.5926184815581195e-05,-0.45926184815581195
34,0.070542,48.234,0.0204,23000,2.1,0.000318,0.037,bf16,0.8,100.4,2.8621,2.9807,19.7,0.692,2.9808987042576485,-0.0001987042576483411,-1.987042576483411
35,0.070542,50.332,0.0213,24000,2.1,0.000318,0.015,bf16,0.8,100.4,2.867,2.9761,19.61,0.646,2.975933320594466,0.00016667940553416472,1.6667940553416472
36,0.070542,52.429,0.0222,25000,2.1,0.000318,0.035,bf16,0.8,100.4,2.7852,2.971,19.51,0.879,2.9712282006309425,-0.00022820063094242116,-2.2820063094242116
37,0.070542,54.526,0.0231,26000,2.1,0.000318,0.047,bf16,0.9,100.4,2.8032,2.9668,19.43,1.253,2.966757980528778,4.201947122206562e-05,0.4201947122206562
38,0.070542,56.623,0.024,27000,2.1,0.000318,0.042,bf16,0.9,100.4,2.8331,2.9621,19.34,1.23,2.9625025528824356,-0.00040255288243562504,-4.02552882435625
39,0.070542,58.72,0.0249,28000,2.1,0.000318,0.038,bf16,0.9,100.4,2.827,2.9582,19.26,0.889,2.958444197010322,-0.000244197010321745,-2.44197010321745
40,0.070542,60.817,0.0257,29000,2.1,0.000318,0.044,fp16,1.0,100.4,2.839,2.9546,19.19,1.429,2.954567222163382,3.2777836618258505e-05,0.32777836618258505
41,0.070542,62.915,0.0266,30000,2.1,0.000318,0.042,fp16,1.0,100.4,2.8415,2.951,19.13,1.311,2.9508559432411725,0.00014405675882755986,1.4405675882755986
42,0.070542,65.012,0.0275,31000,2.1,0.000318,0.075,bf16,1.0,100.4,2.764,2.9473,19.06,9.016,2.9473014335682737,-1.433568273867536e-06,-0.01433568273867536
43,0.070542,67.109,0.0284,32000,2.1,0.000318,0.096,bf16,1.1,100.4,2.8075,2.9439,18.99,1.137,2.94389071782312,9.282176880009985e-06,0.09282176880009985
44,0.070542,69.206,0.0293,33000,2.1,0.000318,0.021,bf16,1.1,100.4,2.7976,2.9406,18.93,0.838,2.940613750904692,-1.3750904692244603e-05,-0.13750904692244603
45,0.070542,71.303,0.0302,34000,2.1,0.000318,0.047,bf16,1.1,100.4,2.7444,2.9372,18.86,0.949,2.937461467269104,-0.00026146726910436513,-2.6146726910436513
46,0.070542,73.4,0.0311,35000,2.1,0.000318,0.059,fp16,1.2,100.4,2.8258,2.9343,18.81,1.049,2.9344256598763097,-0.00012565987630974718,-1.2565987630974718
47,0.070542,75.497,0.032,36000,2.1,0.000318,0.081,bf16,1.2,100.4,2.701,2.9314,18.75,0.802,2.931498877074812,-9.887707481182062e-05,-0.9887707481182062
48,0.070542,77.595,0.0328,37000,2.1,0.000318,0.038,fp16,1.2,100.4,2.7989,2.9289,18.71,1.478,2.9286730107867385,0.00022698921326158583,2.2698921326158583
49,0.070542,79.692,0.0337,38000,2.1,0.000318,0.097,fp16,1.3,100.4,2.8359,2.926,18.65,0.843,2.9259445592971054,5.544070289476011e-05,0.5544070289476011
50,0.070542,81.789,0.0346,39000,2.1,0.000318,0.015,bf16,1.3,100.4,2.7993,2.923,18.6,0.869,2.923306484560702,-0.0003064845607019251,-3.064845607019251
51,0.070542,83.886,0.0355,40000,2.1,0.000318,0.056,bf16,1.3,100.4,2.8496,2.9208,18.56,1.416,2.920753588292657,4.6411707342652875e-05,0.46411707342652875
52,0.070542,85.983,0.0364,41000,2.1,0.000318,0.096,bf16,1.4,100.4,2.7831,2.9182,18.51,0.435,2.9182810917782542,-8.10917782541054e-05,-0.8109177825410541
53,0.070542,88.08,0.0373,42000,2.1,0.000318,0.051,bf16,1.4,100.4,2.7785,2.9158,18.46,0.939,2.9158845927428927,-8.459274289274177e-05,-0.8459274289274177
54,0.070542,90.178,0.0382,43000,2.1,0.000318,0.027,fp16,1.4,100.4,2.7524,2.9137,18.42,0.992,2.9135589355946,0.00014106440539984888,1.4106440539984888
55,0.070542,92.275,0.0391,44000,2.1,0.000318,0.096,fp16,1.4,100.4,2.8013,2.9115,18.38,1.524,2.9113025777429,0.00019742225710039918,1.9742225710039918
56,0.070542,94.372,0.0399,45000,2.1,0.000318,0.044,fp16,1.5,100.4,2.7228,2.9093,18.34,1.131,2.9091109119214855,0.00018908807851447662,1.8908807851447662
57,0.070542,96.469,0.0408,46000,2.1,0.000318,0.058,fp16,1.5,100.4,2.7758,2.9068,18.3,2.318,2.906980706455246,-0.00018070645524614903,-1.8070645524614903
58,0.070542,98.566,0.0417,47000,2.1,0.000318,0.097,fp16,1.5,100.4,2.814,2.9049,18.26,0.882,2.904908956942948,-8.956942947779822e-06,-0.08956942947779822
59,0.070542,100.663,0.0426,48000,2.1,0.000318,0.076,fp16,1.6,100.4,2.8079,2.903,18.23,0.782,2.902892865837837,0.00010713416216301397,1.0713416216301397
60,0.070542,102.76,0.0435,49000,2.1,0.000318,0.042,bf16,1.6,100.4,2.7019,2.9011,18.19,1.111,2.900929824245003,0.000170175754997004,1.70175754997004
61,0.070542,104.858,0.0444,50000,2.1,0.000318,0.083,fp16,1.6,100.4,2.6967,2.8989,18.15,1.01,2.899016495377186,-0.00011649537718616543,-1.1649537718616543
62,0.070542,106.955,0.0453,51000,2.1,0.000318,0.025,bf16,1.7,100.4,2.7549,2.8971,18.12,17.364,2.8971524236250574,-5.242362505741838e-05,-0.5242362505741838
63,0.070542,109.052,0.0462,52000,2.1,0.000318,0.044,bf16,1.7,100.4,2.7161,2.8951,18.09,1.042,2.8953345512372666,-0.00023455123726678906,-2.3455123726678906
64,0.070542,111.149,0.047,53000,2.1,0.000318,0.02,bf16,1.7,100.4,2.746,2.8933,18.05,0.852,2.89356087728187,-0.00026087728187018655,-2.6087728187018655
65,0.070542,113.246,0.0479,54000,2.1,0.000318,0.041,bf16,1.8,100.4,2.6816,2.892,18.03,1.059,2.8918295231788687,0.00017047682113124907,1.7047682113124907
66,0.070542,115.343,0.0488,55000,2.1,0.000318,0.051,fp16,1.8,100.4,2.719,2.8904,18.0,2.044,2.890138723116136,0.00026127688386390346,2.6127688386390346
67,0.070542,117.441,0.0497,56000,2.1,0.000318,0.07,bf16,1.8,100.4,2.7137,2.8885,17.97,1.005,2.8884860366518676,1.3963348132417508e-05,0.13963348132417508
68,0.070542,119.538,0.0506,57000,2.1,0.000318,0.075,bf16,1.9,100.4,2.726,2.8871,17.94,0.629,2.8868714731818637,0.00022852681813656517,2.2852681813656517
69,0.070542,121.635,0.0515,58000,2.1,0.000318,0.081,bf16,1.9,100.4,2.7985,2.8854,17.91,1.061,2.8852927594489617,0.00010724055103850105,1.0724055103850105
70,0.070542,123.732,0.0524,59000,2.1,0.000318,0.061,fp16,1.9,100.4,2.675,2.8836,17.88,0.483,2.8837485016621276,-0.0001485016621276536,-1.4850166212765359
71,0.070542,125.829,0.0533,60000,2.1,0.000318,0.086,bf16,2.0,100.4,2.6973,2.8823,17.86,1.032,2.8822373826815677,6.261731843215657e-05,0.6261731843215657
72,0.070542,127.926,0.0541,61000,2.1,0.000318,0.023,bf16,2.0,100.4,2.6969,2.8811,17.83,1.11,2.880758156608696,0.00034184339130405306,3.4184339130405306
73,0.070542,130.023,0.055,62000,2.1,0.000318,0.059,bf16,2.0,100.4,2.7654,2.8793,17.8,0.77,2.8793096438395214,-9.643839521178421e-06,-0.09643839521178421
74,0.070542,132.121,0.0559,63000,2.1,0.000318,0.092,fp16,2.1,100.4,2.8125,2.8782,17.78,1.209,2.8778900567825976,0.0003099432174025196,3.099432174025196
75,0.070542,134.218,0.0568,64000,2.1,0.000318,0.042,bf16,2.1,100.4,2.6563,2.876,17.74,0.94,2.876499688078218,-0.0004996880782179858,-4.996880782179858
76,0.070542,136.315,0.0577,65000,2.1,0.000318,0.073,bf16,2.1,100.4,2.7029,2.8753,17.73,1.135,2.8751368477115036,0.00016315228849661523,1.6315228849661523
77,0.070542,138.412,0.0586,66000,2.1,0.000318,0.053,bf16,2.2,100.4,2.7023,2.8738,17.7,0.759,2.873800579563142,-5.795631419225344e-07,-0.005795631419225344
78,0.070542,140.509,0.0595,67000,2.1,0.000318,0.067,bf16,2.2,100.4,2.7384,2.8724,17.68,0.499,2.8724899745714323,-8.997457143244958e-05,-0.8997457143244958
79,0.070542,142.606,0.0604,68000,2.1,0.000318,0.024,bf16,2.2,100.4,2.804,2.8712,17.66,0.63,2.8712041677547395,-4.167754739548002e-06,-0.04167754739548002
80,0.070542,144.703,0.0612,69000,2.1,0.000318,0.018,bf16,2.3,100.4,2.7626,2.8696,17.63,1.235,2.8699423354629876,-0.0003423354629874531,-3.423354629874531
81,0.070542,146.801,0.0621,70000,2.1,0.000318,0.034,bf16,2.3,100.4,2.6469,2.8687,17.61,1.055,2.8687031075753366,-3.107575336613877e-06,-0.03107575336613877
82,0.070542,148.898,0.063,71000,2.1,0.000318,0.095,bf16,2.3,100.4,2.7514,2.8676,17.59,0.882,2.8674869167273296,0.00011308327267034457,1.1308327267034457
83,0.070542,150.995,0.0639,72000,2.1,0.000318,0.033,bf16,2.4,100.4,2.7816,2.8666,17.58,6.266,2.8662924526421274,0.00030754735787263954,3.0754735787263954
84,0.070542,153.092,0.0648,73000,2.1,0.000318,0.083,bf16,2.4,100.4,2.7796,2.865,17.55,0.973,2.865119033426653,-0.00011903342665275929,-1.1903342665275929
85,0.070542,155.189,0.0657,74000,2.1,0.000318,0.076,bf16,2.4,100.4,2.6722,2.8638,17.53,0.677,2.86396600755824,-0.0001660075582399223,-1.660075582399223
86,0.070542,157.286,0.0666,75000,2.1,0.000318,0.075,fp16,2.5,100.4,2.7212,2.8628,17.51,1.124,2.862832752143203,-3.275214320286324e-05,-0.3275214320286324
87,0.070542,159.384,0.0675,76000,2.1,0.000318,0.065,fp16,2.5,100.4,2.8003,2.8619,17.49,1.101,2.8617181445056916,0.00018185549430826953,1.8185549430826953
88,0.070542,161.481,0.0683,77000,2.1,0.000318,0.042,bf16,2.5,100.4,2.8016,2.8607,17.47,1.254,2.860622676584151,7.732341584887337e-05,0.7732341584887337
89,0.070542,163.578,0.0692,78000,2.1,0.000318,0.095,fp16,2.6,100.4,2.72,2.8595,17.45,0.935,2.8595452663040866,-4.526630408641097e-05,-0.4526630408641097
90,0.070542,165.675,0.0701,79000,2.1,0.000318,0.029,bf16,2.6,100.4,2.6712,2.8586,17.44,0.777,2.8584853901712495,0.00011460982875055592,1.1460982875055592
91,0.070542,167.772,0.071,80000,2.1,0.000318,0.029,bf16,2.6,100.4,2.7619,2.8575,17.42,1.138,2.8574425462502355,5.745374976440232e-05,0.5745374976440232
92,0.070542,169.869,0.0719,81000,2.1,0.000318,0.087,bf16,2.7,100.4,2.799,2.8566,17.4,0.865,2.8564162530202952,0.00018374697970457987,1.8374697970457987
93,0.070542,171.966,0.0728,82000,2.1,0.000318,0.024,fp16,2.7,100.4,2.7476,2.8553,17.38,0.812,2.8554060483051416,-0.00010604830514138186,-1.0604830514138186
94,0.070542,174.064,0.0737,83000,2.1,0.000318,0.082,fp16,2.7,100.4,2.6365,2.8544,17.36,1.093,2.8544110176571063,-1.1017657106204837e-05,-0.11017657106204837
95,0.070542,176.161,0.0746,84000,2.1,0.000318,0.095,bf16,2.8,100.4,2.649,2.8534,17.35,0.794,2.8534316830327606,-3.168303276046558e-05,-0.3168303276046558
96,0.070542,178.258,0.0754,85000,2.1,0.000318,0.078,fp16,2.8,100.4,2.6504,2.8522,17.33,1.153,2.8524671565627884,-0.0002671565627885286,-2.671565627885286
97,0.070542,180.355,0.0763,86000,2.1,0.000318,0.013,bf16,2.8,100.4,2.7115,2.8516,17.32,1.169,2.8515170440472146,8.295595278529078e-05,0.8295595278529078
98,0.070542,182.452,0.0772,87000,2.1,0.000318,0.023,fp16,2.9,100.4,2.6294,2.8506,17.3,1.162,2.85058096620852,1.9033791479827755e-05,0.19033791479827755
99,0.070542,184.549,0.0781,88000,2.1,0.000318,0.033,bf16,2.9,100.4,2.6497,2.8497,17.28,0.932,2.849658557962923,4.1442037077121796e-05,0.41442037077121796
100,0.070542,186.647,0.079,89000,2.1,0.000318,0.025,bf16,2.9,100.4,2.7339,2.8487,17.27,0.996,2.8487490373382824,-4.903733828243162e-05,-0.4903733828243162
101,0.070542,188.744,0.0799,90000,2.1,0.000318,0.088,fp16,3.0,100.4,2.6921,2.8476,17.25,1.862,2.8478529325269517,-0.000252932526951799,-2.52932526951799
102,0.070542,190.841,0.0808,91000,2.1,0.000318,0.067,bf16,3.0,100.4,2.7789,2.8469,17.23,1.06,2.8469694804129024,-6.948041290222307e-05,-0.6948041290222307
103,0.070542,192.938,0.0817,92000,2.1,0.000318,0.029,bf16,3.0,100.4,2.6382,2.8461,17.22,1.078,2.846098366229546,1.6337704540347886e-06,0.016337704540347886
104,0.070542,195.035,0.0825,93000,2.1,0.000318,0.068,bf16,3.1,100.4,2.771,2.8451,17.2,1.521,2.84523928635401,-0.00013928635401017075,-1.3928635401017075
105,0.070542,197.132,0.0834,94000,2.1,0.000318,0.023,fp16,3.1,100.4,2.7516,2.8444,17.19,8.415,2.8443919477978237,8.052202176145329e-06,0.08052202176145329
106,0.070542,199.229,0.0843,95000,2.1,0.000318,0.057,bf16,3.1,100.4,2.7595,2.8436,17.18,0.993,2.8435560677260168,4.393227398313826e-05,0.4393227398313826
107,0.070542,201.327,0.0852,96000,2.1,0.000318,0.06,bf16,3.2,100.4,2.6934,2.8431,17.17,1.147,2.8427309823551035,0.0003690176448967186,3.690176448967186
108,0.070542,203.424,0.0861,97000,2.1,0.000318,0.07,bf16,3.2,100.4,2.7434,2.842,17.15,0.965,2.8419172142608367,8.27857391634268e-05,0.827857391634268
109,0.070542,205.521,0.087,98000,2.1,0.000318,0.084,bf16,3.2,100.4,2.7526,2.8412,17.14,8.925,2.8411141125264865,8.588747351367942e-05,0.8588747351367942
110,0.070542,207.618,0.0879,99000,2.1,0.000318,0.057,bf16,3.3,100.4,2.7093,2.8403,17.12,0.848,2.840321430631878,-2.143063187798333e-05,-0.2143063187798333
111,0.070542,209.715,0.0888,100000,2.1,0.000318,0.051,bf16,3.3,100.4,2.7042,2.8392,17.1,7.696,2.839538930171248,-0.00033893017124819735,-3.3893017124819735
112,0.070542,211.812,0.0896,101000,2.1,0.000318,0.045,bf16,3.3,100.4,2.7028,2.8388,17.09,1.148,2.8387663805081775,3.361949182245638e-05,0.3361949182245638
113,0.070542,213.91,0.0905,102000,2.1,0.000318,0.021,bf16,3.4,100.4,2.7331,2.838,17.08,0.829,2.838003196966054,-3.1969660541086853e-06,-0.03196966054108685
114,0.070542,216.007,0.0914,103000,2.1,0.000318,0.091,fp16,3.4,100.4,2.652,2.8377,17.08,0.904,2.8372498909326955,0.0004501090673043606,4.501090673043606
115,0.070542,218.104,0.0923,104000,2.1,0.000318,0.027,bf16,3.4,100.4,2.7404,2.8365,17.06,1.117,2.8365058871172377,-5.8871172377017444e-06,-0.058871172377017444
116,0.070542,220.201,0.0932,105000,2.1,0.000318,0.011,bf16,3.5,100.4,2.6744,2.8358,17.04,0.639,2.835770982855551,2.9017144449028365e-05,0.29017144449028365
117,0.070542,222.298,0.0941,106000,2.1,0.000318,0.032,fp16,3.5,100.4,2.6617,2.8351,17.03,1.066,2.8350449817754546,5.5018224545566596e-05,0.550182245455666
118,0.070542,224.395,0.095,107000,2.1,0.000318,0.025,fp16,3.5,100.4,2.6281,2.8341,17.02,0.917,2.8343276935442083,-0.00022769354420848487,-2.2769354420848487
119,0.070542,226.492,0.0959,108000,2.1,0.000318,0.025,bf16,3.6,100.4,2.7444,2.8338,17.01,1.169,2.8336189336283875,0.00018106637161263706,1.8106637161263706
120,0.070542,228.59,0.0968,109000,2.1,0.000318,0.044,bf16,3.6,100.4,2.6349,2.8331,17.0,1.311,2.832918191023348,0.000181808976651876,1.81808976651876
121,0.070542,230.687,0.0976,110000,2.1,0.000318,0.082,fp16,3.6,100.4,2.6255,2.8324,16.99,0.922,2.832225960062288,0.0001740399377117008,1.7403993771170079
122,0.070542,232.784,0.0985,111000,2.1,0.000318,0.089,fp16,3.7,100.4,2.6842,2.8314,16.97,1.256,2.8315417363029693,-0.00014173630296943074,-1.4173630296943074
123,0.070542,234.881,0.0994,112000,2.1,0.000318,0.053,bf16,3.7,100.4,2.6201,2.8311,16.96,11.145,2.8308653562339288,0.00023464376607140736,2.3464376607140736
124,0.070542,236.978,0.1003,113000,2.1,0.000318,0.066,bf16,3.7,100.4,2.6836,2.83,16.94,1.151,2.830196661104626,-0.00019666110462601694,-1.9666110462601694
125,0.070542,239.075,0.1012,114000,2.1,0.000318,0.063,bf16,3.8,100.4,2.6874,2.8297,16.94,0.701,2.8295354967461477,0.00016450325385219955,1.6450325385219955
126,0.070542,241.172,0.1021,115000,2.1,0.000318,0.052,bf16,3.8,100.4,2.6083,2.8293,16.93,0.905,2.828881713400168,0.00041828659983211836,4.1828659983211836
127,0.070542,243.27,0.103,116000,2.1,0.000318,0.066,bf16,3.8,100.4,2.642,2.8281,16.91,1.063,2.828234858938706,-0.00013485893870601728,-1.3485893870601728
128,0.070542,245.367,0.1039,117000,2.1,0.000318,0.035,fp16,3.9,100.4,2.7125,2.8275,16.9,0.983,2.8275954085262005,-9.54085262003801e-05,-0.954085262003801
129,0.070542,247.464,0.1047,118000,2.1,0.000318,0.078,fp16,3.9,100.4,2.7472,2.827,16.89,0.958,2.8269629146543505,3.708534564950128e-05,0.3708534564950128
130,0.070542,249.561,0.1056,119000,2.1,0.000318,0.039,bf16,3.9,100.4,2.6935,2.8263,16.88,1.224,2.826337243648598,-3.7243648598028756e-05,-0.37243648598028756
131,0.070542,251.658,0.1065,120000,2.1,0.000318,0.095,bf16,4.0,100.4,2.7254,2.8255,16.87,1.144,2.8257182654988204,-0.0002182654988205357,-2.182654988205357
132,0.070542,253.755,0.1074,121000,2.1,0.000318,0.044,bf16,4.0,100.4,2.759,2.8251,16.86,1.122,2.825105853729335,-5.853729335036917e-06,-0.05853729335036917
133,0.070542,255.853,0.1083,122000,2.1,0.000318,0.026,fp16,4.0,100.4,2.6884,2.8243,16.85,1.447,2.824499597823196,-0.00019959782319611818,-1.9959782319611818
134,0.070542,257.95,0.1092,123000,2.1,0.000318,0.074,fp16,4.1,100.4,2.6145,2.824,16.84,1.404,2.823899955896054,0.0001000441039460398,1.000441039460398
135,0.070542,260.047,0.1101,124000,2.1,0.000318,0.096,fp16,4.1,100.4,2.6783,2.8232,16.83,1.017,2.8233065208569057,-0.0001065208569057674,-1.065208569057674
136,0.070542,262.144,0.111,125000,2.1,0.000318,0.012,fp16,4.1,100.4,2.6472,2.823,16.83,6.122,2.822719179177932,0.00028082082206815073,2.8082082206815073
137,0.070542,264.241,0.1118,126000,2.1,0.000318,0.063,bf16,4.1,100.4,2.6347,2.822,16.81,0.623,2.8221378202948344,-0.00013782029483433433,-1.3782029483433433
138,0.070542,266.338,0.1127,127000,2.1,0.000318,0.096,bf16,4.2,100.4,2.726,2.8215,16.8,2.001,2.8215623365066893,-6.233650668940882e-05,-0.6233650668940882
139,0.070542,268.435,0.1136,128000,2.1,0.000318,0.077,bf16,4.2,100.4,2.675,2.8212,16.8,0.635,2.820992622879938,0.00020737712006235753,2.0737712006235753
140,0.070542,270.533,0.1145,129000,2.1,0.000318,0.099,bf16,4.2,100.4,2.7152,2.8202,16.78,1.251,2.8204283095149867,-0.00022830951498686858,-2.283095149868686
141,0.070542,272.63,0.1154,130000,2.1,0.000318,0.07,bf16,4.3,100.4,2.7297,2.8199,16.78,0.853,2.8198698346551887,3.0165344811372563e-05,0.30165344811372563
142,0.070542,274.727,0.1163,131000,2.1,0.000318,0.058,bf16,4.3,100.4,2.6983,2.8196,16.77,0.801,2.8193168308124594,0.00028316918754045517,2.8316918754045517
143,0.070542,276.824,0.1172,132000,2.1,0.000318,0.072,bf16,4.3,100.4,2.7394,2.8185,16.75,0.971,2.818769203239783,-0.0002692032397830779,-2.692032397830779
144,0.070542,278.921,0.1181,133000,2.1,0.000318,0.076,bf16,4.4,100.4,2.6436,2.8183,16.75,1.72,2.818226859532883,7.314046711659472e-05,0.7314046711659472
145,0.070542,281.018,0.1189,134000,2.1,0.000318,0.099,fp16,4.4,100.4,2.6764,2.8178,16.74,7.208,2.817689709555202,0.00011029044479826666,1.1029044479826666
146,0.070542,283.116,0.1198,135000,2.1,0.000318,0.064,bf16,4.4,100.4,2.6869,2.8173,16.73,1.251,2.817157412853236,0.00014258714676396167,1.4258714676396167
147,0.070542,285.213,0.1207,136000,2.1,0.000318,0.089,fp16,4.5,100.4,2.6393,2.8164,16.72,1.019,2.816630391011323,-0.00023039101132305007,-2.3039101132305007
148,0.070542,287.31,0.1216,137000,2.1,0.000318,0.045,bf16,4.5,100.4,2.5929,2.8159,16.71,1.022,2.8161083053488785,-0.00020830534887839036,-2.0830534887839036
149,0.070542,289.407,0.1225,138000,2.1,0.000318,0.043,bf16,4.5,100.4,2.6849,2.8157,16.7,0.631,2.815591074107753,0.00010892589224731353,1.0892589224731353
150,0.070542,291.504,0.1234,139000,2.1,0.000318,0.013,bf16,4.6,100.4,2.6264,2.8152,16.7,0.992,2.815078617463879,0.00012138253612103966,1.2138253612103966
151,0.070542,293.601,0.1243,140000,2.1,0.000318,0.024,fp16,4.6,100.4,2.6214,2.8146,16.69,0.769,2.8145708574679955,2.9142532004478028e-05,0.2914253200447803
152,0.070542,295.698,0.1252,141000,2.1,0.000318,0.064,fp16,4.6,100.4,2.6762,2.8142,16.68,8.205,2.8140677179885993,0.00013228201140069729,1.3228201140069729
153,0.070542,297.796,0.126,142000,2.1,0.000318,0.09,bf16,4.7,100.4,2.6996,2.8135,16.67,0.966,2.8135688879648164,-6.888796481652193e-05,-0.6888796481652193
154,0.070542,299.893,0.1269,143000,2.1,0.000318,0.084,bf16,4.7,100.4,2.7356,2.8131,16.66,1.056,2.813074770238541,2.522976145913347e-05,0.2522976145913347
162,0.162405,0.134,0.0001,64,2.09,0.000292,0.062,bf16,0.0,152.3,4.3629,4.5235,92.16,1.068,4.523354577417965,0.00014542258203498193,1.4542258203498193
163,0.162405,0.268,0.0003,128,2.09,0.000292,0.013,fp16,0.0,152.3,3.8711,4.1397,62.79,0.966,4.139486188141571,0.00021381185842894723,2.1381185842894723
164,0.162405,0.537,0.0005,256,2.1,0.000292,0.033,fp16,0.0,152.3,3.7306,3.8226,45.72,1.234,3.822538701521646,6.12984783541215e-05,0.612984783541215
165,0.162405,1.074,0.001,512,2.1,0.000292,0.057,bf16,0.0,152.3,3.3444,3.5629,35.26,1.29,3.5622517682592956,0.0006482317407043858,6.482317407043858
166,0.162405,2.097,0.002,1000,2.1,0.000292,0.064,bf16,0.1,152.3,3.2267,3.3548,28.64,0.746,3.3546209769543247,0.00017902304567529725,1.7902304567529725
167,0.162405,4.194,0.0041,2000,2.1,0.000292,0.065,fp16,0.2,152.3,2.9947,3.1771,23.98,0.724,3.1768463777952087,0.0002536222047910819,2.536222047910819
168,0.162405,6.291,0.0061,3000,2.1,0.000292,0.049,fp16,0.2,152.3,2.9252,3.0883,21.94,8.649,3.0877660039417005,0.0005339960582992909,5.339960582992909
169,0.162405,8.389,0.0082,4000,2.1,0.000292,0.042,fp16,0.3,152.3,2.8517,3.0304,20.7,0.782,3.03039762716264,2.372837360375968e-06,0.023728373603759678
170,0.162405,10.486,0.0102,5000,2.1,0.000292,0.052,fp16,0.4,152.3,2.7538,2.9888,19.86,1.264,2.98899576915476,-0.0001957691547600504,-1.9576915476005041
171,0.162405,12.583,0.0123,6000,2.1,0.000292,0.015,bf16,0.5,152.3,2.7969,2.9568,19.24,0.497,2.9570348715491717,-0.00023487154917178898,-2.34871549171789
172,0.162405,14.68,0.0143,7000,2.1,0.000292,0.033,bf16,0.5,152.3,2.735,2.9311,18.75,0.768,2.9312555507884808,-0.0001555507884809515,-1.555507884809515
173,0.162405,16.777,0.0163,8000,2.1,0.000292,0.094,fp16,0.6,152.3,2.7712,2.9098,18.35,0.59,2.909805778408393,-5.778408392664858e-06,-0.05778408392664858
174,0.162405,18.874,0.0184,9000,2.1,0.000292,0.066,bf16,0.7,152.3,2.6823,2.8916,18.02,1.284,2.8915396265750335,6.037342496645337e-05,0.6037342496645337
175,0.162405,20.972,0.0204,10000,2.1,0.000292,0.016,bf16,0.8,152.3,2.7827,2.8757,17.74,0.585,2.8756953023453407,4.697654659491235e-06,0.04697654659491235
176,0.162405,23.069,0.0225,11000,2.1,0.000292,0.045,bf16,0.8,152.3,2.7086,2.8619,17.5,1.916,2.861766290672013,0.00013370932798695279,1.3370932798695279
177,0.162405,25.166,0.0245,12000,2.1,0.000292,0.088,bf16,0.9,152.3,2.7791,2.8494,17.28,1.193,2.8493703704726383,2.962952736185187e-05,0.2962952736185187
178,0.162405,27.263,0.0266,13000,2.1,0.000292,0.094,bf16,1.0,152.3,2.6645,2.8385,17.09,1.048,2.8382306605674437,0.0002693394325561371,2.6933943255613713
179,0.162405,29.36,0.0286,14000,2.1,0.000292,0.016,fp16,1.1,152.3,2.6719,2.8281,16.91,0.969,2.8281369598493065,-3.6959849306406056e-05,-0.36959849306406056
180,0.162405,31.457,0.0307,15000,2.1,0.000292,0.01,bf16,1.1,152.3,2.7286,2.8195,16.77,0.952,2.8189262209126014,0.0005737790873987514,5.737790873987514
181,0.162405,33.554,0.0327,16000,2.1,0.000292,0.057,bf16,1.2,152.3,2.6204,2.8106,16.62,0.773,2.8104696276123033,0.00013037238769664228,1.3037238769664228
182,0.162405,35.652,0.0347,17000,2.1,0.000292,0.097,bf16,1.3,152.3,2.64,2.8025,16.49,1.129,2.8026601982439643,-0.00016019824396407145,-1.6019824396407145
183,0.162405,37.749,0.0368,18000,2.1,0.000292,0.041,bf16,1.4,152.3,2.6225,2.7952,16.37,1.2,2.7954211895884513,-0.00022118958845140924,-2.2118958845140924
184,0.162405,39.846,0.0388,19000,2.1,0.000292,0.03,fp16,1.4,152.3,2.6239,2.7888,16.26,1.185,2.7886793993057997,0.00012060069420050112,1.2060069420050112
185,0.162405,41.943,0.0409,20000,2.1,0.000292,0.06,fp16,1.5,152.3,2.5797,2.7823,16.16,0.696,2.7823770812770574,-7.708127705718937e-05,-0.7708127705718937
186,0.162405,44.04,0.0429,21000,2.1,0.000292,0.027,bf16,1.6,152.3,2.7107,2.7766,16.06,0.861,2.7764656711750066,0.00013432882499353482,1.3432882499353482
187,0.162405,46.137,0.045,22000,2.1,0.000292,0.066,bf16,1.7,152.3,2.682,2.771,15.97,1.206,2.7709039692677404,9.603073225949998e-05,0.9603073225949998
188,0.162405,48.234,0.047,23000,2.1,0.000292,0.035,fp16,1.7,152.3,2.6973,2.7656,15.89,0.808,2.765656747340573,-5.674734057281583e-05,-0.5674734057281583
189,0.162405,50.332,0.049,24000,2.1,0.000292,0.074,bf16,1.8,152.3,2.5905,2.7605,15.81,0.68,2.7606913636773904,-0.000191363677390477,-1.91363677390477
190,0.162405,52.429,0.0511,25000,2.1,0.000292,0.053,bf16,1.9,152.3,2.5846,2.7557,15.73,0.827,2.755986243713867,-0.00028624371386687386,-2.8624371386687386
191,0.162405,54.526,0.0531,26000,2.1,0.000292,0.069,fp16,2.0,152.3,2.5332,2.7514,15.66,1.1,2.7515160236117024,-0.00011602361170259812,-1.1602361170259812
192,0.162405,56.623,0.0552,27000,2.1,0.000292,0.098,bf16,2.0,152.3,2.6402,2.7474,15.6,10.559,2.74726059596536,0.00013940403463985618,1.3940403463985618
193,0.162405,58.72,0.0572,28000,2.1,0.000292,0.086,fp16,2.1,152.3,2.6418,2.7432,15.54,1.552,2.743202240093246,-2.240093246008712e-06,-0.02240093246008712
194,0.162405,60.817,0.0593,29000,2.1,0.000292,0.066,bf16,2.2,152.3,2.6636,2.7391,15.47,1.061,2.7393252652463063,-0.00022526524630617217,-2.2526524630617217
195,0.162405,62.915,0.0613,30000,2.1,0.000292,0.058,bf16,2.3,152.3,2.6212,2.7356,15.42,0.598,2.735613986324097,-1.3986324097103875e-05,-0.13986324097103875
196,0.162405,65.012,0.0633,31000,2.1,0.000292,0.064,bf16,2.4,152.3,2.5374,2.7321,15.37,1.148,2.732059476651198,4.052334880189079e-05,0.4052334880189079
197,0.162405,67.109,0.0654,32000,2.1,0.000292,0.068,bf16,2.4,152.3,2.667,2.7285,15.31,0.852,2.7286487609060446,-0.00014876090604465375,-1.4876090604465375
198,0.162405,69.206,0.0674,33000,2.1,0.000292,0.029,bf16,2.5,152.3,2.5826,2.7254,15.26,1.114,2.725371793987617,2.8206012383069634e-05,0.28206012383069634
199,0.162405,71.303,0.0695,34000,2.1,0.000292,0.057,bf16,2.6,152.3,2.5326,2.7222,15.21,0.79,2.722219510352028,-1.951035202818474e-05,-0.1951035202818474
200,0.162405,73.4,0.0715,35000,2.1,0.000292,0.026,bf16,2.7,152.3,2.5482,2.719,15.16,1.451,2.719183702959234,-0.00018370295923419988,-1.8370295923419988
201,0.162405,75.497,0.0736,36000,2.1,0.000292,0.046,bf16,2.7,152.3,2.6415,2.7163,15.12,1.237,2.7162569201577362,4.307984226370465e-05,0.4307984226370465
202,0.162405,77.595,0.0756,37000,2.1,0.000292,0.073,bf16,2.8,152.3,2.539,2.7135,15.08,0.72,2.713431053869663,6.89461303369221e-05,0.689461303369221
203,0.162405,79.692,0.0777,38000,2.1,0.000292,0.083,bf16,2.9,152.3,2.5835,2.7109,15.04,0.742,2.71070260238003,0.00019739761997028538,1.9739761997028538
204,0.162405,81.789,0.0797,39000,2.1,0.000292,0.08,bf16,3.0,152.3,2.5927,2.7082,15.0,0.969,2.708064527643626,0.00013547235637423327,1.3547235637423327
205,0.162405,83.886,0.0817,40000,2.1,0.000292,0.087,fp16,3.0,152.3,2.6326,2.7053,14.96,8.879,2.7055116313755816,-0.0002116313755817778,-2.116313755817778
206,0.162405,85.983,0.0838,41000,2.1,0.000292,0.085,bf16,3.1,152.3,2.5412,2.7029,14.92,1.946,2.7030391348611786,-0.0001391348611785581,-1.3913486117855811
207,0.162405,88.08,0.0858,42000,2.1,0.000292,0.056,fp16,3.2,152.3,2.5356,2.7007,14.89,0.681,2.700642635825817,5.73641741827835e-05,0.573641741827835
208,0.162405,90.178,0.0879,43000,2.1,0.000292,0.022,bf16,3.3,152.3,2.6137,2.6984,14.86,6.908,2.6983169786775245,8.302132247539618e-05,0.8302132247539618
209,0.162405,92.275,0.0899,44000,2.1,0.000292,0.035,bf16,3.3,152.3,2.5719,2.6961,14.82,0.799,2.6960606208258246,3.9379174175291354e-05,0.39379174175291354
210,0.162405,94.372,0.092,45000,2.1,0.000292,0.057,fp16,3.4,152.3,2.6397,2.6945,14.8,0.615,2.69386895500441,0.0006310449955901909,6.310449955901909
211,0.162405,96.469,0.094,46000,2.1,0.000292,0.034,bf16,3.5,152.3,2.5054,2.6918,14.76,8.94,2.6917387495381706,6.125046182958727e-05,0.6125046182958727
212,0.162405,98.566,0.096,47000,2.1,0.000292,0.06,bf16,3.6,152.3,2.4834,2.6898,14.73,11.948,2.6896670000258722,0.00013299997412774545,1.3299997412774545
213,0.162405,100.663,0.0981,48000,2.1,0.000292,0.054,bf16,3.6,152.3,2.5685,2.6878,14.7,0.801,2.6876509089207614,0.0001490910792387723,1.490910792387723
214,0.162405,102.76,0.1001,49000,2.1,0.000292,0.044,bf16,3.7,152.3,2.5031,2.6858,14.67,0.963,2.6856878673279274,0.00011213267207255129,1.1213267207255129
215,0.162405,104.858,0.1022,50000,2.1,0.000292,0.019,bf16,3.8,152.3,2.6246,2.6837,14.64,0.946,2.6837745384601104,-7.45384601104071e-05,-0.745384601104071
216,0.162405,106.955,0.1042,51000,2.1,0.000292,0.046,bf16,3.9,152.3,2.4809,2.682,14.61,11.218,2.681910466707982,8.953329201810689e-05,0.8953329201810689
217,0.162405,109.052,0.1063,52000,2.1,0.000292,0.037,fp16,3.9,152.3,2.4988,2.68,14.58,1.398,2.6800925943201905,-9.259432019037561e-05,-0.9259432019037561
218,0.162405,111.149,0.1083,53000,2.1,0.000292,0.078,bf16,4.0,152.3,2.6048,2.6783,14.56,0.994,2.678318920364795,-1.892036479489434e-05,-0.1892036479489434
219,0.162405,113.246,0.1104,54000,2.1,0.000292,0.083,bf16,4.1,152.3,2.6092,2.6765,14.53,0.957,2.676587566261793,-8.756626179318161e-05,-0.8756626179318161
220,0.162405,115.343,0.1124,55000,2.1,0.000292,0.08,fp16,4.2,152.3,2.5993,2.6749,14.51,0.974,2.6748967661990606,3.2338009394727862e-06,0.03233800939472786
221,0.162405,117.441,0.1144,56000,2.1,0.000292,0.055,fp16,4.2,152.3,2.4875,2.6736,14.49,1.139,2.673244079734792,0.00035592026520792075,3.5592026520792075
222,0.162405,119.538,0.1165,57000,2.1,0.000292,0.056,fp16,4.3,152.3,2.5982,2.6713,14.46,0.731,2.671629516264788,-0.0003295162647880545,-3.295162647880545
223,0.162405,121.635,0.1185,58000,2.1,0.000292,0.099,fp16,4.4,152.3,2.5945,2.6702,14.44,1.007,2.670050802531886,0.0001491974681138153,1.491974681138153
224,0.162405,123.732,0.1206,59000,2.1,0.000292,0.021,fp16,4.5,152.3,2.5925,2.6683,14.41,1.056,2.6685065447450516,-0.0002065447450516622,-2.065447450516622
225,0.162405,125.829,0.1226,60000,2.1,0.000292,0.054,bf16,4.5,152.3,2.56,2.6669,14.4,0.977,2.666995425764492,-9.542576449206308e-05,-0.9542576449206308
226,0.162405,127.926,0.1247,61000,2.1,0.000292,0.091,bf16,4.6,152.3,2.5201,2.6657,14.38,0.865,2.6655161996916203,0.0001838003083798334,1.838003083798334
227,0.162405,130.023,0.1267,62000,2.1,0.000292,0.085,bf16,4.7,152.3,2.6088,2.6641,14.35,1.471,2.6640676869224458,3.2313077554135816e-05,0.32313077554135816
228,0.162405,132.121,0.1287,63000,2.1,0.000292,0.059,bf16,4.8,152.3,2.4716,2.6625,14.33,1.185,2.662648099865522,-0.00014809986552188903,-1.4809986552188903
229,0.162405,134.218,0.1308,64000,2.1,0.000292,0.099,bf16,4.9,152.3,2.5114,2.6611,14.31,0.701,2.6612577311611423,-0.00015773116114248253,-1.5773116114248253
230,0.162405,136.315,0.1328,65000,2.1,0.000292,0.094,fp16,4.9,152.3,2.5623,2.66,14.3,0.81,2.659894890794428,0.00010510920557216252,1.0510920557216252
231,0.162405,138.412,0.1349,66000,2.1,0.000292,0.022,bf16,5.0,152.3,2.5289,2.6584,14.27,1.519,2.6585586226460665,-0.00015862264606658627,-1.5862264606658627
232,0.162405,140.509,0.1369,67000,2.1,0.000292,0.044,fp16,5.1,152.3,2.4639,2.6573,14.26,1.029,2.6572480176543567,5.198234564351978e-05,0.5198234564351978
233,0.162405,142.606,0.139,68000,2.1,0.000292,0.021,fp16,5.2,152.3,2.4522,2.656,14.24,0.768,2.655962210837664,3.7789162336210325e-05,0.37789162336210325
234,0.162405,144.703,0.141,69000,2.1,0.000292,0.041,bf16,5.2,152.3,2.5034,2.6546,14.22,0.761,2.654700378545912,-0.00010037854591216089,-1.0037854591216089
235,0.162405,146.801,0.143,70000,2.1,0.000292,0.028,fp16,5.3,152.3,2.5164,2.6538,14.21,14.246,2.653461150658261,0.00033884934173888936,3.3884934173888936
236,0.162405,148.898,0.1451,71000,2.1,0.000292,0.056,bf16,5.4,152.3,2.5497,2.6523,14.19,1.13,2.652244959810254,5.5040189745891865e-05,0.5504018974589187
237,0.162405,150.995,0.1471,72000,2.1,0.000292,0.027,bf16,5.5,152.3,2.5025,2.6507,14.16,0.977,2.651050495725052,-0.0003504957250517471,-3.504957250517471
238,0.162405,153.092,0.1492,73000,2.1,0.000292,0.059,fp16,5.5,152.3,2.5301,2.6499,14.15,1.082,2.6498770765095774,2.292349042276598e-05,0.2292349042276598
239,0.162405,155.189,0.1512,74000,2.1,0.000292,0.021,bf16,5.6,152.3,2.5601,2.6486,14.13,1.43,2.6487240506411642,-0.00012405064116416398,-1.2405064116416398
240,0.162405,157.286,0.1533,75000,2.1,0.000292,0.073,bf16,5.7,152.3,2.5051,2.6477,14.12,0.857,2.6475907952261273,0.00010920477387266203,1.0920477387266203
241,0.162405,159.384,0.1553,76000,2.1,0.000292,0.048,fp16,5.8,152.3,2.493,2.6464,14.1,1.116,2.646476187588616,-7.618758861616115e-05,-0.7618758861616115
242,0.162405,161.481,0.1574,77000,2.1,0.000292,0.059,bf16,5.8,152.3,2.4853,2.6454,14.09,7.89,2.6453807196670756,1.9280332924420662e-05,0.19280332924420662
243,0.162405,163.578,0.1594,78000,2.1,0.000292,0.093,bf16,5.9,152.3,2.4558,2.6444,14.07,0.913,2.644303309387011,9.66906129891143e-05,0.966906129891143
244,0.162405,165.675,0.1614,79000,2.1,0.000292,0.024,bf16,6.0,152.3,2.587,2.6434,14.06,0.763,2.643243433254174,0.00015656674582631425,1.5656674582631425
245,0.162405,167.772,0.1635,80000,2.1,0.000292,0.064,bf16,6.1,152.3,2.5608,2.642,14.04,0.778,2.64220058933316,-0.00020058933316002836,-2.0058933316002836
246,0.162405,169.869,0.1655,81000,2.1,0.000292,0.022,bf16,6.1,152.3,2.5869,2.6411,14.03,0.871,2.6411742961032196,-7.42961032198508e-05,-0.7429610321985081
247,0.162405,171.966,0.1676,82000,2.1,0.000292,0.044,bf16,6.2,152.3,2.5449,2.6401,14.01,0.808,2.6401640913880655,-6.409138806562353e-05,-0.6409138806562353
248,0.162405,174.064,0.1696,83000,2.1,0.000292,0.057,fp16,6.3,152.3,2.5376,2.6391,14.0,0.48,2.6391690607400307,-6.906074003065754e-05,-0.6906074003065754
249,0.162405,176.161,0.1717,84000,2.1,0.000292,0.058,bf16,6.4,152.3,2.4901,2.6385,13.99,0.886,2.638189726115685,0.00031027388431503766,3.1027388431503766
250,0.162405,178.258,0.1737,85000,2.1,0.000292,0.057,bf16,6.4,152.3,2.4717,2.6373,13.98,0.812,2.637225199645713,7.480035428741871e-05,0.7480035428741871
251,0.162405,180.355,0.1757,86000,2.1,0.000292,0.034,bf16,6.5,152.3,2.5257,2.6361,13.96,0.695,2.636275087130139,-0.0001750871301391399,-1.750871301391399
252,0.162405,182.452,0.1778,87000,2.1,0.000292,0.046,bf16,6.6,152.3,2.5559,2.6355,13.95,1.501,2.6353390092914446,0.00016099070855535302,1.6099070855535302
253,0.162405,184.549,0.1798,88000,2.1,0.000292,0.03,fp16,6.7,152.3,2.4321,2.6347,13.94,0.93,2.634416601045847,0.0002833989541528581,2.833989541528581
254,0.162405,186.647,0.1819,89000,2.1,0.000292,0.043,bf16,6.7,152.3,2.4247,2.6337,13.92,0.935,2.633507080421207,0.00019291957879330468,1.9291957879330468
255,0.162405,188.744,0.1839,90000,2.1,0.000292,0.03,bf16,6.8,152.3,2.5022,2.6324,13.91,1.089,2.632610975609876,-0.0002109756098760407,-2.109756098760407
256,0.162405,190.841,0.186,91000,2.1,0.000292,0.052,bf16,6.9,152.3,2.5197,2.6317,13.9,1.437,2.631727523495827,-2.7523495826908828e-05,-0.2752349582690883
257,0.162405,192.938,0.188,92000,2.1,0.000292,0.046,fp16,7.0,152.3,2.4688,2.6311,13.89,0.979,2.6308564093124702,0.0002435906875297711,2.435906875297711
258,0.162405,195.035,0.19,93000,2.1,0.000292,0.032,bf16,7.1,152.3,2.5499,2.6299,13.87,8.375,2.6299973294369345,-9.732943693441243e-05,-0.9732943693441243
259,0.162405,197.132,0.1921,94000,2.1,0.000292,0.041,fp16,7.1,152.3,2.5124,2.6292,13.86,0.936,2.629149990880748,5.0009119251903655e-05,0.5000911925190366
260,0.162405,199.229,0.1941,95000,2.1,0.000292,0.059,bf16,7.2,152.3,2.5068,2.6284,13.85,0.61,2.628314110808941,8.588919105889659e-05,0.8588919105889659
261,0.162405,201.327,0.1962,96000,2.1,0.000292,0.062,bf16,7.3,152.3,2.5443,2.6274,13.84,1.4,2.627489025438028,-8.902543802769003e-05,-0.8902543802769003
262,0.162405,203.424,0.1982,97000,2.1,0.000292,0.075,fp16,7.4,152.3,2.5137,2.6267,13.83,1.346,2.626675257343761,2.4742656238974092e-05,0.24742656238974092
263,0.162405,205.521,0.2003,98000,2.1,0.000292,0.047,bf16,7.4,152.3,2.42,2.6254,13.81,2.023,2.625872155609411,-0.00047215560941094026,-4.721556094109403
264,0.162405,207.618,0.2023,99000,2.1,0.000292,0.011,bf16,7.5,152.3,2.4176,2.6249,13.8,0.903,2.6250794737148024,-0.00017947371480264707,-1.7947371480264707
265,0.162405,209.715,0.2044,100000,2.1,0.000292,0.057,bf16,7.6,152.3,2.4437,2.6243,13.79,0.999,2.6242969732541725,3.026745827305888e-06,0.030267458273058878
266,0.162405,211.812,0.2064,101000,2.1,0.000292,0.076,bf16,7.7,152.3,2.4571,2.6234,13.78,0.88,2.623524423591102,-0.00012442359110176326,-1.2442359110176326
267,0.162405,213.91,0.2084,102000,2.1,0.000292,0.05,bf16,7.7,152.3,2.5603,2.623,13.78,0.928,2.6227612400489786,0.00023875995102162761,2.387599510216276
268,0.162405,216.007,0.2105,103000,2.1,0.000292,0.02,fp16,7.8,152.3,2.4867,2.6218,13.76,0.926,2.62200793401562,-0.000207934015620026,-2.07934015620026
269,0.162405,218.104,0.2125,104000,2.1,0.000292,0.018,bf16,7.9,152.3,2.5427,2.6212,13.75,1.203,2.621263930200162,-6.393020016215445e-05,-0.6393020016215445
270,0.162405,220.201,0.2146,105000,2.1,0.000292,0.05,fp16,8.0,152.3,2.4661,2.6206,13.74,0.698,2.6205290259384753,7.097406152478669e-05,0.7097406152478669
271,0.162405,222.298,0.2166,106000,2.1,0.000292,0.013,bf16,8.0,152.3,2.4444,2.62,13.74,1.241,2.619803024858379,0.00019697514162109186,1.9697514162109186
272,0.162405,224.395,0.2187,107000,2.1,0.000292,0.024,bf16,8.1,152.3,2.4825,2.6189,13.72,0.64,2.6190857366271327,-0.00018573662713272654,-1.8573662713272654
273,0.162405,226.492,0.2207,108000,2.1,0.000292,0.021,fp16,8.2,152.3,2.452,2.6186,13.72,2.22,2.618376976711312,0.0002230232886879513,2.230232886879513
274,0.162405,228.59,0.2227,109000,2.1,0.000292,0.067,fp16,8.3,152.3,2.467,2.6177,13.7,1.065,2.6176762341062725,2.3765893727656362e-05,0.23765893727656362
275,0.162405,230.687,0.2248,110000,2.1,0.000292,0.04,bf16,8.3,152.3,2.4854,2.6169,13.69,1.001,2.6169840031452125,-8.400314521272989e-05,-0.8400314521272989
276,0.162405,232.784,0.2268,111000,2.1,0.000292,0.046,bf16,8.4,152.3,2.4583,2.6164,13.69,0.837,2.6162997793858938,0.00010022061410630556,1.0022061410630556
277,0.162405,234.881,0.2289,112000,2.1,0.000292,0.09,bf16,8.5,152.3,2.4558,2.6157,13.68,0.76,2.615623399316853,7.660068314674362e-05,0.7660068314674362
278,0.162405,236.978,0.2309,113000,2.1,0.000292,0.047,fp16,8.6,152.3,2.4732,2.6149,13.67,0.822,2.6149547041875505,-5.470418755049167e-05,-0.5470418755049167
279,0.162405,239.075,0.233,114000,2.1,0.000292,0.077,bf16,8.6,152.3,2.4095,2.6143,13.66,1.265,2.614293539829072,6.4601709279799024e-06,0.06460170927979902
280,0.162405,241.172,0.235,115000,2.1,0.000292,0.091,fp16,8.7,152.3,2.4229,2.6136,13.65,0.51,2.613639756483092,-3.9756483092290296e-05,-0.39756483092290296
281,0.162405,243.27,0.237,116000,2.1,0.000292,0.014,fp16,8.8,152.3,2.4085,2.613,13.64,1.146,2.6129929020216305,7.0979783695079846e-06,0.07097978369507985
282,0.162405,245.367,0.2391,117000,2.1,0.000292,0.076,bf16,8.9,152.3,2.499,2.6125,13.63,1.465,2.612353451609125,0.00014654839087491212,1.4654839087491212
283,0.162405,247.464,0.2411,118000,2.1,0.000292,0.011,bf16,8.9,152.3,2.421,2.612,13.63,0.423,2.611720957737275,0.0002790422627252376,2.7904226272523758
284,0.162405,249.561,0.2432,119000,2.1,0.000292,0.034,bf16,9.0,152.3,2.4121,2.6109,13.61,0.728,2.6110952867315222,-0.0001952867315222484,-1.952867315222484
285,0.162405,251.658,0.2452,120000,2.1,0.000292,0.077,bf16,9.1,152.3,2.4988,2.6108,13.61,13.318,2.610476308581745,0.0003236914182549455,3.236914182549455
286,0.162405,253.755,0.2473,121000,2.1,0.000292,0.025,bf16,9.2,152.3,2.4903,2.6096,13.59,1.416,2.6098638968122594,-0.0002638968122594676,-2.638968122594676
287,0.162405,255.853,0.2493,122000,2.1,0.000292,0.086,fp16,9.2,152.3,2.5008,2.6092,13.59,1.887,2.6092576409061206,-5.7640906120592916e-05,-0.5764090612059292
288,0.162405,257.95,0.2514,123000,2.1,0.000292,0.063,bf16,9.3,152.3,2.4392,2.6088,13.58,0.732,2.6086579989789787,0.00014200102102135403,1.4200102102135403
289,0.162405,260.047,0.2534,124000,2.1,0.000292,0.066,bf16,9.4,152.3,2.5,2.6081,13.57,1.362,2.60806456393983,3.5436060169757866e-05,0.35436060169757866
290,0.162405,262.144,0.2554,125000,2.1,0.000292,0.087,bf16,9.5,152.3,2.4641,2.6074,13.56,0.71,2.607477222260856,-7.722226085604689e-05,-0.7722226085604689
291,0.162405,264.241,0.2575,126000,2.1,0.000292,0.075,bf16,9.6,152.3,2.4505,2.6069,13.56,7.375,2.606895863377759,4.136622241190935e-06,0.04136622241190935
292,0.162405,266.338,0.2595,127000,2.1,0.000292,0.044,bf16,9.6,152.3,2.4794,2.6063,13.55,0.875,2.6063203795896137,-2.0379589613650495e-05,-0.20379589613650495
293,0.162405,268.435,0.2616,128000,2.1,0.000292,0.022,bf16,9.7,152.3,2.4256,2.6057,13.54,1.31,2.605750665962862,-5.0665962862073144e-05,-0.5066596286207314
294,0.162405,270.533,0.2636,129000,2.1,0.000292,0.013,bf16,9.8,152.3,2.4592,2.6053,13.54,0.749,2.605186352597911,0.00011364740208907875,1.1364740208907875
295,0.162405,272.63,0.2657,130000,2.1,0.000292,0.047,fp16,9.9,152.3,2.4411,2.6047,13.53,0.931,2.604627877738113,7.21222618866868e-05,0.721222618866868
296,0.162405,274.727,0.2677,131000,2.1,0.000292,0.069,fp16,9.9,152.3,2.4437,2.604,13.52,0.851,2.604074873895384,-7.487389538374245e-05,-0.7487389538374245
297,0.162405,276.824,0.2697,132000,2.1,0.000292,0.092,bf16,10.0,152.3,2.43,2.6037,13.51,0.716,2.6035272463227073,0.00017275367729263635,1.7275367729263635
298,0.162405,278.921,0.2718,133000,2.1,0.000292,0.045,fp16,10.1,152.3,2.5335,2.603,13.5,1.083,2.6029849026158076,1.5097384192586105e-05,0.15097384192586105
299,0.162405,281.018,0.2738,134000,2.1,0.000292,0.017,bf16,10.2,152.3,2.4425,2.6026,13.5,1.65,2.602447752638126,0.0001522473618735809,1.522473618735809
300,0.162405,283.116,0.2759,135000,2.1,0.000292,0.049,bf16,10.2,152.3,2.5355,2.602,13.49,1.559,2.601915455936161,8.454406383906488e-05,0.8454406383906488
301,0.162405,285.213,0.2779,136000,2.1,0.000292,0.095,bf16,10.3,152.3,2.5454,2.6013,13.48,0.681,2.6013884340942472,-8.843409424708071e-05,-0.8843409424708071
302,0.162405,287.31,0.28,137000,2.1,0.000292,0.043,bf16,10.4,152.3,2.5067,2.6008,13.47,0.665,2.6008663484318024,-6.6348431802421e-05,-0.66348431802421
303,0.162405,289.407,0.282,138000,2.1,0.000292,0.044,fp16,10.5,152.3,2.4101,2.6005,13.47,0.948,2.600349117190677,0.00015088280932262776,1.5088280932262776
304,0.162405,291.504,0.2841,139000,2.1,0.000292,0.045,bf16,10.5,152.3,2.404,2.5999,13.46,1.0,2.599836660546803,6.333945319703105e-05,0.6333945319703105
305,0.162405,293.601,0.2861,140000,2.1,0.000292,0.07,bf16,10.6,152.3,2.5195,2.5993,13.45,0.833,2.59932890055092,-2.8900550919974677e-05,-0.28900550919974677
306,0.162405,295.698,0.2881,141000,2.1,0.000292,0.082,bf16,10.7,152.3,2.4744,2.5989,13.45,1.315,2.5988257610715237,7.423892847624458e-05,0.7423892847624458
307,0.162405,297.796,0.2902,142000,2.1,0.000292,0.056,fp16,10.8,152.3,2.4803,2.5985,13.44,0.618,2.598326931047741,0.00017306895225921437,1.7306895225921437
308,0.162405,299.893,0.2922,143000,2.1,0.000292,0.091,bf16,10.8,152.3,2.4393,2.5978,13.43,0.865,2.597832813321465,-3.2813321465319234e-05,-0.32813321465319234
316,0.409009,0.134,0.0003,64,2.09,0.000266,0.076,fp16,0.0,241.7,4.0482,4.3461,77.18,0.544,4.346382266298466,-0.0002822662984662827,-2.822662984662827
317,0.409009,0.268,0.0007,128,2.09,0.000266,0.035,bf16,0.0,241.7,3.8798,3.9625,52.59,0.843,3.9625138770220714,-1.387702207145125e-05,-0.1387702207145125
318,0.409009,0.537,0.0013,256,2.1,0.000266,0.039,bf16,0.0,241.7,3.4633,3.6458,38.31,1.009,3.6455663904021463,0.00023360959785367896,2.3360959785367896
319,0.409009,1.074,0.0026,512,2.1,0.000266,0.079,fp16,0.1,241.7,3.3153,3.3856,29.54,0.987,3.385279457139796,0.0003205428602042204,3.205428602042204
320,0.409009,2.097,0.0051,1000,2.1,0.000266,0.022,bf16,0.2,241.7,2.955,3.1777,23.99,1.233,3.177648665834825,5.13341651751098e-05,0.513341651751098
321,0.409009,4.194,0.0103,2000,2.1,0.000266,0.095,fp16,0.4,241.7,2.9201,2.9999,20.08,0.993,2.999874066675709,2.59333242906834e-05,0.259333242906834
322,0.409009,6.291,0.0154,3000,2.1,0.000266,0.05,bf16,0.6,241.7,2.8308,2.9109,18.37,1.24,2.910793692822201,0.00010630717779891441,1.063071777989144
323,0.409009,8.389,0.0206,4000,2.1,0.000266,0.061,bf16,0.8,241.7,2.6728,2.8533,17.34,1.015,2.8534253160431406,-0.00012531604314069966,-1.2531604314069966
324,0.409009,10.486,0.0257,5000,2.1,0.000266,0.084,bf16,1.0,241.7,2.7489,2.8125,16.65,1.235,2.8120234580352603,0.00047654196473967403,4.76541964739674
325,0.409009,12.583,0.0309,6000,2.1,0.000266,0.089,fp16,1.1,241.7,2.7077,2.7799,16.12,0.735,2.780062560429672,-0.00016256042967199846,-1.6256042967199846
326,0.409009,14.68,0.036,7000,2.1,0.000266,0.073,bf16,1.3,241.7,2.6654,2.754,15.71,0.635,2.7542832396689807,-0.00028323966898069486,-2.8323966898069486
327,0.409009,16.777,0.0412,8000,2.1,0.000266,0.08,bf16,1.5,241.7,2.6689,2.733,15.38,0.93,2.732833467288893,0.0001665327111068926,1.665327111068926
328,0.409009,18.874,0.0463,9000,2.1,0.000266,0.017,bf16,1.7,241.7,2.5567,2.7147,15.1,1.176,2.714567315455534,0.0001326845444662439,1.326845444662439
329,0.409009,20.972,0.0515,10000,2.1,0.000266,0.043,bf16,1.9,241.7,2.4955,2.6988,14.86,1.543,2.698722991225841,7.700877415883767e-05,0.7700877415883767
330,0.409009,23.069,0.0566,11000,2.1,0.000266,0.026,fp16,2.1,241.7,2.6285,2.6849,14.66,0.898,2.6847939795525133,0.00010602044748653228,1.0602044748653228
331,0.409009,25.166,0.0618,12000,2.1,0.000266,0.077,bf16,2.3,241.7,2.487,2.6724,14.47,1.136,2.6723980593531387,1.940646861431361e-06,0.01940646861431361
332,0.409009,27.263,0.0669,13000,2.1,0.000266,0.046,fp16,2.5,241.7,2.5409,2.6611,14.31,0.948,2.661258349447944,-0.00015834944794423933,-1.5834944794423933
333,0.409009,29.36,0.0721,14000,2.1,0.000266,0.084,fp16,2.7,241.7,2.4745,2.6512,14.17,1.281,2.651164648729807,3.5351270192940376e-05,0.35351270192940376
334,0.409009,31.457,0.0772,15000,2.1,0.000266,0.04,bf16,2.9,241.7,2.5417,2.6418,14.04,0.813,2.6419539097931017,-0.00015390979310181407,-1.5390979310181407
335,0.409009,33.554,0.0823,16000,2.1,0.000266,0.094,bf16,3.1,241.7,2.5707,2.6336,13.92,0.754,2.6334973164928037,0.00010268350719622177,1.0268350719622177
336,0.409009,35.652,0.0875,17000,2.1,0.000266,0.065,bf16,3.2,241.7,2.4974,2.6256,13.81,1.015,2.6256878871244647,-8.788712446472502e-05,-0.8788712446472502
337,0.409009,37.749,0.0926,18000,2.1,0.000266,0.034,bf16,3.4,241.7,2.5334,2.6183,13.71,0.649,2.6184488784689517,-0.00014887846895161871,-1.4887846895161871
338,0.409009,39.846,0.0978,19000,2.1,0.000266,0.01,bf16,3.6,241.7,2.4206,2.6116,13.62,1.073,2.6117070881863,-0.00010708818629989736,-1.0708818629989736
339,0.409009,41.943,0.1029,20000,2.1,0.000266,0.039,bf16,3.8,241.7,2.4457,2.6055,13.54,0.859,2.605404770157558,9.52298424423681e-05,0.952298424423681
340,0.409009,44.04,0.1081,21000,2.1,0.000266,0.017,fp16,4.0,241.7,2.4413,2.5994,13.46,0.822,2.599493360055507,-9.336005550686366e-05,-0.9336005550686366
341,0.409009,46.137,0.1132,22000,2.1,0.000266,0.087,fp16,4.2,241.7,2.5259,2.5938,13.38,1.127,2.5939316581482403,-0.0001316581482404544,-1.316581482404544
342,0.409009,48.234,0.1184,23000,2.1,0.000266,0.06,bf16,4.4,241.7,2.3833,2.5887,13.31,0.814,2.5886844362210732,1.5563778926530603e-05,0.15563778926530603
343,0.409009,50.332,0.1235,24000,2.1,0.000266,0.047,bf16,4.6,241.7,2.426,2.5837,13.25,1.019,2.583719052557891,-1.905255789091953e-05,-0.1905255789091953
344,0.409009,52.429,0.1287,25000,2.1,0.000266,0.078,fp16,4.8,241.7,2.4971,2.5789,13.18,1.133,2.5790139325943673,-0.0001139325943673164,-1.139325943673164
345,0.409009,54.526,0.1338,26000,2.1,0.000266,0.053,bf16,5.0,241.7,2.391,2.5745,13.12,0.499,2.574543712492203,-4.3712492202807596e-05,-0.43712492202807596
346,0.409009,56.623,0.139,27000,2.1,0.000266,0.074,bf16,5.2,241.7,2.4376,2.5703,13.07,1.197,2.5702882848458604,1.1715154139668726e-05,0.11715154139668726
347,0.409009,58.72,0.1441,28000,2.1,0.000266,0.052,bf16,5.3,241.7,2.4378,2.566,13.01,1.08,2.5662299289737467,-0.00022992897374685128,-2.299289737468513
348,0.409009,60.817,0.1492,29000,2.1,0.000266,0.05,bf16,5.5,241.7,2.3774,2.5621,12.96,0.851,2.5623529541268066,-0.0002529541268065927,-2.529541268065927
349,0.409009,62.915,0.1544,30000,2.1,0.000266,0.037,bf16,5.7,241.7,2.4185,2.5585,12.92,1.027,2.5586416752045973,-0.00014167520459729133,-1.4167520459729133
350,0.409009,65.012,0.1595,31000,2.1,0.000266,0.014,fp16,5.9,241.7,2.4567,2.555,12.87,0.991,2.5550871655316985,-8.716553169829666e-05,-0.8716553169829666
351,0.409009,67.109,0.1647,32000,2.1,0.000266,0.071,bf16,6.1,241.7,2.3989,2.5517,12.83,1.466,2.551676449786545,2.3550213454903712e-05,0.23550213454903712
352,0.409009,69.206,0.1698,33000,2.1,0.000266,0.077,bf16,6.3,241.7,2.4458,2.5486,12.79,1.049,2.548399482868117,0.0002005171318830712,2.005171318830712
353,0.409009,71.303,0.175,34000,2.1,0.000266,0.03,bf16,6.5,241.7,2.4315,2.5454,12.75,0.972,2.545247199232529,0.00015280076747092863,1.5280076747092863
354,0.409009,73.4,0.1801,35000,2.1,0.000266,0.096,bf16,6.7,241.7,2.3911,2.5422,12.71,0.937,2.5422113918397344,-1.1391839734642417e-05,-0.11391839734642417
355,0.409009,75.497,0.1853,36000,2.1,0.000266,0.089,bf16,6.9,241.7,2.3825,2.5393,12.67,0.805,2.5392846090382366,1.539096176328414e-05,0.1539096176328414
356,0.409009,77.595,0.1904,37000,2.1,0.000266,0.056,bf16,7.1,241.7,2.399,2.5363,12.63,1.201,2.5364587427501633,-0.0001587427501630323,-1.587427501630323
357,0.409009,79.692,0.1956,38000,2.1,0.000266,0.076,fp16,7.3,241.7,2.3967,2.5337,12.6,1.275,2.53373029126053,-3.0291260530113107e-05,-0.30291260530113107
358,0.409009,81.789,0.2007,39000,2.1,0.000266,0.074,bf16,7.4,241.7,2.4741,2.531,12.57,0.927,2.5310922165241267,-9.22165241266093e-05,-0.922165241266093
359,0.409009,83.886,0.2059,40000,2.1,0.000266,0.032,bf16,7.6,241.7,2.377,2.5286,12.54,1.191,2.528539320256082,6.067974391799069e-05,0.6067974391799069
360,0.409009,85.983,0.211,41000,2.1,0.000266,0.035,bf16,7.8,241.7,2.4247,2.5259,12.5,0.836,2.526066823741679,-0.00016682374167897862,-1.6682374167897862
361,0.409009,88.08,0.2162,42000,2.1,0.000266,0.07,bf16,8.0,241.7,2.3857,2.5237,12.48,1.319,2.5236703247063175,2.967529368236299e-05,0.2967529368236299
362,0.409009,90.178,0.2213,43000,2.1,0.000266,0.097,bf16,8.2,241.7,2.3587,2.5215,12.45,0.673,2.521344667558025,0.0001553324419751867,1.553324419751867
363,0.409009,92.275,0.2264,44000,2.1,0.000266,0.029,bf16,8.4,241.7,2.3985,2.5191,12.42,13.563,2.5190883097063246,1.1690293675314933e-05,0.11690293675314933
364,0.409009,94.372,0.2316,45000,2.1,0.000266,0.077,fp16,8.6,241.7,2.3623,2.5169,12.39,0.775,2.5168966438849103,3.3561150898364644e-06,0.033561150898364644
365,0.409009,96.469,0.2367,46000,2.1,0.000266,0.07,bf16,8.8,241.7,2.3169,2.5148,12.36,1.004,2.514766438418671,3.3561581329166756e-05,0.33561581329166756
366,0.409009,98.566,0.2419,47000,2.1,0.000266,0.096,bf16,9.0,241.7,2.4602,2.5126,12.34,1.085,2.5126946889063726,-9.468890637265304e-05,-0.9468890637265304
367,0.409009,100.663,0.247,48000,2.1,0.000266,0.078,bf16,9.2,241.7,2.3234,2.5107,12.31,0.506,2.510678597801262,2.1402198738140754e-05,0.21402198738140754
368,0.409009,102.76,0.2522,49000,2.1,0.000266,0.024,bf16,9.4,241.7,2.4027,2.5087,12.29,1.438,2.508715556208428,-1.5556208427636165e-05,-0.15556208427636165
369,0.409009,104.858,0.2573,50000,2.1,0.000266,0.05,bf16,9.5,241.7,2.3256,2.5068,12.27,0.956,2.5068022273406108,-2.2273406106165794e-06,-0.022273406106165794
370,0.409009,106.955,0.2625,51000,2.1,0.000266,0.023,fp16,9.7,241.7,2.4274,2.5048,12.24,0.947,2.504938155588482,-0.0001381555884822916,-1.381555884822916
371,0.409009,109.052,0.2676,52000,2.1,0.000266,0.069,bf16,9.9,241.7,2.4382,2.5031,12.22,1.063,2.5031202832006914,-2.028320069147327e-05,-0.2028320069147327
372,0.409009,111.149,0.2728,53000,2.1,0.000266,0.069,bf16,10.1,241.7,2.3119,2.5014,12.2,0.763,2.501346609245295,5.339075470489618e-05,0.5339075470489618
373,0.409009,113.246,0.2779,54000,2.1,0.000266,0.056,bf16,10.3,241.7,2.4488,2.4998,12.18,0.557,2.4996152551422934,0.00018474485770658688,1.8474485770658688
374,0.409009,115.343,0.2831,55000,2.1,0.000266,0.061,bf16,10.5,241.7,2.3415,2.498,12.16,0.926,2.497924455079561,7.554492043926331e-05,0.7554492043926331
375,0.409009,117.441,0.2882,56000,2.1,0.000266,0.076,fp16,10.7,241.7,2.2984,2.4965,12.14,0.867,2.4962717686152924,0.0002282313847077333,2.282313847077333
376,0.409009,119.538,0.2934,57000,2.1,0.000266,0.038,fp16,10.9,241.7,2.4345,2.4946,12.12,2.561,2.4946572051452884,-5.720514528828602e-05,-0.5720514528828602
377,0.409009,121.635,0.2985,58000,2.1,0.000266,0.037,fp16,11.1,241.7,2.4101,2.4932,12.1,0.979,2.4930784914123865,0.00012150858761339478,1.2150858761339478
378,0.409009,123.732,0.3036,59000,2.1,0.000266,0.011,bf16,11.3,241.7,2.3446,2.4916,12.08,0.699,2.4915342336255524,6.57663744476622e-05,0.657663744476622
379,0.409009,125.829,0.3088,60000,2.1,0.000266,0.094,fp16,11.5,241.7,2.4267,2.4903,12.06,0.863,2.4900231146449925,0.00027688535500747236,2.7688535500747236
380,0.409009,127.926,0.3139,61000,2.1,0.000266,0.089,bf16,11.6,241.7,2.3597,2.4884,12.04,1.144,2.4885438885721207,-0.0001438885721207761,-1.438885721207761
381,0.409009,130.023,0.3191,62000,2.1,0.000266,0.084,fp16,11.8,241.7,2.3231,2.487,12.02,0.894,2.487095375802946,-9.537580294605164e-05,-0.9537580294605164
382,0.409009,132.121,0.3242,63000,2.1,0.000266,0.07,bf16,12.0,241.7,2.3901,2.4856,12.01,1.081,2.4856757887460224,-7.57887460225426e-05,-0.757887460225426
383,0.409009,134.218,0.3294,64000,2.1,0.000266,0.022,bf16,12.2,241.7,2.3897,2.484,11.99,0.875,2.4842854200416427,-0.00028542004164267,-2.8542004164267
384,0.409009,136.315,0.3345,65000,2.1,0.000266,0.08,bf16,12.4,241.7,2.3516,2.4829,11.98,0.669,2.4829225796749284,-2.2579674928469018e-05,-0.22579674928469018
385,0.409009,138.412,0.3397,66000,2.1,0.000266,0.086,fp16,12.6,241.7,2.3814,2.4815,11.96,1.847,2.481586311526567,-8.631152656679575e-05,-0.8631152656679575
386,0.409009,140.509,0.3448,67000,2.1,0.000266,0.073,bf16,12.8,241.7,2.3017,2.4803,11.94,14.586,2.480275706534857,2.429346514309927e-05,0.2429346514309927
387,0.409009,142.606,0.35,68000,2.1,0.000266,0.033,bf16,13.0,241.7,2.3924,2.479,11.93,0.843,2.4789898997181643,1.0100281835789815e-05,0.10100281835789815
388,0.409009,144.703,0.3551,69000,2.1,0.000266,0.036,fp16,13.2,241.7,2.293,2.478,11.92,0.867,2.4777280674264124,0.00027193257358781864,2.7193257358781864
389,0.409009,146.801,0.3603,70000,2.1,0.000266,0.059,fp16,13.4,241.7,2.3711,2.4766,11.9,0.843,2.4764888395387614,0.00011116046123849088,1.1116046123849088
390,0.409009,148.898,0.3654,71000,2.1,0.000266,0.078,bf16,13.6,241.7,2.4216,2.4752,11.88,1.004,2.4752726486907544,-7.264869075429559e-05,-0.7264869075429559
391,0.409009,150.995,0.3705,72000,2.1,0.000266,0.083,bf16,13.7,241.7,2.3471,2.474,11.87,9.684,2.474078184605552,-7.818460555197859e-05,-0.7818460555197859
392,0.409009,153.092,0.3757,73000,2.1,0.000266,0.014,fp16,13.9,241.7,2.3658,2.473,11.86,0.909,2.4729047653900778,9.523460992211241e-05,0.9523460992211241
393,0.409009,155.189,0.3808,74000,2.1,0.000266,0.059,bf16,14.1,241.7,2.3765,2.4716,11.84,7.906,2.4717517395216646,-0.0001517395216645845,-1.5173952166458449
394,0.409009,157.286,0.386,75000,2.1,0.000266,0.095,bf16,14.3,241.7,2.282,2.4708,11.83,0.916,2.4706184841066277,0.00018151589337245255,1.8151589337245255
395,0.409009,159.384,0.3911,76000,2.1,0.000266,0.089,bf16,14.5,241.7,2.2841,2.4696,11.82,1.492,2.4695038764691164,9.612353088339631e-05,0.9612353088339631
396,0.409009,161.481,0.3963,77000,2.1,0.000266,0.089,fp16,14.7,241.7,2.3759,2.4683,11.8,0.581,2.468408408547576,-0.00010840854757576679,-1.084085475757668
397,0.409009,163.578,0.4014,78000,2.1,0.000266,0.084,bf16,14.9,241.7,2.4085,2.4671,11.79,1.038,2.4673309982675113,-0.00023099826751149521,-2.309982675114952
398,0.409009,165.675,0.4066,79000,2.1,0.000266,0.088,bf16,15.1,241.7,2.3347,2.4664,11.78,0.689,2.4662711221346743,0.00012887786532589374,1.2887786532589374
399,0.409009,167.772,0.4117,80000,2.1,0.000266,0.02,bf16,15.3,241.7,2.3638,2.4652,11.77,1.497,2.4652282782136603,-2.8278213660470897e-05,-0.28278213660470897
400,0.409009,169.869,0.4169,81000,2.1,0.000266,0.059,bf16,15.5,241.7,2.4129,2.4644,11.76,1.175,2.46420198498372,0.0001980150162799177,1.9801501627991769
401,0.409009,171.966,0.422,82000,2.1,0.000266,0.05,bf16,15.7,241.7,2.2849,2.463,11.74,1.368,2.4631917802685663,-0.00019178026856625507,-1.9178026856625507
402,0.409009,174.064,0.4272,83000,2.1,0.000266,0.062,bf16,15.8,241.7,2.3634,2.4621,11.73,1.031,2.462196749620531,-9.674962053107805e-05,-0.9674962053107805
403,0.409009,176.161,0.4323,84000,2.1,0.000266,0.073,fp16,16.0,241.7,2.3968,2.4612,11.72,1.188,2.4612174149961854,-1.741499618557185e-05,-0.17414996185571852
404,0.409009,178.258,0.4375,85000,2.1,0.000266,0.019,fp16,16.2,241.7,2.3853,2.4603,11.71,0.696,2.460252888526213,4.7111473786998204e-05,0.47111473786998204
405,0.409009,180.355,0.4426,86000,2.1,0.000266,0.02,bf16,16.4,241.7,2.2875,2.4592,11.7,0.762,2.4593027760106394,-0.00010277601063934938,-1.0277601063934938
406,0.409009,182.452,0.4477,87000,2.1,0.000266,0.037,bf16,16.6,241.7,2.391,2.4584,11.69,0.535,2.458366698171945,3.330182805516557e-05,0.3330182805516557
407,0.409009,184.549,0.4529,88000,2.1,0.000266,0.053,bf16,16.8,241.7,2.2833,2.4573,11.67,1.359,2.4574442899263476,-0.00014428992634751836,-1.4428992634751836
408,0.409009,186.647,0.458,89000,2.1,0.000266,0.04,fp16,17.0,241.7,2.3711,2.4565,11.66,1.383,2.456534769301707,-3.47693017070938e-05,-0.347693017070938
409,0.409009,188.744,0.4632,90000,2.1,0.000266,0.021,fp16,17.2,241.7,2.3842,2.4557,11.65,0.909,2.4556386644903765,6.13355096237278e-05,0.613355096237278
410,0.409009,190.841,0.4683,91000,2.1,0.000266,0.043,bf16,17.4,241.7,2.3875,2.4548,11.64,0.666,2.454755212376327,4.4787623672881693e-05,0.44787623672881693
411,0.409009,192.938,0.4735,92000,2.1,0.000266,0.06,bf16,17.6,241.7,2.2965,2.454,11.63,0.742,2.4538840981929706,0.00011590180702958364,1.1590180702958364
412,0.409009,195.035,0.4786,93000,2.1,0.000266,0.027,bf16,17.8,241.7,2.3831,2.4529,11.62,1.54,2.453025018317435,-0.00012501831743483294,-1.2501831743483294
413,0.409009,197.132,0.4838,94000,2.1,0.000266,0.041,fp16,17.9,241.7,2.3938,2.452,11.61,1.706,2.4521776797612485,-0.00017767976124849483,-1.7767976124849483
414,0.409009,199.229,0.4889,95000,2.1,0.000266,0.054,fp16,18.1,241.7,2.3696,2.4515,11.61,1.075,2.4513417996894415,0.00015820031055824302,1.5820031055824302
415,0.409009,201.327,0.4941,96000,2.1,0.000266,0.097,bf16,18.3,241.7,2.287,2.4506,11.59,1.538,2.4505167143185282,8.328568147186743e-05,0.8328568147186743
416,0.409009,203.424,0.4992,97000,2.1,0.000266,0.063,bf16,18.5,241.7,2.2572,2.4496,11.58,1.372,2.4497029462242614,-0.00010294622426121336,-1.0294622426121336
417,0.409009,205.521,0.5044,98000,2.1,0.000266,0.082,fp16,18.7,241.7,2.2719,2.4491,11.58,13.821,2.4488998444899113,0.00020015551008878418,2.001555100887842
418,0.409009,207.618,0.5095,99000,2.1,0.000266,0.095,fp16,18.9,241.7,2.3578,2.4481,11.57,0.623,2.448107162595303,-7.162595302645514e-06,-0.07162595302645514
419,0.409009,209.715,0.5147,100000,2.1,0.000266,0.089,bf16,19.1,241.7,2.3817,2.4475,11.56,0.904,2.447324662134673,0.00017533786532686335,1.7533786532686335
420,0.409009,211.812,0.5198,101000,2.1,0.000266,0.037,fp16,19.3,241.7,2.2911,2.4466,11.55,0.64,2.4465521124716023,4.78875283977942e-05,0.478875283977942
421,0.409009,213.91,0.5249,102000,2.1,0.000266,0.043,bf16,19.5,241.7,2.3355,2.446,11.54,0.799,2.445788928929479,0.0002110710705212071,2.110710705212071
422,0.409009,216.007,0.5301,103000,2.1,0.000266,0.097,fp16,19.7,241.7,2.2586,2.4452,11.53,1.05,2.4450356228961203,0.00016437710387950943,1.6437710387950943
423,0.409009,218.104,0.5352,104000,2.1,0.000266,0.014,bf16,19.9,241.7,2.3597,2.4443,11.52,1.685,2.4442916190806625,8.380919337636072e-06,0.08380919337636072
424,0.409009,220.201,0.5404,105000,2.1,0.000266,0.041,bf16,20.0,241.7,2.3211,2.4437,11.52,0.633,2.4435567148189756,0.0001432851810245772,1.4328518102457721
425,0.409009,222.298,0.5455,106000,2.1,0.000266,0.021,bf16,20.2,241.7,2.2722,2.4429,11.51,0.861,2.4428307137388794,6.928626112046032e-05,0.6928626112046032
426,0.409009,224.395,0.5507,107000,2.1,0.000266,0.062,fp16,20.4,241.7,2.3749,2.4423,11.5,0.694,2.442113425507633,0.0001865744923668089,1.865744923668089
427,0.409009,226.492,0.5558,108000,2.1,0.000266,0.032,bf16,20.6,241.7,2.3611,2.4413,11.49,6.102,2.4414046655918122,-0.00010466559181221413,-1.0466559181221413
428,0.409009,228.59,0.561,109000,2.1,0.000266,0.072,fp16,20.8,241.7,2.2682,2.4408,11.48,0.849,2.440703922986773,9.60770132270028e-05,0.9607701322700279
429,0.409009,230.687,0.5661,110000,2.1,0.000266,0.02,bf16,21.0,241.7,2.333,2.4401,11.47,1.119,2.440011692025713,8.830797428727166e-05,0.8830797428727166
430,0.409009,232.784,0.5713,111000,2.1,0.000266,0.087,bf16,21.2,241.7,2.2753,2.4391,11.46,1.533,2.439327468266394,-0.00022746826639430395,-2.2746826639430395
431,0.409009,234.881,0.5764,112000,2.1,0.000266,0.044,bf16,21.4,241.7,2.3739,2.4385,11.46,1.627,2.4386510881973535,-0.00015108819735365486,-1.5108819735365486
432,0.409009,236.978,0.5816,113000,2.1,0.000266,0.062,bf16,21.6,241.7,2.3342,2.4377,11.45,0.971,2.437982393068051,-0.00028239306805089015,-2.8239306805089015
433,0.409009,239.075,0.5867,114000,2.1,0.000266,0.093,bf16,21.8,241.7,2.3481,2.4373,11.44,0.999,2.4373212287095725,-2.1228709572440607e-05,-0.21228709572440607
434,0.409009,241.172,0.5918,115000,2.1,0.000266,0.073,bf16,22.0,241.7,2.3618,2.4368,11.44,0.867,2.4366674453635926,0.00013255463640726717,1.3255463640726717
435,0.409009,243.27,0.597,116000,2.1,0.000266,0.064,bf16,22.1,241.7,2.3618,2.4362,11.43,1.027,2.436020590902131,0.00017940909786906545,1.7940909786906545
436,0.409009,245.367,0.6021,117000,2.1,0.000266,0.043,fp16,22.3,241.7,2.2726,2.4354,11.42,0.959,2.4353811404896253,1.8859510374724664e-05,0.18859510374724664
437,0.409009,247.464,0.6073,118000,2.1,0.000266,0.05,fp16,22.5,241.7,2.2797,2.4349,11.42,1.27,2.4347486466177752,0.00015135338222460604,1.5135338222460604
438,0.409009,249.561,0.6124,119000,2.1,0.000266,0.029,bf16,22.7,241.7,2.2889,2.434,11.4,0.392,2.4341229756120226,-0.00012297561202245788,-1.2297561202245788
439,0.409009,251.658,0.6176,120000,2.1,0.000266,0.013,fp16,22.9,241.7,2.2784,2.4333,11.4,1.248,2.433503997462245,-0.00020399746224519788,-2.039974622451979
440,0.409009,253.755,0.6227,121000,2.1,0.000266,0.024,fp16,23.1,241.7,2.3328,2.4329,11.39,1.022,2.4328915856927598,8.4143072403009e-06,0.084143072403009
441,0.409009,255.853,0.6279,122000,2.1,0.000266,0.067,fp16,23.3,241.7,2.362,2.4323,11.39,0.804,2.432285329786621,1.4670213379197605e-05,0.14670213379197605
442,0.409009,257.95,0.633,123000,2.1,0.000266,0.085,bf16,23.5,241.7,2.3,2.4317,11.38,0.736,2.4316856878594786,1.4312140521610672e-05,0.14312140521610672
443,0.409009,260.047,0.6382,124000,2.1,0.000266,0.04,fp16,23.7,241.7,2.3408,2.4309,11.37,0.785,2.4310922528203305,-0.00019225282033064062,-1.9225282033064062
444,0.409009,262.144,0.6433,125000,2.1,0.000266,0.049,fp16,23.9,241.7,2.3468,2.4305,11.36,0.926,2.4305049111413566,-4.911141356700455e-06,-0.04911141356700455
445,0.409009,264.241,0.6485,126000,2.1,0.000266,0.04,bf16,24.1,241.7,2.2949,2.4298,11.36,0.74,2.429923552258259,-0.00012355225825899652,-1.2355225825899652
446,0.409009,266.338,0.6536,127000,2.1,0.000266,0.062,fp16,24.2,241.7,2.3303,2.4294,11.35,0.858,2.429348068470114,5.193152988569594e-05,0.5193152988569594
447,0.409009,268.435,0.6588,128000,2.1,0.000266,0.022,bf16,24.4,241.7,2.3726,2.4288,11.35,1.058,2.4287783548433626,2.164515663727329e-05,0.21645156637273288
448,0.409009,270.533,0.6639,129000,2.1,0.000266,0.029,bf16,24.6,241.7,2.3531,2.4281,11.34,0.596,2.4282140414784115,-0.00011404147841131973,-1.1404147841131973
449,0.409009,272.63,0.669,130000,2.1,0.000266,0.079,bf16,24.8,241.7,2.3459,2.4276,11.33,0.805,2.4276555666186135,-5.556661861350065e-05,-0.5556661861350065
450,0.409009,274.727,0.6742,131000,2.1,0.000266,0.013,bf16,25.0,241.7,2.2637,2.427,11.32,1.181,2.427102562775884,-0.00010256277588416296,-1.0256277588416296
451,0.409009,276.824,0.6793,132000,2.1,0.000266,0.031,bf16,25.2,241.7,2.3106,2.4266,11.32,10.774,2.4265549352032076,4.50647967924489e-05,0.450647967924489
452,0.409009,278.921,0.6845,133000,2.1,0.000266,0.034,bf16,25.4,241.7,2.3227,2.4261,11.31,1.033,2.426012591496308,8.740850369193254e-05,0.8740850369193254
453,0.409009,281.018,0.6896,134000,2.1,0.000266,0.04,bf16,25.6,241.7,2.3484,2.4254,11.31,1.725,2.4254754415186266,-7.544151862681758e-05,-0.7544151862681758
454,0.409009,283.116,0.6948,135000,2.1,0.000266,0.027,bf16,25.8,241.7,2.3159,2.425,11.3,1.018,2.4249431448166607,5.6855183339088455e-05,0.5685518333908846
455,0.409009,285.213,0.6999,136000,2.1,0.000266,0.026,bf16,26.0,241.7,2.3211,2.4244,11.3,0.785,2.4244161229747476,-1.6122974747734276e-05,-0.16122974747734276
456,0.409009,287.31,0.7051,137000,2.1,0.000266,0.098,bf16,26.2,241.7,2.3344,2.4238,11.29,0.85,2.4238940373123032,-9.40373123032856e-05,-0.940373123032856
457,0.409009,289.407,0.7102,138000,2.1,0.000266,0.023,bf16,26.3,241.7,2.3744,2.4234,11.28,1.136,2.4233768060711776,2.3193928822440313e-05,0.23193928822440313
458,0.409009,291.504,0.7154,139000,2.1,0.000266,0.091,fp16,26.5,241.7,2.3457,2.4228,11.28,1.151,2.4228643494273037,-6.434942730360049e-05,-0.6434942730360049
459,0.409009,293.601,0.7205,140000,2.1,0.000266,0.066,fp16,26.7,241.7,2.3114,2.4223,11.27,0.895,2.4223565894314203,-5.6589431420395186e-05,-0.5658943142039519
460,0.409009,295.698,0.7257,141000,2.1,0.000266,0.024,bf16,26.9,241.7,2.2803,2.4217,11.27,1.568,2.421853449952024,-0.0001534499520241539,-1.534499520241539
461,0.409009,297.796,0.7308,142000,2.1,0.000266,0.078,bf16,27.1,241.7,2.2667,2.4216,11.26,0.791,2.421354619928241,0.0002453800717590049,2.453800717590049
462,0.409009,299.893,0.736,143000,2.1,0.000266,0.045,bf16,27.3,241.7,2.325,2.4209,11.26,0.71,2.4208605022019656,3.949779803447129e-05,0.3949779803447129
470,1.040867,0.134,0.0008,64,2.09,0.000243,0.021,fp16,0.0,385.6,4.106,4.2153,67.71,1.055,4.215862659143523,-0.0005626591435232697,-5.626591435232697
471,1.040867,0.268,0.0017,128,2.09,0.000243,0.09,bf16,0.1,385.6,3.5276,3.8315,46.13,0.992,3.831994269867129,-0.0004942698671288603,-4.942698671288603
472,1.040867,0.537,0.0034,256,2.1,0.000243,0.07,fp16,0.1,385.6,3.3149,3.5146,33.6,0.931,3.515046783247204,-0.0004467832472037081,-4.467832472037081
473,1.040867,1.074,0.0067,512,2.1,0.000243,0.045,bf16,0.2,385.6,3.0826,3.2545,25.91,1.827,3.2547598499848536,-0.0002598499848533997,-2.598499848533997
474,1.040867,2.097,0.0131,1000,2.1,0.000243,0.089,bf16,0.5,385.6,2.849,3.0476,21.06,1.377,3.0471290586798827,0.00047094132011737955,4.7094132011737955
475,1.040867,4.194,0.0262,2000,2.1,0.000243,0.03,bf16,1.0,385.6,2.6664,2.8697,17.63,0.896,2.8693544595207667,0.0003455404792331862,3.455404792331862
476,1.040867,6.291,0.0393,3000,2.1,0.000243,0.082,bf16,1.5,385.6,2.664,2.7802,16.12,0.837,2.7802740856672585,-7.408566725874977e-05,-0.7408566725874977
477,1.040867,8.389,0.0524,4000,2.1,0.000243,0.058,bf16,1.9,385.6,2.6367,2.723,15.23,0.702,2.722905708888198,9.42911118020362e-05,0.942911118020362
478,1.040867,10.486,0.0655,5000,2.1,0.000243,0.058,fp16,2.4,385.6,2.5683,2.6816,14.61,0.738,2.681503850880318,9.614911968203188e-05,0.9614911968203188
479,1.040867,12.583,0.0786,6000,2.1,0.000243,0.097,fp16,2.9,385.6,2.537,2.6501,14.16,1.682,2.6495429532747297,0.0005570467252704603,5.570467252704603
480,1.040867,14.68,0.0917,7000,2.1,0.000243,0.055,bf16,3.4,385.6,2.4219,2.6239,13.79,1.348,2.6237636325140388,0.0001363674859611308,1.363674859611308
481,1.040867,16.777,0.1048,8000,2.1,0.000243,0.074,bf16,3.9,385.6,2.5487,2.6023,13.49,0.873,2.602313860133951,-1.386013395077157e-05,-0.1386013395077157
482,1.040867,18.874,0.1179,9000,2.1,0.000243,0.057,bf16,4.4,385.6,2.4712,2.5839,13.25,1.162,2.5840477083005915,-0.00014770830059163131,-1.4770830059163131
483,1.040867,20.972,0.131,10000,2.1,0.000243,0.096,bf16,4.9,385.6,2.4417,2.5679,13.04,1.162,2.5682033840708987,-0.0003033840708988045,-3.033840708988045
484,1.040867,23.069,0.1441,11000,2.1,0.000243,0.018,bf16,5.3,385.6,2.4617,2.5543,12.86,0.846,2.554274372397571,2.5627602429079133e-05,0.2562760242907913
485,1.040867,25.166,0.1572,12000,2.1,0.000243,0.083,bf16,5.8,385.6,2.4881,2.5417,12.7,0.737,2.5418784521981963,-0.00017845219819623281,-1.7845219819623281
486,1.040867,27.263,0.1703,13000,2.1,0.000243,0.061,bf16,6.3,385.6,2.3582,2.5305,12.56,0.866,2.5307387422930017,-0.00023874229300169247,-2.3874229300169247
487,1.040867,29.36,0.1834,14000,2.1,0.000243,0.057,bf16,6.8,385.6,2.349,2.5205,12.44,0.788,2.5206450415748645,-0.0001450415748642797,-1.450415748642797
488,1.040867,31.457,0.1965,15000,2.1,0.000243,0.032,bf16,7.3,385.6,2.3716,2.5113,12.32,1.108,2.5114343026381594,-0.00013430263815950028,-1.3430263815950028
489,1.040867,33.554,0.2096,16000,2.1,0.000243,0.075,bf16,7.8,385.6,2.4259,2.5032,12.22,1.439,2.5029777093378613,0.0002222906621387466,2.222906621387466
490,1.040867,35.652,0.2227,17000,2.1,0.000243,0.072,bf16,8.3,385.6,2.4098,2.4953,12.13,1.229,2.4951682799695223,0.00013172003047756675,1.3172003047756675
491,1.040867,37.749,0.2358,18000,2.1,0.000243,0.034,fp16,8.7,385.6,2.4325,2.4879,12.04,1.301,2.4879292713140093,-2.9271314009537974e-05,-0.29271314009537974
492,1.040867,39.846,0.2488,19000,2.1,0.000243,0.085,bf16,9.2,385.6,2.2911,2.4814,11.96,1.082,2.4811874810313577,0.00021251896864216135,2.1251896864216135
493,1.040867,41.943,0.2619,20000,2.1,0.000243,0.066,bf16,9.7,385.6,2.3866,2.4749,11.88,1.422,2.4748851630026154,1.4836997384470862e-05,0.14836997384470862
494,1.040867,44.04,0.275,21000,2.1,0.000243,0.023,bf16,10.2,385.6,2.407,2.4688,11.81,0.852,2.4689737529005646,-0.0001737529005647609,-1.737529005647609
495,1.040867,46.137,0.2881,22000,2.1,0.000243,0.094,fp16,10.7,385.6,2.3888,2.4636,11.75,1.173,2.4634120509932984,0.0001879490067016043,1.879490067016043
496,1.040867,48.234,0.3012,23000,2.1,0.000243,0.066,bf16,11.2,385.6,2.3307,2.4582,11.68,0.519,2.458164829066131,3.517093386928849e-05,0.3517093386928849
497,1.040867,50.332,0.3143,24000,2.1,0.000243,0.075,bf16,11.7,385.6,2.3107,2.453,11.62,13.117,2.4531994454029484,-0.0001994454029485837,-1.994454029485837
498,1.040867,52.429,0.3274,25000,2.1,0.000243,0.018,fp16,12.1,385.6,2.3543,2.4485,11.57,0.555,2.448494325439425,5.674560575208432e-06,0.056745605752084316
499,1.040867,54.526,0.3405,26000,2.1,0.000243,0.095,bf16,12.6,385.6,2.333,2.4439,11.52,1.0,2.4440241053372604,-0.00012410533726026074,-1.2410533726026074
500,1.040867,56.623,0.3536,27000,2.1,0.000243,0.014,fp16,13.1,385.6,2.2965,2.4396,11.47,1.276,2.439768677690918,-0.00016867769091799545,-1.6867769091799545
501,1.040867,58.72,0.3667,28000,2.1,0.000243,0.088,fp16,13.6,385.6,2.3025,2.4358,11.43,0.948,2.435710321818804,8.967818119609561e-05,0.8967818119609561
502,1.040867,60.817,0.3798,29000,2.1,0.000243,0.067,fp16,14.1,385.6,2.288,2.4321,11.38,1.438,2.4318333469718643,0.0002666530281358881,2.666530281358881
503,1.040867,62.915,0.3929,30000,2.1,0.000243,0.026,bf16,14.6,385.6,2.2374,2.4279,11.34,0.694,2.428122068049655,-0.00022206804965474447,-2.2206804965474447
504,1.040867,65.012,0.406,31000,2.1,0.000243,0.051,fp16,15.1,385.6,2.2636,2.4246,11.3,1.149,2.424567558376756,3.244162324378408e-05,0.3244162324378408
505,1.040867,67.109,0.4191,32000,2.1,0.000243,0.048,bf16,15.5,385.6,2.252,2.4211,11.26,1.316,2.4211568426316026,-5.684263160254943e-05,-0.5684263160254943
506,1.040867,69.206,0.4322,33000,2.1,0.000243,0.063,bf16,16.0,385.6,2.2498,2.4178,11.22,0.961,2.417879875713175,-7.987571317480402e-05,-0.7987571317480402
507,1.040867,71.303,0.4453,34000,2.1,0.000243,0.035,bf16,16.5,385.6,2.3336,2.4146,11.19,1.095,2.414727592077586,-0.0001275920775860584,-1.275920775860584
508,1.040867,73.4,0.4584,35000,2.1,0.000243,0.015,bf16,17.0,385.6,2.2856,2.4116,11.15,1.235,2.411691784684792,-9.178468479209556e-05,-0.9178468479209556
509,1.040867,75.497,0.4715,36000,2.1,0.000243,0.086,bf16,17.5,385.6,2.3333,2.4088,11.12,0.828,2.4087650018832942,3.499811670559794e-05,0.34998116705597937
510,1.040867,77.595,0.4846,37000,2.1,0.000243,0.012,fp16,18.0,385.6,2.2176,2.4058,11.09,1.72,2.405939135595221,-0.0001391355952207185,-1.391355952207185
511,1.040867,79.692,0.4977,38000,2.1,0.000243,0.028,fp16,18.5,385.6,2.2499,2.4032,11.06,13.366,2.403210684105588,-1.0684105587799309e-05,-0.10684105587799309
512,1.040867,81.789,0.5108,39000,2.1,0.000243,0.033,fp16,18.9,385.6,2.2464,2.4006,11.03,0.786,2.400572609369184,2.739063081591553e-05,0.2739063081591553
513,1.040867,83.886,0.5239,40000,2.1,0.000243,0.025,bf16,19.4,385.6,2.346,2.398,11.0,1.343,2.3980197131011396,-1.9713101139462452e-05,-0.19713101139462452
514,1.040867,85.983,0.537,41000,2.1,0.000243,0.063,bf16,19.9,385.6,2.2268,2.3954,10.97,0.742,2.3955472165867366,-0.00014721658673666482,-1.4721658673666482
515,1.040867,88.08,0.5501,42000,2.1,0.000243,0.046,bf16,20.4,385.6,2.3208,2.3931,10.95,0.58,2.393150717551375,-5.071755137509015e-05,-0.5071755137509015
516,1.040867,90.178,0.5632,43000,2.1,0.000243,0.029,fp16,20.9,385.6,2.3058,2.3909,10.92,1.083,2.3908250604030825,7.493959691728946e-05,0.7493959691728946
517,1.040867,92.275,0.5763,44000,2.1,0.000243,0.053,fp16,21.4,385.6,2.2512,2.3886,10.9,1.232,2.3885687025513826,3.129744861718464e-05,0.3129744861718464
518,1.040867,94.372,0.5894,45000,2.1,0.000243,0.023,fp16,21.9,385.6,2.2364,2.3863,10.87,1.052,2.386377036729968,-7.703672996806077e-05,-0.7703672996806077
519,1.040867,96.469,0.6025,46000,2.1,0.000243,0.012,bf16,22.3,385.6,2.3027,2.3842,10.85,8.891,2.3842468312637286,-4.683126372873048e-05,-0.46831263728730477
520,1.040867,98.566,0.6156,47000,2.1,0.000243,0.027,fp16,22.8,385.6,2.1934,2.3822,10.83,1.034,2.3821750817514302,2.4918248569871793e-05,0.24918248569871793
521,1.040867,100.663,0.6287,48000,2.1,0.000243,0.063,fp16,23.3,385.6,2.2333,2.38,10.8,0.85,2.3801589906463194,-0.00015899064631952342,-1.5899064631952342
522,1.040867,102.76,0.6418,49000,2.1,0.000243,0.064,bf16,23.8,385.6,2.2604,2.3782,10.79,0.6,2.3781959490534854,4.0509465146776336e-06,0.040509465146776336
523,1.040867,104.858,0.6549,50000,2.1,0.000243,0.016,bf16,24.3,385.6,2.3196,2.3762,10.76,0.645,2.3762826201856684,-8.262018566851381e-05,-0.8262018566851381
524,1.040867,106.955,0.668,51000,2.1,0.000243,0.045,bf16,24.8,385.6,2.1915,2.3745,10.75,1.034,2.37441854843354,8.145156646000018e-05,0.8145156646000018
525,1.040867,109.052,0.6811,52000,2.1,0.000243,0.08,bf16,25.3,385.6,2.3022,2.3725,10.72,0.556,2.3726006760457485,-0.00010067604574848232,-1.0067604574848232
526,1.040867,111.149,0.6941,53000,2.1,0.000243,0.017,bf16,25.8,385.6,2.235,2.3706,10.7,1.411,2.370827002090353,-0.00022700209035297902,-2.2700209035297902
527,1.040867,113.246,0.7072,54000,2.1,0.000243,0.055,fp16,26.2,385.6,2.2499,2.3689,10.69,0.916,2.369095647987351,-0.00019564798735105526,-1.9564798735105526
528,1.040867,115.343,0.7203,55000,2.1,0.000243,0.019,bf16,26.7,385.6,2.3047,2.3674,10.67,1.046,2.3674048479246186,-4.847924618633925e-06,-0.04847924618633925
529,1.040867,117.441,0.7334,56000,2.1,0.000243,0.04,fp16,27.2,385.6,2.2849,2.3658,10.65,0.852,2.36575216146035,4.783853965006912e-05,0.47838539650069123
530,1.040867,119.538,0.7465,57000,2.1,0.000243,0.034,bf16,27.7,385.6,2.2632,2.364,10.63,0.862,2.364137597990346,-0.00013759799034618325,-1.3759799034618325
531,1.040867,121.635,0.7596,58000,2.1,0.000243,0.064,bf16,28.2,385.6,2.1877,2.3626,10.62,0.731,2.362558884257444,4.111574255594164e-05,0.41115742555941637
532,1.040867,123.732,0.7727,59000,2.1,0.000243,0.03,fp16,28.7,385.6,2.2282,2.3608,10.6,1.277,2.3610146264706096,-0.00021462647060976892,-2.146264706097689
533,1.040867,125.829,0.7858,60000,2.1,0.000243,0.056,bf16,29.2,385.6,2.2067,2.3595,10.59,9.885,2.35950350749005,-3.5074900499587613e-06,-0.03507490049958761
534,1.040867,127.926,0.7989,61000,2.1,0.000243,0.088,bf16,29.6,385.6,2.2892,2.3579,10.57,1.224,2.3580242814171783,-0.0001242814171784623,-1.242814171784623
535,1.040867,130.023,0.812,62000,2.1,0.000243,0.022,bf16,30.1,385.6,2.19,2.3565,10.55,0.919,2.3565757686480038,-7.576864800373784e-05,-0.7576864800373784
536,1.040867,132.121,0.8251,63000,2.1,0.000243,0.09,bf16,30.6,385.6,2.3053,2.3552,10.54,0.853,2.35515618159108,4.381840891998223e-05,0.4381840891998223
537,1.040867,134.218,0.8382,64000,2.1,0.000243,0.068,bf16,31.1,385.6,2.301,2.3537,10.52,1.295,2.3537658128867003,-6.581288670037821e-05,-0.6581288670037821
538,1.040867,136.315,0.8513,65000,2.1,0.000243,0.067,fp16,31.6,385.6,2.2081,2.3524,10.51,1.214,2.352402972519986,-2.97251998615522e-06,-0.0297251998615522
539,1.040867,138.412,0.8644,66000,2.1,0.000243,0.082,fp16,32.1,385.6,2.2902,2.3512,10.5,0.705,2.3510667043716245,0.00013329562837549602,1.3329562837549602
540,1.040867,140.509,0.8775,67000,2.1,0.000243,0.069,fp16,32.6,385.6,2.1987,2.3497,10.48,1.141,2.3497560993799147,-5.6099379914797964e-05,-0.5609937991479796
541,1.040867,142.606,0.8906,68000,2.1,0.000243,0.056,bf16,33.0,385.6,2.228,2.3485,10.47,1.43,2.348470292563222,2.9707436778103613e-05,0.29707436778103613
542,1.040867,144.703,0.9037,69000,2.1,0.000243,0.044,bf16,33.5,385.6,2.1985,2.3471,10.46,1.54,2.34720846027147,-0.00010846027146982351,-1.084602714698235
543,1.040867,146.801,0.9168,70000,2.1,0.000243,0.025,bf16,34.0,385.6,2.2386,2.346,10.44,0.537,2.345969232383819,3.076761618103774e-05,0.3076761618103774
544,1.040867,148.898,0.9299,71000,2.1,0.000243,0.068,fp16,34.5,385.6,2.2884,2.3449,10.43,0.802,2.344753041535812,0.00014695846418799619,1.4695846418799619
545,1.040867,150.995,0.943,72000,2.1,0.000243,0.048,bf16,35.0,385.6,2.2755,2.3433,10.42,1.155,2.34355857745061,-0.00025857745060964277,-2.5857745060964277
546,1.040867,153.092,0.9561,73000,2.1,0.000243,0.032,bf16,35.5,385.6,2.2375,2.3423,10.41,1.406,2.3423851582351354,-8.515823513555176e-05,-0.8515823513555176
547,1.040867,155.189,0.9692,74000,2.1,0.000243,0.042,bf16,36.0,385.6,2.2702,2.3413,10.39,0.985,2.3412321323667222,6.786763327770728e-05,0.6786763327770728
548,1.040867,157.286,0.9823,75000,2.1,0.000243,0.029,bf16,36.4,385.6,2.2215,2.3401,10.38,1.161,2.3400988769516853,1.1230483147883774e-06,0.011230483147883774
549,1.040867,159.384,0.9954,76000,2.1,0.000243,0.081,fp16,36.9,385.6,2.2581,2.339,10.37,1.198,2.338984269314174,1.573068582594317e-05,0.1573068582594317
550,1.040867,161.481,1.0085,77000,2.1,0.000243,0.018,bf16,37.4,385.6,2.2604,2.3378,10.36,1.756,2.3378888013926336,-8.880139263345299e-05,-0.8880139263345299
551,1.040867,163.578,1.0216,78000,2.1,0.000243,0.079,fp16,37.9,385.6,2.1779,2.3368,10.35,0.887,2.336811391112569,-1.1391112568759354e-05,-0.11391112568759354
552,1.040867,165.675,1.0347,79000,2.1,0.000243,0.057,bf16,38.4,385.6,2.1728,2.3357,10.34,1.33,2.335751514979732,-5.151497973177044e-05,-0.5151497973177044
553,1.040867,167.772,1.0478,80000,2.1,0.000243,0.019,bf16,38.9,385.6,2.2376,2.3348,10.33,1.137,2.334708671058718,9.132894128205393e-05,0.9132894128205393
554,1.040867,169.869,1.0609,81000,2.1,0.000243,0.024,bf16,39.4,385.6,2.1518,2.3337,10.32,1.653,2.3336823778287776,1.7622171222253513e-05,0.17622171222253513
555,1.040867,171.966,1.074,82000,2.1,0.000243,0.018,fp16,39.8,385.6,2.2212,2.3327,10.31,1.029,2.3326721731136235,2.7826886376480786e-05,0.27826886376480786
556,1.040867,174.064,1.0871,83000,2.1,0.000243,0.061,bf16,40.3,385.6,2.2657,2.3316,10.29,1.277,2.3316771424655887,-7.714246558876425e-05,-0.7714246558876425
557,1.040867,176.161,1.1002,84000,2.1,0.000243,0.085,bf16,40.8,385.6,2.1852,2.3306,10.28,0.714,2.330697807841243,-9.7807841243025e-05,-0.97807841243025
558,1.040867,178.258,1.1133,85000,2.1,0.000243,0.04,fp16,41.3,385.6,2.1715,2.3297,10.27,0.846,2.329733281371271,-3.328137127089903e-05,-0.3328137127089903
559,1.040867,180.355,1.1264,86000,2.1,0.000243,0.016,fp16,41.8,385.6,2.2517,2.3288,10.27,1.279,2.328783168855697,1.683114430317545e-05,0.1683114430317545
560,1.040867,182.452,1.1394,87000,2.1,0.000243,0.071,fp16,42.3,385.6,2.1768,2.3278,10.26,0.886,2.3278470910170026,-4.709101700273166e-05,-0.4709101700273166
561,1.040867,184.549,1.1525,88000,2.1,0.000243,0.084,fp16,42.8,385.6,2.237,2.3269,10.25,1.129,2.326924682771405,-2.468277140499353e-05,-0.2468277140499353
562,1.040867,186.647,1.1656,89000,2.1,0.000243,0.01,fp16,43.2,385.6,2.1956,2.3262,10.24,0.996,2.326015162146765,0.00018483785323519797,1.8483785323519797
563,1.040867,188.744,1.1787,90000,2.1,0.000243,0.074,bf16,43.7,385.6,2.1594,2.3252,10.23,0.925,2.325119057335434,8.09426645660416e-05,0.809426645660416
564,1.040867,190.841,1.1918,91000,2.1,0.000243,0.027,bf16,44.2,385.6,2.1866,2.3242,10.22,11.357,2.324235605221385,-3.560522138501554e-05,-0.3560522138501554
565,1.040867,192.938,1.2049,92000,2.1,0.000243,0.079,bf16,44.7,385.6,2.2683,2.3235,10.21,0.957,2.3233644910380282,0.00013550896197189743,1.3550896197189743
566,1.040867,195.035,1.218,93000,2.1,0.000243,0.094,bf16,45.2,385.6,2.1557,2.3225,10.2,1.036,2.3225054111624925,-5.411162492752197e-06,-0.05411162492752197
567,1.040867,197.132,1.2311,94000,2.1,0.000243,0.039,bf16,45.7,385.6,2.2592,2.3215,10.19,1.174,2.321658072606306,-0.00015807260630618103,-1.5807260630618103
568,1.040867,199.229,1.2442,95000,2.1,0.000243,0.044,bf16,46.2,385.6,2.2627,2.3207,10.18,1.501,2.320822192534499,-0.0001221925344991881,-1.221925344991881
569,1.040867,201.327,1.2573,96000,2.1,0.000243,0.091,fp16,46.6,385.6,2.2601,2.3198,10.17,1.203,2.319997107163586,-0.00019710716358600777,-1.9710716358600777
570,1.040867,203.424,1.2704,97000,2.1,0.000243,0.06,bf16,47.1,385.6,2.1924,2.3191,10.17,1.115,2.319183339069319,-8.333906931889956e-05,-0.8333906931889956
571,1.040867,205.521,1.2835,98000,2.1,0.000243,0.039,bf16,47.6,385.6,2.2059,2.3184,10.16,0.723,2.318380237334969,1.9762665031120008e-05,0.19762665031120008
572,1.040867,207.618,1.2966,99000,2.1,0.000243,0.011,bf16,48.1,385.6,2.1975,2.3178,10.15,1.0,2.3175875554403604,0.00021244455963964626,2.1244455963964626
573,1.040867,209.715,1.3097,100000,2.1,0.000243,0.063,bf16,48.6,385.6,2.2343,2.3168,10.14,0.582,2.3168050549797305,-5.0549797303567345e-06,-0.050549797303567345
574,1.040867,211.812,1.3228,101000,2.1,0.000243,0.1,bf16,49.1,385.6,2.2225,2.316,10.14,1.097,2.31603250531666,-3.2505316660103034e-05,-0.32505316660103034
575,1.040867,213.91,1.3359,102000,2.1,0.000243,0.059,fp16,49.6,385.6,2.2508,2.3153,10.13,1.429,2.3152693217745366,3.067822546354293e-05,0.3067822546354293
576,1.040867,216.007,1.349,103000,2.1,0.000243,0.042,bf16,50.0,385.6,2.1724,2.3143,10.12,1.101,2.314516015741178,-0.00021601574117813271,-2.160157411781327
577,1.040867,218.104,1.3621,104000,2.1,0.000243,0.023,bf16,50.5,385.6,2.1646,2.3138,10.11,0.913,2.31377201192572,2.798807427994987e-05,0.2798807427994987
578,1.040867,220.201,1.3752,105000,2.1,0.000243,0.011,bf16,51.0,385.6,2.1688,2.3131,10.11,1.037,2.3130371076640333,6.289233596667998e-05,0.6289233596667998
579,1.040867,222.298,1.3883,106000,2.1,0.000243,0.011,fp16,51.5,385.6,2.1967,2.3122,10.1,0.739,2.312311106583937,-0.00011110658393720385,-1.1110658393720385
580,1.040867,224.395,1.4014,107000,2.1,0.000243,0.032,bf16,52.0,385.6,2.1569,2.3117,10.09,1.24,2.3115938183526907,0.00010618164730935575,1.0618164730935575
581,1.040867,226.492,1.4145,108000,2.1,0.000243,0.099,bf16,52.5,385.6,2.1935,2.3109,10.08,0.942,2.31088505843687,1.4941563130310698e-05,0.14941563130310698
582,1.040867,228.59,1.4276,109000,2.1,0.000243,0.072,fp16,53.0,385.6,2.2416,2.3101,10.08,0.85,2.3101843158318305,-8.431583183066138e-05,-0.8431583183066138
583,1.040867,230.687,1.4407,110000,2.1,0.000243,0.03,bf16,53.4,385.6,2.1757,2.3096,10.07,0.866,2.3094920848707705,0.00010791512922958546,1.0791512922958546
584,1.040867,232.784,1.4538,111000,2.1,0.000243,0.053,bf16,53.9,385.6,2.1996,2.309,10.06,1.099,2.3088078611114518,0.00019213888854840988,1.9213888854840988
585,1.040867,234.881,1.4669,112000,2.1,0.000243,0.029,bf16,54.4,385.6,2.1937,2.3081,10.06,0.897,2.308131481042411,-3.1481042411130034e-05,-0.31481042411130034
586,1.040867,236.978,1.48,113000,2.1,0.000243,0.091,bf16,54.9,385.6,2.252,2.3075,10.05,1.281,2.3074627859131085,3.721408689161265e-05,0.3721408689161265
587,1.040867,239.075,1.4931,114000,2.1,0.000243,0.05,fp16,55.4,385.6,2.147,2.3068,10.04,0.927,2.30680162155463,-1.6215546301268091e-06,-0.01621554630126809
588,1.040867,241.172,1.5062,115000,2.1,0.000243,0.029,bf16,55.9,385.6,2.1243,2.3061,10.03,1.219,2.30614783820865,-4.783820865039701e-05,-0.47838208650397007
589,1.040867,243.27,1.5193,116000,2.1,0.000243,0.015,fp16,56.4,385.6,2.1899,2.3056,10.03,0.772,2.3055009837471885,9.90162528116123e-05,0.990162528116123
590,1.040867,245.367,1.5324,117000,2.1,0.000243,0.036,bf16,56.8,385.6,2.2284,2.3048,10.02,14.222,2.304861533334683,-6.153333468272848e-05,-0.6153333468272848
591,1.040867,247.464,1.5455,118000,2.1,0.000243,0.055,bf16,57.3,385.6,2.1628,2.3042,10.02,1.215,2.304229039462833,-2.903946283305814e-05,-0.2903946283305814
592,1.040867,249.561,1.5586,119000,2.1,0.000243,0.07,fp16,57.8,385.6,2.1244,2.3036,10.01,0.753,2.3036033684570802,-3.3684570803771408e-06,-0.03368457080377141
593,1.040867,251.658,1.5717,120000,2.1,0.000243,0.041,bf16,58.3,385.6,2.2103,2.303,10.0,1.15,2.302984390307303,1.560969269709389e-05,0.1560969269709389
594,1.040867,253.755,1.5848,121000,2.1,0.000243,0.021,fp16,58.8,385.6,2.2534,2.3024,10.0,1.145,2.3023719785378174,2.8021462182614698e-05,0.280214621826147
595,1.040867,255.853,1.5979,122000,2.1,0.000243,0.032,bf16,59.3,385.6,2.1592,2.3019,9.99,1.299,2.3017657226316786,0.00013427736832127835,1.3427736832127835
596,1.040867,257.95,1.6109,123000,2.1,0.000243,0.09,fp16,59.8,385.6,2.1615,2.3011,9.99,1.325,2.3011660807045367,-6.608070453673065e-05,-0.6608070453673065
597,1.040867,260.047,1.624,124000,2.1,0.000243,0.026,fp16,60.2,385.6,2.1967,2.3005,9.98,1.347,2.300572645665388,-7.264566538811579e-05,-0.7264566538811579
598,1.040867,262.144,1.6371,125000,2.1,0.000243,0.055,bf16,60.7,385.6,2.2224,2.2999,9.97,1.496,2.299985303986414,-8.53039864141536e-05,-0.853039864141536
599,1.040867,264.241,1.6502,126000,2.1,0.000243,0.076,bf16,61.2,385.6,2.1614,2.2994,9.97,0.723,2.299403945103317,-3.945103316915777e-06,-0.03945103316915777
600,1.040867,266.338,1.6633,127000,2.1,0.000243,0.015,fp16,61.7,385.6,2.198,2.2989,9.96,1.126,2.2988284613151717,7.153868482845382e-05,0.7153868482845382
601,1.040867,268.435,1.6764,128000,2.1,0.000243,0.066,bf16,62.2,385.6,2.2103,2.2983,9.96,0.982,2.29825874768842,4.1252311579587086e-05,0.41252311579587086
602,1.040867,270.533,1.6895,129000,2.1,0.000243,0.041,fp16,62.7,385.6,2.2428,2.2976,9.95,0.846,2.297694434323469,-9.443432346900593e-05,-0.9443432346900593
603,1.040867,272.63,1.7026,130000,2.1,0.000243,0.064,bf16,63.2,385.6,2.1296,2.2972,9.95,1.54,2.297135959463671,6.404053632902418e-05,0.6404053632902418
604,1.040867,274.727,1.7157,131000,2.1,0.000243,0.057,bf16,63.6,385.6,2.221,2.2967,9.94,0.804,2.296582955620942,0.00011704437905812881,1.1704437905812881
605,1.040867,276.824,1.7288,132000,2.1,0.000243,0.07,bf16,64.1,385.6,2.2286,2.2961,9.94,1.324,2.2960353280482653,6.46719517347627e-05,0.646719517347627
606,1.040867,278.921,1.7419,133000,2.1,0.000243,0.03,bf16,64.6,385.6,2.2099,2.2957,9.93,0.791,2.2954929843413656,0.00020701565863445737,2.0701565863445737
607,1.040867,281.018,1.755,134000,2.1,0.000243,0.014,bf16,65.1,385.6,2.1291,2.2949,9.92,1.64,2.294955834363684,-5.5834363684059696e-05,-0.558343636840597
608,1.040867,283.116,1.7681,135000,2.1,0.000243,0.047,bf16,65.6,385.6,2.209,2.2943,9.92,0.701,2.294423537661719,-0.0001235376617190198,-1.235376617190198
609,1.040867,285.213,1.7812,136000,2.1,0.000243,0.08,bf16,66.1,385.6,2.2085,2.2937,9.91,0.675,2.2938965158198052,-0.00019651581980539845,-1.9651581980539845
610,1.040867,287.31,1.7943,137000,2.1,0.000243,0.088,bf16,66.6,385.6,2.1193,2.2935,9.91,0.738,2.2933744301573604,0.00012556984263945026,1.2556984263945026
611,1.040867,289.407,1.8074,138000,2.1,0.000243,0.024,fp16,67.0,385.6,2.1905,2.2929,9.9,1.756,2.292857198916235,4.280108376475411e-05,0.4280108376475411
612,1.040867,291.504,1.8205,139000,2.1,0.000243,0.039,bf16,67.5,385.6,2.1751,2.2923,9.9,1.027,2.292344742272361,-4.4742272360842605e-05,-0.44742272360842605
613,1.040867,293.601,1.8336,140000,2.1,0.000243,0.045,fp16,68.0,385.6,2.2125,2.2919,9.89,0.612,2.291836982276478,6.301772352212964e-05,0.6301772352212964
614,1.040867,295.698,1.8467,141000,2.1,0.000243,0.053,fp16,68.5,385.6,2.2093,2.2912,9.89,1.115,2.2913338427970817,-0.0001338427970818401,-1.338427970818401
615,1.040867,297.796,1.8598,142000,2.1,0.000243,0.018,bf16,69.0,385.6,2.2044,2.2911,9.89,0.958,2.290835012773299,0.0002649872267013187,2.649872267013187
616,1.040867,299.893,1.8729,143000,2.1,0.000243,0.041,bf16,69.5,385.6,2.2132,2.2904,9.88,0.791,2.290340895047023,5.9104952976785086e-05,0.5910495297678509
624,1.416184,0.134,0.0011,64,2.09,0.000235,0.056,bf16,0.0,449.8,3.9619,4.1816,65.47,1.172,4.18115643806935,0.00044356193065020477,4.435619306502048
625,1.416184,0.268,0.0023,128,2.09,0.000235,0.1,bf16,0.1,449.8,3.5643,3.7976,44.6,1.349,3.7972880487929555,0.0003119512070446362,3.119512070446362
626,1.416184,0.537,0.0046,256,2.1,0.000235,0.071,fp16,0.2,449.8,3.2775,3.4805,32.48,0.976,3.4803405621730303,0.00015943782696981046,1.5943782696981046
627,1.416184,1.074,0.0091,512,2.1,0.000235,0.045,bf16,0.3,449.8,3.1354,3.22,25.03,0.771,3.22005362891068,-5.3628910679837105e-05,-0.536289106798371
628,1.416184,2.097,0.0178,1000,2.1,0.000235,0.052,bf16,0.7,449.8,2.8084,3.0125,20.34,0.583,3.012422837605709,7.716239429100824e-05,0.7716239429100824
629,1.416184,4.194,0.0356,2000,2.1,0.000235,0.06,bf16,1.3,449.8,2.6609,2.8347,17.02,0.992,2.834648238446593,5.176155340702593e-05,0.5176155340702593
630,1.416184,6.291,0.0535,3000,2.1,0.000235,0.088,fp16,2.0,449.8,2.6348,2.7458,15.58,0.994,2.745567864593085,0.00023213540691502388,2.321354069150239
631,1.416184,8.389,0.0713,4000,2.1,0.000235,0.028,bf16,2.6,449.8,2.6267,2.6879,14.7,0.631,2.6881994878140247,-0.0002994878140247792,-2.994878140247792
632,1.416184,10.486,0.0891,5000,2.1,0.000235,0.078,bf16,3.3,449.8,2.4696,2.6471,14.11,0.861,2.6467976298061444,0.0003023701938555945,3.023701938555945
633,1.416184,12.583,0.1069,6000,2.1,0.000235,0.014,fp16,4.0,449.8,2.5623,2.6148,13.66,11.416,2.614836732200556,-3.673220055633308e-05,-0.36732200556333083
634,1.416184,14.68,0.1247,7000,2.1,0.000235,0.071,bf16,4.6,449.8,2.4588,2.589,13.32,0.86,2.589057411439865,-5.741143986481845e-05,-0.5741143986481845
635,1.416184,16.777,0.1426,8000,2.1,0.000235,0.092,bf16,5.3,449.8,2.4459,2.5674,13.03,1.342,2.5676076390597773,-0.0002076390597771649,-2.076390597771649
636,1.416184,18.874,0.1604,9000,2.1,0.000235,0.089,bf16,5.9,449.8,2.4119,2.5491,12.8,0.795,2.549341487226418,-0.00024148722641781362,-2.414872264178136
637,1.416184,20.972,0.1782,10000,2.1,0.000235,0.022,bf16,6.6,449.8,2.409,2.5336,12.6,0.935,2.533497162996725,0.0001028370032747361,1.028370032747361
638,1.416184,23.069,0.196,11000,2.1,0.000235,0.043,bf16,7.3,449.8,2.4611,2.5196,12.42,1.754,2.5195681513233974,3.184867660266377e-05,0.3184867660266377
639,1.416184,25.166,0.2138,12000,2.1,0.000235,0.025,bf16,7.9,449.8,2.3225,2.507,12.27,1.047,2.5071722311240228,-0.00017223112402264817,-1.7223112402264817
640,1.416184,27.263,0.2317,13000,2.1,0.000235,0.035,bf16,8.6,449.8,2.3671,2.4958,12.13,0.998,2.496032521218828,-0.00023252121882810783,-2.3252121882810783
641,1.416184,29.36,0.2495,14000,2.1,0.000235,0.049,bf16,9.3,449.8,2.3566,2.4859,12.01,0.727,2.485938820500691,-3.882050069092813e-05,-0.3882050069092813
642,1.416184,31.457,0.2673,15000,2.1,0.000235,0.061,bf16,9.9,449.8,2.293,2.4769,11.9,1.117,2.476728081563986,0.00017191843601427337,1.7191843601427337
643,1.416184,33.554,0.2851,16000,2.1,0.000235,0.08,bf16,10.6,449.8,2.343,2.4682,11.8,0.921,2.468271488263688,-7.148826368785777e-05,-0.7148826368785777
644,1.416184,35.652,0.3029,17000,2.1,0.000235,0.099,bf16,11.2,449.8,2.3154,2.4602,11.71,0.489,2.4604620588953487,-0.00026205889534880455,-2.6205889534880455
645,1.416184,37.749,0.3208,18000,2.1,0.000235,0.047,bf16,11.9,449.8,2.29,2.4532,11.63,6.417,2.453223050239836,-2.3050239835953334e-05,-0.23050239835953334
646,1.416184,39.846,0.3386,19000,2.1,0.000235,0.095,bf16,12.6,449.8,2.3217,2.4464,11.55,0.983,2.446481259957184,-8.125995718399892e-05,-0.8125995718399892
647,1.416184,41.943,0.3564,20000,2.1,0.000235,0.024,bf16,13.2,449.8,2.2694,2.4398,11.47,0.894,2.440178941928442,-0.00037894192844190044,-3.7894192844190044
648,1.416184,44.04,0.3742,21000,2.1,0.000235,0.051,fp16,13.9,449.8,2.2506,2.4342,11.41,1.09,2.434267531826391,-6.753182639096522e-05,-0.6753182639096522
649,1.416184,46.137,0.392,22000,2.1,0.000235,0.032,bf16,14.5,449.8,2.2355,2.4287,11.34,1.857,2.4287058299191244,-5.82991912434494e-06,-0.0582991912434494
650,1.416184,48.234,0.4098,23000,2.1,0.000235,0.037,bf16,15.2,449.8,2.2426,2.4235,11.29,1.252,2.4234586079919573,4.139200804287313e-05,0.4139200804287313
651,1.416184,50.332,0.4277,24000,2.1,0.000235,0.097,bf16,15.9,449.8,2.2343,2.4187,11.23,17.89,2.418493224328775,0.00020677567122495688,2.067756712249569
652,1.416184,52.429,0.4455,25000,2.1,0.000235,0.068,bf16,16.5,449.8,2.3349,2.4139,11.18,1.032,2.4137881043652514,0.00011189563474856001,1.1189563474856001
653,1.416184,54.526,0.4633,26000,2.1,0.000235,0.089,fp16,17.2,449.8,2.3035,2.4093,11.13,1.114,2.409317884263087,-1.7884263086909158e-05,-0.17884263086909158
654,1.416184,56.623,0.4811,27000,2.1,0.000235,0.062,fp16,17.8,449.8,2.3443,2.4049,11.08,1.554,2.4050624566167444,-0.0001624566167444108,-1.624566167444108
655,1.416184,58.72,0.4989,28000,2.1,0.000235,0.056,bf16,18.5,449.8,2.3457,2.4013,11.04,0.942,2.4010041007446308,0.00029589925536921413,2.9589925536921413
656,1.416184,60.817,0.5168,29000,2.1,0.000235,0.049,bf16,19.2,449.8,2.2617,2.3971,10.99,1.046,2.3971271258976907,-2.7125897690716272e-05,-0.2712589769071627
657,1.416184,62.915,0.5346,30000,2.1,0.000235,0.021,bf16,19.8,449.8,2.2911,2.3934,10.95,1.527,2.3934158469754814,-1.5846975481181858e-05,-0.15846975481181858
658,1.416184,65.012,0.5524,31000,2.1,0.000235,0.055,bf16,20.5,449.8,2.2831,2.3898,10.91,1.26,2.3898613373025825,-6.133730258239822e-05,-0.6133730258239822
659,1.416184,67.109,0.5702,32000,2.1,0.000235,0.074,fp16,21.2,449.8,2.3127,2.3865,10.87,0.656,2.386450621557429,4.937844257080215e-05,0.4937844257080215
660,1.416184,69.206,0.5881,33000,2.1,0.000235,0.09,fp16,21.8,449.8,2.317,2.3831,10.84,0.722,2.383173654639001,-7.365463900077529e-05,-0.7365463900077529
661,1.416184,71.303,0.6059,34000,2.1,0.000235,0.026,fp16,22.5,449.8,2.2766,2.3799,10.8,1.515,2.380021371003413,-0.00012137100341291784,-1.2137100341291784
662,1.416184,73.4,0.6237,35000,2.1,0.000235,0.052,bf16,23.1,449.8,2.2485,2.3769,10.77,1.765,2.3769855636106185,-8.556361061851092e-05,-0.8556361061851092
663,1.416184,75.497,0.6415,36000,2.1,0.000235,0.044,fp16,23.8,449.8,2.3158,2.374,10.74,0.699,2.3740587808091207,-5.8780809120584365e-05,-0.5878080912058437
664,1.416184,77.595,0.6593,37000,2.1,0.000235,0.062,bf16,24.5,449.8,2.2004,2.3712,10.71,1.298,2.3712329145210473,-3.291452104736692e-05,-0.3291452104736692
665,1.416184,79.692,0.6772,38000,2.1,0.000235,0.039,fp16,25.1,449.8,2.1917,2.3684,10.68,1.313,2.3685044630314143,-0.0001044630314144257,-1.044630314144257
666,1.416184,81.789,0.695,39000,2.1,0.000235,0.031,fp16,25.8,449.8,2.2976,2.3659,10.65,0.626,2.365866388295011,3.361170498905608e-05,0.3361170498905608
667,1.416184,83.886,0.7128,40000,2.1,0.000235,0.044,bf16,26.4,449.8,2.2284,2.3633,10.63,0.919,2.363313492026966,-1.3492026965877812e-05,-0.13492026965877812
668,1.416184,85.983,0.7306,41000,2.1,0.000235,0.094,bf16,27.1,449.8,2.2756,2.361,10.6,0.599,2.360840995512563,0.00015900448743710882,1.5900448743710882
669,1.416184,88.08,0.7484,42000,2.1,0.000235,0.07,fp16,27.8,449.8,2.304,2.3581,10.57,1.746,2.3584444964772016,-0.0003444964772016945,-3.444964772016945
670,1.416184,90.178,0.7663,43000,2.1,0.000235,0.055,bf16,28.4,449.8,2.1823,2.3562,10.55,10.531,2.356118839328909,8.11606710908741e-05,0.811606710908741
671,1.416184,92.275,0.7841,44000,2.1,0.000235,0.026,bf16,29.1,449.8,2.2165,2.354,10.53,0.982,2.3538624814772087,0.0001375185227914244,1.375185227914244
672,1.416184,94.372,0.8019,45000,2.1,0.000235,0.099,bf16,29.7,449.8,2.2208,2.3514,10.5,1.375,2.3516708156557944,-0.0002708156557944541,-2.708156557944541
673,1.416184,96.469,0.8197,46000,2.1,0.000235,0.033,fp16,30.4,449.8,2.2936,2.3495,10.48,0.664,2.349540610189555,-4.061018955514584e-05,-0.40610189555145837
674,1.416184,98.566,0.8375,47000,2.1,0.000235,0.062,bf16,31.1,449.8,2.2986,2.3474,10.46,0.735,2.3474688606772567,-6.88606772567546e-05,-0.688606772567546
675,1.416184,100.663,0.8553,48000,2.1,0.000235,0.032,bf16,31.7,449.8,2.2596,2.3453,10.44,1.221,2.345452769572146,-0.00015276957214593878,-1.5276957214593878
676,1.416184,102.76,0.8732,49000,2.1,0.000235,0.024,fp16,32.4,449.8,2.2892,2.3434,10.42,0.55,2.343489727979312,-8.972797931194876e-05,-0.8972797931194876
677,1.416184,104.858,0.891,50000,2.1,0.000235,0.065,bf16,33.1,449.8,2.2195,2.3414,10.4,1.0,2.341576399111495,-0.00017639911149469611,-1.7639911149469611
678,1.416184,106.955,0.9088,51000,2.1,0.000235,0.02,bf16,33.7,449.8,2.1827,2.3399,10.38,9.201,2.3397123273593663,0.00018767264063379585,1.8767264063379585
679,1.416184,109.052,0.9266,52000,2.1,0.000235,0.09,bf16,34.4,449.8,2.2006,2.338,10.36,0.923,2.3378944549715754,0.0001055450284246362,1.055450284246362
680,1.416184,111.149,0.9444,53000,2.1,0.000235,0.033,bf16,35.0,449.8,2.2877,2.3362,10.34,1.954,2.336120781016179,7.921898382079462e-05,0.7921898382079462
681,1.416184,113.246,0.9623,54000,2.1,0.000235,0.017,fp16,35.7,449.8,2.2346,2.3345,10.32,0.931,2.3343894269131775,0.00011057308682227429,1.105730868222743
682,1.416184,115.343,0.9801,55000,2.1,0.000235,0.021,bf16,36.4,449.8,2.2428,2.3326,10.3,0.807,2.332698626850445,-9.862685044526032e-05,-0.9862685044526032
683,1.416184,117.441,0.9979,56000,2.1,0.000235,0.091,bf16,37.0,449.8,2.1707,2.331,10.29,1.109,2.3310459403861765,-4.594038617655727e-05,-0.4594038617655727
684,1.416184,119.538,1.0157,57000,2.1,0.000235,0.02,fp16,37.7,449.8,2.2341,2.3295,10.27,0.596,2.3294313769161725,6.862308382737936e-05,0.6862308382737936
685,1.416184,121.635,1.0335,58000,2.1,0.000235,0.073,bf16,38.3,449.8,2.1589,2.3277,10.25,1.419,2.3278526631832706,-0.0001526631832704517,-1.526631832704517
686,1.416184,123.732,1.0514,59000,2.1,0.000235,0.081,bf16,39.0,449.8,2.2357,2.3264,10.24,0.762,2.3263084053964365,9.159460356356064e-05,0.9159460356356064
687,1.416184,125.829,1.0692,60000,2.1,0.000235,0.024,fp16,39.7,449.8,2.1783,2.3248,10.22,0.839,2.3247972864158766,2.7135841236258784e-06,0.027135841236258784
688,1.416184,127.926,1.087,61000,2.1,0.000235,0.049,bf16,40.3,449.8,2.2273,2.3233,10.21,0.534,2.323318060343005,-1.8060343004666635e-05,-0.18060343004666635
689,1.416184,130.023,1.1048,62000,2.1,0.000235,0.057,fp16,41.0,449.8,2.1772,2.3219,10.2,0.624,2.3218695475738302,3.0452426169613744e-05,0.30452426169613744
690,1.416184,132.121,1.1226,63000,2.1,0.000235,0.022,bf16,41.6,449.8,2.2253,2.3205,10.18,0.856,2.3204499605169064,5.003948309356687e-05,0.5003948309356687
691,1.416184,134.218,1.1405,64000,2.1,0.000235,0.08,bf16,42.3,449.8,2.2235,2.319,10.17,1.05,2.3190595918125267,-5.9591812526793575e-05,-0.5959181252679357
692,1.416184,136.315,1.1583,65000,2.1,0.000235,0.02,bf16,43.0,449.8,2.236,2.3178,10.15,1.13,2.3176967514458124,0.00010324855418764045,1.0324855418764045
693,1.416184,138.412,1.1761,66000,2.1,0.000235,0.066,bf16,43.6,449.8,2.2294,2.3162,10.14,0.808,2.316360483297451,-0.00016048329745110834,-1.6048329745110834
694,1.416184,140.509,1.1939,67000,2.1,0.000235,0.07,fp16,44.3,449.8,2.2429,2.3151,10.13,1.234,2.315049878305741,5.0121694258997707e-05,0.5012169425899771
695,1.416184,142.606,1.2117,68000,2.1,0.000235,0.069,fp16,45.0,449.8,2.2629,2.3138,10.11,14.42,2.3137640714890484,3.592851095168825e-05,0.35928510951688253
696,1.416184,144.703,1.2296,69000,2.1,0.000235,0.075,bf16,45.6,449.8,2.1368,2.3125,10.1,0.995,2.3125022391972965,-2.2391972964719287e-06,-0.022391972964719287
697,1.416184,146.801,1.2474,70000,2.1,0.000235,0.075,fp16,46.3,449.8,2.1584,2.3113,10.09,1.314,2.3112630113096455,3.698869035462238e-05,0.3698869035462238
698,1.416184,148.898,1.2652,71000,2.1,0.000235,0.06,bf16,46.9,449.8,2.1681,2.3099,10.07,1.323,2.3100468204616385,-0.00014682046163860818,-1.4682046163860818
699,1.416184,150.995,1.283,72000,2.1,0.000235,0.056,fp16,47.6,449.8,2.1424,2.3089,10.06,0.907,2.3088523563764363,4.764362356368679e-05,0.4764362356368679
700,1.416184,153.092,1.3008,73000,2.1,0.000235,0.025,bf16,48.3,449.8,2.2416,2.3077,10.05,9.152,2.307678937160962,2.1062839038243908e-05,0.21062839038243908
701,1.416184,155.189,1.3187,74000,2.1,0.000235,0.091,fp16,48.9,449.8,2.2049,2.3065,10.04,1.006,2.3065259112925487,-2.5911292548475018e-05,-0.2591129254847502
702,1.416184,157.286,1.3365,75000,2.1,0.000235,0.089,fp16,49.6,449.8,2.2089,2.3055,10.03,1.546,2.3053926558775117,0.00010734412248813996,1.0734412248813996
703,1.416184,159.384,1.3543,76000,2.1,0.000235,0.048,fp16,50.2,449.8,2.1983,2.3042,10.02,1.547,2.3042780482400005,-7.804824000068322e-05,-0.7804824000068322
704,1.416184,161.481,1.3721,77000,2.1,0.000235,0.047,fp16,50.9,449.8,2.252,2.303,10.0,1.177,2.30318258031846,-0.00018258031846007938,-1.8258031846007938
705,1.416184,163.578,1.3899,78000,2.1,0.000235,0.079,bf16,51.6,449.8,2.2057,2.3019,9.99,0.844,2.3021051700383954,-0.00020517003839559678,-2.0517003839559678
706,1.416184,165.675,1.4078,79000,2.1,0.000235,0.097,bf16,52.2,449.8,2.2043,2.3011,9.99,1.08,2.3010452939055583,5.4706094441581143e-05,0.5470609444158114
707,1.416184,167.772,1.4256,80000,2.1,0.000235,0.01,fp16,52.9,449.8,2.2125,2.2999,9.97,1.207,2.3000024499845444,-0.0001024499845443394,-1.024499845443394
708,1.416184,169.869,1.4434,81000,2.1,0.000235,0.069,bf16,53.5,449.8,2.1524,2.2991,9.97,0.706,2.298976156754604,0.00012384324539604918,1.2384324539604918
709,1.416184,171.966,1.4612,82000,2.1,0.000235,0.072,bf16,54.2,449.8,2.1469,2.2978,9.95,0.845,2.2979659520394504,-0.00016595203945035664,-1.6595203945035664
710,1.416184,174.064,1.479,83000,2.1,0.000235,0.074,bf16,54.9,449.8,2.234,2.2971,9.95,1.078,2.296970921391415,0.00012907860858479836,1.2907860858479836
711,1.416184,176.161,1.4969,84000,2.1,0.000235,0.039,bf16,55.5,449.8,2.1359,2.296,9.93,1.514,2.2959915867670695,8.413232930326586e-06,0.08413232930326586
712,1.416184,178.258,1.5147,85000,2.1,0.000235,0.045,bf16,56.2,449.8,2.2264,2.295,9.92,0.864,2.2950270602970972,-2.706029709731439e-05,-0.2706029709731439
713,1.416184,180.355,1.5325,86000,2.1,0.000235,0.042,bf16,56.9,449.8,2.178,2.294,9.91,0.778,2.2940769477815235,-7.694778152345094e-05,-0.7694778152345094
714,1.416184,182.452,1.5503,87000,2.1,0.000235,0.057,fp16,57.5,449.8,2.172,2.2932,9.91,1.378,2.293140869942829,5.913005717106401e-05,0.5913005717106401
715,1.416184,184.549,1.5681,88000,2.1,0.000235,0.053,bf16,58.2,449.8,2.2274,2.2922,9.9,0.635,2.2922184616972316,-1.846169723185298e-05,-0.1846169723185298
716,1.416184,186.647,1.586,89000,2.1,0.000235,0.084,fp16,58.8,449.8,2.1255,2.2914,9.89,1.122,2.2913089410725913,9.105892740857158e-05,0.9105892740857158
717,1.416184,188.744,1.6038,90000,2.1,0.000235,0.057,bf16,59.5,449.8,2.1546,2.2904,9.88,1.029,2.2904128362612606,-1.2836261260584791e-05,-0.12836261260584791
718,1.416184,190.841,1.6216,91000,2.1,0.000235,0.03,bf16,60.2,449.8,2.2426,2.2895,9.87,1.287,2.2895293841472113,-2.93841472114309e-05,-0.293841472114309
719,1.416184,192.938,1.6394,92000,2.1,0.000235,0.033,bf16,60.8,449.8,2.1431,2.2886,9.86,0.929,2.2886582699638547,-5.82699638544959e-05,-0.582699638544959
720,1.416184,195.035,1.6572,93000,2.1,0.000235,0.024,fp16,61.5,449.8,2.1339,2.2878,9.85,0.759,2.287799190088319,8.099116808324425e-07,0.008099116808324425
721,1.416184,197.132,1.6751,94000,2.1,0.000235,0.079,bf16,62.1,449.8,2.2354,2.287,9.85,1.098,2.2869518515321325,4.8148467867381584e-05,0.48148467867381584
722,1.416184,199.229,1.6929,95000,2.1,0.000235,0.025,bf16,62.8,449.8,2.1248,2.286,9.84,0.76,2.2861159714603256,-0.00011597146032560346,-1.1597146032560346
723,1.416184,201.327,1.7107,96000,2.1,0.000235,0.066,fp16,63.5,449.8,2.2383,2.2852,9.83,0.915,2.2852908860894123,-9.08860894122121e-05,-0.908860894122121
724,1.416184,203.424,1.7285,97000,2.1,0.000235,0.076,bf16,64.1,449.8,2.1505,2.2845,9.82,9.282,2.2844771179951455,2.288200485445202e-05,0.2288200485445202
725,1.416184,205.521,1.7463,98000,2.1,0.000235,0.08,fp16,64.8,449.8,2.2249,2.2837,9.81,0.972,2.2836740162607954,2.5983739204704648e-05,0.2598373920470465
726,1.416184,207.618,1.7642,99000,2.1,0.000235,0.013,bf16,65.4,449.8,2.1514,2.2829,9.8,1.105,2.282881334366187,1.8665633813252924e-05,0.18665633813252924
727,1.416184,209.715,1.782,100000,2.1,0.000235,0.012,bf16,66.1,449.8,2.132,2.2821,9.8,1.083,2.282098833905557,1.166094442783816e-06,0.01166094442783816
728,1.416184,211.812,1.7998,101000,2.1,0.000235,0.078,bf16,66.8,449.8,2.1352,2.2814,9.79,0.978,2.2813262842424864,7.371575751369264e-05,0.7371575751369264
729,1.416184,213.91,1.8176,102000,2.1,0.000235,0.045,bf16,67.4,449.8,2.1643,2.2805,9.78,1.085,2.280563100700363,-6.310070036308346e-05,-0.6310070036308346
730,1.416184,216.007,1.8354,103000,2.1,0.000235,0.088,bf16,68.1,449.8,2.1004,2.2797,9.77,1.148,2.2798097946670044,-0.00010979466700433704,-1.0979466700433704
731,1.416184,218.104,1.8533,104000,2.1,0.000235,0.086,bf16,68.7,449.8,2.2277,2.2791,9.77,1.286,2.2790657908515466,3.420914845353451e-05,0.3420914845353451
732,1.416184,220.201,1.8711,105000,2.1,0.000235,0.092,bf16,69.4,449.8,2.1694,2.2782,9.76,1.09,2.2783308865898597,-0.00013088658985971335,-1.3088658985971335
733,1.416184,222.298,1.8889,106000,2.1,0.000235,0.068,bf16,70.1,449.8,2.2034,2.2776,9.75,0.753,2.2776048855097635,-4.88550976340818e-06,-0.0488550976340818
734,1.416184,224.395,1.9067,107000,2.1,0.000235,0.033,bf16,70.7,449.8,2.1934,2.2767,9.74,1.246,2.276887597278517,-0.0001875972785172486,-1.8759727851724861
735,1.416184,226.492,1.9245,108000,2.1,0.000235,0.049,bf16,71.4,449.8,2.1519,2.2763,9.74,0.875,2.2761788373626963,0.00012116263730366228,1.2116263730366228
736,1.416184,228.59,1.9424,109000,2.1,0.000235,0.021,bf16,72.1,449.8,2.1325,2.2755,9.73,1.769,2.275478094757657,2.190524234313429e-05,0.2190524234313429
737,1.416184,230.687,1.9602,110000,2.1,0.000235,0.096,bf16,72.7,449.8,2.1142,2.2748,9.73,12.132,2.274785863796597,1.4136203402959069e-05,0.1413620340295907
738,1.416184,232.784,1.978,111000,2.1,0.000235,0.061,bf16,73.4,449.8,2.1169,2.2742,9.72,0.897,2.274101640037278,9.835996272178349e-05,0.9835996272178349
739,1.416184,234.881,1.9958,112000,2.1,0.000235,0.019,bf16,74.0,449.8,2.218,2.2736,9.71,1.212,2.2734252599682376,0.00017474003176243258,1.7474003176243258
740,1.416184,236.978,2.0136,113000,2.1,0.000235,0.097,bf16,74.7,449.8,2.2229,2.2728,9.71,1.139,2.272756564838935,4.343516106519729e-05,0.4343516106519729
741,1.416184,239.075,2.0314,114000,2.1,0.000235,0.094,bf16,75.4,449.8,2.1363,2.2719,9.7,0.601,2.2720954004804566,-0.00019540048045652014,-1.9540048045652014
742,1.416184,241.172,2.0493,115000,2.1,0.000235,0.087,bf16,76.0,449.8,2.1475,2.2713,9.69,0.903,2.2714416171344767,-0.0001416171344765793,-1.416171344765793
743,1.416184,243.27,2.0671,116000,2.1,0.000235,0.08,bf16,76.7,449.8,2.09,2.2707,9.69,1.353,2.270794762673015,-9.476267301478103e-05,-0.9476267301478103
744,1.416184,245.367,2.0849,117000,2.1,0.000235,0.065,bf16,77.3,449.8,2.2179,2.2702,9.68,1.345,2.2701553122605094,4.46877394906231e-05,0.446877394906231
745,1.416184,247.464,2.1027,118000,2.1,0.000235,0.08,fp16,78.0,449.8,2.0963,2.2696,9.68,1.09,2.2695228183886593,7.718161134073753e-05,0.7718161134073753
746,1.416184,249.561,2.1205,119000,2.1,0.000235,0.082,fp16,78.7,449.8,2.1241,2.2688,9.67,0.758,2.2688971473829067,-9.714738290655944e-05,-0.9714738290655944
747,1.416184,251.658,2.1384,120000,2.1,0.000235,0.031,fp16,79.3,449.8,2.1566,2.2683,9.66,1.196,2.2682781692331293,2.183076687067853e-05,0.2183076687067853
748,1.416184,253.755,2.1562,121000,2.1,0.000235,0.025,bf16,80.0,449.8,2.22,2.2676,9.66,1.13,2.267665757463644,-6.57574636440117e-05,-0.6575746364401169
749,1.416184,255.853,2.174,122000,2.1,0.000235,0.034,fp16,80.6,449.8,2.0924,2.267,9.65,1.719,2.267059501557505,-5.950155750511499e-05,-0.5950155750511499
750,1.416184,257.95,2.1918,123000,2.1,0.000235,0.075,bf16,81.3,449.8,2.1991,2.2663,9.64,11.574,2.2664598596303627,-0.00015985963036246886,-1.5985963036246886
751,1.416184,260.047,2.2096,124000,2.1,0.000235,0.057,bf16,82.0,449.8,2.1517,2.2658,9.64,1.302,2.2658664245912146,-6.642459121453115e-05,-0.6642459121453115
752,1.416184,262.144,2.2275,125000,2.1,0.000235,0.075,fp16,82.6,449.8,2.2109,2.2652,9.63,1.229,2.2652790829122407,-7.908291224056896e-05,-0.7908291224056896
753,1.416184,264.241,2.2453,126000,2.1,0.000235,0.03,bf16,83.3,449.8,2.1836,2.2646,9.63,0.952,2.2646977240291433,-9.772402914309808e-05,-0.9772402914309808
754,1.416184,266.338,2.2631,127000,2.1,0.000235,0.099,bf16,84.0,449.8,2.2133,2.2642,9.62,2.012,2.264122240240998,7.775975900203846e-05,0.7775975900203846
755,1.416184,268.435,2.2809,128000,2.1,0.000235,0.088,bf16,84.6,449.8,2.1565,2.2635,9.62,0.736,2.2635525266142467,-5.2526614246595216e-05,-0.5252661424659522
756,1.416184,270.533,2.2987,129000,2.1,0.000235,0.07,fp16,85.3,449.8,2.0849,2.2632,9.61,0.567,2.2629882132492956,0.00021178675070432362,2.1178675070432362
757,1.416184,272.63,2.3166,130000,2.1,0.000235,0.049,bf16,85.9,449.8,2.1003,2.2625,9.61,0.785,2.2624297383894976,7.026161050260882e-05,0.7026161050260882
758,1.416184,274.727,2.3344,131000,2.1,0.000235,0.061,bf16,86.6,449.8,2.0874,2.2619,9.6,1.433,2.2618767345467683,2.326545323150242e-05,0.2326545323150242
759,1.416184,276.824,2.3522,132000,2.1,0.000235,0.069,fp16,87.3,449.8,2.1763,2.2613,9.6,1.006,2.2613291069740917,-2.910697409186369e-05,-0.2910697409186369
760,1.416184,278.921,2.37,133000,2.1,0.000235,0.095,bf16,87.9,449.8,2.0918,2.2609,9.59,1.118,2.260786763267192,0.00011323673280783098,1.1323673280783098
761,1.416184,281.018,2.3878,134000,2.1,0.000235,0.086,bf16,88.6,449.8,2.1599,2.2602,9.59,1.091,2.2602496132895107,-4.9613289510475056e-05,-0.49613289510475056
762,1.416184,283.116,2.4057,135000,2.1,0.000235,0.014,bf16,89.2,449.8,2.1914,2.2597,9.58,0.677,2.259717316587545,-1.731658754478005e-05,-0.1731658754478005
763,1.416184,285.213,2.4235,136000,2.1,0.000235,0.044,bf16,89.9,449.8,2.1796,2.2594,9.58,1.438,2.2591902947456317,0.00020970525436814214,2.0970525436814214
764,1.416184,287.31,2.4413,137000,2.1,0.000235,0.083,bf16,90.6,449.8,2.1075,2.2587,9.57,1.21,2.2586682090831873,3.1790916812823866e-05,0.31790916812823866
765,1.416184,289.407,2.4591,138000,2.1,0.000235,0.052,bf16,91.2,449.8,2.1346,2.2583,9.57,1.126,2.2581509778420616,0.00014902215793854978,1.4902215793854978
766,1.416184,291.504,2.4769,139000,2.1,0.000235,0.021,bf16,91.9,449.8,2.1934,2.2576,9.56,1.187,2.2576385211981878,-3.8521198187702055e-05,-0.38521198187702055
767,1.416184,293.601,2.4948,140000,2.1,0.000235,0.075,bf16,92.5,449.8,2.1187,2.2571,9.56,0.784,2.2571307612023044,-3.076120230449675e-05,-0.3076120230449675
768,1.416184,295.698,2.5126,141000,2.1,0.000235,0.085,bf16,93.2,449.8,2.1534,2.2568,9.55,0.799,2.256627621722908,0.00017237827709193354,1.7237827709193354
769,1.416184,297.796,2.5304,142000,2.1,0.000235,0.066,fp16,93.9,449.8,2.1977,2.2561,9.55,0.868,2.2561287916991253,-2.8791699125285675e-05,-0.28791699125285675
770,1.416184,299.893,2.5482,143000,2.1,0.000235,0.012,bf16,94.5,449.8,2.1758,2.2558,9.54,1.445,2.2556346739728497,0.00016532602715013667,1.6532602715013667
778,2.782831,0.134,0.0022,64,2.09,0.00022,0.03,bf16,0.1,630.5,3.8427,4.1162,61.33,0.926,4.116626220854041,-0.00042622085404087073,-4.262208540408707
779,2.782831,0.268,0.0045,128,2.09,0.00022,0.015,bf16,0.2,630.5,3.551,3.7324,41.78,0.873,3.732757831577646,-0.00035783157764601725,-3.5783157764601725
780,2.782831,0.537,0.009,256,2.1,0.00022,0.023,fp16,0.3,630.5,3.3457,3.4164,30.46,1.623,3.4158103449577215,0.0005896550422783697,5.896550422783697
781,2.782831,1.074,0.0179,512,2.1,0.00022,0.077,bf16,0.7,630.5,2.9845,3.1558,23.47,0.781,3.1555234116953708,0.0002765883046293993,2.765883046293993
782,2.782831,2.097,0.035,1000,2.1,0.00022,0.023,fp16,1.3,630.5,2.8723,2.9476,19.06,0.98,2.9478926203904,-0.0002926203903999003,-2.926203903999003
783,2.782831,4.194,0.07,2000,2.1,0.00022,0.073,bf16,2.6,630.5,2.556,2.7702,15.96,0.908,2.7701180212312844,8.197876871562926e-05,0.8197876871562926
784,2.782831,6.291,0.105,3000,2.1,0.00022,0.049,bf16,3.9,630.5,2.607,2.6811,14.6,0.85,2.681037647377776,6.235262222364923e-05,0.6235262222364923
785,2.782831,8.389,0.1401,4000,2.1,0.00022,0.089,fp16,5.2,630.5,2.5648,2.6238,13.79,0.799,2.6236692705987155,0.00013072940128466826,1.3072940128466826
786,2.782831,10.486,0.1751,5000,2.1,0.00022,0.082,bf16,6.5,630.5,2.3945,2.5824,13.23,0.941,2.5822674125908356,0.00013258740916421985,1.3258740916421985
787,2.782831,12.583,0.2101,6000,2.1,0.00022,0.078,fp16,7.8,630.5,2.4263,2.5504,12.81,0.981,2.550306514985247,9.348501475292537e-05,0.9348501475292537
788,2.782831,14.68,0.2451,7000,2.1,0.00022,0.013,bf16,9.1,630.5,2.4429,2.5246,12.49,1.173,2.524527194224556,7.280577544399591e-05,0.7280577544399591
789,2.782831,16.777,0.2801,8000,2.1,0.00022,0.032,bf16,10.4,630.5,2.3503,2.503,12.22,0.853,2.5030774218444685,-7.742184446835054e-05,-0.7742184446835054
790,2.782831,18.874,0.3151,9000,2.1,0.00022,0.035,bf16,11.7,630.5,2.3329,2.4846,12.0,0.902,2.484811270011109,-0.0002112700111092103,-2.112700111092103
791,2.782831,20.972,0.3502,10000,2.1,0.00022,0.035,fp16,13.0,630.5,2.2983,2.469,11.81,1.348,2.468966945781416,3.305421858401658e-05,0.3305421858401658
792,2.782831,23.069,0.3852,11000,2.1,0.00022,0.083,bf16,14.3,630.5,2.2766,2.455,11.65,0.813,2.455037934108088,-3.793410808805575e-05,-0.3793410808805575
793,2.782831,25.166,0.4202,12000,2.1,0.00022,0.094,fp16,15.6,630.5,2.338,2.4427,11.5,0.969,2.4426420139087135,5.798609128637722e-05,0.5798609128637722
794,2.782831,27.263,0.4552,13000,2.1,0.00022,0.032,bf16,16.9,630.5,2.2928,2.4313,11.37,1.085,2.431502304003519,-0.00020230400351906042,-2.023040035190604
795,2.782831,29.36,0.4902,14000,2.1,0.00022,0.028,bf16,18.2,630.5,2.3337,2.4212,11.26,0.962,2.4214086032853817,-0.00020860328538185868,-2.086032853818587
796,2.782831,31.457,0.5252,15000,2.1,0.00022,0.067,bf16,19.5,630.5,2.3301,2.4123,11.16,0.738,2.4121978643486766,0.00010213565132355384,1.0213565132355384
797,2.782831,33.554,0.5603,16000,2.1,0.00022,0.022,bf16,20.8,630.5,2.2778,2.4037,11.06,1.516,2.4037412710483785,-4.127104837836626e-05,-0.4127104837836626
798,2.782831,35.652,0.5953,17000,2.1,0.00022,0.043,fp16,22.1,630.5,2.2902,2.396,10.98,0.503,2.3959318416800395,6.815831996043187e-05,0.6815831996043187
799,2.782831,37.749,0.6303,18000,2.1,0.00022,0.09,fp16,23.4,630.5,2.2028,2.3887,10.9,1.099,2.3886928330245265,7.166975473538173e-06,0.07166975473538173
800,2.782831,39.846,0.6653,19000,2.1,0.00022,0.061,fp16,24.7,630.5,2.3028,2.3819,10.83,0.908,2.3819510427418753,-5.104274187539559e-05,-0.5104274187539559
801,2.782831,41.943,0.7003,20000,2.1,0.00022,0.086,bf16,26.0,630.5,2.2959,2.3757,10.76,1.463,2.375648724713133,5.127528686710292e-05,0.5127528686710292
802,2.782831,44.04,0.7353,21000,2.1,0.00022,0.082,fp16,27.3,630.5,2.1848,2.3697,10.69,0.598,2.3697373146110823,-3.731461108236189e-05,-0.3731461108236189
803,2.782831,46.137,0.7703,22000,2.1,0.00022,0.081,bf16,28.6,630.5,2.2932,2.3642,10.64,0.636,2.3641756127038156,2.438729618425839e-05,0.2438729618425839
804,2.782831,48.234,0.8054,23000,2.1,0.00022,0.054,fp16,29.9,630.5,2.1774,2.3589,10.58,0.803,2.3589283907766485,-2.8390776648290483e-05,-0.28390776648290483
805,2.782831,50.332,0.8404,24000,2.1,0.00022,0.072,bf16,31.2,630.5,2.2731,2.3539,10.53,0.96,2.353963007113466,-6.30071134661847e-05,-0.630071134661847
806,2.782831,52.429,0.8754,25000,2.1,0.00022,0.089,bf16,32.5,630.5,2.3014,2.3492,10.48,1.008,2.3492578871499425,-5.788714994237054e-05,-0.5788714994237054
807,2.782831,54.526,0.9104,26000,2.1,0.00022,0.064,bf16,33.8,630.5,2.2949,2.3448,10.43,8.222,2.3447876670477776,1.233295222258235e-05,0.1233295222258235
808,2.782831,56.623,0.9454,27000,2.1,0.00022,0.078,bf16,35.1,630.5,2.1736,2.3405,10.39,0.894,2.3405322394014356,-3.223940143559645e-05,-0.3223940143559645
809,2.782831,58.72,0.9804,28000,2.1,0.00022,0.037,bf16,36.4,630.5,2.1803,2.3366,10.35,1.182,2.3364738835293215,0.00012611647067828358,1.2611647067828358
810,2.782831,60.817,1.0155,29000,2.1,0.00022,0.058,bf16,37.7,630.5,2.2417,2.3325,10.3,1.287,2.3325969086823815,-9.69086823814358e-05,-0.969086823814358
811,2.782831,62.915,1.0505,30000,2.1,0.00022,0.052,bf16,39.0,630.5,2.1681,2.3288,10.27,1.262,2.3288856297601725,-8.562976017234547e-05,-0.8562976017234547
812,2.782831,65.012,1.0855,31000,2.1,0.00022,0.045,bf16,40.3,630.5,2.2152,2.3253,10.23,0.71,2.3253311200872737,-3.1120087273794894e-05,-0.31120087273794894
813,2.782831,67.109,1.1205,32000,2.1,0.00022,0.054,bf16,41.6,630.5,2.1385,2.3221,10.2,0.88,2.32192040434212,0.0001795956578796165,1.795956578796165
814,2.782831,69.206,1.1555,33000,2.1,0.00022,0.084,bf16,42.9,630.5,2.238,2.3186,10.16,0.724,2.318643437423692,-4.343742369217196e-05,-0.4343742369217196
815,2.782831,71.303,1.1905,34000,2.1,0.00022,0.07,bf16,44.2,630.5,2.246,2.3156,10.13,0.999,2.3154911537881038,0.00010884621189610755,1.0884621189610755
816,2.782831,73.4,1.2256,35000,2.1,0.00022,0.014,fp16,45.5,630.5,2.2334,2.3123,10.1,1.405,2.3124553463953097,-0.00015534639530967453,-1.5534639530967453
817,2.782831,75.497,1.2606,36000,2.1,0.00022,0.084,fp16,46.8,630.5,2.1768,2.3095,10.07,0.994,2.309528563593812,-2.8563593811981036e-05,-0.28563593811981036
818,2.782831,77.595,1.2956,37000,2.1,0.00022,0.039,bf16,48.1,630.5,2.214,2.3068,10.04,0.734,2.3067026973057385,9.730269426144744e-05,0.9730269426144744
819,2.782831,79.692,1.3306,38000,2.1,0.00022,0.059,bf16,49.4,630.5,2.1732,2.304,10.01,1.019,2.303974245816105,2.575418389483275e-05,0.2575418389483275
820,2.782831,81.789,1.3656,39000,2.1,0.00022,0.028,bf16,50.7,630.5,2.1465,2.3014,9.99,1.233,2.3013361710797016,6.382892029854759e-05,0.6382892029854759
821,2.782831,83.886,1.4006,40000,2.1,0.00022,0.077,bf16,52.0,630.5,2.1659,2.2987,9.96,0.658,2.2987832748116572,-8.327481165704143e-05,-0.8327481165704143
822,2.782831,85.983,1.4357,41000,2.1,0.00022,0.053,fp16,53.3,630.5,2.2415,2.2964,9.94,0.799,2.2963107782972543,8.922170274594521e-05,0.8922170274594521
823,2.782831,88.08,1.4707,42000,2.1,0.00022,0.042,bf16,54.6,630.5,2.1238,2.2941,9.92,0.836,2.2939142792618927,0.0001857207381070758,1.857207381070758
824,2.782831,90.178,1.5057,43000,2.1,0.00022,0.051,fp16,55.9,630.5,2.1319,2.2915,9.89,1.159,2.2915886221135997,-8.862211359961236e-05,-0.8862211359961236
825,2.782831,92.275,1.5407,44000,2.1,0.00022,0.063,fp16,57.2,630.5,2.1666,2.2893,9.87,1.136,2.2893322642619,-3.226426189995024e-05,-0.3226426189995024
826,2.782831,94.372,1.5757,45000,2.1,0.00022,0.042,fp16,58.5,630.5,2.1798,2.2873,9.85,0.812,2.287140598440485,0.00015940155951499335,1.5940155951499335
827,2.782831,96.469,1.6107,46000,2.1,0.00022,0.064,bf16,59.8,630.5,2.2364,2.2851,9.83,1.366,2.2850103929742462,8.960702575366852e-05,0.8960702575366852
828,2.782831,98.566,1.6458,47000,2.1,0.00022,0.013,bf16,61.1,630.5,2.1341,2.2829,9.8,1.252,2.2829386434619474,-3.864346194726309e-05,-0.3864346194726309
829,2.782831,100.663,1.6808,48000,2.1,0.00022,0.073,bf16,62.4,630.5,2.1913,2.2809,9.79,0.701,2.280922552356837,-2.255235683712442e-05,-0.2255235683712442
830,2.782831,102.76,1.7158,49000,2.1,0.00022,0.038,bf16,63.6,630.5,2.1657,2.2789,9.77,1.193,2.278959510764003,-5.951076400290134e-05,-0.5951076400290134
831,2.782831,104.858,1.7508,50000,2.1,0.00022,0.068,bf16,64.9,630.5,2.2091,2.2769,9.75,1.037,2.277046181896186,-0.00014618189618609279,-1.4618189618609279
832,2.782831,106.955,1.7858,51000,2.1,0.00022,0.074,bf16,66.2,630.5,2.1201,2.2751,9.73,1.01,2.2751821101440575,-8.211014405734574e-05,-0.8211014405734574
833,2.782831,109.052,1.8208,52000,2.1,0.00022,0.1,bf16,67.5,630.5,2.1788,2.2733,9.71,0.948,2.273364237756266,-6.423775626629435e-05,-0.6423775626629435
834,2.782831,111.149,1.8559,53000,2.1,0.00022,0.039,bf16,68.8,630.5,2.2161,2.2715,9.69,0.996,2.27159056380087,-9.056380087013594e-05,-0.9056380087013594
835,2.782831,113.246,1.8909,54000,2.1,0.00022,0.079,bf16,70.1,630.5,2.1655,2.2698,9.68,1.424,2.2698592096978683,-5.9209697868212174e-05,-0.5920969786821217
836,2.782831,115.343,1.9259,55000,2.1,0.00022,0.041,fp16,71.4,630.5,2.1361,2.2682,9.66,1.183,2.268168409635136,3.159036486399813e-05,0.3159036486399813
837,2.782831,117.441,1.9609,56000,2.1,0.00022,0.04,bf16,72.7,630.5,2.2171,2.2666,9.65,0.665,2.2665157231708672,8.427682913270118e-05,0.8427682913270118
838,2.782831,119.538,1.9959,57000,2.1,0.00022,0.016,fp16,74.0,630.5,2.171,2.2648,9.63,1.161,2.2649011597008637,-0.0001011597008635512,-1.011597008635512
839,2.782831,121.635,2.0309,58000,2.1,0.00022,0.081,fp16,75.3,630.5,2.1225,2.2634,9.62,1.081,2.2633224459679613,7.75540320385737e-05,0.775540320385737
840,2.782831,123.732,2.066,59000,2.1,0.00022,0.086,bf16,76.6,630.5,2.2069,2.2617,9.6,1.189,2.261778188181127,-7.818818112736992e-05,-0.7818818112736992
841,2.782831,125.829,2.101,60000,2.1,0.00022,0.035,fp16,77.9,630.5,2.1047,2.2603,9.59,1.045,2.2602670692005673,3.29307994326733e-05,0.32930799432673297
842,2.782831,127.926,2.136,61000,2.1,0.00022,0.039,bf16,79.2,630.5,2.1942,2.2588,9.57,0.429,2.2587878431276955,1.2156872304380784e-05,0.12156872304380784
843,2.782831,130.023,2.171,62000,2.1,0.00022,0.046,fp16,80.5,630.5,2.1163,2.2572,9.56,0.983,2.257339330358521,-0.00013933035852087272,-1.3933035852087272
844,2.782831,132.121,2.206,63000,2.1,0.00022,0.025,fp16,81.8,630.5,2.1849,2.2559,9.54,1.697,2.255919743301597,-1.974330159715265e-05,-0.19743301597152652
845,2.782831,134.218,2.241,64000,2.1,0.00022,0.031,fp16,83.1,630.5,2.1718,2.2545,9.53,0.816,2.254529374597218,-2.9374597217746157e-05,-0.29374597217746157
846,2.782831,136.315,2.276,65000,2.1,0.00022,0.022,bf16,84.4,630.5,2.1787,2.2532,9.52,1.098,2.2531665342305036,3.346576949647684e-05,0.3346576949647684
847,2.782831,138.412,2.3111,66000,2.1,0.00022,0.056,fp16,85.7,630.5,2.1311,2.2518,9.51,0.762,2.251830266082142,-3.0266082142293982e-05,-0.3026608214229398
848,2.782831,140.509,2.3461,67000,2.1,0.00022,0.08,bf16,87.0,630.5,2.091,2.2507,9.49,1.013,2.250519661090432,0.00018033890956825616,1.8033890956825616
849,2.782831,142.606,2.3811,68000,2.1,0.00022,0.018,bf16,88.3,630.5,2.1971,2.2492,9.48,0.724,2.249233854273739,-3.385427373903127e-05,-0.3385427373903127
850,2.782831,144.703,2.4161,69000,2.1,0.00022,0.027,bf16,89.6,630.5,2.1805,2.2479,9.47,0.513,2.247972021981987,-7.202198198719145e-05,-0.7202198198719145
851,2.782831,146.801,2.4511,70000,2.1,0.00022,0.04,fp16,90.9,630.5,2.1242,2.2467,9.46,1.077,2.2467327940943367,-3.2794094336541235e-05,-0.32794094336541235
852,2.782831,148.898,2.4861,71000,2.1,0.00022,0.07,bf16,92.2,630.5,2.1961,2.2455,9.44,0.657,2.245516603246329,-1.660324632934973e-05,-0.1660324632934973
853,2.782831,150.995,2.5212,72000,2.1,0.00022,0.071,fp16,93.5,630.5,2.0757,2.2443,9.43,1.455,2.2443221391611274,-2.2139161127476825e-05,-0.22139161127476825
854,2.782831,153.092,2.5562,73000,2.1,0.00022,0.017,bf16,94.8,630.5,2.0767,2.2432,9.42,1.088,2.243148719945653,5.128005434684724e-05,0.5128005434684724
855,2.782831,155.189,2.5912,74000,2.1,0.00022,0.053,fp16,96.1,630.5,2.1011,2.2421,9.41,1.483,2.2419956940772394,0.00010430592276078343,1.0430592276078343
856,2.782831,157.286,2.6262,75000,2.1,0.00022,0.089,fp16,97.4,630.5,2.0923,2.2408,9.4,1.315,2.2408624386622025,-6.24386622023465e-05,-0.6243866220234651
857,2.782831,159.384,2.6612,76000,2.1,0.00022,0.065,bf16,98.7,630.5,2.1498,2.2397,9.39,1.185,2.2397478310246917,-4.7831024691635804e-05,-0.47831024691635804
858,2.782831,161.481,2.6962,77000,2.1,0.00022,0.034,bf16,100.0,630.5,2.087,2.2387,9.38,0.939,2.238652363103151,4.763689684894601e-05,0.4763689684894601
859,2.782831,163.578,2.7313,78000,2.1,0.00022,0.043,fp16,101.3,630.5,2.129,2.2375,9.37,1.311,2.237574952823086,-7.495282308633833e-05,-0.7495282308633833
860,2.782831,165.675,2.7663,79000,2.1,0.00022,0.037,bf16,102.6,630.5,2.1444,2.2366,9.36,1.267,2.236515076690249,8.492330975107265e-05,0.8492330975107265
861,2.782831,167.772,2.8013,80000,2.1,0.00022,0.029,bf16,103.9,630.5,2.1216,2.2355,9.35,1.428,2.2354722327692356,2.776723076447496e-05,0.2776723076447496
862,2.782831,169.869,2.8363,81000,2.1,0.00022,0.02,bf16,105.2,630.5,2.176,2.2343,9.34,1.0,2.234445939539295,-0.0001459395392946483,-1.4593953929464831
863,2.782831,171.966,2.8713,82000,2.1,0.00022,0.036,bf16,106.5,630.5,2.1822,2.2336,9.33,0.923,2.233435734824141,0.00016426517585887979,1.6426517585887979
864,2.782831,174.064,2.9063,83000,2.1,0.00022,0.071,fp16,107.8,630.5,2.1751,2.2326,9.32,1.233,2.232440704176106,0.00015929582389428987,1.5929582389428987
865,2.782831,176.161,2.9414,84000,2.1,0.00022,0.093,fp16,109.1,630.5,2.1473,2.2314,9.31,0.974,2.2314613695517607,-6.136955176083703e-05,-0.6136955176083703
866,2.782831,178.258,2.9764,85000,2.1,0.00022,0.046,bf16,110.4,630.5,2.1447,2.2305,9.3,1.43,2.230496843081788,3.1569182121771178e-06,0.03156918212177118
867,2.782831,180.355,3.0114,86000,2.1,0.00022,0.098,bf16,111.7,630.5,2.132,2.2296,9.3,1.276,2.2295467305662147,5.326943378536342e-05,0.5326943378536342
868,2.782831,182.452,3.0464,87000,2.1,0.00022,0.048,bf16,113.0,630.5,2.1518,2.2286,9.29,0.843,2.22861065272752,-1.0652727519655514e-05,-0.10652727519655514
869,2.782831,184.549,3.0814,88000,2.1,0.00022,0.068,bf16,114.3,630.5,2.0781,2.2277,9.28,0.936,2.227688244481923,1.1755518077194438e-05,0.11755518077194438
870,2.782831,186.647,3.1164,89000,2.1,0.00022,0.047,bf16,115.6,630.5,2.1069,2.2269,9.27,1.284,2.226778723857282,0.00012127614271806308,1.2127614271806308
871,2.782831,188.744,3.1515,90000,2.1,0.00022,0.071,bf16,116.9,630.5,2.0566,2.2259,9.26,0.627,2.2258826190459517,1.7380954048462627e-05,0.17380954048462627
872,2.782831,190.841,3.1865,91000,2.1,0.00022,0.063,bf16,118.2,630.5,2.1476,2.2249,9.25,0.762,2.224999166931902,-9.916693190215042e-05,-0.9916693190215042
873,2.782831,192.938,3.2215,92000,2.1,0.00022,0.059,fp16,119.5,630.5,2.0537,2.224,9.24,0.55,2.224128052748546,-0.0001280527485456595,-1.2805274854565951
874,2.782831,195.035,3.2565,93000,2.1,0.00022,0.056,fp16,120.8,630.5,2.1133,2.2232,9.24,1.664,2.22326897287301,-6.897287301033117e-05,-0.6897287301033117
875,2.782831,197.132,3.2915,94000,2.1,0.00022,0.062,fp16,122.1,630.5,2.0537,2.2224,9.23,1.065,2.2224216343168237,-2.163431682378203e-05,-0.2163431682378203
876,2.782831,199.229,3.3265,95000,2.1,0.00022,0.02,bf16,123.4,630.5,2.1369,2.2217,9.22,0.879,2.221585754245017,0.00011424575498297784,1.1424575498297784
877,2.782831,201.327,3.3616,96000,2.1,0.00022,0.047,bf16,124.7,630.5,2.0892,2.2207,9.21,0.923,2.2207606688741035,-6.066887410360877e-05,-0.6066887410360877
878,2.782831,203.424,3.3966,97000,2.1,0.00022,0.09,bf16,126.0,630.5,2.0551,2.22,9.21,0.98,2.2199469007798367,5.309922016349944e-05,0.5309922016349944
879,2.782831,205.521,3.4316,98000,2.1,0.00022,0.088,bf16,127.3,630.5,2.0861,2.2191,9.2,1.178,2.219143799045486,-4.3799045486014876e-05,-0.43799045486014876
880,2.782831,207.618,3.4666,99000,2.1,0.00022,0.07,bf16,128.6,630.5,2.169,2.2184,9.19,1.572,2.2183511171508776,4.888284912230034e-05,0.4888284912230034
881,2.782831,209.715,3.5016,100000,2.1,0.00022,0.02,bf16,129.9,630.5,2.0955,2.2178,9.19,1.554,2.2175686166902477,0.0002313833097522533,2.313833097522533
882,2.782831,211.812,3.5366,101000,2.1,0.00022,0.029,bf16,131.2,630.5,2.1521,2.2168,9.18,0.693,2.2167960670271776,3.932972822529024e-06,0.03932972822529024
883,2.782831,213.91,3.5717,102000,2.1,0.00022,0.016,fp16,132.5,630.5,2.0521,2.216,9.17,1.016,2.2160328834850542,-3.2883485054036043e-05,-0.32883485054036043
884,2.782831,216.007,3.6067,103000,2.1,0.00022,0.047,bf16,133.8,630.5,2.0828,2.2154,9.16,1.28,2.215279577451695,0.00012042254830468835,1.2042254830468835
885,2.782831,218.104,3.6417,104000,2.1,0.00022,0.016,fp16,135.1,630.5,2.0835,2.2146,9.16,1.972,2.2145355736362373,6.442636376258193e-05,0.6442636376258193
886,2.782831,220.201,3.6767,105000,2.1,0.00022,0.095,bf16,136.4,630.5,2.1385,2.214,9.15,0.866,2.2138006693745504,0.00019933062544952307,1.9933062544952307
887,2.782831,222.298,3.7117,106000,2.1,0.00022,0.049,bf16,137.7,630.5,2.1295,2.2131,9.14,1.224,2.213074668294454,2.5331705545639238e-05,0.2533170554563924
888,2.782831,224.395,3.7467,107000,2.1,0.00022,0.036,fp16,139.0,630.5,2.1525,2.2123,9.14,1.201,2.2123573800632084,-5.738006320843425e-05,-0.5738006320843425
889,2.782831,226.492,3.7817,108000,2.1,0.00022,0.031,fp16,140.3,630.5,2.1303,2.2117,9.13,1.0,2.2116486201473875,5.1379852612498667e-05,0.5137985261249867
890,2.782831,228.59,3.8168,109000,2.1,0.00022,0.044,fp16,141.6,630.5,2.0666,2.211,9.13,9.317,2.210947877542348,5.212245765173762e-05,0.5212245765173762
891,2.782831,230.687,3.8518,110000,2.1,0.00022,0.093,bf16,142.9,630.5,2.0636,2.2103,9.12,1.154,2.2102556465812877,4.4353418712450576e-05,0.44353418712450576
892,2.782831,232.784,3.8868,111000,2.1,0.00022,0.065,fp16,144.2,630.5,2.1454,2.2096,9.11,1.55,2.2095714228219694,2.8577178030619876e-05,0.28577178030619876
893,2.782831,234.881,3.9218,112000,2.1,0.00022,0.092,bf16,145.5,630.5,2.0331,2.209,9.11,0.703,2.208895042752929,0.00010495724707126897,1.0495724707126897
894,2.782831,236.978,3.9568,113000,2.1,0.00022,0.021,fp16,146.8,630.5,2.0358,2.2083,9.1,0.872,2.2082263476236257,7.365237637424471e-05,0.7365237637424471
895,2.782831,239.075,3.9918,114000,2.1,0.00022,0.092,fp16,148.1,630.5,2.055,2.2077,9.09,0.918,2.2075651832651473,0.00013481673485271628,1.3481673485271628
896,2.782831,241.172,4.0268,115000,2.1,0.00022,0.011,bf16,149.4,630.5,2.147,2.207,9.09,0.781,2.2069113999191674,8.860008083244608e-05,0.8860008083244608
897,2.782831,243.27,4.0619,116000,2.1,0.00022,0.067,fp16,150.7,630.5,2.1068,2.2063,9.08,1.227,2.2062645454577057,3.545454229447742e-05,0.3545454229447742
898,2.782831,245.367,4.0969,117000,2.1,0.00022,0.016,fp16,152.0,630.5,2.0402,2.2056,9.08,1.607,2.2056250950452005,-2.509504520054051e-05,-0.2509504520054051
899,2.782831,247.464,4.1319,118000,2.1,0.00022,0.046,bf16,153.3,630.5,2.0884,2.2051,9.07,0.852,2.2049926011733505,0.00010739882664934086,1.0739882664934086
900,2.782831,249.561,4.1669,119000,2.1,0.00022,0.069,bf16,154.6,630.5,2.1293,2.2043,9.06,0.688,2.204366930167598,-6.693016759795611e-05,-0.6693016759795611
901,2.782831,251.658,4.2019,120000,2.1,0.00022,0.065,bf16,155.9,630.5,2.0598,2.2038,9.06,1.417,2.20374795201782,5.204798218017004e-05,0.5204798218017004
902,2.782831,253.755,4.2369,121000,2.1,0.00022,0.087,fp16,157.2,630.5,2.1039,2.2031,9.05,1.173,2.2031355402483346,-3.5540248334520186e-05,-0.35540248334520186
903,2.782831,255.853,4.272,122000,2.1,0.00022,0.064,bf16,158.5,630.5,2.1377,2.2025,9.05,0.729,2.2025292843421957,-2.928434219562348e-05,-0.2928434219562348
904,2.782831,257.95,4.307,123000,2.1,0.00022,0.094,bf16,159.8,630.5,2.1137,2.202,9.04,0.837,2.201929642415054,7.035758494611244e-05,0.7035758494611244
905,2.782831,260.047,4.342,124000,2.1,0.00022,0.024,bf16,161.1,630.5,2.0755,2.2014,9.04,0.782,2.2013362073759053,6.37926240947273e-05,0.637926240947273
906,2.782831,262.144,4.377,125000,2.1,0.00022,0.067,fp16,162.4,630.5,2.1273,2.2008,9.03,1.403,2.2007488656969314,5.113430306868949e-05,0.5113430306868949
907,2.782831,264.241,4.412,126000,2.1,0.00022,0.017,bf16,163.7,630.5,2.028,2.2001,9.03,0.878,2.2001675068138344,-6.750681383449475e-05,-0.6750681383449475
908,2.782831,266.338,4.447,127000,2.1,0.00022,0.036,bf16,165.0,630.5,2.0895,2.1997,9.02,0.795,2.199592023025689,0.00010797697431108588,1.0797697431108588
909,2.782831,268.435,4.4821,128000,2.1,0.00022,0.087,bf16,166.3,630.5,2.058,2.1991,9.02,1.057,2.199022309398938,7.769060106221914e-05,0.7769060106221914
910,2.782831,270.533,4.5171,129000,2.1,0.00022,0.027,bf16,167.6,630.5,2.1483,2.1986,9.01,8.584,2.1984579960339867,0.00014200396601316,1.4200396601316
911,2.782831,272.63,4.5521,130000,2.1,0.00022,0.015,bf16,168.9,630.5,2.1501,2.1979,9.01,1.212,2.1978995211741887,4.788258114452049e-07,0.004788258114452049
912,2.782831,274.727,4.5871,131000,2.1,0.00022,0.016,bf16,170.2,630.5,2.1318,2.1974,9.0,0.848,2.1973465173314595,5.348266854054984e-05,0.5348266854054984
913,2.782831,276.824,4.6221,132000,2.1,0.00022,0.049,bf16,171.5,630.5,2.0626,2.1968,9.0,0.815,2.196798889758783,1.1102412171837273e-06,0.011102412171837273
914,2.782831,278.921,4.6571,133000,2.1,0.00022,0.047,fp16,172.8,630.5,2.1214,2.1964,8.99,0.978,2.1962565460518833,0.0001434539481168784,1.434539481168784
915,2.782831,281.018,4.6922,134000,2.1,0.00022,0.059,bf16,174.1,630.5,2.0591,2.1957,8.99,0.763,2.1957193960742014,-1.9396074201427638e-05,-0.19396074201427638
916,2.782831,283.116,4.7272,135000,2.1,0.00022,0.074,fp16,175.4,630.5,2.0207,2.1952,8.98,0.937,2.195187099372236,1.290062776382328e-05,0.1290062776382328
917,2.782831,285.213,4.7622,136000,2.1,0.00022,0.059,bf16,176.7,630.5,2.1277,2.1947,8.98,1.209,2.1946600775303224,3.992246967765567e-05,0.3992246967765567
918,2.782831,287.31,4.7972,137000,2.1,0.00022,0.013,bf16,178.0,630.5,2.0289,2.1942,8.97,0.879,2.194137991867878,6.200813212187128e-05,0.6200813212187128
919,2.782831,289.407,4.8322,138000,2.1,0.00022,0.073,bf16,179.3,630.5,2.0399,2.1936,8.97,0.602,2.1936207606267524,-2.0760626752380773e-05,-0.20760626752380773
920,2.782831,291.504,4.8672,139000,2.1,0.00022,0.076,bf16,180.6,630.5,2.126,2.1931,8.96,1.51,2.1931083039828785,-8.303982878654637e-06,-0.08303982878654637
921,2.782831,293.601,4.9023,140000,2.1,0.00022,0.035,bf16,181.9,630.5,2.0483,2.1927,8.96,1.075,2.192600543986995,9.94560130047617e-05,0.994560130047617
922,2.782831,295.698,4.9373,141000,2.1,0.00022,0.07,bf16,183.2,630.5,2.1409,2.192,8.95,0.865,2.192097404507599,-9.740450759876396e-05,-0.9740450759876396
923,2.782831,297.796,4.9723,142000,2.1,0.00022,0.013,fp16,184.5,630.5,2.1394,2.1916,8.95,0.786,2.1915985744838165,1.4255161837617436e-06,0.014255161837617436
924,2.782831,299.893,5.0073,143000,2.1,0.00022,0.075,bf16,185.8,630.5,2.0348,2.1911,8.94,0.732,2.1911044567575404,-4.456757540349798e-06,-0.04456757540349798
932,6.86104,0.134,0.0055,64,2.09,0.000201,0.045,bf16,0.2,990.0,3.9485,4.0512,57.47,1.172,4.050588767357296,0.0006112326427034631,6.112326427034631
933,6.86104,0.268,0.011,128,2.09,0.000201,0.094,bf16,0.4,990.0,3.4728,3.6658,39.09,1.264,3.6667203780809015,-0.0009203780809015072,-9.203780809015072
934,6.86104,0.537,0.0221,256,2.1,0.000201,0.075,fp16,0.8,990.0,3.0991,3.3494,28.49,1.046,3.349772891460976,-0.0003728914609757439,-3.728914609757439
935,6.86104,1.074,0.0442,512,2.1,0.000201,0.042,fp16,1.6,990.0,2.9309,3.0899,21.97,1.085,3.089485958198626,0.00041404180137405433,4.140418013740543
936,6.86104,2.097,0.0863,1000,2.1,0.000201,0.01,bf16,3.2,990.0,2.6812,2.8818,17.85,0.705,2.881855166893655,-5.5166893655034244e-05,-0.5516689365503424
937,6.86104,4.194,0.1727,2000,2.1,0.000201,0.033,fp16,6.4,990.0,2.4932,2.7039,14.94,1.601,2.704080567734539,-0.0001805677345392276,-1.8056773453922759
938,6.86104,6.291,0.259,3000,2.1,0.000201,0.069,bf16,9.6,990.0,2.5508,2.6151,13.67,0.748,2.615000193881031,9.98061189689814e-05,0.9980611896898139
939,6.86104,8.389,0.3453,4000,2.1,0.000201,0.092,fp16,12.8,990.0,2.4401,2.5577,12.91,1.127,2.5576318171019703,6.818289802978938e-05,0.6818289802978938
940,6.86104,10.486,0.4317,5000,2.1,0.000201,0.057,fp16,16.0,990.0,2.412,2.5161,12.38,1.438,2.5162299590940904,-0.000129959094090637,-1.29959094090637
941,6.86104,12.583,0.518,6000,2.1,0.000201,0.085,bf16,19.2,990.0,2.3165,2.4841,11.99,1.917,2.4842690614885017,-0.0001690614885014874,-1.690614885014874
942,6.86104,14.68,0.6043,7000,2.1,0.000201,0.088,bf16,22.4,990.0,2.3246,2.4586,11.69,0.846,2.458489740727811,0.00011025927218932807,1.1025927218932807
943,6.86104,16.777,0.6906,8000,2.1,0.000201,0.093,bf16,25.6,990.0,2.2624,2.4371,11.44,0.848,2.4370399683477233,6.003165227674856e-05,0.6003165227674856
944,6.86104,18.874,0.777,9000,2.1,0.000201,0.05,bf16,28.8,990.0,2.3025,2.4187,11.23,1.063,2.418773816514364,-7.381651436411119e-05,-0.7381651436411119
945,6.86104,20.972,0.8633,10000,2.1,0.000201,0.093,fp16,32.0,990.0,2.2447,2.4032,11.06,1.08,2.4029294922846707,0.0002705077153293267,2.705077153293267
946,6.86104,23.069,0.9497,11000,2.1,0.000201,0.074,bf16,35.2,990.0,2.2449,2.3889,10.9,1.354,2.389000480611343,-0.00010048061134293462,-1.0048061134293462
947,6.86104,25.166,1.036,12000,2.1,0.000201,0.046,bf16,38.4,990.0,2.2974,2.3764,10.77,0.923,2.3766045604119688,-0.00020456041196892372,-2.045604119689237
948,6.86104,27.263,1.1223,13000,2.1,0.000201,0.08,bf16,41.6,990.0,2.2563,2.3654,10.65,1.389,2.3654648505067737,-6.485050677351722e-05,-0.6485050677351722
949,6.86104,29.36,1.2086,14000,2.1,0.000201,0.045,bf16,44.8,990.0,2.2733,2.3553,10.54,0.741,2.3553711497886365,-7.114978863631549e-05,-0.7114978863631549
950,6.86104,31.457,1.295,15000,2.1,0.000201,0.051,bf16,48.0,990.0,2.2184,2.3462,10.45,0.713,2.3461604108519314,3.958914806867497e-05,0.39589148068674973
951,6.86104,33.554,1.3813,16000,2.1,0.000201,0.028,bf16,51.2,990.0,2.2617,2.3377,10.36,1.876,2.3377038175516334,-3.817551633478189e-06,-0.03817551633478189
952,6.86104,35.652,1.4677,17000,2.1,0.000201,0.059,bf16,54.4,990.0,2.2511,2.3299,10.28,1.037,2.3298943881832943,5.611816705552997e-06,0.056118167055529966
953,6.86104,37.749,1.554,18000,2.1,0.000201,0.089,bf16,57.6,990.0,2.1598,2.3225,10.2,1.138,2.3226553795277813,-0.00015537952778155173,-1.5537952778155173
954,6.86104,39.846,1.6403,19000,2.1,0.000201,0.044,bf16,60.8,990.0,2.2652,2.3161,10.14,1.09,2.31591358924513,0.00018641075486991454,1.8641075486991454
955,6.86104,41.943,1.7266,20000,2.1,0.000201,0.087,fp16,64.1,990.0,2.1858,2.3096,10.07,1.544,2.309611271216388,-1.127121638777595e-05,-0.11271216387775951
956,6.86104,44.04,1.813,21000,2.1,0.000201,0.069,bf16,67.3,990.0,2.1557,2.3038,10.01,1.292,2.303699861114337,0.00010013888566273721,1.001388856627372
957,6.86104,46.137,1.8993,22000,2.1,0.000201,0.033,bf16,70.5,990.0,2.1614,2.2982,9.96,0.594,2.2981381592070704,6.184079292959055e-05,0.6184079292959055
958,6.86104,48.234,1.9856,23000,2.1,0.000201,0.041,fp16,73.7,990.0,2.1911,2.2929,9.9,1.391,2.2928909372799033,9.062720096597587e-06,0.09062720096597587
959,6.86104,50.332,2.072,24000,2.1,0.000201,0.073,bf16,76.9,990.0,2.2326,2.288,9.85,0.806,2.287925553616721,7.44463832789144e-05,0.744463832789144
960,6.86104,52.429,2.1583,25000,2.1,0.000201,0.025,bf16,80.1,990.0,2.1638,2.2832,9.81,0.912,2.2832204336531974,-2.043365319748247e-05,-0.2043365319748247
961,6.86104,54.526,2.2446,26000,2.1,0.000201,0.027,bf16,83.3,990.0,2.097,2.2788,9.76,13.323,2.2787502135510325,4.978644896747042e-05,0.4978644896747042
962,6.86104,56.623,2.331,27000,2.1,0.000201,0.099,bf16,86.5,990.0,2.1758,2.2746,9.72,0.824,2.2744947859046905,0.00010521409530950265,1.0521409530950265
963,6.86104,58.72,2.4173,28000,2.1,0.000201,0.069,bf16,89.7,990.0,2.1155,2.2704,9.68,0.789,2.2704364300325763,-3.643003257636224e-05,-0.36430032576362237
964,6.86104,60.817,2.5036,29000,2.1,0.000201,0.048,bf16,92.9,990.0,2.1593,2.2666,9.65,0.9,2.2665594551856363,4.0544814363663306e-05,0.40544814363663306
965,6.86104,62.915,2.59,30000,2.1,0.000201,0.066,bf16,96.1,990.0,2.1377,2.2628,9.61,1.377,2.2628481762634274,-4.81762634274574e-05,-0.481762634274574
966,6.86104,65.012,2.6763,31000,2.1,0.000201,0.08,fp16,99.3,990.0,2.1083,2.2594,9.58,1.52,2.2592936665905285,0.00010633340947130421,1.063334094713042
967,6.86104,67.109,2.7626,32000,2.1,0.000201,0.026,bf16,102.5,990.0,2.1757,2.2558,9.54,11.577,2.255882950845375,-8.295084537524033e-05,-0.8295084537524033
968,6.86104,69.206,2.849,33000,2.1,0.000201,0.097,bf16,105.7,990.0,2.0888,2.2528,9.51,12.277,2.252605983926947,0.00019401607305313817,1.9401607305313817
969,6.86104,71.303,2.9353,34000,2.1,0.000201,0.043,bf16,108.9,990.0,2.1619,2.2494,9.48,0.924,2.2494537002913586,-5.3700291358538266e-05,-0.5370029135853827
970,6.86104,73.4,3.0216,35000,2.1,0.000201,0.037,fp16,112.1,990.0,2.1305,2.2463,9.45,1.386,2.2464178928985645,-0.00011789289856434237,-1.1789289856434237
971,6.86104,75.497,3.1079,36000,2.1,0.000201,0.024,bf16,115.3,990.0,2.1435,2.2435,9.43,1.318,2.2434911100970667,8.889902933351124e-06,0.08889902933351124
972,6.86104,77.595,3.1943,37000,2.1,0.000201,0.068,bf16,118.5,990.0,2.1389,2.2406,9.4,0.751,2.2406652438089933,-6.524380899319837e-05,-0.6524380899319837
973,6.86104,79.692,3.2806,38000,2.1,0.000201,0.063,bf16,121.7,990.0,2.0712,2.238,9.37,6.863,2.23793679231936,6.320768064016491e-05,0.6320768064016491
974,6.86104,81.789,3.3669,39000,2.1,0.000201,0.061,fp16,124.9,990.0,2.1551,2.2352,9.35,1.253,2.2352987175829564,-9.871758295654232e-05,-0.9871758295654232
975,6.86104,83.886,3.4533,40000,2.1,0.000201,0.017,fp16,128.1,990.0,2.0693,2.2327,9.32,1.065,2.232745821314912,-4.5821314912153355e-05,-0.45821314912153355
976,6.86104,85.983,3.5396,41000,2.1,0.000201,0.082,fp16,131.3,990.0,2.0947,2.2301,9.3,1.644,2.230273324800509,-0.00017332480050891164,-1.7332480050891164
977,6.86104,88.08,3.6259,42000,2.1,0.000201,0.028,bf16,134.5,990.0,2.0675,2.2278,9.28,0.544,2.227876825765147,-7.682576514733697e-05,-0.7682576514733697
978,6.86104,90.178,3.7123,43000,2.1,0.000201,0.073,bf16,137.7,990.0,2.1652,2.2253,9.26,0.767,2.2255511686168545,-0.00025116861685470226,-2.5116861685470226
979,6.86104,92.275,3.7986,44000,2.1,0.000201,0.086,bf16,140.9,990.0,2.0689,2.2231,9.24,1.084,2.2232948107651547,-0.00019481076515459606,-1.9481076515459606
980,6.86104,94.372,3.8849,45000,2.1,0.000201,0.047,bf16,144.1,990.0,2.0978,2.2212,9.22,0.759,2.22110314494374,9.685505626011448e-05,0.9685505626011448
981,6.86104,96.469,3.9713,46000,2.1,0.000201,0.027,bf16,147.3,990.0,2.1533,2.219,9.2,0.784,2.218972939477501,2.7060522498789652e-05,0.2706052249878965
982,6.86104,98.566,4.0576,47000,2.1,0.000201,0.09,bf16,150.5,990.0,2.099,2.2169,9.18,15.046,2.2169011899652022,-1.1899652023750207e-06,-0.011899652023750207
983,6.86104,100.663,4.1439,48000,2.1,0.000201,0.096,bf16,153.7,990.0,2.0952,2.2148,9.16,0.756,2.214885098860092,-8.509886009200329e-05,-0.8509886009200329
984,6.86104,102.76,4.2302,49000,2.1,0.000201,0.032,bf16,156.9,990.0,2.0864,2.2129,9.14,0.85,2.212922057267258,-2.205726725801327e-05,-0.2205726725801327
985,6.86104,104.858,4.3166,50000,2.1,0.000201,0.073,bf16,160.1,990.0,2.1298,2.211,9.12,0.667,2.211008728399441,-8.728399440993684e-06,-0.08728399440993684
986,6.86104,106.955,4.4029,51000,2.1,0.000201,0.059,bf16,163.3,990.0,2.0876,2.209,9.11,1.732,2.2091446566473123,-0.0001446566473122246,-1.446566473122246
987,6.86104,109.052,4.4893,52000,2.1,0.000201,0.06,fp16,166.5,990.0,2.0712,2.2074,9.09,9.52,2.207326784259521,7.321574047880475e-05,0.7321574047880475
988,6.86104,111.149,4.5756,53000,2.1,0.000201,0.093,bf16,169.7,990.0,2.1196,2.2056,9.08,11.798,2.205553110304125,4.6889695874963166e-05,0.46889695874963166
989,6.86104,113.246,4.6619,54000,2.1,0.000201,0.05,bf16,172.9,990.0,2.07,2.2038,9.06,0.979,2.203821756201123,-2.1756201122880015e-05,-0.21756201122880015
990,6.86104,115.343,4.7482,55000,2.1,0.000201,0.068,fp16,176.1,990.0,2.0876,2.2021,9.04,1.011,2.202130956138391,-3.095613839088074e-05,-0.3095613839088074
991,6.86104,117.441,4.8346,56000,2.1,0.000201,0.1,fp16,179.3,990.0,2.1484,2.2005,9.03,1.137,2.2004782696741225,2.173032587737822e-05,0.2173032587737822
992,6.86104,119.538,4.9209,57000,2.1,0.000201,0.036,fp16,182.5,990.0,2.0398,2.1987,9.01,0.539,2.1988637062041185,-0.00016370620411843007,-1.6370620411843007
993,6.86104,121.635,5.0073,58000,2.1,0.000201,0.085,bf16,185.8,990.0,2.0893,2.1973,9.0,1.289,2.197284992471216,1.5007528783694823e-05,0.15007528783694823
994,6.86104,123.732,5.0936,59000,2.1,0.000201,0.036,bf16,189.0,990.0,2.1225,2.1957,8.99,0.801,2.195740734684382,-4.0734684382037756e-05,-0.40734684382037756
995,6.86104,125.829,5.1799,60000,2.1,0.000201,0.032,fp16,192.2,990.0,2.0287,2.1941,8.97,0.832,2.194229615703822,-0.00012961570382197252,-1.2961570382197252
996,6.86104,127.926,5.2662,61000,2.1,0.000201,0.062,bf16,195.4,990.0,2.0385,2.1927,8.96,0.597,2.1927503896309504,-5.038963095049809e-05,-0.5038963095049809
997,6.86104,130.023,5.3526,62000,2.1,0.000201,0.025,bf16,198.6,990.0,2.1043,2.1914,8.95,0.427,2.191301876861776,9.812313822399332e-05,0.9812313822399332
998,6.86104,132.121,5.4389,63000,2.1,0.000201,0.051,bf16,201.8,990.0,2.0643,2.1899,8.93,1.312,2.189882289804852,1.771019514817951e-05,0.17710195148179508
999,6.86104,134.218,5.5253,64000,2.1,0.000201,0.042,fp16,205.0,990.0,2.0984,2.1884,8.92,0.79,2.1884919211004727,-9.192110047262503e-05,-0.9192110047262503
1000,6.86104,136.315,5.6116,65000,2.1,0.000201,0.056,fp16,208.2,990.0,2.0818,2.1872,8.91,1.263,2.1871290807337584,7.091926624136491e-05,0.7091926624136491
1001,6.86104,138.412,5.6979,66000,2.1,0.000201,0.066,bf16,211.4,990.0,2.0821,2.1859,8.9,0.76,2.1857928125853965,0.0001071874146036933,1.071874146036933
1002,6.86104,140.509,5.7842,67000,2.1,0.000201,0.065,fp16,214.6,990.0,2.0358,2.1845,8.89,0.967,2.184482207593687,1.7792406312722164e-05,0.17792406312722164
1003,6.86104,142.606,5.8706,68000,2.1,0.000201,0.028,fp16,217.8,990.0,2.1173,2.1832,8.87,0.626,2.183196400776994,3.5992230058567998e-06,0.035992230058568
1004,6.86104,144.703,5.9569,69000,2.1,0.000201,0.074,bf16,221.0,990.0,2.0286,2.1819,8.86,1.383,2.181934568485242,-3.456848524185929e-05,-0.3456848524185929
1005,6.86104,146.801,6.0432,70000,2.1,0.000201,0.085,fp16,224.2,990.0,2.0136,2.1807,8.85,1.242,2.1806953405975915,4.6594024083468355e-06,0.046594024083468355
1006,6.86104,148.898,6.1296,71000,2.1,0.000201,0.028,fp16,227.4,990.0,2.1178,2.1795,8.84,0.566,2.179479149749584,2.085025041598243e-05,0.2085025041598243
1007,6.86104,150.995,6.2159,72000,2.1,0.000201,0.018,bf16,230.6,990.0,2.1306,2.1783,8.83,1.043,2.1782846856643823,1.5314335617855335e-05,0.15314335617855335
1008,6.86104,153.092,6.3022,73000,2.1,0.000201,0.073,bf16,233.8,990.0,2.0063,2.1772,8.82,0.73,2.177111266448908,8.87335510921794e-05,0.887335510921794
1009,6.86104,155.189,6.3885,74000,2.1,0.000201,0.049,fp16,237.0,990.0,2.064,2.176,8.81,1.411,2.1759582405804943,4.175941950590456e-05,0.4175941950590456
1010,6.86104,157.286,6.4749,75000,2.1,0.000201,0.011,bf16,240.2,990.0,2.0741,2.1748,8.8,1.059,2.1748249851654573,-2.4985165457458436e-05,-0.24985165457458436
1011,6.86104,159.384,6.5612,76000,2.1,0.000201,0.041,bf16,243.4,990.0,2.1062,2.1738,8.79,0.6,2.1737103775279465,8.96224720534633e-05,0.896224720534633
1012,6.86104,161.481,6.6476,77000,2.1,0.000201,0.042,fp16,246.6,990.0,2.1009,2.1726,8.78,1.17,2.172614909606406,-1.4909606405932863e-05,-0.14909606405932863
1013,6.86104,163.578,6.7339,78000,2.1,0.000201,0.05,bf16,249.8,990.0,2.004,2.1717,8.77,0.891,2.171537499326341,0.0001625006736589718,1.625006736589718
1014,6.86104,165.675,6.8202,79000,2.1,0.000201,0.089,bf16,253.0,990.0,2.0826,2.1704,8.76,1.154,2.170477623193504,-7.762319350401725e-05,-0.7762319350401725
1015,6.86104,167.772,6.9065,80000,2.1,0.000201,0.039,bf16,256.2,990.0,2.0805,2.1696,8.75,1.248,2.1694347792724904,0.00016522072750957406,1.6522072750957406
1016,6.86104,169.869,6.9929,81000,2.1,0.000201,0.071,bf16,259.4,990.0,2.0005,2.1684,8.74,0.575,2.1684084860425497,-8.486042549549211e-06,-0.08486042549549211
1017,6.86104,171.966,7.0792,82000,2.1,0.000201,0.065,fp16,262.6,990.0,2.0439,2.1673,8.74,0.945,2.167398281327396,-9.828132739597706e-05,-0.9828132739597706
1018,6.86104,174.064,7.1656,83000,2.1,0.000201,0.017,bf16,265.8,990.0,2.1121,2.1664,8.73,0.79,2.1664032506793607,-3.250679360800035e-06,-0.03250679360800035
1019,6.86104,176.161,7.2519,84000,2.1,0.000201,0.079,bf16,269.0,990.0,2.1053,2.1654,8.72,1.56,2.1654239160550155,-2.3916055015504867e-05,-0.23916055015504867
1020,6.86104,178.258,7.3382,85000,2.1,0.000201,0.044,fp16,272.2,990.0,2.0603,2.1645,8.71,0.952,2.164459389585043,4.061041495706519e-05,0.4061041495706519
1021,6.86104,180.355,7.4245,86000,2.1,0.000201,0.085,bf16,275.4,990.0,2.0822,2.1635,8.7,1.728,2.1635092770694695,-9.277069469515453e-06,-0.09277069469515453
1022,6.86104,182.452,7.5109,87000,2.1,0.000201,0.089,bf16,278.6,990.0,2.0948,2.1625,8.69,0.676,2.1625731992307746,-7.319923077453439e-05,-0.7319923077453439
1023,6.86104,184.549,7.5972,88000,2.1,0.000201,0.044,bf16,281.8,990.0,2.018,2.1616,8.69,1.054,2.1616507909851777,-5.0790985177684433e-05,-0.5079098517768443
1024,6.86104,186.647,7.6836,89000,2.1,0.000201,0.068,bf16,285.0,990.0,2.0962,2.1609,8.68,0.879,2.160741270360537,0.00015872963946295116,1.5872963946295116
1025,6.86104,188.744,7.7699,90000,2.1,0.000201,0.016,bf16,288.2,990.0,2.1134,2.16,8.67,25.489,2.1598451655492066,0.00015483445079356173,1.5483445079356173
1026,6.86104,190.841,7.8562,91000,2.1,0.000201,0.065,bf16,291.4,990.0,1.9986,2.159,8.66,1.587,2.158961713435157,3.828656484294868e-05,0.3828656484294868
1027,6.86104,192.938,7.9425,92000,2.1,0.000201,0.026,bf16,294.6,990.0,2.0946,2.1581,8.65,0.545,2.1580905992518007,9.40074819943959e-06,0.0940074819943959
1028,6.86104,195.035,8.0289,93000,2.1,0.000201,0.019,fp16,297.8,990.0,1.9861,2.1572,8.65,1.247,2.157231519376265,-3.151937626499901e-05,-0.3151937626499901
1029,6.86104,197.132,8.1152,94000,2.1,0.000201,0.049,bf16,301.0,990.0,2.0914,2.1564,8.64,15.912,2.1563841808200785,1.581917992155013e-05,0.1581917992155013
1030,6.86104,199.229,8.2015,95000,2.1,0.000201,0.061,fp16,304.2,990.0,1.9928,2.1555,8.63,1.029,2.1555483007482716,-4.830074827166797e-05,-0.4830074827166797
1031,6.86104,201.327,8.2879,96000,2.1,0.000201,0.059,bf16,307.5,990.0,2.0471,2.1547,8.63,0.908,2.1547232153773583,-2.3215377358276612e-05,-0.23215377358276612
1032,6.86104,203.424,8.3742,97000,2.1,0.000201,0.041,bf16,310.7,990.0,2.0156,2.1538,8.62,0.597,2.1539094472830915,-0.00010944728309159046,-1.0944728309159046
1033,6.86104,205.521,8.4605,98000,2.1,0.000201,0.045,bf16,313.9,990.0,2.0822,2.1531,8.61,1.44,2.153106345548741,-6.345548741126805e-06,-0.06345548741126805
1034,6.86104,207.618,8.5469,99000,2.1,0.000201,0.051,bf16,317.1,990.0,2.0714,2.1524,8.61,0.572,2.152313663654133,8.633634586718841e-05,0.8633634586718841
1035,6.86104,209.715,8.6332,100000,2.1,0.000201,0.03,fp16,320.3,990.0,2.0152,2.1515,8.6,0.605,2.1515311631935026,-3.116319350260355e-05,-0.3116319350260355
1036,6.86104,211.812,8.7195,101000,2.1,0.000201,0.083,bf16,323.5,990.0,2.0595,2.1509,8.59,1.431,2.1507586135304324,0.00014138646956762813,1.4138646956762813
1037,6.86104,213.91,8.8059,102000,2.1,0.000201,0.051,fp16,326.7,990.0,1.9809,2.1499,8.58,0.779,2.1499954299883086,-9.542998830847083e-05,-0.9542998830847083
1038,6.86104,216.007,8.8922,103000,2.1,0.000201,0.067,bf16,329.9,990.0,2.0233,2.1491,8.58,1.027,2.14924212395495,-0.0001421239549501685,-1.421239549501685
1039,6.86104,218.104,8.9785,104000,2.1,0.000201,0.058,fp16,333.1,990.0,2.0684,2.1485,8.57,0.724,2.148498120139492,1.8798605077030572e-06,0.018798605077030572
1040,6.86104,220.201,9.0648,105000,2.1,0.000201,0.087,fp16,336.3,990.0,2.0918,2.1478,8.57,0.552,2.1477632158778057,3.6784122194433166e-05,0.36784122194433166
1041,6.86104,222.298,9.1512,106000,2.1,0.000201,0.065,fp16,339.5,990.0,2.0115,2.1472,8.56,0.986,2.147037214797709,0.00016278520229118243,1.6278520229118243
1042,6.86104,224.395,9.2375,107000,2.1,0.000201,0.036,fp16,342.7,990.0,2.0068,2.1463,8.55,1.163,2.1463199265664628,-1.9926566462658002e-05,-0.19926566462658002
1043,6.86104,226.492,9.3238,108000,2.1,0.000201,0.018,bf16,345.9,990.0,2.0207,2.1457,8.55,1.815,2.1456111666506423,8.883334935783083e-05,0.8883334935783083
1044,6.86104,228.59,9.4102,109000,2.1,0.000201,0.013,bf16,349.1,990.0,2.0648,2.1449,8.54,0.665,2.1449104240456025,-1.0424045602697163e-05,-0.10424045602697163
1045,6.86104,230.687,9.4965,110000,2.1,0.000201,0.048,bf16,352.3,990.0,1.9859,2.1442,8.54,0.916,2.1442181930845425,-1.8193084542428295e-05,-0.18193084542428295
1046,6.86104,232.784,9.5828,111000,2.1,0.000201,0.058,bf16,355.5,990.0,2.0504,2.1436,8.53,10.023,2.143533969325224,6.603067477595204e-05,0.6603067477595204
1047,6.86104,234.881,9.6692,112000,2.1,0.000201,0.014,fp16,358.7,990.0,2.0547,2.1429,8.52,0.844,2.1428575892561836,4.2410743816390095e-05,0.42410743816390095
1048,6.86104,236.978,9.7555,113000,2.1,0.000201,0.042,fp16,361.9,990.0,2.0934,2.1421,8.52,1.154,2.1421888941268805,-8.88941268804011e-05,-0.888941268804011
1049,6.86104,239.075,9.8418,114000,2.1,0.000201,0.087,bf16,365.1,990.0,2.0366,2.1416,8.51,1.366,2.141527729768402,7.227023159783741e-05,0.7227023159783741
1050,6.86104,241.172,9.9281,115000,2.1,0.000201,0.084,fp16,368.3,990.0,1.9994,2.141,8.51,1.088,2.1408739464224222,0.00012605357757777824,1.2605357757777824
1051,6.86104,243.27,10.0145,116000,2.1,0.000201,0.084,bf16,371.5,990.0,1.9762,2.1402,8.5,1.127,2.1402270919609605,-2.709196096040145e-05,-0.2709196096040145
1052,6.86104,245.367,10.1008,117000,2.1,0.000201,0.087,bf16,374.7,990.0,2.0045,2.1396,8.5,0.734,2.1395876415484554,1.2358451544791649e-05,0.12358451544791649
1053,6.86104,247.464,10.1872,118000,2.1,0.000201,0.044,bf16,377.9,990.0,1.9998,2.139,8.49,0.984,2.1389551476766053,4.485232339446199e-05,0.4485232339446199
1054,6.86104,249.561,10.2735,119000,2.1,0.000201,0.081,fp16,381.1,990.0,2.0863,2.1384,8.49,1.016,2.1383294766708527,7.052332914714299e-05,0.7052332914714299
1055,6.86104,251.658,10.3598,120000,2.1,0.000201,0.074,fp16,384.3,990.0,2.0742,2.1377,8.48,7.505,2.137710498521075,-1.0498521074708833e-05,-0.10498521074708833
1056,6.86104,253.755,10.4461,121000,2.1,0.000201,0.01,bf16,387.5,990.0,1.9843,2.1371,8.47,0.898,2.13709808675159,1.913248410367885e-06,0.01913248410367885
1057,6.86104,255.853,10.5325,122000,2.1,0.000201,0.036,bf16,390.7,990.0,2.0704,2.1365,8.47,1.224,2.1364918308454506,8.16915454926459e-06,0.0816915454926459
1058,6.86104,257.95,10.6188,123000,2.1,0.000201,0.022,bf16,393.9,990.0,1.9771,2.136,8.47,11.209,2.1358921889183087,0.0001078110816914446,1.078110816914446
1059,6.86104,260.047,10.7052,124000,2.1,0.000201,0.03,fp16,397.1,990.0,2.0196,2.1353,8.46,1.027,2.1352987538791606,1.246120839404341e-06,0.01246120839404341
1060,6.86104,262.144,10.7915,125000,2.1,0.000201,0.062,fp16,400.3,990.0,2.0265,2.1347,8.45,1.101,2.1347114122001862,-1.141220018618938e-05,-0.11412200186189381
1061,6.86104,264.241,10.8778,126000,2.1,0.000201,0.055,bf16,403.5,990.0,1.9677,2.1342,8.45,1.51,2.1341300533170893,6.994668291060435e-05,0.6994668291060435
1062,6.86104,266.338,10.9641,127000,2.1,0.000201,0.074,bf16,406.7,990.0,2.0347,2.1334,8.44,0.816,2.1335545695289437,-0.00015456952894377096,-1.5456952894377096
1063,6.86104,268.435,11.0505,128000,2.1,0.000201,0.076,fp16,409.9,990.0,1.9901,2.1331,8.44,1.477,2.1329848559021922,0.0001151440978079954,1.151440978079954
1064,6.86104,270.533,11.1368,129000,2.1,0.000201,0.046,bf16,413.1,990.0,1.9674,2.1323,8.43,1.454,2.1324205425372416,-0.00012054253724169683,-1.2054253724169683
1065,6.86104,272.63,11.2232,130000,2.1,0.000201,0.091,bf16,416.3,990.0,2.083,2.1318,8.43,0.933,2.1318620676774436,-6.206767744343367e-05,-0.6206767744343367
1066,6.86104,274.727,11.3095,131000,2.1,0.000201,0.08,bf16,419.5,990.0,1.9947,2.1312,8.43,0.737,2.1313090638347143,-0.00010906383471409598,-1.0906383471409598
1067,6.86104,276.824,11.3958,132000,2.1,0.000201,0.036,bf16,422.7,990.0,1.9857,2.1307,8.42,1.083,2.1307614362620377,-6.143626203769514e-05,-0.6143626203769514
1068,6.86104,278.921,11.4821,133000,2.1,0.000201,0.043,fp16,425.9,990.0,2.0329,2.1303,8.42,1.162,2.130219092555138,8.090744486199952e-05,0.8090744486199952
1069,6.86104,281.018,11.5685,134000,2.1,0.000201,0.037,bf16,429.1,990.0,1.9759,2.1297,8.41,0.933,2.1296819425774562,1.8057422543904522e-05,0.18057422543904522
1070,6.86104,283.116,11.6548,135000,2.1,0.000201,0.08,bf16,432.4,990.0,2.0375,2.1292,8.41,1.475,2.129149645875491,5.035412450915544e-05,0.5035412450915544
1071,6.86104,285.213,11.7411,136000,2.1,0.000201,0.083,bf16,435.6,990.0,2.0126,2.1286,8.4,0.936,2.1286226240335773,-2.26240335772232e-05,-0.22624033577223202
1072,6.86104,287.31,11.8275,137000,2.1,0.000201,0.069,fp16,438.8,990.0,1.966,2.1281,8.4,0.943,2.128100538371133,-5.383711330075869e-07,-0.005383711330075869
1073,6.86104,289.407,11.9138,138000,2.1,0.000201,0.056,fp16,442.0,990.0,1.981,2.1276,8.39,0.981,2.127583307130007,1.6692869992951387e-05,0.16692869992951387
1074,6.86104,291.504,12.0001,139000,2.1,0.000201,0.07,fp16,445.2,990.0,2.0309,2.127,8.39,0.926,2.1270708504861333,-7.085048613353351e-05,-0.7085048613353351
1075,6.86104,293.601,12.0864,140000,2.1,0.000201,0.044,bf16,448.4,990.0,1.9669,2.1266,8.39,0.799,2.12656309049025,3.690950974988283e-05,0.3690950974988283
1076,6.86104,295.698,12.1728,141000,2.1,0.000201,0.027,bf16,451.6,990.0,2.066,2.126,8.38,0.896,2.1260599510108538,-5.9951010853875886e-05,-0.5995101085387589
1077,6.86104,297.796,12.2591,142000,2.1,0.000201,0.023,bf16,454.8,990.0,1.9604,2.1255,8.38,0.984,2.1255611209870713,-6.112098707111713e-05,-0.6112098707111713
1078,6.86104,299.893,12.3455,143000,2.1,0.000201,0.051,bf16,458.0,990.0,2.0641,2.125,8.37,0.826,2.1250670032607952,-6.700326079522867e-05,-0.6700326079522867
1086,11.965825,0.134,0.0096,64,2.09,0.00019,0.098,bf16,0.4,1307.4,3.921,4.0188,55.64,1.743,4.018901235582796,-0.00010123558279673261,-1.0123558279673261
1087,11.965825,0.268,0.0192,128,2.09,0.00019,0.018,bf16,0.7,1307.4,3.3836,3.6351,37.91,0.893,3.6350328463064017,6.71536935983319e-05,0.671536935983319
1088,11.965825,0.537,0.0386,256,2.1,0.00019,0.03,bf16,1.4,1307.4,3.0925,3.3185,27.62,0.928,3.318085359686477,0.00041464031352278496,4.14640313522785
1089,11.965825,1.074,0.0771,512,2.1,0.00019,0.086,bf16,2.9,1307.4,2.9044,3.058,21.28,0.871,3.0577984264241262,0.0002015735758735815,2.015735758735815
1090,11.965825,2.097,0.1506,1000,2.1,0.00019,0.082,bf16,5.6,1307.4,2.6633,2.8502,17.29,0.719,2.8501676351191554,3.236488084468192e-05,0.3236488084468192
1091,11.965825,4.194,0.3011,2000,2.1,0.00019,0.042,bf16,11.2,1307.4,2.6123,2.6724,14.47,6.704,2.67239303596004,6.964039960255519e-06,0.06964039960255519
1092,11.965825,6.291,0.4517,3000,2.1,0.00019,0.037,fp16,16.8,1307.4,2.4902,2.5833,13.24,0.647,2.5833126621065317,-1.2662106531724504e-05,-0.12662106531724504
1093,11.965825,8.389,0.6023,4000,2.1,0.00019,0.03,bf16,22.3,1307.4,2.4543,2.5261,12.5,1.589,2.525944285327471,0.00015571467252906146,1.5571467252906146
1094,11.965825,10.486,0.7528,5000,2.1,0.00019,0.074,fp16,27.9,1307.4,2.4169,2.4845,12.0,1.267,2.484542427319591,-4.242731959092083e-05,-0.4242731959092083
1095,11.965825,12.583,0.9034,6000,2.1,0.00019,0.07,fp16,33.5,1307.4,2.3097,2.4527,11.62,1.05,2.4525815297140023,0.00011847028599776266,1.1847028599776266
1096,11.965825,14.68,1.0539,7000,2.1,0.00019,0.059,bf16,39.1,1307.4,2.3773,2.4268,11.32,0.605,2.4268022089533114,-2.208953311377826e-06,-0.02208953311377826
1097,11.965825,16.777,1.2045,8000,2.1,0.00019,0.094,bf16,44.7,1307.4,2.2387,2.4053,11.08,0.666,2.405352436573224,-5.243657322395734e-05,-0.5243657322395734
1098,11.965825,18.874,1.3551,9000,2.1,0.00019,0.086,fp16,50.3,1307.4,2.2858,2.3868,10.88,1.316,2.3870862847398646,-0.000286284739864584,-2.8628473986458403
1099,11.965825,20.972,1.5057,10000,2.1,0.00019,0.089,bf16,55.9,1307.4,2.242,2.3713,10.71,1.1,2.3712419605101713,5.8039489828853874e-05,0.5803948982885387
1100,11.965825,23.069,1.6562,11000,2.1,0.00019,0.047,bf16,61.4,1307.4,2.2526,2.3573,10.56,0.94,2.3573129488368436,-1.2948836843662548e-05,-0.12948836843662548
1101,11.965825,25.166,1.8068,12000,2.1,0.00019,0.09,bf16,67.0,1307.4,2.1969,2.345,10.43,1.112,2.344917028637469,8.297136253121451e-05,0.8297136253121451
1102,11.965825,27.263,1.9573,13000,2.1,0.00019,0.036,bf16,72.6,1307.4,2.233,2.3334,10.31,0.566,2.3337773187322743,-0.0003773187322742011,-3.773187322742011
1103,11.965825,29.36,2.1079,14000,2.1,0.00019,0.085,bf16,78.2,1307.4,2.1469,2.3239,10.22,0.721,2.323683618014137,0.00021638198586293456,2.1638198586293456
1104,11.965825,31.457,2.2585,15000,2.1,0.00019,0.053,bf16,83.8,1307.4,2.1602,2.3144,10.12,0.932,2.314472879077432,-7.287907743203093e-05,-0.7287907743203093
1105,11.965825,33.554,2.409,16000,2.1,0.00019,0.05,bf16,89.4,1307.4,2.1631,2.3061,10.04,1.305,2.306016285777134,8.371422286579389e-05,0.8371422286579389
1106,11.965825,35.652,2.5596,17000,2.1,0.00019,0.081,fp16,95.0,1307.4,2.1218,2.2981,9.96,1.292,2.298206856408795,-0.0001068564087951529,-1.068564087951529
1107,11.965825,37.749,2.7102,18000,2.1,0.00019,0.097,fp16,100.5,1307.4,2.1611,2.291,9.88,0.701,2.290967847753282,3.2152246717931376e-05,0.32152246717931376
1108,11.965825,39.846,2.8607,19000,2.1,0.00019,0.082,fp16,106.1,1307.4,2.2232,2.2841,9.82,0.808,2.284226057470631,-0.00012605747063076933,-1.2605747063076933
1109,11.965825,41.943,3.0113,20000,2.1,0.00019,0.07,bf16,111.7,1307.4,2.1862,2.2778,9.76,1.696,2.2779237394418885,-0.00012373944188848185,-1.2373944188848185
1110,11.965825,44.04,3.1618,21000,2.1,0.00019,0.072,bf16,117.3,1307.4,2.2194,2.2722,9.7,0.792,2.2720123293398378,0.00018767066016245337,1.8767066016245337
1111,11.965825,46.137,3.3124,22000,2.1,0.00019,0.041,fp16,122.9,1307.4,2.1096,2.2664,9.64,1.503,2.266450627432571,-5.062743257111535e-05,-0.5062743257111535
1112,11.965825,48.234,3.463,23000,2.1,0.00019,0.088,bf16,128.5,1307.4,2.1725,2.2612,9.59,0.97,2.261203405505404,-3.40550540389728e-06,-0.0340550540389728
1113,11.965825,50.332,3.6136,24000,2.1,0.00019,0.093,fp16,134.1,1307.4,2.1608,2.2563,9.55,1.238,2.2562380218422216,6.197815777841953e-05,0.6197815777841953
1114,11.965825,52.429,3.7641,25000,2.1,0.00019,0.066,fp16,139.6,1307.4,2.1423,2.2516,9.5,0.712,2.251532901878698,6.70981213017896e-05,0.670981213017896
1115,11.965825,54.526,3.9147,26000,2.1,0.00019,0.053,bf16,145.2,1307.4,2.099,2.2471,9.46,0.769,2.247062681776533,3.731822346697555e-05,0.37318223466975553
1116,11.965825,56.623,4.0652,27000,2.1,0.00019,0.088,fp16,150.8,1307.4,2.1763,2.2428,9.42,0.725,2.242807254130191,-7.254130191203245e-06,-0.07254130191203245
1117,11.965825,58.72,4.2158,28000,2.1,0.00019,0.022,fp16,156.4,1307.4,2.1509,2.239,9.38,8.781,2.238748898258077,0.0002511017419228878,2.511017419228878
1118,11.965825,60.817,4.3664,29000,2.1,0.00019,0.096,fp16,162.0,1307.4,2.113,2.2349,9.35,0.667,2.234871923411137,2.807658886316844e-05,0.2807658886316844
1119,11.965825,62.915,4.517,30000,2.1,0.00019,0.025,fp16,167.6,1307.4,2.1149,2.2312,9.31,1.134,2.231160644488928,3.9355511071814675e-05,0.39355511071814675
1120,11.965825,65.012,4.6675,31000,2.1,0.00019,0.016,bf16,173.1,1307.4,2.0672,2.2277,9.28,0.877,2.227606134816029,9.386518397080934e-05,0.9386518397080934
1121,11.965825,67.109,4.8181,32000,2.1,0.00019,0.068,fp16,178.7,1307.4,2.1499,2.2243,9.25,0.631,2.2241954190708757,0.00010458092912424277,1.0458092912424277
1122,11.965825,69.206,4.9686,33000,2.1,0.00019,0.038,fp16,184.3,1307.4,2.1016,2.221,9.22,0.536,2.2209184521524477,8.154784755243227e-05,0.8154784755243227
1123,11.965825,71.303,5.1192,34000,2.1,0.00019,0.061,bf16,189.9,1307.4,2.111,2.2178,9.19,1.328,2.2177661685168593,3.383148314073381e-05,0.3383148314073381
1124,11.965825,73.4,5.2697,35000,2.1,0.00019,0.05,fp16,195.5,1307.4,2.0881,2.2146,9.16,1.434,2.214730361124065,-0.00013036112406528133,-1.3036112406528133
1125,11.965825,75.497,5.4203,36000,2.1,0.00019,0.049,fp16,201.1,1307.4,2.0386,2.2119,9.13,1.083,2.2118035783225674,9.64216774326232e-05,0.964216774326232
1126,11.965825,77.595,5.5709,37000,2.1,0.00019,0.024,fp16,206.7,1307.4,2.0664,2.2089,9.11,1.171,2.208977712034494,-7.771203449413733e-05,-0.7771203449413733
1127,11.965825,79.692,5.7215,38000,2.1,0.00019,0.066,fp16,212.2,1307.4,2.037,2.2063,9.08,1.481,2.2062492605448605,5.073945513967004e-05,0.5073945513967004
1128,11.965825,81.789,5.872,39000,2.1,0.00019,0.088,bf16,217.8,1307.4,2.102,2.2035,9.06,0.985,2.203611185808457,-0.00011118580845703718,-1.1118580845703718
1129,11.965825,83.886,6.0226,40000,2.1,0.00019,0.041,bf16,223.4,1307.4,2.1565,2.201,9.03,1.613,2.2010582895404127,-5.828954041264822e-05,-0.5828954041264822
1130,11.965825,85.983,6.1731,41000,2.1,0.00019,0.096,bf16,229.0,1307.4,2.1188,2.1986,9.01,0.729,2.1985857930260098,1.420697399012738e-05,0.1420697399012738
1131,11.965825,88.08,6.3237,42000,2.1,0.00019,0.054,bf16,234.6,1307.4,2.0527,2.1962,8.99,0.777,2.196189293990648,1.0706009351935108e-05,0.10706009351935108
1132,11.965825,90.178,6.4743,43000,2.1,0.00019,0.045,bf16,240.2,1307.4,2.0793,2.1939,8.97,1.364,2.193863636842355,3.636315764499187e-05,0.3636315764499187
1133,11.965825,92.275,6.6249,44000,2.1,0.00019,0.038,bf16,245.8,1307.4,2.0789,2.1917,8.95,0.526,2.1916072789906553,9.272100934465399e-05,0.9272100934465399
1134,11.965825,94.372,6.7754,45000,2.1,0.00019,0.088,bf16,251.3,1307.4,2.0227,2.1894,8.93,0.741,2.1894156131692406,-1.5613169240591418e-05,-0.15613169240591418
1135,11.965825,96.469,6.926,46000,2.1,0.00019,0.043,bf16,256.9,1307.4,2.026,2.1873,8.91,1.15,2.1872854077030017,1.4592296998294785e-05,0.14592296998294785
1136,11.965825,98.566,7.0765,47000,2.1,0.00019,0.051,bf16,262.5,1307.4,2.092,2.1853,8.89,1.153,2.185213658190703,8.634180929689705e-05,0.8634180929689705
1137,11.965825,100.663,7.2271,48000,2.1,0.00019,0.035,fp16,268.1,1307.4,2.0813,2.1833,8.88,0.98,2.1831975670855925,0.00010243291440747981,1.0243291440747981
1138,11.965825,102.76,7.3776,49000,2.1,0.00019,0.068,bf16,273.7,1307.4,2.0324,2.1811,8.86,0.889,2.1812345254927585,-0.00013452549275871917,-1.3452549275871917
1139,11.965825,104.858,7.5283,50000,2.1,0.00019,0.057,bf16,279.3,1307.4,2.0884,2.1794,8.84,0.958,2.1793211966249415,7.880337505827839e-05,0.7880337505827839
1140,11.965825,106.955,7.6788,51000,2.1,0.00019,0.068,bf16,284.9,1307.4,2.1066,2.1775,8.82,0.85,2.177457124872813,4.28751271872585e-05,0.428751271872585
1141,11.965825,109.052,7.8294,52000,2.1,0.00019,0.033,bf16,290.4,1307.4,2.0228,2.1756,8.81,7.928,2.1756392524850217,-3.925248502145706e-05,-0.3925248502145706
1142,11.965825,111.149,7.9799,53000,2.1,0.00019,0.065,bf16,296.0,1307.4,2.1058,2.174,8.79,1.313,2.1738655785296257,0.00013442147037423524,1.3442147037423524
1143,11.965825,113.246,8.1305,54000,2.1,0.00019,0.07,bf16,301.6,1307.4,2.0157,2.1721,8.78,0.949,2.1721342244266237,-3.422442662381897e-05,-0.3422442662381897
1144,11.965825,115.343,8.281,55000,2.1,0.00019,0.016,bf16,307.2,1307.4,2.1029,2.1704,8.76,1.097,2.1704434243638917,-4.3424363891819695e-05,-0.43424363891819695
1145,11.965825,117.441,8.4317,56000,2.1,0.00019,0.011,fp16,312.8,1307.4,2.1047,2.1688,8.75,0.985,2.1687907378996227,9.262100377327442e-06,0.09262100377327442
1146,11.965825,119.538,8.5822,57000,2.1,0.00019,0.054,fp16,318.4,1307.4,2.0426,2.1672,8.73,0.743,2.167176174429619,2.382557038060895e-05,0.2382557038060895
1147,11.965825,121.635,8.7328,58000,2.1,0.00019,0.025,bf16,324.0,1307.4,2.0449,2.1655,8.72,0.619,2.1655974606967168,-9.746069671656699e-05,-0.9746069671656699
1148,11.965825,123.732,8.8833,59000,2.1,0.00019,0.096,fp16,329.5,1307.4,2.1002,2.1639,8.71,1.113,2.1640532029098827,-0.00015320290988274365,-1.5320290988274365
1149,11.965825,125.829,9.0339,60000,2.1,0.00019,0.065,bf16,335.1,1307.4,2.06,2.1627,8.69,0.845,2.162542083929323,0.00015791607067727753,1.5791607067727753
1150,11.965825,127.926,9.1844,61000,2.1,0.00019,0.037,fp16,340.7,1307.4,2.1148,2.161,8.68,1.075,2.161062857856451,-6.285785645099295e-05,-0.6285785645099295
1151,11.965825,130.023,9.335,62000,2.1,0.00019,0.075,bf16,346.3,1307.4,2.0176,2.1595,8.67,0.89,2.1596143450872765,-0.00011434508727647952,-1.1434508727647952
1152,11.965825,132.121,9.4856,63000,2.1,0.00019,0.067,fp16,351.9,1307.4,2.0948,2.158,8.65,1.268,2.1581947580303527,-0.00019475803035273742,-1.9475803035273742
1153,11.965825,134.218,9.6362,64000,2.1,0.00019,0.072,bf16,357.5,1307.4,2.0688,2.1568,8.64,1.303,2.1568043893259734,-4.389325973352953e-06,-0.04389325973352953
1154,11.965825,136.315,9.7867,65000,2.1,0.00019,0.032,bf16,363.1,1307.4,2.1023,2.1553,8.63,0.975,2.155441548959259,-0.00014154895925910793,-1.4154895925910793
1155,11.965825,138.412,9.9373,66000,2.1,0.00019,0.088,bf16,368.6,1307.4,2.0035,2.1542,8.62,1.086,2.1541052808108976,9.471918910231025e-05,0.9471918910231025
1156,11.965825,140.509,10.0878,67000,2.1,0.00019,0.017,bf16,374.2,1307.4,2.051,2.1529,8.61,1.009,2.1527946758191874,0.00010532418081243833,1.0532418081243833
1157,11.965825,142.606,10.2384,68000,2.1,0.00019,0.032,bf16,379.8,1307.4,2.0901,2.1515,8.6,1.064,2.1515088690024946,-8.869002494638067e-06,-0.08869002494638067
1158,11.965825,144.703,10.3889,69000,2.1,0.00019,0.097,fp16,385.4,1307.4,1.9966,2.1504,8.59,1.213,2.1502470367107427,0.00015296328925717972,1.5296328925717972
1159,11.965825,146.801,10.5396,70000,2.1,0.00019,0.059,bf16,391.0,1307.4,2.1049,2.1491,8.58,0.91,2.149007808823092,9.219117690761891e-05,0.9219117690761891
1160,11.965825,148.898,10.6901,71000,2.1,0.00019,0.072,bf16,396.6,1307.4,2.0581,2.1478,8.57,1.598,2.1477916179750847,8.382024915487563e-06,0.08382024915487563
1161,11.965825,150.995,10.8407,72000,2.1,0.00019,0.084,bf16,402.2,1307.4,1.9947,2.1464,8.55,1.623,2.146597153889883,-0.0001971538898830616,-1.971538898830616
1162,11.965825,153.092,10.9912,73000,2.1,0.00019,0.039,bf16,407.7,1307.4,2.0732,2.1456,8.55,1.223,2.1454237346744085,0.00017626532559145147,1.7626532559145147
1163,11.965825,155.189,11.1418,74000,2.1,0.00019,0.049,bf16,413.3,1307.4,2.0445,2.1442,8.53,1.449,2.144270708805995,-7.070880599480134e-05,-0.7070880599480134
1164,11.965825,157.286,11.2923,75000,2.1,0.00019,0.08,bf16,418.9,1307.4,2.0562,2.143,8.53,1.301,2.143137453390958,-0.00013745339095816433,-1.3745339095816433
1165,11.965825,159.384,11.443,76000,2.1,0.00019,0.056,bf16,424.5,1307.4,1.9772,2.1421,8.52,0.988,2.142022845753447,7.715424655296843e-05,0.7715424655296843
1166,11.965825,161.481,11.5935,77000,2.1,0.00019,0.033,bf16,430.1,1307.4,2.0272,2.1411,8.51,1.265,2.1409273778319067,0.00017262216809310615,1.7262216809310615
1167,11.965825,163.578,11.7441,78000,2.1,0.00019,0.061,bf16,435.7,1307.4,1.9742,2.1399,8.5,0.569,2.1398499675518416,5.003244815826591e-05,0.5003244815826591
1168,11.965825,165.675,11.8946,79000,2.1,0.00019,0.023,bf16,441.2,1307.4,1.9941,2.1388,8.49,1.153,2.1387900914190046,9.908580995254823e-06,0.09908580995254823
1169,11.965825,167.772,12.0452,80000,2.1,0.00019,0.04,bf16,446.8,1307.4,2.0625,2.1378,8.48,0.858,2.137747247497991,5.275250200886816e-05,0.5275250200886816
1170,11.965825,169.869,12.1957,81000,2.1,0.00019,0.051,bf16,452.4,1307.4,1.9908,2.1368,8.47,0.819,2.1367209542680503,7.904573194972286e-05,0.7904573194972286
1171,11.965825,171.966,12.3463,82000,2.1,0.00019,0.04,bf16,458.0,1307.4,2.0799,2.1358,8.46,0.643,2.1357107495528966,8.925044710350605e-05,0.8925044710350605
1172,11.965825,174.064,12.4969,83000,2.1,0.00019,0.062,bf16,463.6,1307.4,1.9889,2.1347,8.45,0.606,2.1347157189048613,-1.5718904861294902e-05,-0.15718904861294902
1173,11.965825,176.161,12.6475,84000,2.1,0.00019,0.035,bf16,469.2,1307.4,2.0641,2.1337,8.45,0.978,2.133736384280516,-3.6384280515999734e-05,-0.36384280515999734
1174,11.965825,178.258,12.798,85000,2.1,0.00019,0.018,fp16,474.8,1307.4,2.03,2.1328,8.44,1.583,2.1327718578105435,2.814218945657032e-05,0.2814218945657032
1175,11.965825,180.355,12.9486,86000,2.1,0.00019,0.081,bf16,480.3,1307.4,2.0657,2.1318,8.43,1.556,2.13182174529497,-2.174529497001032e-05,-0.2174529497001032
1176,11.965825,182.452,13.0991,87000,2.1,0.00019,0.073,fp16,485.9,1307.4,1.9948,2.1309,8.42,0.877,2.1308856674562753,1.433254372473769e-05,0.1433254372473769
1177,11.965825,184.549,13.2497,88000,2.1,0.00019,0.064,bf16,491.5,1307.4,2.0193,2.1298,8.41,25.788,2.1299632592106783,-0.00016325921067839033,-1.6325921067839033
1178,11.965825,186.647,13.4003,89000,2.1,0.00019,0.071,fp16,497.1,1307.4,1.9861,2.129,8.41,0.499,2.1290537385860375,-5.3738586037521685e-05,-0.5373858603752169
1179,11.965825,188.744,13.5509,90000,2.1,0.00019,0.085,bf16,502.7,1307.4,2.0264,2.1281,8.4,1.212,2.1281576337747072,-5.76337747073552e-05,-0.576337747073552
1180,11.965825,190.841,13.7014,91000,2.1,0.00019,0.083,fp16,508.3,1307.4,1.977,2.1272,8.39,0.796,2.1272741816606575,-7.418166065731313e-05,-0.7418166065731313
1181,11.965825,192.938,13.852,92000,2.1,0.00019,0.078,fp16,513.9,1307.4,2.0761,2.1264,8.38,1.663,2.1264030674773013,-3.067477301499366e-06,-0.03067477301499366
1182,11.965825,195.035,14.0025,93000,2.1,0.00019,0.092,bf16,519.4,1307.4,1.9983,2.1256,8.38,0.941,2.1255439876017657,5.6012398234273064e-05,0.5601239823427306
1183,11.965825,197.132,14.1531,94000,2.1,0.00019,0.092,bf16,525.0,1307.4,2.0353,2.1248,8.37,1.037,2.124696649045579,0.0001033509544208222,1.033509544208222
1184,11.965825,199.229,14.3036,95000,2.1,0.00019,0.067,bf16,530.6,1307.4,1.9707,2.1238,8.36,1.038,2.1238607689737723,-6.076897377216284e-05,-0.6076897377216284
1185,11.965825,201.327,14.4543,96000,2.1,0.00019,0.083,bf16,536.2,1307.4,1.9939,2.123,8.36,0.956,2.123035683602859,-3.568360285877148e-05,-0.3568360285877148
1186,11.965825,203.424,14.6048,97000,2.1,0.00019,0.07,bf16,541.8,1307.4,2.0784,2.1223,8.35,1.035,2.122221915508592,7.808449140789264e-05,0.7808449140789264
1187,11.965825,205.521,14.7554,98000,2.1,0.00019,0.098,bf16,547.4,1307.4,2.053,2.1214,8.34,0.82,2.1214188137742416,-1.8813774241621672e-05,-0.18813774241621672
1188,11.965825,207.618,14.9059,99000,2.1,0.00019,0.07,bf16,553.0,1307.4,1.9942,2.1206,8.34,1.609,2.120626131879633,-2.6131879633073396e-05,-0.26131879633073396
1189,11.965825,209.715,15.0565,100000,2.1,0.00019,0.06,fp16,558.5,1307.4,1.9603,2.1199,8.33,0.999,2.1198436314190032,5.636858099666853e-05,0.5636858099666853
1190,11.965825,211.812,15.207,101000,2.1,0.00019,0.018,bf16,564.1,1307.4,2.0504,2.119,8.32,6.326,2.119071081755933,-7.108175593284471e-05,-0.7108175593284471
1191,11.965825,213.91,15.3577,102000,2.1,0.00019,0.045,bf16,569.7,1307.4,1.9605,2.1183,8.32,1.409,2.1183078982138097,-7.89821380964284e-06,-0.0789821380964284
1192,11.965825,216.007,15.5082,103000,2.1,0.00019,0.054,bf16,575.3,1307.4,2.0464,2.1175,8.31,1.079,2.1175545921804506,-5.459218045045233e-05,-0.5459218045045233
1193,11.965825,218.104,15.6588,104000,2.1,0.00019,0.062,bf16,580.9,1307.4,1.9809,2.1168,8.3,1.232,2.116810588364993,-1.058836499279181e-05,-0.1058836499279181
1194,11.965825,220.201,15.8093,105000,2.1,0.00019,0.061,fp16,586.5,1307.4,1.9763,2.1161,8.3,0.88,2.116075684103306,2.43158966939383e-05,0.243158966939383
1195,11.965825,222.298,15.9599,106000,2.1,0.00019,0.014,bf16,592.1,1307.4,1.9622,2.1152,8.29,1.232,2.1153496830232097,-0.00014968302320950144,-1.4968302320950144
1196,11.965825,224.395,16.1104,107000,2.1,0.00019,0.017,bf16,597.6,1307.4,1.9777,2.1147,8.29,1.266,2.114632394791964,6.760520803616998e-05,0.6760520803616998
1197,11.965825,226.492,16.261,108000,2.1,0.00019,0.052,bf16,603.2,1307.4,2.0166,2.1139,8.28,0.839,2.113923634876143,-2.3634876142875072e-05,-0.23634876142875072
1198,11.965825,228.59,16.4116,109000,2.1,0.00019,0.012,bf16,608.8,1307.4,2.0296,2.1133,8.28,1.105,2.1132228922711036,7.710772889657491e-05,0.7710772889657491
1199,11.965825,230.687,16.5622,110000,2.1,0.00019,0.039,bf16,614.4,1307.4,1.968,2.1125,8.27,1.44,2.112530661310043,-3.066131004336725e-05,-0.3066131004336725
1200,11.965825,232.784,16.7127,111000,2.1,0.00019,0.018,bf16,620.0,1307.4,2.0283,2.1119,8.26,1.017,2.111846437550725,5.356244927501308e-05,0.5356244927501308
1201,11.965825,234.881,16.8633,112000,2.1,0.00019,0.035,bf16,625.6,1307.4,2.0311,2.1112,8.26,1.139,2.1111700574816843,2.9942518315895228e-05,0.2994251831589523
1202,11.965825,236.978,17.0138,113000,2.1,0.00019,0.018,bf16,631.2,1307.4,1.9653,2.1105,8.25,1.049,2.110501362352381,-1.3623523811290283e-06,-0.013623523811290283
1203,11.965825,239.075,17.1644,114000,2.1,0.00019,0.097,bf16,636.7,1307.4,1.9508,2.1099,8.25,0.952,2.1098401979939028,5.980200609734254e-05,0.5980200609734254
1204,11.965825,241.172,17.3149,115000,2.1,0.00019,0.053,bf16,642.3,1307.4,1.9787,2.1092,8.24,0.563,2.109186414647923,1.3585352077072343e-05,0.13585352077072343
1205,11.965825,243.27,17.4656,116000,2.1,0.00019,0.064,fp16,647.9,1307.4,2.0343,2.1085,8.24,0.961,2.108539560186461,-3.956018646134041e-05,-0.3956018646134041
1206,11.965825,245.367,17.6161,117000,2.1,0.00019,0.018,fp16,653.5,1307.4,1.943,2.1079,8.23,12.792,2.107900109773956,-1.0977395614730767e-07,-0.0010977395614730767
1207,11.965825,247.464,17.7667,118000,2.1,0.00019,0.085,bf16,659.1,1307.4,2.0272,2.1072,8.23,0.941,2.107267615902106,-6.761590210579982e-05,-0.6761590210579982
1208,11.965825,249.561,17.9172,119000,2.1,0.00019,0.063,bf16,664.7,1307.4,1.985,2.1066,8.22,0.867,2.1066419448963534,-4.194489635356291e-05,-0.4194489635356291
1209,11.965825,251.658,18.0678,120000,2.1,0.00019,0.073,fp16,670.2,1307.4,1.9659,2.1059,8.21,0.749,2.1060229667465755,-0.00012296674657541473,-1.2296674657541473
1210,11.965825,253.755,18.2183,121000,2.1,0.00019,0.01,bf16,675.8,1307.4,1.9509,2.1055,8.21,0.977,2.10541055497709,8.944502291008405e-05,0.8944502291008405
1211,11.965825,255.853,18.369,122000,2.1,0.00019,0.08,fp16,681.4,1307.4,2.0267,2.1047,8.2,0.951,2.1048042990709512,-0.00010429907095144131,-1.042990709514413
1212,11.965825,257.95,18.5195,123000,2.1,0.00019,0.045,fp16,687.0,1307.4,1.9497,2.1042,8.2,0.905,2.1042046571438093,-4.657143809261299e-06,-0.04657143809261299
1213,11.965825,260.047,18.6701,124000,2.1,0.00019,0.06,bf16,692.6,1307.4,1.9878,2.1036,8.2,1.163,2.103611222104661,-1.1222104660646437e-05,-0.11222104660646437
1214,11.965825,262.144,18.8206,125000,2.1,0.00019,0.089,bf16,698.2,1307.4,2.0555,2.1031,8.19,1.956,2.103023880425687,7.61195743130827e-05,0.7611957431308269
1215,11.965825,264.241,18.9712,126000,2.1,0.00019,0.089,bf16,703.8,1307.4,2.0243,2.1024,8.19,1.169,2.10244252154259,-4.2521542590101546e-05,-0.42521542590101546
1216,11.965825,266.338,19.1217,127000,2.1,0.00019,0.074,bf16,709.3,1307.4,1.962,2.102,8.18,1.25,2.1018670377544444,0.00013296224555547909,1.3296224555547909
1217,11.965825,268.435,19.2723,128000,2.1,0.00019,0.028,fp16,714.9,1307.4,1.9959,2.1013,8.18,1.005,2.1012973241276933,2.675872306845406e-06,0.02675872306845406
1218,11.965825,270.533,19.4229,129000,2.1,0.00019,0.021,bf16,720.5,1307.4,1.964,2.1008,8.17,0.683,2.100733010762742,6.698923725778627e-05,0.6698923725778627
1219,11.965825,272.63,19.5735,130000,2.1,0.00019,0.088,fp16,726.1,1307.4,1.9955,2.1001,8.17,0.841,2.1001745359029442,-7.453590294437262e-05,-0.7453590294437262
1220,11.965825,274.727,19.724,131000,2.1,0.00019,0.056,bf16,731.7,1307.4,2.0463,2.0998,8.16,1.033,2.099621532060215,0.00017846793978515407,1.7846793978515407
1221,11.965825,276.824,19.8746,132000,2.1,0.00019,0.053,fp16,737.3,1307.4,2.0098,2.099,8.16,0.979,2.0990739044875384,-7.390448753819001e-05,-0.7390448753819001
1222,11.965825,278.921,20.0251,133000,2.1,0.00019,0.037,fp16,742.9,1307.4,1.9653,2.0986,8.15,1.07,2.0985315607806387,6.843921936106057e-05,0.6843921936106057
1223,11.965825,281.018,20.1757,134000,2.1,0.00019,0.068,bf16,748.4,1307.4,2.0509,2.098,8.15,1.395,2.097994410802957,5.589197042965566e-06,0.05589197042965566
1224,11.965825,283.116,20.3263,135000,2.1,0.00019,0.052,fp16,754.0,1307.4,1.9615,2.0975,8.15,0.599,2.0974621141009915,3.788589900866057e-05,0.37885899008660573
1225,11.965825,285.213,20.4769,136000,2.1,0.00019,0.058,fp16,759.6,1307.4,2.0197,2.0969,8.14,1.467,2.096935092259078,-3.509225907771807e-05,-0.3509225907771807
1226,11.965825,287.31,20.6274,137000,2.1,0.00019,0.046,fp16,765.2,1307.4,1.9651,2.0964,8.14,0.538,2.0964130065966335,-1.3006596633502454e-05,-0.13006596633502454
1227,11.965825,289.407,20.778,138000,2.1,0.00019,0.038,bf16,770.8,1307.4,1.979,2.0959,8.13,0.727,2.095895775355508,4.22464449201243e-06,0.042246444920124304
1228,11.965825,291.504,20.9285,139000,2.1,0.00019,0.068,bf16,776.4,1307.4,1.9794,2.0954,8.13,1.264,2.095383318711634,1.6681288366182656e-05,0.16681288366182656
1229,11.965825,293.601,21.0791,140000,2.1,0.00019,0.082,fp16,782.0,1307.4,2.0172,2.0949,8.12,0.992,2.0948755587157506,2.4441284249387962e-05,0.24441284249387962
1230,11.965825,295.698,21.2296,141000,2.1,0.00019,0.041,bf16,787.5,1307.4,1.9596,2.0945,8.12,1.319,2.0943724192363544,0.00012758076364560722,1.2758076364560722
1231,11.965825,297.796,21.3802,142000,2.1,0.00019,0.075,bf16,793.1,1307.4,1.9567,2.0938,8.12,1.13,2.093873589212572,-7.358921257205608e-05,-0.7358921257205608
1232,11.965825,299.893,21.5308,143000,2.1,0.00019,0.059,fp16,798.7,1307.4,1.9474,2.0933,8.11,0.884,2.093379471486296,-7.947148629572354e-05,-0.7947148629572354
