N_params_B,D_tokens_B,Q_A,s_Q,epsilon_N_total,epsilon_D_total,epsilon_Q_total
0.07,150.0,0.5389559587975633,0.5,0.0978536164334802,0.028116836105362506,0.03204912286737771
0.07113740650371515,150.0,0.5389559587975633,0.5,0.09747218181772625,0.02816113068335196,0.032099612274045765
0.07229329434392588,150.0,0.5389559587975633,0.5,0.09709163781524721,0.028205321837746565,0.032149983792787655
0.07346796381766552,150.0,0.5389559587975633,0.5,0.09671198700384794,0.028249409269195454,0.032200237082386736
0.07466172010139292,150.0,0.5389559587975633,0.5,0.09633323192248922,0.02829339268285859,0.032250371806768034
0.07587487333027698,150.0,0.5389559587975633,0.5,0.0959553750713324,0.02833727178840158,0.032300387634992385
0.07710773867876865,150.0,0.5389559587975633,0.5,0.09557841891178678,0.02838104629999014,0.03235028424125007
0.07836063644248291,150.0,0.5389559587975633,0.5,0.09520236586656021,0.028424715936284258,0.03240006130485421
0.07963389212141056,150.0,0.5389559587975633,0.5,0.09482721831971253,0.02846828042043196,0.032449718510233636
0.08092783650448258,150.0,0.5389559587975633,0.5,0.09445297861671183,0.028511739480062793,0.032499255546925454
0.08224280575550821,150.0,0.5389559587975633,0.5,0.09407964906449381,0.02855509284728093,0.03254867210956722
0.08357914150050955,150.0,0.5389559587975633,0.5,0.09370723193152382,0.028598340258657956,0.032597967897888644
0.08493719091647536,150.0,0.5389559587975633,0.5,0.09333572944786174,0.028641481455225347,0.03264714261670312
0.08631730682155667,150.0,0.5389559587975633,0.5,0.09296514380522984,0.028684516182466563,0.032696195975898644
0.08771984776672828,150.0,0.5389559587975633,0.5,0.0925954771570832,0.02872744419030893,0.03274512769042855
0.08914517812893936,150.0,0.5389559587975633,0.5,0.09222673161868304,0.028770265233115034,0.03279393748030175
0.09059366820577794,150.0,0.5389559587975633,0.5,0.09185890926717266,0.028812979069673984,0.032842625070572756
0.09206569431167314,150.0,0.5389559587975633,0.5,0.09149201214165627,0.028855585463192224,0.03289119019133119
0.0935616388756609,150.0,0.5389559587975633,0.5,0.09112604224328025,0.028898084181284103,0.032939632577691044
0.09508189054073839,150.0,0.5389559587975633,0.5,0.09076100153531708,0.028940474995962112,0.032987951969779564
0.09662684426483215,150.0,0.5389559587975633,0.5,0.09039689194325215,0.02898275768362681,0.03303614811272576
0.09819690142340773,150.0,0.5389559587975633,0.5,0.09003371535487285,0.029024932025056505,0.033084220756648644
0.09979246991374564,150.0,0.5389559587975633,0.5,0.0896714736203604,0.02906699780539656,0.03313216965664502
0.10141396426091268,150.0,0.5389559587975633,0.5,0.08931016855238402,0.029108954814148456,0.03317999457277705
0.10306180572545404,150.0,0.5389559587975633,0.5,0.0889498019261979,0.02915080284515856,0.03322769527005945
0.10473642241283626,150.0,0.5389559587975633,0.5,0.08859037547974033,0.029192541696606584,0.033275271518446295
0.1064382493846679,150.0,0.5389559587975633,0.5,0.0882318909137354,0.029234171170993785,0.03332272309281761
0.1081677287717275,150.0,0.5389559587975633,0.5,0.08787434989179722,0.029275691075130877,0.033370049772965586
0.10992530988882832,150.0,0.5389559587975633,0.5,0.08751775404053624,0.02931710122012565,0.03341725134358043
0.11171144935154909,150.0,0.5389559587975633,0.5,0.08716210494966829,0.02935840142137034,0.03346432759423604
0.11352661119486189,150.0,0.5389559587975633,0.5,0.08680740417212561,0.02939959149852873,0.033511278319375205
0.11537126699368723,150.0,0.5389559587975633,0.5,0.08645365322417031,0.029440671275522953,0.03355810331829467
0.11724589598540829,150.0,0.5389559587975633,0.5,0.0861008535855102,0.02948164058052007,0.033604802395129744
0.11915098519437557,150.0,0.5389559587975633,0.5,0.08574900669941667,0.029522499245918366,0.033651375358838755
0.12108702955843481,150.0,0.5389559587975633,0.5,0.08539811397284479,0.02956324710833339,0.03369782202318706
0.12305453205751066,150.0,0.5389559587975633,0.5,0.08504817677655574,0.029603884008583773,0.03374414220673095
0.1250540038442797,150.0,0.5389559587975633,0.5,0.08469919644524126,0.029644409791676745,0.03379033573280111
0.12708596437696687,150.0,0.5389559587975633,0.5,0.08435117427765018,0.02968482430679345,0.033836402429485865
0.12915094155429926,150.0,0.5389559587975633,0.5,0.08400411153671712,0.029725127407274014,0.0338823421296142
0.13124947185265348,150.0,0.5389559587975633,0.5,0.08365800944969318,0.02976531895060233,0.03392815467073838
0.13338210046543034,150.0,0.5389559587975633,0.5,0.08331286920827875,0.029805398798390698,0.03397383989511646
0.13554938144469558,150.0,0.5389559587975633,0.5,0.08296869196875807,0.02984536681636413,0.03401939764969439
0.1377518778451207,150.0,0.5389559587975633,0.5,0.08262547885213616,0.029885222874344513,0.03406482778608797
0.13999016187026372,150.0,0.5389559587975633,0.5,0.08228323094427716,0.02992496684623449,0.034110130160564474
0.14226481502122615,150.0,0.5389559587975633,0.5,0.08194194929604505,0.02996459861000115,0.03415530463402403
0.14457642824772576,150.0,0.5389559587975633,0.5,0.08160163492344592,0.0300041180476595,0.03420035107198085
0.14692560210162386,150.0,0.5389559587975633,0.5,0.08126228880777221,0.030043525045255714,0.03424526934454405
0.14931294689294736,150.0,0.5389559587975633,0.5,0.08092391189574874,0.030082819492850167,0.03429005932639838
0.15173908284844612,150.0,0.5389559587975633,0.5,0.08058650509968049,0.0301220012845003,0.03433472089678466
0.15420464027272593,150.0,0.5389559587975633,0.5,0.08025006929760216,0.0301610703182432,0.03437925393947993
0.15671025971200095,150.0,0.5389559587975633,0.5,0.0799146053334294,0.030200026496078117,0.03442365834277752
0.15925659212050547,150.0,0.5389559587975633,0.5,0.07958011401711178,0.030238869723948614,0.034467933999466696
0.16184429902961076,150.0,0.5389559587975633,0.5,0.07924659612478738,0.030277599911724684,0.03451208080681232
0.16447405271968923,150.0,0.5389559587975633,0.5,0.07891405239893898,0.030316216973184568,0.03455609866653405
0.1671465363947715,150.0,0.5389559587975633,0.5,0.07858248354855185,0.030354720825996447,0.03459998748478555
0.1698624443600411,150.0,0.5389559587975633,0.5,0.07825189024927323,0.030393111391699944,0.03464374717213333
0.17262248220221332,150.0,0.5389559587975633,0.5,0.07792227314357311,0.030431388595687402,0.03468737764353547
0.17542736697284544,150.0,0.5389559587975633,0.5,0.07759363284090667,0.030469552367185074,0.034730878818320154
0.1782778273746245,150.0,0.5389559587975633,0.5,0.07726596991787822,0.03050760263923406,0.034774250620163906
0.18117460395068308,150.0,0.5389559587975633,0.5,0.07693928491840642,0.03054553934867111,0.03481749297706978
0.18411844927699048,150.0,0.5389559587975633,0.5,0.07661357835389103,0.030583362436109277,0.034860605821345245
0.18711012815787037,150.0,0.5389559587975633,0.5,0.0762888507033811,0.03062107184591838,0.03490358908957996
0.19015041782469516,150.0,0.5389559587975633,0.5,0.07596510241374434,0.030658667526205354,0.03494644272262333
0.19324010813780876,150.0,0.5389559587975633,0.5,0.07564233389983788,0.030696149428794374,0.0349891666655619
0.19638000179173107,150.0,0.5389559587975633,0.5,0.07532054554468046,0.03073351750920691,0.035031760867696576
0.19957091452369533,150.0,0.5389559587975633,0.5,0.07499973769962565,0.030770771726641586,0.0350742252825197
0.20281367532557576,150.0,0.5389559587975633,0.5,0.07467991068453643,0.03080791204395391,0.03511655986769193
0.20610912665925685,150.0,0.5389559587975633,0.5,0.07436106478796103,0.030844938427635846,0.03515876458501895
0.20945812467550373,150.0,0.5389559587975633,0.5,0.07404320026730976,0.03088185084779529,0.035200839400428105
0.2128615394363879,150.0,0.5389559587975633,0.5,0.0737263173490332,0.030918649278135403,0.03524278428394478
0.21632025514132733,150.0,0.5389559587975633,0.5,0.07341041622880133,0.030955333695933746,0.03528459920966869
0.21983517035679967,150.0,0.5389559587975633,0.5,0.07309549707168381,0.030991904082021397,0.03532628415575006
0.22340719824978741,150.0,0.5389559587975633,0.5,0.07278156001233133,0.03102836042076187,0.035367839104365535
0.2270372668250172,150.0,0.5389559587975633,0.5,0.072468605155158,0.031064702700029947,0.03540926404169414
0.23072631916605266,150.0,0.5389559587975633,0.5,0.07215663257452476,0.031100930911190375,0.03545055895789292
0.23447531368030577,150.0,0.5389559587975633,0.5,0.07184564231492359,0.031137045049076467,0.03549172384707261
0.23828522434802898,150.0,0.5389559587975633,0.5,0.07153563439116283,0.031173045111968577,0.035532758707273064
0.24215704097535276,150.0,0.5389559587975633,0.5,0.07122660878855346,0.0312089311015725,0.03557366354043863
0.24609176945143527,150.0,0.5389559587975633,0.5,0.07091856546309606,0.0312447030229977,0.03561443835239337
0.2500904320097899,150.0,0.5389559587975633,0.5,0.0706115043416689,0.031280360884735556,0.03565508315281623
0.2541540674938593,150.0,0.5389559587975633,0.5,0.07030542532221648,0.031315904698637376,0.035695597955215964
0.2582837316269046,150.0,0.5389559587975633,0.5,0.0700003282739393,0.031351334479892426,0.03573598277690616
0.2624804972862797,150.0,0.5389559587975633,0.5,0.06969621303748416,0.0313866502470058,0.03577623763897993
0.26674545478216244,150.0,0.5389559587975633,0.5,0.06939307942513512,0.031421852021776234,0.03581636256628469
0.271079712140815,150.0,0.5389559587975633,0.5,0.06909092722100552,0.03145693982927386,0.03585635758739675
0.27548439539244624,150.0,0.5389559587975633,0.5,0.06878975618123029,0.031491913697817814,0.03589622273459582
0.27996064886375194,150.0,0.5389559587975633,0.5,0.06848956603415927,0.0315267736589538,0.035935958043839464
0.2845096354752082,150.0,0.5389559587975633,0.5,0.06819035648055094,0.031561519747431634,0.03597556355473741
0.2891325370431956,150.0,0.5389559587975633,0.5,0.06789212719376687,0.031596152001182605,0.03601503931052587
0.2938305545870325,150.0,0.5389559587975633,0.5,0.06759487781996673,0.03163067046129689,0.03605438535804165
0.29860490864099704,150.0,0.5389559587975633,0.5,0.06729860797830385,0.03166507517200077,0.03609360174769635
0.3034568395714189,150.0,0.5389559587975633,0.5,0.06700331726112137,0.031699366180633924,0.03613268853345034
0.30838760789892417,150.0,0.5389559587975633,0.5,0.06670900523414879,0.03173354353762656,0.03617164577278675
0.3133984946259154,150.0,0.5389559587975633,0.5,0.06641567143669919,0.03176760729647653,0.03621047352668539
0.31849080156937315,150.0,0.5389559587975633,0.5,0.06612331538186667,0.0318015575137264,0.036249171859596606
0.32366585169906525,150.0,0.5389559587975633,0.5,0.06583193655672438,0.031835394248940455,0.03628774083941504
0.32892498948125115,150.0,0.5389559587975633,0.5,0.065541534422523,0.03186911756468164,0.03632618053745342
0.3342695812279712,150.0,0.5389559587975633,0.5,0.06525210841488946,0.0319027275264885,0.03636449102841618
0.33970101545201153,150.0,0.5389559587975633,0.5,0.06496365794402602,0.03193622420285202,0.036402672390373134
0.34522070322763665,150.0,0.5389559587975633,0.5,0.06467618239490995,0.03196960766519252,0.03644072470473311
0.3508300785571827,150.0,0.5389559587975633,0.5,0.06438968112749312,0.03200287798783638,0.03647864805621742
0.35653059874360876,150.0,0.5389559587975633,0.5,0.06410415347690226,0.03203603524799287,0.036516442532833454
0.36232374476910056,150.0,0.5389559587975633,0.5,0.06381959875363916,0.03206907952573083,0.0365541082258481
0.36821102167982617,150.0,0.5389559587975633,0.5,0.06353601624378136,0.03210201090395542,0.03659164522976123
0.3741939589769437,150.0,0.5389559587975633,0.5,0.06325340520918284,0.03213482946838476,0.03662905364227911
0.380274111013962,150.0,0.5389559587975633,0.5,0.06297176488767521,0.03216753530752665,0.0366663335642878
0.3864530574005587,150.0,0.5389559587975633,0.5,0.06269109449326868,0.03220012851265513,0.0367034850998265
0.3927324034129586,150.0,0.5389559587975633,0.5,0.06241139321635346,0.03223260917778716,0.03674050835606095
0.39911378041098106,150.0,0.5389559587975633,0.5,0.062132660223901265,0.03226497739965923,0.036777403443256716
0.40559884626186365,150.0,0.5389559587975633,0.5,0.06185489465966674,0.03229723327770389,0.03681417047475253
0.41218928577097214,150.0,0.5389559587975633,0.5,0.06157809564438919,0.03232937691402642,0.036850809566933616
0.4188868111195092,150.0,0.5389559587975633,0.5,0.06130226227599423,0.03236140841338133,0.03688732083920497
0.4256931623093351,150.0,0.5389559587975633,0.5,0.06102739362979552,0.03239332788314901,0.036923704413964684
0.4326101076150165,150.0,0.5389559587975633,0.5,0.0607534887586965,0.03242513543331225,0.036959960416577196
0.43963944404321964,150.0,0.5389559587975633,0.5,0.06048054669339217,0.032456831176432804,0.036996088975346654
0.44678299779956904,150.0,0.5389559587975633,0.5,0.06020856644257077,0.03248841522762802,0.03703209022149013
0.45404262476309154,150.0,0.5389559587975633,0.5,0.05993754699311551,0.03251988770454737,0.03706796428911101
0.46142021096836905,150.0,0.5389559587975633,0.5,0.05966748731030608,0.03255124872734905,0.03710371131517223
0.46891767309552657,150.0,0.5389559587975633,0.5,0.059398386338020304,0.03258249841867659,0.03713933143946968
0.47653695896818105,150.0,0.5389559587975633,0.5,0.059130242998935476,0.03261363690363545,0.03717482480460547
0.4842800480594816,150.0,0.5389559587975633,0.5,0.058863056194729695,0.03264466430976968,0.03721019155596132
0.49214895200637193,150.0,0.5389559587975633,0.5,0.05859682480628295,0.03267558076703846,0.037245431841671936
0.5001457151322095,150.0,0.5389559587975633,0.5,0.05833154769387822,0.03270638640779292,0.037280545812598403
0.5082724149778756,150.0,0.5389559587975633,0.5,0.05806722369740218,0.032737081366752664,0.03731553362230158
0.5165311628415161,150.0,0.5389559587975633,0.5,0.05780385163654588,0.03276766578098257,0.0373503954270156
0.5249241043270515,150.0,0.5389559587975633,0.5,0.057541430311005067,0.032798139789869486,0.037385131385621266
0.5334534199016003,150.0,0.5389559587975633,0.5,0.05727995850068042,0.032828503535098995,0.03741974165961965
0.5421213254619597,150.0,0.5389559587975633,0.5,0.05701943496587734,0.032858757160632204,0.03745422641310558
0.5509300729102896,150.0,0.5389559587975633,0.5,0.05675985844750565,0.03288890081268256,0.03748858581274119
0.5598819507391527,150.0,0.5389559587975633,0.5,0.05650122766727889,0.032918934639692685,0.03752282002772961
0.5689792846260587,150.0,0.5389559587975633,0.5,0.056243541327913385,0.0329488587923113,0.03755692922978855
0.578224438037671,150.0,0.5389559587975633,0.5,0.05598679811332684,0.032978673423370124,0.03759091359312407
0.587619812843829,150.0,0.5389559587975633,0.5,0.055730996688836805,0.03300837868786084,0.03762477329440424
0.5971678499415497,150.0,0.5389559587975633,0.5,0.05547613570135865,0.03303797474291213,0.037658508512733
0.6068710298891653,150.0,0.5389559587975633,0.5,0.0552222137796031,0.033067461747766695,0.037692119429623985
0.6167318735507686,150.0,0.5389559587975633,0.5,0.05496922953427359,0.033096839863758346,0.03772560622897439
0.6267529427511266,150.0,0.5389559587975633,0.5,0.05471718155826304,0.03312610925428919,0.037758969097038964
0.6369368409412369,150.0,0.5389559587975633,0.5,0.05446606842685016,0.03315527008480679,0.03779220822240396
0.6472862138746988,150.0,0.5389559587975633,0.5,0.054215888697895606,0.03318432252278139,0.03782532379596123
0.6578037502950733,150.0,0.5389559587975633,0.5,0.05396664091203734,0.03321326673768327,0.037858316010882354
0.6684921826344135,150.0,0.5389559587975633,0.5,0.053718323592885704,0.03324210290096004,0.037891185062592786
0.6793542877231437,150.0,0.5389559587975633,0.5,0.05347093524721806,0.03327083118601408,0.03792393114874615
0.6903928875114731,150.0,0.5389559587975633,0.5,0.053224474365172726,0.033299451768179986,0.03795655446919848
0.7016108498025333,150.0,0.5389559587975633,0.5,0.05297893942044265,0.03332796482470211,0.03798905522598269
0.7130110889974258,150.0,0.5389559587975633,0.5,0.05273432887046832,0.033356370534712104,0.03802143362328294
0.7245965668523785,150.0,0.5389559587975633,0.5,0.05249064115663035,0.03338466907920664,0.03805368986740923
0.7363702932482008,150.0,0.5389559587975633,0.5,0.05224787470444139,0.03341286064102504,0.03808582416677191
0.7483353269722451,150.0,0.5389559587975633,0.5,0.05200602792373746,0.03344094540482713,0.03811783673185646
0.7604947765130741,150.0,0.5389559587975633,0.5,0.05176509920886875,0.03346892355707101,0.038149727775198115
0.772851800868036,150.0,0.5389559587975633,0.5,0.051525086938889894,0.03349679528599103,0.038181497511356785
0.7854096103639683,150.0,0.5389559587975633,0.5,0.05128598947774942,0.03352456078157573,0.038213146156891906
0.79817146749123,150.0,0.5389559587975633,0.5,0.05104780517447887,0.03355222023554592,0.03824467393033744
0.8111406877512927,150.0,0.5389559587975633,0.5,0.05081053236338105,0.03357977384133278,0.03827608105217695
0.8243206405180964,150.0,0.5389559587975633,0.5,0.05057416936421778,0.03360722179405612,0.03830736774481874
0.8377147499134094,150.0,0.5389559587975633,0.5,0.050338714482396955,0.033634564290502586,0.03833853423257113
0.851326495696404,150.0,0.5389559587975633,0.5,0.050104166009158894,0.033661801529104064,0.038369580741617726
0.8651594141676908,150.0,0.5389559587975633,0.5,0.04987052222176209,0.03368893370991609,0.03840050749999288
0.8792170990880438,150.0,0.5389559587975633,0.5,0.049637781383668214,0.03371596103459636,0.0384313147375572
0.8935032026120476,150.0,0.5389559587975633,0.5,0.04940594174472649,0.033742883706383384,0.038462002685973114
0.9080214362369227,150.0,0.5389559587975633,0.5,0.04917500154135724,0.03376970193007507,0.03849257157868063
0.9227755717667598,150.0,0.5389559587975633,0.5,0.04894495899673486,0.033796415912007535,0.03852302165087304
0.9377694422924309,150.0,0.5389559587975633,0.5,0.04871581232096993,0.03382302586003397,0.03855335313947289
0.9530069431874123,150.0,0.5389559587975633,0.5,0.04848755971129071,0.03384953198350352,0.038583566283107905
0.9684920331197987,150.0,0.5389559587975633,0.5,0.04826019935222379,0.03387593449324033,0.03861366132208709
0.9842287350807524,150.0,0.5389559587975633,0.5,0.048033729415774024,0.033902233601522655,0.038643638498376924
1.0002211374296686,150.0,0.5389559587975633,0.5,0.04780814806160369,0.03392842952206204,0.038673498055577626
1.0164733949563238,150.0,0.5389559587975633,0.5,0.04758345343721089,0.03395452246998264,0.03870324023889959
1.0329897299602766,150.0,0.5389559587975633,0.5,0.04735964367810713,0.033980512661800515,0.038732865295139786
1.049774433347816,150.0,0.5389559587975633,0.5,0.04713671690799413,0.03400640031540319,0.03876237347265846
1.0668318657467253,150.0,0.5389559587975633,0.5,0.04691467123893986,0.03403218565002917,0.03879176502135574
1.0841664586391664,150.0,0.5389559587975633,0.5,0.046693504771553616,0.03405786888624759,0.038821040192648544
1.1017827155129665,150.0,0.5389559587975633,0.5,0.046473215595160586,0.034083450245938,0.038850199239447415
1.1196852130316142,150.0,0.5389559587975633,0.5,0.04625380178797522,0.03410892995227017,0.0388792424161336
1.1378786022232688,150.0,0.5389559587975633,0.5,0.04603526141727401,0.03413430822968407,0.03890816997853616
1.156367609689083,150.0,0.5389559587975633,0.5,0.04581759253956737,0.0341595853038699,0.03893698218390926
1.1751570388311672,150.0,0.5389559587975633,0.5,0.04560079320077062,0.034184761401748205,0.038965679290909466
1.194251771100498,150.0,0.5389559587975633,0.5,0.04538486143637421,0.034209836751450146,0.038994261559573286
1.2136567672651126,150.0,0.5389559587975633,0.5,0.04516979527161293,0.03423481158229785,0.039022729251294734
1.2333770686989012,150.0,0.5389559587975633,0.5,0.044955592721634394,0.03425968612478479,0.03905108262880302
1.2534177986913475,150.0,0.5389559587975633,0.5,0.0447422517916666,0.03428446061055642,0.03907932195614041
1.2737841637785454,150.0,0.5389559587975633,0.5,0.044529770477184545,0.03430913527239073,0.03910744749864012
1.2944814550958457,150.0,0.5389559587975633,0.5,0.04431814676407608,0.03433371034417905,0.039135459522904405
1.3155150497524837,150.0,0.5389559587975633,0.5,0.04410737862880672,0.03435818606090687,0.03916335829678272
1.3368904122285346,150.0,0.5389559587975633,0.5,0.043897464038583675,0.034382562658634847,0.039191144089350025
1.3586130957945797,150.0,0.5389559587975633,0.5,0.0436884009515189,0.034406840374479816,0.03921881717088519
1.3806887439544264,150.0,0.5389559587975633,0.5,0.04348018731679127,0.03443101944659596,0.03924637781284952
1.4031230919112843,150.0,0.5389559587975633,0.5,0.04327282107480783,0.034455100114156145,0.03927382628786544
1.425921968057752,150.0,0.5389559587975633,0.5,0.04306630015736412,0.03447908261733322,0.03930116286969524
1.449091295490026,150.0,0.5389559587975633,0.5,0.04286062248780353,0.03450296719728156,0.03932838783322
1.4726370935467024,150.0,0.5389559587975633,0.5,0.04265578598117584,0.03452675409611866,0.03935550145441861
1.49656547937259,150.0,0.5389559587975633,0.5,0.04245178854439471,0.034550443556906826,0.0393825040103469
1.520882669507932,150.0,0.5389559587975633,0.5,0.04224862807639422,0.03457403582363499,0.03940939577911696
1.545594981503445,150.0,0.5389559587975633,0.5,0.042046302468284606,0.034597531141200656,0.03943617703987646
1.5707088355616095,150.0,0.5389559587975633,0.5,0.04184480960350688,0.03462092975539191,0.03946284807278826
1.5962307562046174,150.0,0.5389559587975633,0.5,0.04164414735798661,0.03464423191286958,0.03948940915901
1.6221673739694353,150.0,0.5389559587975633,0.5,0.04144431360028667,0.03466743786114953,0.03951586058067391
1.6485254271303966,150.0,0.5389559587975633,0.5,0.04124530619175911,0.03469054784858495,0.03954220262086669
1.6753117634497952,150.0,0.5389559587975633,0.5,0.041047122986695925,0.03471356212434887,0.039568435563609526
1.7025333419569133,150.0,0.5389559587975633,0.5,0.04084976183247909,0.034736480938416824,0.039594559693838335
1.7301972347559649,150.0,0.5389559587975633,0.5,0.04065322056972938,0.034759304541549456,0.03962057529738394
1.7583106288634132,150.0,0.5389559587975633,0.5,0.040457497032454305,0.034782033185275375,0.03964648266095256
1.7868808280751367,150.0,0.5389559587975633,0.5,0.04026258904819515,0.0348046671218741,0.03967228207210632
1.8159152548639446,150.0,0.5389559587975633,0.5,0.04006849443817294,0.034827206604359104,0.03969797381924394
1.845421452307912,150.0,0.5389559587975633,0.5,0.039875211017433465,0.03484965188646097,0.03972355819158157
1.8754070860500616,150.0,0.5389559587975633,0.5,0.03968273659499131,0.034872003222610644,0.039749035479133644
1.905879946289873,150.0,0.5389559587975633,0.5,0.03949106897397289,0.03489426086792287,0.03977440597269404
1.936847949807163,150.0,0.5389559587975633,0.5,0.03930020595175855,0.03491642507817963,0.03979966996381721
1.9683191420188486,150.0,0.5389559587975633,0.5,0.039110145320123545,0.034938496109813824,0.039824827744799514
2.0003016990691225,150.0,0.5389559587975633,0.5,0.03892088486537827,0.034960474219892956,0.0398498796086607
2.0328039299536034,150.0,0.5389559587975633,0.5,0.0387324223685072,0.03498235966610303,0.039874825849125516
2.065834278677987,150.0,0.5389559587975633,0.5,0.03854475560530709,0.03500415270673246,0.03989966676060535
2.0994013264517872,150.0,0.5389559587975633,0.5,0.038357882346524014,0.03502585360065618,0.03992440263818016
2.133513793917707,150.0,0.5389559587975633,0.5,0.0381718003579895,0.035047462607319835,0.03994903377758042
2.1681805434172494,150.0,0.5389559587975633,0.5,0.03798650740075564,0.035068979986724085,0.03997356047516924
2.2034105812931264,150.0,0.5389559587975633,0.5,0.037802001231229176,0.03509040599940904,0.03999798302792464
2.2392130602290905,150.0,0.5389559587975633,0.5,0.037618279601304656,0.0351117409064388,0.040022301733421896
2.2755972816277827,150.0,0.5389559587975633,0.5,0.037435340258496465,0.035132984969386105,0.040046516889816065
2.312572698027209,150.0,0.5389559587975633,0.5,0.03725318094607003,0.03515413845031712,0.040070628795824625
2.350148915556498,150.0,0.5389559587975633,0.5,0.037071799403171866,0.035175201611776306,0.04009463775071028
2.38833569643154,150.0,0.5389559587975633,0.5,0.03689119336495873,0.03519617471677147,0.04011854405426384
2.4271429614912012,150.0,0.5389559587975633,0.5,0.036711360562725684,0.035217058028758845,0.04014234800678727
2.4665807927747214,150.0,0.5389559587975633,0.5,0.036532298724033255,0.03523785181162834,0.04016604990907687
2.506659436141019,150.0,0.5389559587975633,0.5,0.0363540055728335,0.03525855632968891,0.040189650062406594
2.547389303930529,150.0,0.5389559587975633,0.5,0.03617647882959514,0.035279171847654014,0.04021314876851144
2.588780977670313,150.0,0.5389559587975633,0.5,0.03599971621142766,0.035299698630627194,0.04023654632957109
2.6308452108231166,150.0,0.5389559587975633,0.5,0.035823715432204424,0.0353201369440878,0.04025984304819358
2.6735929315810876,150.0,0.5389559587975633,0.5,0.03564847420268479,0.03534048705387683,0.04028303922739913
2.717035245704904,150.0,0.5389559587975633,0.5,0.03547399023063517,0.035360749226182785,0.04030613517060412
2.761183439409017,150.0,0.5389559587975633,0.5,0.0353002612209492,0.035380923727527804,0.0403291311816052
2.8060489822937935,150.0,0.5389559587975633,0.5,0.035127284875766863,0.035401010824753804,0.04035202756456353
2.851643530325281,150.0,0.5389559587975633,0.5,0.03495505889459255,0.03542101078500874,0.04037482462398911
2.897978928863412,150.0,0.5389559587975633,0.5,0.034783580974412226,0.03544092387573304,0.04039752266472531
2.9450672157393933,150.0,0.5389559587975633,0.5,0.03461284880980954,0.0354607503646461,0.04042012199193346
2.992920624383109,150.0,0.5389559587975633,0.5,0.03444286009308102,0.035480490519732906,0.04044262291107769
3.0415515870013454,150.0,0.5389559587975633,0.5,0.03427361251435013,0.035500144609230795,0.040465025727909706
3.0909727378076357,150.0,0.5389559587975633,0.5,0.03410510376168049,0.03551971290161631,0.04048733074845391
3.1411969163046156,150.0,0.5389559587975633,0.5,0.03393733152118804,0.03553919566559218,0.04050953827899252
3.192237170619683,150.0,0.5389559587975633,0.5,0.03377029347715219,0.03555859317007438,0.0405316486260508
3.2441067608948835,150.0,0.5389559587975633,0.5,0.033603987312126084,0.03557790568417936,0.040553662096382566
3.296819162731856,150.0,0.5389559587975633,0.5,0.033438410707045736,0.035597133477211364,0.04057557899695566
3.350388070692768,150.0,0.5389559587975633,0.5,0.033273561341338326,0.035616276818649865,0.04059739963493767
3.404827401858133,150.0,0.5389559587975633,0.5,0.03310943689302942,0.03563533597813707,0.04061912431768168
3.4601512994424306,150.0,0.5389559587975633,0.5,0.03294603503884928,0.03565431122546562,0.04064075335271225
3.516374136468491,150.0,0.5389559587975633,0.5,0.03278335345433813,0.03567320283056637,0.040662287047711465
3.57351051950156,150.0,0.5389559587975633,0.5,0.032621389813950546,0.035692011063496204,0.040683725710505096
3.631575292444068,150.0,0.5389559587975633,0.5,0.03246014179115874,0.03571073619442613,0.040705069649048964
3.6905835403920246,150.0,0.5389559587975633,0.5,0.03229960705855504,0.0357293784936293,0.04072631917141535
3.7505505935541095,150.0,0.5389559587975633,0.5,0.03213978328795322,0.035747938231469295,0.04074747458577958
3.811492031234411,150.0,0.5389559587975633,0.5,0.0319806681504891,0.03576641567838841,0.04076853620040675
3.873423685879901,150.0,0.5389559587975633,0.5,0.0318222593167199,0.03578481110489614,0.040789504323638495
3.9363616471936735,150.0,0.5389559587975633,0.5,0.031664554456722935,0.03580312478155773,0.04081037926388003
4.000322266314999,150.0,0.5389559587975633,0.5,0.03150755124019309,0.03582135697898278,0.040831161329587154
4.06532216006733,150.0,0.5389559587975633,0.5,0.03135124733653954,0.03583950796781413,0.04085185082925348
4.131378215275298,150.0,0.5389559587975633,0.5,0.031195640414981407,0.03585757801871665,0.04087244807139781
4.198507593151886,150.0,0.5389559587975633,0.5,0.031040728144642545,0.03587556740236628,0.04089295336455153
4.26672773375686,150.0,0.5389559587975633,0.5,0.0308865081946453,0.035893476389439155,0.04091336701724623
4.336056360527672,150.0,0.5389559587975633,0.5,0.030732978234203408,0.03591130525060077,0.040933689338001414
4.406511484883952,150.0,0.5389559587975633,0.5,0.030580135932713925,0.03592905425649535,0.04095392063531231
4.478111410906841,150.0,0.5389559587975633,0.5,0.030427978959848223,0.03594672367773526,0.040974061217637824
4.550874740094362,150.0,0.5389559587975633,0.5,0.03027650498564204,0.035964313784890546,0.040994111393388676
4.6248203761940205,150.0,0.5389559587975633,0.5,0.03012571168058464,0.0359818248484786,0.0410140714709155
4.699967530113983,150.0,0.5389559587975633,0.5,0.02997559671570704,0.0359992571389539,0.04103394175849725
4.776335724914004,150.0,0.5389559587975633,0.5,0.029826157762669274,0.036016610926697855,0.04105372256432961
4.853944800877492,150.0,0.5389559587975633,0.5,0.029677392493846814,0.03603388648200884,0.041073414196513586
4.932814920665952,150.0,0.5389559587975633,0.5,0.02952929858241603,0.03605108407509217,0.04109301696304413
5.0129665745572165,150.0,0.5389559587975633,0.5,0.029381873702438728,0.036068203976050386,0.04111253117179902
5.094420585768759,150.0,0.5389559587975633,0.5,0.029235115528945834,0.03608524645487345,0.04113195713052775
5.177198115867523,150.0,0.5389559587975633,0.5,0.029089021738020148,0.0361022117814292,0.041151295146840565
5.261320670267659,150.0,0.5389559587975633,0.5,0.02894359000687819,0.03611910022545382,0.041170545528197676
5.346810103817561,150.0,0.5389559587975633,0.5,0.028798818013951167,0.036135912056542395,0.04118970858189848
5.433688626477731,150.0,0.5389559587975633,0.5,0.028654703438965045,0.036152647544139715,0.04120878461507099
5.521978809090854,150.0,0.5389559587975633,0.5,0.028511243963019756,0.03616930695753099,0.04122777393466138
5.6117035892456695,150.0,0.5389559587975633,0.5,0.028368437268667487,0.03618589056583277,0.04124667684742356
5.7028862772360895,150.0,0.5389559587975633,0.5,0.02822628103999011,0.03620239863798399,0.04126549365990898
5.795550562117178,150.0,0.5389559587975633,0.5,0.02808477296267571,0.03621883144273704,0.041284224678456466
5.889720517859493,150.0,0.5389559587975633,0.5,0.02794391072409436,0.03623518924864902,0.041302870209182226
5.985420609603459,150.0,0.5389559587975633,0.5,0.02780369201337282,0.03625147232407299,0.041321430557969906
6.0826757000153675,150.0,0.5389559587975633,0.5,0.027664114521468573,0.036267680937149445,0.04133990603046086
6.181511055746615,150.0,0.5389559587975633,0.5,0.02752517594124293,0.036283815355797805,0.041358296932044424
6.281952353997947,150.0,0.5389559587975633,0.5,0.027386873967533202,0.03629987584770799,0.04137660356784837
6.384025689190314,150.0,0.5389559587975633,0.5,0.027249206297224188,0.03631586268033218,0.04139482624272945
6.487757579744165,150.0,0.5389559587975633,0.5,0.02711217062931868,0.03633177612087658,0.04141296526126409
6.5931749749688535,150.0,0.5389559587975633,0.5,0.026975764665007163,0.03634761643629337,0.041431020927739086
6.700305262064014,150.0,0.5389559587975633,0.5,0.02683998610773675,0.036363383893272656,0.04144899354614257
6.809176273234706,150.0,0.5389559587975633,0.5,0.026704832663279148,0.0363790787582346,0.041466883420154976
6.91981629292213,150.0,0.5389559587975633,0.5,0.026570302039797978,0.03639470129732162,0.04148469085314012
7.032254065151896,150.0,0.5389559587975633,0.5,0.026436391947915066,0.036410251776390644,0.0415024161481364
7.146518801001622,150.0,0.5389559587975633,0.5,0.02630310010077609,0.03642573046100553,0.04152005960784818
7.262640186189929,150.0,0.5389559587975633,0.5,0.026170424214115345,0.03644113761642953,0.041537621534637185
7.380648388788724,150.0,0.5389559587975633,0.5,0.026038362006319624,0.03645647350761787,0.041555102230513986
7.500574067060762,150.0,0.5389559587975633,0.5,0.025906911198491478,0.03647173839921039,0.04157250199712971
7.622448377424644,150.0,0.5389559587975633,0.5,0.025776069514511512,0.036486932555524355,0.04158982113576777
7.7463029825491585,150.0,0.5389559587975633,0.5,0.02564583468109989,0.03650205624054726,0.0416070599473357
7.872170059579146,150.0,0.5389559587975633,0.5,0.025516204427877217,0.036517109717929784,0.041624218732357096
8.000082308495097,150.0,0.5389559587975633,0.5,0.025387176487424414,0.03653209325097885,0.04164129779096374
8.130072960608505,150.0,0.5389559587975633,0.5,0.025258748595341968,0.03654700710265071,0.04165829742288769
8.262175787195291,150.0,0.5389559587975633,0.5,0.025130918490308327,0.03656185153554419,0.04167521792745361
8.396425108269481,150.0,0.5389559587975633,0.5,0.025003683914137594,0.03657662681189401,0.041692059603571086
8.532855801499517,150.0,0.5389559587975633,0.5,0.024877042611836347,0.03659133319356413,0.04170882274972714
8.671503311269365,150.0,0.5389559587975633,0.5,0.024750992331659782,0.036605970942041245,0.04172550766397876
8.812403657886863,150.0,0.5389559587975633,0.5,0.024625530825167115,0.03662054031842841,0.04174211464394563
8.955593446941768,150.0,0.5389559587975633,0.5,0.02450065584727612,0.036635041583438645,0.04175864398680284
9.101109878815766,150.0,0.5389559587975633,0.5,0.02437636515631703,0.03664947499738869,0.041775095989273786
9.248990758347073,150.0,0.5389559587975633,0.5,0.024252656514085636,0.036663840820192826,0.04179147094762314
9.399274504651999,150.0,0.5389559587975633,0.5,0.024129527685895706,0.03667813931135685,0.041807769157649916
9.55200016110621,150.0,0.5389559587975633,0.5,0.02400697644063056,0.036692370729972,0.04182399091468065
9.707207405488067,150.0,0.5389559587975633,0.5,0.023885000550794008,0.03670653533470908,0.04184013651356259
9.864936560286841,150.0,0.5389559587975633,0.5,0.023763597792560584,0.036720633383812665,0.04185620624865718
10.025228603178372,150.0,0.5389559587975633,0.5,0.02364276594582496,0.03673466513509529,0.041872200413833376
10.188125177671026,150.0,0.5389559587975633,0.5,0.02352250279425071,0.03674863084593182,0.04188811930246129
10.35366860392456,150.0,0.5389559587975633,0.5,0.02340280612531837,0.03676253077325389,0.041903963207405755
10.521901889744768,150.0,0.5389559587975633,0.5,0.023283673730372788,0.03677636517354437,0.04191973242102014
10.692868741756882,150.0,0.5389559587975633,0.5,0.023165103404669724,0.036790134302832,0.04193542723514013
10.8666135767604,150.0,0.5389559587975633,0.5,0.02304709294742183,0.03680383841668597,0.04195104794107762
11.043181533268498,150.0,0.5389559587975633,0.5,0.022929640161843866,0.03681747777021076,0.041966594829614776
11.222618483234871,150.0,0.5389559587975633,0.5,0.022812742855197337,0.03683105261804091,0.041982068190998124
11.404971043971225,150.0,0.5389559587975633,0.5,0.022696398838834293,0.03684456321433594,0.0419974683149327
11.590286590258312,150.0,0.5389559587975633,0.5,0.022580605928240582,0.03685800981277531,0.04201279549057639
11.778613266653766,150.0,0.5389559587975633,0.5,0.022465361943078414,0.03687139266655352,0.04202805000653426
11.97,150.0,0.5389559587975633,0.5,0.022350664707228195,0.036884712028375205,0.042043232150853004
0.07,150.0,0.5389559587975633,1.0,0.0978536164334802,0.028116836105362506,0.06409824573475542
0.07113740650371515,150.0,0.5389559587975633,1.0,0.09747218181772625,0.02816113068335196,0.06419922454809153
0.07229329434392588,150.0,0.5389559587975633,1.0,0.09709163781524721,0.028205321837746565,0.06429996758557531
0.07346796381766552,150.0,0.5389559587975633,1.0,0.09671198700384794,0.028249409269195454,0.06440047416477347
0.07466172010139292,150.0,0.5389559587975633,1.0,0.09633323192248922,0.02829339268285859,0.06450074361353607
0.07587487333027698,150.0,0.5389559587975633,1.0,0.0959553750713324,0.02833727178840158,0.06460077526998477
0.07710773867876865,150.0,0.5389559587975633,1.0,0.09557841891178678,0.02838104629999014,0.06470056848250014
0.07836063644248291,150.0,0.5389559587975633,1.0,0.09520236586656021,0.028424715936284258,0.06480012260970842
0.07963389212141056,150.0,0.5389559587975633,1.0,0.09482721831971253,0.02846828042043196,0.06489943702046727
0.08092783650448258,150.0,0.5389559587975633,1.0,0.09445297861671183,0.028511739480062793,0.06499851109385091
0.08224280575550821,150.0,0.5389559587975633,1.0,0.09407964906449381,0.02855509284728093,0.06509734421913443
0.08357914150050955,150.0,0.5389559587975633,1.0,0.09370723193152382,0.028598340258657956,0.06519593579577729
0.08493719091647536,150.0,0.5389559587975633,1.0,0.09333572944786174,0.028641481455225347,0.06529428523340625
0.08631730682155667,150.0,0.5389559587975633,1.0,0.09296514380522984,0.028684516182466563,0.06539239195179729
0.08771984776672828,150.0,0.5389559587975633,1.0,0.0925954771570832,0.02872744419030893,0.0654902553808571
0.08914517812893936,150.0,0.5389559587975633,1.0,0.09222673161868304,0.028770265233115034,0.0655878749606035
0.09059366820577794,150.0,0.5389559587975633,1.0,0.09185890926717266,0.028812979069673984,0.06568525014114551
0.09206569431167314,150.0,0.5389559587975633,1.0,0.09149201214165627,0.028855585463192224,0.06578238038266238
0.0935616388756609,150.0,0.5389559587975633,1.0,0.09112604224328025,0.028898084181284103,0.06587926515538209
0.09508189054073839,150.0,0.5389559587975633,1.0,0.09076100153531708,0.028940474995962112,0.06597590393955913
0.09662684426483215,150.0,0.5389559587975633,1.0,0.09039689194325215,0.02898275768362681,0.06607229622545152
0.09819690142340773,150.0,0.5389559587975633,1.0,0.09003371535487285,0.029024932025056505,0.06616844151329729
0.09979246991374564,150.0,0.5389559587975633,1.0,0.0896714736203604,0.02906699780539656,0.06626433931329004
0.10141396426091268,150.0,0.5389559587975633,1.0,0.08931016855238402,0.029108954814148456,0.0663599891455541
0.10306180572545404,150.0,0.5389559587975633,1.0,0.0889498019261979,0.02915080284515856,0.0664553905401189
0.10473642241283626,150.0,0.5389559587975633,1.0,0.08859037547974033,0.029192541696606584,0.06655054303689259
0.1064382493846679,150.0,0.5389559587975633,1.0,0.0882318909137354,0.029234171170993785,0.06664544618563523
0.1081677287717275,150.0,0.5389559587975633,1.0,0.08787434989179722,0.029275691075130877,0.06674009954593117
0.10992530988882832,150.0,0.5389559587975633,1.0,0.08751775404053624,0.02931710122012565,0.06683450268716086
0.11171144935154909,150.0,0.5389559587975633,1.0,0.08716210494966829,0.02935840142137034,0.06692865518847207
0.11352661119486189,150.0,0.5389559587975633,1.0,0.08680740417212561,0.02939959149852873,0.06702255663875041
0.11537126699368723,150.0,0.5389559587975633,1.0,0.08645365322417031,0.029440671275522953,0.06711620663658933
0.11724589598540829,150.0,0.5389559587975633,1.0,0.0861008535855102,0.02948164058052007,0.06720960479025949
0.11915098519437557,150.0,0.5389559587975633,1.0,0.08574900669941667,0.029522499245918366,0.06730275071767751
0.12108702955843481,150.0,0.5389559587975633,1.0,0.08539811397284479,0.02956324710833339,0.06739564404637412
0.12305453205751066,150.0,0.5389559587975633,1.0,0.08504817677655574,0.029603884008583773,0.0674882844134619
0.1250540038442797,150.0,0.5389559587975633,1.0,0.08469919644524126,0.029644409791676745,0.06758067146560222
0.12708596437696687,150.0,0.5389559587975633,1.0,0.08435117427765018,0.02968482430679345,0.06767280485897173
0.12915094155429926,150.0,0.5389559587975633,1.0,0.08400411153671712,0.029725127407274014,0.0677646842592284
0.13124947185265348,150.0,0.5389559587975633,1.0,0.08365800944969318,0.02976531895060233,0.06785630934147675
0.13338210046543034,150.0,0.5389559587975633,1.0,0.08331286920827875,0.029805398798390698,0.06794767979023292
0.13554938144469558,150.0,0.5389559587975633,1.0,0.08296869196875807,0.02984536681636413,0.06803879529938878
0.1377518778451207,150.0,0.5389559587975633,1.0,0.08262547885213616,0.029885222874344513,0.06812965557217594
0.13999016187026372,150.0,0.5389559587975633,1.0,0.08228323094427716,0.02992496684623449,0.06822026032112895
0.14226481502122615,150.0,0.5389559587975633,1.0,0.08194194929604505,0.02996459861000115,0.06831060926804806
0.14457642824772576,150.0,0.5389559587975633,1.0,0.08160163492344592,0.0300041180476595,0.0684007021439617
0.14692560210162386,150.0,0.5389559587975633,1.0,0.08126228880777221,0.030043525045255714,0.0684905386890881
0.14931294689294736,150.0,0.5389559587975633,1.0,0.08092391189574874,0.030082819492850167,0.06858011865279676
0.15173908284844612,150.0,0.5389559587975633,1.0,0.08058650509968049,0.0301220012845003,0.06866944179356932
0.15420464027272593,150.0,0.5389559587975633,1.0,0.08025006929760216,0.0301610703182432,0.06875850787895986
0.15671025971200095,150.0,0.5389559587975633,1.0,0.0799146053334294,0.030200026496078117,0.06884731668555504
0.15925659212050547,150.0,0.5389559587975633,1.0,0.07958011401711178,0.030238869723948614,0.06893586799893339
0.16184429902961076,150.0,0.5389559587975633,1.0,0.07924659612478738,0.030277599911724684,0.06902416161362464
0.16447405271968923,150.0,0.5389559587975633,1.0,0.07891405239893898,0.030316216973184568,0.0691121973330681
0.1671465363947715,150.0,0.5389559587975633,1.0,0.07858248354855185,0.030354720825996447,0.0691999749695711
0.1698624443600411,150.0,0.5389559587975633,1.0,0.07825189024927323,0.030393111391699944,0.06928749434426666
0.17262248220221332,150.0,0.5389559587975633,1.0,0.07792227314357311,0.030431388595687402,0.06937475528707095
0.17542736697284544,150.0,0.5389559587975633,1.0,0.07759363284090667,0.030469552367185074,0.06946175763664031
0.1782778273746245,150.0,0.5389559587975633,1.0,0.07726596991787822,0.03050760263923406,0.06954850124032781
0.18117460395068308,150.0,0.5389559587975633,1.0,0.07693928491840642,0.03054553934867111,0.06963498595413956
0.18411844927699048,150.0,0.5389559587975633,1.0,0.07661357835389103,0.030583362436109277,0.06972121164269049
0.18711012815787037,150.0,0.5389559587975633,1.0,0.0762888507033811,0.03062107184591838,0.06980717817915992
0.19015041782469516,150.0,0.5389559587975633,1.0,0.07596510241374434,0.030658667526205354,0.06989288544524666
0.19324010813780876,150.0,0.5389559587975633,1.0,0.07564233389983788,0.030696149428794374,0.0699783333311238
0.19638000179173107,150.0,0.5389559587975633,1.0,0.07532054554468046,0.03073351750920691,0.07006352173539315
0.19957091452369533,150.0,0.5389559587975633,1.0,0.07499973769962565,0.030770771726641586,0.0701484505650394
0.20281367532557576,150.0,0.5389559587975633,1.0,0.07467991068453643,0.03080791204395391,0.07023311973538386
0.20610912665925685,150.0,0.5389559587975633,1.0,0.07436106478796103,0.030844938427635846,0.0703175291700379
0.20945812467550373,150.0,0.5389559587975633,1.0,0.07404320026730976,0.03088185084779529,0.07040167880085621
0.2128615394363879,150.0,0.5389559587975633,1.0,0.0737263173490332,0.030918649278135403,0.07048556856788955
0.21632025514132733,150.0,0.5389559587975633,1.0,0.07341041622880133,0.030955333695933746,0.07056919841933738
0.21983517035679967,150.0,0.5389559587975633,1.0,0.07309549707168381,0.030991904082021397,0.07065256831150012
0.22340719824978741,150.0,0.5389559587975633,1.0,0.07278156001233133,0.03102836042076187,0.07073567820873107
0.2270372668250172,150.0,0.5389559587975633,1.0,0.072468605155158,0.031064702700029947,0.07081852808338827
0.23072631916605266,150.0,0.5389559587975633,1.0,0.07215663257452476,0.031100930911190375,0.07090111791578584
0.23447531368030577,150.0,0.5389559587975633,1.0,0.07184564231492359,0.031137045049076467,0.07098344769414522
0.23828522434802898,150.0,0.5389559587975633,1.0,0.07153563439116283,0.031173045111968577,0.07106551741454613
0.24215704097535276,150.0,0.5389559587975633,1.0,0.07122660878855346,0.0312089311015725,0.07114732708087726
0.24609176945143527,150.0,0.5389559587975633,1.0,0.07091856546309606,0.0312447030229977,0.07122887670478674
0.2500904320097899,150.0,0.5389559587975633,1.0,0.0706115043416689,0.031280360884735556,0.07131016630563246
0.2541540674938593,150.0,0.5389559587975633,1.0,0.07030542532221648,0.031315904698637376,0.07139119591043193
0.2582837316269046,150.0,0.5389559587975633,1.0,0.0700003282739393,0.031351334479892426,0.07147196555381231
0.2624804972862797,150.0,0.5389559587975633,1.0,0.06969621303748416,0.0313866502470058,0.07155247527795985
0.26674545478216244,150.0,0.5389559587975633,1.0,0.06939307942513512,0.031421852021776234,0.07163272513256938
0.271079712140815,150.0,0.5389559587975633,1.0,0.06909092722100552,0.03145693982927386,0.0717127151747935
0.27548439539244624,150.0,0.5389559587975633,1.0,0.06878975618123029,0.031491913697817814,0.07179244546919164
0.27996064886375194,150.0,0.5389559587975633,1.0,0.06848956603415927,0.0315267736589538,0.07187191608767893
0.2845096354752082,150.0,0.5389559587975633,1.0,0.06819035648055094,0.031561519747431634,0.07195112710947482
0.2891325370431956,150.0,0.5389559587975633,1.0,0.06789212719376687,0.031596152001182605,0.07203007862105174
0.2938305545870325,150.0,0.5389559587975633,1.0,0.06759487781996673,0.03163067046129689,0.0721087707160833
0.29860490864099704,150.0,0.5389559587975633,1.0,0.06729860797830385,0.03166507517200077,0.0721872034953927
0.3034568395714189,150.0,0.5389559587975633,1.0,0.06700331726112137,0.031699366180633924,0.07226537706690069
0.30838760789892417,150.0,0.5389559587975633,1.0,0.06670900523414879,0.03173354353762656,0.0723432915455735
0.3133984946259154,150.0,0.5389559587975633,1.0,0.06641567143669919,0.03176760729647653,0.07242094705337078
0.31849080156937315,150.0,0.5389559587975633,1.0,0.06612331538186667,0.0318015575137264,0.07249834371919321
0.32366585169906525,150.0,0.5389559587975633,1.0,0.06583193655672438,0.031835394248940455,0.07257548167883009
0.32892498948125115,150.0,0.5389559587975633,1.0,0.065541534422523,0.03186911756468164,0.07265236107490684
0.3342695812279712,150.0,0.5389559587975633,1.0,0.06525210841488946,0.0319027275264885,0.07272898205683236
0.33970101545201153,150.0,0.5389559587975633,1.0,0.06496365794402602,0.03193622420285202,0.07280534478074627
0.34522070322763665,150.0,0.5389559587975633,1.0,0.06467618239490995,0.03196960766519252,0.07288144940946623
0.3508300785571827,150.0,0.5389559587975633,1.0,0.06438968112749312,0.03200287798783638,0.07295729611243484
0.35653059874360876,150.0,0.5389559587975633,1.0,0.06410415347690226,0.03203603524799287,0.07303288506566691
0.36232374476910056,150.0,0.5389559587975633,1.0,0.06381959875363916,0.03206907952573083,0.0731082164516962
0.36821102167982617,150.0,0.5389559587975633,1.0,0.06353601624378136,0.03210201090395542,0.07318329045952246
0.3741939589769437,150.0,0.5389559587975633,1.0,0.06325340520918284,0.03213482946838476,0.07325810728455821
0.380274111013962,150.0,0.5389559587975633,1.0,0.06297176488767521,0.03216753530752665,0.0733326671285756
0.3864530574005587,150.0,0.5389559587975633,1.0,0.06269109449326868,0.03220012851265513,0.073406970199653
0.3927324034129586,150.0,0.5389559587975633,1.0,0.06241139321635346,0.03223260917778716,0.0734810167121219
0.39911378041098106,150.0,0.5389559587975633,1.0,0.062132660223901265,0.03226497739965923,0.07355480688651343
0.40559884626186365,150.0,0.5389559587975633,1.0,0.06185489465966674,0.03229723327770389,0.07362834094950506
0.41218928577097214,150.0,0.5389559587975633,1.0,0.06157809564438919,0.03232937691402642,0.07370161913386723
0.4188868111195092,150.0,0.5389559587975633,1.0,0.06130226227599423,0.03236140841338133,0.07377464167840994
0.4256931623093351,150.0,0.5389559587975633,1.0,0.06102739362979552,0.03239332788314901,0.07384740882792937
0.4326101076150165,150.0,0.5389559587975633,1.0,0.0607534887586965,0.03242513543331225,0.07391992083315439
0.43963944404321964,150.0,0.5389559587975633,1.0,0.06048054669339217,0.032456831176432804,0.07399217795069331
0.44678299779956904,150.0,0.5389559587975633,1.0,0.06020856644257077,0.03248841522762802,0.07406418044298026
0.45404262476309154,150.0,0.5389559587975633,1.0,0.05993754699311551,0.03251988770454737,0.07413592857822202
0.46142021096836905,150.0,0.5389559587975633,1.0,0.05966748731030608,0.03255124872734905,0.07420742263034447
0.46891767309552657,150.0,0.5389559587975633,1.0,0.059398386338020304,0.03258249841867659,0.07427866287893936
0.47653695896818105,150.0,0.5389559587975633,1.0,0.059130242998935476,0.03261363690363545,0.07434964960921094
0.4842800480594816,150.0,0.5389559587975633,1.0,0.058863056194729695,0.03264466430976968,0.07442038311192264
0.49214895200637193,150.0,0.5389559587975633,1.0,0.05859682480628295,0.03267558076703846,0.07449086368334387
0.5001457151322095,150.0,0.5389559587975633,1.0,0.05833154769387822,0.03270638640779292,0.07456109162519681
0.5082724149778756,150.0,0.5389559587975633,1.0,0.05806722369740218,0.032737081366752664,0.07463106724460317
0.5165311628415161,150.0,0.5389559587975633,1.0,0.05780385163654588,0.03276766578098257,0.0747007908540312
0.5249241043270515,150.0,0.5389559587975633,1.0,0.057541430311005067,0.032798139789869486,0.07477026277124253
0.5334534199016003,150.0,0.5389559587975633,1.0,0.05727995850068042,0.032828503535098995,0.0748394833192393
0.5421213254619597,150.0,0.5389559587975633,1.0,0.05701943496587734,0.032858757160632204,0.07490845282621116
0.5509300729102896,150.0,0.5389559587975633,1.0,0.05675985844750565,0.03288890081268256,0.07497717162548238
0.5598819507391527,150.0,0.5389559587975633,1.0,0.05650122766727889,0.032918934639692685,0.07504564005545922
0.5689792846260587,150.0,0.5389559587975633,1.0,0.056243541327913385,0.0329488587923113,0.0751138584595771
0.578224438037671,150.0,0.5389559587975633,1.0,0.05598679811332684,0.032978673423370124,0.07518182718624813
0.587619812843829,150.0,0.5389559587975633,1.0,0.055730996688836805,0.03300837868786084,0.07524954658880847
0.5971678499415497,150.0,0.5389559587975633,1.0,0.05547613570135865,0.03303797474291213,0.075317017025466
0.6068710298891653,150.0,0.5389559587975633,1.0,0.0552222137796031,0.033067461747766695,0.07538423885924797
0.6167318735507686,150.0,0.5389559587975633,1.0,0.05496922953427359,0.033096839863758346,0.07545121245794878
0.6267529427511266,150.0,0.5389559587975633,1.0,0.05471718155826304,0.03312610925428919,0.07551793819407793
0.6369368409412369,150.0,0.5389559587975633,1.0,0.05446606842685016,0.03315527008480679,0.07558441644480791
0.6472862138746988,150.0,0.5389559587975633,1.0,0.054215888697895606,0.03318432252278139,0.07565064759192246
0.6578037502950733,150.0,0.5389559587975633,1.0,0.05396664091203734,0.03321326673768327,0.07571663202176471
0.6684921826344135,150.0,0.5389559587975633,1.0,0.053718323592885704,0.03324210290096004,0.07578237012518557
0.6793542877231437,150.0,0.5389559587975633,1.0,0.05347093524721806,0.03327083118601408,0.0758478622974923
0.6903928875114731,150.0,0.5389559587975633,1.0,0.053224474365172726,0.033299451768179986,0.07591310893839696
0.7016108498025333,150.0,0.5389559587975633,1.0,0.05297893942044265,0.03332796482470211,0.07597811045196538
0.7130110889974258,150.0,0.5389559587975633,1.0,0.05273432887046832,0.033356370534712104,0.07604286724656588
0.7245965668523785,150.0,0.5389559587975633,1.0,0.05249064115663035,0.03338466907920664,0.07610737973481846
0.7363702932482008,150.0,0.5389559587975633,1.0,0.05224787470444139,0.03341286064102504,0.07617164833354383
0.7483353269722451,150.0,0.5389559587975633,1.0,0.05200602792373746,0.03344094540482713,0.07623567346371292
0.7604947765130741,150.0,0.5389559587975633,1.0,0.05176509920886875,0.03346892355707101,0.07629945555039623
0.772851800868036,150.0,0.5389559587975633,1.0,0.051525086938889894,0.03349679528599103,0.07636299502271357
0.7854096103639683,150.0,0.5389559587975633,1.0,0.05128598947774942,0.03352456078157573,0.07642629231378381
0.79817146749123,150.0,0.5389559587975633,1.0,0.05104780517447887,0.03355222023554592,0.07648934786067488
0.8111406877512927,150.0,0.5389559587975633,1.0,0.05081053236338105,0.03357977384133278,0.0765521621043539
0.8243206405180964,150.0,0.5389559587975633,1.0,0.05057416936421778,0.03360722179405612,0.07661473548963749
0.8377147499134094,150.0,0.5389559587975633,1.0,0.050338714482396955,0.033634564290502586,0.07667706846514226
0.851326495696404,150.0,0.5389559587975633,1.0,0.050104166009158894,0.033661801529104064,0.07673916148323545
0.8651594141676908,150.0,0.5389559587975633,1.0,0.04987052222176209,0.03368893370991609,0.07680101499998576
0.8792170990880438,150.0,0.5389559587975633,1.0,0.049637781383668214,0.03371596103459636,0.0768626294751144
0.8935032026120476,150.0,0.5389559587975633,1.0,0.04940594174472649,0.033742883706383384,0.07692400537194623
0.9080214362369227,150.0,0.5389559587975633,1.0,0.04917500154135724,0.03376970193007507,0.07698514315736125
0.9227755717667598,150.0,0.5389559587975633,1.0,0.04894495899673486,0.033796415912007535,0.07704604330174608
0.9377694422924309,150.0,0.5389559587975633,1.0,0.04871581232096993,0.03382302586003397,0.07710670627894578
0.9530069431874123,150.0,0.5389559587975633,1.0,0.04848755971129071,0.03384953198350352,0.07716713256621581
0.9684920331197987,150.0,0.5389559587975633,1.0,0.04826019935222379,0.03387593449324033,0.07722732264417417
0.9842287350807524,150.0,0.5389559587975633,1.0,0.048033729415774024,0.033902233601522655,0.07728727699675385
1.0002211374296686,150.0,0.5389559587975633,1.0,0.04780814806160369,0.03392842952206204,0.07734699611115525
1.0164733949563238,150.0,0.5389559587975633,1.0,0.04758345343721089,0.03395452246998264,0.07740648047779917
1.0329897299602766,150.0,0.5389559587975633,1.0,0.04735964367810713,0.033980512661800515,0.07746573059027957
1.049774433347816,150.0,0.5389559587975633,1.0,0.04713671690799413,0.03400640031540319,0.07752474694531691
1.0668318657467253,150.0,0.5389559587975633,1.0,0.04691467123893986,0.03403218565002917,0.07758353004271148
1.0841664586391664,150.0,0.5389559587975633,1.0,0.046693504771553616,0.03405786888624759,0.07764208038529709
1.1017827155129665,150.0,0.5389559587975633,1.0,0.046473215595160586,0.034083450245938,0.07770039847889483
1.1196852130316142,150.0,0.5389559587975633,1.0,0.04625380178797522,0.03410892995227017,0.0777584848322672
1.1378786022232688,150.0,0.5389559587975633,1.0,0.04603526141727401,0.03413430822968407,0.07781633995707232
1.156367609689083,150.0,0.5389559587975633,1.0,0.04581759253956737,0.0341595853038699,0.07787396436781852
1.1751570388311672,150.0,0.5389559587975633,1.0,0.04560079320077062,0.034184761401748205,0.07793135858181893
1.194251771100498,150.0,0.5389559587975633,1.0,0.04538486143637421,0.034209836751450146,0.07798852311914657
1.2136567672651126,150.0,0.5389559587975633,1.0,0.04516979527161293,0.03423481158229785,0.07804545850258947
1.2333770686989012,150.0,0.5389559587975633,1.0,0.044955592721634394,0.03425968612478479,0.07810216525760603
1.2534177986913475,150.0,0.5389559587975633,1.0,0.0447422517916666,0.03428446061055642,0.07815864391228082
1.2737841637785454,150.0,0.5389559587975633,1.0,0.044529770477184545,0.03430913527239073,0.07821489499728024
1.2944814550958457,150.0,0.5389559587975633,1.0,0.04431814676407608,0.03433371034417905,0.07827091904580881
1.3155150497524837,150.0,0.5389559587975633,1.0,0.04410737862880672,0.03435818606090687,0.07832671659356544
1.3368904122285346,150.0,0.5389559587975633,1.0,0.043897464038583675,0.034382562658634847,0.07838228817870005
1.3586130957945797,150.0,0.5389559587975633,1.0,0.0436884009515189,0.034406840374479816,0.07843763434177038
1.3806887439544264,150.0,0.5389559587975633,1.0,0.04348018731679127,0.03443101944659596,0.07849275562569905
1.4031230919112843,150.0,0.5389559587975633,1.0,0.04327282107480783,0.034455100114156145,0.07854765257573088
1.425921968057752,150.0,0.5389559587975633,1.0,0.04306630015736412,0.03447908261733322,0.07860232573939048
1.449091295490026,150.0,0.5389559587975633,1.0,0.04286062248780353,0.03450296719728156,0.07865677566644
1.4726370935467024,150.0,0.5389559587975633,1.0,0.04265578598117584,0.03452675409611866,0.07871100290883722
1.49656547937259,150.0,0.5389559587975633,1.0,0.04245178854439471,0.034550443556906826,0.0787650080206938
1.520882669507932,150.0,0.5389559587975633,1.0,0.04224862807639422,0.03457403582363499,0.07881879155823392
1.545594981503445,150.0,0.5389559587975633,1.0,0.042046302468284606,0.034597531141200656,0.07887235407975292
1.5707088355616095,150.0,0.5389559587975633,1.0,0.04184480960350688,0.03462092975539191,0.07892569614557653
1.5962307562046174,150.0,0.5389559587975633,1.0,0.04164414735798661,0.03464423191286958,0.07897881831802
1.6221673739694353,150.0,0.5389559587975633,1.0,0.04144431360028667,0.03466743786114953,0.07903172116134782
1.6485254271303966,150.0,0.5389559587975633,1.0,0.04124530619175911,0.03469054784858495,0.07908440524173338
1.6753117634497952,150.0,0.5389559587975633,1.0,0.041047122986695925,0.03471356212434887,0.07913687112721905
1.7025333419569133,150.0,0.5389559587975633,1.0,0.04084976183247909,0.034736480938416824,0.07918911938767667
1.7301972347559649,150.0,0.5389559587975633,1.0,0.04065322056972938,0.034759304541549456,0.07924115059476788
1.7583106288634132,150.0,0.5389559587975633,1.0,0.040457497032454305,0.034782033185275375,0.07929296532190512
1.7868808280751367,150.0,0.5389559587975633,1.0,0.04026258904819515,0.0348046671218741,0.07934456414421263
1.8159152548639446,150.0,0.5389559587975633,1.0,0.04006849443817294,0.034827206604359104,0.07939594763848788
1.845421452307912,150.0,0.5389559587975633,1.0,0.039875211017433465,0.03484965188646097,0.07944711638316314
1.8754070860500616,150.0,0.5389559587975633,1.0,0.03968273659499131,0.034872003222610644,0.07949807095826729
1.905879946289873,150.0,0.5389559587975633,1.0,0.03949106897397289,0.03489426086792287,0.07954881194538808
1.936847949807163,150.0,0.5389559587975633,1.0,0.03930020595175855,0.03491642507817963,0.07959933992763442
1.9683191420188486,150.0,0.5389559587975633,1.0,0.039110145320123545,0.034938496109813824,0.07964965548959903
2.0003016990691225,150.0,0.5389559587975633,1.0,0.03892088486537827,0.034960474219892956,0.0796997592173214
2.0328039299536034,150.0,0.5389559587975633,1.0,0.0387324223685072,0.03498235966610303,0.07974965169825103
2.065834278677987,150.0,0.5389559587975633,1.0,0.03854475560530709,0.03500415270673246,0.0797993335212107
2.0994013264517872,150.0,0.5389559587975633,1.0,0.038357882346524014,0.03502585360065618,0.07984880527636032
2.133513793917707,150.0,0.5389559587975633,1.0,0.0381718003579895,0.035047462607319835,0.07989806755516084
2.1681805434172494,150.0,0.5389559587975633,1.0,0.03798650740075564,0.035068979986724085,0.07994712095033848
2.2034105812931264,150.0,0.5389559587975633,1.0,0.037802001231229176,0.03509040599940904,0.07999596605584929
2.2392130602290905,150.0,0.5389559587975633,1.0,0.037618279601304656,0.0351117409064388,0.08004460346684379
2.2755972816277827,150.0,0.5389559587975633,1.0,0.037435340258496465,0.035132984969386105,0.08009303377963213
2.312572698027209,150.0,0.5389559587975633,1.0,0.03725318094607003,0.03515413845031712,0.08014125759164925
2.350148915556498,150.0,0.5389559587975633,1.0,0.037071799403171866,0.035175201611776306,0.08018927550142056
2.38833569643154,150.0,0.5389559587975633,1.0,0.03689119336495873,0.03519617471677147,0.08023708810852768
2.4271429614912012,150.0,0.5389559587975633,1.0,0.036711360562725684,0.035217058028758845,0.08028469601357455
2.4665807927747214,150.0,0.5389559587975633,1.0,0.036532298724033255,0.03523785181162834,0.08033209981815374
2.506659436141019,150.0,0.5389559587975633,1.0,0.0363540055728335,0.03525855632968891,0.08037930012481319
2.547389303930529,150.0,0.5389559587975633,1.0,0.03617647882959514,0.035279171847654014,0.08042629753702288
2.588780977670313,150.0,0.5389559587975633,1.0,0.03599971621142766,0.035299698630627194,0.08047309265914218
2.6308452108231166,150.0,0.5389559587975633,1.0,0.035823715432204424,0.0353201369440878,0.08051968609638716
2.6735929315810876,150.0,0.5389559587975633,1.0,0.03564847420268479,0.03534048705387683,0.08056607845479825
2.717035245704904,150.0,0.5389559587975633,1.0,0.03547399023063517,0.035360749226182785,0.08061227034120824
2.761183439409017,150.0,0.5389559587975633,1.0,0.0353002612209492,0.035380923727527804,0.0806582623632104
2.8060489822937935,150.0,0.5389559587975633,1.0,0.035127284875766863,0.035401010824753804,0.08070405512912707
2.851643530325281,150.0,0.5389559587975633,1.0,0.03495505889459255,0.03542101078500874,0.08074964924797821
2.897978928863412,150.0,0.5389559587975633,1.0,0.034783580974412226,0.03544092387573304,0.08079504532945062
2.9450672157393933,150.0,0.5389559587975633,1.0,0.03461284880980954,0.0354607503646461,0.08084024398386692
2.992920624383109,150.0,0.5389559587975633,1.0,0.03444286009308102,0.035480490519732906,0.08088524582215538
3.0415515870013454,150.0,0.5389559587975633,1.0,0.03427361251435013,0.035500144609230795,0.08093005145581941
3.0909727378076357,150.0,0.5389559587975633,1.0,0.03410510376168049,0.03551971290161631,0.08097466149690782
3.1411969163046156,150.0,0.5389559587975633,1.0,0.03393733152118804,0.03553919566559218,0.08101907655798504
3.192237170619683,150.0,0.5389559587975633,1.0,0.03377029347715219,0.03555859317007438,0.0810632972521016
3.2441067608948835,150.0,0.5389559587975633,1.0,0.033603987312126084,0.03557790568417936,0.08110732419276513
3.296819162731856,150.0,0.5389559587975633,1.0,0.033438410707045736,0.035597133477211364,0.08115115799391132
3.350388070692768,150.0,0.5389559587975633,1.0,0.033273561341338326,0.035616276818649865,0.08119479926987534
3.404827401858133,150.0,0.5389559587975633,1.0,0.03310943689302942,0.03563533597813707,0.08123824863536336
3.4601512994424306,150.0,0.5389559587975633,1.0,0.03294603503884928,0.03565431122546562,0.0812815067054245
3.516374136468491,150.0,0.5389559587975633,1.0,0.03278335345433813,0.03567320283056637,0.08132457409542293
3.57351051950156,150.0,0.5389559587975633,1.0,0.032621389813950546,0.035692011063496204,0.08136745142101019
3.631575292444068,150.0,0.5389559587975633,1.0,0.03246014179115874,0.03571073619442613,0.08141013929809793
3.6905835403920246,150.0,0.5389559587975633,1.0,0.03229960705855504,0.0357293784936293,0.0814526383428307
3.7505505935541095,150.0,0.5389559587975633,1.0,0.03213978328795322,0.035747938231469295,0.08149494917155917
3.811492031234411,150.0,0.5389559587975633,1.0,0.0319806681504891,0.03576641567838841,0.0815370724008135
3.873423685879901,150.0,0.5389559587975633,1.0,0.0318222593167199,0.03578481110489614,0.08157900864727699
3.9363616471936735,150.0,0.5389559587975633,1.0,0.031664554456722935,0.03580312478155773,0.08162075852776006
4.000322266314999,150.0,0.5389559587975633,1.0,0.03150755124019309,0.03582135697898278,0.08166232265917431
4.06532216006733,150.0,0.5389559587975633,1.0,0.03135124733653954,0.03583950796781413,0.08170370165850696
4.131378215275298,150.0,0.5389559587975633,1.0,0.031195640414981407,0.03585757801871665,0.08174489614279562
4.198507593151886,150.0,0.5389559587975633,1.0,0.031040728144642545,0.03587556740236628,0.08178590672910306
4.26672773375686,150.0,0.5389559587975633,1.0,0.0308865081946453,0.035893476389439155,0.08182673403449246
4.336056360527672,150.0,0.5389559587975633,1.0,0.030732978234203408,0.03591130525060077,0.08186737867600283
4.406511484883952,150.0,0.5389559587975633,1.0,0.030580135932713925,0.03592905425649535,0.08190784127062462
4.478111410906841,150.0,0.5389559587975633,1.0,0.030427978959848223,0.03594672367773526,0.08194812243527565
4.550874740094362,150.0,0.5389559587975633,1.0,0.03027650498564204,0.035964313784890546,0.08198822278677735
4.6248203761940205,150.0,0.5389559587975633,1.0,0.03012571168058464,0.0359818248484786,0.082028142941831
4.699967530113983,150.0,0.5389559587975633,1.0,0.02997559671570704,0.0359992571389539,0.0820678835169945
4.776335724914004,150.0,0.5389559587975633,1.0,0.029826157762669274,0.036016610926697855,0.08210744512865922
4.853944800877492,150.0,0.5389559587975633,1.0,0.029677392493846814,0.03603388648200884,0.08214682839302717
4.932814920665952,150.0,0.5389559587975633,1.0,0.02952929858241603,0.03605108407509217,0.08218603392608825
5.0129665745572165,150.0,0.5389559587975633,1.0,0.029381873702438728,0.036068203976050386,0.08222506234359804
5.094420585768759,150.0,0.5389559587975633,1.0,0.029235115528945834,0.03608524645487345,0.0822639142610555
5.177198115867523,150.0,0.5389559587975633,1.0,0.029089021738020148,0.0361022117814292,0.08230259029368113
5.261320670267659,150.0,0.5389559587975633,1.0,0.02894359000687819,0.03611910022545382,0.08234109105639535
5.346810103817561,150.0,0.5389559587975633,1.0,0.028798818013951167,0.036135912056542395,0.08237941716379696
5.433688626477731,150.0,0.5389559587975633,1.0,0.028654703438965045,0.036152647544139715,0.08241756923014198
5.521978809090854,150.0,0.5389559587975633,1.0,0.028511243963019756,0.03616930695753099,0.08245554786932276
5.6117035892456695,150.0,0.5389559587975633,1.0,0.028368437268667487,0.03618589056583277,0.08249335369484712
5.7028862772360895,150.0,0.5389559587975633,1.0,0.02822628103999011,0.03620239863798399,0.08253098731981796
5.795550562117178,150.0,0.5389559587975633,1.0,0.02808477296267571,0.03621883144273704,0.08256844935691293
5.889720517859493,150.0,0.5389559587975633,1.0,0.02794391072409436,0.03623518924864902,0.08260574041836445
5.985420609603459,150.0,0.5389559587975633,1.0,0.02780369201337282,0.03625147232407299,0.08264286111593981
6.0826757000153675,150.0,0.5389559587975633,1.0,0.027664114521468573,0.036267680937149445,0.08267981206092172
6.181511055746615,150.0,0.5389559587975633,1.0,0.02752517594124293,0.036283815355797805,0.08271659386408885
6.281952353997947,150.0,0.5389559587975633,1.0,0.027386873967533202,0.03629987584770799,0.08275320713569674
6.384025689190314,150.0,0.5389559587975633,1.0,0.027249206297224188,0.03631586268033218,0.0827896524854589
6.487757579744165,150.0,0.5389559587975633,1.0,0.02711217062931868,0.03633177612087658,0.08282593052252818
6.5931749749688535,150.0,0.5389559587975633,1.0,0.026975764665007163,0.03634761643629337,0.08286204185547817
6.700305262064014,150.0,0.5389559587975633,1.0,0.02683998610773675,0.036363383893272656,0.08289798709228514
6.809176273234706,150.0,0.5389559587975633,1.0,0.026704832663279148,0.0363790787582346,0.08293376684030995
6.91981629292213,150.0,0.5389559587975633,1.0,0.026570302039797978,0.03639470129732162,0.08296938170628024
7.032254065151896,150.0,0.5389559587975633,1.0,0.026436391947915066,0.036410251776390644,0.0830048322962728
7.146518801001622,150.0,0.5389559587975633,1.0,0.02630310010077609,0.03642573046100553,0.08304011921569636
7.262640186189929,150.0,0.5389559587975633,1.0,0.026170424214115345,0.03644113761642953,0.08307524306927437
7.380648388788724,150.0,0.5389559587975633,1.0,0.026038362006319624,0.03645647350761787,0.08311020446102797
7.500574067060762,150.0,0.5389559587975633,1.0,0.025906911198491478,0.03647173839921039,0.08314500399425942
7.622448377424644,150.0,0.5389559587975633,1.0,0.025776069514511512,0.036486932555524355,0.08317964227153554
7.7463029825491585,150.0,0.5389559587975633,1.0,0.02564583468109989,0.03650205624054726,0.0832141198946714
7.872170059579146,150.0,0.5389559587975633,1.0,0.025516204427877217,0.036517109717929784,0.08324843746471419
8.000082308495097,150.0,0.5389559587975633,1.0,0.025387176487424414,0.03653209325097885,0.08328259558192748
8.130072960608505,150.0,0.5389559587975633,1.0,0.025258748595341968,0.03654700710265071,0.08331659484577537
8.262175787195291,150.0,0.5389559587975633,1.0,0.025130918490308327,0.03656185153554419,0.08335043585490721
8.396425108269481,150.0,0.5389559587975633,1.0,0.025003683914137594,0.03657662681189401,0.08338411920714217
8.532855801499517,150.0,0.5389559587975633,1.0,0.024877042611836347,0.03659133319356413,0.08341764549945428
8.671503311269365,150.0,0.5389559587975633,1.0,0.024750992331659782,0.036605970942041245,0.08345101532795753
8.812403657886863,150.0,0.5389559587975633,1.0,0.024625530825167115,0.03662054031842841,0.08348422928789126
8.955593446941768,150.0,0.5389559587975633,1.0,0.02450065584727612,0.036635041583438645,0.08351728797360568
9.101109878815766,150.0,0.5389559587975633,1.0,0.02437636515631703,0.03664947499738869,0.08355019197854757
9.248990758347073,150.0,0.5389559587975633,1.0,0.024252656514085636,0.036663840820192826,0.08358294189524627
9.399274504651999,150.0,0.5389559587975633,1.0,0.024129527685895706,0.03667813931135685,0.08361553831529983
9.55200016110621,150.0,0.5389559587975633,1.0,0.02400697644063056,0.036692370729972,0.0836479818293613
9.707207405488067,150.0,0.5389559587975633,1.0,0.023885000550794008,0.03670653533470908,0.08368027302712518
9.864936560286841,150.0,0.5389559587975633,1.0,0.023763597792560584,0.036720633383812665,0.08371241249731436
10.025228603178372,150.0,0.5389559587975633,1.0,0.02364276594582496,0.03673466513509529,0.08374440082766675
10.188125177671026,150.0,0.5389559587975633,1.0,0.02352250279425071,0.03674863084593182,0.08377623860492257
10.35366860392456,150.0,0.5389559587975633,1.0,0.02340280612531837,0.03676253077325389,0.08380792641481151
10.521901889744768,150.0,0.5389559587975633,1.0,0.023283673730372788,0.03677636517354437,0.08383946484204027
10.692868741756882,150.0,0.5389559587975633,1.0,0.023165103404669724,0.036790134302832,0.08387085447028025
10.8666135767604,150.0,0.5389559587975633,1.0,0.02304709294742183,0.03680383841668597,0.08390209588215523
11.043181533268498,150.0,0.5389559587975633,1.0,0.022929640161843866,0.03681747777021076,0.08393318965922955
11.222618483234871,150.0,0.5389559587975633,1.0,0.022812742855197337,0.03683105261804091,0.08396413638199625
11.404971043971225,150.0,0.5389559587975633,1.0,0.022696398838834293,0.03684456321433594,0.0839949366298654
11.590286590258312,150.0,0.5389559587975633,1.0,0.022580605928240582,0.03685800981277531,0.08402559098115278
11.778613266653766,150.0,0.5389559587975633,1.0,0.022465361943078414,0.03687139266655352,0.08405610001306851
11.97,150.0,0.5389559587975633,1.0,0.022350664707228195,0.036884712028375205,0.08408646430170601
0.07,150.0,0.5389559587975633,1.5,0.0978536164334802,0.028116836105362506,0.09614736860213315
0.07113740650371515,150.0,0.5389559587975633,1.5,0.09747218181772625,0.02816113068335196,0.0962988368221373
0.07229329434392588,150.0,0.5389559587975633,1.5,0.09709163781524721,0.028205321837746565,0.09644995137836299
0.07346796381766552,150.0,0.5389559587975633,1.5,0.09671198700384794,0.028249409269195454,0.09660071124716021
0.07466172010139292,150.0,0.5389559587975633,1.5,0.09633323192248922,0.02829339268285859,0.09675111542030411
0.07587487333027698,150.0,0.5389559587975633,1.5,0.0959553750713324,0.02833727178840158,0.09690116290497716
0.07710773867876865,150.0,0.5389559587975633,1.5,0.09557841891178678,0.02838104629999014,0.09705085272375022
0.07836063644248291,150.0,0.5389559587975633,1.5,0.09520236586656021,0.028424715936284258,0.09720018391456264
0.07963389212141056,150.0,0.5389559587975633,1.5,0.09482721831971253,0.02846828042043196,0.09734915553070092
0.08092783650448258,150.0,0.5389559587975633,1.5,0.09445297861671183,0.028511739480062793,0.09749776664077638
0.08224280575550821,150.0,0.5389559587975633,1.5,0.09407964906449381,0.02855509284728093,0.09764601632870165
0.08357914150050955,150.0,0.5389559587975633,1.5,0.09370723193152382,0.028598340258657956,0.09779390369366595
0.08493719091647536,150.0,0.5389559587975633,1.5,0.09333572944786174,0.028641481455225347,0.09794142785010938
0.08631730682155667,150.0,0.5389559587975633,1.5,0.09296514380522984,0.028684516182466563,0.09808858792769594
0.08771984776672828,150.0,0.5389559587975633,1.5,0.0925954771570832,0.02872744419030893,0.09823538307128564
0.08914517812893936,150.0,0.5389559587975633,1.5,0.09222673161868304,0.028770265233115034,0.09838181244090527
0.09059366820577794,150.0,0.5389559587975633,1.5,0.09185890926717266,0.028812979069673984,0.09852787521171828
0.09206569431167314,150.0,0.5389559587975633,1.5,0.09149201214165627,0.028855585463192224,0.09867357057399358
0.0935616388756609,150.0,0.5389559587975633,1.5,0.09112604224328025,0.028898084181284103,0.09881889773307313
0.09508189054073839,150.0,0.5389559587975633,1.5,0.09076100153531708,0.028940474995962112,0.0989638559093387
0.09662684426483215,150.0,0.5389559587975633,1.5,0.09039689194325215,0.02898275768362681,0.0991084443381773
0.09819690142340773,150.0,0.5389559587975633,1.5,0.09003371535487285,0.029024932025056505,0.09925266226994593
0.09979246991374564,150.0,0.5389559587975633,1.5,0.0896714736203604,0.02906699780539656,0.09939650896993506
0.10141396426091268,150.0,0.5389559587975633,1.5,0.08931016855238402,0.029108954814148456,0.09953998371833117
0.10306180572545404,150.0,0.5389559587975633,1.5,0.0889498019261979,0.02915080284515856,0.09968308581017836
0.10473642241283626,150.0,0.5389559587975633,1.5,0.08859037547974033,0.029192541696606584,0.09982581455533888
0.1064382493846679,150.0,0.5389559587975633,1.5,0.0882318909137354,0.029234171170993785,0.09996816927845284
0.1081677287717275,150.0,0.5389559587975633,1.5,0.08787434989179722,0.029275691075130877,0.10011014931889677
0.10992530988882832,150.0,0.5389559587975633,1.5,0.08751775404053624,0.02931710122012565,0.1002517540307413
0.11171144935154909,150.0,0.5389559587975633,1.5,0.08716210494966829,0.02935840142137034,0.10039298278270811
0.11352661119486189,150.0,0.5389559587975633,1.5,0.08680740417212561,0.02939959149852873,0.10053383495812562
0.11537126699368723,150.0,0.5389559587975633,1.5,0.08645365322417031,0.029440671275522953,0.10067430995488401
0.11724589598540829,150.0,0.5389559587975633,1.5,0.0861008535855102,0.02948164058052007,0.10081440718538925
0.11915098519437557,150.0,0.5389559587975633,1.5,0.08574900669941667,0.029522499245918366,0.10095412607651627
0.12108702955843481,150.0,0.5389559587975633,1.5,0.08539811397284479,0.02956324710833339,0.10109346606956118
0.12305453205751066,150.0,0.5389559587975633,1.5,0.08504817677655574,0.029603884008583773,0.10123242662019287
0.1250540038442797,150.0,0.5389559587975633,1.5,0.08469919644524126,0.029644409791676745,0.10137100719840333
0.12708596437696687,150.0,0.5389559587975633,1.5,0.08435117427765018,0.02968482430679345,0.10150920728845761
0.12915094155429926,150.0,0.5389559587975633,1.5,0.08400411153671712,0.029725127407274014,0.1016470263888426
0.13124947185265348,150.0,0.5389559587975633,1.5,0.08365800944969318,0.02976531895060233,0.10178446401221514
0.13338210046543034,150.0,0.5389559587975633,1.5,0.08331286920827875,0.029805398798390698,0.10192151968534938
0.13554938144469558,150.0,0.5389559587975633,1.5,0.08296869196875807,0.02984536681636413,0.10205819294908318
0.1377518778451207,150.0,0.5389559587975633,1.5,0.08262547885213616,0.029885222874344513,0.10219448335826394
0.13999016187026372,150.0,0.5389559587975633,1.5,0.08228323094427716,0.02992496684623449,0.10233039048169343
0.14226481502122615,150.0,0.5389559587975633,1.5,0.08194194929604505,0.02996459861000115,0.1024659139020721
0.14457642824772576,150.0,0.5389559587975633,1.5,0.08160163492344592,0.0300041180476595,0.10260105321594257
0.14692560210162386,150.0,0.5389559587975633,1.5,0.08126228880777221,0.030043525045255714,0.10273580803363215
0.14931294689294736,150.0,0.5389559587975633,1.5,0.08092391189574874,0.030082819492850167,0.10287017797919515
0.15173908284844612,150.0,0.5389559587975633,1.5,0.08058650509968049,0.0301220012845003,0.10300416269035398
0.15420464027272593,150.0,0.5389559587975633,1.5,0.08025006929760216,0.0301610703182432,0.1031377618184398
0.15671025971200095,150.0,0.5389559587975633,1.5,0.0799146053334294,0.030200026496078117,0.10327097502833256
0.15925659212050547,150.0,0.5389559587975633,1.5,0.07958011401711178,0.030238869723948614,0.1034038019984001
0.16184429902961076,150.0,0.5389559587975633,1.5,0.07924659612478738,0.030277599911724684,0.10353624242043698
0.16447405271968923,150.0,0.5389559587975633,1.5,0.07891405239893898,0.030316216973184568,0.10366829599960217
0.1671465363947715,150.0,0.5389559587975633,1.5,0.07858248354855185,0.030354720825996447,0.10379996245435666
0.1698624443600411,150.0,0.5389559587975633,1.5,0.07825189024927323,0.030393111391699944,0.10393124151640001
0.17262248220221332,150.0,0.5389559587975633,1.5,0.07792227314357311,0.030431388595687402,0.10406213293060644
0.17542736697284544,150.0,0.5389559587975633,1.5,0.07759363284090667,0.030469552367185074,0.10419263645496046
0.1782778273746245,150.0,0.5389559587975633,1.5,0.07726596991787822,0.03050760263923406,0.10432275186049172
0.18117460395068308,150.0,0.5389559587975633,1.5,0.07693928491840642,0.03054553934867111,0.10445247893120935
0.18411844927699048,150.0,0.5389559587975633,1.5,0.07661357835389103,0.030583362436109277,0.10458181746403575
0.18711012815787037,150.0,0.5389559587975633,1.5,0.0762888507033811,0.03062107184591838,0.10471076726873989
0.19015041782469516,150.0,0.5389559587975633,1.5,0.07596510241374434,0.030658667526205354,0.10483932816787
0.19324010813780876,150.0,0.5389559587975633,1.5,0.07564233389983788,0.030696149428794374,0.10496749999668571
0.19638000179173107,150.0,0.5389559587975633,1.5,0.07532054554468046,0.03073351750920691,0.10509528260308974
0.19957091452369533,150.0,0.5389559587975633,1.5,0.07499973769962565,0.030770771726641586,0.10522267584755912
0.20281367532557576,150.0,0.5389559587975633,1.5,0.07467991068453643,0.03080791204395391,0.1053496796030758
0.20610912665925685,150.0,0.5389559587975633,1.5,0.07436106478796103,0.030844938427635846,0.10547629375505688
0.20945812467550373,150.0,0.5389559587975633,1.5,0.07404320026730976,0.03088185084779529,0.10560251820128431
0.2128615394363879,150.0,0.5389559587975633,1.5,0.0737263173490332,0.030918649278135403,0.10572835285183434
0.21632025514132733,150.0,0.5389559587975633,1.5,0.07341041622880133,0.030955333695933746,0.10585379762900608
0.21983517035679967,150.0,0.5389559587975633,1.5,0.07309549707168381,0.030991904082021397,0.10597885246725018
0.22340719824978741,150.0,0.5389559587975633,1.5,0.07278156001233133,0.03102836042076187,0.10610351731309663
0.2270372668250172,150.0,0.5389559587975633,1.5,0.072468605155158,0.031064702700029947,0.10622779212508242
0.23072631916605266,150.0,0.5389559587975633,1.5,0.07215663257452476,0.031100930911190375,0.10635167687367877
0.23447531368030577,150.0,0.5389559587975633,1.5,0.07184564231492359,0.031137045049076467,0.10647517154121784
0.23828522434802898,150.0,0.5389559587975633,1.5,0.07153563439116283,0.031173045111968577,0.1065982761218192
0.24215704097535276,150.0,0.5389559587975633,1.5,0.07122660878855346,0.0312089311015725,0.1067209906213159
0.24609176945143527,150.0,0.5389559587975633,1.5,0.07091856546309606,0.0312447030229977,0.10684331505718013
0.2500904320097899,150.0,0.5389559587975633,1.5,0.0706115043416689,0.031280360884735556,0.1069652494584487
0.2541540674938593,150.0,0.5389559587975633,1.5,0.07030542532221648,0.031315904698637376,0.1070867938656479
0.2582837316269046,150.0,0.5389559587975633,1.5,0.0700003282739393,0.031351334479892426,0.10720794833071848
0.2624804972862797,150.0,0.5389559587975633,1.5,0.06969621303748416,0.0313866502470058,0.1073287129169398
0.26674545478216244,150.0,0.5389559587975633,1.5,0.06939307942513512,0.031421852021776234,0.10744908769885407
0.271079712140815,150.0,0.5389559587975633,1.5,0.06909092722100552,0.03145693982927386,0.10756907276219026
0.27548439539244624,150.0,0.5389559587975633,1.5,0.06878975618123029,0.031491913697817814,0.10768866820378747
0.27996064886375194,150.0,0.5389559587975633,1.5,0.06848956603415927,0.0315267736589538,0.10780787413151839
0.2845096354752082,150.0,0.5389559587975633,1.5,0.06819035648055094,0.031561519747431634,0.10792669066421225
0.2891325370431956,150.0,0.5389559587975633,1.5,0.06789212719376687,0.031596152001182605,0.1080451179315776
0.2938305545870325,150.0,0.5389559587975633,1.5,0.06759487781996673,0.03163067046129689,0.10816315607412497
0.29860490864099704,150.0,0.5389559587975633,1.5,0.06729860797830385,0.03166507517200077,0.10828080524308907
0.3034568395714189,150.0,0.5389559587975633,1.5,0.06700331726112137,0.031699366180633924,0.10839806560035103
0.30838760789892417,150.0,0.5389559587975633,1.5,0.06670900523414879,0.03173354353762656,0.10851493731836025
0.3133984946259154,150.0,0.5389559587975633,1.5,0.06641567143669919,0.03176760729647653,0.10863142058005618
0.31849080156937315,150.0,0.5389559587975633,1.5,0.06612331538186667,0.0318015575137264,0.10874751557878984
0.32366585169906525,150.0,0.5389559587975633,1.5,0.06583193655672438,0.031835394248940455,0.10886322251824515
0.32892498948125115,150.0,0.5389559587975633,1.5,0.065541534422523,0.03186911756468164,0.10897854161236027
0.3342695812279712,150.0,0.5389559587975633,1.5,0.06525210841488946,0.0319027275264885,0.10909347308524854
0.33970101545201153,150.0,0.5389559587975633,1.5,0.06496365794402602,0.03193622420285202,0.10920801717111941
0.34522070322763665,150.0,0.5389559587975633,1.5,0.06467618239490995,0.03196960766519252,0.10932217411419935
0.3508300785571827,150.0,0.5389559587975633,1.5,0.06438968112749312,0.03200287798783638,0.10943594416865228
0.35653059874360876,150.0,0.5389559587975633,1.5,0.06410415347690226,0.03203603524799287,0.10954932759850036
0.36232374476910056,150.0,0.5389559587975633,1.5,0.06381959875363916,0.03206907952573083,0.1096623246775443
0.36821102167982617,150.0,0.5389559587975633,1.5,0.06353601624378136,0.03210201090395542,0.10977493568928369
0.3741939589769437,150.0,0.5389559587975633,1.5,0.06325340520918284,0.03213482946838476,0.10988716092683733
0.380274111013962,150.0,0.5389559587975633,1.5,0.06297176488767521,0.03216753530752665,0.1099990006928634
0.3864530574005587,150.0,0.5389559587975633,1.5,0.06269109449326868,0.03220012851265513,0.11011045529947952
0.3927324034129586,150.0,0.5389559587975633,1.5,0.06241139321635346,0.03223260917778716,0.11022152506818286
0.39911378041098106,150.0,0.5389559587975633,1.5,0.062132660223901265,0.03226497739965923,0.11033221032977016
0.40559884626186365,150.0,0.5389559587975633,1.5,0.06185489465966674,0.03229723327770389,0.1104425114242576
0.41218928577097214,150.0,0.5389559587975633,1.5,0.06157809564438919,0.03232937691402642,0.11055242870080086
0.4188868111195092,150.0,0.5389559587975633,1.5,0.06130226227599423,0.03236140841338133,0.11066196251761491
0.4256931623093351,150.0,0.5389559587975633,1.5,0.06102739362979552,0.03239332788314901,0.11077111324189405
0.4326101076150165,150.0,0.5389559587975633,1.5,0.0607534887586965,0.03242513543331225,0.11087988124973161
0.43963944404321964,150.0,0.5389559587975633,1.5,0.06048054669339217,0.032456831176432804,0.11098826692603997
0.44678299779956904,150.0,0.5389559587975633,1.5,0.06020856644257077,0.03248841522762802,0.11109627066447039
0.45404262476309154,150.0,0.5389559587975633,1.5,0.05993754699311551,0.03251988770454737,0.11120389286733302
0.46142021096836905,150.0,0.5389559587975633,1.5,0.05966748731030608,0.03255124872734905,0.1113111339455167
0.46891767309552657,150.0,0.5389559587975633,1.5,0.059398386338020304,0.03258249841867659,0.11141799431840904
0.47653695896818105,150.0,0.5389559587975633,1.5,0.059130242998935476,0.03261363690363545,0.11152447441381642
0.4842800480594816,150.0,0.5389559587975633,1.5,0.058863056194729695,0.03264466430976968,0.11163057466788398
0.49214895200637193,150.0,0.5389559587975633,1.5,0.05859682480628295,0.03267558076703846,0.11173629552501582
0.5001457151322095,150.0,0.5389559587975633,1.5,0.05833154769387822,0.03270638640779292,0.11184163743779522
0.5082724149778756,150.0,0.5389559587975633,1.5,0.05806722369740218,0.032737081366752664,0.11194660086690475
0.5165311628415161,150.0,0.5389559587975633,1.5,0.05780385163654588,0.03276766578098257,0.1120511862810468
0.5249241043270515,150.0,0.5389559587975633,1.5,0.057541430311005067,0.032798139789869486,0.1121553941568638
0.5334534199016003,150.0,0.5389559587975633,1.5,0.05727995850068042,0.032828503535098995,0.11225922497885897
0.5421213254619597,150.0,0.5389559587975633,1.5,0.05701943496587734,0.032858757160632204,0.11236267923931674
0.5509300729102896,150.0,0.5389559587975633,1.5,0.05675985844750565,0.03288890081268256,0.11246575743822358
0.5598819507391527,150.0,0.5389559587975633,1.5,0.05650122766727889,0.032918934639692685,0.11256846008318884
0.5689792846260587,150.0,0.5389559587975633,1.5,0.056243541327913385,0.0329488587923113,0.11267078768936567
0.578224438037671,150.0,0.5389559587975633,1.5,0.05598679811332684,0.032978673423370124,0.11277274077937222
0.587619812843829,150.0,0.5389559587975633,1.5,0.055730996688836805,0.03300837868786084,0.11287431988321271
0.5971678499415497,150.0,0.5389559587975633,1.5,0.05547613570135865,0.03303797474291213,0.11297552553819902
0.6068710298891653,150.0,0.5389559587975633,1.5,0.0552222137796031,0.033067461747766695,0.11307635828887197
0.6167318735507686,150.0,0.5389559587975633,1.5,0.05496922953427359,0.033096839863758346,0.11317681868692318
0.6267529427511266,150.0,0.5389559587975633,1.5,0.05471718155826304,0.03312610925428919,0.11327690729111689
0.6369368409412369,150.0,0.5389559587975633,1.5,0.05446606842685016,0.03315527008480679,0.11337662466721188
0.6472862138746988,150.0,0.5389559587975633,1.5,0.054215888697895606,0.03318432252278139,0.11347597138788369
0.6578037502950733,150.0,0.5389559587975633,1.5,0.05396664091203734,0.03321326673768327,0.11357494803264707
0.6684921826344135,150.0,0.5389559587975633,1.5,0.053718323592885704,0.03324210290096004,0.11367355518777837
0.6793542877231437,150.0,0.5389559587975633,1.5,0.05347093524721806,0.03327083118601408,0.11377179344623846
0.6903928875114731,150.0,0.5389559587975633,1.5,0.053224474365172726,0.033299451768179986,0.11386966340759545
0.7016108498025333,150.0,0.5389559587975633,1.5,0.05297893942044265,0.03332796482470211,0.1139671656779481
0.7130110889974258,150.0,0.5389559587975633,1.5,0.05273432887046832,0.033356370534712104,0.11406430086984884
0.7245965668523785,150.0,0.5389559587975633,1.5,0.05249064115663035,0.03338466907920664,0.11416106960222769
0.7363702932482008,150.0,0.5389559587975633,1.5,0.05224787470444139,0.03341286064102504,0.11425747250031576
0.7483353269722451,150.0,0.5389559587975633,1.5,0.05200602792373746,0.03344094540482713,0.11435351019556939
0.7604947765130741,150.0,0.5389559587975633,1.5,0.05176509920886875,0.03346892355707101,0.11444918332559435
0.772851800868036,150.0,0.5389559587975633,1.5,0.051525086938889894,0.03349679528599103,0.11454449253407036
0.7854096103639683,150.0,0.5389559587975633,1.5,0.05128598947774942,0.03352456078157573,0.11463943847067572
0.79817146749123,150.0,0.5389559587975633,1.5,0.05104780517447887,0.03355222023554592,0.11473402179101233
0.8111406877512927,150.0,0.5389559587975633,1.5,0.05081053236338105,0.03357977384133278,0.11482824315653085
0.8243206405180964,150.0,0.5389559587975633,1.5,0.05057416936421778,0.03360722179405612,0.11492210323445624
0.8377147499134094,150.0,0.5389559587975633,1.5,0.050338714482396955,0.033634564290502586,0.1150156026977134
0.851326495696404,150.0,0.5389559587975633,1.5,0.050104166009158894,0.033661801529104064,0.11510874222485319
0.8651594141676908,150.0,0.5389559587975633,1.5,0.04987052222176209,0.03368893370991609,0.11520152249997866
0.8792170990880438,150.0,0.5389559587975633,1.5,0.049637781383668214,0.03371596103459636,0.1152939442126716
0.8935032026120476,150.0,0.5389559587975633,1.5,0.04940594174472649,0.033742883706383384,0.11538600805791935
0.9080214362369227,150.0,0.5389559587975633,1.5,0.04917500154135724,0.03376970193007507,0.1154777147360419
0.9227755717667598,150.0,0.5389559587975633,1.5,0.04894495899673486,0.033796415912007535,0.11556906495261914
0.9377694422924309,150.0,0.5389559587975633,1.5,0.04871581232096993,0.03382302586003397,0.11566005941841868
0.9530069431874123,150.0,0.5389559587975633,1.5,0.04848755971129071,0.03384953198350352,0.11575069884932374
0.9684920331197987,150.0,0.5389559587975633,1.5,0.04826019935222379,0.03387593449324033,0.11584098396626127
0.9842287350807524,150.0,0.5389559587975633,1.5,0.048033729415774024,0.033902233601522655,0.11593091549513078
1.0002211374296686,150.0,0.5389559587975633,1.5,0.04780814806160369,0.03392842952206204,0.11602049416673291
1.0164733949563238,150.0,0.5389559587975633,1.5,0.04758345343721089,0.03395452246998264,0.11610972071669878
1.0329897299602766,150.0,0.5389559587975633,1.5,0.04735964367810713,0.033980512661800515,0.11619859588541936
1.049774433347816,150.0,0.5389559587975633,1.5,0.04713671690799413,0.03400640031540319,0.11628712041797537
1.0668318657467253,150.0,0.5389559587975633,1.5,0.04691467123893986,0.03403218565002917,0.11637529506406724
1.0841664586391664,150.0,0.5389559587975633,1.5,0.046693504771553616,0.03405786888624759,0.11646312057794564
1.1017827155129665,150.0,0.5389559587975633,1.5,0.046473215595160586,0.034083450245938,0.11655059771834225
1.1196852130316142,150.0,0.5389559587975633,1.5,0.04625380178797522,0.03410892995227017,0.11663772724840081
1.1378786022232688,150.0,0.5389559587975633,1.5,0.04603526141727401,0.03413430822968407,0.1167245099356085
1.156367609689083,150.0,0.5389559587975633,1.5,0.04581759253956737,0.0341595853038699,0.11681094655172779
1.1751570388311672,150.0,0.5389559587975633,1.5,0.04560079320077062,0.034184761401748205,0.1168970378727284
1.194251771100498,150.0,0.5389559587975633,1.5,0.04538486143637421,0.034209836751450146,0.11698278467871986
1.2136567672651126,150.0,0.5389559587975633,1.5,0.04516979527161293,0.03423481158229785,0.11706818775388422
1.2333770686989012,150.0,0.5389559587975633,1.5,0.044955592721634394,0.03425968612478479,0.11715324788640907
1.2534177986913475,150.0,0.5389559587975633,1.5,0.0447422517916666,0.03428446061055642,0.11723796586842124
1.2737841637785454,150.0,0.5389559587975633,1.5,0.044529770477184545,0.03430913527239073,0.11732234249592037
1.2944814550958457,150.0,0.5389559587975633,1.5,0.04431814676407608,0.03433371034417905,0.11740637856871322
1.3155150497524837,150.0,0.5389559587975633,1.5,0.04410737862880672,0.03435818606090687,0.11749007489034817
1.3368904122285346,150.0,0.5389559587975633,1.5,0.043897464038583675,0.034382562658634847,0.11757343226805009
1.3586130957945797,150.0,0.5389559587975633,1.5,0.0436884009515189,0.034406840374479816,0.11765645151265558
1.3806887439544264,150.0,0.5389559587975633,1.5,0.04348018731679127,0.03443101944659596,0.11773913343854857
1.4031230919112843,150.0,0.5389559587975633,1.5,0.04327282107480783,0.034455100114156145,0.11782147886359633
1.425921968057752,150.0,0.5389559587975633,1.5,0.04306630015736412,0.03447908261733322,0.11790348860908573
1.449091295490026,150.0,0.5389559587975633,1.5,0.04286062248780353,0.03450296719728156,0.11798516349966001
1.4726370935467024,150.0,0.5389559587975633,1.5,0.04265578598117584,0.03452675409611866,0.11806650436325583
1.49656547937259,150.0,0.5389559587975633,1.5,0.04245178854439471,0.034550443556906826,0.11814751203104072
1.520882669507932,150.0,0.5389559587975633,1.5,0.04224862807639422,0.03457403582363499,0.11822818733735088
1.545594981503445,150.0,0.5389559587975633,1.5,0.042046302468284606,0.034597531141200656,0.1183085311196294
1.5707088355616095,150.0,0.5389559587975633,1.5,0.04184480960350688,0.03462092975539191,0.11838854421836481
1.5962307562046174,150.0,0.5389559587975633,1.5,0.04164414735798661,0.03464423191286958,0.11846822747703002
1.6221673739694353,150.0,0.5389559587975633,1.5,0.04144431360028667,0.03466743786114953,0.11854758174202175
1.6485254271303966,150.0,0.5389559587975633,1.5,0.04124530619175911,0.03469054784858495,0.11862660786260008
1.6753117634497952,150.0,0.5389559587975633,1.5,0.041047122986695925,0.03471356212434887,0.1187053066908286
1.7025333419569133,150.0,0.5389559587975633,1.5,0.04084976183247909,0.034736480938416824,0.11878367908151502
1.7301972347559649,150.0,0.5389559587975633,1.5,0.04065322056972938,0.034759304541549456,0.11886172589215184
1.7583106288634132,150.0,0.5389559587975633,1.5,0.040457497032454305,0.034782033185275375,0.11893944798285769
1.7868808280751367,150.0,0.5389559587975633,1.5,0.04026258904819515,0.0348046671218741,0.11901684621631896
1.8159152548639446,150.0,0.5389559587975633,1.5,0.04006849443817294,0.034827206604359104,0.11909392145773184
1.845421452307912,150.0,0.5389559587975633,1.5,0.039875211017433465,0.03484965188646097,0.11917067457474471
1.8754070860500616,150.0,0.5389559587975633,1.5,0.03968273659499131,0.034872003222610644,0.11924710643740095
1.905879946289873,150.0,0.5389559587975633,1.5,0.03949106897397289,0.03489426086792287,0.11932321791808215
1.936847949807163,150.0,0.5389559587975633,1.5,0.03930020595175855,0.03491642507817963,0.11939900989145164
1.9683191420188486,150.0,0.5389559587975633,1.5,0.039110145320123545,0.034938496109813824,0.11947448323439855
2.0003016990691225,150.0,0.5389559587975633,1.5,0.03892088486537827,0.034960474219892956,0.11954963882598213
2.0328039299536034,150.0,0.5389559587975633,1.5,0.0387324223685072,0.03498235966610303,0.11962447754737657
2.065834278677987,150.0,0.5389559587975633,1.5,0.03854475560530709,0.03500415270673246,0.11969900028181606
2.0994013264517872,150.0,0.5389559587975633,1.5,0.038357882346524014,0.03502585360065618,0.11977320791454049
2.133513793917707,150.0,0.5389559587975633,1.5,0.0381718003579895,0.035047462607319835,0.11984710133274128
2.1681805434172494,150.0,0.5389559587975633,1.5,0.03798650740075564,0.035068979986724085,0.11992068142550774
2.2034105812931264,150.0,0.5389559587975633,1.5,0.037802001231229176,0.03509040599940904,0.11999394908377393
2.2392130602290905,150.0,0.5389559587975633,1.5,0.037618279601304656,0.0351117409064388,0.12006690520026571
2.2755972816277827,150.0,0.5389559587975633,1.5,0.037435340258496465,0.035132984969386105,0.1201395506694482
2.312572698027209,150.0,0.5389559587975633,1.5,0.03725318094607003,0.03515413845031712,0.12021188638747389
2.350148915556498,150.0,0.5389559587975633,1.5,0.037071799403171866,0.035175201611776306,0.12028391325213085
2.38833569643154,150.0,0.5389559587975633,1.5,0.03689119336495873,0.03519617471677147,0.12035563216279153
2.4271429614912012,150.0,0.5389559587975633,1.5,0.036711360562725684,0.035217058028758845,0.12042704402036183
2.4665807927747214,150.0,0.5389559587975633,1.5,0.036532298724033255,0.03523785181162834,0.12049814972723064
2.506659436141019,150.0,0.5389559587975633,1.5,0.0363540055728335,0.03525855632968891,0.12056895018721979
2.547389303930529,150.0,0.5389559587975633,1.5,0.03617647882959514,0.035279171847654014,0.12063944630553433
2.588780977670313,150.0,0.5389559587975633,1.5,0.03599971621142766,0.035299698630627194,0.12070963898871329
2.6308452108231166,150.0,0.5389559587975633,1.5,0.035823715432204424,0.0353201369440878,0.12077952914458075
2.6735929315810876,150.0,0.5389559587975633,1.5,0.03564847420268479,0.03534048705387683,0.12084911768219739
2.717035245704904,150.0,0.5389559587975633,1.5,0.03547399023063517,0.035360749226182785,0.12091840551181236
2.761183439409017,150.0,0.5389559587975633,1.5,0.0353002612209492,0.035380923727527804,0.12098739354481561
2.8060489822937935,150.0,0.5389559587975633,1.5,0.035127284875766863,0.035401010824753804,0.1210560826936906
2.851643530325281,150.0,0.5389559587975633,1.5,0.03495505889459255,0.03542101078500874,0.12112447387196734
2.897978928863412,150.0,0.5389559587975633,1.5,0.034783580974412226,0.03544092387573304,0.12119256799417594
2.9450672157393933,150.0,0.5389559587975633,1.5,0.03461284880980954,0.0354607503646461,0.12126036597580041
2.992920624383109,150.0,0.5389559587975633,1.5,0.03444286009308102,0.035480490519732906,0.12132786873323308
3.0415515870013454,150.0,0.5389559587975633,1.5,0.03427361251435013,0.035500144609230795,0.12139507718372913
3.0909727378076357,150.0,0.5389559587975633,1.5,0.03410510376168049,0.03551971290161631,0.12146199224536175
3.1411969163046156,150.0,0.5389559587975633,1.5,0.03393733152118804,0.03553919566559218,0.12152861483697756
3.192237170619683,150.0,0.5389559587975633,1.5,0.03377029347715219,0.03555859317007438,0.1215949458781524
3.2441067608948835,150.0,0.5389559587975633,1.5,0.033603987312126084,0.03557790568417936,0.1216609862891477
3.296819162731856,150.0,0.5389559587975633,1.5,0.033438410707045736,0.035597133477211364,0.12172673699086699
3.350388070692768,150.0,0.5389559587975633,1.5,0.033273561341338326,0.035616276818649865,0.12179219890481303
3.404827401858133,150.0,0.5389559587975633,1.5,0.03310943689302942,0.03563533597813707,0.12185737295304505
3.4601512994424306,150.0,0.5389559587975633,1.5,0.03294603503884928,0.03565431122546562,0.12192226005813676
3.516374136468491,150.0,0.5389559587975633,1.5,0.03278335345433813,0.03567320283056637,0.12198686114313441
3.57351051950156,150.0,0.5389559587975633,1.5,0.032621389813950546,0.035692011063496204,0.12205117713151531
3.631575292444068,150.0,0.5389559587975633,1.5,0.03246014179115874,0.03571073619442613,0.1221152089471469
3.6905835403920246,150.0,0.5389559587975633,1.5,0.03229960705855504,0.0357293784936293,0.12217895751424605
3.7505505935541095,150.0,0.5389559587975633,1.5,0.03213978328795322,0.035747938231469295,0.12224242375733876
3.811492031234411,150.0,0.5389559587975633,1.5,0.0319806681504891,0.03576641567838841,0.12230560860122026
3.873423685879901,150.0,0.5389559587975633,1.5,0.0318222593167199,0.03578481110489614,0.1223685129709155
3.9363616471936735,150.0,0.5389559587975633,1.5,0.031664554456722935,0.03580312478155773,0.1224311377916401
4.000322266314999,150.0,0.5389559587975633,1.5,0.03150755124019309,0.03582135697898278,0.12249348398876146
4.06532216006733,150.0,0.5389559587975633,1.5,0.03135124733653954,0.03583950796781413,0.12255555248776046
4.131378215275298,150.0,0.5389559587975633,1.5,0.031195640414981407,0.03585757801871665,0.12261734421419344
4.198507593151886,150.0,0.5389559587975633,1.5,0.031040728144642545,0.03587556740236628,0.12267886009365461
4.26672773375686,150.0,0.5389559587975633,1.5,0.0308865081946453,0.035893476389439155,0.12274010105173871
4.336056360527672,150.0,0.5389559587975633,1.5,0.030732978234203408,0.03591130525060077,0.12280106801400426
4.406511484883952,150.0,0.5389559587975633,1.5,0.030580135932713925,0.03592905425649535,0.12286176190593692
4.478111410906841,150.0,0.5389559587975633,1.5,0.030427978959848223,0.03594672367773526,0.12292218365291349
4.550874740094362,150.0,0.5389559587975633,1.5,0.03027650498564204,0.035964313784890546,0.12298233418016603
4.6248203761940205,150.0,0.5389559587975633,1.5,0.03012571168058464,0.0359818248484786,0.1230422144127465
4.699967530113983,150.0,0.5389559587975633,1.5,0.02997559671570704,0.0359992571389539,0.12310182527549177
4.776335724914004,150.0,0.5389559587975633,1.5,0.029826157762669274,0.036016610926697855,0.12316116769298885
4.853944800877492,150.0,0.5389559587975633,1.5,0.029677392493846814,0.03603388648200884,0.12322024258954076
4.932814920665952,150.0,0.5389559587975633,1.5,0.02952929858241603,0.03605108407509217,0.1232790508891324
5.0129665745572165,150.0,0.5389559587975633,1.5,0.029381873702438728,0.036068203976050386,0.12333759351539707
5.094420585768759,150.0,0.5389559587975633,1.5,0.029235115528945834,0.03608524645487345,0.12339587139158326
5.177198115867523,150.0,0.5389559587975633,1.5,0.029089021738020148,0.0361022117814292,0.1234538854405217
5.261320670267659,150.0,0.5389559587975633,1.5,0.02894359000687819,0.03611910022545382,0.12351163658459305
5.346810103817561,150.0,0.5389559587975633,1.5,0.028798818013951167,0.036135912056542395,0.12356912574569544
5.433688626477731,150.0,0.5389559587975633,1.5,0.028654703438965045,0.036152647544139715,0.12362635384521298
5.521978809090854,150.0,0.5389559587975633,1.5,0.028511243963019756,0.03616930695753099,0.12368332180398416
5.6117035892456695,150.0,0.5389559587975633,1.5,0.028368437268667487,0.03618589056583277,0.12374003054227069
5.7028862772360895,150.0,0.5389559587975633,1.5,0.02822628103999011,0.03620239863798399,0.12379648097972695
5.795550562117178,150.0,0.5389559587975633,1.5,0.02808477296267571,0.03621883144273704,0.12385267403536941
5.889720517859493,150.0,0.5389559587975633,1.5,0.02794391072409436,0.03623518924864902,0.1239086106275467
5.985420609603459,150.0,0.5389559587975633,1.5,0.02780369201337282,0.03625147232407299,0.12396429167390974
6.0826757000153675,150.0,0.5389559587975633,1.5,0.027664114521468573,0.036267680937149445,0.1240197180913826
6.181511055746615,150.0,0.5389559587975633,1.5,0.02752517594124293,0.036283815355797805,0.12407489079613329
6.281952353997947,150.0,0.5389559587975633,1.5,0.027386873967533202,0.03629987584770799,0.12412981070354512
6.384025689190314,150.0,0.5389559587975633,1.5,0.027249206297224188,0.03631586268033218,0.12418447872818837
6.487757579744165,150.0,0.5389559587975633,1.5,0.02711217062931868,0.03633177612087658,0.12423889578379227
6.5931749749688535,150.0,0.5389559587975633,1.5,0.026975764665007163,0.03634761643629337,0.12429306278321726
6.700305262064014,150.0,0.5389559587975633,1.5,0.02683998610773675,0.036363383893272656,0.12434698063842774
6.809176273234706,150.0,0.5389559587975633,1.5,0.026704832663279148,0.0363790787582346,0.12440065026046494
6.91981629292213,150.0,0.5389559587975633,1.5,0.026570302039797978,0.03639470129732162,0.12445407255942036
7.032254065151896,150.0,0.5389559587975633,1.5,0.026436391947915066,0.036410251776390644,0.1245072484444092
7.146518801001622,150.0,0.5389559587975633,1.5,0.02630310010077609,0.03642573046100553,0.12456017882354455
7.262640186189929,150.0,0.5389559587975633,1.5,0.026170424214115345,0.03644113761642953,0.12461286460391156
7.380648388788724,150.0,0.5389559587975633,1.5,0.026038362006319624,0.03645647350761787,0.12466530669154197
7.500574067060762,150.0,0.5389559587975633,1.5,0.025906911198491478,0.03647173839921039,0.12471750599138913
7.622448377424644,150.0,0.5389559587975633,1.5,0.025776069514511512,0.036486932555524355,0.12476946340730333
7.7463029825491585,150.0,0.5389559587975633,1.5,0.02564583468109989,0.03650205624054726,0.12482117984200711
7.872170059579146,150.0,0.5389559587975633,1.5,0.025516204427877217,0.036517109717929784,0.1248726561970713
8.000082308495097,150.0,0.5389559587975633,1.5,0.025387176487424414,0.03653209325097885,0.12492389337289123
8.130072960608505,150.0,0.5389559587975633,1.5,0.025258748595341968,0.03654700710265071,0.12497489226866308
8.262175787195291,150.0,0.5389559587975633,1.5,0.025130918490308327,0.03656185153554419,0.12502565378236083
8.396425108269481,150.0,0.5389559587975633,1.5,0.025003683914137594,0.03657662681189401,0.12507617881071326
8.532855801499517,150.0,0.5389559587975633,1.5,0.024877042611836347,0.03659133319356413,0.12512646824918144
8.671503311269365,150.0,0.5389559587975633,1.5,0.024750992331659782,0.036605970942041245,0.1251765229919363
8.812403657886863,150.0,0.5389559587975633,1.5,0.024625530825167115,0.03662054031842841,0.1252263439318369
8.955593446941768,150.0,0.5389559587975633,1.5,0.02450065584727612,0.036635041583438645,0.12527593196040854
9.101109878815766,150.0,0.5389559587975633,1.5,0.02437636515631703,0.03664947499738869,0.12532528796782136
9.248990758347073,150.0,0.5389559587975633,1.5,0.024252656514085636,0.036663840820192826,0.12537441284286943
9.399274504651999,150.0,0.5389559587975633,1.5,0.024129527685895706,0.03667813931135685,0.12542330747294977
9.55200016110621,150.0,0.5389559587975633,1.5,0.02400697644063056,0.036692370729972,0.12547197274404195
9.707207405488067,150.0,0.5389559587975633,1.5,0.023885000550794008,0.03670653533470908,0.1255204095406878
9.864936560286841,150.0,0.5389559587975633,1.5,0.023763597792560584,0.036720633383812665,0.12556861874597156
10.025228603178372,150.0,0.5389559587975633,1.5,0.02364276594582496,0.03673466513509529,0.12561660124150015
10.188125177671026,150.0,0.5389559587975633,1.5,0.02352250279425071,0.03674863084593182,0.12566435790738387
10.35366860392456,150.0,0.5389559587975633,1.5,0.02340280612531837,0.03676253077325389,0.12571188962221727
10.521901889744768,150.0,0.5389559587975633,1.5,0.023283673730372788,0.03677636517354437,0.12575919726306042
10.692868741756882,150.0,0.5389559587975633,1.5,0.023165103404669724,0.036790134302832,0.1258062817054204
10.8666135767604,150.0,0.5389559587975633,1.5,0.02304709294742183,0.03680383841668597,0.12585314382323287
11.043181533268498,150.0,0.5389559587975633,1.5,0.022929640161843866,0.03681747777021076,0.12589978448884434
11.222618483234871,150.0,0.5389559587975633,1.5,0.022812742855197337,0.03683105261804091,0.12594620457299438
11.404971043971225,150.0,0.5389559587975633,1.5,0.022696398838834293,0.03684456321433594,0.12599240494479813
11.590286590258312,150.0,0.5389559587975633,1.5,0.022580605928240582,0.03685800981277531,0.12603838647172919
11.778613266653766,150.0,0.5389559587975633,1.5,0.022465361943078414,0.03687139266655352,0.12608415001960277
11.97,150.0,0.5389559587975633,1.5,0.022350664707228195,0.036884712028375205,0.12612969645255903
