benchmark,mean,difference
BBH · 正式复现,10.055525080241036,0.0
BBH · 正式复现,43.381846667625716,-1.4210854715202004e-14
BBH · 正式复现,44.26282598100566,7.105427357601002e-15
BBH · 正式复现,44.53615654671033,-7.105427357601002e-15
BBH · 正式复现,21.984131447858395,-0.08754617767275619
BBH · 正式复现,23.614617294495776,-0.12821167572413117
BBH · 正式复现,30.50071699492122,3.552713678800501e-15
BBH · 正式复现,28.937011582169664,0.0
BBH · 正式复现,36.952931384178925,-7.105427357601002e-15
BBH · 正式复现,31.497608947018314,-1.0658141036401503e-14
BBH · 正式复现,35.542431259008794,7.105427357601002e-15
BBH · 正式复现,36.022110289000025,-7.105427357601002e-15
BBH · 正式复现,37.623987597243485,0.0
BBH · 正式复现,19.408504737915056,0.0
BBH · 正式复现,20.148020103768047,3.552713678800501e-15
BBH · 正式复现,17.00016656742376,0.0
BBH · 正式复现,27.626956112077934,3.552713678800501e-15
BBH · 正式复现,26.492495097147536,-7.105427357601002e-15
BBH · 正式复现,25.94315294491389,3.552713678800501e-15
BBH · 正式复现,49.32988995210337,0.0
BBH · 正式复现,46.54015554088327,0.0
BBH · 正式复现,52.46181381023763,-7.105427357601002e-15
BBH · 正式复现,49.77664782103219,0.0
BBH · 正式复现,43.807147003691966,7.105427357601002e-15
BBH · 正式复现,30.24383447882599,3.552713678800501e-15
BBH · 正式复现,30.24383447882599,3.552713678800501e-15
BBH · 正式复现,29.19930078641656,0.0
BBH · 正式复现,8.618063681935197,0.0
BBH · 正式复现,6.515144725982738,8.881784197001252e-16
BBH · 正式复现,21.277103190106818,0.0
BBH · 正式复现,47.41067013690643,7.105427357601002e-15
BBH · 正式复现,30.84806521622957,3.552713678800501e-15
BBH · 正式复现,32.53678156315301,0.0
BBH · 正式复现,15.307880971954301,-5.329070518200751e-15
BBH · 正式复现,15.261078322847055,0.0
BBH · 正式复现,42.0902142313775,0.0
BBH · 正式复现,39.78753882674738,7.105427357601002e-15
BBH · 正式复现,8.011940154296116,-0.03567351598173474
BBH · 正式复现,19.34889807323965,0.0
BBH · 正式复现,24.857736913281396,-7.105427357601002e-15
BBH · 正式复现,19.152364282090307,0.0
BBH · 正式复现,16.873547257958663,3.552713678800501e-15
BBH · 正式复现,18.388095615027524,0.0
BBH · 正式复现,6.894934050796577,8.881784197001252e-16
BBH · 正式复现,7.936484405572809,-8.881784197001252e-16
BBH · 正式复现,2.133152068631521,-4.440892098500626e-16
BBH · 正式复现,34.84254498655976,0.0
BBH · 正式复现,37.0801538173552,0.0
BBH · 正式复现,43.42455936867185,0.0
BBH · 正式复现,38.585326990506125,0.0
BBH · 正式复现,50.43389870716874,0.0
BBH · 正式复现,43.615764987195064,7.105427357601002e-15
BBH · 正式复现,27.258541777802407,3.552713678800501e-15
BBH · 正式复现,25.366571749083093,0.0
BBH · 正式复现,22.32210586978715,3.552713678800501e-15
BBH · 正式复现,22.65149321038919,0.0
BBH · 正式复现,19.12507159428184,-3.552713678800501e-15
BBH · 正式复现,20.43056853928926,0.0
BBH · 正式复现,1.5569228851773167,0.5591250335750737
BBH · 正式复现,2.1438821676247546,0.44187214611872094
BBH · 正式复现,1.2676708259061193,-4.440892098500626e-16
BBH · 正式复现,21.925482485662364,3.552713678800501e-15
BBH · 正式复现,30.417500036352997,-1.0658141036401503e-14
BBH · 正式复现,1.6776683167876159,4.440892098500626e-16
BBH · 正式复现,3.006785000149223,0.0
BBH · 正式复现,32.97465792285014,0.0
BBH · 正式复现,1.6776683167876159,4.440892098500626e-16
BBH · 正式复现,15.17286027788074,0.0
BBH · 正式复现,15.248848632790676,0.0
BBH · 正式复现,24.809063317932775,3.552713678800501e-15
BBH · 正式复现,28.78701409944282,-3.552713678800501e-15
BBH · 正式复现,6.069097922855629,-8.881784197001252e-16
BBH · 正式复现,24.20155738881327,0.0
BBH · 正式复现,26.856515500031357,-3.552713678800501e-15
BBH · 正式复现,57.67565555333627,-7.105427357601002e-15
BBH · 正式复现,32.47770265291173,-7.105427357601002e-15
BBH · 正式复现,31.893554212659296,-3.552713678800501e-15
BBH · 正式复现,35.52548240518279,0.0
BBH · 正式复现,32.65772737584173,0.0
BBH · 正式复现,34.31594112170484,-7.105427357601002e-15
BBH · 正式复现,22.64085672774061,0.0
BBH · 正式复现,30.98134841070972,0.0
BBH · 正式复现,20.613848083609014,7.105427357601002e-15
BBH · 正式复现,20.801181076748463,0.0
BBH · 正式复现,1.2375708061002189,2.220446049250313e-16
BBH · 正式复现,30.3528011952772,0.0
BBH · 正式复现,29.447521285247884,0.0
BBH · 正式复现,42.883055884713976,0.0
BBH · 正式复现,18.306535405618444,0.0
BBH · 正式复现,44.13770458838461,-0.020000000000010232
BBH · 正式复现,34.20124449031171,0.0
BBH · 正式复现,42.19084405906615,-7.105427357601002e-15
BBH · 正式复现,51.32716098252213,1.4210854715202004e-14
BBH · 正式复现,28.99293647032058,-3.552713678800501e-15
BBH · 正式复现,52.02816164280523,7.105427357601002e-15
BBH · 正式复现,28.988222245756404,7.105427357601002e-15
BBH · 正式复现,28.82328942958971,0.0
BBH · 正式复现,34.65682860864863,0.0
BBH · 正式复现,35.37870748220464,0.0
BBH · 正式复现,30.88880460756557,0.0
BBH · 正式复现,28.697915491520025,0.0
BBH · 正式复现,52.49894685232329,0.0
BBH · 正式复现,30.88880460756557,0.0
BBH · 正式复现,28.697915491520025,0.0
BBH · 正式复现,9.76871171424153,0.0
BBH · 正式复现,24.199032699797485,-3.552713678800501e-15
BBH · 正式复现,3.1980040943527936,0.0
BBH · 正式复现,3.0378427577205303,8.881784197001252e-16
BBH · 正式复现,2.3149024491490247,4.440892098500626e-16
BBH · 正式复现,3.1076920770873633,4.440892098500626e-16
BBH · 正式复现,4.411893932611097,0.0
BBH · 正式复现,4.737018282627999,0.0
BBH · 正式复现,5.013070335904381,8.881784197001252e-16
BBH · 正式复现,3.267300577931774,4.440892098500626e-16
BBH · 正式复现,10.157421990520298,0.0
BBH · 正式复现,14.688128545731285,-5.329070518200751e-15
BBH · 正式复现,37.24916418079274,0.0
BBH · 正式复现,61.61232489960706,-1.4210854715202004e-14
BBH · 正式复现,61.91149453060484,7.105427357601002e-15
BBH · 正式复现,26.877991478721704,-3.552713678800501e-15
BBH · 正式复现,30.662901797340652,1.0658141036401503e-14
BBH · 正式复现,26.034289552808826,0.0
BBH · 正式复现,9.359904687487282,0.0
BBH · 正式复现,35.638851313766615,0.0
BBH · 正式复现,21.080122945815937,3.552713678800501e-15
BBH · 正式复现,2.2214471263806477,4.440892098500626e-16
BBH · 正式复现,46.63138689861978,0.0
BBH · 正式复现,30.643687228787254,7.105427357601002e-15
BBH · 正式复现,31.444704759068383,0.0
BBH · 正式复现,18.65022251208589,0.0
BBH · 正式复现,34.84501521605124,7.105427357601002e-15
BBH · 正式复现,32.61215762394777,0.0
BBH · 正式复现,2.3470409575204094,0.0
BBH · 正式复现,12.879913010035896,-1.7763568394002505e-15
BBH · 正式复现,15.603676192567876,0.0
BBH · 正式复现,17.718965848323496,0.0
BBH · 正式复现,17.57247980884759,0.0
BBH · 正式复现,20.218737977791477,-3.552713678800501e-15
BBH · 正式复现,16.279056764258215,0.0
BBH · 正式复现,21.240801542833136,0.0
BBH · 正式复现,21.319737721095155,0.0
BBH · 正式复现,19.387664951963902,0.0
BBH · 正式复现,23.008553823293614,-7.105427357601002e-15
BBH · 正式复现,21.49731033280348,0.0
BBH · 正式复现,20.17567961421505,0.0
BBH · 正式复现,32.48627762381486,0.0
BBH · 正式复现,24.780942674518666,7.105427357601002e-15
BBH · 正式复现,36.677226262739055,7.105427357601002e-15
BBH · 正式复现,10.100940706274752,0.0
BBH · 正式复现,24.28394672665017,3.552713678800501e-15
BBH · 正式复现,24.559557672503782,0.0
BBH · 正式复现,31.638864744024794,7.105427357601002e-15
BBH · 正式复现,34.63219258973313,0.0
BBH · 正式复现,31.623864744024793,3.552713678800501e-15
BBH · 正式复现,34.776158539494425,0.0
BBH · 正式复现,34.85836046775463,0.0
BBH · 正式复现,20.203760646739372,7.105427357601002e-15
BBH · 正式复现,38.709611433014175,-7.105427357601002e-15
BBH · 正式复现,39.919954231431774,7.105427357601002e-15
BBH · 正式复现,42.83686540770695,-1.4210854715202004e-14
BBH · 正式复现,34.556659257058264,0.0
BBH · 正式复现,36.0245641700103,0.0
BBH · 正式复现,14.02392166541634,0.0
BBH · 正式复现,14.11717086360044,0.0
BBH · 正式复现,30.356398875749075,0.0
BBH · 正式复现,30.4571730083507,-3.552713678800501e-15
BBH · 正式复现,30.884260360289996,-7.105427357601002e-15
BBH · 正式复现,48.19594986631397,1.4210854715202004e-14
BBH · 正式复现,34.954070231174235,0.0
BBH · 正式复现,46.39761279639615,0.0
BBH · 正式复现,56.044781840899006,-7.105427357601002e-15
BBH · 正式复现,47.767346005909815,7.105427357601002e-15
BBH · 正式复现,56.827406977725715,-7.105427357601002e-15
BBH · 正式复现,22.26352810389536,-3.552713678800501e-15
BBH · 正式复现,26.195811296028182,0.0
BBH · 正式复现,2.2764835705971893,0.0
BBH · 正式复现,3.709041394335512,-4.440892098500626e-16
BBH · 正式复现,4.301149162861492,0.0
BBH · 正式复现,22.431162626805257,0.0
BBH · 正式复现,3.1652676176883503,-4.440892098500626e-16
BBH · 正式复现,21.888559819250794,1.0658141036401503e-14
BBH · 正式复现,16.19327709708517,0.0
BBH · 正式复现,46.32574571477495,-1.4210854715202004e-14
BBH · 正式复现,42.27856480029648,-7.105427357601002e-15
BBH · 正式复现,37.0243766258437,-7.105427357601002e-15
BBH · 正式复现,50.99569841983836,-7.105427357601002e-15
BBH · 正式复现,46.568544995842345,-7.105427357601002e-15
BBH · 正式复现,52.0237066718454,-7.105427357601002e-15
BBH · 正式复现,50.87602223597386,0.5541472542456205
BBH · 正式复现,3.2159805820764724,4.440892098500626e-16
BBH · 正式复现,50.034411781701095,0.0
BBH · 正式复现,48.053224947385715,7.105427357601002e-15
BBH · 正式复现,49.04911178348141,0.0
BBH · 正式复现,47.81922480607394,0.0
BBH · 正式复现,48.90536078331687,0.0
BBH · 正式复现,45.93241936868466,7.105427357601002e-15
BBH · 正式复现,44.731608242608615,0.0
BBH · 正式复现,38.16247948342354,-7.105427357601002e-15
BBH · 正式复现,49.75987937749839,0.0
BBH · 正式复现,43.78585928068085,-7.105427357601002e-15
BBH · 正式复现,49.95005488379496,0.0
BBH · 正式复现,49.07652018118392,0.0
BBH · 正式复现,48.94827982737009,-7.105427357601002e-15
BBH · 正式复现,50.90790304736531,7.105427357601002e-15
BBH · 正式复现,51.00939101332111,0.0
BBH · 正式复现,50.8678978041513,-7.105427357601002e-15
BBH · 正式复现,50.44105269414074,7.105427357601002e-15
BBH · 正式复现,42.25861689291335,0.0
BBH · 正式复现,50.642876092422625,-7.105427357601002e-15
BBH · 正式复现,49.33057176327371,-7.105427357601002e-15
BBH · 正式复现,49.37232709572403,7.105427357601002e-15
BBH · 正式复现,44.57627490618109,0.0
BBH · 正式复现,44.5944042928325,0.0
BBH · 正式复现,37.25994242212069,-7.105427357601002e-15
BBH · 正式复现,48.75703449690036,0.0
BBH · 正式复现,50.16357763465521,0.0
BBH · 正式复现,50.780351477179785,0.0
BBH · 正式复现,50.302258948422136,1.4210854715202004e-14
BBH · 正式复现,49.99573116031766,-7.105427357601002e-15
BBH · 正式复现,47.190897916289224,1.4210854715202004e-14
BBH · 正式复现,46.52922387651957,0.0
BBH · 正式复现,46.38536750450479,0.0
BBH · 正式复现,7.540207541436388,8.881784197001252e-16
BBH · 正式复现,15.620179664331877,0.0
BBH · 正式复现,22.65864266009636,0.0
BBH · 正式复现,29.827516654014,0.0
BBH · 正式复现,27.139252321630053,3.552713678800501e-15
BBH · 正式复现,34.74414560189929,-7.105427357601002e-15
BBH · 正式复现,21.678618361970496,0.0
BBH · 正式复现,29.075970117521223,0.0
BBH · 正式复现,11.94875947902338,-1.7763568394002505e-15
BBH · 正式复现,53.889571248021504,0.0
BBH · 正式复现,46.479351868923274,-7.105427357601002e-15
BBH · 正式复现,52.12466257626164,-7.105427357601002e-15
BBH · 正式复现,26.866582717626457,0.0
BBH · 正式复现,31.900788297617016,0.0
BBH · 正式复现,36.21028479375264,0.0
BBH · 正式复现,31.605520137148783,0.0
BBH · 正式复现,53.02603046783052,0.13903496450500796
BBH · 正式复现,55.53835541644173,0.0
BBH · 正式复现,45.34299043065812,7.105427357601002e-15
BBH · 正式复现,29.03185731417456,0.0
BBH · 正式复现,28.471838145021337,0.0
BBH · 正式复现,43.07300777347364,-1.4210854715202004e-14
BBH · 正式复现,43.07006895743249,0.0
BBH · 正式复现,35.375036813843394,7.105427357601002e-15
BBH · 正式复现,1.4263456550462994,2.220446049250313e-16
BBH · 正式复现,34.71245082713039,0.0
BBH · 正式复现,49.396751537487646,7.105427357601002e-15
BBH · 正式复现,6.546575715522129,-8.881784197001252e-16
BBH · 正式复现,5.004028710418718,0.0
BBH · 正式复现,34.939441049136036,-7.105427357601002e-15
BBH · 正式复现,15.082126333167832,-1.7763568394002505e-15
BBH · 正式复现,6.038995128638223,0.0
BBH · 正式复现,16.03002789836758,0.0
BBH · 正式复现,32.49458680420565,-7.105427357601002e-15
BBH · 正式复现,43.769694605609374,0.0
BBH · 正式复现,50.47864391438887,-1.1015489777828478
BBH · 正式复现,53.25769202541582,7.105427357601002e-15
BBH · 正式复现,50.20692953827006,0.0
BBH · 正式复现,21.136617403943433,3.552713678800501e-15
BBH · 正式复现,28.600623499981843,-3.552713678800501e-15
BBH · 正式复现,10.491260075913582,0.0
BBH · 正式复现,26.108938446170427,0.0
BBH · 正式复现,25.84864126816548,3.552713678800501e-15
BBH · 正式复现,29.035514998535362,5.9781958674315945
BBH · 正式复现,26.33639354405325,3.552713678800501e-15
BBH · 正式复现,26.737651950701505,-3.552713678800501e-15
BBH · 正式复现,26.412550636134668,-3.552713678800501e-15
BBH · 正式复现,24.734770612245036,-3.552713678800501e-15
BBH · 正式复现,26.82076225675772,0.0
BBH · 正式复现,28.676739701769208,-0.5285305861111205
BBH · 正式复现,31.844490915456113,3.552713678800501e-15
BBH · 正式复现,24.908753951844496,-3.552713678800501e-15
BBH · 正式复现,27.616644147779652,3.552713678800501e-15
BBH · 正式复现,22.777139438535446,7.105427357601002e-15
BBH · 正式复现,27.773550052185215,3.552713678800501e-15
BBH · 正式复现,25.61443384964336,0.0
BBH · 正式复现,38.54849081746308,0.0
BBH · 正式复现,22.878424102179437,-1.0658141036401503e-14
BBH · 正式复现,18.810857392916517,-1.0658141036401503e-14
BBH · 正式复现,41.272318662592205,0.0
BBH · 正式复现,41.01919903629973,0.0
BBH · 正式复现,41.155990975297556,-1.4210854715202004e-14
BBH · 正式复现,41.392610073884825,0.0
BBH · 正式复现,40.85009081777402,0.0
BBH · 正式复现,31.776241491685315,0.0
BBH · 正式复现,29.789626944995533,3.552713678800501e-15
BBH · 正式复现,25.86979314469773,3.552713678800501e-15
BBH · 正式复现,24.504815583181397,-1.0658141036401503e-14
BBH · 正式复现,26.13095708844154,-7.105427357601002e-15
BBH · 正式复现,26.69202134153786,-3.552713678800501e-15
BBH · 正式复现,27.36962320894452,0.0
BBH · 正式复现,32.46178300050608,0.0
BBH · 正式复现,21.197829273123396,-7.105427357601002e-15
BBH · 正式复现,3.0235812123382635,4.440892098500626e-16
BBH · 正式复现,10.87019907736261,1.7763568394002505e-15
BBH · 正式复现,6.218964782807417,8.881784197001252e-16
BBH · 正式复现,1.8272424825748759,-4.440892098500626e-16
BBH · 正式复现,2.433772217660189,0.0
BBH · 正式复现,3.157342978322979,8.881784197001252e-16
BBH · 正式复现,2.4381228956228957,-4.440892098500626e-16
BBH · 正式复现,27.187826826803345,0.0
BBH · 正式复现,21.252729791067395,0.0
BBH · 正式复现,23.8871490441846,0.0
BBH · 正式复现,30.393262902042363,0.0
BBH · 正式复现,8.300602286563512,0.016657258863141067
BBH · 正式复现,7.042771972349902,8.881784197001252e-16
BBH · 正式复现,4.257780193079652,-8.881784197001252e-16
BBH · 正式复现,7.001729662932629,-3.632848963717218
BBH · 正式复现,2.6333438399574582,-4.440892098500626e-16
BBH · 正式复现,30.510076038263527,-3.552713678800501e-15
BBH · 正式复现,2.8505735576786924,8.881784197001252e-16
BBH · 正式复现,2.3872783507070148,0.0
BBH · 正式复现,31.10162822417879,3.552713678800501e-15
BBH · 正式复现,31.162649496607862,0.0
BBH · 正式复现,31.162649496607862,0.0
BBH · 正式复现,28.43627869001684,0.0
BBH · 正式复现,27.16845176322372,0.0
BBH · 正式复现,32.695331180855206,7.105427357601002e-15
BBH · 正式复现,28.077745566893725,0.0
BBH · 正式复现,30.84142128641545,0.0
BBH · 正式复现,15.42299613137108,0.0
BBH · 正式复现,15.106125348603847,5.329070518200751e-15
BBH · 正式复现,15.22652186012814,0.0
BBH · 正式复现,16.487037607634196,0.0
BBH · 正式复现,19.093803548070223,0.0
BBH · 正式复现,2.636670587150039,0.0
BBH · 正式复现,2.636670587150039,0.0
BBH · 正式复现,32.54183409581637,7.105427357601002e-15
BBH · 正式复现,29.15507782169402,0.0
BBH · 正式复现,28.72585026552011,-3.552713678800501e-15
BBH · 正式复现,32.883795037431085,7.105427357601002e-15
BBH · 正式复现,30.865849451121655,3.552713678800501e-15
BBH · 正式复现,34.83242280758617,7.105427357601002e-15
BBH · 正式复现,31.73822449849867,0.0
BBH · 正式复现,30.22023823479265,0.0
BBH · 正式复现,7.882702983365755,-8.881784197001252e-16
BBH · 正式复现,33.760104762918594,0.0
BBH · 正式复现,33.45949833611522,-7.105427357601002e-15
BBH · 正式复现,31.290072076092343,-3.552713678800501e-15
BBH · 正式复现,34.55981394889724,0.0
BBH · 正式复现,34.99669953906846,0.0
BBH · 正式复现,34.041185744792614,7.105427357601002e-15
BBH · 正式复现,34.33134719734291,7.105427357601002e-15
BBH · 正式复现,28.111182970228683,3.552713678800501e-15
BBH · 正式复现,34.99828632411449,-7.105427357601002e-15
BBH · 正式复现,35.77765007970374,0.0
BBH · 正式复现,35.390600609410264,0.0
BBH · 正式复现,38.39866772323549,0.0
BBH · 正式复现,35.28322975535458,-1.4210854715202004e-14
BBH · 正式复现,32.77471060618407,-7.105427357601002e-15
BBH · 正式复现,34.569479663100296,-7.105427357601002e-15
BBH · 正式复现,35.299068474646475,-7.105427357601002e-15
BBH · 正式复现,36.899710477157626,7.105427357601002e-15
BBH · 正式复现,27.07796440244996,0.0
BBH · 正式复现,31.044333309349504,0.7572274316744512
BBH · 正式复现,26.32139545026083,3.552713678800501e-15
BBH · 正式复现,31.42294702518673,0.0
BBH · 正式复现,35.97610662338389,0.0
BBH · 正式复现,29.991929835267143,0.0
BBH · 正式复现,46.00296887424892,7.105427357601002e-15
BBH · 正式复现,46.95696642451459,7.105427357601002e-15
BBH · 正式复现,50.63814760323434,0.0
BBH · 正式复现,52.840658095378245,7.105427357601002e-15
BBH · 正式复现,52.358441041606326,-7.105427357601002e-15
BBH · 正式复现,33.259461226875196,-1.4210854715202004e-14
BBH · 正式复现,35.00891825379863,0.0
BBH · 正式复现,25.19713750603482,-3.552713678800501e-15
BBH · 正式复现,32.534270073092834,0.0
BBH · 正式复现,32.661850707304225,7.105427357601002e-15
BBH · 正式复现,33.327406017534244,-7.105427357601002e-15
BBH · 正式复现,32.18794456865431,0.0
BBH · 正式复现,32.44516856104618,0.0
BBH · 正式复现,32.44516856104618,0.0
BBH · 正式复现,32.683681775076465,-7.105427357601002e-15
BBH · 正式复现,33.20598944793845,0.0
BBH · 正式复现,32.635435811775096,7.105427357601002e-15
BBH · 正式复现,35.4412470409656,0.0
BBH · 正式复现,36.263482483482704,-7.105427357601002e-15
BBH · 正式复现,34.199935313701005,-7.105427357601002e-15
BBH · 正式复现,34.21152011815683,7.105427357601002e-15
BBH · 正式复现,35.845555124121006,0.0
BBH · 正式复现,35.53537606986396,-7.105427357601002e-15
BBH · 正式复现,34.643632940053415,0.0
BBH · 正式复现,34.4487493680143,0.0
BBH · 正式复现,34.4487493680143,0.0
BBH · 正式复现,34.408658796480346,0.0
BBH · 正式复现,34.14138253488904,0.0
BBH · 正式复现,1.6612873090290492,2.220446049250313e-16
BBH · 正式复现,34.91438034886251,-7.105427357601002e-15
BBH · 正式复现,35.23706805025388,-7.105427357601002e-15
BBH · 正式复现,43.92726768312373,-7.105427357601002e-15
BBH · 正式复现,35.12062025244798,7.105427357601002e-15
BBH · 正式复现,26.365382993394,0.0
BBH · 正式复现,34.10613777622062,7.105427357601002e-15
BBH · 正式复现,16.671812993247975,3.552713678800501e-15
BBH · 正式复现,34.490500759556504,0.0
BBH · 正式复现,34.248821021284016,0.0
BBH · 正式复现,34.49028104908971,0.0
BBH · 正式复现,34.09335381950132,0.0
BBH · 正式复现,32.42070195179438,0.0
BBH · 正式复现,35.31017141761393,-7.105427357601002e-15
BBH · 正式复现,42.783674159620205,0.0
BBH · 正式复现,34.21610348917685,0.0
BBH · 正式复现,34.05290214273218,7.105427357601002e-15
BBH · 正式复现,27.85141813650879,3.552713678800501e-15
BBH · 正式复现,34.15424498998624,7.105427357601002e-15
BBH · 正式复现,34.00006494069371,0.0
BBH · 正式复现,34.444821646204886,7.105427357601002e-15
BBH · 正式复现,32.354424456472486,-7.105427357601002e-15
BBH · 正式复现,35.53148620432186,0.0
BBH · 正式复现,34.22706196535763,0.0
BBH · 正式复现,35.15766080254052,0.0
BBH · 正式复现,32.08833034979686,0.0
BBH · 正式复现,35.77883534009465,0.0
BBH · 正式复现,35.15745504522053,-7.105427357601002e-15
BBH · 正式复现,34.93824337423678,-7.105427357601002e-15
BBH · 正式复现,33.802734199229576,-7.105427357601002e-15
BBH · 正式复现,35.371476735853804,0.0
BBH · 正式复现,33.86908733681889,-7.105427357601002e-15
BBH · 正式复现,35.110911704209016,0.0
BBH · 正式复现,34.38486477258895,0.0
BBH · 正式复现,34.170029690638636,-1.4210854715202004e-14
BBH · 正式复现,34.16825686462601,0.0
BBH · 正式复现,35.82274773153525,0.0
BBH · 正式复现,33.57084078325774,7.105427357601002e-15
BBH · 正式复现,34.452420920507734,-7.105427357601002e-15
BBH · 正式复现,33.719014468200854,-7.105427357601002e-15
BBH · 正式复现,31.92112823138842,0.0
BBH · 正式复现,34.8222565522494,0.0
BBH · 正式复现,35.512408576647644,7.105427357601002e-15
BBH · 正式复现,34.11306781436336,-7.105427357601002e-15
BBH · 正式复现,36.4126125295027,0.0
BBH · 正式复现,34.14329045372283,7.105427357601002e-15
BBH · 正式复现,35.15080738484264,0.0
BBH · 正式复现,35.25319023111753,-7.105427357601002e-15
BBH · 正式复现,34.60910725048443,0.0
BBH · 正式复现,31.112591631105516,-7.105427357601002e-15
BBH · 正式复现,31.99104716376097,0.0
BBH · 正式复现,34.12086145705898,0.0
BBH · 正式复现,34.78573450204922,-7.105427357601002e-15
BBH · 正式复现,32.36931288487491,0.0
BBH · 正式复现,31.360979314370695,-3.552713678800501e-15
BBH · 正式复现,34.539896807500135,0.0
BBH · 正式复现,37.76481840522523,0.0
BBH · 正式复现,34.62851818112924,7.105427357601002e-15
BBH · 正式复现,33.83081371910365,0.0
BBH · 正式复现,40.61854240395792,-7.105427357601002e-15
BBH · 正式复现,40.61854240395792,-7.105427357601002e-15
BBH · 正式复现,32.954595045665,-7.105427357601002e-15
BBH · 正式复现,34.670888066076664,0.0
BBH · 正式复现,37.132187836027,-7.105427357601002e-15
BBH · 正式复现,34.38735467240193,0.0
BBH · 正式复现,35.92411184894726,-7.105427357601002e-15
BBH · 正式复现,36.88142926288663,0.0
BBH · 正式复现,35.35061865878467,0.0
BBH · 正式复现,31.97509368554489,0.0
BBH · 正式复现,35.427098756489926,-7.105427357601002e-15
BBH · 正式复现,35.12536864211716,-1.4210854715202004e-14
BBH · 正式复现,31.162352922428383,0.0
BBH · 正式复现,34.52230581565854,0.0
BBH · 正式复现,34.278852846231906,0.0
BBH · 正式复现,32.94877726470522,0.0
BBH · 正式复现,32.53825480363242,0.0
BBH · 正式复现,33.71410059102799,0.0
BBH · 正式复现,28.227815382165353,-1.0658141036401503e-14
BBH · 正式复现,31.604274148057364,-7.105427357601002e-15
BBH · 正式复现,35.29123009826161,7.105427357601002e-15
BBH · 正式复现,33.41239643429133,0.0
BBH · 正式复现,32.2576119397764,0.0
BBH · 正式复现,33.05816146454602,7.105427357601002e-15
BBH · 正式复现,33.66407644966964,0.0
BBH · 正式复现,28.890798050964488,0.0
BBH · 正式复现,34.575610505807134,0.0
BBH · 正式复现,29.922368800073574,7.105427357601002e-15
BBH · 正式复现,32.6207492618971,-7.105427357601002e-15
BBH · 正式复现,32.46337367951379,-7.105427357601002e-15
BBH · 正式复现,36.1991911954092,7.105427357601002e-15
BBH · 正式复现,36.05652346278443,0.0
BBH · 正式复现,34.09522783768477,0.0
BBH · 正式复现,34.67899076231628,0.0
BBH · 正式复现,34.28751436834826,0.0
BBH · 正式复现,33.986912493518574,0.0
BBH · 正式复现,34.6745089445582,0.0
BBH · 正式复现,43.60784925797067,-7.105427357601002e-15
BBH · 正式复现,59.06673268286019,-7.105427357601002e-15
BBH · 正式复现,28.25639185977421,0.0
BBH · 正式复现,4.912818068323685,0.0
BBH · 正式复现,3.024569180930987,0.0
BBH · 正式复现,3.4367389514267046,4.440892098500626e-16
BBH · 正式复现,4.178602667081014,0.0
BBH · 正式复现,4.929114201526899,0.0
BBH · 正式复现,3.8789894789871036,8.881784197001252e-16
BBH · 正式复现,4.987531038290507,-8.881784197001252e-16
BBH · 正式复现,2.198832279508135,0.0
BBH · 正式复现,2.2939863995762866,0.0
BBH · 正式复现,5.077786161905462,0.0
BBH · 正式复现,2.7154281203357478,-8.881784197001252e-16
BBH · 正式复现,5.88163197981621,0.0
BBH · 正式复现,16.87592837498959,-3.552713678800501e-15
BBH · 正式复现,17.507545086854382,0.0
BBH · 正式复现,16.668385554519382,-3.552713678800501e-15
BBH · 正式复现,17.498296374382825,-3.552713678800501e-15
BBH · 正式复现,17.498296374382825,-3.552713678800501e-15
BBH · 正式复现,17.39641439237934,3.552713678800501e-15
BBH · 正式复现,21.688248513955266,-3.552713678800501e-15
BBH · 正式复现,29.52691068844395,0.0
BBH · 正式复现,23.94053725590186,3.552713678800501e-15
BBH · 正式复现,18.97136977491295,3.552713678800501e-15
BBH · 正式复现,29.776014226579218,0.0
BBH · 正式复现,29.259226071264727,3.552713678800501e-15
BBH · 正式复现,28.62847532590647,-3.552713678800501e-15
BBH · 正式复现,27.992548796612347,-3.552713678800501e-15
BBH · 正式复现,27.963797525362725,0.0
BBH · 正式复现,27.207176615070416,3.552713678800501e-15
BBH · 正式复现,26.901201452028396,3.552713678800501e-15
BBH · 正式复现,27.571611204577167,0.0
BBH · 正式复现,26.76368521382555,0.0
BBH · 正式复现,27.76979570236311,0.0
BBH · 正式复现,21.145528378150857,-3.552713678800501e-15
BBH · 正式复现,26.743767165585172,7.105427357601002e-15
BBH · 正式复现,26.400991557555106,0.0
BBH · 正式复现,46.20887281141656,0.0
BBH · 正式复现,25.935226555117705,-7.105427357601002e-15
BBH · 正式复现,19.417817674461517,-7.105427357601002e-15
BBH · 正式复现,13.212088152695854,-3.552713678800501e-15
BBH · 正式复现,20.87379456667128,0.0
BBH · 正式复现,1.667358455856632,0.0
BBH · 正式复现,53.78666871935317,7.105427357601002e-15
BBH · 正式复现,23.506618815003456,3.552713678800501e-15
BBH · 正式复现,30.666711502632054,1.0658141036401503e-14
BBH · 正式复现,30.33623264030357,-3.552713678800501e-15
BBH · 正式复现,26.37777402755139,7.105427357601002e-15
BBH · 正式复现,26.897964171299805,3.552713678800501e-15
BBH · 正式复现,28.24700927539328,0.0
BBH · 正式复现,26.83296698587489,3.552713678800501e-15
BBH · 正式复现,28.02516078188715,0.0
BBH · 正式复现,28.17188778217276,-3.552713678800501e-15
BBH · 正式复现,24.462654168996078,-7.105427357601002e-15
BBH · 正式复现,25.820865375865694,7.105427357601002e-15
BBH · 正式复现,26.452059604470925,3.552713678800501e-15
BBH · 正式复现,28.959344093879672,7.105427357601002e-15
BBH · 正式复现,26.317877757648734,7.105427357601002e-15
BBH · 正式复现,28.567824892702276,-3.552713678800501e-15
BBH · 正式复现,10.273656027098816,0.0
BBH · 正式复现,19.02580948500905,0.0
BBH · 正式复现,33.835810999564586,0.0
BBH · 正式复现,22.80780815942809,0.0
BBH · 正式复现,24.419414132832703,0.0
BBH · 正式复现,23.576450573055748,0.0
BBH · 正式复现,22.89036811976203,-3.552713678800501e-15
BBH · 正式复现,25.544054444754476,-7.105427357601002e-15
BBH · 正式复现,25.895600838578908,-3.552713678800501e-15
BBH · 正式复现,6.577214835705972,-8.881784197001252e-16
BBH · 正式复现,6.111150533529301,-8.881784197001252e-16
BBH · 正式复现,20.728881523559497,0.0
BBH · 正式复现,23.004650311661734,3.552713678800501e-15
BBH · 正式复现,23.094998793873295,3.552713678800501e-15
BBH · 正式复现,33.29942590906789,7.105427357601002e-15
BBH · 正式复现,33.08995159999345,0.0
BBH · 正式复现,35.58334267696659,0.0
BBH · 正式复现,35.58334267696659,0.0
BBH · 正式复现,33.07089034564546,0.0
BBH · 正式复现,35.54689390845198,0.0
BBH · 正式复现,28.00829426415647,-3.552713678800501e-15
BBH · 正式复现,22.902455222412783,0.0
BBH · 正式复现,32.84031674117277,0.0
BBH · 正式复现,32.907108594699146,0.16945444852848368
BBH · 正式复现,28.80582124043844,-3.552713678800501e-15
BBH · 正式复现,48.68220452265962,0.0
BBH · 正式复现,21.386476977673595,-3.552713678800501e-15
BBH · 正式复现,48.730953196766194,0.0
BBH · 正式复现,56.67376969863416,-7.105427357601002e-15
BBH · 正式复现,33.01430008846961,7.105427357601002e-15
BBH · 正式复现,3.1667555693925564,4.440892098500626e-16
BBH · 正式复现,2.4372895622895623,4.440892098500626e-16
BBH · 正式复现,7.3478250067150155,1.7763568394002505e-15
BBH · 正式复现,32.60779983085875,-7.105427357601002e-15
BBH · 正式复现,7.53022868355866,8.881784197001252e-16
BBH · 正式复现,7.532089563374817,-1.7763568394002505e-15
BBH · 正式复现,8.132273330945772,1.7763568394002505e-15
BBH · 正式复现,2.708743994249611,0.0
BBH · 正式复现,3.2742669103063946,-4.440892098500626e-16
BBH · 正式复现,2.1134135065400175,-4.440892098500626e-16
BBH · 正式复现,2.2372961213751537,0.0
BBH · 正式复现,2.849419191919192,-4.440892098500626e-16
BBH · 正式复现,2.206545314818884,4.440892098500626e-16
BBH · 正式复现,2.160100243639728,4.440892098500626e-16
BBH · 正式复现,2.6300292749036975,-4.440892098500626e-16
BBH · 正式复现,2.631616005839404,-4.440892098500626e-16
BBH · 正式复现,2.8225402293478963,-4.440892098500626e-16
BBH · 正式复现,2.3223515642593,-4.440892098500626e-16
BBH · 正式复现,1.8897660733797559,-4.440892098500626e-16
BBH · 正式复现,3.575492461700485,0.0
BBH · 正式复现,2.073466032877798,0.0
BBH · 正式复现,3.4240529327139217,4.440892098500626e-16
BBH · 正式复现,2.4187492572786686,-4.440892098500626e-16
BBH · 正式复现,2.165156425929996,-4.440892098500626e-16
BBH · 正式复现,2.348388410325006,4.440892098500626e-16
BBH · 正式复现,3.210703163941808,0.0
BBH · 正式复现,1.9228579509844619,4.440892098500626e-16
BBH · 正式复现,2.8725230006213094,4.440892098500626e-16
BBH · 正式复现,32.88243317032256,-7.105427357601002e-15
BBH · 正式复现,26.59686097043189,3.552713678800501e-15
BBH · 正式复现,24.925827194936446,1.0658141036401503e-14
BBH · 正式复现,18.06242392393546,0.0
BBH · 正式复现,23.960171694414896,0.0
BBH · 正式复现,29.341638180782923,-3.552713678800501e-15
BBH · 正式复现,30.84806521622957,3.552713678800501e-15
BBH · 正式复现,24.2199004496583,0.0
BBH · 正式复现,36.25134763068276,7.105427357601002e-15
BBH · 正式复现,29.976062092951295,3.552713678800501e-15
BBH · 正式复现,33.26225439614359,0.0
BBH · 正式复现,13.661591696662839,-5.329070518200751e-15
BBH · 正式复现,17.68358820544961,-3.552713678800501e-15
BBH · 正式复现,17.96825031857262,0.0
BBH · 正式复现,23.131910422007774,7.105427357601002e-15
BBH · 正式复现,41.86650373118869,0.0
BBH · 正式复现,28.53952939391592,0.0
BBH · 正式复现,18.30601328940368,0.0
BBH · 正式复现,16.499503211302823,-3.552713678800501e-15
BBH · 正式复现,16.439711885397813,3.552713678800501e-15
BBH · 正式复现,48.052269929692855,-7.105427357601002e-15
BBH · 正式复现,17.748016873381815,0.0
BBH · 正式复现,22.87108835512943,0.0
BBH · 正式复现,30.44475330982171,0.0
BBH · 正式复现,41.899925635193455,0.0
BBH · 正式复现,27.90431762303384,-3.552713678800501e-15
BBH · 正式复现,40.82616155946009,-7.105427357601002e-15
BBH · 正式复现,27.254234386573224,-3.552713678800501e-15
BBH · 正式复现,23.6319146881113,-3.552713678800501e-15
BBH · 正式复现,31.750144021634007,3.552713678800501e-15
BBH · 正式复现,31.687343826178374,7.105427357601002e-15
BBH · 正式复现,33.03220036942565,7.105427357601002e-15
BBH · 正式复现,31.68316320987065,3.552713678800501e-15
BBH · 正式复现,38.7871970732687,7.105427357601002e-15
BBH · 正式复现,27.145977577581775,3.552713678800501e-15
BBH · 正式复现,30.542949385349417,0.346649208009314
BBH · 正式复现,30.33160459968833,0.0
BBH · 正式复现,29.503904748319478,1.0658141036401503e-14
BBH · 正式复现,23.220320849670458,0.0
BBH · 正式复现,43.43973598811683,0.0
BBH · 正式复现,19.96679684299346,0.0
BBH · 正式复现,14.335273409626755,5.329070518200751e-15
BBH · 正式复现,1.9548697694104624,0.0
BBH · 正式复现,3.363509103932151,0.0
BBH · 正式复现,18.8853764817121,0.0
BBH · 正式复现,31.92884881074505,0.0
BBH · 正式复现,24.84515798598393,0.0
BBH · 正式复现,23.890291427068444,0.0
BBH · 正式复现,21.487542182806735,1.0658141036401503e-14
BBH · 正式复现,23.898609690524623,0.2948938826467007
BBH · 正式复现,47.49736927129065,-0.012854030501095792
BBH · 正式复现,4.4111278515492005,0.0
BBH · 正式复现,2.0803742908537424,0.0
BBH · 正式复现,3.285399822085261,-4.440892098500626e-16
BBH · 正式复现,2.69295800470458,0.0
BBH · 正式复现,3.284915303246592,-4.440892098500626e-16
BBH · 正式复现,2.0803742908537424,0.0
BBH · 正式复现,9.30178845955168,-1.7763568394002505e-15
BBH · 正式复现,10.917989226208064,-1.7763568394002505e-15
BBH · 正式复现,3.70807758683998,0.0
BBH · 正式复现,5.543603155369512,-8.881784197001252e-16
BBH · 正式复现,28.012476599572,0.0
BBH · 正式复现,32.70961342122556,0.0
BBH · 正式复现,34.47899758661866,0.0
BBH · 正式复现,1.4636170460989155,-2.220446049250313e-16
BBH · 正式复现,2.3470409575204094,0.0
BBH · 正式复现,16.796334504661765,-3.552713678800501e-15
BBH · 正式复现,40.82468502686295,7.105427357601002e-15
BBH · 正式复现,20.83116494676627,0.0
BBH · 正式复现,30.205692320538084,-3.552713678800501e-15
BBH · 正式复现,29.739752367616198,-7.105427357601002e-15
BBH · 正式复现,30.23745796915943,1.0658141036401503e-14
BBH · 正式复现,63.470579524294365,7.105427357601002e-15
BBH · 正式复现,1.4745771439889088,2.220446049250313e-16
BBH · 正式复现,3.600797717385781,-4.440892098500626e-16
BBH · 正式复现,34.90431568832308,7.105427357601002e-15
BBH · 正式复现,22.06278394414437,3.552713678800501e-15
BBH · 正式复现,2.0336061528527276,-4.440892098500626e-16
BBH · 正式复现,2.5910478068354776,0.0
BBH · 正式复现,43.05156762846774,7.105427357601002e-15
BBH · 正式复现,32.38700420411291,0.0
BBH · 正式复现,32.259183510828905,0.0
BBH · 正式复现,30.870822876627884,-3.552713678800501e-15
BBH · 正式复现,30.340844330303675,3.552713678800501e-15
BBH · 正式复现,32.63252990159268,0.0
BBH · 正式复现,26.913110159424864,0.0
BBH · 正式复现,5.543694750350673,8.881784197001252e-16
BBH · 正式复现,5.056692258334079,8.881784197001252e-16
BBH · 正式复现,5.324351851851852,0.0
BBH · 正式复现,5.7113344972692275,-8.881784197001252e-16
BBH · 正式复现,5.918400632703614,-1.7763568394002505e-15
BBH · 正式复现,5.197837690631808,0.0
BBH · 正式复现,5.9324199421016495,-8.881784197001252e-16
BBH · 正式复现,6.126072910138181,8.881784197001252e-16
BBH · 正式复现,6.622365326648162,0.0
BBH · 正式复现,6.129987166860655,-8.881784197001252e-16
BBH · 正式复现,4.434475333512401,8.881784197001252e-16
BBH · 正式复现,4.3314933650227765,-8.881784197001252e-16
BBH · 正式复现,5.650884333531392,-8.881784197001252e-16
BBH · 正式复现,4.797235096058625,0.0
BBH · 正式复现,4.784241393250257,0.0
BBH · 正式复现,4.213683823190269,0.0
BBH · 正式复现,5.619297426317974,0.0
BBH · 正式复现,6.246296486215906,-8.881784197001252e-16
BBH · 正式复现,6.537614419782027,8.881784197001252e-16
BBH · 正式复现,3.114588111846371,0.0
BBH · 正式复现,3.199499249817541,-4.440892098500626e-16
BBH · 正式复现,4.420916097586122,0.0
BBH · 正式复现,3.069330255279086,0.0
BBH · 正式复现,4.981848012762598,0.0
BBH · 正式复现,5.7648020969838045,0.0
BBH · 正式复现,6.70247985495568,-8.881784197001252e-16
BBH · 正式复现,6.892109783030413,0.0
BBH · 正式复现,7.351407019428777,8.881784197001252e-16
BBH · 正式复现,6.453776300474527,0.0
BBH · 正式复现,6.67626354194646,1.7763568394002505e-15
BBH · 正式复现,6.449024830632405,-8.881784197001252e-16
BBH · 正式复现,6.900838556122601,-8.881784197001252e-16
BBH · 正式复现,6.330228534336109,0.0
BBH · 正式复现,6.6363869489957334,8.881784197001252e-16
BBH · 正式复现,6.317309144357896,8.881784197001252e-16
BBH · 正式复现,6.43527427104784,-8.881784197001252e-16
BBH · 正式复现,6.385350523771153,8.881784197001252e-16
BBH · 正式复现,6.402744874205391,-8.881784197001252e-16
BBH · 正式复现,6.9018080550332765,-8.881784197001252e-16
BBH · 正式复现,7.002679365505715,-8.881784197001252e-16
BBH · 正式复现,6.620615393798311,0.0
BBH · 正式复现,6.780448413764288,0.0
BBH · 正式复现,7.007125824454592,-1.7763568394002505e-15
BBH · 正式复现,6.671898931566538,8.881784197001252e-16
BBH · 正式复现,6.428288118900529,0.0
BBH · 正式复现,6.992686975855792,-2.6645352591003757e-15
BBH · 正式复现,7.221132822992211,0.0
BBH · 正式复现,6.537585206076342,-8.881784197001252e-16
BBH · 正式复现,6.566722923568209,-8.881784197001252e-16
BBH · 正式复现,6.9321259736771434,8.881784197001252e-16
BBH · 正式复现,6.426288909780046,8.881784197001252e-16
BBH · 正式复现,6.4779954188677,8.881784197001252e-16
BBH · 正式复现,6.25191698749515,0.0
BBH · 正式复现,6.714916509982988,-8.881784197001252e-16
BBH · 正式复现,6.875548169039306,1.7763568394002505e-15
BBH · 正式复现,7.08976945115946,0.0
BBH · 正式复现,6.706365162503358,8.881784197001252e-16
BBH · 正式复现,6.388945444235533,8.881784197001252e-16
BBH · 正式复现,7.489152117467992,0.0
BBH · 正式复现,8.34016877070463,0.0
BBH · 正式复现,6.5670715074462045,8.881784197001252e-16
BBH · 正式复现,6.6590467663473305,0.0
BBH · 正式复现,6.800973005640612,8.881784197001252e-16
BBH · 正式复现,6.560842435908914,0.0
BBH · 正式复现,6.524571656668756,0.0
BBH · 正式复现,6.739192109111529,0.0
BBH · 正式复现,6.42055719700361,8.881784197001252e-16
BBH · 正式复现,6.6874635150863995,-1.7763568394002505e-15
BBH · 正式复现,6.553899558301252,8.881784197001252e-16
BBH · 正式复现,6.5833440027456955,-1.7763568394002505e-15
BBH · 正式复现,6.560212045244278,0.0
BBH · 正式复现,6.830747828811889,-8.881784197001252e-16
BBH · 正式复现,6.204970976213926,0.0
BBH · 正式复现,7.019682155967409,0.0
BBH · 正式复现,7.060401110215777,-8.881784197001252e-16
BBH · 正式复现,6.715595621810369,0.0
BBH · 正式复现,6.98474035276211,8.881784197001252e-16
BBH · 正式复现,7.363649162861492,0.0
BBH · 正式复现,6.726276300474527,-8.881784197001252e-16
BBH · 正式复现,6.708541946458949,8.881784197001252e-16
BBH · 正式复现,6.2534694242994,-8.881784197001252e-16
BBH · 正式复现,6.443718103679828,0.0
BBH · 正式复现,6.39987465305757,0.0
BBH · 正式复现,6.482712194466828,8.881784197001252e-16
BBH · 正式复现,6.085450245131954,8.881784197001252e-16
BBH · 正式复现,7.179764119844702,8.881784197001252e-16
BBH · 正式复现,6.757650565553467,1.7763568394002505e-15
BBH · 正式复现,5.959990748201868,0.0
BBH · 正式复现,6.1123436893783385,8.881784197001252e-16
BBH · 正式复现,6.240268525979645,0.0
BBH · 正式复现,6.292637807025397,8.881784197001252e-16
BBH · 正式复现,6.357407183573582,0.0
BBH · 正式复现,4.746972667855022,0.0
BBH · 正式复现,5.832625611473314,0.0
BBH · 正式复现,7.669544389639071,0.0
BBH · 正式复现,7.191287458251599,8.881784197001252e-16
BBH · 正式复现,6.35784176033773,0.0
BBH · 正式复现,5.463607645078233,0.0
BBH · 正式复现,5.9840216630446275,1.7763568394002505e-15
BBH · 正式复现,5.34366211130917,8.881784197001252e-16
BBH · 正式复现,6.136573850240248,-8.881784197001252e-16
BBH · 正式复现,6.524721998388398,0.0
BBH · 正式复现,6.140998671919301,0.0
BBH · 正式复现,6.64210605246665,8.881784197001252e-16
BBH · 正式复现,6.943810696272422,0.0
BBH · 正式复现,7.1498618945295025,-2.6645352591003757e-15
BBH · 正式复现,6.96901565344555,0.0
BBH · 正式复现,6.629315516160803,1.7763568394002505e-15
BBH · 正式复现,6.682421807383532,8.881784197001252e-16
BBH · 正式复现,6.35458053541051,0.0
BBH · 正式复现,6.505902199540394,0.0
BBH · 正式复现,6.769462425761781,0.0
BBH · 正式复现,6.7976270630017614,0.0
BBH · 正式复现,6.865286941551371,0.0
BBH · 正式复现,7.100430208613125,-1.7763568394002505e-15
BBH · 正式复现,5.926862745098039,0.0
BBH · 正式复现,7.3561957613753695,-8.881784197001252e-16
BBH · 正式复现,7.139829635632065,0.0
BBH · 正式复现,6.93114558152028,-8.881784197001252e-16
BBH · 正式复现,7.127311158862328,-8.881784197001252e-16
BBH · 正式复现,7.2227196555943545,1.7763568394002505e-15
BBH · 正式复现,6.663952457695407,-1.7763568394002505e-15
BBH · 正式复现,7.732770540484079,8.881784197001252e-16
BBH · 正式复现,7.202138732205211,1.7763568394002505e-15
BBH · 正式复现,7.733923210075506,-8.881784197001252e-16
BBH · 正式复现,6.747260572417705,-8.881784197001252e-16
BBH · 正式复现,7.213578356761273,-8.881784197001252e-16
BBH · 正式复现,6.9003466439848395,8.881784197001252e-16
BBH · 正式复现,7.306987942817919,0.0
BBH · 正式复现,7.390762452621842,0.0
BBH · 正式复现,8.111779105858478,0.0
BBH · 正式复现,7.001027621094099,-8.881784197001252e-16
BBH · 正式复现,7.133620064464143,8.881784197001252e-16
BBH · 正式复现,7.061898931566539,0.0
BBH · 正式复现,7.428291551019191,8.881784197001252e-16
BBH · 正式复现,7.086835437371295,0.0
BBH · 正式复现,6.819112125824454,8.881784197001252e-16
BBH · 正式复现,6.622169397439341,1.7763568394002505e-15
BBH · 正式复现,6.566535873101143,-8.881784197001252e-16
BBH · 正式复现,6.6190966439848395,-0.029351851851851407
BBH · 正式复现,7.674537111648312,0.0
BBH · 正式复现,6.547597964604411,0.0
BBH · 正式复现,6.797543498373475,8.881784197001252e-16
BBH · 正式复现,6.479625973677143,8.881784197001252e-16
BBH · 正式复现,7.112517981317336,0.0
BBH · 正式复现,7.3733460172501255,1.7763568394002505e-15
BBH · 正式复现,7.574128764138837,0.0
BBH · 正式复现,6.263411227504701,8.881784197001252e-16
BBH · 正式复现,6.770439236577431,8.881784197001252e-16
BBH · 正式复现,6.636595785955174,0.0
BBH · 正式复现,6.697197637807026,0.3257244008714588
BBH · 正式复现,6.86099852269675,0.0
BBH · 正式复现,7.109440788491956,0.0
BBH · 正式复现,6.8520044319097515,8.881784197001252e-16
BBH · 正式复现,7.227975796102308,8.881784197001252e-16
BBH · 正式复现,7.834260900707315,-8.881784197001252e-16
BBH · 正式复现,7.655186826633241,0.0
BBH · 正式复现,7.67033388545677,0.0
BBH · 正式复现,6.099203002357717,8.881784197001252e-16
BBH · 正式复现,7.20117467991763,8.881784197001252e-16
BBH · 正式复现,6.9860820873250375,-8.881784197001252e-16
BBH · 正式复现,6.9051893231768116,2.6645352591003757e-15
BBH · 正式复现,6.775212492911929,0.0
BBH · 正式复现,27.75522858219707,1.0658141036401503e-14
BBH · 正式复现,28.61359667752562,3.552713678800501e-15
BBH · 正式复现,27.666183558964235,0.0
BBH · 正式复现,29.329731874817796,-7.105427357601002e-15
BBH · 正式复现,28.390676236054286,0.0
BBH · 正式复现,28.075035515119446,1.0658141036401503e-14
BBH · 正式复现,28.562566838365576,-3.552713678800501e-15
BBH · 正式复现,30.724096614147953,-1.0658141036401503e-14
BBH · 正式复现,31.46581339489899,0.0
BBH · 正式复现,22.45340222827221,0.0
BBH · 正式复现,2.5522242028124382,0.0
BBH · 正式复现,3.804167155031377,0.0
BBH · 正式复现,3.1077144735021442,8.881784197001252e-16
BBH · 正式复现,4.164017098724634,0.0
BBH · 正式复现,3.7313126768626366,8.881784197001252e-16
BBH · 正式复现,65.46659667305961,0.0
BBH · 正式复现,65.46659667305961,0.0
BBH · 正式复现,33.64214368642437,0.0
BBH · 正式复现,51.328741195678994,0.0
BBH · 正式复现,51.8870262488106,7.105427357601002e-15
BBH · 正式复现,51.328741195678994,0.0
BBH · 正式复现,55.485364595808235,-1.4210854715202004e-14
BBH · 正式复现,31.6595419899606,0.0
BBH · 正式复现,31.758959201899266,-7.105427357601002e-15
BBH · 正式复现,3.423611572649296,0.0
BBH · 正式复现,6.058845092070314,0.0
BBH · 正式复现,19.86245115758441,3.552713678800501e-15
BBH · 正式复现,4.38746409902061,8.881784197001252e-16
BBH · 正式复现,4.197658352409889,0.0
BBH · 正式复现,4.956068589848116,0.0
BBH · 正式复现,17.689002759870313,-3.552713678800501e-15
BBH · 正式复现,48.141821855070724,-1.4210854715202004e-14
BBH · 正式复现,35.73893662836845,7.105427357601002e-15
BBH · 正式复现,16.386034485864904,0.0
BBH · 正式复现,28.008307823364888,0.0
BBH · 正式复现,22.391711908230846,1.0658141036401503e-14
BBH · 正式复现,31.83439540006779,-3.552713678800501e-15
BBH · 正式复现,31.81174834124426,-3.552713678800501e-15
BBH · 正式复现,31.99718681136041,0.0
BBH · 正式复现,36.86336502529177,-7.105427357601002e-15
BBH · 正式复现,33.044262388969805,0.0
BBH · 正式复现,10.265743141867233,-5.329070518200751e-15
BBH · 正式复现,9.438287176618806,0.0
BBH · 正式复现,16.93486814930169,0.0
BBH · 正式复现,19.79743576091139,0.0
BBH · 正式复现,17.97733539518049,-3.552713678800501e-15
BBH · 正式复现,15.947437171056873,3.552713678800501e-15
BBH · 正式复现,39.82420331711212,-7.105427357601002e-15
BBH · 正式复现,25.653749420829023,3.552713678800501e-15
BBH · 正式复现,28.220402834201124,-3.552713678800501e-15
BBH · 正式复现,33.79382923599304,0.0
BBH · 正式复现,5.915475430438469,0.0
BBH · 正式复现,48.989609006737815,0.0
BBH · 正式复现,25.188298449475575,3.552713678800501e-15
BBH · 正式复现,4.138296963728068,-8.881784197001252e-16
BBH · 正式复现,12.771666354808303,0.0
BBH · 正式复现,25.80938677777848,0.0
BBH · 正式复现,26.271248933150222,7.105427357601002e-15
BBH · 正式复现,24.18304052622304,-3.552713678800501e-15
BBH · 正式复现,19.460966800253622,0.0
BBH · 正式复现,28.423430655930204,0.0
BBH · 正式复现,21.78100309570489,0.0
BBH · 正式复现,31.69912679947687,0.0
BBH · 正式复现,3.2116830472330076,4.440892098500626e-16
BBH · 正式复现,7.445695539873622,0.0
BBH · 正式复现,8.661200013837,1.7763568394002505e-15
BBH · 正式复现,27.74553183153259,0.0
BBH · 正式复现,27.92150509438776,0.0
BBH · 正式复现,29.62691236357759,0.0
BBH · 正式复现,8.06526235359233,0.0
BBH · 正式复现,6.725319981390316,0.0
BBH · 正式复现,8.46281905839016,-1.7763568394002505e-15
BBH · 正式复现,7.033815600268058,-8.881784197001252e-16
BBH · 正式复现,7.351959868629892,-8.881784197001252e-16
BBH · 正式复现,9.415285279602362,-1.7763568394002505e-15
BBH · 正式复现,15.599125312205128,0.0
BBH · 正式复现,27.188612130290466,0.0
BBH · 正式复现,5.885758837366412,1.7763568394002505e-15
BBH · 正式复现,7.1764945791517105,-1.7763568394002505e-15
BBH · 正式复现,7.525593201173674,-8.881784197001252e-16
BBH · 正式复现,10.02754339015283,0.0
BBH · 正式复现,15.397194202296944,1.7763568394002505e-15
BBH · 正式复现,4.765388996591294,0.0
BBH · 正式复现,4.495993524198578,0.0
BBH · 正式复现,2.1624004685588085,-4.440892098500626e-16
BBH · 正式复现,6.349580156104774,0.0
BBH · 正式复现,4.191974214495695,0.0
BBH · 正式复现,5.599561733978841,0.0
BBH · 正式复现,4.293436202390652,0.0
BBH · 正式复现,55.15022389243258,7.105427357601002e-15
BBH · 正式复现,55.43281125537685,-7.105427357601002e-15
BBH · 正式复现,6.159209487289303,-8.881784197001252e-16
BBH · 正式复现,19.53491130754225,0.0
BBH · 正式复现,20.19737664058305,0.0
BBH · 正式复现,36.48257004939404,-7.105427357601002e-15
BBH · 正式复现,2.7840182309259673,-8.881784197001252e-16
BBH · 正式复现,2.7840182309259673,-8.881784197001252e-16
BBH · 正式复现,10.612229209084203,0.0
BBH · 正式复现,17.999676133564762,-3.552713678800501e-15
BBH · 正式复现,2.270601109130521,0.0
BBH · 正式复现,34.877917500461,0.0
BBH · 正式复现,19.141465000010825,0.0
BBH · 正式复现,26.530834895216355,0.0
BBH · 正式复现,2.212431174489998,-4.440892098500626e-16
BBH · 正式复现,2.2903233313527434,-4.440892098500626e-16
BBH · 正式复现,2.2903233313527434,-4.440892098500626e-16
BBH · 正式复现,2.2903233313527434,-4.440892098500626e-16
BBH · 正式复现,2.2903233313527434,-4.440892098500626e-16
BBH · 正式复现,2.2903233313527434,-4.440892098500626e-16
BBH · 正式复现,35.553775523419816,-7.105427357601002e-15
BBH · 正式复现,26.655629407381007,7.105427357601002e-15
BBH · 正式复现,27.025216108395995,3.552713678800501e-15
BBH · 正式复现,26.370176686739917,-3.552713678800501e-15
BBH · 正式复现,24.57473532012109,0.0
BBH · 正式复现,24.185738827978955,0.0
BBH · 正式复现,30.787344558496812,7.105427357601002e-15
BBH · 正式复现,26.63965184405082,0.0
BBH · 正式复现,24.151873375413786,3.552713678800501e-15
BBH · 正式复现,16.34207153663529,0.0
BBH · 正式复现,26.922800957191786,7.105427357601002e-15
BBH · 正式复现,3.181881126755549,0.0
BBH · 正式复现,34.446275637584975,-7.105427357601002e-15
BBH · 正式复现,34.95288411454463,-7.105427357601002e-15
BBH · 正式复现,49.31202888085862,7.105427357601002e-15
BBH · 正式复现,49.50507308185843,0.0
BBH · 正式复现,49.10436624839845,-7.105427357601002e-15
BBH · 正式复现,48.854078526667685,0.0
BBH · 正式复现,49.17346232643504,0.2786482603622815
BBH · 正式复现,49.07822518409933,0.0
BBH · 正式复现,48.98525935245095,0.0
BBH · 正式复现,49.79330591746215,-0.23357451111782268
BBH · 正式复现,49.71530978997788,-0.46311972849239424
BBH · 正式复现,50.62001943650395,7.105427357601002e-15
BBH · 正式复现,27.835212134107145,-3.552713678800501e-15
BBH · 正式复现,8.894408584162113,0.0
BBH · 正式复现,20.095582226457157,-7.105427357601002e-15
BBH · 正式复现,1.7775539303863237,0.0
BBH · 正式复现,26.92752797305507,3.552713678800501e-15
BBH · 正式复现,14.446870023241225,0.0
BBH · 正式复现,46.135898982415,0.0
BBH · 正式复现,23.990124398411343,0.0
BBH · 正式复现,23.698815892387582,0.0
BBH · 正式复现,24.311446807587018,1.0658141036401503e-14
BBH · 正式复现,26.136676963632347,-7.105427357601002e-15
BBH · 正式复现,24.040537350937875,3.552713678800501e-15
BBH · 正式复现,18.25580502860485,0.0
BBH · 正式复现,23.612313350177956,-3.552713678800501e-15
BBH · 正式复现,32.78974404613455,0.0
BBH · 正式复现,33.241073524404655,0.0
BBH · 正式复现,33.23001780763082,0.0
BBH · 正式复现,36.12470152357596,0.0
BBH · 正式复现,32.87994270090317,7.105427357601002e-15
BBH · 正式复现,15.297499289020852,-1.7763568394002505e-15
BBH · 正式复现,19.019948525917457,-3.552713678800501e-15
BBH · 正式复现,8.870227428732667,0.0
BBH · 正式复现,35.70087336193955,0.0
BBH · 正式复现,37.66776306891555,0.0
BBH · 正式复现,19.019948525917457,-3.552713678800501e-15
BBH · 正式复现,36.35072191454026,7.105427357601002e-15
BBH · 正式复现,37.47164011473157,0.0
BBH · 正式复现,31.26187805626151,-3.552713678800501e-15
BBH · 正式复现,31.396819621762447,0.0
BBH · 正式复现,32.71291726367119,0.0
BBH · 正式复现,27.924674302120884,-3.552713678800501e-15
BBH · 正式复现,28.27041875978348,-3.552713678800501e-15
BBH · 正式复现,27.903013285410186,0.0
BBH · 正式复现,15.47343942401254,0.0
BBH · 正式复现,31.92360727430821,-3.552713678800501e-15
BBH · 正式复现,25.53252452836148,0.0
BBH · 正式复现,48.55364600487639,0.0
BBH · 正式复现,38.124279522812806,1.4210854715202004e-14
BBH · 正式复现,36.11009692957303,-7.105427357601002e-15
BBH · 正式复现,57.32588234471031,7.105427357601002e-15
BBH · 正式复现,31.00709744702013,0.0
BBH · 正式复现,61.65570318314716,0.0
BBH · 正式复现,59.4700307859535,0.0
BBH · 正式复现,48.57170594999846,0.0
BBH · 正式复现,54.20646208605565,-7.105427357601002e-15
BBH · 正式复现,37.733734155011526,0.0
BBH · 正式复现,56.79594225047665,0.0
BBH · 正式复现,33.109365595568846,7.105427357601002e-15
BBH · 正式复现,61.80360419146787,7.105427357601002e-15
BBH · 正式复现,59.26864567518449,-7.105427357601002e-15
BBH · 正式复现,48.0085850617923,7.105427357601002e-15
BBH · 正式复现,55.58549511699307,-1.4210854715202004e-14
BBH · 正式复现,37.65889241962552,0.0
BBH · 正式复现,51.22830430718469,0.0
BBH · 正式复现,30.956082115370947,-3.552713678800501e-15
BBH · 正式复现,59.574546959041044,-1.4210854715202004e-14
BBH · 正式复现,48.39776612820647,7.105427357601002e-15
BBH · 正式复现,31.818265642234806,1.0658141036401503e-14
BBH · 正式复现,62.156549294671194,7.105427357601002e-15
BBH · 正式复现,28.28099517875505,0.0
BBH · 正式复现,29.308419233088763,3.552713678800501e-15
BBH · 正式复现,28.912244614673995,0.0
BBH · 正式复现,25.50768075774144,0.0
BBH · 正式复现,27.30989595933989,-3.552713678800501e-15
BBH · 正式复现,62.40968270370105,-7.105427357601002e-15
BBH · 正式复现,23.769165575848298,-7.105427357601002e-15
BBH · 正式复现,25.865746650731104,-3.552713678800501e-15
BBH · 正式复现,27.976798242393087,7.105427357601002e-15
BBH · 正式复现,62.6094432829016,0.0
BBH · 正式复现,25.59659410609641,0.0
BBH · 正式复现,25.682137818579093,0.0
BBH · 正式复现,32.796829871095795,-7.105427357601002e-15
BBH · 正式复现,31.798127272995536,-3.552713678800501e-15
BBH · 正式复现,21.48995001898129,0.0
BBH · 正式复现,20.824494266256867,0.0
BBH · 正式复现,21.19075482398095,0.0
BBH · 正式复现,5.859172283470534,0.0
BBH · 正式复现,11.707676917585225,0.0
BBH · 正式复现,18.110133310152776,0.0
BBH · 正式复现,29.177056729688577,0.0
BBH · 正式复现,30.873209425039573,0.0
BBH · 正式复现,5.448858800501279,8.881784197001252e-16
BBH · 正式复现,29.419254274936463,0.0
BBH · 正式复现,30.73278378127992,0.0
BBH · 正式复现,32.825750312399464,0.0
BBH · 正式复现,33.35331271516665,-7.105427357601002e-15
BBH · 正式复现,32.110872058033216,0.0
BBH · 正式复现,32.31915252588661,-7.105427357601002e-15
BBH · 正式复现,33.022959512096214,0.0
BBH · 正式复现,33.28793158004305,-7.105427357601002e-15
BBH · 正式复现,31.705802845596303,3.552713678800501e-15
BBH · 正式复现,31.64115192515533,0.0
BBH · 正式复现,31.129961752766558,-7.105427357601002e-15
BBH · 正式复现,20.441503466276757,-3.552713678800501e-15
BBH · 正式复现,30.6976172290985,0.0
BBH · 正式复现,32.275457070272665,-7.105427357601002e-15
BBH · 正式复现,6.212570678140739,0.0
BBH · 正式复现,2.6467030023577163,-4.440892098500626e-16
BBH · 正式复现,2.8484037188972726,8.881784197001252e-16
BBH · 正式复现,7.852676178179102,-8.881784197001252e-16
BBH · 正式复现,4.742438568322573,0.0
BBH · 正式复现,22.049944802060324,0.0
BBH · 正式复现,1.586299722165597,2.220446049250313e-16
BBH · 正式复现,0.3579812834224597,-5.551115123125783e-17
BBH · 正式复现,52.50069258575488,0.0
BBH · 正式复现,19.52006065248879,0.0
BBH · 正式复现,5.801724673541758,8.881784197001252e-16
BBH · 正式复现,19.457219278849333,0.0
BBH · 正式复现,48.9634043107575,-7.105427357601002e-15
BBH · 正式复现,30.667993420825,0.0
BBH · 正式复现,29.427578860535995,-3.552713678800501e-15
BBH · 正式复现,53.76540869130055,-7.105427357601002e-15
BBH · 正式复现,27.79254565836608,-3.552713678800501e-15
BBH · 正式复现,13.505319085673957,5.329070518200751e-15
BBH · 正式复现,25.84002539526981,7.105427357601002e-15
BBH · 正式复现,49.96936580842818,-1.4210854715202004e-14
BBH · 正式复现,26.11504533759095,3.552713678800501e-15
BBH · 正式复现,51.94077625159233,0.0
BBH · 正式复现,30.3195108847562,0.0
BBH · 正式复现,45.63709260620401,7.105427357601002e-15
BBH · 正式复现,19.57306488196496,-3.552713678800501e-15
BBH · 正式复现,32.40392120448785,0.0
BBH · 正式复现,29.68703274563122,3.552713678800501e-15
BBH · 正式复现,29.89275635245275,0.0
BBH · 正式复现,29.89275635245275,0.0
BBH · 正式复现,29.89275635245275,0.0
BBH · 正式复现,23.34123990373789,0.0
BBH · 正式复现,22.759588390933697,0.0
BBH · 正式复现,32.56361170891586,0.0
BBH · 正式复现,54.7059822415105,7.105427357601002e-15
BBH · 正式复现,50.4691726466956,0.0
BBH · 正式复现,55.6651943464438,-7.105427357601002e-15
BBH · 正式复现,51.50924362930216,-7.105427357601002e-15
BBH · 正式复现,53.3876763517132,0.0
BBH · 正式复现,5.035475836799366,0.0
BBH · 正式复现,9.759901587727937,0.0
BBH · 正式复现,44.28047655387545,0.0
BBH · 正式复现,32.75647930053065,0.0
BBH · 正式复现,38.980351633108974,0.0
BBH · 正式复现,44.55485402391639,7.105427357601002e-15
BBH · 正式复现,16.297078528908308,-3.552713678800501e-15
BBH · 正式复现,18.837858500547185,0.0
BBH · 正式复现,5.876044259408481,-8.881784197001252e-16
BBH · 正式复现,13.695346827502664,0.0
BBH · 正式复现,38.8759890503419,7.105427357601002e-15
BBH · 正式复现,34.711136202753416,0.0
BBH · 正式复现,37.80839092310167,0.0
BBH · 正式复现,47.96019950734914,0.0
BBH · 正式复现,56.3112338791251,0.0
BBH · 正式复现,35.877103144989476,1.4210854715202004e-14
BBH · 正式复现,19.80978649735897,3.552713678800501e-15
BBH · 正式复现,56.489348261593875,7.105427357601002e-15
BBH · 正式复现,25.80139394408858,-3.552713678800501e-15
BBH · 正式复现,54.61505780163692,-7.105427357601002e-15
BBH · 正式复现,34.866156175787886,-0.051921165955192805
BBH · 正式复现,48.966096029421145,0.0
BBH · 正式复现,22.00876067958663,-3.552713678800501e-15
BBH · 正式复现,4.19666315993673,8.881784197001252e-16
BBH · 正式复现,1.749447870313745,-4.440892098500626e-16
BBH · 正式复现,26.88896431517229,0.0
BBH · 正式复现,34.90725375177348,-7.105427357601002e-15
BBH · 正式复现,17.47886723805338,0.0
BBH · 正式复现,18.64329803541729,3.552713678800501e-15
BBH · 正式复现,21.416406817010447,3.552713678800501e-15
BBH · 正式复现,6.533590173007619,-8.881784197001252e-16
BBH · 正式复现,3.4370397909475896,8.881784197001252e-16
BBH · 正式复现,30.773045323369836,-3.552713678800501e-15
BBH · 正式复现,30.369934195446422,0.0
BBH · 正式复现,30.29498676255747,-7.105427357601002e-15
BBH · 正式复现,24.998013753807424,0.0
BBH · 正式复现,43.794068990904684,-1.4210854715202004e-14
BBH · 正式复现,46.7202351109504,7.105427357601002e-15
BBH · 正式复现,42.113096716972805,0.0
BBH · 正式复现,8.132119042373503,0.0
BBH · 正式复现,8.132119042373503,0.0
BBH · 正式复现,20.806136629310423,0.0
BBH · 正式复现,19.150679030509476,-7.105427357601002e-15
BBH · 正式复现,31.32761158066677,0.0
BBH · 正式复现,34.95143544274269,-7.105427357601002e-15
BBH · 正式复现,41.28135020153276,7.105427357601002e-15
BBH · 正式复现,34.6224221959871,0.0
BBH · 正式复现,6.957542087542088,0.0
BBH · 正式复现,10.857975857833802,0.0
BBH · 正式复现,39.148157776889455,0.0
BBH · 正式复现,29.7742634799406,0.0
BBH · 正式复现,27.889341313676077,-7.105427357601002e-15
BBH · 正式复现,29.405351182469055,3.552713678800501e-15
BBH · 正式复现,24.585137970728177,3.552713678800501e-15
BBH · 正式复现,20.692627382557507,0.0
BBH · 正式复现,55.95412538254855,0.0
BBH · 正式复现,6.021054704987018,-8.881784197001252e-16
BBH · 正式复现,16.263180963543576,0.0
BBH · 正式复现,41.20039631726062,0.0
BBH · 正式复现,35.46954056518246,0.0
BBH · 正式复现,46.37591354449346,7.105427357601002e-15
BBH · 正式复现,48.82559521217236,-7.105427357601002e-15
BBH · 正式复现,3.363010673939338,4.440892098500626e-16
BBH · 正式复现,4.013396848486799,0.0
BBH · 正式复现,3.547093389508079,0.0
BBH · 正式复现,30.312465517244533,-3.552713678800501e-15
BBH · 正式复现,19.225159654639572,7.105427357601002e-15
BBH · 正式复现,19.85329781165968,-3.552713678800501e-15
BBH · 正式复现,15.349665999615954,-1.7763568394002505e-15
BBH · 正式复现,17.446907017706394,3.552713678800501e-15
BBH · 正式复现,48.421150596785026,-7.105427357601002e-15
BBH · 正式复现,52.64096935250796,0.0
BBH · 正式复现,51.5939185267128,0.0
BBH · 正式复现,51.22184133516778,-1.4210854715202004e-14
BBH · 正式复现,12.926570818614184,0.0
BBH · 正式复现,19.092695935991667,0.0
BBH · 正式复现,42.16983380174582,0.0
BBH · 正式复现,42.536752241074254,-7.105427357601002e-15
BBH · 正式复现,22.08465647856181,0.0
BBH · 正式复现,22.47992425019784,0.0
BBH · 正式复现,21.817495985928637,-1.0658141036401503e-14
BBH · 正式复现,28.41381524085358,0.0
BBH · 正式复现,52.02957975911792,-7.105427357601002e-15
BBH · 正式复现,28.0492424520597,0.0
BBH · 正式复现,30.999360665356374,7.105427357601002e-15
BBH · 正式复现,9.133870459903902,0.0
BBH · 正式复现,43.249988966600455,0.0
BBH · 正式复现,25.8849543311167,0.0
BBH · 正式复现,52.39096851852309,-1.4210854715202004e-14
BBH · 正式复现,13.851732907913409,0.0
BBH · 正式复现,29.383773486585348,-3.552713678800501e-15
BBH · 正式复现,29.694447476985047,-3.552713678800501e-15
BBH · 正式复现,32.84181889691276,0.0
BBH · 正式复现,9.115530357902744,0.0
BBH · 正式复现,8.329663069732538,0.0
BBH · 正式复现,49.11232867574543,7.105427357601002e-15
BBH · 正式复现,17.02637966475561,3.552713678800501e-15
BBH · 正式复现,50.35907329801012,0.0
BBH · 正式复现,50.35907329801012,0.0
BBH · 正式复现,49.4648829451977,7.105427357601002e-15
BBH · 正式复现,49.67240339546997,7.105427357601002e-15
BBH · 正式复现,47.02692591646044,-7.105427357601002e-15
BBH · 正式复现,52.03543238956395,-7.105427357601002e-15
BBH · 正式复现,47.298906013053,7.105427357601002e-15
BBH · 正式复现,35.08432176613165,7.105427357601002e-15
BBH · 正式复现,52.042745183320136,-7.105427357601002e-15
BBH · 正式复现,49.088647063990685,0.0
BBH · 正式复现,7.632147610946966,0.0
BBH · 正式复现,31.985926552081427,0.0
BBH · 正式复现,31.385283673059277,-3.552713678800501e-15
BBH · 正式复现,32.07128887769491,0.0
BBH · 正式复现,36.01120909918873,0.0
BBH · 正式复现,36.579205629985445,0.0
BBH · 正式复现,28.02090599968546,-7.105427357601002e-15
BBH · 正式复现,19.940223054256066,-7.105427357601002e-15
BBH · 正式复现,55.578969731234494,7.105427357601002e-15
BBH · 正式复现,28.79168307535513,3.552713678800501e-15
BBH · 正式复现,29.202729533014498,-7.105427357601002e-15
BBH · 正式复现,7.227868281254663,1.7763568394002505e-15
BBH · 正式复现,4.7662306392124005,0.0
BBH · 正式复现,4.177000172360429,0.0
BBH · 正式复现,4.548336087243888,8.881784197001252e-16
BBH · 正式复现,17.42601622698448,0.0
BBH · 正式复现,2.6496699813735507,0.0
BBH · 正式复现,13.931208168262554,-1.7763568394002505e-15
BBH · 正式复现,19.770254818005952,-3.552713678800501e-15
BBH · 正式复现,48.377665770554,-7.105427357601002e-15
BBH · 正式复现,51.09023389049588,0.0
BBH · 正式复现,50.77376164739927,2.1316282072803006e-14
BBH · 正式复现,43.538463647603336,7.105427357601002e-15
BBH · 正式复现,50.9901358512802,-7.105427357601002e-15
BBH · 正式复现,7.784282802508024,-8.881784197001252e-16
BBH · 正式复现,46.16462900339792,0.0
BBH · 正式复现,33.298364285885654,-7.105427357601002e-15
BBH · 正式复现,45.25041934691859,-7.105427357601002e-15
BBH · 正式复现,2.2358856564144522,-8.881784197001252e-16
BBH · 正式复现,34.385984193445104,0.0
BBH · 正式复现,37.02526862429277,0.0
BBH · 正式复现,36.41130337400265,0.0
BBH · 正式复现,49.38124012444703,0.0
BBH · 正式复现,47.588316576052456,0.0
BBH · 正式复现,50.5982763137811,0.0
BBH · 正式复现,37.15398413723134,0.0
BBH · 正式复现,32.81903240379116,0.0
BBH · 正式复现,2.607639713842668,0.0
BBH · 正式复现,45.981695728558606,7.105427357601002e-15
BBH · 正式复现,47.20230580445542,-7.105427357601002e-15
BBH · 正式复现,49.28145843642874,0.0
BBH · 正式复现,19.291805959591997,-3.552713678800501e-15
BBH · 正式复现,7.94944502776896,0.0
BBH · 正式复现,31.57234021298067,3.552713678800501e-15
BBH · 正式复现,25.725678338583254,7.105427357601002e-15
BBH · 正式复现,5.787367341152595,-6.880652767264371
BBH · 正式复现,34.642400966373785,7.105427357601002e-15
BBH · 正式复现,4.042705269260129,0.0
BBH · 正式复现,45.897405633960645,-7.105427357601002e-15
BBH · 正式复现,1.1023633058943698,-2.220446049250313e-16
BBH · 正式复现,6.126852862495489,0.0
BBH · 正式复现,4.607187867121388,-8.881784197001252e-16
BBH · 正式复现,5.067571369076204,0.0
BBH · 正式复现,2.0813002167796686,0.0
BBH · 正式复现,36.36861871726954,-1.4210854715202004e-14
BBH · 正式复现,39.05056413790993,0.0
BBH · 正式复现,29.806655612613746,-3.552713678800501e-15
BBH · 正式复现,32.07294114461409,7.105427357601002e-15
BBH · 正式复现,11.467459235722028,-1.7763568394002505e-15
BBH · 正式复现,24.22680316567029,-3.552713678800501e-15
BBH · 正式复现,23.784246657651128,0.0
BBH · 正式复现,20.622988697146294,7.105427357601002e-15
BBH · 正式复现,22.983327840830786,0.0
BBH · 正式复现,35.44621907652245,7.105427357601002e-15
BBH · 正式复现,55.90173559155675,-1.4210854715202004e-14
BBH · 正式复现,54.8449853466199,0.0
BBH · 正式复现,56.10839417299811,0.0
BBH · 正式复现,55.88446363760437,-7.105427357601002e-15
BBH · 正式复现,56.07496197301843,7.105427357601002e-15
BBH · 正式复现,55.20355070082317,7.105427357601002e-15
BBH · 正式复现,55.20594989405504,0.0
BBH · 正式复现,1.4066196276490397,0.0
BBH · 正式复现,34.07986228320928,0.0
BBH · 正式复现,24.990385055835603,0.0
BBH · 正式复现,36.2390009919108,0.0
BBH · 正式复现,36.69420283560647,0.0
BBH · 正式复现,1.4302074600422707,-2.220446049250313e-16
BBH · 正式复现,25.64854657456816,0.0
BBH · 正式复现,26.32693751443641,0.0
BBH · 正式复现,27.39995114531432,0.0
BBH · 正式复现,28.305922895366827,3.552713678800501e-15
BBH · 正式复现,36.17985917773406,0.0
BBH · 正式复现,9.507336377473363,0.0
BBH · 正式复现,35.86925790573909,0.0
BBH · 正式复现,26.63869755860018,0.0
BBH · 正式复现,17.906937974221723,0.0
BBH · 正式复现,8.89516742838758,-1.7763568394002505e-15
BBH · 正式复现,23.040764481149232,3.552713678800501e-15
BBH · 正式复现,31.255700427788582,0.0
BBH · 正式复现,34.35218727198406,0.0
BBH · 正式复现,1.8278127302260843,4.440892098500626e-16
BBH · 正式复现,2.371788472964944,-4.440892098500626e-16
BBH · 正式复现,13.678635807519433,0.0
BBH · 正式复现,51.42213772529595,0.0
BBH · 正式复现,5.096928104575163,-8.881784197001252e-16
BBH · 正式复现,33.7636782635452,7.105427357601002e-15
BBH · 正式复现,27.858929260905125,0.0
BBH · 正式复现,31.101151872569247,7.105427357601002e-15
BBH · 正式复现,35.7760897255686,0.0
BBH · 正式复现,26.906353891780515,0.0
BBH · 正式复现,17.3676325443774,-3.552713678800501e-15
BBH · 正式复现,8.96653313336597,-0.011111111111111072
BBH · 正式复现,32.76366579584105,-7.105427357601002e-15
BBH · 正式复现,5.325247153240706,0.0
BBH · 正式复现,4.729119207646243,0.0
BBH · 正式复现,9.76792479590425,-1.7763568394002505e-15
BBH · 正式复现,8.35555577938938,-1.7763568394002505e-15
BBH · 正式复现,25.373015462245583,0.0
BBH · 正式复现,49.665539028891345,-7.105427357601002e-15
BBH · 正式复现,31.085445296018975,3.552713678800501e-15
BBH · 正式复现,5.946254874082537,0.0
BBH · 正式复现,15.415129369168449,3.552713678800501e-15
BBH · 正式复现,35.56600949863265,-7.105427357601002e-15
BBH · 正式复现,40.98762530159646,0.0
BBH · 正式复现,34.96965415936291,0.0
BBH · 正式复现,27.463695565892305,0.0
BBH · 正式复现,58.28330738049857,-7.105427357601002e-15
BBH · 正式复现,18.214357583811633,3.552713678800501e-15
BBH · 正式复现,2.400631279750579,0.0
BBH · 正式复现,4.586419628734295,0.0
BBH · 正式复现,7.39460963380786,8.881784197001252e-16
BBH · 正式复现,3.6480520895226785,-1.7763568394002505e-15
BBH · 正式复现,3.4984293851759607,0.0
BBH · 正式复现,37.87133313079306,7.105427357601002e-15
BBH · 正式复现,46.73283933573803,0.0
BBH · 正式复现,51.92504876544175,0.0
BBH · 正式复现,31.166750037107487,0.0
BBH · 正式复现,36.2605101880134,-7.105427357601002e-15
BBH · 正式复现,31.984332678202136,0.0
BBH · 正式复现,32.26686716202457,0.0
BBH · 正式复现,44.975804333935,0.0
BBH · 正式复现,45.31740264996691,7.105427357601002e-15
BBH · 正式复现,15.276579446085892,0.0
BBH · 正式复现,28.91423515333936,0.0
BBH · 正式复现,55.463618488024686,1.4210854715202004e-14
BBH · 正式复现,43.401341987357206,0.0
BBH · 正式复现,15.682840817827373,-1.7763568394002505e-15
BBH · 正式复现,17.63795023834911,0.0
BBH · 正式复现,16.323588748077064,-3.552713678800501e-15
BBH · 正式复现,7.551225280004151,0.0
BBH · 正式复现,5.862826722774347,0.0
BBH · 正式复现,49.27284215130386,-1.4210854715202004e-14
BBH · 正式复现,11.940832085290182,0.0
BBH · 正式复现,15.061014157150336,-0.5247094636941512
BBH · 正式复现,20.804436634724503,-1.6342869000312312
BBH · 正式复现,32.76923482357124,7.105427357601002e-15
BBH · 正式复现,42.70163259850296,0.0
BBH · 正式复现,42.79536776758766,7.105427357601002e-15
BBH · 正式复现,28.33277757558808,0.0
BBH · 正式复现,28.258014912987704,-3.552713678800501e-15
BBH · 正式复现,32.58754251798589,0.0
BBH · 正式复现,28.18246234355982,-3.552713678800501e-15
BBH · 正式复现,41.459290753905556,-1.4210854715202004e-14
BBH · 正式复现,29.896263840620193,-1.0658141036401503e-14
BBH · 正式复现,29.81966445991054,3.552713678800501e-15
BBH · 正式复现,28.955635498374203,0.0
BBH · 正式复现,36.35843837533925,7.105427357601002e-15
BBH · 正式复现,36.81735294513948,0.0
BBH · 正式复现,36.834016091662946,-7.105427357601002e-15
BBH · 正式复现,50.103411991298564,-1.4210854715202004e-14
BBH · 正式复现,50.71327914306504,0.0
BBH · 正式复现,33.30931089323399,0.0
BBH · 正式复现,33.09114622817674,0.0
BBH · 正式复现,37.40411935244851,0.0
BBH · 正式复现,49.421941687332996,-1.4210854715202004e-14
BBH · 正式复现,37.61925634545651,0.0
BBH · 正式复现,1.88717525781587,0.0
BBH · 正式复现,17.740658716275128,-3.552713678800501e-15
BBH · 正式复现,8.72537349779457,0.0
BBH · 正式复现,27.93118385237936,0.0
BBH · 正式复现,7.281048316082201,-8.881784197001252e-16
BBH · 正式复现,23.416054848493687,0.0
BBH · 正式复现,22.939796393832054,3.552713678800501e-15
BBH · 正式复现,23.46226189636773,3.552713678800501e-15
BBH · 正式复现,20.097149605636346,-7.105427357601002e-15
BBH · 正式复现,41.03264464626528,-7.105427357601002e-15
BBH · 正式复现,25.2688279392506,0.0
BBH · 正式复现,29.600465622828253,0.0
BBH · 正式复现,36.89009035044375,0.0
BBH · 正式复现,34.79159883396676,0.0
BBH · 正式复现,34.73715707560444,-7.105427357601002e-15
BBH · 正式复现,26.661152209882328,0.0
BBH · 正式复现,27.660911941379897,0.0
BBH · 正式复现,28.900263386108733,0.0
BBH · 正式复现,35.92532095316598,7.105427357601002e-15
BBH · 正式复现,36.44070084062748,0.0
BBH · 正式复现,36.40248084197368,0.0
BBH · 正式复现,36.63313094998246,0.0
BBH · 正式复现,31.698975087013206,-7.105427357601002e-15
BBH · 正式复现,26.914542436180227,0.0
BBH · 正式复现,29.550013804457734,7.105427357601002e-15
BBH · 正式复现,28.607718394442788,0.0
BBH · 正式复现,27.665794638508444,-3.552713678800501e-15
BBH · 正式复现,30.854731427683628,0.0
BBH · 正式复现,27.16443115792157,0.0
BBH · 正式复现,31.16350771474489,3.552713678800501e-15
BBH · 正式复现,29.530012820716834,-1.0658141036401503e-14
BBH · 正式复现,29.320607513658743,3.552713678800501e-15
BBH · 正式复现,30.69307747198892,0.0
BBH · 正式复现,28.7392660572686,0.0
BBH · 正式复现,28.219373273671142,-7.105427357601002e-15
BBH · 正式复现,30.84160241378374,-7.105427357601002e-15
BBH · 正式复现,28.778577217548467,3.552713678800501e-15
BBH · 正式复现,28.768718884316492,3.552713678800501e-15
BBH · 正式复现,25.371407671115207,0.0
BBH · 正式复现,36.45157980184221,0.0
BBH · 正式复现,2.831363636363637,0.0
BBH · 正式复现,16.637813694151937,0.0
BBH · 正式复现,30.76062362954177,3.552713678800501e-15
BBH · 正式复现,38.20585226683991,7.105427357601002e-15
BBH · 正式复现,42.291470475975416,-7.105427357601002e-15
BBH · 正式复现,39.91531358821764,-7.105427357601002e-15
BBH · 正式复现,26.547568201488424,-3.552713678800501e-15
BBH · 正式复现,19.079190454097787,0.0
BBH · 正式复现,14.135344732061384,1.7763568394002505e-15
BBH · 正式复现,14.698639898107366,-1.7763568394002505e-15
BBH · 正式复现,20.302342129934097,0.0
BBH · 正式复现,52.78404012259051,0.0
BBH · 正式复现,42.03199052898647,0.0
BBH · 正式复现,41.16143815473681,0.0
BBH · 正式复现,38.166569199496166,7.105427357601002e-15
BBH · 正式复现,43.18189722480503,7.105427357601002e-15
BBH · 正式复现,43.4427393079299,7.105427357601002e-15
BBH · 正式复现,44.125366506740946,7.105427357601002e-15
BBH · 正式复现,19.475746974326068,0.0
BBH · 正式复现,18.69206874721008,0.0
BBH · 正式复现,28.89509203723778,3.552713678800501e-15
BBH · 正式复现,26.34859792572119,0.0
BBH · 正式复现,27.665285015300114,-1.0658141036401503e-14
BBH · 正式复现,9.395846417818936,0.0
BBH · 正式复现,36.54914615161445,0.0
BBH · 正式复现,36.24572277626619,-7.105427357601002e-15
BBH · 正式复现,36.307407586886015,0.0
BBH · 正式复现,36.678248178014,-7.105427357601002e-15
BBH · 正式复现,5.851019142844942,-1.7763568394002505e-15
BBH · 正式复现,28.103050014353716,-7.105427357601002e-15
BBH · 正式复现,35.35007344104428,0.0
BBH · 正式复现,36.45190695170704,0.0
BBH · 正式复现,35.328756470489466,7.105427357601002e-15
BBH · 正式复现,32.68179906326954,-7.105427357601002e-15
BBH · 正式复现,34.40003587057092,7.105427357601002e-15
BBH · 正式复现,33.96881934058692,-7.105427357601002e-15
BBH · 正式复现,33.85996689538109,0.0
BBH · 正式复现,34.15662850738155,0.0
BBH · 正式复现,8.863652988994753,0.3468300653594767
BBH · 正式复现,5.466179719646344,0.0
BBH · 正式复现,9.40909318881213,0.0
BBH · 正式复现,17.222559825058127,0.0
BBH · 正式复现,4.613767082590613,-1.7763568394002505e-15
BBH · 正式复现,35.900061863721675,0.0
BBH · 正式复现,4.47284811654772,0.02735294117646969
BBH · 正式复现,46.399412955818875,1.4210854715202004e-14
BBH · 正式复现,55.19011807554399,-1.475747326881482
BBH · 正式复现,4.366029656556755,-8.881784197001252e-16
BBH · 正式复现,23.80410016553796,-0.5101725626950433
BBH · 正式复现,48.709812647505885,0.0
BBH · 正式复现,50.18513318440344,0.0
BBH · 正式复现,48.46045127399019,7.105427357601002e-15
BBH · 正式复现,49.38061007422016,0.0
BBH · 正式复现,37.0997666322403,-7.105427357601002e-15
BBH · 正式复现,38.735536111735286,-1.4210854715202004e-14
BBH · 正式复现,4.273999212214679,0.0
BBH · 正式复现,7.468938770070244,8.881784197001252e-16
BBH · 正式复现,28.042728344416503,0.0
BBH · 正式复现,7.5614775342477945,1.7763568394002505e-15
BBH · 正式复现,30.737634411945635,-3.552713678800501e-15
BBH · 正式复现,10.720164380642734,6.146287689630383
BBH · 正式复现,25.56911494885904,-3.552713678800501e-15
BBH · 正式复现,24.037254271918485,-3.552713678800501e-15
BBH · 正式复现,52.7448919952634,7.105427357601002e-15
BBH · 正式复现,28.395751431416173,-2.5684378994732633
BBH · 正式复现,44.11434558724835,0.0
BBH · 正式复现,20.819346310345168,3.552713678800501e-15
BBH · 正式复现,34.73718585543679,0.0
BBH · 正式复现,29.181758873323105,0.0
BBH · 正式复现,59.809606959233705,-7.105427357601002e-15
BBH · 正式复现,28.478795733396524,3.552713678800501e-15
BBH · 正式复现,21.95410762879941,0.0
BBH · 正式复现,28.502644855771297,0.0
BBH · 正式复现,7.221169084071986,8.881784197001252e-16
BBH · 正式复现,52.39286892867324,7.105427357601002e-15
BBH · 正式复现,50.02266053282723,-7.105427357601002e-15
BBH · 正式复现,7.891833484522147,8.881784197001252e-16
BBH · 正式复现,11.565400479411359,5.329070518200751e-15
BBH · 正式复现,1.3404688979507675,0.0
BBH · 正式复现,11.96505726076234,1.7763568394002505e-15
BBH · 正式复现,28.13584109991744,0.0
BBH · 正式复现,29.915044266358997,-3.552713678800501e-15
BBH · 正式复现,18.17835840988572,0.0
BBH · 正式复现,49.666835922992384,0.0
BBH · 正式复现,41.08306318800703,0.0
BBH · 正式复现,35.56934797458052,-7.105427357601002e-15
BBH · 正式复现,28.907334664767347,0.0
BBH · 正式复现,51.1223181579944,-6.120526261903777
BBH · 正式复现,36.077381004161374,0.0
BBH · 正式复现,17.34657495584369,0.0
BBH · 正式复现,32.0715397550976,0.0
BBH · 正式复现,35.91800839002647,0.0
BBH · 正式复现,36.19978764533613,0.0
BBH · 正式复现,40.12177010845507,-7.105427357601002e-15
BBH · 正式复现,40.93134519747112,0.0
BBH · 正式复现,48.238908630392146,-7.105427357601002e-15
BBH · 正式复现,35.364516100686416,-7.105427357601002e-15
BBH · 正式复现,13.091524912026523,0.0
BBH · 正式复现,42.35561106809722,7.105427357601002e-15
BBH · 正式复现,34.44654701952267,-7.105427357601002e-15
BBH · 正式复现,34.95791456295642,-7.105427357601002e-15
BBH · 正式复现,32.04475928596385,7.105427357601002e-15
BBH · 正式复现,36.05253256686901,0.0
BBH · 正式复现,29.567999415715217,0.0
BBH · 正式复现,2.3470409575204094,0.0
BBH · 正式复现,36.13467912106424,-7.105427357601002e-15
BBH · 正式复现,34.13248444979847,1.580450760856671
BBH · 正式复现,45.02184351970057,1.4210854715202004e-14
BBH · 正式复现,34.38289238488821,-7.105427357601002e-15
BBH · 正式复现,4.561587443058031,0.0
BBH · 正式复现,26.978850946197483,-3.552713678800501e-15
BBH · 正式复现,27.59982935067644,0.0
BBH · 正式复现,27.774394299037056,-3.552713678800501e-15
BBH · 正式复现,27.353618267315536,-7.105427357601002e-15
BBH · 正式复现,28.170621881092465,0.0
BBH · 正式复现,29.980749872810257,-3.552713678800501e-15
BBH · 正式复现,13.455601394009934,0.0
BBH · 正式复现,29.97691243171087,0.0
BBH · 正式复现,62.274065078728384,-1.4210854715202004e-14
BBH · 正式复现,37.81084749225178,7.105427357601002e-15
BBH · 正式复现,40.94410554905775,-7.105427357601002e-15
BBH · 正式复现,36.365185289823884,1.4210854715202004e-14
BBH · 正式复现,49.41493648187427,0.0
BBH · 正式复现,3.3982664477164874,8.881784197001252e-16
BBH · 正式复现,18.13956937900525,0.0
BBH · 正式复现,22.000240215001803,3.552713678800501e-15
BBH · 正式复现,22.658058596327027,0.0
BBH · 正式复现,8.389239359006991,0.0
BBH · 正式复现,8.191900397270365,0.0
BBH · 正式复现,8.498754758774203,0.0
BBH · 正式复现,45.658280600233155,-7.105427357601002e-15
BBH · 正式复现,32.17112263024607,0.6982149455118112
BBH · 正式复现,3.1853942598489864,4.440892098500626e-16
BBH · 正式复现,6.3327454652272905,0.0
BBH · 正式复现,2.655308931376619,4.440892098500626e-16
BBH · 正式复现,2.7012729836642007,0.0
BBH · 正式复现,2.9425264807533544,0.0
BBH · 正式复现,20.961371152211182,7.105427357601002e-15
BBH · 正式复现,54.63137024552033,7.105427357601002e-15
BBH · 正式复现,26.853303676151643,-3.669190649657068
BBH · 正式复现,29.400265847442483,-1.378612636488711
BBH · 正式复现,26.00187382148099,-3.552713678800501e-15
BBH · 正式复现,25.705433288023944,0.0
BBH · 正式复现,25.555230012995928,-3.552713678800501e-15
BBH · 正式复现,26.48589369385502,0.0
BBH · 正式复现,25.526521127200013,-3.552713678800501e-15
BBH · 正式复现,23.659142323042403,0.0
BBH · 正式复现,26.37396261839453,-3.552713678800501e-15
BBH · 正式复现,29.086406714200834,-1.0658141036401503e-14
BBH · 正式复现,28.507391677994015,-3.552713678800501e-15
BBH · 正式复现,29.0324791021363,3.552713678800501e-15
BBH · 正式复现,28.49872399118773,3.552713678800501e-15
BBH · 正式复现,21.857696499882195,-3.552713678800501e-15
BBH · 正式复现,20.790980388270064,3.552713678800501e-15
BBH · 正式复现,22.982009807046246,-3.552713678800501e-15
BBH · 正式复现,22.304722895019296,3.552713678800501e-15
BBH · 正式复现,22.33288648076616,0.0
BBH · 正式复现,16.875389341982814,0.0
BBH · 正式复现,20.094109548877523,0.0
BBH · 正式复现,17.812647859199025,-3.552713678800501e-15
BBH · 正式复现,16.653429432655862,0.0
BBH · 正式复现,4.744629874421679,0.0
BBH · 正式复现,41.59365445538448,-7.105427357601002e-15
BBH · 正式复现,40.093429916371655,0.0
BBH · 正式复现,59.91731650130399,0.0
BBH · 正式复现,28.17992791986844,-3.552713678800501e-15
BBH · 正式复现,11.60252636544502,0.0
BBH · 正式复现,7.199019778023912,-8.881784197001252e-16
BBH · 正式复现,2.00355862547039,4.440892098500626e-16
BBH · 正式复现,52.83893775599707,0.0
BBH · 正式复现,52.09377059236901,7.105427357601002e-15
BBH · 正式复现,52.170861675862824,1.4210854715202004e-14
BBH · 正式复现,48.27170322245717,0.0
BBH · 正式复现,50.18134429558161,1.4210854715202004e-14
BBH · 正式复现,42.25910979740395,2.9984004366870707
BBH · 正式复现,21.34540095482008,3.552713678800501e-15
BBH · 正式复现,40.58060064469629,0.0
BBH · 正式复现,42.59545335472261,7.105427357601002e-15
BBH · 正式复现,19.977752146023,-3.552713678800501e-15
BBH · 正式复现,13.00106584241556,-1.7763568394002505e-15
BBH · 正式复现,47.050807568284256,0.0
BBH · 正式复现,48.04794799002712,0.0
BBH · 正式复现,3.546298466806123,0.0
BBH · 正式复现,4.820243721122045,0.0
BBH · 正式复现,21.672437586715603,0.0
BBH · 正式复现,25.60654883732465,0.0
BBH · 正式复现,44.519498859994584,1.4210854715202004e-14
BBH · 正式复现,8.412218566269736,1.7763568394002505e-15
BBH · 正式复现,49.38690027144481,0.0
BBH · 正式复现,58.26189408678741,-7.105427357601002e-15
BBH · 正式复现,7.0878451178451165,-8.881784197001252e-16
BBH · 正式复现,32.78974404613455,0.0
BBH · 正式复现,8.98121133440231,0.0
BBH · 正式复现,26.70679448256402,-3.552713678800501e-15
BBH · 正式复现,25.706819355250055,3.552713678800501e-15
BBH · 正式复现,25.155250178541202,7.105427357601002e-15
BBH · 正式复现,52.815405573212274,0.005306876175119157
BBH · 正式复现,27.180880250526524,-1.4709039896775096
BBH · 正式复现,8.502927271642019,0.0
BBH · 正式复现,16.44658382894578,0.0
BBH · 正式复现,29.49158080943738,3.552713678800501e-15
BBH · 正式复现,34.78211812089758,0.0
BBH · 正式复现,35.482447523885746,0.0
BBH · 正式复现,13.659523241343653,1.7763568394002505e-15
BBH · 正式复现,5.548411533266127,0.0
BBH · 正式复现,25.364499387227276,-7.105427357601002e-15
BBH · 正式复现,11.23886507447882,1.7763568394002505e-15
BBH · 正式复现,2.126793919588037,0.0
BBH · 正式复现,50.419625407805114,-7.105427357601002e-15
BBH · 正式复现,48.581587256263106,-1.4210854715202004e-14
BBH · 正式复现,35.653096662329006,7.105427357601002e-15
BBH · 正式复现,37.44132686992394,0.0
BBH · 正式复现,50.365974711716206,-7.105427357601002e-15
BBH · 正式复现,50.73749377731295,0.0
BBH · 正式复现,50.535480269654144,7.105427357601002e-15
BBH · 正式复现,50.23191024214811,1.4210854715202004e-14
BBH · 正式复现,50.347065074109956,-1.4210854715202004e-14
BBH · 正式复现,50.11142993537886,0.0
BBH · 正式复现,46.366653802814,0.0
BBH · 正式复现,50.352687515053724,-1.4210854715202004e-14
BBH · 正式复现,49.79836668099142,0.0
BBH · 正式复现,49.83459258547442,0.0
BBH · 正式复现,44.843355808017556,-1.4210854715202004e-14
BBH · 正式复现,20.50625197041595,0.0
BBH · 正式复现,58.53035132285105,-7.105427357601002e-15
BBH · 正式复现,21.44875568223163,0.0
BBH · 正式复现,20.20432897355036,-3.552713678800501e-15
BBH · 正式复现,14.041351651308329,0.0
BBH · 正式复现,6.631749430919456,-8.881784197001252e-16
BBH · 正式复现,3.864303511747717,-8.881784197001252e-16
BBH · 正式复现,4.892301412450124,-8.881784197001252e-16
BBH · 正式复现,2.81326456924998,-4.440892098500626e-16
BBH · 正式复现,2.1297035019560346,-8.881784197001252e-16
BBH · 正式复现,44.273555426330965,0.0
BBH · 正式复现,3.8421954101765152,0.0
BBH · 正式复现,48.45443982860533,0.0
BBH · 正式复现,54.40796058706255,7.105427357601002e-15
BBH · 正式复现,43.852808422701486,-2.412943653732583
BBH · 正式复现,48.69323820052786,-1.4210854715202004e-14
BBH · 正式复现,55.13207907123091,0.19100883254220946
BBH · 正式复现,47.75994399756939,-0.4102118816939253
BBH · 正式复现,33.97584347623702,-1.6153692713211356
BBH · 正式复现,28.93850404537914,7.105427357601002e-15
BBH · 正式复现,24.04860308113929,3.552713678800501e-15
BBH · 正式复现,24.132844977310704,-3.552713678800501e-15
BBH · 正式复现,23.7732870894326,-3.552713678800501e-15
BBH · 正式复现,12.125579560037657,-5.329070518200751e-15
BBH · 正式复现,21.78360838715177,0.0
BBH · 正式复现,41.37546218651795,7.105427357601002e-15
BBH · 正式复现,12.961374062508185,0.0
BBH · 正式复现,21.58478429377326,-3.552713678800501e-15
BBH · 正式复现,37.91581245917148,0.0
BBH · 正式复现,25.20350517239808,0.0
BBH · 正式复现,21.937999462890275,-3.552713678800501e-15
BBH · 正式复现,16.58330473031217,-3.552713678800501e-15
BBH · 正式复现,19.876877803543437,-3.552713678800501e-15
BBH · 正式复现,13.857811570359896,-1.7763568394002505e-15
BBH · 正式复现,14.177224162496438,0.0
BBH · 正式复现,14.217971903055156,0.0
BBH · 正式复现,30.49889389653247,0.0
BBH · 正式复现,9.386371925607728,0.0
BBH · 正式复现,53.84008105932037,7.105427357601002e-15
BBH · 正式复现,24.091412067845624,3.552713678800501e-15
BBH · 正式复现,24.558747365322688,0.0
BBH · 正式复现,26.79172729423422,-3.552713678800501e-15
BBH · 正式复现,48.6166718794722,0.0
BBH · 正式复现,48.50786084405762,7.105427357601002e-15
BBH · 正式复现,29.92604162309261,0.0
BBH · 正式复现,19.183159360187965,-3.552713678800501e-15
BBH · 正式复现,27.816051327740794,-1.0658141036401503e-14
BBH · 正式复现,30.509624748954778,-7.105427357601002e-15
BBH · 正式复现,29.95856031523668,0.0
BBH · 正式复现,28.554603909240623,0.0
BBH · 正式复现,3.588738438643756,0.0
BBH · 正式复现,18.066398100675865,0.0
BBH · 正式复现,26.0240321641053,3.552713678800501e-15
BBH · 正式复现,30.060941501467852,1.0658141036401503e-14
BBH · 正式复现,23.76925747689573,0.0
BBH · 正式复现,30.250415044309648,0.0
BBH · 正式复现,12.071945685704751,1.7763568394002505e-15
BBH · 正式复现,36.66169583479774,0.0
BBH · 正式复现,22.72525975080962,-3.552713678800501e-15
BBH · 正式复现,21.601519604718455,0.917306973314588
BBH · 正式复现,20.166003338515427,0.0
BBH · 正式复现,14.80619341451162,0.0
BBH · 正式复现,27.695199510550037,-7.105427357601002e-15
BBH · 正式复现,28.508587310114308,-3.552713678800501e-15
BBH · 正式复现,28.046977965255564,0.0
BBH · 正式复现,26.86640408924051,-7.105427357601002e-15
BBH · 正式复现,29.731239401807493,3.552713678800501e-15
BBH · 正式复现,27.89240326309021,-3.552713678800501e-15
BBH · 正式复现,20.176940422218426,0.0
BBH · 正式复现,28.170106538118223,0.0
BBH · 正式复现,29.30812792849256,-3.552713678800501e-15
BBH · 正式复现,27.469588233937547,0.0
BBH · 正式复现,28.604424224788854,7.105427357601002e-15
BBH · 正式复现,28.099198851257675,-7.105427357601002e-15
BBH · 正式复现,27.82525272195498,0.0
BBH · 正式复现,28.120615169964488,-7.105427357601002e-15
BBH · 正式复现,27.281063922870928,-3.552713678800501e-15
BBH · 正式复现,16.991337387293914,1.3786906948201292
BBH · 正式复现,15.334091333323457,-4.0284913257952635
BBH · 正式复现,9.358024700554239,-13.75344896754914
BBH · 正式复现,13.114728218255618,1.7763568394002505e-15
BBH · 正式复现,16.922412033306475,0.0
BBH · 正式复现,21.238562899271304,0.0
BBH · 正式复现,23.492187889680057,0.0
BBH · 正式复现,28.546929760960715,7.105427357601002e-15
BBH · 正式复现,19.061804188812648,0.0
BBH · 正式复现,44.011246688867445,-7.105427357601002e-15
BBH · 正式复现,44.00259101447648,0.0
BBH · 正式复现,44.107781530976425,7.105427357601002e-15
BBH · 正式复现,43.95064827244946,0.0
BBH · 正式复现,39.39691509660613,0.0
BBH · 正式复现,40.939071043896035,-2.1316282072803006e-14
BBH · 正式复现,44.320841821032744,7.105427357601002e-15
BBH · 正式复现,43.840199946938355,-7.105427357601002e-15
BBH · 正式复现,44.05349239999947,0.0
BBH · 正式复现,41.321961057304115,-1.4210854715202004e-14
BBH · 正式复现,43.91919055805057,-7.105427357601002e-15
BBH · 正式复现,42.49676419899819,0.0
BBH · 正式复现,44.16152621661877,0.0
BBH · 正式复现,44.141103157274806,0.0
BBH · 正式复现,44.04450256220758,-7.105427357601002e-15
BBH · 正式复现,44.00727405884392,-7.105427357601002e-15
BBH · 正式复现,43.778361681045226,0.0
BBH · 正式复现,43.12428137338583,-7.105427357601002e-15
BBH · 正式复现,41.771094311913785,0.0
BBH · 正式复现,44.04081717896338,0.0
BBH · 正式复现,44.119494687402835,-7.105427357601002e-15
BBH · 正式复现,43.94022574925496,0.0
BBH · 正式复现,43.78374025194924,0.0
BBH · 正式复现,43.77959090180507,0.0
BBH · 正式复现,43.951198645912804,1.4210854715202004e-14
BBH · 正式复现,44.159601808693154,-7.105427357601002e-15
BBH · 正式复现,42.63936302517612,0.0
BBH · 正式复现,44.206519793342466,-7.105427357601002e-15
BBH · 正式复现,44.24846451595969,0.0
BBH · 正式复现,44.176657661337245,7.105427357601002e-15
BBH · 正式复现,43.89439010251482,-7.105427357601002e-15
BBH · 正式复现,43.94789156904174,0.0
BBH · 正式复现,43.55382749958518,-7.105427357601002e-15
BBH · 正式复现,44.183334610794205,-7.105427357601002e-15
BBH · 正式复现,44.11321466977782,7.105427357601002e-15
BBH · 正式复现,43.88591333925529,0.0
BBH · 正式复现,44.27125659181853,7.105427357601002e-15
BBH · 正式复现,44.380677269180374,1.4210854715202004e-14
BBH · 正式复现,43.66476423073276,7.105427357601002e-15
BBH · 正式复现,1.2805465682883084,0.0
BBH · 正式复现,43.115727522884626,1.4210854715202004e-14
BBH · 正式复现,43.94125829423596,0.0
BBH · 正式复现,43.39057008013785,7.105427357601002e-15
BBH · 正式复现,42.13268294859979,-7.105427357601002e-15
BBH · 正式复现,56.53381848053765,7.105427357601002e-15
MATH · 审计敏感性,1.132930513595166,-0.6042296072507549
MATH · 审计敏感性,14.425981873111782,-1.9637462235649572
MATH · 审计敏感性,25.52870090634441,-4.380664652567976
MATH · 审计敏感性,20.090634441087612,-2.567975830815712
MATH · 审计敏感性,6.15558912386707,-0.9818731117824777
MATH · 审计敏感性,14.38821752265861,-3.7009063444108765
MATH · 审计敏感性,10.800604229607249,-1.2084592145015076
MATH · 审计敏感性,10.196374622356494,-1.2084592145015112
MATH · 审计敏感性,17.107250755287012,-10.951661631419942
MATH · 审计敏感性,15.219033232628398,-5.211480362537763
MATH · 审计敏感性,4.79607250755287,-0.6797583081571004
MATH · 审计敏感性,5.098187311178247,-1.283987915407855
MATH · 审计敏感性,6.268882175226587,0.0
MATH · 审计敏感性,1.5483383685800605,-0.07552870090634434
MATH · 审计敏感性,1.5105740181268883,-0.6042296072507556
MATH · 审计敏感性,1.0196374622356497,-0.6797583081570997
MATH · 审计敏感性,4.984894259818731,-1.2084592145015103
MATH · 审计敏感性,6.231117824773414,-0.830815709969789
MATH · 审计敏感性,3.474320241691843,-1.0574018126888216
MATH · 审计敏感性,29.191842900302113,-8.232628398791533
MATH · 审计敏感性,30.853474320241695,-0.5287009063444152
MATH · 审计敏感性,23.225075528700906,-0.22658610271903612
MATH · 审计敏感性,27.19033232628399,-54.38066465256798
MATH · 审计敏感性,11.63141993957704,-1.661631419939578
MATH · 审计敏感性,5.13595166163142,-1.2084592145015103
MATH · 审计敏感性,5.13595166163142,-1.2084592145015103
MATH · 审计敏感性,10.309667673716012,-0.075528700906343
MATH · 审计敏感性,23.829305135951664,-5.513595166163146
MATH · 审计敏感性,7.515105740181269,-2.643504531722055
MATH · 审计敏感性,4.984894259818731,-1.5105740181268876
MATH · 审计敏感性,4.871601208459214,-7.024169184290031
MATH · 审计敏感性,15.8987915407855,-17.749244712990937
MATH · 审计敏感性,16.95619335347432,-11.102719033232631
MATH · 审计敏感性,0.6419939577039275,-1.283987915407855
MATH · 审计敏感性,1.057401812688822,-2.114803625377644
MATH · 审计敏感性,10.725075528700906,-21.45015105740181
MATH · 审计敏感性,8.534743202416918,-17.069486404833835
MATH · 审计敏感性,19.10876132930514,-11.027190332326285
MATH · 审计敏感性,11.933534743202419,-3.323262839879156
MATH · 审计敏感性,12.424471299093655,-1.1329305135951664
MATH · 审计敏感性,17.44712990936556,-19.033232628398796
MATH · 审计敏感性,8.91238670694864,-14.350453172205437
MATH · 审计敏感性,2.1525679758308156,-3.3987915407854983
MATH · 审计敏感性,1.1706948640483383,-1.1329305135951664
MATH · 审计敏感性,25.604229607250755,0.0
MATH · 审计敏感性,18.95770392749245,0.0
MATH · 审计敏感性,24.055891238670696,-26.81268882175226
MATH · 审计敏感性,30.09818731117825,-3.09667673716012
MATH · 审计敏感性,21.185800604229605,-2.190332326283986
MATH · 审计敏感性,30.702416918429,-1.4350453172205526
MATH · 审计敏感性,34.55438066465257,-2.3413897280966793
MATH · 审计敏感性,4.569486404833837,-1.283987915407856
MATH · 审计敏感性,26.283987915407856,-5.589123867069489
MATH · 审计敏感性,16.238670694864048,-3.3232628398791544
MATH · 审计敏感性,11.555891238670696,0.0
MATH · 审计敏感性,14.879154078549847,0.0
MATH · 审计敏感性,15.181268882175228,0.0
MATH · 审计敏感性,17.598187311178247,0.0
MATH · 审计敏感性,1.095166163141994,-1.5861027190332329
MATH · 审计敏感性,1.095166163141994,-0.9818731117824774
MATH · 审计敏感性,1.6993957703927491,-0.9818731117824775
MATH · 审计敏感性,4.947129909365559,-2.9456193353474323
MATH · 审计敏感性,19.788519637462237,-7.401812688821753
MATH · 审计敏感性,0.0,0.0
MATH · 审计敏感性,0.8308157099697886,0.0
MATH · 审计敏感性,19.335347432024168,0.0
MATH · 审计敏感性,0.0,0.0
MATH · 审计敏感性,5.13595166163142,0.0
MATH · 审计敏感性,13.746223564954684,0.0
MATH · 审计敏感性,10.234138972809665,-2.0392749244713
MATH · 审计敏感性,12.235649546827794,-1.812688821752264
MATH · 审计敏感性,0.22658610271903323,-0.3021148036253777
MATH · 审计敏感性,8.57250755287009,-1.2839879154078515
MATH · 审计敏感性,2.681268882175227,-2.190332326283988
MATH · 审计敏感性,42.220543806646525,0.0
MATH · 审计敏感性,17.67371601208459,-0.6042296072507547
MATH · 审计敏感性,14.765861027190333,-1.7371601208459193
MATH · 审计敏感性,7.779456193353475,0.0
MATH · 审计敏感性,9.969788519637463,0.0
MATH · 审计敏感性,5.8912386706948645,0.0
MATH · 审计敏感性,4.26737160120846,0.07552870090634389
MATH · 审计敏感性,15.105740181268882,-0.15105740181269134
MATH · 审计敏感性,3.0211480362537766,-0.15105740181268867
MATH · 审计敏感性,2.756797583081571,-0.8308157099697886
MATH · 审计敏感性,0.0,0.0
MATH · 审计敏感性,30.060422960725074,-45.01510574018126
MATH · 审计敏感性,26.850453172205434,-37.99093655589124
MATH · 审计敏感性,14.161631419939578,-8.987915407854986
MATH · 审计敏感性,4.569486404833837,-1.1329305135951664
MATH · 审计敏感性,20.166163141993955,-11.480362537764348
MATH · 审计敏感性,15.861027190332326,-10.725075528700907
MATH · 审计敏感性,4.871601208459214,-9.743202416918429
MATH · 审计敏感性,18.202416918429005,-6.646525679758314
MATH · 审计敏感性,7.401812688821753,-1.5105740181268885
MATH · 审计敏感性,19.410876132930515,-6.19335347432024
MATH · 审计敏感性,7.061933534743202,-3.5498489425981887
MATH · 审计敏感性,7.175226586102719,-0.9063444108761338
MATH · 审计敏感性,12.688821752265861,-13.141993957703928
MATH · 审计敏感性,15.181268882175226,-2.4169184290030223
MATH · 审计敏感性,11.253776435045317,-3.0211480362537753
MATH · 审计敏感性,6.948640483383686,-2.719033232628399
MATH · 审计敏感性,23.149546827794566,-4.1540785498489505
MATH · 审计敏感性,11.253776435045317,-3.0211480362537753
MATH · 审计敏感性,6.948640483383686,-2.719033232628399
MATH · 审计敏感性,0.6797583081570997,-1.3595166163141994
MATH · 审计敏感性,4.342900302114804,-0.9818731117824773
MATH · 审计敏感性,0.3021148036253776,-0.6042296072507553
MATH · 审计敏感性,0.5287009063444109,-1.0574018126888218
MATH · 审计敏感性,0.33987915407854985,-0.6797583081570997
MATH · 审计敏感性,0.5287009063444109,-1.0574018126888218
MATH · 审计敏感性,0.4909365558912386,-0.9818731117824772
MATH · 审计敏感性,0.5287009063444109,-1.0574018126888218
MATH · 审计敏感性,0.6797583081570997,-1.3595166163141994
MATH · 审计敏感性,0.7930513595166163,-1.5861027190332326
MATH · 审计敏感性,0.18882175226586104,-0.3776435045317221
MATH · 审计敏感性,0.5287009063444109,-0.6042296072507554
MATH · 审计敏感性,11.178247734138973,-1.9637462235649537
MATH · 审计敏感性,44.48640483383686,0.0
MATH · 审计敏感性,33.610271903323266,-48.48942598187311
MATH · 审计敏感性,4.078549848942599,-0.15105740181268956
MATH · 审计敏感性,14.501510574018129,0.0
MATH · 审计敏感性,14.161631419939578,-2.190332326283988
MATH · 审计敏感性,0.8685800604229608,-0.5287009063444109
MATH · 审计敏感性,9.025679758308158,-1.5861027190332333
MATH · 审计敏感性,13.066465256797585,-0.30211480362537735
MATH · 审计敏感性,0.0,0.0
MATH · 审计敏感性,17.258308157099698,-1.1329305135951664
MATH · 审计敏感性,8.270392749244714,-0.830815709969789
MATH · 审计敏感性,5.740181268882175,-1.8126888217522668
MATH · 审计敏感性,9.856495468277945,-5.0604229607250755
MATH · 审计敏感性,14.652567975830816,-1.8126888217522659
MATH · 审计敏感性,10.385196374622357,2.190332326283986
MATH · 审计敏感性,0.0,0.0
MATH · 审计敏感性,1.246223564954683,-0.6797583081570996
MATH · 审计敏感性,1.246223564954683,-0.6797583081570996
MATH · 审计敏感性,1.2084592145015107,-1.3595166163141994
MATH · 审计敏感性,1.3972809667673716,-1.7371601208459215
MATH · 审计敏感性,3.625377643504532,0.0
MATH · 审计敏感性,3.3987915407854987,0.0
MATH · 审计敏感性,2.8700906344410875,0.0
MATH · 审计敏感性,1.812688821752266,0.0
MATH · 审计敏感性,2.190332326283988,0.0
MATH · 审计敏感性,1.2084592145015105,0.0
MATH · 审计敏感性,11.518126888217523,-18.051359516616316
MATH · 审计敏感性,17.409365558912384,-0.37764350453172213
MATH · 审计敏感性,10.536253776435046,-0.8308157099697873
MATH · 审计敏感性,5.438066465256798,-4.229607250755286
MATH · 审计敏感性,4.493957703927492,-0.6797583081570995
MATH · 审计敏感性,2.3413897280966767,-1.3595166163141994
MATH · 审计敏感性,5.13595166163142,-1.2084592145015103
MATH · 审计敏感性,4.607250755287009,0.0
MATH · 审计敏感性,6.759818731117825,-0.6797583081570995
MATH · 审计敏感性,9.478851963746223,-1.4350453172205437
MATH · 审计敏感性,6.759818731117825,-0.6797583081570995
MATH · 审计敏感性,23.942598187311184,-28.247734138972817
MATH · 审计敏感性,3.0589123867069485,-0.830815709969789
MATH · 审计敏感性,1.5483383685800605,-0.22658610271903368
MATH · 审计敏感性,14.350453172205437,-1.9637462235649554
MATH · 审计敏感性,7.779456193353474,-0.4531722054380669
MATH · 审计敏感性,11.706948640483384,-1.359516616314199
MATH · 审计敏感性,1.7371601208459215,-3.474320241691843
MATH · 审计敏感性,28.285498489425983,-3.247734138972813
MATH · 审计敏感性,5.32477341389728,-3.247734138972811
MATH · 审计敏感性,5.966767371601209,-1.6616314199395772
MATH · 审计敏感性,10.385196374622357,-2.643504531722053
MATH · 审计敏感性,8.950151057401815,-3.3987915407855
MATH · 审计敏感性,9.932024169184288,-2.9456193353474287
MATH · 审计敏感性,26.586102719033235,-53.17220543806647
MATH · 审计敏感性,24.660120845921448,-49.320241691842895
MATH · 审计敏感性,20.657099697885197,-1.7371601208459282
MATH · 审计敏感性,29.720543806646525,-59.44108761329305
MATH · 审计敏感性,27.37915407854985,-54.7583081570997
MATH · 审计敏感性,29.26737160120846,-58.53474320241692
MATH · 审计敏感性,16.918429003021153,-10.422960725075537
MATH · 审计敏感性,6.986404833836858,0.5287009063444126
MATH · 审计敏感性,2.2280966767371604,-1.435045317220544
MATH · 审计敏感性,2.56797583081571,-1.5105740181268883
MATH · 审计敏感性,2.6435045317220545,-1.0574018126888216
MATH · 审计敏感性,1.8882175226586104,0.0
MATH · 审计敏感性,0.6042296072507554,-0.4531722054380665
MATH · 审计敏感性,4.531722054380665,-0.30211480362537735
MATH · 审计敏感性,1.283987915407855,-0.45317220543806647
MATH · 审计敏感性,18.6178247734139,-0.6797583081571013
MATH · 审计敏感性,18.164652567975832,-1.283987915407856
MATH · 审计敏感性,25.453172205438065,-38.217522658610264
MATH · 审计敏感性,43.80664652567976,0.0
MATH · 审计敏感性,25.45317220543807,0.0
MATH · 审计敏感性,41.99395770392749,0.0
MATH · 审计敏感性,49.660120845921455,-11.706948640483382
MATH · 审计敏感性,18.12688821752266,0.0
MATH · 审计敏感性,35.1963746223565,-1.2084592145015094
MATH · 审计敏感性,33.91238670694864,-8.45921450151058
MATH · 审计敏感性,35.49848942598187,-6.495468277945619
MATH · 审计敏感性,34.176737160120844,-9.138972809667678
MATH · 审计敏感性,35.15861027190332,-6.570996978851962
MATH · 审计敏感性,31.60876132930514,-1.7371601208459175
MATH · 审计敏感性,32.13746223564955,-22.88519637462236
MATH · 审计敏感性,25.60422960725076,-25.075528700906347
MATH · 审计敏感性,33.685800604229605,-1.3595166163141954
MATH · 审计敏感性,52.87009063444109,0.0
MATH · 审计敏感性,35.57401812688822,-2.870090634441091
MATH · 审计敏感性,33.874622356495465,-1.737160120845921
MATH · 审计敏感性,33.874622356495465,-8.685800604229605
MATH · 审计敏感性,33.64803625377643,-12.613293051359516
MATH · 审计敏感性,35.42296072507553,-12.084592145015101
MATH · 审计敏感性,52.0392749244713,0.0
MATH · 审计敏感性,38.141993957703924,-0.6042296072507582
MATH · 审计敏感性,29.229607250755286,-27.794561933534737
MATH · 审计敏感性,34.101208459214504,-8.081570996978858
MATH · 审计敏感性,35.87613293051359,-0.151057401812686
MATH · 审计敏感性,27.152567975830813,-35.42296072507553
MATH · 审计敏感性,34.101208459214504,-2.6435045317220585
MATH · 审计敏感性,32.62839879154079,-25.528700906344422
MATH · 审计敏感性,27.94561933534743,-26.13293051359517
MATH · 审计敏感性,34.47885196374622,-5.513595166163139
MATH · 审计敏感性,34.66767371601209,-1.3595166163142025
MATH · 审计敏感性,34.25226586102719,-4.909365558912388
MATH · 审计敏感性,37.311178247734134,-9.667673716012082
MATH · 审计敏感性,32.061933534743204,-2.0392749244713038
MATH · 审计敏感性,34.81873111782477,-2.567975830815705
MATH · 审计敏感性,34.592145015105736,-25.981873111782473
MATH · 审计敏感性,34.894259818731115,-25.528700906344408
MATH · 审计敏感性,1.0574018126888218,-1.6616314199395772
MATH · 审计敏感性,0.8308157099697886,-1.6616314199395772
MATH · 审计敏感性,2.7945619335347436,-0.45317220543806647
MATH · 审计敏感性,5.13595166163142,-0.7552870090634434
MATH · 审计敏感性,14.879154078549849,-0.45317220543806513
MATH · 审计敏感性,35.23413897280967,-8.987915407854981
MATH · 审计敏感性,10.649546827794563,-7.703927492447131
MATH · 审计敏感性,8.610271903323262,0.0
MATH · 审计敏感性,24.88670694864048,-28.776435045317214
MATH · 审计敏感性,49.35800604229608,-6.117824773413908
MATH · 审计敏感性,31.49546827794562,-21.45015105740181
MATH · 审计敏感性,40.483383685800604,-1.8126888217522676
MATH · 审计敏感性,20.241691842900305,0.0
MATH · 审计敏感性,22.39425981873112,-15.634441087613292
MATH · 审计敏感性,35.04531722054381,-13.74622356495468
MATH · 审计敏感性,8.194864048338367,-0.22658610271903434
MATH · 审计敏感性,48.187311178247725,-5.135951661631417
MATH · 审计敏感性,49.39577039274925,-2.1148036253776468
MATH · 审计敏感性,20.392749244712988,-4.078549848942597
MATH · 审计敏感性,14.57703927492447,-0.30211480362537735
MATH · 审计敏感性,36.1404833836858,-4.456193353474319
MATH · 审计敏感性,20.657099697885194,-1.1329305135951664
MATH · 审计敏感性,22.998489425981873,-0.22658610271903257
MATH · 审计敏感性,18.50453172205438,-5.740181268882177
MATH · 审计敏感性,16.993957703927492,0.0
MATH · 审计敏感性,27.681268882175228,-6.268882175226587
MATH · 审计敏感性,21.45015105740181,-37.46223564954683
MATH · 审计敏感性,2.1525679758308156,-4.305135951661631
MATH · 审计敏感性,2.945619335347432,-0.6042296072507556
MATH · 审计敏感性,19.788519637462237,-7.105427357601002e-15
MATH · 审计敏感性,11.329305135951662,0.0
MATH · 审计敏感性,27.492447129909365,0.0
MATH · 审计敏感性,34.70543806646526,-25.604229607250762
MATH · 审计敏感性,18.50453172205438,-7.099697885196376
MATH · 审计敏感性,20.84592145015106,-1.359516616314206
MATH · 审计敏感性,17.29607250755287,-5.89123867069487
MATH · 审计敏感性,25.679758308157098,-0.3021148036253827
MATH · 审计敏感性,31.986404833836858,-0.37764350453172213
MATH · 审计敏感性,13.746223564954684,0.0
MATH · 审计敏感性,6.155589123867069,-0.8308157099697882
MATH · 审计敏感性,30.77794561933535,-8.383685800604226
MATH · 审计敏感性,6.3444108761329305,0.0
MATH · 审计敏感性,7.779456193353475,0.0
MATH · 审计敏感性,4.040785498489426,-0.5287009063444104
MATH · 审计敏感性,5.13595166163142,-0.7552870090634434
MATH · 审计敏感性,6.00453172205438,-1.4350453172205437
MATH · 审计敏感性,5.438066465256798,-1.0574018126888216
MATH · 审计敏感性,5.7024169184290034,-3.2477341389728096
MATH · 审计敏感性,3.3232628398791544,-0.15105740181268912
MATH · 审计敏感性,4.305135951661631,-0.30211480362537735
MATH · 审计敏感性,8.459214501510575,-1.0574018126888207
MATH · 审计敏感性,10.574018126888216,0.0
MATH · 审计敏感性,6.570996978851963,0.0
MATH · 审计敏感性,2.9456193353474323,0.0
MATH · 审计敏感性,8.157099697885197,0.0
MATH · 审计敏感性,7.552870090634441,0.0
MATH · 审计敏感性,55.36253776435045,0.0
MATH · 审计敏感性,1.7371601208459215,0.0
MATH · 审计敏感性,10.80060422960725,0.0
MATH · 审计敏感性,4.380664652567976,-8.761329305135952
MATH · 审计敏感性,5.7779456193353464,-8.23262839879154
MATH · 审计敏感性,6.495468277945618,-5.438066465256794
MATH · 审计敏感性,9.554380664652564,-19.10876132930513
MATH · 审计敏感性,11.518126888217521,-22.885196374622357
MATH · 审计敏感性,9.06344410876133,0.15105740181268956
MATH · 审计敏感性,7.854984894259818,-0.7552870090634434
MATH · 审计敏感性,4.078549848942599,0.0
MATH · 审计敏感性,4.229607250755286,-0.7552870090634438
MATH · 审计敏感性,4.380664652567976,-0.6042296072507547
MATH · 审计敏感性,1.8882175226586102,-0.6042296072507554
MATH · 审计敏感性,5.022658610271904,-0.07552870090634478
MATH · 审计敏感性,9.290030211480364,0.0
MATH · 审计敏感性,26.057401812688823,0.0
MATH · 审计敏感性,2.492447129909366,0.0
MATH · 审计敏感性,24.169184290030213,0.0
MATH · 审计敏感性,6.646525679758309,0.0
MATH · 审计敏感性,0.0,0.0
MATH · 审计敏感性,0.1132930513595166,-0.2265861027190332
MATH · 审计敏感性,0.2643504531722054,-0.5287009063444108
MATH · 审计敏感性,0.33987915407854985,-0.6797583081570997
MATH · 审计敏感性,12.83987915407855,-3.323262839879156
MATH · 审计敏感性,2.643504531722054,-0.45317220543806647
MATH · 审计敏感性,2.90785498489426,-0.22658610271903346
MATH · 审计敏感性,18.806646525679756,-2.567975830815705
MATH · 审计敏感性,6.004531722054381,-2.9456193353474323
MATH · 审计敏感性,5.098187311178248,-1.737160120845921
MATH · 审计敏感性,2.190332326283988,-1.8126888217522659
MATH · 审计敏感性,4.267371601208459,-5.81570996978852
MATH · 审计敏感性,0.3776435045317221,-0.3021148036253777
MATH · 审计敏感性,12.990936555891238,-10.120845921450147
MATH · 审计敏感性,0.4154078549848943,-0.07552870090634445
MATH · 审计敏感性,0.26435045317220546,-0.22658610271903326
MATH · 审计敏感性,15.2190332326284,-7.3262839879154065
MATH · 审计敏感性,14.803625377643504,-8.761329305135948
MATH · 审计敏感性,14.803625377643504,-8.761329305135948
MATH · 审计敏感性,16.389728096676738,-13.293051359516618
MATH · 审计敏感性,22.80966767371601,0.0
MATH · 审计敏感性,17.975830815709973,-8.459214501510575
MATH · 审计敏感性,6.004531722054381,-1.283987915407856
MATH · 审计敏感性,17.9380664652568,-4.758308157099698
MATH · 审计敏感性,11.404833836858003,0.0
MATH · 审计敏感性,9.667673716012084,0.0
MATH · 审计敏感性,10.42296072507553,0.0
MATH · 审计敏感性,11.782477341389727,0.0
MATH · 审计敏感性,8.459214501510575,0.0
MATH · 审计敏感性,0.0377643504531722,-0.0755287009063444
MATH · 审计敏感性,0.0377643504531722,-0.0755287009063444
MATH · 审计敏感性,13.481873111782477,-1.7371601208459193
MATH · 审计敏感性,13.82175226586103,-0.15105740181268779
MATH · 审计敏感性,12.613293051359516,-0.30211480362537557
MATH · 审计敏感性,5.47583081570997,-0.830815709969789
MATH · 审计敏感性,21.714501510574017,-2.0392749244713
MATH · 审计敏感性,13.51963746223565,-1.9637462235649572
MATH · 审计敏感性,5.664652567975831,-0.4531722054380669
MATH · 审计敏感性,33.081570996978854,0.0
MATH · 审计敏感性,9.780966767371602,-19.561933534743204
MATH · 审计敏感性,16.314199395770395,0.0
MATH · 审计敏感性,12.31117824773414,0.0
MATH · 审计敏感性,9.818731117824774,0.0
MATH · 审计敏感性,11.140483383685801,-5.66465256797583
MATH · 审计敏感性,14.04833836858006,0.0
MATH · 审计敏感性,13.217522658610273,0.0
MATH · 审计敏感性,11.706948640483382,-0.4531722054380669
MATH · 审计敏感性,8.421450151057401,-4.607250755287009
MATH · 审计敏感性,13.217522658610271,-0.45317220543806513
MATH · 审计敏感性,11.404833836858005,-1.661631419939578
MATH · 审计敏感性,13.444108761329305,-0.9063444108761338
MATH · 审计敏感性,10.574018126888216,0.0
MATH · 审计敏感性,12.424471299093657,-2.341389728096681
MATH · 审计敏感性,3.285498489425982,-5.66465256797583
MATH · 审计敏感性,8.91238670694864,-6.495468277945618
MATH · 审计敏感性,11.178247734138974,-1.8126888217522659
MATH · 审计敏感性,12.424471299093653,-1.4350453172205437
MATH · 审计敏感性,4.758308157099698,-6.193353474320241
MATH · 审计敏感性,7.854984894259818,-6.797583081570996
MATH · 审计敏感性,5.891238670694864,-6.193353474320242
MATH · 审计敏感性,7.930513595166161,-6.9486404833836835
MATH · 审计敏感性,9.59214501510574,0.0
MATH · 审计敏感性,10.347432024169184,-5.589123867069485
MATH · 审计敏感性,12.613293051359516,0.0
MATH · 审计敏感性,2.56797583081571,0.0
MATH · 审计敏感性,23.94259818731118,0.0
MATH · 审计敏感性,29.68277945619335,0.0
MATH · 审计敏感性,29.45619335347432,0.0
MATH · 审计敏感性,11.744712990936556,-0.5287009063444117
MATH · 审计敏感性,16.46525679758308,0.0
MATH · 审计敏感性,5.287009063444109,-1.8126888217522659
MATH · 审计敏感性,13.972809667673715,-1.9637462235649554
MATH · 审计敏感性,16.91842900302115,0.0
MATH · 审计敏感性,17.598187311178247,0.0
MATH · 审计敏感性,17.673716012084594,0.0
MATH · 审计敏感性,17.29607250755287,0.0
MATH · 审计敏感性,17.29607250755287,0.0
MATH · 审计敏感性,18.580060422960727,0.0
MATH · 审计敏感性,19.259818731117825,0.0
MATH · 审计敏感性,18.12688821752266,0.0
MATH · 审计敏感性,16.46525679758308,0.0
MATH · 审计敏感性,17.069486404833835,0.0
MATH · 审计敏感性,14.879154078549847,0.0
MATH · 审计敏感性,15.861027190332328,0.0
MATH · 审计敏感性,18.580060422960727,0.0
MATH · 审计敏感性,18.12688821752266,0.0
MATH · 审计敏感性,16.389728096676738,0.0
MATH · 审计敏感性,17.97583081570997,0.0
MATH · 审计敏感性,17.97583081570997,0.0
MATH · 审计敏感性,18.95770392749245,0.0
MATH · 审计敏感性,18.580060422960727,0.0
MATH · 审计敏感性,0.0,0.0
MATH · 审计敏感性,16.76737160120846,0.0
MATH · 审计敏感性,15.105740181268882,0.0
MATH · 审计敏感性,21.299093655589125,0.0
MATH · 审计敏感性,17.447129909365557,0.0
MATH · 审计敏感性,7.930513595166164,0.0
MATH · 审计敏感性,16.691842900302113,0.0
MATH · 审计敏感性,21.148036253776432,0.0
MATH · 审计敏感性,17.14501510574018,0.0
MATH · 审计敏感性,17.900302114803626,0.0
MATH · 审计敏感性,17.97583081570997,0.0
MATH · 审计敏感性,18.80664652567976,-3.552713678800501e-15
MATH · 审计敏感性,14.652567975830816,0.0
MATH · 审计敏感性,14.803625377643504,0.0
MATH · 审计敏感性,20.996978851963743,0.0
MATH · 审计敏感性,15.40785498489426,0.0
MATH · 审计敏感性,17.522658610271904,0.0
MATH · 审计敏感性,6.722054380664652,0.0
MATH · 审计敏感性,17.749244712990937,0.0
MATH · 审计敏感性,15.93655589123867,0.0
MATH · 审计敏感性,17.220543806646525,0.0
MATH · 审计敏感性,15.63444108761329,-1.7763568394002505e-15
MATH · 审计敏感性,17.29607250755287,0.0
MATH · 审计敏感性,17.749244712990937,0.0
MATH · 审计敏感性,16.1631419939577,0.0
MATH · 审计敏感性,10.196374622356496,0.0
MATH · 审计敏感性,17.522658610271904,0.0
MATH · 审计敏感性,17.447129909365557,0.0
MATH · 审计敏感性,15.78549848942598,0.0
MATH · 审计敏感性,17.371601208459214,0.0
MATH · 审计敏感性,17.673716012084594,0.0
MATH · 审计敏感性,17.673716012084594,0.0
MATH · 审计敏感性,17.522658610271904,0.0
MATH · 审计敏感性,16.46525679758308,0.0
MATH · 审计敏感性,19.18429003021148,0.0
MATH · 审计敏感性,17.598187311178247,0.0
MATH · 审计敏感性,15.93655589123867,0.0
MATH · 审计敏感性,20.01510574018127,0.0
MATH · 审计敏感性,18.617824773413897,-0.5287009063444117
MATH · 审计敏感性,17.598187311178247,0.0
MATH · 审计敏感性,15.181268882175228,0.0
MATH · 审计敏感性,19.788519637462237,-7.105427357601002e-15
MATH · 审计敏感性,11.253776435045316,0.0
MATH · 审计敏感性,17.97583081570997,0.0
MATH · 审计敏感性,10.120845921450153,0.0
MATH · 审计敏感性,17.82477341389728,0.0
MATH · 审计敏感性,17.598187311178247,0.0
MATH · 审计敏感性,15.55891238670695,-1.7763568394002505e-15
MATH · 审计敏感性,15.332326283987916,0.0
MATH · 审计敏感性,10.80060422960725,0.0
MATH · 审计敏感性,10.42296072507553,0.0
MATH · 审计敏感性,19.335347432024168,0.0
MATH · 审计敏感性,17.220543806646525,0.0
MATH · 审计敏感性,10.196374622356496,0.0
MATH · 审计敏感性,13.36858006042296,0.0
MATH · 审计敏感性,17.97583081570997,0.0
MATH · 审计敏感性,7.628398791540786,0.0
MATH · 审计敏感性,17.220543806646525,0.0
MATH · 审计敏感性,18.051359516616312,0.0
MATH · 审计敏感性,7.02416918429003,0.0
MATH · 审计敏感性,7.02416918429003,0.0
MATH · 审计敏感性,20.996978851963743,0.0
MATH · 审计敏感性,18.731117824773413,0.0
MATH · 审计敏感性,8.685800604229607,0.0
MATH · 审计敏感性,16.540785498489427,0.0
MATH · 审计敏感性,11.782477341389727,0.0
MATH · 审计敏感性,16.616314199395767,-3.552713678800501e-15
MATH · 审计敏感性,18.202416918429005,0.0
MATH · 审计敏感性,15.256797583081571,0.0
MATH · 审计敏感性,15.40785498489426,0.0
MATH · 审计敏感性,17.069486404833835,0.0
MATH · 审计敏感性,16.691842900302113,0.0
MATH · 审计敏感性,16.540785498489427,0.0
MATH · 审计敏感性,17.749244712990937,0.0
MATH · 审计敏感性,18.202416918429005,0.0
MATH · 审计敏感性,19.18429003021148,0.0
MATH · 审计敏感性,18.051359516616316,-1.0574018126888234
MATH · 审计敏感性,7.175226586102719,0.0
MATH · 审计敏感性,14.577039274924472,0.0
MATH · 审计敏感性,16.61631419939577,0.0
MATH · 审计敏感性,18.95770392749245,0.0
MATH · 审计敏感性,19.033232628398792,0.0
MATH · 审计敏感性,16.46525679758308,0.0
MATH · 审计敏感性,20.54380664652568,0.0
MATH · 审计敏感性,5.362537764350453,0.0
MATH · 审计敏感性,19.486404833836858,0.0
MATH · 审计敏感性,10.876132930513595,0.0
MATH · 审计敏感性,17.749244712990937,0.0
MATH · 审计敏感性,17.069486404833835,0.0
MATH · 审计敏感性,17.29607250755287,0.0
MATH · 审计敏感性,15.861027190332324,0.0
MATH · 审计敏感性,18.80664652567976,-3.552713678800501e-15
MATH · 审计敏感性,14.879154078549847,0.0
MATH · 审计敏感性,19.335347432024168,0.0
MATH · 审计敏感性,17.069486404833835,0.0
MATH · 审计敏感性,19.788519637462237,-7.105427357601002e-15
MATH · 审计敏感性,34.06344410876133,0.0
MATH · 审计敏感性,41.08761329305136,-4.078549848942593
MATH · 审计敏感性,8.685800604229607,-0.7552870090634443
MATH · 审计敏感性,1.3595166163141994,0.0
MATH · 审计敏感性,1.0574018126888218,0.0
MATH · 审计敏感性,0.6042296072507553,0.0
MATH · 审计敏感性,1.0574018126888218,0.0
MATH · 审计敏感性,1.3595166163141994,0.0
MATH · 审计敏感性,1.5105740181268883,0.0
MATH · 审计敏感性,1.6616314199395772,0.0
MATH · 审计敏感性,0.906344410876133,0.0
MATH · 审计敏感性,0.6042296072507554,-0.6042296072507554
MATH · 审计敏感性,1.3595166163141994,0.0
MATH · 审计敏感性,0.9818731117824772,0.0
MATH · 审计敏感性,1.0951661631419938,-0.6797583081570994
MATH · 审计敏感性,2.1148036253776437,-3.021148036253777
MATH · 审计敏感性,2.190332326283988,0.0
MATH · 审计敏感性,4.833836858006042,0.0
MATH · 审计敏感性,3.776435045317221,0.0
MATH · 审计敏感性,1.8882175226586104,-3.776435045317221
MATH · 审计敏感性,2.9456193353474323,0.0
MATH · 审计敏感性,4.305135951661631,0.0
MATH · 审计敏感性,15.181268882175228,0.0
MATH · 审计敏感性,2.8700906344410875,-4.440892098500626e-16
MATH · 审计敏感性,3.814199395770393,-0.8308157099697886
MATH · 审计敏感性,4.154078549848943,-8.881784197001252e-16
MATH · 审计敏感性,11.858006042296072,0.0
MATH · 审计敏感性,13.595166163141997,0.0
MATH · 审计敏感性,12.83987915407855,0.0
MATH · 审计敏感性,11.140483383685801,-1.737160120845921
MATH · 审计敏感性,12.386706948640484,-1.3595166163142007
MATH · 审计敏感性,12.009063444108762,0.0
MATH · 审计敏感性,12.462235649546828,0.0
MATH · 审计敏感性,11.63141993957704,-1.5105740181268885
MATH · 审计敏感性,12.83987915407855,0.0
MATH · 审计敏感性,3.474320241691843,-0.45317220543806647
MATH · 审计敏感性,12.764350453172206,-1.5105740181268885
MATH · 审计敏感性,11.706948640483382,0.0
MATH · 审计敏感性,15.030211480362537,-4.078549848942597
MATH · 审计敏感性,4.6072507552870094,-0.9063444108761338
MATH · 审计敏感性,4.909365558912387,0.0
MATH · 审计敏感性,3.7009063444108756,-8.881784197001252e-16
MATH · 审计敏感性,5.8912386706948645,-0.6042296072507556
MATH · 审计敏感性,0.6797583081570997,0.0
MATH · 审计敏感性,45.84592145015105,0.0
MATH · 审计敏感性,2.90785498489426,-1.1329305135951664
MATH · 审计敏感性,4.078549848942599,0.0
MATH · 审计敏感性,4.229607250755286,-0.7552870090634438
MATH · 审计敏感性,11.555891238670696,-1.5105740181268903
MATH · 审计敏感性,15.256797583081571,0.0
MATH · 审计敏感性,12.386706948640484,0.0
MATH · 审计敏感性,13.293051359516618,0.0
MATH · 审计敏感性,12.084592145015106,0.0
MATH · 审计敏感性,12.726586102719033,-1.2839879154078542
MATH · 审计敏感性,13.36858006042296,0.0
MATH · 审计敏感性,13.104229607250755,-1.435045317220542
MATH · 审计敏感性,14.350453172205436,0.0
MATH · 审计敏感性,10.309667673716012,-0.9818731117824768
MATH · 审计敏感性,11.706948640483382,-1.6616314199395763
MATH · 审计敏感性,3.625377643504532,0.0
MATH · 审计敏感性,31.1178247734139,0.0
MATH · 审计敏感性,11.10271903323263,0.0
MATH · 审计敏感性,9.59214501510574,0.0
MATH · 审计敏感性,13.444108761329304,0.0
MATH · 审计敏感性,13.972809667673715,0.0
MATH · 审计敏感性,12.160120845921451,-0.6042296072507565
MATH · 审计敏感性,11.593655589123868,-2.643504531722055
MATH · 审计敏感性,10.536253776435045,-4.909365558912388
MATH · 审计敏感性,12.915407854984895,0.0
MATH · 审计敏感性,5.0604229607250755,-8.881784197001252e-16
MATH · 审计敏感性,5.0604229607250755,-8.881784197001252e-16
MATH · 审计敏感性,10.80060422960725,0.0
MATH · 审计敏感性,15.332326283987916,0.0
MATH · 审计敏感性,15.40785498489426,0.0
MATH · 审计敏感性,8.459214501510575,0.0
MATH · 审计敏感性,8.157099697885197,0.0
MATH · 审计敏感性,16.314199395770395,0.0
MATH · 审计敏感性,16.314199395770395,0.0
MATH · 审计敏感性,15.40785498489426,-1.2084592145015112
MATH · 审计敏感性,48.94259818731118,0.0
MATH · 审计敏感性,29.154078549848943,0.0
MATH · 审计敏感性,22.734138972809667,0.0
MATH · 审计敏感性,16.540785498489427,0.0
MATH · 审计敏感性,15.596676737160122,-0.8308157099697873
MATH · 审计敏感性,25.45317220543807,0.0
MATH · 审计敏感性,4.342900302114804,-2.9456193353474323
MATH · 审计敏感性,8.308157099697885,0.0
MATH · 审计敏感性,38.51963746223565,-7.105427357601002e-15
MATH · 审计敏感性,53.85196374622356,0.0
MATH · 审计敏感性,5.438066465256798,0.0
MATH · 审计敏感性,0.3021148036253776,-0.6042296072507553
MATH · 审计敏感性,0.4531722054380665,0.0
MATH · 审计敏感性,4.078549848942599,0.0
MATH · 审计敏感性,9.25226586102719,-0.9818731117824768
MATH · 审计敏感性,1.5483383685800605,-3.096676737160121
MATH · 审计敏感性,1.6616314199395772,-3.3232628398791544
MATH · 审计敏感性,3.0211480362537766,0.0
MATH · 审计敏感性,0.906344410876133,0.0
MATH · 审计敏感性,0.6042296072507553,0.0
MATH · 审计敏感性,0.6797583081570997,0.0
MATH · 审计敏感性,0.6797583081570997,0.0
MATH · 审计敏感性,0.0755287009063444,0.0
MATH · 审计敏感性,0.7552870090634441,0.0
MATH · 审计敏感性,1.1329305135951662,0.0
MATH · 审计敏感性,1.0574018126888218,0.0
MATH · 审计敏感性,1.0574018126888218,0.0
MATH · 审计敏感性,0.3776435045317221,0.0
MATH · 审计敏感性,0.7552870090634441,0.0
MATH · 审计敏感性,1.2084592145015105,0.0
MATH · 审计敏感性,0.906344410876133,0.0
MATH · 审计敏感性,0.6797583081570997,0.0
MATH · 审计敏感性,0.6042296072507553,0.0
MATH · 审计敏感性,0.906344410876133,0.0
MATH · 审计敏感性,0.7552870090634441,0.0
MATH · 审计敏感性,0.8308157099697886,0.0
MATH · 审计敏感性,0.6797583081570997,0.0
MATH · 审计敏感性,0.4531722054380665,0.0
MATH · 审计敏感性,0.3776435045317221,0.0
MATH · 审计敏感性,10.95166163141994,-0.15105740181268956
MATH · 审计敏感性,2.4924471299093653,-4.682779456193353
MATH · 审计敏感性,3.663141993957704,-0.3776435045317217
MATH · 审计敏感性,0.33987915407854985,-0.22658610271903332
MATH · 审计敏感性,2.8700906344410875,0.0
MATH · 审计敏感性,6.117824773413897,0.0
MATH · 审计敏感性,15.8987915407855,-17.749244712990937
MATH · 审计敏感性,24.244712990936556,-3.552713678800501e-15
MATH · 审计敏感性,45.61933534743202,0.0
MATH · 审计敏感性,8.534743202416918,0.0
MATH · 审计敏感性,6.495468277945619,0.0
MATH · 审计敏感性,2.983383685800604,-4.003021148036255
MATH · 审计敏感性,3.7009063444108765,-2.870090634441088
MATH · 审计敏感性,5.362537764350453,0.0
MATH · 审计敏感性,5.173716012084592,-1.1329305135951664
MATH · 审计敏感性,20.166163141993955,-0.7552870090634478
MATH · 审计敏感性,12.764350453172204,0.0
MATH · 审计敏感性,11.29154078549849,-19.10876132930514
MATH · 审计敏感性,6.835347432024168,-11.706948640483382
MATH · 审计敏感性,6.835347432024169,-12.462235649546828
MATH · 审计敏感性,54.229607250755286,0.0
MATH · 审计敏感性,12.009063444108762,0.0
MATH · 审计敏感性,29.38066465256798,0.0
MATH · 审计敏感性,43.58006042296073,0.0
MATH · 审计敏感性,17.447129909365557,0.0
MATH · 审计敏感性,2.719033232628399,0.0
MATH · 审计敏感性,12.235649546827794,0.0
MATH · 审计敏感性,6.042296072507553,0.0
MATH · 审计敏感性,6.3444108761329305,0.0
MATH · 审计敏感性,4.909365558912387,0.0
MATH · 审计敏感性,4.607250755287009,0.0
MATH · 审计敏感性,5.287009063444108,0.0
MATH · 审计敏感性,20.241691842900305,0.0
MATH · 审计敏感性,9.478851963746225,-18.65558912386707
MATH · 审计敏感性,5.740181268882175,-0.7552870090634443
MATH · 审计敏感性,16.42749244712991,-3.7009063444108765
MATH · 审计敏感性,21.941087613293053,-26.96374622356496
MATH · 审计敏感性,12.613293051359516,-0.15105740181268779
MATH · 审计敏感性,4.871601208459214,-1.2839879154078542
MATH · 审计敏感性,19.939577039274926,0.0
MATH · 审计敏感性,1.8882175226586104,0.0
MATH · 审计敏感性,1.4350453172205435,0.0
MATH · 审计敏感性,0.0755287009063444,0.0
MATH · 审计敏感性,0.5287009063444109,0.0
MATH · 审计敏感性,0.0,0.0
MATH · 审计敏感性,9.59214501510574,0.0
MATH · 审计敏感性,11.48036253776435,0.0
MATH · 审计敏感性,2.8700906344410875,0.0
MATH · 审计敏感性,20.468277945619334,3.552713678800501e-15
MATH · 审计敏感性,1.6616314199395772,0.0
MATH · 审计敏感性,2.114803625377644,-4.440892098500626e-16
MATH · 审计敏感性,1.3595166163141994,0.0
MATH · 审计敏感性,0.5287009063444109,0.0
MATH · 审计敏感性,1.1329305135951662,0.0
MATH · 审计敏感性,1.812688821752266,0.0
MATH · 审计敏感性,2.643504531722054,0.0
MATH · 审计敏感性,5.81570996978852,0.0
MATH · 审计敏感性,1.2084592145015105,0.0
MATH · 审计敏感性,1.2084592145015105,0.0
MATH · 审计敏感性,10.27190332326284,0.0
MATH · 审计敏感性,10.649546827794563,-6.042296072507552
MATH · 审计敏感性,50.0,0.0
MATH · 审计敏感性,0.0,0.0
MATH · 审计敏感性,0.0,0.0
MATH · 审计敏感性,6.117824773413897,0.0
MATH · 审计敏感性,17.749244712990937,0.0
MATH · 审计敏感性,1.6616314199395772,0.0
MATH · 审计敏感性,2.9456193353474323,0.0
MATH · 审计敏感性,3.5498489425981874,0.0
MATH · 审计敏感性,4.758308157099698,0.0
MATH · 审计敏感性,17.107250755287005,-0.075528700906343
MATH · 审计敏感性,0.0,0.0
MATH · 审计敏感性,1.1329305135951662,0.0
MATH · 审计敏感性,24.62235649546828,-49.24471299093656
MATH · 审计敏感性,14.803625377643504,0.0
MATH · 审计敏感性,0.8308157099697886,0.0
MATH · 审计敏感性,0.6042296072507553,0.0
MATH · 审计敏感性,9.214501510574015,0.0
MATH · 审计敏感性,7.099697885196375,0.0
MATH · 审计敏感性,6.268882175226587,0.0
MATH · 审计敏感性,6.495468277945619,0.0
MATH · 审计敏感性,6.3444108761329305,0.0
MATH · 审计敏感性,7.477341389728097,0.0
MATH · 审计敏感性,6.193353474320242,0.0
MATH · 审计敏感性,2.8700906344410875,0.0
MATH · 审计敏感性,3.096676737160121,-1.8126888217522659
MATH · 审计敏感性,2.4169184290030215,-1.510574018126888
MATH · 审计敏感性,3.2477341389728096,0.0
MATH · 审计敏感性,3.474320241691843,0.0
MATH · 审计敏感性,1.8126888217522659,-1.0574018126888216
MATH · 审计敏感性,3.927492447129909,0.0
MATH · 审计敏感性,5.0604229607250755,-2.870090634441086
MATH · 审计敏感性,4.984894259818732,0.0
MATH · 审计敏感性,4.229607250755287,-2.870090634441088
MATH · 审计敏感性,2.719033232628399,0.0
MATH · 审计敏感性,0.9818731117824774,-1.812688821752266
MATH · 审计敏感性,2.643504531722054,0.0
MATH · 审计敏感性,1.4350453172205435,-2.416918429003021
MATH · 审计敏感性,1.9637462235649543,0.0
MATH · 审计敏感性,3.776435045317221,0.0
MATH · 审计敏感性,2.832326283987915,-4.909365558912386
MATH · 审计敏感性,2.794561933534743,-5.135951661631419
MATH · 审计敏感性,5.211480362537765,0.0
MATH · 审计敏感性,1.2084592145015105,-2.416918429003021
MATH · 审计敏感性,1.246223564954683,-2.492447129909366
MATH · 审计敏感性,0.7930513595166163,-1.435045317220544
MATH · 审计敏感性,1.095166163141994,-1.435045317220544
MATH · 审计敏感性,3.7009063444108756,-8.881784197001252e-16
MATH · 审计敏感性,2.190332326283988,-3.776435045317221
MATH · 审计敏感性,3.474320241691843,0.0
MATH · 审计敏感性,2.379154078549849,-4.305135951661631
MATH · 审计敏感性,1.7371601208459215,-3.474320241691843
MATH · 审计敏感性,4.078549848942599,0.0
MATH · 审计敏感性,4.003021148036254,0.0
MATH · 审计敏感性,1.7371601208459215,-3.474320241691843
MATH · 审计敏感性,4.380664652567976,0.0
MATH · 审计敏感性,4.078549848942599,0.0
MATH · 审计敏感性,4.078549848942599,0.0
MATH · 审计敏感性,4.003021148036254,0.0
MATH · 审计敏感性,3.625377643504532,0.0
MATH · 审计敏感性,3.5498489425981874,0.0
MATH · 审计敏感性,2.039274924471299,-3.6253776435045317
MATH · 审计敏感性,5.0604229607250755,-8.881784197001252e-16
MATH · 审计敏感性,4.154078549848943,-8.881784197001252e-16
MATH · 审计敏感性,2.190332326283988,-4.229607250755286
MATH · 审计敏感性,4.607250755287009,0.0
MATH · 审计敏感性,2.4169184290030215,-4.682779456193353
MATH · 审计敏感性,2.114803625377644,-4.078549848942599
MATH · 审计敏感性,2.6435045317220545,-4.682779456193354
MATH · 审计敏感性,2.0392749244712993,-3.9274924471299095
MATH · 审计敏感性,4.45619335347432,0.0
MATH · 审计敏感性,2.2280966767371604,-4.305135951661631
MATH · 审计敏感性,2.22809667673716,-4.45619335347432
MATH · 审计敏感性,4.833836858006042,0.0
MATH · 审计敏感性,1.7749244712990937,-3.5498489425981874
MATH · 审计敏感性,2.001510574018127,-3.8519637462235647
MATH · 审计敏感性,1.9259818731117826,-3.7009063444108765
MATH · 审计敏感性,4.909365558912387,0.0
MATH · 审计敏感性,2.152567975830816,-4.1540785498489425
MATH · 审计敏感性,4.003021148036254,0.0
MATH · 审计敏感性,3.625377643504532,0.0
MATH · 审计敏感性,4.531722054380665,0.0
MATH · 审计敏感性,4.154078549848943,-8.881784197001252e-16
MATH · 审计敏感性,2.190332326283988,-4.229607250755286
MATH · 审计敏感性,2.0770392749244717,-4.154078549848943
MATH · 审计敏感性,1.850453172205438,-3.700906344410876
MATH · 审计敏感性,1.7371601208459215,-3.474320241691843
MATH · 审计敏感性,1.8882175226586102,-3.6253776435045317
MATH · 审计敏感性,4.003021148036254,0.0
MATH · 审计敏感性,4.229607250755287,0.0
MATH · 审计敏感性,2.22809667673716,-4.1540785498489425
MATH · 审计敏感性,2.4169184290030215,-4.682779456193353
MATH · 审计敏感性,2.530211480362538,-4.909365558912387
MATH · 审计敏感性,1.9637462235649545,-3.927492447129909
MATH · 审计敏感性,4.531722054380665,0.0
MATH · 审计敏感性,4.305135951661631,0.0
MATH · 审计敏感性,3.474320241691843,0.0
MATH · 审计敏感性,3.776435045317221,0.0
MATH · 审计敏感性,5.362537764350453,0.0
MATH · 审计敏感性,2.4546827794561934,-4.6072507552870094
MATH · 审计敏感性,2.190332326283988,-4.380664652567976
MATH · 审计敏感性,4.078549848942599,0.0
MATH · 审计敏感性,3.625377643504532,0.0
MATH · 审计敏感性,1.9259818731117826,-3.7009063444108765
MATH · 审计敏感性,1.8882175226586104,-3.776435045317221
MATH · 审计敏感性,2.001510574018127,-4.003021148036254
MATH · 审计敏感性,2.3036253776435047,-4.45619335347432
MATH · 审计敏感性,4.380664652567976,0.0
MATH · 审计敏感性,4.531722054380665,0.0
MATH · 审计敏感性,2.7945619335347436,-4.5317220543806656
MATH · 审计敏感性,2.039274924471299,-3.7764350453172204
MATH · 审计敏感性,2.001510574018127,-3.700906344410876
MATH · 审计敏感性,3.8519637462235647,0.0
MATH · 审计敏感性,3.3987915407854987,0.0
MATH · 审计敏感性,3.927492447129909,-4.440892098500626e-16
MATH · 审计敏感性,4.154078549848943,-8.881784197001252e-16
MATH · 审计敏感性,3.3987915407854987,0.0
MATH · 审计敏感性,1.9637462235649548,-3.625377643504532
MATH · 审计敏感性,1.6238670694864048,-2.7945619335347436
MATH · 审计敏感性,2.719033232628399,0.0
MATH · 审计敏感性,3.0211480362537766,0.0
MATH · 审计敏感性,3.927492447129909,0.0
MATH · 审计敏感性,3.3232628398791544,0.0
MATH · 审计敏感性,2.190332326283988,0.0
MATH · 审计敏感性,3.625377643504532,0.0
MATH · 审计敏感性,4.682779456193353,0.0
MATH · 审计敏感性,2.4546827794561934,-4.909365558912387
MATH · 审计敏感性,4.078549848942599,0.0
MATH · 审计敏感性,2.379154078549849,-4.003021148036254
MATH · 审计敏感性,4.305135951661631,0.0
MATH · 审计敏感性,4.003021148036254,0.0
MATH · 审计敏感性,2.2280966767371604,-4.305135951661631
MATH · 审计敏感性,2.2658610271903323,-4.380664652567975
MATH · 审计敏感性,4.154078549848943,-8.881784197001252e-16
MATH · 审计敏感性,3.776435045317221,0.0
MATH · 审计敏感性,4.380664652567976,0.0
MATH · 审计敏感性,2.152567975830816,-4.1540785498489425
MATH · 审计敏感性,5.287009063444108,0.0
MATH · 审计敏感性,2.190332326283988,-4.380664652567976
MATH · 审计敏感性,3.474320241691843,0.0
MATH · 审计敏感性,3.0211480362537766,-4.833836858006042
MATH · 审计敏感性,2.2658610271903323,-4.078549848942598
MATH · 审计敏感性,2.794561933534743,-5.438066465256797
MATH · 审计敏感性,2.379154078549849,-4.758308157099698
MATH · 审计敏感性,2.22809667673716,-4.45619335347432
MATH · 审计敏感性,6.3444108761329305,0.0
MATH · 审计敏感性,5.362537764350453,0.0
MATH · 审计敏感性,2.6057401812688825,-5.0604229607250755
MATH · 审计敏感性,5.589123867069486,0.0
MATH · 审计敏感性,2.90785498489426,-5.81570996978852
MATH · 审计敏感性,4.682779456193353,0.0
MATH · 审计敏感性,5.13595166163142,0.0
MATH · 审计敏感性,1.9637462235649545,-3.474320241691843
MATH · 审计敏感性,1.7371601208459215,-3.474320241691843
MATH · 审计敏感性,5.13595166163142,0.0
MATH · 审计敏感性,5.362537764350453,0.0
MATH · 审计敏感性,2.379154078549849,-4.758308157099698
MATH · 审计敏感性,5.740181268882175,0.0
MATH · 审计敏感性,3.096676737160121,-6.193353474320242
MATH · 审计敏感性,5.287009063444108,0.0
MATH · 审计敏感性,4.984894259818732,0.0
MATH · 审计敏感性,1.7749244712990937,-3.3987915407854987
MATH · 审计敏感性,2.530211480362538,-5.060422960725076
MATH · 审计敏感性,2.0770392749244713,-3.851963746223565
MATH · 审计敏感性,3.927492447129909,0.0
MATH · 审计敏感性,4.229607250755287,0.0
MATH · 审计敏感性,4.229607250755287,0.0
MATH · 审计敏感性,4.229607250755287,0.0
MATH · 审计敏感性,4.758308157099698,0.0
MATH · 审计敏感性,1.9637462235649545,-3.7764350453172204
MATH · 审计敏感性,2.3036253776435043,-4.607250755287009
MATH · 审计敏感性,2.2658610271903323,-4.380664652567975
MATH · 审计敏感性,4.380664652567976,0.0
MATH · 审计敏感性,3.8519637462235647,0.0
MATH · 审计敏感性,2.4169184290030215,-4.682779456193353
MATH · 审计敏感性,2.7567975830815707,-5.060422960725075
MATH · 审计敏感性,4.909365558912387,0.0
MATH · 审计敏感性,4.682779456193353,0.0
MATH · 审计敏感性,4.984894259818732,0.0
MATH · 审计敏感性,7.099697885196375,0.0
MATH · 审计敏感性,7.401812688821751,0.0
MATH · 审计敏感性,6.495468277945619,0.0
MATH · 审计敏感性,3.1344410876132933,-6.268882175226587
MATH · 审计敏感性,5.13595166163142,0.0
MATH · 审计敏感性,4.607250755287009,0.0
MATH · 审计敏感性,4.758308157099698,0.0
MATH · 审计敏感性,4.607250755287009,0.0
MATH · 审计敏感性,6.042296072507553,0.0
MATH · 审计敏感性,4.191842900302115,-2.4924471299093653
MATH · 审计敏感性,6.495468277945619,0.0
MATH · 审计敏感性,3.3987915407854987,-3.474320241691843
MATH · 审计敏感性,6.117824773413897,0.0
MATH · 审计敏感性,6.570996978851963,0.0
MATH · 审计敏感性,5.287009063444109,-2.2658610271903328
MATH · 审计敏感性,5.13595166163142,0.0
MATH · 审计敏感性,18.35347432024169,0.0
MATH · 审计敏感性,2.416918429003021,0.0
MATH · 审计敏感性,3.2477341389728096,0.0
MATH · 审计敏感性,3.474320241691843,0.0
MATH · 审计敏感性,3.474320241691843,0.0
MATH · 审计敏感性,1.9637462235649543,0.0
MATH · 审计敏感性,6.722054380664652,0.0
MATH · 审计敏感性,28.625377643504528,0.0
MATH · 审计敏感性,28.625377643504528,0.0
MATH · 审计敏感性,49.01812688821752,0.0
MATH · 审计敏感性,21.03474320241692,-1.8882175226586106
MATH · 审计敏感性,21.37462235649547,0.0
MATH · 审计敏感性,21.03474320241692,-1.8882175226586106
MATH · 审计敏感性,30.85347432024169,-2.4924471299093724
MATH · 审计敏感性,11.10271903323263,0.0
MATH · 审计敏感性,9.894259818731117,0.0
MATH · 审计敏感性,1.4350453172205435,0.0
MATH · 审计敏感性,2.3413897280966767,-2.4169184290030215
MATH · 审计敏感性,11.933534743202417,-2.114803625377643
MATH · 审计敏感性,0.906344410876133,0.0
MATH · 审计敏感性,0.906344410876133,0.0
MATH · 审计敏感性,1.5105740181268883,0.0
MATH · 审计敏感性,5.740181268882175,0.0
MATH · 审计敏感性,48.26283987915408,0.0
MATH · 审计敏感性,44.78851963746224,0.0
MATH · 审计敏感性,6.646525679758309,0.0
MATH · 审计敏感性,7.666163141993957,-0.8308157099697864
MATH · 审计敏感性,4.833836858006042,0.0
MATH · 审计敏感性,6.3444108761329305,0.0
MATH · 审计敏感性,7.779456193353475,0.0
MATH · 审计敏感性,6.268882175226587,0.0
MATH · 审计敏感性,25.944108761329304,-2.643504531722048
MATH · 审计敏感性,7.02416918429003,0.0
MATH · 审计敏感性,1.4350453172205437,-0.4531722054380667
MATH · 审计敏感性,1.4728096676737161,-0.37764350453172213
MATH · 审计敏感性,1.3595166163141994,0.0
MATH · 审计敏感性,4.682779456193353,0.0
MATH · 审计敏感性,30.438066465256796,-3.552713678800501e-15
MATH · 审计敏感性,36.78247734138973,0.0
MATH · 审计敏感性,51.283987915407856,0.0
MATH · 审计敏感性,47.507552870090635,-7.105427357601002e-15
MATH · 审计敏感性,2.719033232628399,0.0
MATH · 审计敏感性,10.347432024169184,0.0
MATH · 审计敏感性,1.283987915407855,0.0
MATH · 审计敏感性,33.00604229607251,-26.435045317220546
MATH · 审计敏感性,9.06344410876133,0.0
MATH · 审计敏感性,0.7175226586102719,-0.8308157099697886
MATH · 审计敏感性,1.1706948640483383,-0.22658610271903323
MATH · 审计敏感性,5.8912386706948645,0.0
MATH · 审计敏感性,7.175226586102719,0.0
MATH · 审计敏感性,5.5135951661631415,0.0
MATH · 审计敏感性,2.3413897280966767,0.0
MATH · 审计敏感性,5.740181268882175,0.0
MATH · 审计敏感性,4.078549848942599,0.0
MATH · 审计敏感性,6.722054380664652,0.0
MATH · 审计敏感性,1.3595166163141994,0.0
MATH · 审计敏感性,1.4350453172205435,0.0
MATH · 审计敏感性,1.9637462235649543,0.0
MATH · 审计敏感性,1.3595166163141994,0.0
MATH · 审计敏感性,3.8519637462235647,0.0
MATH · 审计敏感性,6.646525679758309,0.0
MATH · 审计敏感性,1.6616314199395772,0.0
MATH · 审计敏感性,1.0574018126888218,0.0
MATH · 审计敏感性,2.2658610271903323,0.0
MATH · 审计敏感性,1.6616314199395772,0.0
MATH · 审计敏感性,1.812688821752266,0.0
MATH · 审计敏感性,1.4350453172205435,0.0
MATH · 审计敏感性,2.56797583081571,0.0
MATH · 审计敏感性,5.5135951661631415,0.0
MATH · 审计敏感性,1.5105740181268883,0.0
MATH · 审计敏感性,1.283987915407855,0.0
MATH · 审计敏感性,1.4350453172205435,0.0
MATH · 审计敏感性,2.492447129909366,0.0
MATH · 审计敏感性,2.8700906344410875,0.0
MATH · 审计敏感性,0.906344410876133,0.0
MATH · 审计敏感性,1.3595166163141994,0.0
MATH · 审计敏感性,1.2084592145015105,0.0
MATH · 审计敏感性,1.7371601208459215,0.0
MATH · 审计敏感性,1.1329305135951662,0.0
MATH · 审计敏感性,0.9818731117824772,0.0
MATH · 审计敏感性,1.0574018126888218,0.0
MATH · 审计敏感性,49.69788519637463,0.0
MATH · 审计敏感性,53.24773413897282,0.0
MATH · 审计敏感性,15.55891238670695,0.0
MATH · 审计敏感性,9.138972809667674,0.0
MATH · 审计敏感性,9.441087613293051,0.0
MATH · 审计敏感性,36.329305135951664,0.0
MATH · 审计敏感性,0.0755287009063444,0.0
MATH · 审计敏感性,0.0755287009063444,0.0
MATH · 审计敏感性,0.6042296072507553,0.0
MATH · 审计敏感性,10.347432024169184,0.0
MATH · 审计敏感性,0.9818731117824772,0.0
MATH · 审计敏感性,14.954682779456194,0.0
MATH · 审计敏感性,10.120845921450153,0.0
MATH · 审计敏感性,4.531722054380665,0.0
MATH · 审计敏感性,0.0,0.0
MATH · 审计敏感性,0.9818731117824772,0.0
MATH · 审计敏感性,0.9818731117824772,0.0
MATH · 审计敏感性,0.9818731117824772,0.0
MATH · 审计敏感性,0.9818731117824772,0.0
MATH · 审计敏感性,0.9818731117824772,0.0
MATH · 审计敏感性,16.1631419939577,0.0
MATH · 审计敏感性,6.646525679758309,0.0
MATH · 审计敏感性,6.797583081570997,0.0
MATH · 审计敏感性,6.646525679758309,-0.30211480362537824
MATH · 审计敏感性,5.5135951661631415,0.0
MATH · 审计敏感性,10.876132930513595,0.0
MATH · 审计敏感性,21.827794561933533,0.0
MATH · 审计敏感性,15.030211480362537,-3.3232628398791526
MATH · 审计敏感性,17.598187311178247,0.0
MATH · 审计敏感性,3.9652567975830815,-0.679758308157099
MATH · 审计敏感性,7.590634441087613,-1.4350453172205437
MATH · 审计敏感性,0.4909365558912386,-0.9818731117824772
MATH · 审计敏感性,7.628398791540786,0.0
MATH · 审计敏感性,6.873111782477341,0.0
MATH · 审计敏感性,41.616314199395774,0.0
MATH · 审计敏感性,43.58006042296073,0.0
MATH · 审计敏感性,39.57703927492447,-7.105427357601002e-15
MATH · 审计敏感性,34.06344410876133,0.0
MATH · 审计敏感性,48.640483383685805,-13.897280966767369
MATH · 审计敏感性,36.5558912386707,0.0
MATH · 审计敏感性,40.70996978851964,0.0
MATH · 审计敏感性,48.225075528700906,-11.70694864048339
MATH · 审计敏感性,47.58308157099698,-12.235649546827801
MATH · 审计敏感性,41.842900302114806,0.0
MATH · 审计敏感性,19.033232628398792,0.0
MATH · 审计敏感性,7.326283987915408,-1.359516616314199
MATH · 审计敏感性,9.138972809667672,-12.990936555891238
MATH · 审计敏感性,0.22658610271903326,-0.4531722054380665
MATH · 审计敏感性,10.196374622356496,0.0
MATH · 审计敏感性,9.743202416918429,0.0
MATH · 审计敏感性,19.259818731117825,0.0
MATH · 审计敏感性,5.362537764350453,-0.7552870090634434
MATH · 审计敏感性,6.797583081570997,-1.0574018126888216
MATH · 审计敏感性,5.664652567975831,0.0
MATH · 审计敏感性,8.987915407854985,0.0
MATH · 审计敏感性,3.3232628398791544,-6.646525679758309
MATH · 审计敏感性,6.117824773413897,0.0
MATH · 审计敏感性,7.552870090634441,0.0
MATH · 审计敏感性,7.326283987915408,0.0
MATH · 审计敏感性,6.419939577039275,0.0
MATH · 审计敏感性,7.930513595166164,0.0
MATH · 审计敏感性,9.06344410876133,0.0
MATH · 审计敏感性,10.80060422960725,0.0
MATH · 审计敏感性,7.401812688821751,0.0
MATH · 审计敏感性,11.404833836858003,0.0
MATH · 审计敏感性,0.8685800604229605,-1.132930513595166
MATH · 审计敏感性,15.483383685800604,0.0
MATH · 审计敏感性,36.70694864048338,0.0
MATH · 审计敏感性,11.404833836858003,0.0
MATH · 审计敏感性,15.181268882175228,0.0
MATH · 审计敏感性,36.5558912386707,0.0
MATH · 审计敏感性,8.006042296072508,0.0
MATH · 审计敏感性,7.401812688821751,0.0
MATH · 审计敏感性,16.503021148036254,-3.0966767371601183
MATH · 审计敏感性,5.324773413897281,-0.8308157099697882
MATH · 审计敏感性,7.4395770392749245,-0.6797583081571004
MATH · 审计敏感性,7.326283987915407,-1.7763568394002505e-15
MATH · 审计敏感性,8.23262839879154,0.0
MATH · 审计敏感性,21.261329305135956,-1.7371601208459282
MATH · 审计敏感性,17.673716012084594,0.0
MATH · 审计敏感性,41.012084592145015,0.0
MATH · 审计敏感性,8.723564954682779,-8.836858006042295
MATH · 审计敏感性,17.409365558912388,-5.966767371601209
MATH · 审计敏感性,38.40634441087613,-4.758308157099698
MATH · 审计敏感性,23.11178247734139,0.0
MATH · 审计敏感性,30.702416918429005,-56.873111782477345
MATH · 审计敏感性,39.42598187311178,0.0
MATH · 审计敏感性,23.451661631419938,-0.9818731117824804
MATH · 审计敏感性,43.65558912386707,0.0
MATH · 审计敏感性,8.421450151057403,-12.160120845921451
MATH · 审计敏感性,45.31722054380665,0.0
MATH · 审计敏感性,21.45015105740181,0.0
MATH · 审计敏感性,58.91238670694864,0.0
MATH · 审计敏感性,40.70996978851964,0.0
MATH · 审计敏感性,23.26283987915408,0.0
MATH · 审计敏感性,39.27492447129909,7.105427357601002e-15
MATH · 审计敏感性,14.72809667673716,0.0
MATH · 审计敏感性,23.225075528700906,-16.993957703927492
MATH · 审计敏感性,20.694864048338367,0.0
MATH · 审计敏感性,39.80362537764351,-7.105427357601002e-15
MATH · 审计敏感性,23.564954682779458,-1.812688821752264
MATH · 审计敏感性,20.31722054380665,0.0
MATH · 审计敏感性,40.70996978851964,0.0
MATH · 审计敏感性,22.58308157099698,0.0
MATH · 审计敏感性,12.16012084592145,0.0
MATH · 审计敏感性,12.953172205438065,-1.7371601208459193
MATH · 审计敏感性,25.604229607250755,0.0
MATH · 审计敏感性,17.749244712990937,0.0
MATH · 审计敏感性,39.27492447129909,7.105427357601002e-15
MATH · 审计敏感性,17.031722054380666,-0.5287009063444117
MATH · 审计敏感性,28.24773413897281,0.0
MATH · 审计敏感性,21.676737160120847,0.0
MATH · 审计敏感性,40.33232628398791,0.0
MATH · 审计敏感性,38.066465256797585,-7.105427357601002e-15
MATH · 审计敏感性,37.38670694864049,0.0
MATH · 审计敏感性,51.81268882175226,0.0
MATH · 审计敏感性,40.86102719033233,0.0
MATH · 审计敏感性,45.16616314199396,0.0
MATH · 审计敏感性,45.54380664652568,0.0
MATH · 审计敏感性,44.18429003021148,0.0
MATH · 审计敏感性,5.211480362537765,-1.6616314199395772
MATH · 审计敏感性,2.719033232628399,0.0
MATH · 审计敏感性,3.096676737160121,-1.057401812688822
MATH · 审计敏感性,10.309667673716014,-0.6797583081571013
MATH · 审计敏感性,7.477341389728096,-0.7552870090634434
MATH · 审计敏感性,2.001510574018127,-0.5287009063444108
MATH · 审计敏感性,5.853474320241691,-11.706948640483382
MATH · 审计敏感性,19.259818731117825,0.0
MATH · 审计敏感性,23.187311178247736,0.0
MATH · 审计敏感性,19.939577039274926,0.0
MATH · 审计敏感性,19.86404833836858,0.0
MATH · 审计敏感性,22.734138972809667,0.0
MATH · 审计敏感性,22.20543806646526,0.0
MATH · 审计敏感性,20.166163141993955,0.0
MATH · 审计敏感性,13.444108761329304,0.0
MATH · 审计敏感性,19.259818731117825,0.0
MATH · 审计敏感性,17.749244712990937,0.0
MATH · 审计敏感性,0.1510574018126888,0.0
MATH · 审计敏感性,26.057401812688823,0.0
MATH · 审计敏感性,23.413897280966765,0.0
MATH · 审计敏感性,2.190332326283988,0.0
MATH · 审计敏感性,1.4350453172205435,0.0
MATH · 审计敏感性,1.7371601208459215,0.0
MATH · 审计敏感性,6.722054380664652,0.0
MATH · 审计敏感性,2.0392749244712998,-8.881784197001252e-16
MATH · 审计敏感性,5.438066465256798,0.0
MATH · 审计敏感性,0.0,0.0
MATH · 审计敏感性,0.0,0.0
MATH · 审计敏感性,29.38066465256798,0.0
MATH · 审计敏感性,5.777945619335347,-0.9818731117824786
MATH · 审计敏感性,2.2658610271903323,-1.8126888217522659
MATH · 审计敏感性,5.777945619335348,-1.283987915407855
MATH · 审计敏感性,25.755287009063444,0.0
MATH · 审计敏感性,7.061933534743202,-2.643504531722055
MATH · 审计敏感性,5.438066465256798,-1.2084592145015112
MATH · 审计敏感性,17.371601208459214,-7.250755287009058
MATH · 审计敏感性,4.493957703927492,-0.5287009063444099
MATH · 审计敏感性,1.4350453172205437,-0.6042296072507554
MATH · 审计敏感性,3.2477341389728096,-0.6042296072507551
MATH · 审计敏感性,19.18429003021148,-2.2658610271903363
MATH · 审计敏感性,3.512084592145015,-1.5861027190332324
MATH · 审计敏感性,21.45015105740181,-36.10271903323263
MATH · 审计敏感性,10.913897280966768,-2.3413897280966776
MATH · 审计敏感性,15.294561933534741,-5.0604229607250755
MATH · 审计敏感性,4.003021148036254,-2.114803625377644
MATH · 审计敏感性,15.40785498489426,-2.2658610271903328
MATH · 审计敏感性,18.31570996978852,-2.794561933534741
MATH · 审计敏感性,19.71299093655589,-0.6042296072507547
MATH · 审计敏感性,19.71299093655589,-0.6042296072507547
MATH · 审计敏感性,19.71299093655589,-0.6042296072507547
MATH · 审计敏感性,12.160120845921451,-1.6616314199395763
MATH · 审计敏感性,11.895770392749245,-2.3413897280966776
MATH · 审计敏感性,9.025679758308158,-0.830815709969789
MATH · 审计敏感性,51.963746223564954,-7.105427357601002e-15
MATH · 审计敏感性,13.293051359516616,-19.637462235649547
MATH · 审计敏感性,46.63897280966768,-2.4924471299093653
MATH · 审计敏感性,22.73413897280967,-14.65256797583082
MATH · 审计敏感性,33.91238670694864,-22.054380664652566
MATH · 审计敏感性,1.095166163141994,-1.283987915407855
MATH · 审计敏感性,2.719033232628399,-0.9063444108761329
MATH · 审计敏感性,23.867069486404834,-1.6616314199395745
MATH · 审计敏感性,7.628398791540786,-15.256797583081571
MATH · 审计敏感性,28.474320241691842,-3.6253776435045353
MATH · 审计敏感性,13.104229607250756,-12.915407854984895
MATH · 审计敏感性,1.8882175226586102,-1.8126888217522659
MATH · 审计敏感性,4.720543806646527,-9.138972809667674
MATH · 审计敏感性,2.265861027190332,-1.2084592145015107
MATH · 审计敏感性,6.495468277945619,-1.359516616314199
MATH · 审计敏感性,18.65558912386707,0.0
MATH · 审计敏感性,19.599697885196374,-1.586102719033235
MATH · 审计敏感性,18.126888217522655,-19.03323262839879
MATH · 审计敏感性,45.657099697885194,-19.41087613293051
MATH · 审计敏感性,28.889728096676738,-11.102719033232624
MATH · 审计敏感性,12.764350453172206,-14.199395770392748
MATH · 审计敏感性,11.669184290030213,-20.770392749244714
MATH · 审计敏感性,31.268882175226587,-62.53776435045317
MATH · 审计敏感性,18.391238670694865,-36.78247734138973
MATH · 审计敏感性,37.61329305135952,-3.021148036253784
MATH · 审计敏感性,25.0,-50.0
MATH · 审计敏感性,40.44561933534743,-43.8821752265861
MATH · 审计敏感性,29.418429003021146,-2.1903323262839898
MATH · 审计敏感性,0.0755287009063444,-0.1510574018126888
MATH · 审计敏感性,0.0,0.0
MATH · 审计敏感性,5.966767371601208,-2.2658610271903328
MATH · 审计敏感性,25.33987915407855,-50.6797583081571
MATH · 审计敏感性,4.154078549848942,-0.9063444108761334
MATH · 审计敏感性,8.157099697885196,0.15105740181268956
MATH · 审计敏感性,14.841389728096676,-0.22658610271903434
MATH · 审计敏感性,0.0377643504531722,-0.0755287009063444
MATH · 审计敏感性,0.3021148036253776,-0.6042296072507553
MATH · 审计敏感性,18.391238670694868,-0.37764350453172213
MATH · 审计敏感性,13.444108761329304,-4.380664652567976
MATH · 审计敏感性,13.36858006042296,0.0
MATH · 审计敏感性,8.119335347432024,-0.5287009063444117
MATH · 审计敏感性,38.59516616314199,0.0
MATH · 审计敏感性,30.58912386706949,-2.4169184290030152
MATH · 审计敏感性,30.362537764350456,-4.984894259818734
MATH · 审计敏感性,4.984894259818732,-0.4531722054380669
MATH · 审计敏感性,4.984894259818732,-0.4531722054380669
MATH · 审计敏感性,14.199395770392748,-0.755287009063446
MATH · 审计敏感性,5.853474320241692,-2.190332326283988
MATH · 审计敏感性,18.466767371601208,-0.37764350453172213
MATH · 审计敏感性,20.543806646525677,-0.9063444108761303
MATH · 审计敏感性,9.818731117824774,0.0
MATH · 审计敏感性,7.779456193353475,0.0
MATH · 审计敏感性,20.128398791540786,-11.253776435045316
MATH · 审计敏感性,0.0,0.0
MATH · 审计敏感性,11.669184290030211,-8.08157099697885
MATH · 审计敏感性,20.506042296072508,-0.9818731117824733
MATH · 审计敏感性,17.560422960725077,-28.92749244712991
MATH · 审计敏感性,20.166163141993955,0.0
MATH · 审计敏感性,55.740181268882175,0.0
MATH · 审计敏感性,2.416918429003021,-0.453172205438066
MATH · 审计敏感性,31.53323262839879,0.07552870090633945
MATH · 审计敏感性,1.9637462235649545,-1.5105740181268883
MATH · 审计敏感性,2.3413897280966767,-0.45317220543806647
MATH · 审计敏感性,7.817220543806647,-0.9818731117824768
MATH · 审计敏感性,9.138972809667674,-18.126888217522662
MATH · 审计敏感性,28.625377643504535,-2.870090634441091
MATH · 审计敏感性,23.71601208459214,-5.135951661631417
MATH · 审计敏感性,0.3021148036253776,-0.6042296072507553
MATH · 审计敏感性,1.1706948640483383,-0.6797583081570997
MATH · 审计敏感性,1.0196374622356497,-0.3776435045317219
MATH · 审计敏感性,24.962235649546834,-8.685800604229616
MATH · 审计敏感性,35.196374622356494,0.0
MATH · 审计敏感性,48.036253776435046,0.0
MATH · 审计敏感性,3.2477341389728096,-2.2658610271903323
MATH · 审计敏感性,0.2265861027190332,0.0
MATH · 审计敏感性,19.108761329305132,7.105427357601002e-15
MATH · 审计敏感性,30.513595166163142,-0.4531722054380687
MATH · 审计敏感性,36.89577039274924,-1.737160120845921
MATH · 审计敏感性,38.82175226586103,0.0
MATH · 审计敏感性,4.229607250755287,0.0
MATH · 审计敏感性,8.157099697885197,0.0
MATH · 审计敏感性,4.040785498489425,-8.08157099697885
MATH · 审计敏感性,3.5498489425981874,-7.099697885196375
MATH · 审计敏感性,2.756797583081571,-0.6797583081570999
MATH · 审计敏感性,1.8504531722054383,-0.6797583081570997
MATH · 审计敏感性,1.9637462235649545,-0.755287009063444
MATH · 审计敏感性,9.365558912386707,-1.661631419939578
MATH · 审计敏感性,22.24320241691843,-1.1329305135951628
MATH · 审计敏感性,6.193353474320242,-0.9063444108761338
MATH · 审计敏感性,15.294561933534744,-8.232628398791542
MATH · 审计敏感性,2.3791540785498486,-0.8308157099697888
MATH · 审计敏感性,4.456193353474321,-7.854984894259819
MATH · 审计敏感性,7.8927492447129906,-1.4350453172205437
MATH · 审计敏感性,28.172205438066467,-1.9637462235649537
MATH · 审计敏感性,2.90785498489426,-1.4350453172205442
MATH · 审计敏感性,6.268882175226587,-1.0574018126888225
MATH · 审计敏感性,6.382175226586103,-1.5861027190332324
MATH · 审计敏感性,17.560422960725077,-4.758308157099698
MATH · 审计敏感性,6.419939577039274,-1.9637462235649537
MATH · 审计敏感性,4.833836858006042,-3.474320241691842
MATH · 审计敏感性,53.398791540785496,0.0
MATH · 审计敏感性,8.308157099697885,0.0
MATH · 审计敏感性,33.610271903323266,-21.450151057401815
MATH · 审计敏感性,33.610271903323266,-21.450151057401815
MATH · 审计敏感性,34.66767371601209,-22.960725075528703
MATH · 审计敏感性,53.47432024169184,0.0
MATH · 审计敏感性,51.66163141993958,0.0
MATH · 审计敏感性,38.10422960725076,-12.160120845921448
MATH · 审计敏感性,51.586102719033235,-7.105427357601002e-15
MATH · 审计敏感性,50.0,0.0
MATH · 审计敏感性,35.42296072507553,-11.48036253776435
MATH · 审计敏感性,35.422960725075534,0.0
MATH · 审计敏感性,1.6238670694864052,-0.8308157099697897
MATH · 审计敏感性,21.978851963746223,0.0
MATH · 审计敏感性,27.945619335347438,-1.0658141036401503e-14
MATH · 审计敏感性,17.447129909365557,0.0
MATH · 审计敏感性,25.755287009063444,-3.1722054380664666
MATH · 审计敏感性,33.95015105740181,-8.836858006042291
MATH · 审计敏感性,13.595166163141993,-4.833836858006043
MATH · 审计敏感性,2.6435045317220545,-0.6042296072507556
MATH · 审计敏感性,26.925981873111787,-4.758308157099705
MATH · 审计敏感性,16.842900302114803,-0.6042296072507511
MATH · 审计敏感性,12.839879154078549,-0.15105740181269134
MATH · 审计敏感性,2.152567975830816,-4.1540785498489425
MATH · 审计敏感性,1.812688821752266,0.0
MATH · 审计敏感性,2.114803625377644,-4.440892098500626e-16
MATH · 审计敏感性,2.416918429003021,0.0
MATH · 审计敏感性,21.110271903323266,-5.060422960725074
MATH · 审计敏感性,0.0,0.0
MATH · 审计敏感性,11.593655589123866,-0.3776435045317239
MATH · 审计敏感性,10.42296072507553,-0.4531722054380687
MATH · 审计敏感性,25.377643504531726,-0.9063444108761338
MATH · 审计敏感性,26.095166163141993,-3.5498489425981887
MATH · 审计敏感性,25.037764350453173,-4.305135951661633
MATH · 审计敏感性,20.808157099697883,-2.0392749244713
MATH · 审计敏感性,26.132930513595163,-0.4531722054380687
MATH · 审计敏感性,0.0,0.0
MATH · 审计敏感性,0.0,0.0
MATH · 审计敏感性,7.515105740181269,-0.830815709969789
MATH · 审计敏感性,0.0,0.0
MATH · 审计敏感性,0.0,0.0
MATH · 审计敏感性,23.527190332326285,-5.060422960725081
MATH · 审计敏感性,28.92749244712991,-4.3806646525679795
MATH · 审计敏感性,28.09667673716012,-2.719033232628398
MATH · 审计敏感性,33.95015105740181,-5.9667673716012075
MATH · 审计敏感性,35.68731117824773,-3.0966767371601236
MATH · 审计敏感性,34.36555891238671,-8.912386706948642
MATH · 审计敏感性,30.211480362537763,-3.9274924471299073
MATH · 审计敏感性,6.9864048338368585,-0.6797583081570995
MATH · 审计敏感性,0.0,0.0
MATH · 审计敏感性,20.581570996978854,-2.0392749244712967
MATH · 审计敏感性,21.978851963746223,-1.9637462235649572
MATH · 审计敏感性,22.2809667673716,0.0
MATH · 审计敏感性,2.114803625377644,-4.440892098500626e-16
MATH · 审计敏感性,1.5483383685800605,-0.6797583081570999
MATH · 审计敏感性,16.880664652567976,-2.7945619335347445
MATH · 审计敏感性,5.929003021148037,-1.4350453172205437
MATH · 审计敏感性,1.246223564954683,-2.492447129909366
MATH · 审计敏感性,6.117824773413896,-10.574018126888214
MATH · 审计敏感性,0.33987915407854985,-0.37764350453172213
MATH · 审计敏感性,20.506042296072508,-9.44108761329306
MATH · 审计敏感性,13.821752265861026,0.0
MATH · 审计敏感性,16.389728096676738,0.0
MATH · 审计敏感性,16.314199395770395,0.0
MATH · 审计敏感性,25.075528700906347,0.0
MATH · 审计敏感性,20.241691842900305,0.0
MATH · 审计敏感性,24.244712990936556,-48.33836858006042
MATH · 审计敏感性,7.7039274924471295,0.0
MATH · 审计敏感性,17.145015105740182,-2.2658610271903328
MATH · 审计敏感性,13.595166163141993,-1.2084592145015112
MATH · 审计敏感性,2.832326283987915,-0.3776435045317226
MATH · 审计敏感性,14.274924471299094,-0.6042296072507565
MATH · 审计敏感性,13.70845921450151,-2.0392749244713
MATH · 审计敏感性,10.725075528700906,-1.6616314199395799
MATH · 审计敏感性,16.993957703927492,0.0
MATH · 审计敏感性,9.025679758308158,-5.66465256797583
MATH · 审计敏感性,37.72658610271904,-1.1329305135951628
MATH · 审计敏感性,30.47583081570997,-5.362537764350449
MATH · 审计敏感性,48.94259818731118,-1.9637462235649537
MATH · 审计敏感性,45.01510574018127,-1.3595166163141954
MATH · 审计敏感性,49.20694864048338,-2.190332326283979
MATH · 审计敏感性,39.992447129909365,-1.737160120845921
MATH · 审计敏感性,33.19486404833837,-1.888217522658607
MATH · 审计敏感性,0.5287009063444109,0.0
MATH · 审计敏感性,25.981873111782477,-0.9063444108761374
MATH · 审计敏感性,14.72809667673716,0.0
MATH · 审计敏感性,32.55287009063444,0.0
MATH · 审计敏感性,47.809667673716014,0.0
MATH · 审计敏感性,0.0,0.0
MATH · 审计敏感性,19.335347432024168,-38.670694864048336
MATH · 审计敏感性,37.53776435045317,0.0
MATH · 审计敏感性,37.68882175226586,0.0
MATH · 审计敏感性,14.463746223564957,-14.12386706948641
MATH · 审计敏感性,27.001510574018127,-14.123867069486405
MATH · 审计敏感性,25.755287009063444,0.0
MATH · 审计敏感性,30.28700906344411,-2.8700906344410875
MATH · 审计敏感性,18.8821752265861,-3.1722054380664595
MATH · 审计敏感性,10.498489425981873,-14.652567975830815
MATH · 审计敏感性,2.9456193353474323,0.0
MATH · 审计敏感性,13.670694864048338,-0.30211480362537557
MATH · 审计敏感性,19.448640483383684,-10.649546827794563
MATH · 审计敏感性,13.217522658610271,-6.7975830815709966
MATH · 审计敏感性,0.5287009063444109,-1.0574018126888218
MATH · 审计敏感性,0.4154078549848943,-0.2265861027190333
MATH · 审计敏感性,1.3595166163141996,-0.906344410876133
MATH · 审计敏感性,20.808157099697887,-1.8882175226586106
MATH · 审计敏感性,5.13595166163142,0.0
MATH · 审计敏感性,25.944108761329304,-10.498489425981873
MATH · 审计敏感性,5.400302114803625,-0.6797583081570995
MATH · 审计敏感性,11.820241691842902,-12.764350453172208
MATH · 审计敏感性,12.80211480362538,-4.758308157099698
MATH · 审计敏感性,4.947129909365559,-0.22658610271903434
MATH · 审计敏感性,4.531722054380665,-0.7552870090634443
MATH · 审计敏感性,0.7175226586102719,-0.9818731117824773
MATH · 审计敏感性,14.161631419939578,-1.5861027190332333
MATH · 审计敏感性,10.989425981873111,-21.978851963746223
MATH · 审计敏感性,8.459214501510575,-16.91842900302115
MATH · 审计敏感性,1.5861027190332324,-0.7552870090634438
MATH · 审计敏感性,2.1148036253776437,-0.6042296072507549
MATH · 审计敏感性,6.533232628398792,-0.6797583081570995
MATH · 审计敏感性,22.432024169184288,-1.208459214501513
MATH · 审计敏感性,12.31117824773414,-1.9637462235649554
MATH · 审计敏感性,2.2658610271903323,0.0
MATH · 审计敏感性,2.5302114803625377,-4.003021148036254
MATH · 审计敏感性,14.237160120845921,-4.154078549848945
MATH · 审计敏感性,13.74622356495468,-10.725075528700899
MATH · 审计敏感性,25.45317220543807,-50.90634441087614
MATH · 审计敏感性,18.35347432024169,-36.70694864048338
MATH · 审计敏感性,33.8368580060423,-51.81268882175227
MATH · 审计敏感性,17.598187311178247,-0.45317220543806513
MATH · 审计敏感性,0.0,0.0
MATH · 审计敏感性,2.0770392749244713,-0.6797583081570995
MATH · 审计敏感性,1.661631419939577,-2.416918429003021
MATH · 审计敏感性,0.8308157099697886,-0.1510574018126889
MATH · 审计敏感性,0.8308157099697886,-0.4531722054380666
MATH · 审计敏感性,12.34894259818731,-0.9818731117824786
MATH · 审计敏感性,15.030211480362539,-1.8126888217522659
MATH · 审计敏感性,33.270392749244714,-0.5287009063444117
MATH · 审计敏感性,6.3444108761329305,-1.0574018126888216
MATH · 审计敏感性,6.873111782477341,-3.6253776435045317
MATH · 审计敏感性,19.675226586102717,0.075528700906343
MATH · 审计敏感性,22.998489425981873,-0.07552870090634656
MATH · 审计敏感性,24.093655589123866,-0.7552870090634443
MATH · 审计敏感性,17.14501510574018,-1.812688821752264
MATH · 审计敏感性,1.3972809667673713,-1.1329305135951657
MATH · 审计敏感性,12.311178247734139,-1.359516616314199
MATH · 审计敏感性,29.87160120845921,0.22658610271903612
MATH · 审计敏感性,19.637462235649547,-0.6042296072507582
MATH · 审计敏感性,9.176737160120846,-0.8308157099697873
MATH · 审计敏感性,10.649546827794563,-1.0574018126888198
MATH · 审计敏感性,9.93202416918429,-0.5287009063444117
MATH · 审计敏感性,0.9441087613293051,-0.6797583081570998
MATH · 审计敏感性,0.9818731117824775,-1.6616314199395772
MATH · 审计敏感性,12.273413897280971,-23.18731117824774
MATH · 审计敏感性,5.740181268882175,-1.8126888217522668
MATH · 审计敏感性,3.7009063444108765,-5.8912386706948645
MATH · 审计敏感性,22.092145015105743,-0.22658610271903612
MATH · 审计敏感性,12.462235649546827,-15.407854984894257
MATH · 审计敏感性,13.481873111782475,-15.030211480362535
MATH · 审计敏感性,36.404833836858,-4.833836858006045
MATH · 审计敏感性,9.667673716012086,-0.6042296072507547
MATH · 审计敏感性,12.990936555891238,-0.30211480362537557
MATH · 审计敏感性,13.859516616314199,-0.2265861027190308
MATH · 审计敏感性,10.083081570996978,-20.166163141993955
MATH · 审计敏感性,10.083081570996981,-1.1329305135951682
MATH · 审计敏感性,9.478851963746223,-0.9818731117824786
MATH · 审计敏感性,9.327794561933535,-0.37764350453172213
MATH · 审计敏感性,48.48942598187311,0.0
MATH · 审计敏感性,28.24773413897281,-3.1722054380664666
MATH · 审计敏感性,29.493957703927492,-4.154078549848936
MATH · 审计敏感性,23.98036253776435,-0.5287009063444152
MATH · 审计敏感性,21.336858006042295,-0.22658610271903257
MATH · 审计敏感性,7.779456193353474,-0.4531722054380669
MATH · 审计敏感性,17.069486404833835,0.151057401812686
MATH · 审计敏感性,32.89274924471299,-0.5287009063444046
MATH · 审计敏感性,36.933534743202415,-2.870090634441084
MATH · 审计敏感性,32.55287009063444,-3.7764350453172177
MATH · 审计敏感性,0.5287009063444109,-1.0574018126888218
MATH · 审计敏感性,8.987915407854985,-1.9637462235649554
MATH · 审计敏感性,11.027190332326285,-22.05438066465257
MATH · 审计敏感性,8.836858006042297,0.0
MATH · 审计敏感性,2.7945619335347436,-1.9637462235649548
MATH · 审计敏感性,15.332326283987916,0.0
MATH · 审计敏感性,16.012084592145015,0.0
MATH · 审计敏感性,12.915407854984895,0.0
MATH · 审计敏感性,6.797583081570997,0.0
MATH · 审计敏感性,11.442598187311177,-5.0604229607250755
MATH · 审计敏感性,20.84592145015106,0.0
MATH · 审计敏感性,5.589123867069486,0.0
MATH · 审计敏感性,15.105740181268882,-30.060422960725077
MATH · 审计敏感性,27.265861027190333,-4.380664652567972
MATH · 审计敏感性,23.640483383685805,-46.97885196374624
MATH · 审计敏感性,10.347432024169184,-5.891238670694866
MATH · 审计敏感性,11.32930513595166,-1.5105740181268903
MATH · 审计敏感性,11.744712990936556,-1.1329305135951682
MATH · 审计敏感性,24.924471299093653,-5.287009063444113
MATH · 审计敏感性,28.09667673716012,-0.7552870090634372
MATH · 审计敏感性,30.21148036253777,-1.6616314199395816
MATH · 审计敏感性,28.172205438066467,0.0
MATH · 审计敏感性,5.551359516616314,-6.117824773413897
MATH · 审计敏感性,7.854984894259818,-11.63141993957704
MATH · 审计敏感性,4.11631419939577,-0.8308157099697895
MATH · 审计敏感性,9.1012084592145,-1.1329305135951664
MATH · 审计敏感性,0.18882175226586104,-0.3776435045317221
MATH · 审计敏感性,7.4395770392749245,-1.1329305135951664
MATH · 审计敏感性,0.1132930513595166,-0.2265861027190332
MATH · 审计敏感性,6.15558912386707,-0.22658610271903346
MATH · 审计敏感性,4.569486404833837,-0.5287009063444108
MATH · 审计敏感性,1.6238670694864048,-1.1329305135951664
MATH · 审计敏感性,7.477341389728096,-1.2084592145015094
MATH · 审计敏感性,0.9818731117824773,-0.9063444108761326
MATH · 审计敏感性,0.5287009063444109,-1.0574018126888218
MATH · 审计敏感性,7.364048338368581,-0.830815709969789
MATH · 审计敏感性,9.554380664652568,-0.9818731117824768
MATH · 审计敏感性,7.515105740181269,-0.830815709969789
MATH · 审计敏感性,6.231117824773413,-0.9818731117824768
MATH · 审计敏感性,37.61329305135951,0.0
MATH · 审计敏感性,0.5664652567975831,-1.1329305135951662
MATH · 审计敏感性,3.851963746223565,-0.9063444108761325
MATH · 审计敏感性,16.08761329305136,-0.151057401812686
MATH · 审计敏感性,20.354984894259818,-0.3776435045317257
MATH · 审计敏感性,14.765861027190333,-0.07552870090634478
MATH · 审计敏感性,8.23262839879154,-0.15105740181268779
MATH · 审计敏感性,11.367069486404834,-0.3776435045317239
MATH · 审计敏感性,4.645015105740182,-3.096676737160121
MATH · 审计敏感性,29.796072507552868,-2.3413897280966793
MATH · 审计敏感性,2.832326283987915,-1.7371601208459218
MATH · 审计敏感性,3.0211480362537766,0.0
MATH · 审计敏感性,35.57401812688822,0.0
MATH · 审计敏感性,4.682779456193353,-7.703927492447129
MATH · 审计敏感性,9.969788519637465,-19.63746223564955
MATH · 审计敏感性,8.496978851963746,-16.842900302114806
MATH · 审计敏感性,13.82175226586103,-15.407854984894264
MATH · 审计敏感性,16.087613293051362,-14.501510574018129
MATH · 审计敏感性,20.31722054380665,-4.682779456193355
MATH · 审计敏感性,8.648036253776436,-0.6797583081570995
MATH · 审计敏感性,9.856495468277945,-0.6797583081570995
MATH · 审计敏感性,8.648036253776436,-1.5861027190332333
MATH · 审计敏感性,8.38368580060423,-1.3595166163141998
MATH · 审计敏感性,9.478851963746223,-1.8882175226586124
MATH · 审计敏感性,0.0,0.0
MATH · 审计敏感性,36.85800604229607,0.0
MATH · 审计敏感性,37.38670694864049,0.0
MATH · 审计敏感性,36.5558912386707,0.0
MATH · 审计敏感性,36.40483383685801,0.0
MATH · 审计敏感性,0.0,0.0
MATH · 审计敏感性,8.874622356495468,-1.1329305135951664
MATH · 审计敏感性,42.44712990936556,0.0
MATH · 审计敏感性,47.583081570996974,0.0
MATH · 审计敏感性,37.53776435045317,0.0
MATH · 审计敏感性,33.68580060422961,0.0
MATH · 审计敏感性,43.80664652567976,0.0
MATH · 审计敏感性,33.23262839879154,0.0
MATH · 审计敏感性,34.44108761329305,0.0
MATH · 审计敏感性,18.95770392749245,0.0
MATH · 审计敏感性,5.589123867069487,-1.6616314199395772
MATH · 审计敏感性,0.6042296072507554,-0.906344410876133
MATH · 审计敏感性,4.191842900302115,-5.81570996978852
MATH · 审计敏感性,1.283987915407855,-0.45317220543806647
MATH · 审计敏感性,1.9259818731117826,-2.0392749244712993
MATH · 审计敏感性,2.8700906344410875,-0.7552870090634438
MATH · 审计敏感性,1.321752265861027,-1.2839879154078546
MATH · 审计敏感性,17.560422960725077,-1.7371601208459282
MATH · 审计敏感性,20.392749244712995,-35.347432024169194
MATH · 审计敏感性,0.7175226586102719,-0.9818731117824773
MATH · 审计敏感性,15.596676737160122,-4.154078549848943
MATH · 审计敏感性,17.560422960725077,-2.0392749244713
MATH · 审计敏感性,23.904833836858007,-1.1329305135951628
MATH · 审计敏感性,17.67371601208459,-3.021148036253777
MATH · 审计敏感性,18.27794561933535,-2.567975830815712
MATH · 审计敏感性,11.48036253776435,-5.13595166163142
MATH · 审计敏感性,16.993957703927492,0.0
MATH · 审计敏感性,0.8308157099697884,-0.30211480362537746
MATH · 审计敏感性,1.4728096676737161,-0.6797583081570999
MATH · 审计敏感性,5.211480362537764,-1.0574018126888216
MATH · 审计敏感性,1.321752265861027,-2.190332326283988
MATH · 审计敏感性,9.40332326283988,-1.2839879154078542
MATH · 审计敏感性,1.8882175226586102,-0.755287009063444
MATH · 审计敏感性,3.512084592145015,-0.6797583081570995
MATH · 审计敏感性,25.33987915407855,-48.41389728096677
MATH · 审计敏感性,6.495468277945618,-12.386706948640482
MATH · 审计敏感性,18.731117824773413,0.0
MATH · 审计敏感性,12.5,-1.1329305135951664
MATH · 审计敏感性,8.119335347432024,-1.7371601208459202
MATH · 审计敏感性,7.02416918429003,0.0
MATH · 审计敏感性,36.29154078549849,-36.933534743202415
MATH · 审计敏感性,8.685800604229607,-0.7552870090634443
MATH · 审计敏感性,4.720543806646526,-1.7371601208459215
MATH · 审计敏感性,3.0589123867069485,-0.9818731117824773
MATH · 审计敏感性,4.758308157099698,-7.401812688821753
MATH · 审计敏感性,30.891238670694865,-2.719033232628398
MATH · 审计敏感性,23.753776435045317,0.9818731117824768
MATH · 审计敏感性,32.85498489425982,0.0
MATH · 审计敏感性,34.96978851963746,0.0
MATH · 审计敏感性,0.0,0.0
MATH · 审计敏感性,3.0211480362537766,-4.0785498489425995
MATH · 审计敏感性,14.388217522658609,-19.86404833836858
MATH · 审计敏感性,9.441087613293051,-7.552870090634442
MATH · 审计敏感性,8.91238670694864,-5.589123867069485
MATH · 审计敏感性,30.966767371601208,0.0
MATH · 审计敏感性,11.631419939577041,-16.314199395770398
MATH · 审计敏感性,12.160120845921451,-2.2658610271903328
MATH · 审计敏感性,5.7024169184290034,-0.07552870090634389
MATH · 审计敏感性,28.361027190332326,-10.0453172205438
MATH · 审计敏感性,7.099697885196374,-3.6253776435045317
MATH · 审计敏感性,2.492447129909366,0.0
MATH · 审计敏感性,4.871601208459214,-5.66465256797583
MATH · 审计敏感性,6.948640483383686,-3.474320241691842
MATH · 审计敏感性,7.326283987915407,-3.172205438066465
MATH · 审计敏感性,17.78700906344411,-2.1903323262839898
MATH · 审计敏感性,20.657099697885194,-2.341389728096676
MATH · 审计敏感性,27.07703927492447,-54.15407854984894
MATH · 审计敏感性,11.027190332326285,-1.2084592145015094
MATH · 审计敏感性,0.9441087613293052,-1.8882175226586104
MATH · 审计敏感性,4.758308157099697,-6.646525679758307
MATH · 审计敏感性,2.190332326283988,-0.755287009063444
MATH · 审计敏感性,5.287009063444108,-1.3595166163141998
MATH · 审计敏感性,10.913897280966768,-1.4350453172205437
MATH · 审计敏感性,6.986404833836858,-3.09667673716012
MATH · 审计敏感性,9.365558912386707,-5.589123867069486
MATH · 审计敏感性,0.0,0.0
MATH · 审计敏感性,36.253776435045324,-3.6253776435045424
MATH · 审计敏感性,33.19486404833837,-15.332326283987921
MATH · 审计敏感性,20.73262839879154,-0.9818731117824733
MATH · 审计敏感性,22.016616314199396,-6.722054380664648
MATH · 审计敏感性,0.9818731117824773,-0.45317220543806636
MATH · 审计敏感性,7.552870090634441,0.0
MATH · 审计敏感性,6.306646525679758,-0.6797583081571004
MATH · 审计敏感性,6.6087613293051355,-0.8308157099697882
MATH · 审计敏感性,6.986404833836858,-0.8308157099697882
MATH · 审计敏感性,2.9456193353474323,-0.7552870090634443
MATH · 审计敏感性,16.087613293051362,-19.184290030211482
MATH · 审计敏感性,1.0196374622356497,-1.5861027190332329
MATH · 审计敏感性,22.80966767371601,-13.746223564954681
MATH · 审计敏感性,48.67824773413898,-0.6797583081570977
MATH · 审计敏感性,31.797583081571,-2.870090634441084
MATH · 审计敏感性,14.954682779456192,-2.2658610271903328
MATH · 审计敏感性,28.70090634441088,-13.44410876132931
MATH · 审计敏感性,40.44561933534743,-2.190332326283986
MATH · 审计敏感性,0.5664652567975831,-1.1329305135951662
MATH · 审计敏感性,1.2839879154078548,-2.2658610271903323
MATH · 审计敏感性,5.7779456193353464,-6.268882175226586
MATH · 审计敏感性,6.49546827794562,-7.85498489425982
MATH · 审计敏感性,7.401812688821753,-1.5105740181268885
MATH · 审计敏感性,7.8927492447129906,-2.3413897280966776
MATH · 审计敏感性,6.759818731117825,-0.9818731117824777
MATH · 审计敏感性,26.850453172205437,-52.34138972809668
MATH · 审计敏感性,4.569486404833837,-0.5287009063444108
MATH · 审计敏感性,0.6797583081570997,-0.7552870090634443
MATH · 审计敏感性,1.0574018126888218,-1.0574018126888216
MATH · 审计敏感性,0.4154078549848943,-0.6797583081570997
MATH · 审计敏感性,0.8308157099697886,0.0
MATH · 审计敏感性,0.1132930513595166,-0.2265861027190332
MATH · 审计敏感性,4.493957703927492,-0.37764350453172213
MATH · 审计敏感性,27.983383685800604,-3.09667673716012
MATH · 审计敏感性,6.1555891238670695,-0.6797583081570995
MATH · 审计敏感性,6.004531722054381,-0.9818731117824777
MATH · 审计敏感性,3.3610271903323268,-1.5861027190332333
MATH · 审计敏感性,2.5679758308157097,-2.719033232628399
MATH · 审计敏感性,3.209969788519637,-4.154078549848942
MATH · 审计敏感性,4.305135951661631,-0.7552870090634447
MATH · 审计敏感性,4.720543806646525,-2.0392749244712998
MATH · 审计敏感性,3.700906344410876,-1.6616314199395772
MATH · 审计敏感性,4.758308157099698,-0.6042296072507565
MATH · 审计敏感性,10.347432024169184,-0.9063444108761338
MATH · 审计敏感性,5.8912386706948645,-5.13595166163142
MATH · 审计敏感性,5.287009063444109,-6.344410876132931
MATH · 审计敏感性,8.345921450151058,-0.8308157099697882
MATH · 审计敏感性,2.605740181268882,-0.37764350453172213
MATH · 审计敏感性,1.8504531722054383,-0.5287009063444115
MATH · 审计敏感性,2.0770392749244713,-0.22658610271903368
MATH · 审计敏感性,3.2477341389728096,-0.6042296072507551
MATH · 审计敏感性,1.0196374622356494,-0.8308157099697883
MATH · 审计敏感性,3.0211480362537766,-0.15105740181268867
MATH · 审计敏感性,1.925981873111783,-0.22658610271903412
MATH · 审计敏感性,2.4924471299093653,-0.30211480362537735
MATH · 审计敏感性,1.6238670694864048,-0.22658610271903323
MATH · 审计敏感性,1.0574018126888218,-0.45317220543806647
MATH · 审计敏感性,4.1540785498489425,-8.308157099697885
MATH · 审计敏感性,3.5498489425981874,-7.099697885196375
MATH · 审计敏感性,34.74320241691843,0.0
MATH · 审计敏感性,11.858006042296072,-0.6042296072507529
MATH · 审计敏感性,1.2084592145015107,-0.30211480362537757
MATH · 审计敏感性,5.324773413897281,-0.5287009063444108
MATH · 审计敏感性,0.5287009063444109,0.0
MATH · 审计敏感性,26.057401812688823,-0.3021148036253898
MATH · 审计敏感性,27.7190332326284,-36.10271903323264
MATH · 审计敏感性,39.690332326283986,-0.5287009063444117
MATH · 审计敏感性,33.53474320241692,-0.6042296072507582
MATH · 审计敏感性,42.06948640483384,0.0
MATH · 审计敏感性,46.03474320241692,-10.498489425981873
MATH · 审计敏感性,12.009063444108762,-1.8126888217522659
MATH · 审计敏感性,28.474320241691846,-0.9063444108761303
MATH · 审计敏感性,45.996978851963746,-7.105427357601002e-15
MATH · 审计敏感性,4.229607250755287,-1.8126888217522659
MATH · 审计敏感性,8.157099697885196,-15.256797583081568
MATH · 审计敏感性,23.791540785498487,-47.583081570996974
MATH · 审计敏感性,28.62537764350453,-3.7764350453172213
MATH · 审计敏感性,1.1706948640483383,-2.3413897280966767
MATH · 审计敏感性,0.6797583081570997,-1.3595166163141994
MATH · 审计敏感性,1.5105740181268883,-3.0211480362537766
MATH · 审计敏感性,2.0392749244712993,-4.078549848942599
MATH · 审计敏感性,30.400302114803626,-5.211480362537763
MATH · 审计敏感性,4.645015105740182,-4.305135951661631
MATH · 审计敏感性,30.589123867069485,-29.90936555891239
MATH · 审计敏感性,44.33534743202417,-10.422960725075527
MATH · 审计敏感性,3.2854984894259815,-1.283987915407855
MATH · 审计敏感性,7.288519637462237,-0.07552870090634389
MATH · 审计敏感性,1.1706948640483383,-0.8308157099697885
MATH · 审计敏感性,5.589123867069486,-0.15105740181268956
MATH · 审计敏感性,4.984894259818731,-0.6042296072507547
MATH · 审计敏感性,4.720543806646526,-0.5287009063444117
MATH · 审计敏感性,29.871601208459214,-0.8308157099697908
MATH · 审计敏感性,12.009063444108762,-0.30211480362537735
MATH · 审计敏感性,2.56797583081571,-0.3021148036253778
MATH · 审计敏感性,4.342900302114804,-0.830815709969789
MATH · 审计敏感性,8.648036253776436,-0.5287009063444099
MATH · 审计敏感性,18.50453172205438,-0.15105740181269667
MATH · 审计敏感性,18.013595166163142,-4.305135951661628
MATH · 审计敏感性,1.774924471299094,0.07552870090634456
MATH · 审计敏感性,2.0770392749244713,-0.22658610271903368
MATH · 审计敏感性,3.776435045317221,0.0
MATH · 审计敏感性,1.2084592145015103,-0.45317220543806636
MATH · 审计敏感性,0.22658610271903326,-0.4531722054380665
MATH · 审计敏感性,35.42296072507553,-0.7552870090634443
MATH · 审计敏感性,37.235649546827794,-5.589123867069489
MATH · 审计敏感性,23.3761329305136,-4.154078549848943
MATH · 审计敏感性,28.92749244712991,0.0
MATH · 审计敏感性,40.70996978851964,0.0
MATH · 审计敏感性,34.21450151057402,-3.6253776435045353
MATH · 审计敏感性,35.23413897280967,-4.607250755287012
MATH · 审计敏感性,34.93202416918429,-2.190332326283986
MATH · 审计敏感性,34.55438066465257,-2.3413897280966793
MATH · 审计敏感性,36.63141993957704,-4.984894259818738
MATH · 审计敏感性,36.140483383685805,-9.592145015105736
MATH · 审计敏感性,35.87613293051359,-2.1148036253776397
MATH · 审计敏感性,36.027190332326285,-0.9063444108761303
MATH · 审计敏感性,38.02870090634441,-4.909365558912391
MATH · 审计敏感性,40.44561933534743,-1.888217522658607
MATH · 审计敏感性,2.90785498489426,-0.9818731117824777
MATH · 审计敏感性,29.531722054380666,-46.97885196374622
MATH · 审计敏感性,20.921450151057403,0.0
MATH · 审计敏感性,8.459214501510576,-4.380664652567978
MATH · 审计敏感性,8.308157099697885,-1.2084592145015103
MATH · 审计敏感性,1.0574018126888218,0.0
MATH · 审计敏感性,0.6042296072507553,0.0
MATH · 审计敏感性,0.6042296072507553,0.0
MATH · 审计敏感性,0.2265861027190332,0.0
MATH · 审计敏感性,0.0755287009063444,0.0
MATH · 审计敏感性,0.0,0.0
MATH · 审计敏感性,0.6419939577039274,-1.1329305135951662
MATH · 审计敏感性,27.303625377643503,-54.607250755287005
MATH · 审计敏感性,30.513595166163142,-61.027190332326285
MATH · 审计敏感性,23.753776435045317,-7.477341389728096
MATH · 审计敏感性,44.41087613293052,0.0
MATH · 审计敏感性,47.35649546827794,-4.078549848942593
MATH · 审计敏感性,27.75679758308157,-50.37764350453172
MATH · 审计敏感性,41.88066465256797,-7.477341389728089
MATH · 审计敏感性,21.110271903323262,-35.422960725075534
MATH · 审计敏感性,3.663141993957704,-2.492447129909366
MATH · 审计敏感性,4.871601208459214,-0.8308157099697882
MATH · 审计敏感性,5.13595166163142,-1.2084592145015103
MATH · 审计敏感性,6.419939577039274,-0.6042296072507547
MATH · 审计敏感性,2.8700906344410875,0.0
MATH · 审计敏感性,24.848942598187314,-0.15105740181268956
MATH · 审计敏感性,3.814199395770393,-5.0604229607250755
MATH · 审计敏感性,11.820241691842899,0.07552870090634478
MATH · 审计敏感性,36.36706948640484,-8.987915407854988
MATH · 审计敏感性,28.663141993957705,-2.7945619335347516
MATH · 审计敏感性,2.56797583081571,-0.45317220543806647
MATH · 审计敏感性,1.5861027190332329,-0.4531722054380667
MATH · 审计敏感性,4.040785498489426,-0.8308157099697877
MATH · 审计敏感性,4.833836858006042,0.0
MATH · 审计敏感性,4.531722054380665,0.0
MATH · 审计敏感性,4.305135951661631,0.0
MATH · 审计敏感性,26.359516616314203,-23.564954682779458
MATH · 审计敏感性,5.513595166163142,-4.078549848942598
MATH · 审计敏感性,32.81722054380664,-25.60422960725075
MATH · 审计敏感性,4.909365558912387,-0.6042296072507565
MATH · 审计敏感性,4.645015105740182,-0.5287009063444108
MATH · 审计敏感性,1.737160120845922,-0.6042296072507567
MATH · 审计敏感性,26.321752265861026,-52.64350453172205
MATH · 审计敏感性,26.812688821752268,-53.625377643504535
MATH · 审计敏感性,11.253776435045317,-1.5105740181268903
MATH · 审计敏感性,9.705438066465256,-0.22658610271903434
MATH · 审计敏感性,7.666163141993958,-0.9818731117824786
MATH · 审计敏感性,6.7975830815709966,-1.6616314199395772
MATH · 审计敏感性,14.425981873111784,-1.5105740181268903
MATH · 审计敏感性,8.912386706948642,-0.4531722054380669
MATH · 审计敏感性,1.8882175226586104,-3.776435045317221
MATH · 审计敏感性,0.18882175226586104,-0.3776435045317221
MATH · 审计敏感性,37.160120845921455,0.0
MATH · 审计敏感性,20.808157099697887,-10.649546827794563
MATH · 审计敏感性,4.418429003021148,-7.930513595166163
MATH · 审计敏感性,20.9214501510574,-10.725075528700899
MATH · 审计敏感性,1.2084592145015105,-2.1148036253776437
MATH · 审计敏感性,7.666163141993958,-15.332326283987916
MATH · 审计敏感性,13.972809667673717,-27.643504531722055
MATH · 审计敏感性,5.324773413897281,-1.4350453172205446
MATH · 审计敏感性,2.2658610271903323,-2.114803625377644
MATH · 审计敏感性,2.152567975830816,-0.6797583081570997
MATH · 审计敏感性,7.4395770392749245,-2.9456193353474314
MATH · 审计敏感性,7.779456193353474,-1.6616314199395763
MATH · 审计敏感性,7.892749244712991,-2.945619335347433
MATH · 审计敏感性,8.761329305135952,-2.4169184290030223
MATH · 审计敏感性,8.685800604229607,-1.9637462235649545
MATH · 审计敏感性,9.214501510574019,-2.4169184290030223
MATH · 审计敏感性,4.758308157099698,-0.4531722054380669
MATH · 审计敏感性,9.025679758308158,-4.305135951661631
MATH · 审计敏感性,9.705438066465256,-1.2839879154078542
MATH · 审计敏感性,10.045317220543806,-2.416918429003019
MATH · 审计敏感性,9.25226586102719,-1.2839879154078542
MATH · 审计敏感性,7.326283987915408,-5.589123867069488
MATH · 审计敏感性,8.043806646525681,-2.6435045317220567
MATH · 审计敏感性,7.628398791540786,-2.114803625377644
MATH · 审计敏感性,6.873111782477341,-1.359516616314199
MATH · 审计敏感性,2.1525679758308156,-4.305135951661631
MATH · 审计敏感性,3.9652567975830815,-2.945619335347432
MATH · 审计敏感性,1.9259818731117824,-3.8519637462235647
MATH · 审计敏感性,1.283987915407855,-2.56797583081571
MATH · 审计敏感性,1.661631419939577,-3.1722054380664653
MATH · 审计敏感性,5.400302114803626,-0.5287009063444108
MATH · 审计敏感性,7.930513595166163,-1.0574018126888234
MATH · 审计敏感性,5.66465256797583,-0.7552870090634451
MATH · 审计敏感性,7.2507552870090635,-2.2658610271903328
MATH · 审计敏感性,17.145015105740182,-10.120845921450153
MATH · 审计敏感性,17.711480362537763,-8.685800604229609
MATH · 审计敏感性,18.391238670694865,-7.024169184290033
MATH · 审计敏感性,17.18277945619335,-11.555891238670696
MATH · 审计敏感性,4.11631419939577,-8.23262839879154
MATH · 审计敏感性,8.91238670694864,0.0
MATH · 审计敏感性,16.993957703927492,-10.120845921450153
MATH · 审计敏感性,17.82477341389728,-8.006042296072508
MATH · 审计敏感性,20.241691842900302,-2.870090634441091
MATH · 审计敏感性,8.006042296072508,0.0
MATH · 审计敏感性,16.91842900302115,-11.178247734138973
MATH · 审计敏感性,12.009063444108765,-17.52265861027191
MATH · 审计敏感性,17.862537764350453,-8.987915407854985
MATH · 审计敏感性,16.125377643504535,-12.009063444108767
MATH · 审计敏感性,18.315709969788518,-7.024169184290029
MATH · 审计敏感性,17.18277945619335,-7.779456193353472
MATH · 审计敏感性,15.332326283987914,-14.04833836858006
MATH · 审计敏感性,13.70845921450151,-14.72809667673716
MATH · 审计敏感性,4.229607250755287,-8.459214501510575
MATH · 审计敏感性,19.71299093655589,-5.438066465256796
MATH · 审计敏感性,12.34894259818731,-18.202416918429
MATH · 审计敏感性,12.197885196374623,-20.317220543806645
MATH · 审计敏感性,15.294561933534744,-12.462235649546832
MATH · 审计敏感性,20.54380664652568,-0.15105740181268956
MATH · 审计敏感性,14.954682779456194,-15.40785498489426
MATH · 审计敏感性,16.61631419939577,-11.329305135951659
MATH · 审计敏感性,8.836858006042297,0.0
MATH · 审计敏感性,8.912386706948642,-2.4169184290030232
MATH · 审计敏感性,15.55891238670695,-12.235649546827796
MATH · 审计敏感性,19.486404833836858,-7.552870090634443
MATH · 审计敏感性,18.50453172205438,-6.797583081570998
MATH · 审计敏感性,18.768882175226587,-7.779456193353477
MATH · 审计敏感性,18.240181268882175,-5.211480362537769
MATH · 审计敏感性,14.50151057401813,-15.256797583081578
MATH · 审计敏感性,16.200906344410875,-11.706948640483386
MATH · 审计敏感性,16.616314199395774,-10.120845921450151
MATH · 审计敏感性,15.596676737160122,-13.972809667673719
MATH · 审计敏感性,19.18429003021148,-5.13595166163142
MATH · 审计敏感性,20.996978851963746,-3.1722054380664666
MATH · 审计敏感性,0.0,0.0
MATH · 审计敏感性,12.235649546827792,-16.465256797583077
MATH · 审计敏感性,13.670694864048336,-14.652567975830813
MATH · 审计敏感性,14.992447129909367,-14.123867069486405
MATH · 审计敏感性,17.67371601208459,-2.4169184290030223
MATH · 审计敏感性,29.7583081570997,-59.5166163141994
