horizon,factor,loss_of_score,ecdf
12,0.5,-0.5853680303680022,0.001001001001001001
12,0.5,-0.48806556968287396,0.002002002002002002
12,0.5,1.6007793861932527,0.003003003003003003
12,0.5,2.0700397485297373,0.004004004004004004
12,0.5,2.2127055485484775,0.005005005005005005
12,0.5,2.283800860295486,0.006006006006006006
12,0.5,2.5109749981615366,0.007007007007007007
12,0.5,2.5264616821949204,0.008008008008008008
12,0.5,2.5566871473386215,0.009009009009009009
12,0.5,2.5707425113449105,0.01001001001001001
12,0.5,2.5784983681015845,0.011011011011011011
12,0.5,2.786445927568394,0.012012012012012012
12,0.5,2.8253418804570813,0.013013013013013013
12,0.5,2.8727658708612154,0.014014014014014014
12,0.5,2.9969340516419933,0.015015015015015015
12,0.5,3.022694884553623,0.016016016016016016
12,0.5,3.127297478007179,0.01701701701701702
12,0.5,3.15306730813856,0.018018018018018018
12,0.5,3.1679961923907385,0.01901901901901902
12,0.5,3.176569591642746,0.02002002002002002
12,0.5,3.2364743624089627,0.021021021021021023
12,0.5,3.265021163230273,0.022022022022022022
12,0.5,3.267337528877718,0.023023023023023025
12,0.5,3.30530274692871,0.024024024024024024
12,0.5,3.3100608171525465,0.025025025025025027
12,0.5,3.3105397190848436,0.026026026026026026
12,0.5,3.387750375555406,0.02702702702702703
12,0.5,3.3925099245238215,0.028028028028028028
12,0.5,3.398267351731505,0.02902902902902903
12,0.5,3.481194955476198,0.03003003003003003
12,0.5,3.4837621019509086,0.031031031031031032
12,0.5,3.501374956788915,0.03203203203203203
12,0.5,3.6836461619985883,0.03303303303303303
12,0.5,3.696145460217096,0.03403403403403404
12,0.5,3.696184037553074,0.035035035035035036
12,0.5,3.7057070461708363,0.036036036036036036
12,0.5,3.7888328228712425,0.037037037037037035
12,0.5,3.790116622092519,0.03803803803803804
12,0.5,3.8061918014816953,0.03903903903903904
12,0.5,3.8160564435082804,0.04004004004004004
12,0.5,3.836489100088798,0.04104104104104104
12,0.5,3.839850763824497,0.042042042042042045
12,0.5,3.8807674271092694,0.043043043043043044
12,0.5,3.887855350189369,0.044044044044044044
12,0.5,3.899994031370966,0.04504504504504504
12,0.5,3.9607652479899826,0.04604604604604605
12,0.5,3.9856351942878234,0.04704704704704705
12,0.5,4.043402611673123,0.04804804804804805
12,0.5,4.067272820163851,0.04904904904904905
12,0.5,4.078684564520707,0.05005005005005005
12,0.5,4.128065064907162,0.05105105105105105
12,0.5,4.149775954590574,0.05205205205205205
12,0.5,4.180670485696361,0.05305305305305305
12,0.5,4.191864739409077,0.05405405405405406
12,0.5,4.213443737142143,0.055055055055055056
12,0.5,4.299187505489776,0.056056056056056056
12,0.5,4.3061037903311785,0.057057057057057055
12,0.5,4.3315693247783,0.05805805805805806
12,0.5,4.34042692578533,0.05905905905905906
12,0.5,4.346492004361593,0.06006006006006006
12,0.5,4.347074045069931,0.06106106106106106
12,0.5,4.350746076049404,0.062062062062062065
12,0.5,4.361501706088681,0.06306306306306306
12,0.5,4.369440095785144,0.06406406406406406
12,0.5,4.382440376165981,0.06506506506506507
12,0.5,4.3912358608666295,0.06606606606606606
12,0.5,4.436953241663701,0.06706706706706707
12,0.5,4.441056992686093,0.06806806806806807
12,0.5,4.468922883064934,0.06906906906906907
12,0.5,4.48225322783113,0.07007007007007007
12,0.5,4.486187223738575,0.07107107107107107
12,0.5,4.486871611853161,0.07207207207207207
12,0.5,4.491668146245843,0.07307307307307308
12,0.5,4.4953359770459755,0.07407407407407407
12,0.5,4.544670292045367,0.07507507507507508
12,0.5,4.558983133038346,0.07607607607607608
12,0.5,4.567522673070918,0.07707707707707707
12,0.5,4.608344406171739,0.07807807807807808
12,0.5,4.6163519039253345,0.07907907907907907
12,0.5,4.645862895540162,0.08008008008008008
12,0.5,4.650834171793505,0.08108108108108109
12,0.5,4.66084948756405,0.08208208208208208
12,0.5,4.665977182547465,0.08308308308308308
12,0.5,4.6859764407274085,0.08408408408408409
12,0.5,4.69591336147019,0.08508508508508508
12,0.5,4.720060018948523,0.08608608608608609
12,0.5,4.721419122927237,0.08708708708708708
12,0.5,4.7504089455075444,0.08808808808808809
12,0.5,4.774740911837974,0.0890890890890891
12,0.5,4.784435191474252,0.09009009009009009
12,0.5,4.802302806200352,0.09109109109109109
12,0.5,4.808382670465406,0.0920920920920921
12,0.5,4.810004895853673,0.09309309309309309
12,0.5,4.810664862017603,0.0940940940940941
12,0.5,4.8187782025993755,0.09509509509509509
12,0.5,4.829770998898837,0.0960960960960961
12,0.5,4.829890502352008,0.0970970970970971
12,0.5,4.842761765343653,0.0980980980980981
12,0.5,4.859231085587318,0.0990990990990991
12,0.5,4.881398995024988,0.1001001001001001
12,0.5,4.890307570604193,0.1011011011011011
12,0.5,4.917823795360064,0.1021021021021021
12,0.5,4.924664851965062,0.1031031031031031
12,0.5,4.9248726444300175,0.1041041041041041
12,0.5,4.926038635035269,0.10510510510510511
12,0.5,4.93367705116691,0.1061061061061061
12,0.5,4.93585667422947,0.10710710710710711
12,0.5,4.943609037843636,0.10810810810810811
12,0.5,4.964993536162716,0.1091091091091091
12,0.5,4.979216490159466,0.11011011011011011
12,0.5,4.99051111630844,0.1111111111111111
12,0.5,5.009667547793931,0.11211211211211211
12,0.5,5.015337562385497,0.11311311311311312
12,0.5,5.032204531059847,0.11411411411411411
12,0.5,5.058815724155082,0.11511511511511512
12,0.5,5.095055396725186,0.11611611611611612
12,0.5,5.145770835520281,0.11711711711711711
12,0.5,5.150545850836679,0.11811811811811812
12,0.5,5.153514175333257,0.11911911911911911
12,0.5,5.156917840507752,0.12012012012012012
12,0.5,5.164927955983785,0.12112112112112113
12,0.5,5.180347527895826,0.12212212212212212
12,0.5,5.192011059472826,0.12312312312312312
12,0.5,5.212227535008239,0.12412412412412413
12,0.5,5.222691926147405,0.12512512512512514
12,0.5,5.224597555719157,0.12612612612612611
12,0.5,5.239722504170679,0.12712712712712712
12,0.5,5.24750095745739,0.12812812812812813
12,0.5,5.2525182349668995,0.12912912912912913
12,0.5,5.267728663981806,0.13013013013013014
12,0.5,5.269640772071014,0.13113113113113112
12,0.5,5.292458134289596,0.13213213213213212
12,0.5,5.294558087178132,0.13313313313313313
12,0.5,5.297810802474245,0.13413413413413414
12,0.5,5.308542925747901,0.13513513513513514
12,0.5,5.314487212421902,0.13613613613613615
12,0.5,5.330032795271734,0.13713713713713713
12,0.5,5.3390041182880665,0.13813813813813813
12,0.5,5.3459570996816055,0.13913913913913914
12,0.5,5.355780845162329,0.14014014014014015
12,0.5,5.362442178693115,0.14114114114114115
12,0.5,5.371193817551934,0.14214214214214213
12,0.5,5.378645810808621,0.14314314314314314
12,0.5,5.385939111887446,0.14414414414414414
12,0.5,5.393766872982944,0.14514514514514515
12,0.5,5.399103629914968,0.14614614614614616
12,0.5,5.400665293401829,0.14714714714714713
12,0.5,5.4277610594691765,0.14814814814814814
12,0.5,5.4282753464749405,0.14914914914914915
12,0.5,5.428786331110572,0.15015015015015015
12,0.5,5.463021624485378,0.15115115115115116
12,0.5,5.464982749096087,0.15215215215215216
12,0.5,5.480421456893055,0.15315315315315314
12,0.5,5.484585575670444,0.15415415415415415
12,0.5,5.498214322641957,0.15515515515515516
12,0.5,5.5481068413235946,0.15615615615615616
12,0.5,5.554906488709065,0.15715715715715717
12,0.5,5.561718023322662,0.15815815815815815
12,0.5,5.563479302455029,0.15915915915915915
12,0.5,5.586325181096967,0.16016016016016016
12,0.5,5.616357433543413,0.16116116116116116
12,0.5,5.617525350487,0.16216216216216217
12,0.5,5.6502703640462855,0.16316316316316315
12,0.5,5.650557684931542,0.16416416416416416
12,0.5,5.662625192617263,0.16516516516516516
12,0.5,5.668922289281056,0.16616616616616617
12,0.5,5.671703416642792,0.16716716716716717
12,0.5,5.675979278392724,0.16816816816816818
12,0.5,5.682581924612798,0.16916916916916916
12,0.5,5.687031436743119,0.17017017017017017
12,0.5,5.69474902047515,0.17117117117117117
12,0.5,5.713301085299669,0.17217217217217218
12,0.5,5.725287715474984,0.17317317317317318
12,0.5,5.762430195319432,0.17417417417417416
12,0.5,5.765657232140924,0.17517517517517517
12,0.5,5.769828434585186,0.17617617617617617
12,0.5,5.787857061657746,0.17717717717717718
12,0.5,5.793103363833936,0.1781781781781782
12,0.5,5.809108279471616,0.17917917917917917
12,0.5,5.809823738598425,0.18018018018018017
12,0.5,5.817221002932804,0.18118118118118118
12,0.5,5.822037050165065,0.18218218218218218
12,0.5,5.835897732619557,0.1831831831831832
12,0.5,5.860713810122306,0.1841841841841842
12,0.5,5.8645650081800795,0.18518518518518517
12,0.5,5.878199890277642,0.18618618618618618
12,0.5,5.896933049282779,0.1871871871871872
12,0.5,5.913922947013447,0.1881881881881882
12,0.5,5.93727150549924,0.1891891891891892
12,0.5,5.943202552816004,0.19019019019019018
12,0.5,5.971491481660813,0.19119119119119118
12,0.5,5.980441740166675,0.1921921921921922
12,0.5,5.9859153341744715,0.1931931931931932
12,0.5,5.986720287375739,0.1941941941941942
12,0.5,5.993062359580087,0.19519519519519518
12,0.5,6.003648124061513,0.1961961961961962
12,0.5,6.02262283201248,0.1971971971971972
12,0.5,6.031010789826453,0.1981981981981982
12,0.5,6.033450121506007,0.1991991991991992
12,0.5,6.034106262024629,0.2002002002002002
12,0.5,6.037626236505503,0.2012012012012012
12,0.5,6.041944998674907,0.2022022022022022
12,0.5,6.0456685054288855,0.2032032032032032
12,0.5,6.047570077171393,0.2042042042042042
12,0.5,6.054684062330708,0.20520520520520522
12,0.5,6.056939680287549,0.2062062062062062
12,0.5,6.057460458630224,0.2072072072072072
12,0.5,6.058990472696792,0.2082082082082082
12,0.5,6.064464984388103,0.2092092092092092
12,0.5,6.068995614419563,0.21021021021021022
12,0.5,6.07732693393524,0.21121121121121122
12,0.5,6.08946451267137,0.2122122122122122
12,0.5,6.100569612550672,0.2132132132132132
12,0.5,6.123280734744917,0.21421421421421422
12,0.5,6.128200996717055,0.21521521521521522
12,0.5,6.131241199031578,0.21621621621621623
12,0.5,6.133970527357654,0.2172172172172172
12,0.5,6.1410386801418255,0.2182182182182182
12,0.5,6.155749315116722,0.21921921921921922
12,0.5,6.157335920458969,0.22022022022022023
12,0.5,6.165286877714479,0.22122122122122123
12,0.5,6.174290557559509,0.2222222222222222
12,0.5,6.1757884789228115,0.22322322322322322
12,0.5,6.176390309531662,0.22422422422422422
12,0.5,6.182556442642763,0.22522522522522523
12,0.5,6.186015262472132,0.22622622622622623
12,0.5,6.193793232023474,0.22722722722722724
12,0.5,6.207920229810647,0.22822822822822822
12,0.5,6.249358386826977,0.22922922922922923
12,0.5,6.249805662403979,0.23023023023023023
12,0.5,6.257350810984029,0.23123123123123124
12,0.5,6.265277406329908,0.23223223223223224
12,0.5,6.293897326632418,0.23323323323323322
12,0.5,6.307414914906012,0.23423423423423423
12,0.5,6.323171160814226,0.23523523523523523
12,0.5,6.335920691948971,0.23623623623623624
12,0.5,6.345212481201379,0.23723723723723725
12,0.5,6.3487067096341505,0.23823823823823823
12,0.5,6.3585879674995525,0.23923923923923923
12,0.5,6.362161059036183,0.24024024024024024
12,0.5,6.372900888027644,0.24124124124124124
12,0.5,6.373952342536555,0.24224224224224225
12,0.5,6.3842502877706835,0.24324324324324326
12,0.5,6.390117633362735,0.24424424424424424
12,0.5,6.393845847560662,0.24524524524524524
12,0.5,6.406040087709215,0.24624624624624625
12,0.5,6.418539837682346,0.24724724724724725
12,0.5,6.423212886568891,0.24824824824824826
12,0.5,6.4310794099872695,0.24924924924924924
12,0.5,6.432596317428427,0.2502502502502503
12,0.5,6.433663919492197,0.25125125125125125
12,0.5,6.438536324279212,0.25225225225225223
12,0.5,6.448287692499534,0.25325325325325326
12,0.5,6.4496192407802795,0.25425425425425424
12,0.5,6.452772445983413,0.2552552552552553
12,0.5,6.4613328633557146,0.25625625625625625
12,0.5,6.472593397208115,0.25725725725725723
12,0.5,6.4818666420342055,0.25825825825825827
12,0.5,6.486260004885125,0.25925925925925924
12,0.5,6.4865953127482285,0.2602602602602603
12,0.5,6.496757417951947,0.26126126126126126
12,0.5,6.497037977806478,0.26226226226226224
12,0.5,6.505893697318257,0.26326326326326327
12,0.5,6.508195013174131,0.26426426426426425
12,0.5,6.527942462558663,0.2652652652652653
12,0.5,6.530318890362679,0.26626626626626626
12,0.5,6.540466983636264,0.2672672672672673
12,0.5,6.550050660827431,0.2682682682682683
12,0.5,6.5539100457391015,0.26926926926926925
12,0.5,6.591672084006603,0.2702702702702703
12,0.5,6.600454082874762,0.27127127127127126
12,0.5,6.61099857873905,0.2722722722722723
12,0.5,6.611034101441739,0.2732732732732733
12,0.5,6.620857579954674,0.27427427427427425
12,0.5,6.630763550096603,0.2752752752752753
12,0.5,6.6543705853962365,0.27627627627627627
12,0.5,6.65457817121834,0.2772772772772773
12,0.5,6.656692451062142,0.2782782782782783
12,0.5,6.658259080262013,0.27927927927927926
12,0.5,6.659749996736167,0.2802802802802803
12,0.5,6.662193017561677,0.28128128128128127
12,0.5,6.678912452560425,0.2822822822822823
12,0.5,6.687089262848325,0.2832832832832833
12,0.5,6.68712882444148,0.28428428428428426
12,0.5,6.6964780797379575,0.2852852852852853
12,0.5,6.698389500040555,0.2862862862862863
12,0.5,6.698917718706149,0.2872872872872873
12,0.5,6.700088151501099,0.2882882882882883
12,0.5,6.711414040154608,0.28928928928928926
12,0.5,6.712939702643787,0.2902902902902903
12,0.5,6.730265039687922,0.2912912912912913
12,0.5,6.76551161577337,0.2922922922922923
12,0.5,6.76974092959626,0.2932932932932933
12,0.5,6.78798551772536,0.29429429429429427
12,0.5,6.793523413008373,0.2952952952952953
12,0.5,6.80012780851623,0.2962962962962963
12,0.5,6.801204981076069,0.2972972972972973
12,0.5,6.8044579270047905,0.2982982982982983
12,0.5,6.811766116506,0.2992992992992993
12,0.5,6.81226940813103,0.3003003003003003
12,0.5,6.812776133190624,0.3013013013013013
12,0.5,6.814131869445575,0.3023023023023023
12,0.5,6.821093780489186,0.3033033033033033
12,0.5,6.834449658336354,0.30430430430430433
12,0.5,6.8380724785425855,0.3053053053053053
12,0.5,6.838763431714213,0.3063063063063063
12,0.5,6.84493419794719,0.3073073073073073
12,0.5,6.849729426520554,0.3083083083083083
12,0.5,6.852394277911195,0.30930930930930933
12,0.5,6.854692184937555,0.3103103103103103
12,0.5,6.8592512893958855,0.3113113113113113
12,0.5,6.860992600519708,0.3123123123123123
12,0.5,6.867645131397701,0.3133133133133133
12,0.5,6.872869277676159,0.31431431431431434
12,0.5,6.889346824076483,0.3153153153153153
12,0.5,6.908230787430554,0.3163163163163163
12,0.5,6.910446871815836,0.3173173173173173
12,0.5,6.914943519097719,0.3183183183183183
12,0.5,6.918981395540754,0.31931931931931934
12,0.5,6.928248775642331,0.3203203203203203
12,0.5,6.931636110304844,0.3213213213213213
12,0.5,6.943904242989952,0.32232232232232233
12,0.5,6.9449215119495165,0.3233233233233233
12,0.5,6.963420478544641,0.32432432432432434
12,0.5,6.97660688225583,0.3253253253253253
12,0.5,6.979357795566955,0.3263263263263263
12,0.5,6.982822157061776,0.32732732732732733
12,0.5,6.983053211555607,0.3283283283283283
12,0.5,6.985748277775713,0.32932932932932935
12,0.5,6.986312387527491,0.3303303303303303
12,0.5,6.987858665465666,0.33133133133133136
12,0.5,6.988703848444445,0.33233233233233234
12,0.5,6.998787287906069,0.3333333333333333
12,0.5,7.000325053085781,0.33433433433433435
12,0.5,7.003875379450129,0.3353353353353353
12,0.5,7.0241418906778605,0.33633633633633636
12,0.5,7.024764499544176,0.33733733733733734
12,0.5,7.056545153048006,0.3383383383383383
12,0.5,7.068485235661953,0.33933933933933935
12,0.5,7.0733189191560015,0.34034034034034033
12,0.5,7.0914397242227665,0.34134134134134136
12,0.5,7.094060293776337,0.34234234234234234
12,0.5,7.113727542614754,0.3433433433433433
12,0.5,7.114779801279212,0.34434434434434436
12,0.5,7.117991218577444,0.34534534534534533
12,0.5,7.121773993169654,0.34634634634634637
12,0.5,7.1287443253926455,0.34734734734734735
12,0.5,7.148778858284402,0.3483483483483483
12,0.5,7.1568894420942115,0.34934934934934936
12,0.5,7.159446760852688,0.35035035035035034
12,0.5,7.163078231810019,0.35135135135135137
12,0.5,7.182382958639558,0.35235235235235235
12,0.5,7.183650091981804,0.3533533533533533
12,0.5,7.184129406390035,0.35435435435435436
12,0.5,7.186315213085955,0.35535535535535534
12,0.5,7.189815284640687,0.3563563563563564
12,0.5,7.196852191810152,0.35735735735735735
12,0.5,7.202889300407477,0.35835835835835833
12,0.5,7.207951832515938,0.35935935935935936
12,0.5,7.208872083782964,0.36036036036036034
12,0.5,7.209462817549188,0.3613613613613614
12,0.5,7.20996288301648,0.36236236236236236
12,0.5,7.214771777317075,0.3633633633633634
12,0.5,7.215068190541714,0.36436436436436437
12,0.5,7.221074912124848,0.36536536536536535
12,0.5,7.227537603419435,0.3663663663663664
12,0.5,7.233135375669406,0.36736736736736736
12,0.5,7.236462344540286,0.3683683683683684
12,0.5,7.238473867447695,0.36936936936936937
12,0.5,7.267378490199334,0.37037037037037035
12,0.5,7.2687628296249045,0.3713713713713714
12,0.5,7.274243197480054,0.37237237237237236
12,0.5,7.277410886604706,0.3733733733733734
12,0.5,7.279548583465562,0.3743743743743744
12,0.5,7.282456598477381,0.37537537537537535
12,0.5,7.2833741871629485,0.3763763763763764
12,0.5,7.289817712301364,0.37737737737737737
12,0.5,7.291761350358897,0.3783783783783784
12,0.5,7.293659276499156,0.3793793793793794
12,0.5,7.3000639466498285,0.38038038038038036
12,0.5,7.310315758044638,0.3813813813813814
12,0.5,7.324823177553519,0.38238238238238237
12,0.5,7.334490148254396,0.3833833833833834
12,0.5,7.335540931882605,0.3843843843843844
12,0.5,7.336146719852998,0.38538538538538536
12,0.5,7.337506596862582,0.3863863863863864
12,0.5,7.348889531979495,0.38738738738738737
12,0.5,7.350275349280935,0.3883883883883884
12,0.5,7.353208304076816,0.3893893893893894
12,0.5,7.368765378577088,0.39039039039039036
12,0.5,7.369272686749518,0.3913913913913914
12,0.5,7.383039979920483,0.3923923923923924
12,0.5,7.40305547642204,0.3933933933933934
12,0.5,7.403395044342375,0.3943943943943944
12,0.5,7.404606994486208,0.3953953953953954
12,0.5,7.40932508505594,0.3963963963963964
12,0.5,7.415324203151684,0.3973973973973974
12,0.5,7.428690409166563,0.3983983983983984
12,0.5,7.429863945163419,0.3993993993993994
12,0.5,7.436355055279883,0.4004004004004004
12,0.5,7.445388770796278,0.4014014014014014
12,0.5,7.446810837169991,0.4024024024024024
12,0.5,7.459667153563956,0.4034034034034034
12,0.5,7.465064731985478,0.4044044044044044
12,0.5,7.467435918133873,0.40540540540540543
12,0.5,7.480728331581382,0.4064064064064064
12,0.5,7.4822101647300485,0.4074074074074074
12,0.5,7.488055781023178,0.4084084084084084
12,0.5,7.493040076066819,0.4094094094094094
12,0.5,7.494116172363071,0.41041041041041043
12,0.5,7.498946283842201,0.4114114114114114
12,0.5,7.508832690206383,0.4124124124124124
12,0.5,7.510879855973059,0.4134134134134134
12,0.5,7.515477647167629,0.4144144144144144
12,0.5,7.515607413876609,0.41541541541541543
12,0.5,7.527331950917798,0.4164164164164164
12,0.5,7.530107508964363,0.4174174174174174
12,0.5,7.530890339245602,0.4184184184184184
12,0.5,7.53612214254624,0.4194194194194194
12,0.5,7.550835933495279,0.42042042042042044
12,0.5,7.553871902763063,0.4214214214214214
12,0.5,7.554886884588633,0.42242242242242245
12,0.5,7.555459942351995,0.42342342342342343
12,0.5,7.555626207549125,0.4244244244244244
12,0.5,7.5558525991392145,0.42542542542542544
12,0.5,7.556876778586258,0.4264264264264264
12,0.5,7.559310943839819,0.42742742742742745
12,0.5,7.56045967889667,0.42842842842842843
12,0.5,7.568137447568212,0.4294294294294294
12,0.5,7.569556977172255,0.43043043043043044
12,0.5,7.570191364548066,0.4314314314314314
12,0.5,7.57840237626786,0.43243243243243246
12,0.5,7.583450324556551,0.43343343343343343
12,0.5,7.600124755661078,0.4344344344344344
12,0.5,7.6039805070148105,0.43543543543543545
12,0.5,7.608334678062917,0.4364364364364364
12,0.5,7.609033414927296,0.43743743743743746
12,0.5,7.617135299014549,0.43843843843843844
12,0.5,7.635715681533313,0.4394394394394394
12,0.5,7.639100137661117,0.44044044044044045
12,0.5,7.645773307615883,0.44144144144144143
12,0.5,7.649253346955213,0.44244244244244246
12,0.5,7.649334224379693,0.44344344344344344
12,0.5,7.649623034103314,0.4444444444444444
12,0.5,7.6535815591536505,0.44544544544544545
12,0.5,7.676403156407261,0.44644644644644643
12,0.5,7.676655732348763,0.44744744744744747
12,0.5,7.680434701555306,0.44844844844844844
12,0.5,7.683562200029364,0.4494494494494494
12,0.5,7.68581461134314,0.45045045045045046
12,0.5,7.687640996072204,0.45145145145145144
12,0.5,7.694768340174946,0.45245245245245247
12,0.5,7.695648571249357,0.45345345345345345
12,0.5,7.700204653169301,0.4544544544544545
12,0.5,7.701111617176991,0.45545545545545546
12,0.5,7.702178561968367,0.45645645645645644
12,0.5,7.708044575074332,0.4574574574574575
12,0.5,7.708964160433688,0.45845845845845845
12,0.5,7.7132928871068245,0.4594594594594595
12,0.5,7.715253033572587,0.46046046046046046
12,0.5,7.715619621853655,0.46146146146146144
12,0.5,7.716754474864906,0.4624624624624625
12,0.5,7.730362011627946,0.46346346346346345
12,0.5,7.750046051058185,0.4644644644644645
12,0.5,7.754790001498812,0.46546546546546547
12,0.5,7.764227214761604,0.46646646646646645
12,0.5,7.7664938918461885,0.4674674674674675
12,0.5,7.773346390893792,0.46846846846846846
12,0.5,7.7748019694257025,0.4694694694694695
12,0.5,7.776374846109796,0.47047047047047047
12,0.5,7.780575350884924,0.47147147147147145
12,0.5,7.786411629075786,0.4724724724724725
12,0.5,7.788476668956633,0.47347347347347346
12,0.5,7.790592319648425,0.4744744744744745
12,0.5,7.7989802172222795,0.4754754754754755
12,0.5,7.805046736117312,0.47647647647647645
12,0.5,7.806658603230765,0.4774774774774775
12,0.5,7.810309367951007,0.47847847847847846
12,0.5,7.815210694204168,0.4794794794794795
12,0.5,7.819667119889758,0.4804804804804805
12,0.5,7.819832167531359,0.48148148148148145
12,0.5,7.835321785279945,0.4824824824824825
12,0.5,7.836011311725592,0.48348348348348347
12,0.5,7.836226863984791,0.4844844844844845
12,0.5,7.840576035248745,0.4854854854854855
12,0.5,7.845937269631243,0.4864864864864865
12,0.5,7.846850650024457,0.4874874874874875
12,0.5,7.8494449769547145,0.48848848848848847
12,0.5,7.854253571061598,0.4894894894894895
12,0.5,7.855724778292256,0.4904904904904905
12,0.5,7.857605908155783,0.4914914914914915
12,0.5,7.858605273020238,0.4924924924924925
12,0.5,7.860005100944271,0.4934934934934935
12,0.5,7.8646358543288954,0.4944944944944945
12,0.5,7.865536960915129,0.4954954954954955
12,0.5,7.8726316640886935,0.4964964964964965
12,0.5,7.8781173355028,0.4974974974974975
12,0.5,7.881252313934674,0.4984984984984985
12,0.5,7.883843210842869,0.4994994994994995
12,0.5,7.886071214279411,0.5005005005005005
12,0.5,7.887814337621762,0.5015015015015015
12,0.5,7.890152733003717,0.5025025025025025
12,0.5,7.89422656857851,0.5035035035035035
12,0.5,7.899754088896664,0.5045045045045045
12,0.5,7.905772786475666,0.5055055055055055
12,0.5,7.912266913143895,0.5065065065065065
12,0.5,7.917115875648207,0.5075075075075075
12,0.5,7.917921505151014,0.5085085085085085
12,0.5,7.922319227422818,0.5095095095095095
12,0.5,7.922454782224079,0.5105105105105106
12,0.5,7.926730446130577,0.5115115115115115
12,0.5,7.929142378969523,0.5125125125125125
12,0.5,7.931581299420785,0.5135135135135135
12,0.5,7.937992076144063,0.5145145145145145
12,0.5,7.939334939330266,0.5155155155155156
12,0.5,7.945251409563298,0.5165165165165165
12,0.5,7.955656461568957,0.5175175175175175
12,0.5,7.955877963611506,0.5185185185185185
12,0.5,7.96184542888782,0.5195195195195195
12,0.5,7.964804456423693,0.5205205205205206
12,0.5,7.969665227517197,0.5215215215215215
12,0.5,7.975069796411788,0.5225225225225225
12,0.5,7.975578481045417,0.5235235235235235
12,0.5,7.976409823263019,0.5245245245245245
12,0.5,7.986603585973533,0.5255255255255256
12,0.5,7.9909181192388985,0.5265265265265265
12,0.5,7.992929733273542,0.5275275275275275
12,0.5,7.99651710398426,0.5285285285285285
12,0.5,7.996691090841239,0.5295295295295295
12,0.5,7.999500667066151,0.5305305305305306
12,0.5,8.00894004909658,0.5315315315315315
12,0.5,8.011167022508808,0.5325325325325325
12,0.5,8.011984174170891,0.5335335335335335
12,0.5,8.026911378654738,0.5345345345345346
12,0.5,8.030853543743007,0.5355355355355356
12,0.5,8.032706266429571,0.5365365365365365
12,0.5,8.032738223835288,0.5375375375375375
12,0.5,8.03464292181991,0.5385385385385385
12,0.5,8.039484498188408,0.5395395395395396
12,0.5,8.041509602236289,0.5405405405405406
12,0.5,8.042333090607215,0.5415415415415415
12,0.5,8.048324637371287,0.5425425425425425
12,0.5,8.061572597194711,0.5435435435435435
12,0.5,8.067644011029302,0.5445445445445446
12,0.5,8.068018649712215,0.5455455455455456
12,0.5,8.070563643894538,0.5465465465465466
12,0.5,8.074468075843356,0.5475475475475475
12,0.5,8.078048074840936,0.5485485485485485
12,0.5,8.080245330177405,0.5495495495495496
12,0.5,8.082093888150425,0.5505505505505506
12,0.5,8.083666820446112,0.5515515515515516
12,0.5,8.089101570971081,0.5525525525525525
12,0.5,8.096092164256696,0.5535535535535535
12,0.5,8.10177567911736,0.5545545545545546
12,0.5,8.106107066335596,0.5555555555555556
12,0.5,8.108208605283686,0.5565565565565566
12,0.5,8.112382129364349,0.5575575575575575
12,0.5,8.115298819381593,0.5585585585585585
12,0.5,8.11809403296941,0.5595595595595596
12,0.5,8.12086670735961,0.5605605605605606
12,0.5,8.121982011330907,0.5615615615615616
12,0.5,8.123942772989466,0.5625625625625625
12,0.5,8.1295598216442,0.5635635635635635
12,0.5,8.134039702073949,0.5645645645645646
12,0.5,8.135969161977421,0.5655655655655656
12,0.5,8.136891850906302,0.5665665665665666
12,0.5,8.141743322273662,0.5675675675675675
12,0.5,8.14384293038242,0.5685685685685685
12,0.5,8.146415232353682,0.5695695695695696
12,0.5,8.148742758258692,0.5705705705705706
12,0.5,8.15700067202053,0.5715715715715716
12,0.5,8.16809158614167,0.5725725725725725
12,0.5,8.173251218180084,0.5735735735735735
12,0.5,8.175567094226437,0.5745745745745746
12,0.5,8.179679964367722,0.5755755755755756
12,0.5,8.18376884880476,0.5765765765765766
12,0.5,8.184109754063591,0.5775775775775776
12,0.5,8.186840197923395,0.5785785785785785
12,0.5,8.187222585169799,0.5795795795795796
12,0.5,8.199230360541804,0.5805805805805806
12,0.5,8.205026140735725,0.5815815815815816
12,0.5,8.210187165952405,0.5825825825825826
12,0.5,8.21045314955726,0.5835835835835835
12,0.5,8.211345447433715,0.5845845845845846
12,0.5,8.213799879756515,0.5855855855855856
12,0.5,8.214227327254633,0.5865865865865866
12,0.5,8.224164822238848,0.5875875875875876
12,0.5,8.2241721855072,0.5885885885885885
12,0.5,8.243345222780064,0.5895895895895896
12,0.5,8.24552653250948,0.5905905905905906
12,0.5,8.245853693398217,0.5915915915915916
12,0.5,8.248921939915846,0.5925925925925926
12,0.5,8.250266070838919,0.5935935935935935
12,0.5,8.25159719806792,0.5945945945945946
12,0.5,8.253893434068537,0.5955955955955956
12,0.5,8.254752272194168,0.5965965965965966
12,0.5,8.263452694478133,0.5975975975975976
12,0.5,8.267077440511699,0.5985985985985987
12,0.5,8.268784851692828,0.5995995995995996
12,0.5,8.271811725801491,0.6006006006006006
12,0.5,8.2787450857912,0.6016016016016016
12,0.5,8.278811769817928,0.6026026026026026
12,0.5,8.280986654079278,0.6036036036036037
12,0.5,8.282999795799704,0.6046046046046046
12,0.5,8.28415916455235,0.6056056056056056
12,0.5,8.290341497815746,0.6066066066066066
12,0.5,8.290440546516088,0.6076076076076076
12,0.5,8.29210362877825,0.6086086086086087
12,0.5,8.292697500466659,0.6096096096096096
12,0.5,8.29568624226745,0.6106106106106106
12,0.5,8.29794816983005,0.6116116116116116
12,0.5,8.298811778431656,0.6126126126126126
12,0.5,8.299023225739454,0.6136136136136137
12,0.5,8.304840362546756,0.6146146146146146
12,0.5,8.304863294582539,0.6156156156156156
12,0.5,8.307470695410899,0.6166166166166166
12,0.5,8.310804222334603,0.6176176176176176
12,0.5,8.311858859077404,0.6186186186186187
12,0.5,8.31290765938985,0.6196196196196196
12,0.5,8.31391624355716,0.6206206206206206
12,0.5,8.315470307296849,0.6216216216216216
12,0.5,8.317011421697288,0.6226226226226226
12,0.5,8.318641091638838,0.6236236236236237
12,0.5,8.31933099841548,0.6246246246246246
12,0.5,8.324592682558702,0.6256256256256256
12,0.5,8.32686207371868,0.6266266266266266
12,0.5,8.33040794434492,0.6276276276276276
12,0.5,8.334241844550597,0.6286286286286287
12,0.5,8.339431101033625,0.6296296296296297
12,0.5,8.344622416591747,0.6306306306306306
12,0.5,8.345513784920591,0.6316316316316316
12,0.5,8.357612600419394,0.6326326326326326
12,0.5,8.35882203726451,0.6336336336336337
12,0.5,8.363570378723487,0.6346346346346347
12,0.5,8.364061697378958,0.6356356356356356
12,0.5,8.365076592239205,0.6366366366366366
12,0.5,8.370052797506162,0.6376376376376376
12,0.5,8.372803786200194,0.6386386386386387
12,0.5,8.374935792080578,0.6396396396396397
12,0.5,8.386540356731864,0.6406406406406406
12,0.5,8.391213023264953,0.6416416416416416
12,0.5,8.391283536800422,0.6426426426426426
12,0.5,8.393813171363902,0.6436436436436437
12,0.5,8.393967545702253,0.6446446446446447
12,0.5,8.401923574990434,0.6456456456456456
12,0.5,8.416447833655567,0.6466466466466466
12,0.5,8.424958646230358,0.6476476476476476
12,0.5,8.42746731426238,0.6486486486486487
12,0.5,8.43095307502594,0.6496496496496497
12,0.5,8.433530613300192,0.6506506506506506
12,0.5,8.438456581724722,0.6516516516516516
12,0.5,8.441277132959996,0.6526526526526526
12,0.5,8.44184754947102,0.6536536536536537
12,0.5,8.449387248873805,0.6546546546546547
12,0.5,8.456056748293946,0.6556556556556556
12,0.5,8.456483971786696,0.6566566566566566
12,0.5,8.456898208436712,0.6576576576576577
12,0.5,8.457786389952666,0.6586586586586587
12,0.5,8.463578269317708,0.6596596596596597
12,0.5,8.467071373086817,0.6606606606606606
12,0.5,8.46799584905358,0.6616616616616616
12,0.5,8.469149265920592,0.6626626626626627
12,0.5,8.475853856905161,0.6636636636636637
12,0.5,8.4762178302054,0.6646646646646647
12,0.5,8.477601673818917,0.6656656656656657
12,0.5,8.479215945962693,0.6666666666666666
12,0.5,8.481608116827815,0.6676676676676677
12,0.5,8.484320396409203,0.6686686686686687
12,0.5,8.487998900942415,0.6696696696696697
12,0.5,8.492577218516736,0.6706706706706707
12,0.5,8.497714429618,0.6716716716716716
12,0.5,8.502282215869691,0.6726726726726727
12,0.5,8.505570528962352,0.6736736736736737
12,0.5,8.507078093416673,0.6746746746746747
12,0.5,8.50709907213141,0.6756756756756757
12,0.5,8.514180393550163,0.6766766766766766
12,0.5,8.516362262958296,0.6776776776776777
12,0.5,8.521792113251173,0.6786786786786787
12,0.5,8.522107028425822,0.6796796796796797
12,0.5,8.524196413951728,0.6806806806806807
12,0.5,8.525134067696449,0.6816816816816816
12,0.5,8.525523186165067,0.6826826826826827
12,0.5,8.535284561455704,0.6836836836836837
12,0.5,8.537507286484185,0.6846846846846847
12,0.5,8.543718964554209,0.6856856856856857
12,0.5,8.550176914113393,0.6866866866866866
12,0.5,8.55894372348289,0.6876876876876877
12,0.5,8.570353203863213,0.6886886886886887
12,0.5,8.572590031382987,0.6896896896896897
12,0.5,8.587650095587875,0.6906906906906907
12,0.5,8.588678341771498,0.6916916916916916
12,0.5,8.59057640777452,0.6926926926926927
12,0.5,8.593559394170875,0.6936936936936937
12,0.5,8.596075650556962,0.6946946946946947
12,0.5,8.603629835549285,0.6956956956956957
12,0.5,8.623142722582017,0.6966966966966966
12,0.5,8.640626058939503,0.6976976976976977
12,0.5,8.642459355971852,0.6986986986986987
12,0.5,8.643964665970316,0.6996996996996997
12,0.5,8.651655825588215,0.7007007007007007
12,0.5,8.655086518317397,0.7017017017017017
12,0.5,8.658672969196076,0.7027027027027027
12,0.5,8.659071426368996,0.7037037037037037
12,0.5,8.659592216298535,0.7047047047047047
12,0.5,8.663354815120897,0.7057057057057057
12,0.5,8.6669114172077,0.7067067067067067
12,0.5,8.673735377491482,0.7077077077077077
12,0.5,8.691061499121517,0.7087087087087087
12,0.5,8.70167264535759,0.7097097097097097
12,0.5,8.702420775210335,0.7107107107107107
12,0.5,8.704197969538164,0.7117117117117117
12,0.5,8.7047433034652,0.7127127127127127
12,0.5,8.710579157352896,0.7137137137137137
12,0.5,8.710869818025543,0.7147147147147147
12,0.5,8.714844854395203,0.7157157157157157
12,0.5,8.715227509575797,0.7167167167167167
12,0.5,8.72469606267969,0.7177177177177178
12,0.5,8.732704433265155,0.7187187187187187
12,0.5,8.737138216772095,0.7197197197197197
12,0.5,8.744973187092846,0.7207207207207207
12,0.5,8.745130314816983,0.7217217217217218
12,0.5,8.7492355166669,0.7227227227227228
12,0.5,8.75592799365252,0.7237237237237237
12,0.5,8.762614932458348,0.7247247247247247
12,0.5,8.763085263114732,0.7257257257257257
12,0.5,8.7648339056014,0.7267267267267268
12,0.5,8.768162880350545,0.7277277277277278
12,0.5,8.77122597211413,0.7287287287287287
12,0.5,8.780696896669212,0.7297297297297297
12,0.5,8.783446698076325,0.7307307307307307
12,0.5,8.785558492567482,0.7317317317317318
12,0.5,8.794717974350739,0.7327327327327328
12,0.5,8.79629721010496,0.7337337337337337
12,0.5,8.79711370370542,0.7347347347347347
12,0.5,8.79988255562293,0.7357357357357357
12,0.5,8.802545132341677,0.7367367367367368
12,0.5,8.804205640951224,0.7377377377377378
12,0.5,8.808693146516333,0.7387387387387387
12,0.5,8.81147050225077,0.7397397397397397
12,0.5,8.814241419720261,0.7407407407407407
12,0.5,8.816470076809246,0.7417417417417418
12,0.5,8.818039324632892,0.7427427427427428
12,0.5,8.818115965414606,0.7437437437437437
12,0.5,8.820047269310798,0.7447447447447447
12,0.5,8.826008397349327,0.7457457457457457
12,0.5,8.82978438340654,0.7467467467467468
12,0.5,8.830874349280393,0.7477477477477478
12,0.5,8.839076423302075,0.7487487487487487
12,0.5,8.854103762805018,0.7497497497497497
12,0.5,8.854776320728448,0.7507507507507507
12,0.5,8.857877809676353,0.7517517517517518
12,0.5,8.863395344780095,0.7527527527527528
12,0.5,8.867495898771267,0.7537537537537538
12,0.5,8.874537386573671,0.7547547547547547
12,0.5,8.878448713528655,0.7557557557557557
12,0.5,8.878880347770348,0.7567567567567568
12,0.5,8.879654271220843,0.7577577577577578
12,0.5,8.880127723372041,0.7587587587587588
12,0.5,8.888375781408747,0.7597597597597597
12,0.5,8.894384035141059,0.7607607607607607
12,0.5,8.897841355351446,0.7617617617617618
12,0.5,8.902822630828169,0.7627627627627628
12,0.5,8.906261003891089,0.7637637637637638
12,0.5,8.914453302731062,0.7647647647647647
12,0.5,8.91454475372911,0.7657657657657657
12,0.5,8.916763641899927,0.7667667667667668
12,0.5,8.918761350813824,0.7677677677677678
12,0.5,8.92126594608964,0.7687687687687688
12,0.5,8.937117234820462,0.7697697697697697
12,0.5,8.951153471081966,0.7707707707707707
12,0.5,8.964905121924502,0.7717717717717718
12,0.5,8.976751987975824,0.7727727727727728
12,0.5,8.980998817479765,0.7737737737737738
12,0.5,8.983854294031524,0.7747747747747747
12,0.5,8.986165610393996,0.7757757757757757
12,0.5,8.991235169761161,0.7767767767767768
12,0.5,9.003301597070987,0.7777777777777778
12,0.5,9.012978842938054,0.7787787787787788
12,0.5,9.01558677029756,0.7797797797797797
12,0.5,9.016327015293044,0.7807807807807807
12,0.5,9.03083891932765,0.7817817817817818
12,0.5,9.037543584345897,0.7827827827827828
12,0.5,9.037776912497591,0.7837837837837838
12,0.5,9.043289585349584,0.7847847847847848
12,0.5,9.04518382677223,0.7857857857857858
12,0.5,9.056510072517,0.7867867867867868
12,0.5,9.058129592231865,0.7877877877877878
12,0.5,9.066059233736048,0.7887887887887888
12,0.5,9.070174855026394,0.7897897897897898
12,0.5,9.070273860925738,0.7907907907907908
12,0.5,9.078477143657537,0.7917917917917918
12,0.5,9.084065670154011,0.7927927927927928
12,0.5,9.090219543831822,0.7937937937937938
12,0.5,9.0906716693556,0.7947947947947948
12,0.5,9.107110430458505,0.7957957957957958
12,0.5,9.108200932628861,0.7967967967967968
12,0.5,9.113292930629022,0.7977977977977978
12,0.5,9.116057555715244,0.7987987987987988
12,0.5,9.130873009021926,0.7997997997997998
12,0.5,9.1369866257537,0.8008008008008008
12,0.5,9.137799364304882,0.8018018018018018
12,0.5,9.14061161095811,0.8028028028028028
12,0.5,9.144643414661296,0.8038038038038038
12,0.5,9.153105271754896,0.8048048048048048
12,0.5,9.154567867615569,0.8058058058058059
12,0.5,9.157221843580956,0.8068068068068068
12,0.5,9.16237379160178,0.8078078078078078
12,0.5,9.164634656770332,0.8088088088088088
12,0.5,9.167660079594071,0.8098098098098098
12,0.5,9.180491057208776,0.8108108108108109
12,0.5,9.180904372712718,0.8118118118118118
12,0.5,9.182160332264921,0.8128128128128128
12,0.5,9.183823653555244,0.8138138138138138
12,0.5,9.193803341109863,0.8148148148148148
12,0.5,9.195444506626558,0.8158158158158159
12,0.5,9.19702456802898,0.8168168168168168
12,0.5,9.21187594167214,0.8178178178178178
12,0.5,9.211888212480332,0.8188188188188188
12,0.5,9.21196992890409,0.8198198198198198
12,0.5,9.21775289229079,0.8208208208208209
12,0.5,9.218963258396158,0.8218218218218218
12,0.5,9.224880290199756,0.8228228228228228
12,0.5,9.226697914619479,0.8238238238238238
12,0.5,9.227712878601473,0.8248248248248248
12,0.5,9.229005997936142,0.8258258258258259
12,0.5,9.229456928766993,0.8268268268268268
12,0.5,9.22988200009938,0.8278278278278278
12,0.5,9.231021336337385,0.8288288288288288
12,0.5,9.233680120458914,0.8298298298298298
12,0.5,9.2337361986054,0.8308308308308309
12,0.5,9.237386781233468,0.8318318318318318
12,0.5,9.238346065963256,0.8328328328328328
12,0.5,9.243560397389729,0.8338338338338338
12,0.5,9.251774815629602,0.8348348348348348
12,0.5,9.261840683793949,0.8358358358358359
12,0.5,9.277623324268248,0.8368368368368369
12,0.5,9.282470231147691,0.8378378378378378
12,0.5,9.282543267607238,0.8388388388388388
12,0.5,9.301723931898735,0.8398398398398398
12,0.5,9.306693255703792,0.8408408408408409
12,0.5,9.309193549387523,0.8418418418418419
12,0.5,9.312751075789919,0.8428428428428428
12,0.5,9.318503920753642,0.8438438438438438
12,0.5,9.318847399509394,0.8448448448448449
12,0.5,9.321971150025291,0.8458458458458459
12,0.5,9.324222219415631,0.8468468468468469
12,0.5,9.324940425339967,0.8478478478478478
12,0.5,9.326613194360249,0.8488488488488488
12,0.5,9.329242579731925,0.8498498498498499
12,0.5,9.334589071053898,0.8508508508508509
12,0.5,9.338129493324175,0.8518518518518519
12,0.5,9.345741349805408,0.8528528528528528
12,0.5,9.354066246393721,0.8538538538538538
12,0.5,9.356074906189377,0.8548548548548549
12,0.5,9.359739119203539,0.8558558558558559
12,0.5,9.359983030709614,0.8568568568568569
12,0.5,9.366502975632514,0.8578578578578578
12,0.5,9.366831253390245,0.8588588588588588
12,0.5,9.367435009050752,0.8598598598598599
12,0.5,9.376021688683117,0.8608608608608609
12,0.5,9.391991311067798,0.8618618618618619
12,0.5,9.394312741560988,0.8628628628628628
12,0.5,9.397954677311219,0.8638638638638638
12,0.5,9.40042893545671,0.8648648648648649
12,0.5,9.403052907662982,0.8658658658658659
12,0.5,9.424743598174018,0.8668668668668669
12,0.5,9.42930636507245,0.8678678678678678
12,0.5,9.43027386086272,0.8688688688688688
12,0.5,9.433059763676162,0.8698698698698699
12,0.5,9.438769132467073,0.8708708708708709
12,0.5,9.44613449538366,0.8718718718718719
12,0.5,9.453014214010459,0.8728728728728729
12,0.5,9.453241723180547,0.8738738738738738
12,0.5,9.460962066287053,0.8748748748748749
12,0.5,9.468580377683956,0.8758758758758759
12,0.5,9.470168616657332,0.8768768768768769
12,0.5,9.478341887094487,0.8778778778778779
12,0.5,9.49691632176436,0.8788788788788788
12,0.5,9.50354197580993,0.8798798798798799
12,0.5,9.510953432508828,0.8808808808808809
12,0.5,9.51306106802474,0.8818818818818819
12,0.5,9.52017396823689,0.8828828828828829
12,0.5,9.521900500689206,0.8838838838838838
12,0.5,9.53161884785824,0.8848848848848849
12,0.5,9.533013186971118,0.8858858858858859
12,0.5,9.535363628675071,0.8868868868868869
12,0.5,9.535617152625342,0.8878878878878879
12,0.5,9.546900835617123,0.8888888888888888
12,0.5,9.555935440185337,0.8898898898898899
12,0.5,9.563409860851436,0.8908908908908909
12,0.5,9.564216717724008,0.8918918918918919
12,0.5,9.574147925359341,0.8928928928928929
12,0.5,9.574756589092772,0.8938938938938938
12,0.5,9.578236367880137,0.8948948948948949
12,0.5,9.585274658305671,0.8958958958958959
12,0.5,9.585936130295437,0.8968968968968969
12,0.5,9.591746122393182,0.8978978978978979
12,0.5,9.596254557368454,0.8988988988988988
12,0.5,9.596396179984119,0.8998998998998999
12,0.5,9.60951988821327,0.9009009009009009
12,0.5,9.625579732483551,0.9019019019019019
12,0.5,9.635528296680356,0.9029029029029029
12,0.5,9.640210822186432,0.9039039039039038
12,0.5,9.642120857780483,0.9049049049049049
12,0.5,9.645964696977941,0.9059059059059059
12,0.5,9.654238810222203,0.9069069069069069
12,0.5,9.672242251770328,0.9079079079079079
12,0.5,9.673761343901397,0.908908908908909
12,0.5,9.704798449146125,0.9099099099099099
12,0.5,9.717424184236101,0.9109109109109109
12,0.5,9.722816925870255,0.9119119119119119
12,0.5,9.730184435771577,0.9129129129129129
12,0.5,9.73131000873142,0.913913913913914
12,0.5,9.734135032028718,0.914914914914915
12,0.5,9.739461321608985,0.9159159159159159
12,0.5,9.74058898337369,0.9169169169169169
12,0.5,9.766876959039067,0.9179179179179179
12,0.5,9.77194471030451,0.918918918918919
12,0.5,9.805565005684585,0.91991991991992
12,0.5,9.810004435970782,0.9209209209209209
12,0.5,9.810112590900921,0.9219219219219219
12,0.5,9.81859529548769,0.9229229229229229
12,0.5,9.825820118330391,0.923923923923924
12,0.5,9.82722727513331,0.924924924924925
12,0.5,9.829724942770738,0.9259259259259259
12,0.5,9.849358745870333,0.9269269269269269
12,0.5,9.856728063897087,0.9279279279279279
12,0.5,9.861903019928626,0.928928928928929
12,0.5,9.871753514418117,0.92992992992993
12,0.5,9.87287838155276,0.9309309309309309
12,0.5,9.873304732527757,0.9319319319319319
12,0.5,9.877738724832327,0.9329329329329329
12,0.5,9.883634514510078,0.933933933933934
12,0.5,9.884051592709554,0.934934934934935
12,0.5,9.91506587531218,0.9359359359359359
12,0.5,9.919088171262025,0.9369369369369369
12,0.5,9.938515505793845,0.9379379379379379
12,0.5,9.942635569804693,0.938938938938939
12,0.5,9.95296580151581,0.93993993993994
12,0.5,9.974424667249707,0.9409409409409409
12,0.5,9.981564036659812,0.9419419419419419
12,0.5,10.016673592296634,0.9429429429429429
12,0.5,10.020361841612115,0.943943943943944
12,0.5,10.035592073629005,0.944944944944945
12,0.5,10.043366014685112,0.9459459459459459
12,0.5,10.07732748005489,0.9469469469469469
12,0.5,10.090708899101081,0.9479479479479479
12,0.5,10.094966454751209,0.948948948948949
12,0.5,10.117641238239344,0.94994994994995
12,0.5,10.126572612227505,0.950950950950951
12,0.5,10.128889071531049,0.9519519519519519
12,0.5,10.137179122715978,0.9529529529529529
12,0.5,10.143904023654486,0.953953953953954
12,0.5,10.1493513112433,0.954954954954955
12,0.5,10.161035941149265,0.955955955955956
12,0.5,10.182838185996516,0.9569569569569569
12,0.5,10.197306215596008,0.9579579579579579
12,0.5,10.201639027432371,0.958958958958959
12,0.5,10.216884690446491,0.95995995995996
12,0.5,10.22528289129071,0.960960960960961
12,0.5,10.226407540916611,0.9619619619619619
12,0.5,10.269177878439564,0.9629629629629629
12,0.5,10.272708099442596,0.963963963963964
12,0.5,10.337053525955959,0.964964964964965
12,0.5,10.345335648448113,0.965965965965966
12,0.5,10.37521114332683,0.9669669669669669
12,0.5,10.38953244850331,0.9679679679679679
12,0.5,10.401945395366397,0.968968968968969
12,0.5,10.41729731098932,0.96996996996997
12,0.5,10.435133551503675,0.970970970970971
12,0.5,10.449399428227892,0.9719719719719719
12,0.5,10.54088439106794,0.972972972972973
12,0.5,10.556039490155712,0.973973973973974
12,0.5,10.577364653022656,0.974974974974975
12,0.5,10.578906685737735,0.975975975975976
12,0.5,10.605327587059193,0.9769769769769769
12,0.5,10.610659729842084,0.977977977977978
12,0.5,10.661548918596566,0.978978978978979
12,0.5,10.665765133361461,0.97997997997998
12,0.5,10.674231759372404,0.980980980980981
12,0.5,10.72925641519221,0.9819819819819819
12,0.5,10.73015483147811,0.982982982982983
12,0.5,10.75567453404048,0.983983983983984
12,0.5,10.798006020786488,0.984984984984985
12,0.5,10.822347932388034,0.985985985985986
12,0.5,10.901671069854551,0.986986986986987
12,0.5,10.903684159762165,0.987987987987988
12,0.5,10.904152186455676,0.988988988988989
12,0.5,10.930467276485572,0.98998998998999
12,0.5,10.967159855742388,0.990990990990991
12,0.5,10.983884100177903,0.991991991991992
12,0.5,11.087663188061377,0.992992992992993
12,0.5,11.109537236526833,0.993993993993994
12,0.5,11.114068469517328,0.994994994994995
12,0.5,11.316373779962,0.995995995995996
12,0.5,11.35652373631384,0.996996996996997
12,0.5,11.521359053064828,0.997997997997998
12,0.5,11.581400037400194,0.998998998998999
12,0.5,12.025195308824372,1.0
12,0.25,-0.8783072302783239,0.001001001001001001
12,0.25,-0.7346912403785701,0.002002002002002002
12,0.25,2.3866445334681963,0.003003003003003003
12,0.25,3.095138512620302,0.004004004004004004
12,0.25,3.2967176174536306,0.005005005005005005
12,0.25,3.426570505651,0.006006006006006006
12,0.25,3.726589467521297,0.007007007007007007
12,0.25,3.7658341621665627,0.008008008008008008
12,0.25,3.804292272834246,0.009009009009009009
12,0.25,3.8431724720040847,0.01001001001001001
12,0.25,3.906618902275831,0.011011011011011011
12,0.25,4.148456636950513,0.012012012012012012
12,0.25,4.209491319568002,0.013013013013013013
12,0.25,4.285827407002678,0.014014014014014014
12,0.25,4.430638315138381,0.015015015015015015
12,0.25,4.492349609881984,0.016016016016016016
12,0.25,4.6674503437871095,0.01701701701701702
12,0.25,4.685490025102091,0.018018018018018018
12,0.25,4.702410647892911,0.01901901901901902
12,0.25,4.711218437385092,0.02002002002002002
12,0.25,4.840081869235668,0.021021021021021023
12,0.25,4.874428956365314,0.022022022022022022
12,0.25,4.908952230184191,0.023023023023023025
12,0.25,4.909999392595488,0.024024024024024024
12,0.25,4.914045451334516,0.025025025025025027
12,0.25,4.940426323246896,0.026026026026026026
12,0.25,5.029394008817967,0.02702702702702703
12,0.25,5.051819242674114,0.028028028028028028
12,0.25,5.052318698018603,0.02902902902902903
12,0.25,5.185215427446934,0.03003003003003003
12,0.25,5.195122906963704,0.031031031031031032
12,0.25,5.3405914621203365,0.03203203203203203
12,0.25,5.492791559315535,0.03303303303303303
12,0.25,5.494809704164062,0.03403403403403404
12,0.25,5.511370107101726,0.035035035035035036
12,0.25,5.51345604497633,0.036036036036036036
12,0.25,5.57249582557489,0.037037037037037035
12,0.25,5.617410555316127,0.03803803803803804
12,0.25,5.643681785353678,0.03903903903903904
12,0.25,5.673855669972852,0.04004004004004004
12,0.25,5.708764838124175,0.04104104104104104
12,0.25,5.718745674973434,0.042042042042042045
12,0.25,5.784626563934161,0.043043043043043044
12,0.25,5.7894539102817575,0.044044044044044044
12,0.25,5.80717180866489,0.04504504504504504
12,0.25,5.903315559363264,0.04604604604604605
12,0.25,5.93167468304145,0.04704704704704705
12,0.25,6.026707642626107,0.04804804804804805
12,0.25,6.064659931997589,0.04904904904904905
12,0.25,6.144643459568414,0.05005005005005005
12,0.25,6.185570310665163,0.05105105105105105
12,0.25,6.223316911046631,0.05205205205205205
12,0.25,6.247092655052164,0.05305305305305305
12,0.25,6.279548908913959,0.05405405405405406
12,0.25,6.383289967755239,0.055055055055055056
12,0.25,6.40706156476687,0.056056056056056056
12,0.25,6.411143518944542,0.057057057057057055
12,0.25,6.435494719868139,0.05805805805805806
12,0.25,6.468479303845584,0.05905905905905906
12,0.25,6.478287237690381,0.06006006006006006
12,0.25,6.493080998084167,0.06106106106106106
12,0.25,6.497053303727924,0.062062062062062065
12,0.25,6.51400280546941,0.06306306306306306
12,0.25,6.514640586740207,0.06406406406406406
12,0.25,6.532471797061255,0.06506506506506507
12,0.25,6.589203272416874,0.06606606606606606
12,0.25,6.621574382479167,0.06706706706706707
12,0.25,6.626225169115692,0.06806806806806807
12,0.25,6.627902229449539,0.06906906906906907
12,0.25,6.664235472255903,0.07007007007007007
12,0.25,6.686820676547065,0.07107107107107107
12,0.25,6.687264369460529,0.07207207207207207
12,0.25,6.6896124819225875,0.07307307307307308
12,0.25,6.752150187747517,0.07407407407407407
12,0.25,6.752988357144808,0.07507507507507508
12,0.25,6.770572410016982,0.07607607607607608
12,0.25,6.774247906918212,0.07707707707707707
12,0.25,6.821334535665997,0.07807807807807808
12,0.25,6.8896037753730965,0.07907907907907907
12,0.25,6.937016690536915,0.08008008008008008
12,0.25,6.943119458213758,0.08108108108108109
12,0.25,6.948103729216129,0.08208208208208208
12,0.25,6.9598016916050085,0.08308308308308308
12,0.25,6.9670840519890405,0.08408408408408409
12,0.25,6.990859564206197,0.08508508508508508
12,0.25,7.022296458484156,0.08608608608608609
12,0.25,7.029150838948688,0.08708708708708708
12,0.25,7.039936331574708,0.08808808808808809
12,0.25,7.081554148150772,0.0890890890890891
12,0.25,7.138346704599591,0.09009009009009009
12,0.25,7.146095610330725,0.09109109109109109
12,0.25,7.146260517630651,0.0920920920920921
12,0.25,7.160389432835672,0.09309309309309309
12,0.25,7.196327881711277,0.0940940940940941
12,0.25,7.234630930979897,0.09509509509509509
12,0.25,7.24020126502532,0.0960960960960961
12,0.25,7.258179880941938,0.0970970970970971
12,0.25,7.259928260760326,0.0980980980980981
12,0.25,7.28217591854937,0.0990990990990991
12,0.25,7.297692277477346,0.1001001001001001
12,0.25,7.302502327214334,0.1011011011011011
12,0.25,7.315434216079389,0.1021021021021021
12,0.25,7.32455050459015,0.1031031031031031
12,0.25,7.341025759254663,0.1041041041041041
12,0.25,7.353820036475,0.10510510510510511
12,0.25,7.372538231152049,0.1061061061061061
12,0.25,7.3762534750326765,0.10710710710710711
12,0.25,7.42356636266652,0.10810810810810811
12,0.25,7.45414285706147,0.1091091091091091
12,0.25,7.466097773077408,0.11011011011011011
12,0.25,7.470026632044203,0.1111111111111111
12,0.25,7.507210512972769,0.11211211211211211
12,0.25,7.51082769792945,0.11311311311311312
12,0.25,7.540880829622971,0.11411411411411411
12,0.25,7.61652710808643,0.11511511511511512
12,0.25,7.637476163772192,0.11611611611611612
12,0.25,7.68126737903955,0.11711711711711711
12,0.25,7.68541819045398,0.11811811811811812
12,0.25,7.689831096087012,0.11911911911911911
12,0.25,7.7105393287974735,0.12012012012012012
12,0.25,7.713852174742456,0.12112112112112113
12,0.25,7.721203887270256,0.12212212212212212
12,0.25,7.7653705804834985,0.12312312312312312
12,0.25,7.801179540747306,0.12412412412412413
12,0.25,7.811599756207983,0.12512512512512514
12,0.25,7.825112451842315,0.12612612612612611
12,0.25,7.829727453818656,0.12712712712712712
12,0.25,7.8532183638706385,0.12812812812812813
12,0.25,7.871349590806695,0.12912912912912913
12,0.25,7.880411598118869,0.13013013013013014
12,0.25,7.916225599539729,0.13113113113113112
12,0.25,7.931940541018669,0.13213213213213212
12,0.25,7.933439127140666,0.13313313313313313
12,0.25,7.937844333458308,0.13413413413413414
12,0.25,7.940494947068693,0.13513513513513514
12,0.25,7.940968790109203,0.13613613613613615
12,0.25,7.979178986044921,0.13713713713713713
12,0.25,8.000712842910175,0.13813813813813813
12,0.25,8.00957697372474,0.13913913913913914
12,0.25,8.016416309497579,0.14014014014014015
12,0.25,8.017544445356819,0.14114114114114115
12,0.25,8.028332564366607,0.14214214214214213
12,0.25,8.046631692106821,0.14314314314314314
12,0.25,8.060287444618943,0.14414414414414414
12,0.25,8.06443721911176,0.14514514514514515
12,0.25,8.082459289823973,0.14614614614614616
12,0.25,8.107069549878027,0.14714714714714713
12,0.25,8.10969043146524,0.14814814814814814
12,0.25,8.136577349468183,0.14914914914914915
12,0.25,8.142145027327679,0.15015015015015015
12,0.25,8.175600876369678,0.15115115115115116
12,0.25,8.176384427199338,0.15215215215215216
12,0.25,8.192902093023832,0.15315315315315314
12,0.25,8.196433093799868,0.15415415415415415
12,0.25,8.203296407801218,0.15515515515515516
12,0.25,8.255627442150242,0.15615615615615616
12,0.25,8.296403884884114,0.15715715715715717
12,0.25,8.327171001189207,0.15815815815815815
12,0.25,8.32759244675902,0.15915915915915915
12,0.25,8.33292579797996,0.16016016016016016
12,0.25,8.37046197337709,0.16116116116116116
12,0.25,8.377887539270638,0.16216216216216217
12,0.25,8.395608637027891,0.16316316316316315
12,0.25,8.412637129774133,0.16416416416416416
12,0.25,8.428955906328142,0.16516516516516516
12,0.25,8.434596631532663,0.16616616616616617
12,0.25,8.459639092477111,0.16716716716716717
12,0.25,8.48788328256677,0.16816816816816818
12,0.25,8.507292134558554,0.16916916916916916
12,0.25,8.519656101936697,0.17017017017017017
12,0.25,8.590747727948624,0.17117117117117117
12,0.25,8.596136569775574,0.17217217217217218
12,0.25,8.600098274117833,0.17317317317317318
12,0.25,8.603184652231086,0.17417417417417416
12,0.25,8.623937267277789,0.17517517517517517
12,0.25,8.637684044892822,0.17617617617617617
12,0.25,8.64704983608808,0.17717717717717718
12,0.25,8.648501494820984,0.1781781781781782
12,0.25,8.660220333009981,0.17917917917917917
12,0.25,8.677530279226275,0.18018018018018017
12,0.25,8.690913052775727,0.18118118118118118
12,0.25,8.70400752439501,0.18218218218218218
12,0.25,8.704886206952317,0.1831831831831832
12,0.25,8.743995355503017,0.1841841841841842
12,0.25,8.755790054416728,0.18518518518518517
12,0.25,8.819494943679338,0.18618618618618618
12,0.25,8.845163013471897,0.1871871871871872
12,0.25,8.849538630654386,0.1881881881881882
12,0.25,8.863770083871955,0.1891891891891892
12,0.25,8.870022659085514,0.19019019019019018
12,0.25,8.898487469847133,0.19119119119119118
12,0.25,8.943155534826758,0.1921921921921922
12,0.25,8.944456826031534,0.1931931931931932
12,0.25,8.9920078543635,0.1941941941941942
12,0.25,9.014258197682317,0.19519519519519518
12,0.25,9.015620462833581,0.1961961961961962
12,0.25,9.01600414645133,0.1971971971971972
12,0.25,9.018517182849529,0.1981981981981982
12,0.25,9.02098798652817,0.1991991991991992
12,0.25,9.027380748653108,0.2002002002002002
12,0.25,9.028658929286642,0.2012012012012012
12,0.25,9.038123213990986,0.2022022022022022
12,0.25,9.047471511381332,0.2032032032032032
12,0.25,9.049086330459524,0.2042042042042042
12,0.25,9.05052797481379,0.20520520520520522
12,0.25,9.057923852869685,0.2062062062062062
12,0.25,9.059253031669058,0.2072072072072072
12,0.25,9.061381017833156,0.2082082082082082
12,0.25,9.0672304217509,0.2092092092092092
12,0.25,9.091339387954008,0.21021021021021022
12,0.25,9.139005409530327,0.21121121121121122
12,0.25,9.140574628221309,0.2122122122122122
12,0.25,9.142910185910289,0.2132132132132132
12,0.25,9.151598503740502,0.21421421421421422
12,0.25,9.169248079996784,0.21521521521521522
12,0.25,9.183431774207179,0.21621621621621623
12,0.25,9.185046264266767,0.2172172172172172
12,0.25,9.193613062308984,0.2182182182182182
12,0.25,9.197390580832376,0.21921921921921922
12,0.25,9.20284619140125,0.22022022022022023
12,0.25,9.219622446708307,0.22122122122122123
12,0.25,9.222560563341588,0.2222222222222222
12,0.25,9.245116634089776,0.22322322322322322
12,0.25,9.250566774135777,0.22422422422422422
12,0.25,9.258425145595567,0.22522522522522523
12,0.25,9.260683525387783,0.22622622622622623
12,0.25,9.271228760007133,0.22722722722722724
12,0.25,9.292346989424175,0.22822822822822822
12,0.25,9.295168436509293,0.22922922922922923
12,0.25,9.326718349047638,0.23023023023023023
12,0.25,9.33572848708404,0.23123123123123124
12,0.25,9.389451777423922,0.23223223223223224
12,0.25,9.399643506756398,0.23323323323323322
12,0.25,9.407552063199546,0.23423423423423423
12,0.25,9.42354903214936,0.23523523523523523
12,0.25,9.434655283421378,0.23623623623623624
12,0.25,9.443092649690229,0.23723723723723725
12,0.25,9.488870537504084,0.23823823823823823
12,0.25,9.511780273485456,0.23923923923923923
12,0.25,9.515271926180311,0.24024024024024024
12,0.25,9.519066404976464,0.24124124124124124
12,0.25,9.546522409926773,0.24224224224224225
12,0.25,9.547979991409491,0.24324324324324326
12,0.25,9.553193199078358,0.24424424424424424
12,0.25,9.587847078963485,0.24524524524524524
12,0.25,9.602197951753539,0.24624624624624625
12,0.25,9.617575369839386,0.24724724724724725
12,0.25,9.628349109009683,0.24824824824824826
12,0.25,9.658729848670788,0.24924924924924924
12,0.25,9.664866425974338,0.2502502502502503
12,0.25,9.674300033483284,0.25125125125125125
12,0.25,9.678019809930987,0.25225225225225223
12,0.25,9.679164404411559,0.25325325325325326
12,0.25,9.684365987743796,0.25425425425425424
12,0.25,9.684543325522334,0.2552552552552553
12,0.25,9.699765929500167,0.25625625625625625
12,0.25,9.703839255518893,0.25725725725725723
12,0.25,9.706549083192556,0.25825825825825827
12,0.25,9.718333539745124,0.25925925925925924
12,0.25,9.718550540472691,0.2602602602602603
12,0.25,9.721374726922782,0.26126126126126126
12,0.25,9.726086224458747,0.26226226226226224
12,0.25,9.726128685083715,0.26326326326326327
12,0.25,9.74784745052471,0.26426426426426425
12,0.25,9.774031164583828,0.2652652652652653
12,0.25,9.790898389944516,0.26626626626626626
12,0.25,9.79636687016015,0.2672672672672673
12,0.25,9.813235457470299,0.2682682682682683
12,0.25,9.853543967961826,0.26926926926926925
12,0.25,9.874664926267883,0.2702702702702703
12,0.25,9.915836699825704,0.27127127127127126
12,0.25,9.924287730413397,0.2722722722722723
12,0.25,9.958648461785849,0.2732732732732733
12,0.25,9.968055296133173,0.27427427427427425
12,0.25,9.977752289191486,0.2752752752752753
12,0.25,9.985232089171276,0.27627627627627627
12,0.25,9.986145800020651,0.2772772772772773
12,0.25,9.992208485094366,0.2782782782782783
12,0.25,9.99368654404887,0.27927927927927926
12,0.25,10.00624401706871,0.2802802802802803
12,0.25,10.030543437552659,0.28128128128128127
12,0.25,10.031825922536363,0.2822822822822823
12,0.25,10.048916488347508,0.2832832832832833
12,0.25,10.080948600108123,0.28428428428428426
12,0.25,10.122058481408963,0.2852852852852853
12,0.25,10.146475556269763,0.2862862862862863
12,0.25,10.148277454754108,0.2872872872872873
12,0.25,10.152784523078445,0.2882882882882883
12,0.25,10.154245154176408,0.28928928928928926
12,0.25,10.160026966504333,0.2902902902902903
12,0.25,10.171045548497105,0.2912912912912913
12,0.25,10.200381350285546,0.2922922922922923
12,0.25,10.208385970002325,0.2932932932932933
12,0.25,10.227785137577143,0.29429429429429427
12,0.25,10.238732390828332,0.2952952952952953
12,0.25,10.24092757615849,0.2962962962962963
12,0.25,10.275412473608732,0.2972972972972973
12,0.25,10.27662577346581,0.2982982982982983
12,0.25,10.290630902165546,0.2992992992992993
12,0.25,10.293056712274485,0.3003003003003003
12,0.25,10.30344421831461,0.3013013013013013
12,0.25,10.310093384329761,0.3023023023023023
12,0.25,10.310423191219584,0.3033033033033033
12,0.25,10.319633538431788,0.30430430430430433
12,0.25,10.322211047992042,0.3053053053053053
12,0.25,10.328406169839482,0.3063063063063063
12,0.25,10.33340560409684,0.3073073073073073
12,0.25,10.337638489608551,0.3083083083083083
12,0.25,10.342353315300294,0.30930930930930933
12,0.25,10.363508829119695,0.3103103103103103
12,0.25,10.427681263681613,0.3113113113113113
12,0.25,10.436882429570908,0.3123123123123123
12,0.25,10.443188723009143,0.3133133133133133
12,0.25,10.44875923126731,0.31431431431431434
12,0.25,10.456574940665384,0.3153153153153153
12,0.25,10.462764009363937,0.3163163163163163
12,0.25,10.474177062935425,0.3173173173173173
12,0.25,10.477722762878543,0.3183183183183183
12,0.25,10.495026280140827,0.31931931931931934
12,0.25,10.512799028757364,0.3203203203203203
12,0.25,10.518436583613891,0.3213213213213213
12,0.25,10.54472870821838,0.32232232232232233
12,0.25,10.550717453736468,0.3233233233233233
12,0.25,10.559903704950024,0.32432432432432434
12,0.25,10.576989236814867,0.3253253253253253
12,0.25,10.586783933429238,0.3263263263263263
12,0.25,10.58783335995139,0.32732732732732733
12,0.25,10.597586652207887,0.3283283283283283
12,0.25,10.618083852080431,0.32932932932932935
12,0.25,10.632108009774996,0.3303303303303303
12,0.25,10.645915246526684,0.33133133133133136
12,0.25,10.655926840180022,0.33233233233233234
12,0.25,10.67753705098044,0.3333333333333333
12,0.25,10.688523894081158,0.33433433433433435
12,0.25,10.692239020982434,0.3353353353353353
12,0.25,10.695525342632152,0.33633633633633636
12,0.25,10.703597489093667,0.33733733733733734
12,0.25,10.705113356461993,0.3383383383383383
12,0.25,10.739059581490224,0.33933933933933935
12,0.25,10.74611245666545,0.34034034034034033
12,0.25,10.748508524954062,0.34134134134134136
12,0.25,10.75831313911663,0.34234234234234234
12,0.25,10.768502337471645,0.3433433433433433
12,0.25,10.776257687923653,0.34434434434434436
12,0.25,10.778075767299633,0.34534534534534533
12,0.25,10.780091785283112,0.34634634634634637
12,0.25,10.81796957015974,0.34734734734734735
12,0.25,10.82979400323552,0.3483483483483483
12,0.25,10.835850721997389,0.34934934934934936
12,0.25,10.84224968007635,0.35035035035035034
12,0.25,10.849022332081255,0.35135135135135137
12,0.25,10.85276196062506,0.35235235235235235
12,0.25,10.860294836970965,0.3533533533533533
12,0.25,10.862799176659166,0.35435435435435436
12,0.25,10.870810786451997,0.35535535535535534
12,0.25,10.876852702504593,0.3563563563563564
12,0.25,10.877908641409263,0.35735735735735735
12,0.25,10.887588072326295,0.35835835835835833
12,0.25,10.909343000283329,0.35935935935935936
12,0.25,10.911384054374643,0.36036036036036034
12,0.25,10.928719384376222,0.3613613613613614
12,0.25,10.950491896461187,0.36236236236236236
12,0.25,10.959077481727967,0.3633633633633634
12,0.25,10.971244947823038,0.36436436436436437
12,0.25,10.977044323307311,0.36536536536536535
12,0.25,10.979389846432454,0.3663663663663664
12,0.25,10.987760240173422,0.36736736736736736
12,0.25,10.993103452336548,0.3683683683683684
12,0.25,11.018336680420298,0.36936936936936937
12,0.25,11.035884613783999,0.37037037037037035
12,0.25,11.03594404907006,0.3713713713713714
12,0.25,11.046813583696874,0.37237237237237236
12,0.25,11.053694974936334,0.3733733733733734
12,0.25,11.062610268622613,0.3743743743743744
12,0.25,11.062621216734314,0.37537537537537535
12,0.25,11.06954568947576,0.3763763763763764
12,0.25,11.070759761540792,0.37737737737737737
12,0.25,11.093512199544406,0.3783783783783784
12,0.25,11.100688572577909,0.3793793793793794
12,0.25,11.1027173415618,0.38038038038038036
12,0.25,11.121996295085651,0.3813813813813814
12,0.25,11.128385183361814,0.38238238238238237
12,0.25,11.134059311890816,0.3833833833833834
12,0.25,11.136299664142335,0.3843843843843844
12,0.25,11.157695146048795,0.38538538538538536
12,0.25,11.159275680081535,0.3863863863863864
12,0.25,11.165719934220313,0.38738738738738737
12,0.25,11.199991201762998,0.3883883883883884
12,0.25,11.20686127916801,0.3893893893893894
12,0.25,11.215103007986286,0.39039039039039036
12,0.25,11.252470569743437,0.3913913913913914
12,0.25,11.27440977938707,0.3923923923923924
12,0.25,11.276300177587764,0.3933933933933934
12,0.25,11.278811927567531,0.3943943943943944
12,0.25,11.290558959576558,0.3953953953953954
12,0.25,11.291968560451025,0.3963963963963964
12,0.25,11.295452878419667,0.3973973973973974
12,0.25,11.313660134355807,0.3983983983983984
12,0.25,11.315746088658315,0.3993993993993994
12,0.25,11.335413076557344,0.4004004004004004
12,0.25,11.338959747660027,0.4014014014014014
12,0.25,11.343614338831166,0.4024024024024024
12,0.25,11.344554579761244,0.4034034034034034
12,0.25,11.370458645725392,0.4044044044044044
12,0.25,11.383326219630653,0.40540540540540543
12,0.25,11.384414062359426,0.4064064064064064
12,0.25,11.39613777712131,0.4074074074074074
12,0.25,11.406107280443948,0.4084084084084084
12,0.25,11.410633159976335,0.4094094094094094
12,0.25,11.416918590128837,0.41041041041041043
12,0.25,11.419990920191871,0.4114114114114114
12,0.25,11.448844918772515,0.4124124124124124
12,0.25,11.467275615203114,0.4134134134134134
12,0.25,11.472894476213682,0.4144144144144144
12,0.25,11.479326783296045,0.41541541541541543
12,0.25,11.479410253098145,0.4164164164164164
12,0.25,11.482368530558766,0.4174174174174174
12,0.25,11.492632150742097,0.4184184184184184
12,0.25,11.493854103271808,0.4194194194194194
12,0.25,11.5028113002802,0.42042042042042044
12,0.25,11.535270207007883,0.4214214214214214
12,0.25,11.545260124530984,0.42242242242242245
12,0.25,11.54554496880884,0.42342342342342343
12,0.25,11.553456336534964,0.4244244244244244
12,0.25,11.561754162691464,0.42542542542542544
12,0.25,11.571132328753045,0.4264264264264264
12,0.25,11.581897648654056,0.42742742742742745
12,0.25,11.58430390918943,0.42842842842842843
12,0.25,11.58649983906971,0.4294294294294294
12,0.25,11.589196334307651,0.43043043043043044
12,0.25,11.598541452775088,0.4314314314314314
12,0.25,11.614946841244567,0.43243243243243246
12,0.25,11.620252440805977,0.43343343343343343
12,0.25,11.62044873531972,0.4344344344344344
12,0.25,11.62779083039365,0.43543543543543545
12,0.25,11.635400887375049,0.4364364364364364
12,0.25,11.638335480647868,0.43743743743743746
12,0.25,11.64201590568782,0.43843843843843844
12,0.25,11.648744447360066,0.4394394394394394
12,0.25,11.648892036637605,0.44044044044044045
12,0.25,11.6500008586018,0.44144144144144143
12,0.25,11.653174068360869,0.44244244244244246
12,0.25,11.660451234131578,0.44344344344344344
12,0.25,11.662189328414343,0.4444444444444444
12,0.25,11.678399535185271,0.44544544544544545
12,0.25,11.685599040805222,0.44644644644644643
12,0.25,11.690388122057591,0.44744744744744747
12,0.25,11.693866075888025,0.44844844844844844
12,0.25,11.704860405596577,0.4494494494494494
12,0.25,11.710016669641774,0.45045045045045046
12,0.25,11.718829636637643,0.45145145145145144
12,0.25,11.722421323797,0.45245245245245247
12,0.25,11.72260994433789,0.45345345345345345
12,0.25,11.729014748884957,0.4544544544544545
12,0.25,11.73246931296039,0.45545545545545546
12,0.25,11.735224233413561,0.45645645645645644
12,0.25,11.737053129406661,0.4574574574574575
12,0.25,11.755859147357107,0.45845845845845845
12,0.25,11.758192121252293,0.4594594594594595
12,0.25,11.770893567536135,0.46046046046046046
12,0.25,11.778145407346457,0.46146146146146144
12,0.25,11.785455332722897,0.4624624624624625
12,0.25,11.789358477885628,0.46346346346346345
12,0.25,11.806696921746223,0.4644644644644645
12,0.25,11.810529587633397,0.46546546546546547
12,0.25,11.815658019294496,0.46646646646646645
12,0.25,11.821409598552322,0.4674674674674675
12,0.25,11.824134220839937,0.46846846846846846
12,0.25,11.82899309861542,0.4694694694694695
12,0.25,11.831341244713713,0.47047047047047047
12,0.25,11.832524185341171,0.47147147147147145
12,0.25,11.836335644119899,0.4724724724724725
12,0.25,11.839372899295377,0.47347347347347346
12,0.25,11.841242493726071,0.4744744744744745
12,0.25,11.846057253635706,0.4754754754754755
12,0.25,11.847590822880946,0.47647647647647645
12,0.25,11.8492903326418,0.4774774774774775
12,0.25,11.858187317801658,0.47847847847847846
12,0.25,11.858219841094218,0.4794794794794795
12,0.25,11.86347646683668,0.4804804804804805
12,0.25,11.865297161037887,0.48148148148148145
12,0.25,11.8799658979732,0.4824824824824825
12,0.25,11.894749361417475,0.48348348348348347
12,0.25,11.908148700129594,0.4844844844844845
12,0.25,11.915466343997736,0.4854854854854855
12,0.25,11.924859168283561,0.4864864864864865
12,0.25,11.927913634121168,0.4874874874874875
12,0.25,11.930954856127883,0.48848848848848847
12,0.25,11.94403093068663,0.4894894894894895
12,0.25,11.952910386582637,0.4904904904904905
12,0.25,11.959067062045698,0.4914914914914915
12,0.25,11.96167251975482,0.4924924924924925
12,0.25,11.963908532884524,0.4934934934934935
12,0.25,11.968986610512289,0.4944944944944945
12,0.25,11.973621550339239,0.4954954954954955
12,0.25,11.977917910105106,0.4964964964964965
12,0.25,11.992257626011273,0.4974974974974975
12,0.25,12.006534530258556,0.4984984984984985
12,0.25,12.006791247315192,0.4994994994994995
12,0.25,12.023977939582068,0.5005005005005005
12,0.25,12.024070157232828,0.5015015015015015
12,0.25,12.037832209666107,0.5025025025025025
12,0.25,12.041558919056122,0.5035035035035035
12,0.25,12.04923770492151,0.5045045045045045
12,0.25,12.050950740337917,0.5055055055055055
12,0.25,12.052726518807447,0.5065065065065065
12,0.25,12.061097042378378,0.5075075075075075
12,0.25,12.091361263646476,0.5085085085085085
12,0.25,12.103470134981038,0.5095095095095095
12,0.25,12.122902211168089,0.5105105105105106
12,0.25,12.124546791319815,0.5115115115115115
12,0.25,12.127672468591797,0.5125125125125125
12,0.25,12.127772473978126,0.5135135135135135
12,0.25,12.135829182763011,0.5145145145145145
12,0.25,12.142476891545556,0.5155155155155156
12,0.25,12.143544087460612,0.5165165165165165
12,0.25,12.160708612653345,0.5175175175175175
12,0.25,12.162986851028954,0.5185185185185185
12,0.25,12.173144066221397,0.5195195195195195
12,0.25,12.175617471865891,0.5205205205205206
12,0.25,12.178879713596757,0.5215215215215215
12,0.25,12.179268389034554,0.5225225225225225
12,0.25,12.181735773984869,0.5235235235235235
12,0.25,12.182670373076107,0.5245245245245245
12,0.25,12.19737344185291,0.5255255255255256
12,0.25,12.197399656190633,0.5265265265265265
12,0.25,12.198596290379527,0.5275275275275275
12,0.25,12.202829707472787,0.5285285285285285
12,0.25,12.224290158815904,0.5295295295295295
12,0.25,12.230817049282678,0.5305305305305306
12,0.25,12.234164964217236,0.5315315315315315
12,0.25,12.238808775448973,0.5325325325325325
12,0.25,12.244301620566162,0.5335335335335335
12,0.25,12.247750272867542,0.5345345345345346
12,0.25,12.254313838362691,0.5355355355355356
12,0.25,12.254506145872696,0.5365365365365365
12,0.25,12.286730923029104,0.5375375375375375
12,0.25,12.29648082122339,0.5385385385385385
12,0.25,12.302950017721543,0.5395395395395396
12,0.25,12.303945193131234,0.5405405405405406
12,0.25,12.311842132162823,0.5415415415415415
12,0.25,12.323763066240701,0.5425425425425425
12,0.25,12.327187694114691,0.5435435435435435
12,0.25,12.335360429973,0.5445445445445446
12,0.25,12.335672719474495,0.5455455455455456
12,0.25,12.338423824908567,0.5465465465465466
12,0.25,12.339185249878469,0.5475475475475475
12,0.25,12.346330592625343,0.5485485485485485
12,0.25,12.349328633388055,0.5495495495495496
12,0.25,12.352457702246667,0.5505505505505506
12,0.25,12.363491749523135,0.5515515515515516
12,0.25,12.378752710814652,0.5525525525525525
12,0.25,12.380062092828858,0.5535535535535535
12,0.25,12.380960004371417,0.5545545545545546
12,0.25,12.389477405284332,0.5555555555555556
12,0.25,12.389618102554394,0.5565565565565566
12,0.25,12.391958514051254,0.5575575575575575
12,0.25,12.392828949569932,0.5585585585585585
12,0.25,12.395198967065092,0.5595595595595596
12,0.25,12.419965293730613,0.5605605605605606
12,0.25,12.420928418023891,0.5615615615615616
12,0.25,12.425599249421055,0.5625625625625625
12,0.25,12.42900566405013,0.5635635635635635
12,0.25,12.450503131191859,0.5645645645645646
12,0.25,12.4567103845201,0.5655655655655656
12,0.25,12.470973388048975,0.5665665665665666
12,0.25,12.479057380705932,0.5675675675675675
12,0.25,12.496877432053509,0.5685685685685685
12,0.25,12.498161746121383,0.5695695695695696
12,0.25,12.505432888858152,0.5705705705705706
12,0.25,12.511426712105319,0.5715715715715716
12,0.25,12.515224915114516,0.5725725725725725
12,0.25,12.516606500218863,0.5735735735735735
12,0.25,12.516952729005098,0.5745745745745746
12,0.25,12.517721938446257,0.5755755755755756
12,0.25,12.523128521692968,0.5765765765765766
12,0.25,12.533192520000263,0.5775775775775776
12,0.25,12.540376402593964,0.5785785785785785
12,0.25,12.544653845045232,0.5795795795795796
12,0.25,12.549554556120206,0.5805805805805806
12,0.25,12.55409102519478,0.5815815815815816
12,0.25,12.563435532094672,0.5825825825825826
12,0.25,12.597430750153876,0.5835835835835835
12,0.25,12.602272244221503,0.5845845845845846
12,0.25,12.604609171859998,0.5855855855855856
12,0.25,12.60641303866067,0.5865865865865866
12,0.25,12.608061803831752,0.5875875875875876
12,0.25,12.608826934753772,0.5885885885885885
12,0.25,12.60964045084313,0.5895895895895896
12,0.25,12.614268849906622,0.5905905905905906
12,0.25,12.61880270414322,0.5915915915915916
12,0.25,12.6290799944762,0.5925925925925926
12,0.25,12.637359529315141,0.5935935935935935
12,0.25,12.637900366248061,0.5945945945945946
12,0.25,12.638321242138495,0.5955955955955956
12,0.25,12.639898473442287,0.5965965965965966
12,0.25,12.652447194498656,0.5975975975975976
12,0.25,12.663115113105171,0.5985985985985987
12,0.25,12.66429420559679,0.5995995995995996
12,0.25,12.669308495383376,0.6006006006006006
12,0.25,12.669673271190653,0.6016016016016016
12,0.25,12.675329682526659,0.6026026026026026
12,0.25,12.680389572711967,0.6036036036036037
12,0.25,12.681125705150116,0.6046046046046046
12,0.25,12.688505897493108,0.6056056056056056
12,0.25,12.715637651746277,0.6066066066066066
12,0.25,12.717228676688812,0.6076076076076076
12,0.25,12.723433852109224,0.6086086086086087
12,0.25,12.726090196623431,0.6096096096096096
12,0.25,12.727886008377084,0.6106106106106106
12,0.25,12.739849471427242,0.6116116116116116
12,0.25,12.742240257504427,0.6126126126126126
12,0.25,12.748855616896883,0.6136136136136137
12,0.25,12.749993993696606,0.6146146146146146
12,0.25,12.755402549599246,0.6156156156156156
12,0.25,12.759961084611433,0.6166166166166166
12,0.25,12.766862518100424,0.6176176176176176
12,0.25,12.773643808171805,0.6186186186186187
12,0.25,12.778556283189012,0.6196196196196196
12,0.25,12.789191739347167,0.6206206206206206
12,0.25,12.797858587051508,0.6216216216216216
12,0.25,12.802712952665708,0.6226226226226226
12,0.25,12.815046656083972,0.6236236236236237
12,0.25,12.81520877633551,0.6246246246246246
12,0.25,12.824633318885134,0.6256256256256256
12,0.25,12.828772790761036,0.6266266266266266
12,0.25,12.831662412864475,0.6276276276276276
12,0.25,12.831711376476804,0.6286286286286287
12,0.25,12.833774919205716,0.6296296296296297
12,0.25,12.847980276068853,0.6306306306306306
12,0.25,12.848514636696038,0.6316316316316316
12,0.25,12.848660056796426,0.6326326326326326
12,0.25,12.866593869563651,0.6336336336336337
12,0.25,12.886499084682889,0.6346346346346347
12,0.25,12.888743285574677,0.6356356356356356
12,0.25,12.89189406561082,0.6366366366366366
12,0.25,12.918303388678822,0.6376376376376376
12,0.25,12.927370413457048,0.6386386386386387
12,0.25,12.939812749437237,0.6396396396396397
12,0.25,12.95062375258614,0.6406406406406406
12,0.25,12.95606979765325,0.6416416416416416
12,0.25,12.970532318711214,0.6426426426426426
12,0.25,12.970857338387788,0.6436436436436437
12,0.25,12.975681189790919,0.6446446446446447
12,0.25,12.981890704192267,0.6456456456456456
12,0.25,12.986818908404032,0.6466466466466466
12,0.25,12.997250644226298,0.6476476476476476
12,0.25,13.000234915204018,0.6486486486486487
12,0.25,13.004061260922683,0.6496496496496497
12,0.25,13.011292096699428,0.6506506506506506
12,0.25,13.016244352564378,0.6516516516516516
12,0.25,13.017008436465076,0.6526526526526526
12,0.25,13.02440331217727,0.6536536536536537
12,0.25,13.032931219300274,0.6546546546546547
12,0.25,13.036353911350972,0.6556556556556556
12,0.25,13.036422665778225,0.6566566566566566
12,0.25,13.03968070637437,0.6576576576576577
12,0.25,13.039702379603725,0.6586586586586587
12,0.25,13.040229455730234,0.6596596596596597
12,0.25,13.047102479238667,0.6606606606606606
12,0.25,13.04996033706987,0.6616616616616616
12,0.25,13.05211991546183,0.6626626626626627
12,0.25,13.058269293817894,0.6636636636636637
12,0.25,13.059976543127696,0.6646646646646647
12,0.25,13.063611372380876,0.6656656656656657
12,0.25,13.065009864350422,0.6666666666666666
12,0.25,13.066276926463274,0.6676676676676677
12,0.25,13.073553175862223,0.6686686686686687
12,0.25,13.08435153754283,0.6696696696696697
12,0.25,13.088938523704769,0.6706706706706707
12,0.25,13.098404208697445,0.6716716716716716
12,0.25,13.100872187861462,0.6726726726726727
12,0.25,13.140382119749638,0.6736736736736737
12,0.25,13.15167334431306,0.6746746746746747
12,0.25,13.15936127999553,0.6756756756756757
12,0.25,13.16793213315556,0.6766766766766766
12,0.25,13.171191812345434,0.6776776776776777
12,0.25,13.181917010682163,0.6786786786786787
12,0.25,13.20087781697093,0.6796796796796797
12,0.25,13.201907933687423,0.6806806806806807
12,0.25,13.219859548908396,0.6816816816816816
12,0.25,13.22361502628327,0.6826826826826827
12,0.25,13.225088199275923,0.6836836836836837
12,0.25,13.226177446730382,0.6846846846846847
12,0.25,13.22899188207532,0.6856856856856857
12,0.25,13.237611182821354,0.6866866866866866
12,0.25,13.239947051871283,0.6876876876876877
12,0.25,13.247781457154815,0.6886886886886887
12,0.25,13.248816742786836,0.6896896896896897
12,0.25,13.252790592447944,0.6906906906906907
12,0.25,13.254415412114533,0.6916916916916916
12,0.25,13.256538630843366,0.6926926926926927
12,0.25,13.260608852356953,0.6936936936936937
12,0.25,13.264525605520276,0.6946946946946947
12,0.25,13.276151241505772,0.6956956956956957
12,0.25,13.279409062225646,0.6966966966966966
12,0.25,13.284973371637989,0.6976976976976977
12,0.25,13.286776872887145,0.6986986986986987
12,0.25,13.289414364865422,0.6996996996996997
12,0.25,13.290091997513883,0.7007007007007007
12,0.25,13.313314257393536,0.7017017017017017
12,0.25,13.328896948429275,0.7027027027027027
12,0.25,13.339385281238869,0.7037037037037037
12,0.25,13.347389078192137,0.7047047047047047
12,0.25,13.3556423595101,0.7057057057057057
12,0.25,13.356236715685696,0.7067067067067067
12,0.25,13.367310014766026,0.7077077077077077
12,0.25,13.369900714864748,0.7087087087087087
12,0.25,13.373877622887932,0.7097097097097097
12,0.25,13.374459677058944,0.7107107107107107
12,0.25,13.376885228359988,0.7117117117117117
12,0.25,13.392742155717706,0.7127127127127127
12,0.25,13.394963967759708,0.7137137137137137
12,0.25,13.40499460136995,0.7147147147147147
12,0.25,13.409590386515944,0.7157157157157157
12,0.25,13.412390649566156,0.7167167167167167
12,0.25,13.412644092427584,0.7177177177177178
12,0.25,13.433216481318325,0.7187187187187187
12,0.25,13.450825619299039,0.7197197197197197
12,0.25,13.45261516830476,0.7207207207207207
12,0.25,13.486630658659408,0.7217217217217218
12,0.25,13.496673932250133,0.7227227227227228
12,0.25,13.499318953068283,0.7237237237237237
12,0.25,13.500206402752838,0.7247247247247247
12,0.25,13.50828095910314,0.7257257257257257
12,0.25,13.513810030510072,0.7267267267267268
12,0.25,13.535282739439609,0.7277277277277278
12,0.25,13.54495255697541,0.7287287287287287
12,0.25,13.55213767285084,0.7297297297297297
12,0.25,13.564423951316769,0.7307307307307307
12,0.25,13.565071519101494,0.7317317317317318
12,0.25,13.570351386344129,0.7327327327327328
12,0.25,13.570607801981694,0.7337337337337337
12,0.25,13.57378076771952,0.7347347347347347
12,0.25,13.606308573294605,0.7357357357357357
12,0.25,13.623355536384096,0.7367367367367368
12,0.25,13.62689078285586,0.7377377377377378
12,0.25,13.638033862676743,0.7387387387387387
12,0.25,13.649934425832107,0.7397397397397397
12,0.25,13.65240655420299,0.7407407407407407
12,0.25,13.653987052915674,0.7417417417417418
12,0.25,13.666571412225444,0.7427427427427428
12,0.25,13.66843724291222,0.7437437437437437
12,0.25,13.675937818402879,0.7447447447447447
12,0.25,13.679812939603856,0.7457457457457457
12,0.25,13.68312760576525,0.7467467467467468
12,0.25,13.692806953351628,0.7477477477477478
12,0.25,13.69917355260624,0.7487487487487487
12,0.25,13.716907697181327,0.7497497497497497
12,0.25,13.725636585300528,0.7507507507507507
12,0.25,13.729340308644687,0.7517517517517518
12,0.25,13.73202009448758,0.7527527527527528
12,0.25,13.752818827415133,0.7537537537537538
12,0.25,13.75700336093633,0.7547547547547547
12,0.25,13.781067869530503,0.7557557557557557
12,0.25,13.78926962670635,0.7567567567567568
12,0.25,13.792336211225773,0.7577577577577578
12,0.25,13.793763782932658,0.7587587587587588
12,0.25,13.797222791612924,0.7597597597597597
12,0.25,13.808609936741036,0.7607607607607607
12,0.25,13.80903301857689,0.7617617617617618
12,0.25,13.81933971102201,0.7627627627627628
12,0.25,13.82493630920969,0.7637637637637638
12,0.25,13.841129032653491,0.7647647647647647
12,0.25,13.848104869976666,0.7657657657657657
12,0.25,13.873342233654597,0.7667667667667668
12,0.25,13.882540794056645,0.7677677677677678
12,0.25,13.893019399771845,0.7687687687687688
12,0.25,13.897681635241653,0.7697697697697697
12,0.25,13.902863694720217,0.7707707707707707
12,0.25,13.924338021173988,0.7717717717717718
12,0.25,13.929485099881099,0.7727727727727728
12,0.25,13.933919524819188,0.7737737737737738
12,0.25,13.94145136411614,0.7747747747747747
12,0.25,13.945709616315256,0.7757757757757757
12,0.25,13.952276803203397,0.7767767767767768
12,0.25,13.959281786709724,0.7777777777777778
12,0.25,13.960610504716648,0.7787787787787788
12,0.25,13.970601050652682,0.7797797797797797
12,0.25,13.975385697541604,0.7807807807807807
12,0.25,13.986942282672715,0.7817817817817818
12,0.25,13.987355501805595,0.7827827827827828
12,0.25,13.988574359204392,0.7837837837837838
12,0.25,13.994377234979495,0.7847847847847848
12,0.25,14.013869150732617,0.7857857857857858
12,0.25,14.018607504248308,0.7867867867867868
12,0.25,14.019827779916582,0.7877877877877878
12,0.25,14.022213070226485,0.7887887887887888
12,0.25,14.03526254536633,0.7897897897897898
12,0.25,14.049101141969473,0.7907907907907908
12,0.25,14.054335865099567,0.7917917917917918
12,0.25,14.059454393224307,0.7927927927927928
12,0.25,14.061513287581143,0.7937937937937938
12,0.25,14.065503463543642,0.7947947947947948
12,0.25,14.08597266754387,0.7957957957957958
12,0.25,14.09788056332497,0.7967967967967968
12,0.25,14.10995465442339,0.7977977977977978
12,0.25,14.113620816375992,0.7987987987987988
12,0.25,14.113664196765427,0.7997997997997998
12,0.25,14.127522806204453,0.8008008008008008
12,0.25,14.131289389483868,0.8018018018018018
12,0.25,14.134300367873202,0.8028028028028028
12,0.25,14.142719539879707,0.8038038038038038
12,0.25,14.144146965778148,0.8048048048048048
12,0.25,14.187419612347512,0.8058058058058059
12,0.25,14.19086108546071,0.8068068068068068
12,0.25,14.192709081717936,0.8078078078078078
12,0.25,14.203299312991682,0.8088088088088088
12,0.25,14.227307593421074,0.8098098098098098
12,0.25,14.228779544084361,0.8108108108108109
12,0.25,14.235734285119953,0.8118118118118118
12,0.25,14.236972018481453,0.8128128128128128
12,0.25,14.24006248624599,0.8138138138138138
12,0.25,14.241732027837855,0.8148148148148148
12,0.25,14.244814219542803,0.8158158158158159
12,0.25,14.247936733155072,0.8168168168168168
12,0.25,14.263962873670046,0.8178178178178178
12,0.25,14.278299722728036,0.8188188188188188
12,0.25,14.278755154198024,0.8198198198198198
12,0.25,14.290474873921568,0.8208208208208209
12,0.25,14.305930247095773,0.8218218218218218
12,0.25,14.34010597457555,0.8228228228228228
12,0.25,14.354062323863857,0.8238238238238238
12,0.25,14.363835212604904,0.8248248248248248
12,0.25,14.372691870072444,0.8258258258258259
12,0.25,14.375732486276036,0.8268268268268268
12,0.25,14.388518434701027,0.8278278278278278
12,0.25,14.389069510296338,0.8288288288288288
12,0.25,14.391526506870044,0.8298298298298298
12,0.25,14.396030091946123,0.8308308308308309
12,0.25,14.39661378430376,0.8318318318318318
12,0.25,14.410801572547761,0.8328328328328328
12,0.25,14.411312909138388,0.8338338338338338
12,0.25,14.44508614063352,0.8348348348348348
12,0.25,14.445299261995494,0.8358358358358359
12,0.25,14.4467432398665,0.8368368368368369
12,0.25,14.457492473415556,0.8378378378378378
12,0.25,14.462475051433344,0.8388388388388388
12,0.25,14.468311734540563,0.8398398398398398
12,0.25,14.472649643296776,0.8408408408408409
12,0.25,14.474036198541178,0.8418418418418419
12,0.25,14.475570709439701,0.8428428428428428
12,0.25,14.476454420496829,0.8438438438438438
12,0.25,14.476834652770584,0.8448448448448449
12,0.25,14.479844599969624,0.8458458458458459
12,0.25,14.480874776054321,0.8468468468468469
12,0.25,14.486096171588642,0.8478478478478478
12,0.25,14.503654122515059,0.8488488488488488
12,0.25,14.511588790567892,0.8498498498498499
12,0.25,14.527288714055537,0.8508508508508509
12,0.25,14.552131824764793,0.8518518518518519
12,0.25,14.554034439730188,0.8528528528528528
12,0.25,14.561469957341593,0.8538538538538538
12,0.25,14.58019093728673,0.8548548548548549
12,0.25,14.586030924765112,0.8558558558558559
12,0.25,14.589746850005767,0.8568568568568569
12,0.25,14.598863401221777,0.8578578578578578
12,0.25,14.602195458867598,0.8588588588588588
12,0.25,14.611499639831017,0.8598598598598599
12,0.25,14.612539321412306,0.8608608608608609
12,0.25,14.6272923631972,0.8618618618618619
12,0.25,14.631763981550648,0.8628628628628628
12,0.25,14.63274849873202,0.8638638638638638
12,0.25,14.642558504279393,0.8648648648648649
12,0.25,14.657891240707272,0.8658658658658659
12,0.25,14.658628309438491,0.8668668668668669
12,0.25,14.660615361005725,0.8678678678678678
12,0.25,14.685469216393741,0.8688688688688688
12,0.25,14.686537787951742,0.8698698698698699
12,0.25,14.688580929937842,0.8708708708708709
12,0.25,14.696202756647367,0.8718718718718719
12,0.25,14.73601131845598,0.8728728728728729
12,0.25,14.745646990685806,0.8738738738738738
12,0.25,14.751456449157885,0.8748748748748749
12,0.25,14.753847938070408,0.8758758758758759
12,0.25,14.770955643509929,0.8768768768768769
12,0.25,14.780430054892655,0.8778778778778779
12,0.25,14.789491764048208,0.8788788788788788
12,0.25,14.790671584163476,0.8798798798798799
12,0.25,14.79609349640912,0.8808808808808809
12,0.25,14.796444691659381,0.8818818818818819
12,0.25,14.829451188588713,0.8828828828828829
12,0.25,14.833311936558239,0.8838838838838838
12,0.25,14.849548194484157,0.8848848848848849
12,0.25,14.849862711078067,0.8858858858858859
12,0.25,14.851088578998336,0.8868868868868869
12,0.25,14.853961999267128,0.8878878878878879
12,0.25,14.854312649617412,0.8888888888888888
12,0.25,14.861066982098428,0.8898898898898899
12,0.25,14.864139033724612,0.8908908908908909
12,0.25,14.883667515613077,0.8918918918918919
12,0.25,14.904686498399776,0.8928928928928929
12,0.25,14.924708332404052,0.8938938938938938
12,0.25,14.937919673442465,0.8948948948948949
12,0.25,14.938874465724993,0.8958958958958959
12,0.25,14.946219591766365,0.8968968968968969
12,0.25,14.965975622483867,0.8978978978978979
12,0.25,14.970513906994235,0.8988988988988988
12,0.25,14.97300472713303,0.8998998998998999
12,0.25,14.990450414033006,0.9009009009009009
12,0.25,15.008328677494646,0.9019019019019019
12,0.25,15.028294983894682,0.9029029029029029
12,0.25,15.030314393788913,0.9039039039039038
12,0.25,15.034088057086677,0.9049049049049049
12,0.25,15.060960962493127,0.9059059059059059
12,0.25,15.064022967205752,0.9069069069069069
12,0.25,15.067249511847898,0.9079079079079079
12,0.25,15.079928787834731,0.908908908908909
12,0.25,15.080068949395653,0.9099099099099099
12,0.25,15.086652790819116,0.9109109109109109
12,0.25,15.090783018633033,0.9119119119119119
12,0.25,15.093639401773686,0.9129129129129129
12,0.25,15.09439995485289,0.913913913913914
12,0.25,15.102010581342768,0.914914914914915
12,0.25,15.105057200708117,0.9159159159159159
12,0.25,15.11509195869985,0.9169169169169169
12,0.25,15.118339949445357,0.9179179179179179
12,0.25,15.126392299101838,0.918918918918919
12,0.25,15.133432716636108,0.91991991991992
12,0.25,15.136247666176246,0.9209209209209209
12,0.25,15.197723187863936,0.9219219219219219
12,0.25,15.199724502446614,0.9229229229229229
12,0.25,15.211974319807446,0.923923923923924
12,0.25,15.212077434026007,0.924924924924925
12,0.25,15.217030007774412,0.9259259259259259
12,0.25,15.221527758654723,0.9269269269269269
12,0.25,15.23295541520671,0.9279279279279279
12,0.25,15.23550382810896,0.928928928928929
12,0.25,15.240353925289917,0.92992992992993
12,0.25,15.242354669277269,0.9309309309309309
12,0.25,15.252580619757637,0.9319319319319319
12,0.25,15.26293987930731,0.9329329329329329
12,0.25,15.338579543537016,0.933933933933934
12,0.25,15.3482149712191,0.934934934934935
12,0.25,15.356639754717278,0.9359359359359359
12,0.25,15.383900276464907,0.9369369369369369
12,0.25,15.385410851736694,0.9379379379379379
12,0.25,15.388529489872461,0.938938938938939
12,0.25,15.436224455537747,0.93993993993994
12,0.25,15.44068797259537,0.9409409409409409
12,0.25,15.474304446506395,0.9419419419419419
12,0.25,15.477477463413663,0.9429429429429429
12,0.25,15.514948402776604,0.943943943943944
12,0.25,15.563547887692991,0.944944944944945
12,0.25,15.596584062485448,0.9459459459459459
12,0.25,15.602098710050385,0.9469469469469469
12,0.25,15.641267865884856,0.9479479479479479
12,0.25,15.641734956984351,0.948948948948949
12,0.25,15.65052011877765,0.94994994994995
12,0.25,15.675460315110968,0.950950950950951
12,0.25,15.678017194925822,0.9519519519519519
12,0.25,15.689440196605048,0.9529529529529529
12,0.25,15.711187777938008,0.953953953953954
12,0.25,15.751711803050718,0.954954954954955
12,0.25,15.876412605382185,0.955955955955956
12,0.25,15.87847194014062,0.9569569569569569
12,0.25,15.923152944231362,0.9579579579579579
12,0.25,15.936304952010254,0.958958958958959
12,0.25,15.93827447575488,0.95995995995996
12,0.25,15.951829862825093,0.960960960960961
12,0.25,15.975814206462907,0.9619619619619619
12,0.25,15.992468592948953,0.9629629629629629
12,0.25,16.07291738649821,0.963963963963964
12,0.25,16.104584367436004,0.964964964964965
12,0.25,16.14425741364468,0.965965965965966
12,0.25,16.158620646895827,0.9669669669669669
12,0.25,16.214013138999263,0.9679679679679679
12,0.25,16.22661627235118,0.968968968968969
12,0.25,16.334588619311234,0.96996996996997
12,0.25,16.3558833205841,0.970970970970971
12,0.25,16.415972524730243,0.9719719719719719
12,0.25,16.438416159243026,0.972972972972973
12,0.25,16.438889682587913,0.973973973973974
12,0.25,16.43918712930224,0.974974974974975
12,0.25,16.443665391205883,0.975975975975976
12,0.25,16.50162059174314,0.9769769769769769
12,0.25,16.503547745579404,0.977977977977978
12,0.25,16.56679626187016,0.978978978978979
12,0.25,16.580086197632795,0.97997997997998
12,0.25,16.595488466401726,0.980980980980981
12,0.25,16.621889929402464,0.9819819819819819
12,0.25,16.663547958921924,0.982982982982983
12,0.25,16.71406665381474,0.983983983983984
12,0.25,16.775359068182446,0.984984984984985
12,0.25,16.975005262445016,0.985985985985986
12,0.25,17.015932181558384,0.986986986986987
12,0.25,17.045608516991102,0.987987987987988
12,0.25,17.056293232034825,0.988988988988989
12,0.25,17.143660627646348,0.98998998998999
12,0.25,17.15366906611078,0.990990990990991
12,0.25,17.19390819248712,0.991991991991992
12,0.25,17.250052739819125,0.992992992992993
12,0.25,17.2641593245436,0.993993993993994
12,0.25,17.284696273935147,0.994994994994995
12,0.25,17.439395208645983,0.995995995995996
12,0.25,17.64202728313184,0.996996996996997
12,0.25,17.666929017214642,0.997997997997998
12,0.25,18.11001116058155,0.998998998998999
12,0.25,18.81960689429509,1.0
24,0.5,-1.168144241273886,0.001001001001001001
24,0.5,-0.9553126331102675,0.002002002002002002
24,0.5,3.3283291231054903,0.003003003003003003
24,0.5,3.947838603069883,0.004004004004004004
24,0.5,4.195244999099735,0.005005005005005005
24,0.5,4.5282108082610435,0.006006006006006006
24,0.5,4.576189121525289,0.007007007007007007
24,0.5,5.200677214049094,0.008008008008008008
24,0.5,5.303798490153262,0.009009009009009009
24,0.5,5.307506755338828,0.01001001001001001
24,0.5,5.315907083241719,0.011011011011011011
24,0.5,5.765092643411677,0.012012012012012012
24,0.5,5.817903330274824,0.013013013013013013
24,0.5,5.946412151021313,0.014014014014014014
24,0.5,6.0972107421975466,0.015015015015015015
24,0.5,6.195895561611451,0.016016016016016016
24,0.5,6.3062413969958655,0.01701701701701702
24,0.5,6.350707780777945,0.018018018018018018
24,0.5,6.3586702234672074,0.01901901901901902
24,0.5,6.377835870422807,0.02002002002002002
24,0.5,6.437911188308576,0.021021021021021023
24,0.5,6.463784957456923,0.022022022022022022
24,0.5,6.496769274379574,0.023023023023023025
24,0.5,6.567824668652861,0.024024024024024024
24,0.5,6.577131401950886,0.025025025025025027
24,0.5,6.6005850030703925,0.026026026026026026
24,0.5,6.619140179006521,0.02702702702702703
24,0.5,6.717782407382892,0.028028028028028028
24,0.5,6.730880688099745,0.02902902902902903
24,0.5,6.767098188398151,0.03003003003003003
24,0.5,6.8650415796447675,0.031031031031031032
24,0.5,6.907415136690517,0.03203203203203203
24,0.5,6.912498430412725,0.03303303303303303
24,0.5,6.973422348137966,0.03403403403403404
24,0.5,7.051658685294669,0.035035035035035036
24,0.5,7.060225309958405,0.036036036036036036
24,0.5,7.092788698050086,0.037037037037037035
24,0.5,7.158946416745145,0.03803803803803804
24,0.5,7.1791174262320965,0.03903903903903904
24,0.5,7.24733849471869,0.04004004004004004
24,0.5,7.479312690693575,0.04104104104104104
24,0.5,7.489164045789138,0.042042042042042045
24,0.5,7.49800936478632,0.043043043043043044
24,0.5,7.499506827899012,0.044044044044044044
24,0.5,7.602288465105801,0.04504504504504504
24,0.5,7.652703759258358,0.04604604604604605
24,0.5,7.691994644737541,0.04704704704704705
24,0.5,7.732595675272357,0.04804804804804805
24,0.5,7.815010936717286,0.04904904904904905
24,0.5,7.8161997708932205,0.05005005005005005
24,0.5,7.824886551086088,0.05105105105105105
24,0.5,7.84849041663248,0.05205205205205205
24,0.5,7.943893272020723,0.05305305305305305
24,0.5,7.9733598892388,0.05405405405405406
24,0.5,7.978024220862004,0.055055055055055056
24,0.5,8.043841024414988,0.056056056056056056
24,0.5,8.138150197561352,0.057057057057057055
24,0.5,8.146387880763854,0.05805805805805806
24,0.5,8.1668441971851,0.05905905905905906
24,0.5,8.171676813936031,0.06006006006006006
24,0.5,8.211292461173102,0.06106106106106106
24,0.5,8.211958390189388,0.062062062062062065
24,0.5,8.22295939041799,0.06306306306306306
24,0.5,8.239727859806742,0.06406406406406406
24,0.5,8.331537786918183,0.06506506506506507
24,0.5,8.41547954185949,0.06606606606606606
24,0.5,8.492773048757499,0.06706706706706707
24,0.5,8.4950748066858,0.06806806806806807
24,0.5,8.541814718889071,0.06906906906906907
24,0.5,8.545588945225994,0.07007007007007007
24,0.5,8.557706418936498,0.07107107107107107
24,0.5,8.57094485785084,0.07207207207207207
24,0.5,8.572296304173143,0.07307307307307308
24,0.5,8.581876932410097,0.07407407407407407
24,0.5,8.612457614122363,0.07507507507507508
24,0.5,8.658294996957991,0.07607607607607608
24,0.5,8.67085766353955,0.07707707707707707
24,0.5,8.680770121002219,0.07807807807807808
24,0.5,8.71323082411648,0.07907907907907907
24,0.5,8.753587943038156,0.08008008008008008
24,0.5,8.81651250094724,0.08108108108108109
24,0.5,8.83928865038095,0.08208208208208208
24,0.5,8.843083200455183,0.08308308308308308
24,0.5,8.856004766054404,0.08408408408408409
24,0.5,8.873076680517798,0.08508508508508508
24,0.5,8.876691166392206,0.08608608608608609
24,0.5,8.910688490543606,0.08708708708708708
24,0.5,8.937097873655063,0.08808808808808809
24,0.5,8.955715619149444,0.0890890890890891
24,0.5,8.960765520923417,0.09009009009009009
24,0.5,8.994561560374173,0.09109109109109109
24,0.5,9.009183405216994,0.0920920920920921
24,0.5,9.010829780705535,0.09309309309309309
24,0.5,9.061054921336591,0.0940940940940941
24,0.5,9.079220770566955,0.09509509509509509
24,0.5,9.09472718818806,0.0960960960960961
24,0.5,9.102915002294743,0.0970970970970971
24,0.5,9.11320846780297,0.0980980980980981
24,0.5,9.116724093151738,0.0990990990990991
24,0.5,9.126473402509475,0.1001001001001001
24,0.5,9.132675386302054,0.1011011011011011
24,0.5,9.138208739951992,0.1021021021021021
24,0.5,9.172797949620971,0.1031031031031031
24,0.5,9.186389536602185,0.1041041041041041
24,0.5,9.244629544688564,0.10510510510510511
24,0.5,9.281638077801432,0.1061061061061061
24,0.5,9.343484056470118,0.10710710710710711
24,0.5,9.380642959658594,0.10810810810810811
24,0.5,9.388342909465344,0.1091091091091091
24,0.5,9.393907112610812,0.11011011011011011
24,0.5,9.401341748511008,0.1111111111111111
24,0.5,9.40794525622939,0.11211211211211211
24,0.5,9.42768238704867,0.11311311311311312
24,0.5,9.466978425729756,0.11411411411411411
24,0.5,9.490728450668335,0.11511511511511512
24,0.5,9.49868303485502,0.11611611611611612
24,0.5,9.507364678687047,0.11711711711711711
24,0.5,9.51347575855953,0.11811811811811812
24,0.5,9.520672283767937,0.11911911911911911
24,0.5,9.527936808153768,0.12012012012012012
24,0.5,9.55114356573462,0.12112112112112113
24,0.5,9.551302132973298,0.12212212212212212
24,0.5,9.55777695777892,0.12312312312312312
24,0.5,9.558246250086981,0.12412412412412413
24,0.5,9.590802883662946,0.12512512512512514
24,0.5,9.600127840292785,0.12612612612612611
24,0.5,9.644416729427718,0.12712712712712712
24,0.5,9.710213353130186,0.12812812812812813
24,0.5,9.72414044243176,0.12912912912912913
24,0.5,9.739683854782434,0.13013013013013014
24,0.5,9.742060934279749,0.13113113113113112
24,0.5,9.748277667064144,0.13213213213213212
24,0.5,9.75852392360349,0.13313313313313313
24,0.5,9.761487004252203,0.13413413413413414
24,0.5,9.788004890864066,0.13513513513513514
24,0.5,9.801013962866477,0.13613613613613615
24,0.5,9.802197212055233,0.13713713713713713
24,0.5,9.838012689088387,0.13813813813813813
24,0.5,9.843076108193763,0.13913913913913914
24,0.5,9.905000871464686,0.14014014014014015
24,0.5,9.907316233221202,0.14114114114114115
24,0.5,9.908387980566104,0.14214214214214213
24,0.5,9.91043071843525,0.14314314314314314
24,0.5,9.91339359298403,0.14414414414414414
24,0.5,9.920149122758794,0.14514514514514515
24,0.5,9.941574966926936,0.14614614614614616
24,0.5,9.986072095233276,0.14714714714714713
24,0.5,9.99321821601771,0.14814814814814814
24,0.5,9.998022125265592,0.14914914914914915
24,0.5,10.038440310338736,0.15015015015015015
24,0.5,10.049885663021321,0.15115115115115116
24,0.5,10.052116598391649,0.15215215215215216
24,0.5,10.0573855586211,0.15315315315315314
24,0.5,10.061369528160995,0.15415415415415415
24,0.5,10.085108978579981,0.15515515515515516
24,0.5,10.090788646889045,0.15615615615615616
24,0.5,10.10444374403555,0.15715715715715717
24,0.5,10.107031760827965,0.15815815815815815
24,0.5,10.140321192206393,0.15915915915915915
24,0.5,10.159856020368117,0.16016016016016016
24,0.5,10.185550001840738,0.16116116116116116
24,0.5,10.186016674279358,0.16216216216216217
24,0.5,10.23338913695973,0.16316316316316315
24,0.5,10.239122410121006,0.16416416416416416
24,0.5,10.250486514163612,0.16516516516516516
24,0.5,10.261176666728261,0.16616616616616617
24,0.5,10.264073531731256,0.16716716716716717
24,0.5,10.270115020067621,0.16816816816816818
24,0.5,10.283802106427757,0.16916916916916916
24,0.5,10.28748930097327,0.17017017017017017
24,0.5,10.295191888405427,0.17117117117117117
24,0.5,10.35365295793963,0.17217217217217218
24,0.5,10.357222813404753,0.17317317317317318
24,0.5,10.36435948652025,0.17417417417417416
24,0.5,10.383419545095833,0.17517517517517517
24,0.5,10.40240578184445,0.17617617617617617
24,0.5,10.40535436187696,0.17717717717717718
24,0.5,10.410843673101304,0.1781781781781782
24,0.5,10.435550959413987,0.17917917917917917
24,0.5,10.441371941770925,0.18018018018018017
24,0.5,10.441934357140866,0.18118118118118118
24,0.5,10.45155657998356,0.18218218218218218
24,0.5,10.457324765665284,0.1831831831831832
24,0.5,10.461457920343236,0.1841841841841842
24,0.5,10.474899042301104,0.18518518518518517
24,0.5,10.499610114581145,0.18618618618618618
24,0.5,10.517851200341724,0.1871871871871872
24,0.5,10.52185020315656,0.1881881881881882
24,0.5,10.530048228918794,0.1891891891891892
24,0.5,10.535854059190719,0.19019019019019018
24,0.5,10.55053834854921,0.19119119119119118
24,0.5,10.560852533611865,0.1921921921921922
24,0.5,10.581342339009367,0.1931931931931932
24,0.5,10.617120005221665,0.1941941941941942
24,0.5,10.63137300869829,0.19519519519519518
24,0.5,10.637739302644007,0.1961961961961962
24,0.5,10.641044269472403,0.1971971971971972
24,0.5,10.657951558442797,0.1981981981981982
24,0.5,10.66463012294053,0.1991991991991992
24,0.5,10.672434715156868,0.2002002002002002
24,0.5,10.683356791641295,0.2012012012012012
24,0.5,10.69472728553685,0.2022022022022022
24,0.5,10.696597838021596,0.2032032032032032
24,0.5,10.701236340115656,0.2042042042042042
24,0.5,10.716623120031258,0.20520520520520522
24,0.5,10.716937962430691,0.2062062062062062
24,0.5,10.73314268937618,0.2072072072072072
24,0.5,10.79103200422341,0.2082082082082082
24,0.5,10.792000707064616,0.2092092092092092
24,0.5,10.792138214413256,0.21021021021021022
24,0.5,10.799226391807053,0.21121121121121122
24,0.5,10.804832138975648,0.2122122122122122
24,0.5,10.81627057745537,0.2132132132132132
24,0.5,10.82240309407598,0.21421421421421422
24,0.5,10.82553024834315,0.21521521521521522
24,0.5,10.834588052407753,0.21621621621621623
24,0.5,10.840206497338436,0.2172172172172172
24,0.5,10.842478594300971,0.2182182182182182
24,0.5,10.864473238272765,0.21921921921921922
24,0.5,10.880894492206089,0.22022022022022023
24,0.5,10.888369874957107,0.22122122122122123
24,0.5,10.902425965119107,0.2222222222222222
24,0.5,10.908930718662745,0.22322322322322322
24,0.5,10.91103406478689,0.22422422422422422
24,0.5,10.911105970819023,0.22522522522522523
24,0.5,10.926810865120501,0.22622622622622623
24,0.5,10.92835884267204,0.22722722722722724
24,0.5,10.932039641033036,0.22822822822822822
24,0.5,10.934651058174737,0.22922922922922923
24,0.5,10.935540436518515,0.23023023023023023
24,0.5,10.945544401931713,0.23123123123123124
24,0.5,10.961158260339616,0.23223223223223224
24,0.5,10.966111850057487,0.23323323323323322
24,0.5,11.005986695707648,0.23423423423423423
24,0.5,11.024482823495475,0.23523523523523523
24,0.5,11.068855509154183,0.23623623623623624
24,0.5,11.079187277970348,0.23723723723723725
24,0.5,11.07958504247992,0.23823823823823823
24,0.5,11.099820620918052,0.23923923923923923
24,0.5,11.10129948379631,0.24024024024024024
24,0.5,11.102098439197093,0.24124124124124124
24,0.5,11.111112915311182,0.24224224224224225
24,0.5,11.11381683766406,0.24324324324324326
24,0.5,11.113860417034815,0.24424424424424424
24,0.5,11.122051408096468,0.24524524524524524
24,0.5,11.136983846195704,0.24624624624624625
24,0.5,11.161424045383761,0.24724724724724725
24,0.5,11.164302444145946,0.24824824824824826
24,0.5,11.17065173560006,0.24924924924924924
24,0.5,11.179445905746249,0.2502502502502503
24,0.5,11.180694287730589,0.25125125125125125
24,0.5,11.195606483019098,0.25225225225225223
24,0.5,11.237602246582568,0.25325325325325326
24,0.5,11.273417116403387,0.25425425425425424
24,0.5,11.286182926773634,0.2552552552552553
24,0.5,11.287152243883398,0.25625625625625625
24,0.5,11.291698662030257,0.25725725725725723
24,0.5,11.298176639594331,0.25825825825825827
24,0.5,11.30154879439555,0.25925925925925924
24,0.5,11.307802242231638,0.2602602602602603
24,0.5,11.31369259488197,0.26126126126126126
24,0.5,11.335203859878604,0.26226226226226224
24,0.5,11.335743317515607,0.26326326326326327
24,0.5,11.343294775934403,0.26426426426426425
24,0.5,11.343894460097701,0.2652652652652653
24,0.5,11.352280873395458,0.26626626626626626
24,0.5,11.357488862867541,0.2672672672672673
24,0.5,11.365210838846068,0.2682682682682683
24,0.5,11.367651848412358,0.26926926926926925
24,0.5,11.390122127619904,0.2702702702702703
24,0.5,11.395111614338703,0.27127127127127126
24,0.5,11.396883497717283,0.2722722722722723
24,0.5,11.414669351503164,0.2732732732732733
24,0.5,11.436433905094788,0.27427427427427425
24,0.5,11.437892526247083,0.2752752752752753
24,0.5,11.438407581457511,0.27627627627627627
24,0.5,11.44520490362897,0.2772772772772773
24,0.5,11.453485434101871,0.2782782782782783
24,0.5,11.455972378061823,0.27927927927927926
24,0.5,11.458036932864381,0.2802802802802803
24,0.5,11.460303808045452,0.28128128128128127
24,0.5,11.474112277120426,0.2822822822822823
24,0.5,11.477165157129903,0.2832832832832833
24,0.5,11.480946204863713,0.28428428428428426
24,0.5,11.490101845688137,0.2852852852852853
24,0.5,11.509856695439318,0.2862862862862863
24,0.5,11.513236930500895,0.2872872872872873
24,0.5,11.51758470967679,0.2882882882882883
24,0.5,11.518666748676083,0.28928928928928926
24,0.5,11.519553434589994,0.2902902902902903
24,0.5,11.538580515458861,0.2912912912912913
24,0.5,11.541341497263048,0.2922922922922923
24,0.5,11.554182128990334,0.2932932932932933
24,0.5,11.554383469272977,0.29429429429429427
24,0.5,11.561541065200913,0.2952952952952953
24,0.5,11.566622696956216,0.2962962962962963
24,0.5,11.57716642844808,0.2972972972972973
24,0.5,11.589727524157752,0.2982982982982983
24,0.5,11.591401398820189,0.2992992992992993
24,0.5,11.598693308898866,0.3003003003003003
24,0.5,11.605447941435123,0.3013013013013013
24,0.5,11.609196766326107,0.3023023023023023
24,0.5,11.609900102984476,0.3033033033033033
24,0.5,11.622388527304295,0.30430430430430433
24,0.5,11.628303729048376,0.3053053053053053
24,0.5,11.634448963516888,0.3063063063063063
24,0.5,11.634980829320241,0.3073073073073073
24,0.5,11.639809818488985,0.3083083083083083
24,0.5,11.640274831412235,0.30930930930930933
24,0.5,11.655640610042354,0.3103103103103103
24,0.5,11.67000080773196,0.3113113113113113
24,0.5,11.67976221364053,0.3123123123123123
24,0.5,11.680091699833625,0.3133133133133133
24,0.5,11.705348533613716,0.31431431431431434
24,0.5,11.715551532820179,0.3153153153153153
24,0.5,11.721431772954588,0.3163163163163163
24,0.5,11.747378403381646,0.3173173173173173
24,0.5,11.750088252860209,0.3183183183183183
24,0.5,11.753229410372434,0.31931931931931934
24,0.5,11.760501706410722,0.3203203203203203
24,0.5,11.762596356644572,0.3213213213213213
24,0.5,11.765235188437217,0.32232232232232233
24,0.5,11.774448971566017,0.3233233233233233
24,0.5,11.777253552142625,0.32432432432432434
24,0.5,11.781083170939539,0.3253253253253253
24,0.5,11.784143359711344,0.3263263263263263
24,0.5,11.785467940276348,0.32732732732732733
24,0.5,11.78584874135042,0.3283283283283283
24,0.5,11.799693316487868,0.32932932932932935
24,0.5,11.812291922368736,0.3303303303303303
24,0.5,11.812959545232502,0.33133133133133136
24,0.5,11.815279658521135,0.33233233233233234
24,0.5,11.815521169714849,0.3333333333333333
24,0.5,11.824880004264308,0.33433433433433435
24,0.5,11.825014612525948,0.3353353353353353
24,0.5,11.832063771376482,0.33633633633633636
24,0.5,11.850717207255734,0.33733733733733734
24,0.5,11.85408437423289,0.3383383383383383
24,0.5,11.85419005085192,0.33933933933933935
24,0.5,11.85489482615774,0.34034034034034033
24,0.5,11.86377220250678,0.34134134134134136
24,0.5,11.864161365926904,0.34234234234234234
24,0.5,11.867907478784872,0.3433433433433433
24,0.5,11.871429812943902,0.34434434434434436
24,0.5,11.874127159543761,0.34534534534534533
24,0.5,11.880714868230754,0.34634634634634637
24,0.5,11.889971468580526,0.34734734734734735
24,0.5,11.8906130128196,0.3483483483483483
24,0.5,11.900182171115276,0.34934934934934936
24,0.5,11.914253720199028,0.35035035035035034
24,0.5,11.918522587173285,0.35135135135135137
24,0.5,11.919717974032608,0.35235235235235235
24,0.5,11.933716195583969,0.3533533533533533
24,0.5,11.947812035148615,0.35435435435435436
24,0.5,11.953046867746735,0.35535535535535534
24,0.5,11.953980655930089,0.3563563563563564
24,0.5,11.961071538508563,0.35735735735735735
24,0.5,11.961695605183138,0.35835835835835833
24,0.5,11.9643506575634,0.35935935935935936
24,0.5,11.971415121421444,0.36036036036036034
24,0.5,11.994042699733882,0.3613613613613614
24,0.5,11.99693507442111,0.36236236236236236
24,0.5,11.999173634615275,0.3633633633633634
24,0.5,12.018963199866121,0.36436436436436437
24,0.5,12.027253997277086,0.36536536536536535
24,0.5,12.046074806199897,0.3663663663663664
24,0.5,12.047288548861047,0.36736736736736736
24,0.5,12.051241906505965,0.3683683683683684
24,0.5,12.053584595076963,0.36936936936936937
24,0.5,12.061918891757678,0.37037037037037035
24,0.5,12.066421300259499,0.3713713713713714
24,0.5,12.067885091414915,0.37237237237237236
24,0.5,12.070773907796152,0.3733733733733734
24,0.5,12.071613811759384,0.3743743743743744
24,0.5,12.07361916932203,0.37537537537537535
24,0.5,12.075200022657029,0.3763763763763764
24,0.5,12.081486410702993,0.37737737737737737
24,0.5,12.087148454659982,0.3783783783783784
24,0.5,12.087858323110567,0.3793793793793794
24,0.5,12.091669319537232,0.38038038038038036
24,0.5,12.09844377134236,0.3813813813813814
24,0.5,12.100025437672414,0.38238238238238237
24,0.5,12.113942973398707,0.3833833833833834
24,0.5,12.118286420989335,0.3843843843843844
24,0.5,12.120017608460486,0.38538538538538536
24,0.5,12.121430055700166,0.3863863863863864
24,0.5,12.12641807267304,0.38738738738738737
24,0.5,12.130470207050351,0.3883883883883884
24,0.5,12.152761776383066,0.3893893893893894
24,0.5,12.164089735578727,0.39039039039039036
24,0.5,12.165327119400189,0.3913913913913914
24,0.5,12.16746835459179,0.3923923923923924
24,0.5,12.168626600614019,0.3933933933933934
24,0.5,12.169041493092067,0.3943943943943944
24,0.5,12.16951922704311,0.3953953953953954
24,0.5,12.176083730681498,0.3963963963963964
24,0.5,12.185620409298366,0.3973973973973974
24,0.5,12.198253554165106,0.3983983983983984
24,0.5,12.199882898623471,0.3993993993993994
24,0.5,12.205941177022623,0.4004004004004004
24,0.5,12.212096517682795,0.4014014014014014
24,0.5,12.217769864236132,0.4024024024024024
24,0.5,12.218647734670718,0.4034034034034034
24,0.5,12.228469214806324,0.4044044044044044
24,0.5,12.22996865701353,0.40540540540540543
24,0.5,12.230145423205393,0.4064064064064064
24,0.5,12.23050685467507,0.4074074074074074
24,0.5,12.238431361313431,0.4084084084084084
24,0.5,12.24335369642229,0.4094094094094094
24,0.5,12.243934178176701,0.41041041041041043
24,0.5,12.256466062869706,0.4114114114114114
24,0.5,12.260212218726068,0.4124124124124124
24,0.5,12.273504874573845,0.4134134134134134
24,0.5,12.276349658265687,0.4144144144144144
24,0.5,12.277844168822796,0.41541541541541543
24,0.5,12.280036204989436,0.4164164164164164
24,0.5,12.280595884414623,0.4174174174174174
24,0.5,12.282259989673875,0.4184184184184184
24,0.5,12.283020214521216,0.4194194194194194
24,0.5,12.285841689317543,0.42042042042042044
24,0.5,12.294719204026734,0.4214214214214214
24,0.5,12.318229583308195,0.42242242242242245
24,0.5,12.337500848288876,0.42342342342342343
24,0.5,12.341518892604334,0.4244244244244244
24,0.5,12.343467905684491,0.42542542542542544
24,0.5,12.363514172132952,0.4264264264264264
24,0.5,12.365388392096662,0.42742742742742745
24,0.5,12.36558209926887,0.42842842842842843
24,0.5,12.37786792277474,0.4294294294294294
24,0.5,12.381210544896192,0.43043043043043044
24,0.5,12.41517275919773,0.4314314314314314
24,0.5,12.418904630339213,0.43243243243243246
24,0.5,12.42275999151257,0.43343343343343343
24,0.5,12.424010979363317,0.4344344344344344
24,0.5,12.43838469418305,0.43543543543543545
24,0.5,12.44317372596727,0.4364364364364364
24,0.5,12.455063249041793,0.43743743743743746
24,0.5,12.460608665132547,0.43843843843843844
24,0.5,12.460836856593708,0.4394394394394394
24,0.5,12.461302513110013,0.44044044044044045
24,0.5,12.461319446869666,0.44144144144144143
24,0.5,12.465484744471183,0.44244244244244246
24,0.5,12.47074907205348,0.44344344344344344
24,0.5,12.477635399144674,0.4444444444444444
24,0.5,12.482671816638607,0.44544544544544545
24,0.5,12.492294125706707,0.44644644644644643
24,0.5,12.498302288816049,0.44744744744744747
24,0.5,12.498529715951648,0.44844844844844844
24,0.5,12.501987199510182,0.4494494494494494
24,0.5,12.503762355613304,0.45045045045045046
24,0.5,12.512095037399888,0.45145145145145144
24,0.5,12.51752691290104,0.45245245245245247
24,0.5,12.521804379265802,0.45345345345345345
24,0.5,12.538812727199485,0.4544544544544545
24,0.5,12.542248229229457,0.45545545545545546
24,0.5,12.544133277891468,0.45645645645645644
24,0.5,12.54741344969078,0.4574574574574575
24,0.5,12.547543160349733,0.45845845845845845
24,0.5,12.548081032937773,0.4594594594594595
24,0.5,12.571265433684445,0.46046046046046046
24,0.5,12.573058496021801,0.46146146146146144
24,0.5,12.58527536838745,0.4624624624624625
24,0.5,12.590209731809722,0.46346346346346345
24,0.5,12.590387221252811,0.4644644644644645
24,0.5,12.593470138774677,0.46546546546546547
24,0.5,12.593845710528704,0.46646646646646645
24,0.5,12.59665700072955,0.4674674674674675
24,0.5,12.600347275125529,0.46846846846846846
24,0.5,12.623195230314472,0.4694694694694695
24,0.5,12.624240723304162,0.47047047047047047
24,0.5,12.62541218734637,0.47147147147147145
24,0.5,12.62774233859517,0.4724724724724725
24,0.5,12.63521365635701,0.47347347347347346
24,0.5,12.636475771214933,0.4744744744744745
24,0.5,12.647954816731257,0.4754754754754755
24,0.5,12.652353060203438,0.47647647647647645
24,0.5,12.655743021982303,0.4774774774774775
24,0.5,12.656393760746127,0.47847847847847846
24,0.5,12.663764401796627,0.4794794794794795
24,0.5,12.667408320751186,0.4804804804804805
24,0.5,12.672329968941142,0.48148148148148145
24,0.5,12.681707885778778,0.4824824824824825
24,0.5,12.682743929112029,0.48348348348348347
24,0.5,12.683314355653053,0.4844844844844845
24,0.5,12.685341244515747,0.4854854854854855
24,0.5,12.689216404093152,0.4864864864864865
24,0.5,12.697246660838104,0.4874874874874875
24,0.5,12.70309124618963,0.48848848848848847
24,0.5,12.711294635539794,0.4894894894894895
24,0.5,12.715255988777571,0.4904904904904905
24,0.5,12.71935863106512,0.4914914914914915
24,0.5,12.731755957615121,0.4924924924924925
24,0.5,12.737845483509219,0.4934934934934935
24,0.5,12.740208474701546,0.4944944944944945
24,0.5,12.751643838324483,0.4954954954954955
24,0.5,12.757138385658784,0.4964964964964965
24,0.5,12.76801023987447,0.4974974974974975
24,0.5,12.775191715635884,0.4984984984984985
24,0.5,12.7784642049007,0.4994994994994995
24,0.5,12.793607663277271,0.5005005005005005
24,0.5,12.799845182704587,0.5015015015015015
24,0.5,12.807459320721122,0.5025025025025025
24,0.5,12.808777946072922,0.5035035035035035
24,0.5,12.819429690227267,0.5045045045045045
24,0.5,12.827039020716057,0.5055055055055055
24,0.5,12.830262138646333,0.5065065065065065
24,0.5,12.844345065298015,0.5075075075075075
24,0.5,12.845285140598577,0.5085085085085085
24,0.5,12.849454782936064,0.5095095095095095
24,0.5,12.864373784755806,0.5105105105105106
24,0.5,12.86742417792108,0.5115115115115115
24,0.5,12.870660171614148,0.5125125125125125
24,0.5,12.874059987786453,0.5135135135135135
24,0.5,12.88179126910289,0.5145145145145145
24,0.5,12.89089301073819,0.5155155155155156
24,0.5,12.891266030997947,0.5165165165165165
24,0.5,12.894424980027466,0.5175175175175175
24,0.5,12.89727984415758,0.5185185185185185
24,0.5,12.906025733241577,0.5195195195195195
24,0.5,12.908773961380348,0.5205205205205206
24,0.5,12.912438468282573,0.5215215215215215
24,0.5,12.917058268676755,0.5225225225225225
24,0.5,12.921617421281496,0.5235235235235235
24,0.5,12.925559097003685,0.5245245245245245
24,0.5,12.929819913573311,0.5255255255255256
24,0.5,12.932042817509277,0.5265265265265265
24,0.5,12.933856132802916,0.5275275275275275
24,0.5,12.937879044686937,0.5285285285285285
24,0.5,12.940399387819667,0.5295295295295295
24,0.5,12.94222400903518,0.5305305305305306
24,0.5,12.9427836917437,0.5315315315315315
24,0.5,12.949804413801367,0.5325325325325325
24,0.5,12.961920579052553,0.5335335335335335
24,0.5,12.96269173356265,0.5345345345345346
24,0.5,12.965904916775159,0.5355355355355356
24,0.5,12.974301642574162,0.5365365365365365
24,0.5,12.978677135262487,0.5375375375375375
24,0.5,12.987373769452361,0.5385385385385385
24,0.5,12.987388587632893,0.5395395395395396
24,0.5,12.996749072301967,0.5405405405405406
24,0.5,12.997616273919704,0.5415415415415415
24,0.5,12.99849604501135,0.5425425425425425
24,0.5,12.999535967902283,0.5435435435435435
24,0.5,12.999547197594907,0.5445445445445446
24,0.5,13.007800603137284,0.5455455455455456
24,0.5,13.03209672134102,0.5465465465465466
24,0.5,13.036075377480877,0.5475475475475475
24,0.5,13.037647098682683,0.5485485485485485
24,0.5,13.03942544364645,0.5495495495495496
24,0.5,13.044183435063687,0.5505505505505506
24,0.5,13.044211670117697,0.5515515515515516
24,0.5,13.050339246769923,0.5525525525525525
24,0.5,13.064783513584345,0.5535535535535535
24,0.5,13.066020961554571,0.5545545545545546
24,0.5,13.067882689652095,0.5555555555555556
24,0.5,13.070928764726617,0.5565565565565566
24,0.5,13.074298663281567,0.5575575575575575
24,0.5,13.083268880403267,0.5585585585585585
24,0.5,13.084196710440239,0.5595595595595596
24,0.5,13.096843969723992,0.5605605605605606
24,0.5,13.100658018322179,0.5615615615615616
24,0.5,13.104851282820356,0.5625625625625625
24,0.5,13.110556938938487,0.5635635635635635
24,0.5,13.112417328081392,0.5645645645645646
24,0.5,13.112789828222304,0.5655655655655656
24,0.5,13.114548627246805,0.5665665665665666
24,0.5,13.116170597380645,0.5675675675675675
24,0.5,13.1205383606396,0.5685685685685685
24,0.5,13.122491904385754,0.5695695695695696
24,0.5,13.126207007344405,0.5705705705705706
24,0.5,13.127594277683016,0.5715715715715716
24,0.5,13.13030111366296,0.5725725725725725
24,0.5,13.138787182269212,0.5735735735735735
24,0.5,13.141556342165813,0.5745745745745746
24,0.5,13.151243381773213,0.5755755755755756
24,0.5,13.156808309456892,0.5765765765765766
24,0.5,13.173121314927144,0.5775775775775776
24,0.5,13.175007974651209,0.5785785785785785
24,0.5,13.176614199021088,0.5795795795795796
24,0.5,13.177601062989808,0.5805805805805806
24,0.5,13.187632139935829,0.5815815815815816
24,0.5,13.187775513423546,0.5825825825825826
24,0.5,13.191487932528197,0.5835835835835835
24,0.5,13.1931003546091,0.5845845845845846
24,0.5,13.194857601468627,0.5855855855855856
24,0.5,13.199014528442419,0.5865865865865866
24,0.5,13.204997603734085,0.5875875875875876
24,0.5,13.205879971115465,0.5885885885885885
24,0.5,13.21202052925679,0.5895895895895896
24,0.5,13.214702949199797,0.5905905905905906
24,0.5,13.218444278982474,0.5915915915915916
24,0.5,13.220707695019748,0.5925925925925926
24,0.5,13.223620887254746,0.5935935935935935
24,0.5,13.22496134610114,0.5945945945945946
24,0.5,13.22799434881422,0.5955955955955956
24,0.5,13.235606293870688,0.5965965965965966
24,0.5,13.239890972944423,0.5975975975975976
24,0.5,13.24484558906861,0.5985985985985987
24,0.5,13.249566938031336,0.5995995995995996
24,0.5,13.250832019861136,0.6006006006006006
24,0.5,13.250907078441116,0.6016016016016016
24,0.5,13.256982295084086,0.6026026026026026
24,0.5,13.262644651651968,0.6036036036036037
24,0.5,13.263071259668664,0.6046046046046046
24,0.5,13.274186697783705,0.6056056056056056
24,0.5,13.275537911789314,0.6066066066066066
24,0.5,13.277066332472756,0.6076076076076076
24,0.5,13.28173848879554,0.6086086086086087
24,0.5,13.288867877574027,0.6096096096096096
24,0.5,13.293778957126747,0.6106106106106106
24,0.5,13.306259856674487,0.6116116116116116
24,0.5,13.310490009203804,0.6126126126126126
24,0.5,13.312802856060031,0.6136136136136137
24,0.5,13.327317356483206,0.6146146146146146
24,0.5,13.331839583541182,0.6156156156156156
24,0.5,13.333307794167858,0.6166166166166166
24,0.5,13.340649436797143,0.6176176176176176
24,0.5,13.34102360356276,0.6186186186186187
24,0.5,13.361575195373945,0.6196196196196196
24,0.5,13.362935653507321,0.6206206206206206
24,0.5,13.365279746338715,0.6216216216216216
24,0.5,13.374755193127534,0.6226226226226226
24,0.5,13.379448559986187,0.6236236236236237
24,0.5,13.380335839648637,0.6246246246246246
24,0.5,13.381121363950086,0.6256256256256256
24,0.5,13.385242767964371,0.6266266266266266
24,0.5,13.397514800979039,0.6276276276276276
24,0.5,13.409337441091793,0.6286286286286287
24,0.5,13.415802579366598,0.6296296296296297
24,0.5,13.421865077574353,0.6306306306306306
24,0.5,13.423094152965696,0.6316316316316316
24,0.5,13.427073474667324,0.6326326326326326
24,0.5,13.433648789526387,0.6336336336336337
24,0.5,13.433735395528274,0.6346346346346347
24,0.5,13.436119222579705,0.6356356356356356
24,0.5,13.439449221667758,0.6366366366366366
24,0.5,13.450437113339007,0.6376376376376376
24,0.5,13.453284915262728,0.6386386386386387
24,0.5,13.454838471504353,0.6396396396396397
24,0.5,13.46646257308327,0.6406406406406406
24,0.5,13.474951326291823,0.6416416416416416
24,0.5,13.48262229189929,0.6426426426426426
24,0.5,13.489744053452057,0.6436436436436437
24,0.5,13.497862492079676,0.6446446446446447
24,0.5,13.526314167605285,0.6456456456456456
24,0.5,13.529860839773548,0.6466466466466466
24,0.5,13.540287877660148,0.6476476476476476
24,0.5,13.54100853278294,0.6486486486486487
24,0.5,13.54110401833664,0.6496496496496497
24,0.5,13.543778770290722,0.6506506506506506
24,0.5,13.545251494171431,0.6516516516516516
24,0.5,13.545855192735232,0.6526526526526526
24,0.5,13.55738956632922,0.6536536536536537
24,0.5,13.562351833906405,0.6546546546546547
24,0.5,13.567070570740057,0.6556556556556556
24,0.5,13.567160771544906,0.6566566566566566
24,0.5,13.571737123934852,0.6576576576576577
24,0.5,13.578532603892377,0.6586586586586587
24,0.5,13.582426927395531,0.6596596596596597
24,0.5,13.58650213937701,0.6606606606606606
24,0.5,13.589240238047097,0.6616616616616616
24,0.5,13.591960280221485,0.6626626626626627
24,0.5,13.592117860214756,0.6636636636636637
24,0.5,13.593069318095068,0.6646646646646647
24,0.5,13.593570855516788,0.6656656656656657
24,0.5,13.602470611804364,0.6666666666666666
24,0.5,13.604866083661065,0.6676676676676677
24,0.5,13.606487998274481,0.6686686686686687
24,0.5,13.607019220661797,0.6696696696696697
24,0.5,13.610508371536952,0.6706706706706707
24,0.5,13.618228386273529,0.6716716716716716
24,0.5,13.623413010748578,0.6726726726726727
24,0.5,13.62621971696008,0.6736736736736737
24,0.5,13.627588778403904,0.6746746746746747
24,0.5,13.628641088414298,0.6756756756756757
24,0.5,13.629561401517194,0.6766766766766766
24,0.5,13.64010221089211,0.6776776776776777
24,0.5,13.64855251427609,0.6786786786786787
24,0.5,13.662774811347845,0.6796796796796797
24,0.5,13.66470866199468,0.6806806806806807
24,0.5,13.66528651942535,0.6816816816816816
24,0.5,13.665375764617046,0.6826826826826827
24,0.5,13.676628033455117,0.6836836836836837
24,0.5,13.681421960207196,0.6846846846846847
24,0.5,13.705809710316778,0.6856856856856857
24,0.5,13.720622454261871,0.6866866866866866
24,0.5,13.723001489923895,0.6876876876876877
24,0.5,13.739230791147605,0.6886886886886887
24,0.5,13.74119582711333,0.6896896896896897
24,0.5,13.754111068152696,0.6906906906906907
24,0.5,13.75512133517281,0.6916916916916916
24,0.5,13.7731702057838,0.6926926926926927
24,0.5,13.773323093549976,0.6936936936936937
24,0.5,13.78108671312043,0.6946946946946947
24,0.5,13.787373036950825,0.6956956956956957
24,0.5,13.788327908735923,0.6966966966966966
24,0.5,13.791073819948565,0.6976976976976977
24,0.5,13.7931596942651,0.6986986986986987
24,0.5,13.798177087068922,0.6996996996996997
24,0.5,13.79903140362066,0.7007007007007007
24,0.5,13.805875407808315,0.7017017017017017
24,0.5,13.828303764204833,0.7027027027027027
24,0.5,13.833174627112335,0.7037037037037037
24,0.5,13.837816322050095,0.7047047047047047
24,0.5,13.839835963260242,0.7057057057057057
24,0.5,13.840653896914986,0.7067067067067067
24,0.5,13.86598328493887,0.7077077077077077
24,0.5,13.866812755878684,0.7087087087087087
24,0.5,13.873369687298933,0.7097097097097097
24,0.5,13.875542447274768,0.7107107107107107
24,0.5,13.877904354682705,0.7117117117117117
24,0.5,13.879234933024804,0.7127127127127127
24,0.5,13.882019899731283,0.7137137137137137
24,0.5,13.886358979980699,0.7147147147147147
24,0.5,13.889317482792904,0.7157157157157157
24,0.5,13.894833160348327,0.7167167167167167
24,0.5,13.899565136300467,0.7177177177177178
24,0.5,13.905149669454886,0.7187187187187187
24,0.5,13.914674561186672,0.7197197197197197
24,0.5,13.917986899411062,0.7207207207207207
24,0.5,13.92557124058844,0.7217217217217218
24,0.5,13.92959634427416,0.7227227227227228
24,0.5,13.934911916204825,0.7237237237237237
24,0.5,13.94942719413686,0.7247247247247247
24,0.5,13.95187936889802,0.7257257257257257
24,0.5,13.951881083656517,0.7267267267267268
24,0.5,13.956658535940285,0.7277277277277278
24,0.5,13.961764675195411,0.7287287287287287
24,0.5,13.964146551120486,0.7297297297297297
24,0.5,13.980471383447835,0.7307307307307307
24,0.5,13.983394041887735,0.7317317317317318
24,0.5,13.995778838098431,0.7327327327327328
24,0.5,13.996483749005876,0.7337337337337337
24,0.5,14.004847419940631,0.7347347347347347
24,0.5,14.007499734873626,0.7357357357357357
24,0.5,14.008024383393746,0.7367367367367368
24,0.5,14.017282922102126,0.7377377377377378
24,0.5,14.017898047069039,0.7387387387387387
24,0.5,14.019573678035108,0.7397397397397397
24,0.5,14.023383355461768,0.7407407407407407
24,0.5,14.025723265441918,0.7417417417417418
24,0.5,14.027685690383144,0.7427427427427428
24,0.5,14.040808573015468,0.7437437437437437
24,0.5,14.042081326478964,0.7447447447447447
24,0.5,14.047765034108949,0.7457457457457457
24,0.5,14.061675530076968,0.7467467467467468
24,0.5,14.069819895362016,0.7477477477477478
24,0.5,14.077990404717099,0.7487487487487487
24,0.5,14.085163460928669,0.7497497497497497
24,0.5,14.088045300196711,0.7507507507507507
24,0.5,14.092922629156106,0.7517517517517518
24,0.5,14.096843009631314,0.7527527527527528
24,0.5,14.10493089704785,0.7537537537537538
24,0.5,14.109507527831497,0.7547547547547547
24,0.5,14.109676401188835,0.7557557557557557
24,0.5,14.120074197907002,0.7567567567567568
24,0.5,14.129326570023224,0.7577577577577578
24,0.5,14.140936435043642,0.7587587587587588
24,0.5,14.147657457882737,0.7597597597597597
24,0.5,14.15443577993252,0.7607607607607607
24,0.5,14.161851087962162,0.7617617617617618
24,0.5,14.178892714202945,0.7627627627627628
24,0.5,14.184340202920453,0.7637637637637638
24,0.5,14.191034821113846,0.7647647647647647
24,0.5,14.19133353335664,0.7657657657657657
24,0.5,14.200517241488186,0.7667667667667668
24,0.5,14.205531286698047,0.7677677677677678
24,0.5,14.206402323152702,0.7687687687687688
24,0.5,14.207269935713171,0.7697697697697697
24,0.5,14.215683512840968,0.7707707707707707
24,0.5,14.219143092937848,0.7717717717717718
24,0.5,14.22664063034884,0.7727727727727728
24,0.5,14.233618750314974,0.7737737737737738
24,0.5,14.235154452064819,0.7747747747747747
24,0.5,14.239068079290078,0.7757757757757757
24,0.5,14.244009418379179,0.7767767767767768
24,0.5,14.244935544846996,0.7777777777777778
24,0.5,14.247234607203623,0.7787787787787788
24,0.5,14.256879490461273,0.7797797797797797
24,0.5,14.26474549348788,0.7807807807807807
24,0.5,14.275288957590156,0.7817817817817818
24,0.5,14.288141055754707,0.7827827827827828
24,0.5,14.2975157707776,0.7837837837837838
24,0.5,14.301167381553128,0.7847847847847848
24,0.5,14.31961390090386,0.7857857857857858
24,0.5,14.329195307450107,0.7867867867867868
24,0.5,14.333726575876156,0.7877877877877878
24,0.5,14.334677905203229,0.7887887887887888
24,0.5,14.34869231325267,0.7897897897897898
24,0.5,14.35166341078805,0.7907907907907908
24,0.5,14.353345183555554,0.7917917917917918
24,0.5,14.362128912470801,0.7927927927927928
24,0.5,14.364702235122628,0.7937937937937938
24,0.5,14.367386056365575,0.7947947947947948
24,0.5,14.37431132075502,0.7957957957957958
24,0.5,14.384339649914622,0.7967967967967968
24,0.5,14.401456543877671,0.7977977977977978
24,0.5,14.410213095891692,0.7987987987987988
24,0.5,14.411433396573372,0.7997997997997998
24,0.5,14.414669348579949,0.8008008008008008
24,0.5,14.420758577251434,0.8018018018018018
24,0.5,14.424340656808205,0.8028028028028028
24,0.5,14.452440579106607,0.8038038038038038
24,0.5,14.45392423197012,0.8048048048048048
24,0.5,14.459920065954023,0.8058058058058059
24,0.5,14.479941572468768,0.8068068068068068
24,0.5,14.488806233582004,0.8078078078078078
24,0.5,14.496593359080165,0.8088088088088088
24,0.5,14.500171910359526,0.8098098098098098
24,0.5,14.504395277983335,0.8108108108108109
24,0.5,14.504811515808157,0.8118118118118118
24,0.5,14.507180880588507,0.8128128128128128
24,0.5,14.510566033985896,0.8138138138138138
24,0.5,14.520181970547732,0.8148148148148148
24,0.5,14.524076175810997,0.8158158158158159
24,0.5,14.540882475625502,0.8168168168168168
24,0.5,14.544375315464535,0.8178178178178178
24,0.5,14.562063987489523,0.8188188188188188
24,0.5,14.581468386493732,0.8198198198198198
24,0.5,14.586754873958498,0.8208208208208209
24,0.5,14.58857746706017,0.8218218218218218
24,0.5,14.591829171252357,0.8228228228228228
24,0.5,14.594800095393367,0.8238238238238238
24,0.5,14.610562774871184,0.8248248248248248
24,0.5,14.611652488847717,0.8258258258258259
24,0.5,14.615165665798884,0.8268268268268268
24,0.5,14.617426758531067,0.8278278278278278
24,0.5,14.62284416914089,0.8288288288288288
24,0.5,14.631387111494632,0.8298298298298298
24,0.5,14.635484394171485,0.8308308308308309
24,0.5,14.651631162605668,0.8318318318318318
24,0.5,14.658585031923565,0.8328328328328328
24,0.5,14.65862762531534,0.8338338338338338
24,0.5,14.6600208407608,0.8348348348348348
24,0.5,14.661375298683836,0.8358358358358359
24,0.5,14.664626712705726,0.8368368368368369
24,0.5,14.669199353818556,0.8378378378378378
24,0.5,14.674307832074888,0.8388388388388388
24,0.5,14.677907746294679,0.8398398398398398
24,0.5,14.679500743748257,0.8408408408408409
24,0.5,14.682986157562077,0.8418418418418419
24,0.5,14.683178207842275,0.8428428428428428
24,0.5,14.684714688139053,0.8438438438438438
24,0.5,14.687952853218299,0.8448448448448449
24,0.5,14.687986229552983,0.8458458458458459
24,0.5,14.729029902212261,0.8468468468468469
24,0.5,14.732261968549786,0.8478478478478478
24,0.5,14.7327203547555,0.8488488488488488
24,0.5,14.73592943213395,0.8498498498498499
24,0.5,14.738148608616044,0.8508508508508509
24,0.5,14.748019550227212,0.8518518518518519
24,0.5,14.749600218067599,0.8528528528528528
24,0.5,14.753444786379234,0.8538538538538538
24,0.5,14.755980436592267,0.8548548548548549
24,0.5,14.757057583726777,0.8558558558558559
24,0.5,14.76355431521916,0.8568568568568569
24,0.5,14.770998472488387,0.8578578578578578
24,0.5,14.781357965288187,0.8588588588588588
24,0.5,14.784012130540773,0.8598598598598599
24,0.5,14.80995725246413,0.8608608608608609
24,0.5,14.811914705524188,0.8618618618618619
24,0.5,14.814334753504042,0.8628628628628628
24,0.5,14.816864396733102,0.8638638638638638
24,0.5,14.82416548423668,0.8648648648648649
24,0.5,14.82613246367444,0.8658658658658659
24,0.5,14.844698175082215,0.8668668668668669
24,0.5,14.84627611171841,0.8678678678678678
24,0.5,14.85768625506033,0.8688688688688688
24,0.5,14.860001775839613,0.8698698698698699
24,0.5,14.869154199846733,0.8708708708708709
24,0.5,14.876588723791698,0.8718718718718719
24,0.5,14.8782909523757,0.8728728728728729
24,0.5,14.880286211326087,0.8738738738738738
24,0.5,14.894147984114241,0.8748748748748749
24,0.5,14.908064332515636,0.8758758758758759
24,0.5,14.923976272641866,0.8768768768768769
24,0.5,14.93338340003541,0.8778778778778779
24,0.5,14.938512249925239,0.8788788788788788
24,0.5,14.961763740150715,0.8798798798798799
24,0.5,14.968510136975858,0.8808808808808809
24,0.5,14.97356333693449,0.8818818818818819
24,0.5,14.984115973346462,0.8828828828828829
24,0.5,15.003259045023341,0.8838838838838838
24,0.5,15.019122884502764,0.8848848848848849
24,0.5,15.027159729320118,0.8858858858858859
24,0.5,15.033751943504441,0.8868868868868869
24,0.5,15.043033364618708,0.8878878878878879
24,0.5,15.043326546700385,0.8888888888888888
24,0.5,15.053640353898444,0.8898898898898899
24,0.5,15.062493345192024,0.8908908908908909
24,0.5,15.087991838667335,0.8918918918918919
24,0.5,15.093326768359674,0.8928928928928929
24,0.5,15.10036493892693,0.8938938938938938
24,0.5,15.106104878019607,0.8948948948948949
24,0.5,15.109822693096504,0.8958958958958959
24,0.5,15.126652551131848,0.8968968968968969
24,0.5,15.148427934525863,0.8978978978978979
24,0.5,15.149252744140568,0.8988988988988988
24,0.5,15.160568930345946,0.8998998998998999
24,0.5,15.170433510505404,0.9009009009009009
24,0.5,15.174186633748349,0.9019019019019019
24,0.5,15.179205815987658,0.9029029029029029
24,0.5,15.183953685825756,0.9039039039039038
24,0.5,15.190093100237618,0.9049049049049049
24,0.5,15.203485370157075,0.9059059059059059
24,0.5,15.207167473369964,0.9069069069069069
24,0.5,15.23283495237171,0.9079079079079079
24,0.5,15.241083935582125,0.908908908908909
24,0.5,15.245047649179995,0.9099099099099099
24,0.5,15.246000519545568,0.9109109109109109
24,0.5,15.24989848174863,0.9119119119119119
24,0.5,15.256189326986402,0.9129129129129129
24,0.5,15.257632166280928,0.913913913913914
24,0.5,15.261902025493256,0.914914914914915
24,0.5,15.270863418065105,0.9159159159159159
24,0.5,15.30592763102537,0.9169169169169169
24,0.5,15.31579245770547,0.9179179179179179
24,0.5,15.322809761573453,0.918918918918919
24,0.5,15.356902994986612,0.91991991991992
24,0.5,15.36814841328735,0.9209209209209209
24,0.5,15.391542423100816,0.9219219219219219
24,0.5,15.397977927698179,0.9229229229229229
24,0.5,15.39802222842384,0.923923923923924
24,0.5,15.401033828692206,0.924924924924925
24,0.5,15.40853682846221,0.9259259259259259
24,0.5,15.41893224110757,0.9269269269269269
24,0.5,15.429123460573798,0.9279279279279279
24,0.5,15.439948284739302,0.928928928928929
24,0.5,15.466982815976635,0.92992992992993
24,0.5,15.47288751272545,0.9309309309309309
24,0.5,15.474039605211502,0.9319319319319319
24,0.5,15.480068664174581,0.9329329329329329
24,0.5,15.485441485077729,0.933933933933934
24,0.5,15.497522429871545,0.934934934934935
24,0.5,15.500786791218303,0.9359359359359359
24,0.5,15.504552482894951,0.9369369369369369
24,0.5,15.506593138372956,0.9379379379379379
24,0.5,15.51307238095282,0.938938938938939
24,0.5,15.529530875463323,0.93993993993994
24,0.5,15.54095394506696,0.9409409409409409
24,0.5,15.543407800194046,0.9419419419419419
24,0.5,15.545769655988252,0.9429429429429429
24,0.5,15.554383761436895,0.943943943943944
24,0.5,15.55464359773508,0.944944944944945
24,0.5,15.562572708515162,0.9459459459459459
24,0.5,15.569838094822401,0.9469469469469469
24,0.5,15.57863960033741,0.9479479479479479
24,0.5,15.597993554832172,0.948948948948949
24,0.5,15.600495756183058,0.94994994994995
24,0.5,15.621918426639077,0.950950950950951
24,0.5,15.640899691493253,0.9519519519519519
24,0.5,15.640970085953505,0.9529529529529529
24,0.5,15.678730178707099,0.953953953953954
24,0.5,15.687246723010702,0.954954954954955
24,0.5,15.694488785966627,0.955955955955956
24,0.5,15.715643268263847,0.9569569569569569
24,0.5,15.723610618039523,0.9579579579579579
24,0.5,15.743912923429932,0.958958958958959
24,0.5,15.746437144564311,0.95995995995996
24,0.5,15.806436169345503,0.960960960960961
24,0.5,15.858318057323004,0.9619619619619619
24,0.5,15.859775681622708,0.9629629629629629
24,0.5,15.90375273257051,0.963963963963964
24,0.5,15.923004384787447,0.964964964964965
24,0.5,15.971287601312923,0.965965965965966
24,0.5,15.986988881420814,0.9669669669669669
24,0.5,15.989072290971961,0.9679679679679679
24,0.5,16.004096731638313,0.968968968968969
24,0.5,16.036373656095208,0.96996996996997
24,0.5,16.102979931287983,0.970970970970971
24,0.5,16.104975803762102,0.9719719719719719
24,0.5,16.125625095915353,0.972972972972973
24,0.5,16.160930022108857,0.973973973973974
24,0.5,16.171059738261505,0.974974974974975
24,0.5,16.255525099468336,0.975975975975976
24,0.5,16.279918769157987,0.9769769769769769
24,0.5,16.31000753397946,0.977977977977978
24,0.5,16.406337123640213,0.978978978978979
24,0.5,16.409218947989615,0.97997997997998
24,0.5,16.4422276688491,0.980980980980981
24,0.5,16.444802322765895,0.9819819819819819
24,0.5,16.455183195335565,0.982982982982983
24,0.5,16.45550452539662,0.983983983983984
24,0.5,16.472093944099825,0.984984984984985
24,0.5,16.475729263508995,0.985985985985986
24,0.5,16.54841697406456,0.986986986986987
24,0.5,16.779588202971354,0.987987987987988
24,0.5,16.835030698245305,0.988988988988989
24,0.5,16.84525188678137,0.98998998998999
24,0.5,16.848814084352107,0.990990990990991
24,0.5,16.85249173431518,0.991991991991992
24,0.5,16.886458382821075,0.992992992992993
24,0.5,17.023650025330426,0.993993993993994
24,0.5,17.152846242046202,0.994994994994995
24,0.5,17.20607480182953,0.995995995995996
24,0.5,17.24025945592129,0.996996996996997
24,0.5,18.00935052222411,0.997997997997998
24,0.5,18.093970585837056,0.998998998998999
24,0.5,18.49781222325594,1.0
24,0.25,-1.7535113024245064,0.001001001001001001
24,0.25,-1.443386276926205,0.002002002002002002
24,0.25,4.929069091697571,0.003003003003003003
24,0.25,6.265285950401989,0.004004004004004004
24,0.25,6.788985016259289,0.005005005005005005
24,0.25,6.812012204805306,0.006006006006006006
24,0.25,7.727137130230979,0.007007007007007007
24,0.25,7.814730483060167,0.008008008008008008
24,0.25,7.872611987386918,0.009009009009009009
24,0.25,7.885868106813014,0.01001001001001001
24,0.25,8.551642669168317,0.011011011011011011
24,0.25,8.643081248830022,0.012012012012012012
24,0.25,8.777549036126203,0.013013013013013013
24,0.25,8.816964932410208,0.014014014014014014
24,0.25,9.09678749743776,0.015015015015015015
24,0.25,9.171407897399504,0.016016016016016016
24,0.25,9.328942997268982,0.01701701701701702
24,0.25,9.485999250972,0.018018018018018018
24,0.25,9.52286599949452,0.01901901901901902
24,0.25,9.59101904928076,0.02002002002002002
24,0.25,9.645168393831518,0.021021021021021023
24,0.25,9.733278258573996,0.022022022022022022
24,0.25,9.745135986951958,0.023023023023023025
24,0.25,9.88402111676956,0.024024024024024024
24,0.25,10.027850412718394,0.025025025025025027
24,0.25,10.170409335100949,0.026026026026026026
24,0.25,10.284073241726723,0.02702702702702703
24,0.25,10.295367670456223,0.028028028028028028
24,0.25,10.387939719724613,0.02902902902902903
24,0.25,10.45008628592003,0.03003003003003003
24,0.25,10.541417632875834,0.031031031031031032
24,0.25,10.551710920598154,0.03203203203203203
24,0.25,10.662871326260422,0.03303303303303303
24,0.25,11.194126577018096,0.03403403403403404
24,0.25,11.195866531155175,0.035035035035035036
24,0.25,11.37562645577328,0.036036036036036036
24,0.25,11.418383182018289,0.037037037037037035
24,0.25,11.438245224000859,0.03803803803803804
24,0.25,11.614000894531252,0.03903903903903904
24,0.25,11.729700825305287,0.04004004004004004
24,0.25,11.750221857685638,0.04104104104104104
24,0.25,11.768316354690562,0.042042042042042045
24,0.25,11.873319427513188,0.043043043043043044
24,0.25,11.931665548462746,0.044044044044044044
24,0.25,12.063077459570689,0.04504504504504504
24,0.25,12.074705963824755,0.04604604604604605
24,0.25,12.100844477817496,0.04704704704704705
24,0.25,12.157308583672581,0.04804804804804805
24,0.25,12.168070705484965,0.04904904904904905
24,0.25,12.255355460463257,0.05005005005005005
24,0.25,12.30701062525776,0.05105105105105105
24,0.25,12.565230713264853,0.05205205205205205
24,0.25,12.623130002768718,0.05305305305305305
24,0.25,12.722530137615841,0.05405405405405406
24,0.25,12.759096421194357,0.055055055055055056
24,0.25,12.921693892600963,0.056056056056056056
24,0.25,12.96474641055375,0.057057057057057055
24,0.25,13.002441805314056,0.05805805805805806
24,0.25,13.012360825223183,0.05905905905905906
24,0.25,13.027331836425212,0.06006006006006006
24,0.25,13.044699647888898,0.06106106106106106
24,0.25,13.217408554539105,0.062062062062062065
24,0.25,13.282801318050375,0.06306306306306306
24,0.25,13.334276981145536,0.06406406406406406
24,0.25,13.351790633272415,0.06506506506506507
24,0.25,13.39327296562493,0.06606606606606606
24,0.25,13.444574988934129,0.06706706706706707
24,0.25,13.489452857362437,0.06806806806806807
24,0.25,13.49148336469036,0.06906906906906907
24,0.25,13.526719225769199,0.07007007007007007
24,0.25,13.542468730580524,0.07107107107107107
24,0.25,13.608360473921373,0.07207207207207207
24,0.25,13.680758542631878,0.07307307307307308
24,0.25,13.681826712791995,0.07407407407407407
24,0.25,13.717612690208071,0.07507507507507508
24,0.25,13.73071256677023,0.07607607607607608
24,0.25,13.741010294714926,0.07707707707707707
24,0.25,13.753748053764824,0.07807807807807808
24,0.25,13.769223568130556,0.07907907907907907
24,0.25,13.774681458877382,0.08008008008008008
24,0.25,13.793315817266588,0.08108108108108109
24,0.25,13.86752776441756,0.08208208208208208
24,0.25,13.904175213458515,0.08308308308308308
24,0.25,13.977619052779943,0.08408408408408409
24,0.25,14.049137814332042,0.08508508508508508
24,0.25,14.079910230925961,0.08608608608608609
24,0.25,14.110597561597729,0.08708708708708708
24,0.25,14.121737997369678,0.08808808808808809
24,0.25,14.155398846172702,0.0890890890890891
24,0.25,14.158764236654363,0.09009009009009009
24,0.25,14.164656059053513,0.09109109109109109
24,0.25,14.21219696560025,0.0920920920920921
24,0.25,14.231805062194184,0.09309309309309309
24,0.25,14.246095252767532,0.0940940940940941
24,0.25,14.270440908308153,0.09509509509509509
24,0.25,14.276981897968703,0.0960960960960961
24,0.25,14.277913750975607,0.0970970970970971
24,0.25,14.29790709275089,0.0980980980980981
24,0.25,14.308637160537145,0.0990990990990991
24,0.25,14.390478482423205,0.1001001001001001
24,0.25,14.397973140769835,0.1011011011011011
24,0.25,14.438418000902885,0.1021021021021021
24,0.25,14.446766812145768,0.1031031031031031
24,0.25,14.465657977926114,0.1041041041041041
24,0.25,14.545952558414626,0.10510510510510511
24,0.25,14.614418525038133,0.1061061061061061
24,0.25,14.649048456066225,0.10710710710710711
24,0.25,14.702321885178797,0.10810810810810811
24,0.25,14.721276148556306,0.1091091091091091
24,0.25,14.749347599554277,0.11011011011011011
24,0.25,14.75302582168883,0.1111111111111111
24,0.25,14.791529203670038,0.11211211211211211
24,0.25,14.833382745678357,0.11311311311311312
24,0.25,14.844199550693737,0.11411411411411411
24,0.25,14.868591629209085,0.11511511511511512
24,0.25,14.86980362919973,0.11611611611611612
24,0.25,14.945580902767936,0.11711711711711711
24,0.25,14.976818159719429,0.11811811811811812
24,0.25,14.984695502085742,0.11911911911911911
24,0.25,15.034438154701867,0.12012012012012012
24,0.25,15.057076958553807,0.12112112112112113
24,0.25,15.122432895083897,0.12212212212212212
24,0.25,15.133520727272085,0.12312312312312312
24,0.25,15.142844978722032,0.12412412412412413
24,0.25,15.164376011220433,0.12512512512512514
24,0.25,15.17266085487988,0.12612612612612611
24,0.25,15.19924869940261,0.12712712712712712
24,0.25,15.214302704758907,0.12812812812812813
24,0.25,15.26824114572517,0.12912912912912913
24,0.25,15.32520767723637,0.13013013013013014
24,0.25,15.377563421563288,0.13113113113113112
24,0.25,15.400683698290493,0.13213213213213212
24,0.25,15.428546755038852,0.13313313313313313
24,0.25,15.441087487350416,0.13413413413413414
24,0.25,15.457682763883966,0.13513513513513514
24,0.25,15.488694297974341,0.13613613613613615
24,0.25,15.524141957377374,0.13713713713713713
24,0.25,15.54829905156737,0.13813813813813813
24,0.25,15.564678238441516,0.13913913913913914
24,0.25,15.575757636352407,0.14014014014014015
24,0.25,15.612008549753853,0.14114114114114115
24,0.25,15.637892433829194,0.14214214214214213
24,0.25,15.657698364038495,0.14314314314314314
24,0.25,15.674967834849681,0.14414414414414414
24,0.25,15.703181053794708,0.14514514514514515
24,0.25,15.752073170304875,0.14614614614614616
24,0.25,15.782057673956118,0.14714714714714713
24,0.25,15.78938881466339,0.14814814814814814
24,0.25,15.79027431945542,0.14914914914914915
24,0.25,15.79132808186938,0.15015015015015015
24,0.25,15.915580213974621,0.15115115115115116
24,0.25,15.963619145928241,0.15215215215215216
24,0.25,16.02272981395764,0.15315315315315314
24,0.25,16.03118723971025,0.15415415415415415
24,0.25,16.041843128169127,0.15515515515515516
24,0.25,16.053363009419243,0.15615615615615616
24,0.25,16.075910543868915,0.15715715715715717
24,0.25,16.097274487440195,0.15815815815815815
24,0.25,16.100766277468658,0.15915915915915915
24,0.25,16.111612635921773,0.16016016016016016
24,0.25,16.131773772221408,0.16116116116116116
24,0.25,16.169325385700745,0.16216216216216217
24,0.25,16.243443983887246,0.16316316316316315
24,0.25,16.249644082760163,0.16416416416416416
24,0.25,16.276740303544308,0.16516516516516516
24,0.25,16.306882248950707,0.16616616616616617
24,0.25,16.345004363793336,0.16716716716716717
24,0.25,16.352390654869033,0.16816816816816818
24,0.25,16.368311341558496,0.16916916916916916
24,0.25,16.388324700815815,0.17017017017017017
24,0.25,16.407288796273548,0.17117117117117117
24,0.25,16.41205138037919,0.17217217217217218
24,0.25,16.426936559916875,0.17317317317317318
24,0.25,16.432305883411928,0.17417417417417416
24,0.25,16.45945883578043,0.17517517517517517
24,0.25,16.493635900542948,0.17617617617617617
24,0.25,16.494448642621663,0.17717717717717718
24,0.25,16.510952593190396,0.1781781781781782
24,0.25,16.567935741478074,0.17917917917917917
24,0.25,16.568627809259553,0.18018018018018017
24,0.25,16.593609220386767,0.18118118118118118
24,0.25,16.628888240209747,0.18218218218218218
24,0.25,16.65512223858088,0.1831831831831832
24,0.25,16.657288223326887,0.1841841841841842
24,0.25,16.674577020789926,0.18518518518518517
24,0.25,16.72882159516425,0.18618618618618618
24,0.25,16.73835200014487,0.1871871871871872
24,0.25,16.774342684064955,0.1881881881881882
24,0.25,16.808324524557065,0.1891891891891892
24,0.25,16.81310410592014,0.19019019019019018
24,0.25,16.829742268300244,0.19119119119119118
24,0.25,16.876556836979688,0.1921921921921922
24,0.25,16.90295072414731,0.1931931931931932
24,0.25,16.905912630256623,0.1941941941941942
24,0.25,16.9166231919977,0.19519519519519518
24,0.25,16.93125488742333,0.1961961961961962
24,0.25,16.942428711879344,0.1971971971971972
24,0.25,16.963103212168583,0.1981981981981982
24,0.25,16.964257195889864,0.1991991991991992
24,0.25,16.997357647856447,0.2002002002002002
24,0.25,17.010717160125274,0.2012012012012012
24,0.25,17.031813785485184,0.2022022022022022
24,0.25,17.088834131122233,0.2032032032032032
24,0.25,17.09063628417838,0.2042042042042042
24,0.25,17.09579535487064,0.20520520520520522
24,0.25,17.158186504101366,0.2062062062062062
24,0.25,17.160833365113838,0.2072072072072072
24,0.25,17.163538394216005,0.2082082082082082
24,0.25,17.1653596944466,0.2092092092092092
24,0.25,17.16793262258156,0.21021021021021022
24,0.25,17.168197492610943,0.21121121121121122
24,0.25,17.183209232184716,0.2122122122122122
24,0.25,17.214114447145263,0.2132132132132132
24,0.25,17.27074747293924,0.21421421421421422
24,0.25,17.318813576434664,0.21521521521521522
24,0.25,17.31898375257598,0.21621621621621623
24,0.25,17.34977174722954,0.2172172172172172
24,0.25,17.36117384768518,0.2182182182182182
24,0.25,17.390311935661927,0.21921921921921922
24,0.25,17.391086942014972,0.22022022022022023
24,0.25,17.39917754518296,0.22122122122122123
24,0.25,17.429406994709453,0.2222222222222222
24,0.25,17.432202303180766,0.22322322322322322
24,0.25,17.448920006307183,0.22422422422422422
24,0.25,17.458128497724026,0.22522522522522523
24,0.25,17.542952705845835,0.22622622622622623
24,0.25,17.563187135025757,0.22722722722722724
24,0.25,17.585887746013555,0.22822822822822822
24,0.25,17.64044218438145,0.22922922922922923
24,0.25,17.662459958828833,0.23023023023023023
24,0.25,17.662916620844925,0.23123123123123124
24,0.25,17.690641571001294,0.23223223223223224
24,0.25,17.734773263668018,0.23323323323323322
24,0.25,17.735783276813535,0.23423423423423423
24,0.25,17.75332165781557,0.23523523523523523
24,0.25,17.755644054493338,0.23623623623623624
24,0.25,17.759190844173787,0.23723723723723725
24,0.25,17.763496416150886,0.23823823823823823
24,0.25,17.765336959389984,0.23923923923923923
24,0.25,17.807368980421693,0.24024024024024024
24,0.25,17.810992017222112,0.24124124124124124
24,0.25,17.81433363561704,0.24224224224224225
24,0.25,17.829936821507985,0.24324324324324326
24,0.25,17.857181694987034,0.24424424424424424
24,0.25,17.883999664138514,0.24524524524524524
24,0.25,17.889423074925027,0.24624624624624625
24,0.25,17.920552093592264,0.24724724724724725
24,0.25,17.979757825507477,0.24824824824824826
24,0.25,17.9910182424356,0.24924924924924924
24,0.25,17.991970289150245,0.2502502502502503
24,0.25,18.025189112591896,0.25125125125125125
24,0.25,18.034168251240082,0.25225225225225223
24,0.25,18.06758634523058,0.25325325325325326
24,0.25,18.077624637671185,0.25425425425425424
24,0.25,18.081581776278185,0.2552552552552553
24,0.25,18.082197284482064,0.25625625625625625
24,0.25,18.087945307270587,0.25725725725725723
24,0.25,18.092599035592087,0.25825825825825827
24,0.25,18.09852000185272,0.25925925925925924
24,0.25,18.102273504255017,0.2602602602602603
24,0.25,18.104257619172785,0.26126126126126126
24,0.25,18.11153090103187,0.26226226226226224
24,0.25,18.126872183935866,0.26326326326326327
24,0.25,18.14163508431556,0.26426426426426425
24,0.25,18.145483158175736,0.2652652652652653
24,0.25,18.152067634111617,0.26626626626626626
24,0.25,18.15255607137356,0.2672672672672673
24,0.25,18.169202779999146,0.2682682682682683
24,0.25,18.197530984544272,0.26926926926926925
24,0.25,18.199422720730084,0.2702702702702703
24,0.25,18.22655653266517,0.27127127127127126
24,0.25,18.226909068868856,0.2722722722722723
24,0.25,18.234987543287517,0.2732732732732733
24,0.25,18.24219273699552,0.27427427427427425
24,0.25,18.24501308986494,0.2752752752752753
24,0.25,18.257446408777795,0.27627627627627627
24,0.25,18.263199822247245,0.2772772772772773
24,0.25,18.26369866422757,0.2782782782782783
24,0.25,18.272990140724644,0.27927927927927926
24,0.25,18.296623082700705,0.2802802802802803
24,0.25,18.30395617731002,0.28128128128128127
24,0.25,18.32393842366504,0.2822822822822823
24,0.25,18.34817492600976,0.2832832832832833
24,0.25,18.354178251774528,0.28428428428428426
24,0.25,18.359720183304063,0.2852852852852853
24,0.25,18.365636041305876,0.2862862862862863
24,0.25,18.39067560607822,0.2872872872872873
24,0.25,18.395079411358758,0.2882882882882883
24,0.25,18.399097288059856,0.28928928928928926
24,0.25,18.40258590136827,0.2902902902902903
24,0.25,18.40742227068435,0.2912912912912913
24,0.25,18.467143974964735,0.2922922922922923
24,0.25,18.476210238430248,0.2932932932932933
24,0.25,18.49092413910111,0.29429429429429427
24,0.25,18.495606997914763,0.2952952952952953
24,0.25,18.51030532081417,0.2962962962962963
24,0.25,18.511960566309313,0.2972972972972973
24,0.25,18.537892255792308,0.2982982982982983
24,0.25,18.54659052940989,0.2992992992992993
24,0.25,18.57068150790274,0.3003003003003003
24,0.25,18.58139019327446,0.3013013013013013
24,0.25,18.607996520298343,0.3023023023023023
24,0.25,18.618038001539787,0.3033033033033033
24,0.25,18.623112677419407,0.30430430430430433
24,0.25,18.66243557871598,0.3053053053053053
24,0.25,18.668632911318426,0.3063063063063063
24,0.25,18.69700953519329,0.3073073073073073
24,0.25,18.72578790932615,0.3083083083083083
24,0.25,18.732193418138536,0.30930930930930933
24,0.25,18.760762971157668,0.3103103103103103
24,0.25,18.765089308261267,0.3113113113113113
24,0.25,18.76594706430258,0.3123123123123123
24,0.25,18.772427417657184,0.3133133133133133
24,0.25,18.77613137432528,0.31431431431431434
24,0.25,18.779462636285004,0.3153153153153153
24,0.25,18.786710671730972,0.3163163163163163
24,0.25,18.792151475828504,0.3173173173173173
24,0.25,18.79254386801623,0.3183183183183183
24,0.25,18.798417459112827,0.31931931931931934
24,0.25,18.800408880871927,0.3203203203203203
24,0.25,18.810669183345,0.3213213213213213
24,0.25,18.822758978360454,0.32232232232232233
24,0.25,18.8230021454321,0.3233233233233233
24,0.25,18.86557241119999,0.32432432432432434
24,0.25,18.87395909423914,0.3253253253253253
24,0.25,18.879399471100392,0.3263263263263263
24,0.25,18.895920534638137,0.32732732732732733
24,0.25,18.900904383830444,0.3283283283283283
24,0.25,18.90462527979171,0.32932932932932935
24,0.25,18.92010423285337,0.3303303303303303
24,0.25,18.935462725056254,0.33133133133133136
24,0.25,18.94160468707249,0.33233233233233234
24,0.25,19.00664222748224,0.3333333333333333
24,0.25,19.012607106258805,0.33433433433433435
24,0.25,19.02775723386469,0.3353353353353353
24,0.25,19.05049253618475,0.33633633633633636
24,0.25,19.063803466522934,0.33733733733733734
24,0.25,19.082954822933146,0.3383383383383383
24,0.25,19.083763446269252,0.33933933933933935
24,0.25,19.087222648357823,0.34034034034034033
24,0.25,19.099737072610132,0.34134134134134136
24,0.25,19.112327857912085,0.34234234234234234
24,0.25,19.115291727055933,0.3433433433433433
24,0.25,19.13362179449252,0.34434434434434436
24,0.25,19.182498297184985,0.34534534534534533
24,0.25,19.185845627030403,0.34634634634634637
24,0.25,19.210253586524317,0.34734734734734735
24,0.25,19.213805185504043,0.3483483483483483
24,0.25,19.221372987590243,0.34934934934934936
24,0.25,19.25278567678366,0.35035035035035034
24,0.25,19.25552707140973,0.35135135135135137
24,0.25,19.271912151086916,0.35235235235235235
24,0.25,19.280578230348475,0.3533533533533533
24,0.25,19.28095738987639,0.35435435435435436
24,0.25,19.285534269343657,0.35535535535535534
24,0.25,19.303467068451027,0.3563563563563564
24,0.25,19.323280398397813,0.35735735735735735
24,0.25,19.325595560076536,0.35835835835835833
24,0.25,19.33089193001635,0.35935935935935936
24,0.25,19.346057495940485,0.36036036036036034
24,0.25,19.36315863768187,0.3613613613613614
24,0.25,19.367578286673655,0.36236236236236236
24,0.25,19.370021509709886,0.3633633633633634
24,0.25,19.384527462998477,0.36436436436436437
24,0.25,19.39613704847622,0.36536536536536535
24,0.25,19.43322349483914,0.3663663663663664
24,0.25,19.454747630293753,0.36736736736736736
24,0.25,19.4616927205024,0.3683683683683684
24,0.25,19.461736658817884,0.36936936936936937
24,0.25,19.479321627226632,0.37037037037037035
24,0.25,19.482076341316557,0.3713713713713714
24,0.25,19.490621721162412,0.37237237237237236
24,0.25,19.491718884487923,0.3733733733733734
24,0.25,19.50425484409608,0.3743743743743744
24,0.25,19.52049233574332,0.37537537537537535
24,0.25,19.521996049735932,0.3763763763763764
24,0.25,19.537922298316772,0.37737737737737737
24,0.25,19.54578367030713,0.3783783783783784
24,0.25,19.553245164775895,0.3793793793793794
24,0.25,19.558598649762743,0.38038038038038036
24,0.25,19.5593609655851,0.3813813813813814
24,0.25,19.568911841782693,0.38238238238238237
24,0.25,19.585104688624895,0.3833833833833834
24,0.25,19.60516772115045,0.3843843843843844
24,0.25,19.61231196540507,0.38538538538538536
24,0.25,19.62500689061293,0.3863863863863864
24,0.25,19.62923620357055,0.38738738738738737
24,0.25,19.629622717677037,0.3883883883883884
24,0.25,19.630754145087337,0.3893893893893894
24,0.25,19.655250637971555,0.39039039039039036
24,0.25,19.65854908123945,0.3913913913913914
24,0.25,19.686318783849075,0.3923923923923924
24,0.25,19.695970069177818,0.3933933933933934
24,0.25,19.698390948825356,0.3943943943943944
24,0.25,19.70085105009995,0.3953953953953954
24,0.25,19.72051565305111,0.3963963963963964
24,0.25,19.72148747709157,0.3973973973973974
24,0.25,19.72365323739598,0.3983983983983984
24,0.25,19.734618954500576,0.3993993993993994
24,0.25,19.75384172419919,0.4004004004004004
24,0.25,19.764143150608128,0.4014014014014014
24,0.25,19.767346306609987,0.4024024024024024
24,0.25,19.772211902944996,0.4034034034034034
24,0.25,19.779212509802818,0.4044044044044044
24,0.25,19.79774560565803,0.40540540540540543
24,0.25,19.810817331100388,0.4064064064064064
24,0.25,19.81229337411233,0.4074074074074074
24,0.25,19.818896453244207,0.4084084084084084
24,0.25,19.819042263804818,0.4094094094094094
24,0.25,19.835922480866827,0.41041041041041043
24,0.25,19.836780739612124,0.4114114114114114
24,0.25,19.84552886546748,0.4124124124124124
24,0.25,19.850160424506498,0.4134134134134134
24,0.25,19.860530692884446,0.4144144144144144
24,0.25,19.86691867201023,0.41541541541541543
24,0.25,19.888902004102206,0.4164164164164164
24,0.25,19.906692871870106,0.4174174174174174
24,0.25,19.91145880633566,0.4184184184184184
24,0.25,19.914351100751716,0.4194194194194194
24,0.25,19.914937193225327,0.42042042042042044
24,0.25,19.919481879317026,0.4214214214214214
24,0.25,19.920160612393033,0.42242242242242245
24,0.25,19.92288765967845,0.42342342342342343
24,0.25,19.932774204505066,0.4244244244244244
24,0.25,19.948701424728434,0.42542542542542544
24,0.25,19.94962894867865,0.4264264264264264
24,0.25,19.95413825590181,0.42742742742742745
24,0.25,19.962150169318264,0.42842842842842843
24,0.25,19.964089949590267,0.4294294294294294
24,0.25,19.966784071704694,0.43043043043043044
24,0.25,19.967804162701896,0.4314314314314314
24,0.25,19.988768722337596,0.43243243243243246
24,0.25,19.99075844357459,0.43343343343343343
24,0.25,19.99243892314228,0.4344344344344344
24,0.25,19.996509589667887,0.43543543543543545
24,0.25,20.00511507485443,0.4364364364364364
24,0.25,20.012385525570195,0.43743743743743746
24,0.25,20.02060901676346,0.43843843843843844
24,0.25,20.044543506661263,0.4394394394394394
24,0.25,20.047816158739415,0.44044044044044045
24,0.25,20.05346866961407,0.44144144144144143
24,0.25,20.074184724680066,0.44244244244244246
24,0.25,20.07653989772784,0.44344344344344344
24,0.25,20.07677939098624,0.4444444444444444
24,0.25,20.08469819010263,0.44544544544544545
24,0.25,20.09233349491673,0.44644644644644643
24,0.25,20.098576691461908,0.44744744744744747
24,0.25,20.10476416712885,0.44844844844844844
24,0.25,20.127682397674995,0.4494494494494494
24,0.25,20.13512317613116,0.45045045045045046
24,0.25,20.14218870604791,0.45145145145145144
24,0.25,20.147578756434584,0.45245245245245247
24,0.25,20.154723684927404,0.45345345345345345
24,0.25,20.163718698888736,0.4544544544544545
24,0.25,20.163822427733557,0.45545545545545546
24,0.25,20.163951906782927,0.45645645645645644
24,0.25,20.187473180131022,0.4574574574574575
24,0.25,20.193107927458072,0.45845845845845845
24,0.25,20.21296634468726,0.4594594594594595
24,0.25,20.217393432725714,0.46046046046046046
24,0.25,20.23018836612175,0.46146146146146144
24,0.25,20.23414178338929,0.4624624624624625
24,0.25,20.24151053697156,0.46346346346346345
24,0.25,20.245554393915235,0.4644644644644645
24,0.25,20.260458836198538,0.46546546546546547
24,0.25,20.27964719045412,0.46646646646646645
24,0.25,20.280920131231603,0.4674674674674675
24,0.25,20.281737600426844,0.46846846846846846
24,0.25,20.29585152757805,0.4694694694694695
24,0.25,20.30102355204278,0.47047047047047047
24,0.25,20.307376228092537,0.47147147147147145
24,0.25,20.318321181312463,0.4724724724724725
24,0.25,20.321166200671158,0.47347347347347346
24,0.25,20.322582400984288,0.4744744744744745
24,0.25,20.350469443493637,0.4754754754754755
24,0.25,20.35051667242874,0.47647647647647645
24,0.25,20.353831225825772,0.4774774774774775
24,0.25,20.38007509808071,0.47847847847847846
24,0.25,20.39010475699959,0.4794794794794795
24,0.25,20.40989314097135,0.4804804804804805
24,0.25,20.414973249417272,0.48148148148148145
24,0.25,20.426539951230332,0.4824824824824825
24,0.25,20.44532967567389,0.48348348348348347
24,0.25,20.448910984760033,0.4844844844844845
24,0.25,20.45513769335642,0.4854854854854855
24,0.25,20.460128810036224,0.4864864864864865
24,0.25,20.47375353457131,0.4874874874874875
24,0.25,20.48131546097767,0.48848848848848847
24,0.25,20.484382644566047,0.4894894894894895
24,0.25,20.490693854189573,0.4904904904904905
24,0.25,20.49755558930034,0.4914914914914915
24,0.25,20.50310813257269,0.4924924924924925
24,0.25,20.515163746423312,0.4934934934934935
24,0.25,20.5244531296621,0.4944944944944945
24,0.25,20.531489296266777,0.4954954954954955
24,0.25,20.56422880331393,0.4964964964964965
24,0.25,20.570946731746616,0.4974974974974975
24,0.25,20.589223767037495,0.4984984984984985
24,0.25,20.594663901256027,0.4994994994994995
24,0.25,20.621405114142497,0.5005005005005005
24,0.25,20.64014807079863,0.5015015015015015
24,0.25,20.64361969407466,0.5025025025025025
24,0.25,20.64785342747247,0.5035035035035035
24,0.25,20.682326256338712,0.5045045045045045
24,0.25,20.683132134334244,0.5055055055055055
24,0.25,20.683286591044748,0.5065065065065065
24,0.25,20.697178839847304,0.5075075075075075
24,0.25,20.6995900455401,0.5085085085085085
24,0.25,20.715256118058576,0.5095095095095095
24,0.25,20.737244530865567,0.5105105105105106
24,0.25,20.73993284448096,0.5115115115115115
24,0.25,20.758103834801013,0.5125125125125125
24,0.25,20.759445133705597,0.5135135135135135
24,0.25,20.764134733037288,0.5145145145145145
24,0.25,20.779099864776896,0.5155155155155156
24,0.25,20.796024792809284,0.5165165165165165
24,0.25,20.82097262137868,0.5175175175175175
24,0.25,20.824344233571708,0.5185185185185185
24,0.25,20.83504236324169,0.5195195195195195
24,0.25,20.857491120099553,0.5205205205205206
24,0.25,20.860798577907843,0.5215215215215215
24,0.25,20.88041980258827,0.5225225225225225
24,0.25,20.88175574568578,0.5235235235235235
24,0.25,20.887464878594784,0.5245245245245245
24,0.25,20.89375834450143,0.5255255255255256
24,0.25,20.896900408245145,0.5265265265265265
24,0.25,20.897025027342025,0.5275275275275275
24,0.25,20.899613488752593,0.5285285285285285
24,0.25,20.905955401317556,0.5295295295295295
24,0.25,20.906802657839577,0.5305305305305306
24,0.25,20.90749815614209,0.5315315315315315
24,0.25,20.91443694932083,0.5325325325325325
24,0.25,20.916526758136996,0.5335335335335335
24,0.25,20.917558004255866,0.5345345345345346
24,0.25,20.923410390170957,0.5355355355355356
24,0.25,20.931303659546437,0.5365365365365365
24,0.25,20.937239837619508,0.5375375375375375
24,0.25,20.938984404770622,0.5385385385385385
24,0.25,20.94155662600555,0.5395395395395396
24,0.25,20.95402878224371,0.5405405405405406
24,0.25,20.95703070961686,0.5415415415415415
24,0.25,20.96880467017924,0.5425425425425425
24,0.25,20.971133973390167,0.5435435435435435
24,0.25,21.025853860901222,0.5445445445445446
24,0.25,21.05472236953657,0.5455455455455456
24,0.25,21.058441182213244,0.5465465465465466
24,0.25,21.062149527262342,0.5475475475475475
24,0.25,21.062545813217675,0.5485485485485485
24,0.25,21.06878144595592,0.5495495495495496
24,0.25,21.071186779167917,0.5505505505505506
24,0.25,21.076515672648767,0.5515515515515516
24,0.25,21.08009464228646,0.5525525525525525
24,0.25,21.091785470701588,0.5535535535535535
24,0.25,21.100700333437338,0.5545545545545546
24,0.25,21.11712352590174,0.5555555555555556
24,0.25,21.11750161228585,0.5565565565565566
24,0.25,21.124386966725694,0.5575575575575575
24,0.25,21.12449143836372,0.5585585585585585
24,0.25,21.148832699883812,0.5595595595595596
24,0.25,21.153302329890117,0.5605605605605606
24,0.25,21.1545910283032,0.5615615615615616
24,0.25,21.15510979109216,0.5625625625625625
24,0.25,21.15895393540989,0.5635635635635635
24,0.25,21.171578269451686,0.5645645645645646
24,0.25,21.212720773009536,0.5655655655655656
24,0.25,21.21953627375609,0.5665665665665666
24,0.25,21.238176293023976,0.5675675675675675
24,0.25,21.24030584223034,0.5685685685685685
24,0.25,21.247073486327864,0.5695695695695696
24,0.25,21.270149361132503,0.5705705705705706
24,0.25,21.28562662886253,0.5715715715715716
24,0.25,21.302865658154637,0.5725725725725725
24,0.25,21.305212146798617,0.5735735735735735
24,0.25,21.308669384756413,0.5745745745745746
24,0.25,21.33090499684588,0.5755755755755756
24,0.25,21.334752332375444,0.5765765765765766
24,0.25,21.343857915511407,0.5775775775775776
24,0.25,21.34406387787974,0.5785785785785785
24,0.25,21.363634669202256,0.5795795795795796
24,0.25,21.364007318358958,0.5805805805805806
24,0.25,21.364508950108117,0.5815815815815816
24,0.25,21.38235144567193,0.5825825825825826
24,0.25,21.38401478256455,0.5835835835835835
24,0.25,21.38891369747264,0.5845845845845846
24,0.25,21.401331062170833,0.5855855855855856
24,0.25,21.40337778021653,0.5865865865865866
24,0.25,21.405731539598044,0.5875875875875876
24,0.25,21.407878425844338,0.5885885885885885
24,0.25,21.410261249982085,0.5895895895895896
24,0.25,21.43129634422357,0.5905905905905906
24,0.25,21.446383112097102,0.5915915915915916
24,0.25,21.446514061033383,0.5925925925925926
24,0.25,21.45062089367289,0.5935935935935935
24,0.25,21.46802131742959,0.5945945945945946
24,0.25,21.471948753371436,0.5955955955955956
24,0.25,21.482830048918856,0.5965965965965966
24,0.25,21.488195882414495,0.5975975975975976
24,0.25,21.49209943755811,0.5985985985985987
24,0.25,21.50105097828323,0.5995995995995996
24,0.25,21.507084242570244,0.6006006006006006
24,0.25,21.510709668552025,0.6016016016016016
24,0.25,21.513998659419578,0.6026026026026026
24,0.25,21.523020755552565,0.6036036036036037
24,0.25,21.563028805881473,0.6046046046046046
24,0.25,21.578043150125666,0.6056056056056056
24,0.25,21.581453092127475,0.6066066066066066
24,0.25,21.60592558449504,0.6076076076076076
24,0.25,21.611631087424087,0.6086086086086087
24,0.25,21.625869937876587,0.6096096096096096
24,0.25,21.628180682300595,0.6106106106106106
24,0.25,21.629926771771196,0.6116116116116116
24,0.25,21.630339443286772,0.6126126126126126
24,0.25,21.63363575100624,0.6136136136136137
24,0.25,21.647578612552337,0.6146146146146146
24,0.25,21.656701688984526,0.6156156156156156
24,0.25,21.658285012581835,0.6166166166166166
24,0.25,21.678659251258082,0.6176176176176176
24,0.25,21.682139196080023,0.6186186186186187
24,0.25,21.688395651287053,0.6196196196196196
24,0.25,21.694477583961927,0.6206206206206206
24,0.25,21.709060361760628,0.6216216216216216
24,0.25,21.716161036641225,0.6226226226226226
24,0.25,21.721015816068352,0.6236236236236237
24,0.25,21.745208785352062,0.6246246246246246
24,0.25,21.749153246416213,0.6256256256256256
24,0.25,21.754098137575895,0.6266266266266266
24,0.25,21.769650272743213,0.6276276276276276
24,0.25,21.774953021582768,0.6286286286286287
24,0.25,21.77889639327242,0.6296296296296297
24,0.25,21.79307760341886,0.6306306306306306
24,0.25,21.79443256375223,0.6316316316316316
24,0.25,21.811030241102507,0.6326326326326326
24,0.25,21.82827263770419,0.6336336336336337
24,0.25,21.83228943377273,0.6346346346346347
24,0.25,21.83269297433027,0.6356356356356356
24,0.25,21.845897431932144,0.6366366366366366
24,0.25,21.84873696798377,0.6376376376376376
24,0.25,21.85388832454541,0.6386386386386387
24,0.25,21.85757666156472,0.6396396396396397
24,0.25,21.85940907104223,0.6406406406406406
24,0.25,21.86084601318852,0.6416416416416416
24,0.25,21.87002015307135,0.6426426426426426
24,0.25,21.87699681300417,0.6436436436436437
24,0.25,21.88374493105586,0.6446446446446447
24,0.25,21.884826044371593,0.6456456456456456
24,0.25,21.889332071106736,0.6466466466466466
24,0.25,21.890482267164195,0.6476476476476476
24,0.25,21.893330467379172,0.6486486486486487
24,0.25,21.89844652170074,0.6496496496496497
24,0.25,21.898600162853157,0.6506506506506506
24,0.25,21.906966370882394,0.6516516516516516
24,0.25,21.924920875060856,0.6526526526526526
24,0.25,21.926707570195333,0.6536536536536537
24,0.25,21.930138600189423,0.6546546546546547
24,0.25,21.93189770427093,0.6556556556556556
24,0.25,21.946402984578192,0.6566566566566566
24,0.25,21.950710295164768,0.6576576576576577
24,0.25,21.958217948003465,0.6586586586586587
24,0.25,21.967851524437236,0.6596596596596597
24,0.25,21.98456674784355,0.6606606606606606
24,0.25,21.984848788564634,0.6616616616616616
24,0.25,21.98773993803124,0.6626626626626627
24,0.25,21.99454181676279,0.6636636636636637
24,0.25,21.996412186671513,0.6646646646646647
24,0.25,22.00440688528729,0.6656656656656657
24,0.25,22.031485552462357,0.6666666666666666
24,0.25,22.058021098576432,0.6676676676676677
24,0.25,22.061164978144426,0.6686686686686687
24,0.25,22.06162705503192,0.6696696696696697
24,0.25,22.072540402242247,0.6706706706706707
24,0.25,22.074163403939025,0.6716716716716716
24,0.25,22.100079726187957,0.6726726726726727
24,0.25,22.100820284409536,0.6736736736736737
24,0.25,22.10541056989579,0.6746746746746747
24,0.25,22.12468727348073,0.6756756756756757
24,0.25,22.12813051051309,0.6766766766766766
24,0.25,22.136069055178694,0.6776776776776777
24,0.25,22.13765668665996,0.6786786786786787
24,0.25,22.1567437728867,0.6796796796796797
24,0.25,22.175626498239474,0.6806806806806807
24,0.25,22.180205143582,0.6816816816816816
24,0.25,22.18046215884499,0.6826826826826827
24,0.25,22.182150435923283,0.6836836836836837
24,0.25,22.1937114557757,0.6846846846846847
24,0.25,22.216172319255996,0.6856856856856857
24,0.25,22.21955952887985,0.6866866866866866
24,0.25,22.24211163680689,0.6876876876876877
24,0.25,22.25001735491007,0.6886886886886887
24,0.25,22.250244032789396,0.6896896896896897
24,0.25,22.260907729467718,0.6906906906906907
24,0.25,22.263622181925143,0.6916916916916916
24,0.25,22.276982102694397,0.6926926926926927
24,0.25,22.280510741824642,0.6936936936936937
24,0.25,22.28135463331803,0.6946946946946947
24,0.25,22.29857101230656,0.6956956956956957
24,0.25,22.30502653693921,0.6966966966966966
24,0.25,22.318590777313815,0.6976976976976977
24,0.25,22.326989448714478,0.6986986986986987
24,0.25,22.34583907337433,0.6996996996996997
24,0.25,22.350097951242752,0.7007007007007007
24,0.25,22.355046933443,0.7017017017017017
24,0.25,22.356075302916565,0.7027027027027027
24,0.25,22.3631323521764,0.7037037037037037
24,0.25,22.36336634042887,0.7047047047047047
24,0.25,22.370180833095695,0.7057057057057057
24,0.25,22.371217831849435,0.7067067067067067
24,0.25,22.383674996083087,0.7077077077077077
24,0.25,22.393962565024907,0.7087087087087087
24,0.25,22.408085615843554,0.7097097097097097
24,0.25,22.4301616479636,0.7107107107107107
24,0.25,22.437186700661165,0.7117117117117117
24,0.25,22.450057676008193,0.7127127127127127
24,0.25,22.45165148951206,0.7137137137137137
24,0.25,22.453364239454373,0.7147147147147147
24,0.25,22.453369641198755,0.7157157157157157
24,0.25,22.465191588102172,0.7167167167167167
24,0.25,22.484578261954198,0.7177177177177178
24,0.25,22.492297423011017,0.7187187187187187
24,0.25,22.496169395456036,0.7197197197197197
24,0.25,22.496195107740846,0.7207207207207207
24,0.25,22.497732634427024,0.7217217217217218
24,0.25,22.506585000588565,0.7227227227227228
24,0.25,22.52004539673745,0.7237237237237237
24,0.25,22.522292291018488,0.7247247247247247
24,0.25,22.52313439603484,0.7257257257257257
24,0.25,22.52636922689711,0.7267267267267268
24,0.25,22.53399627743503,0.7277277277277278
24,0.25,22.53776806487194,0.7287287287287287
24,0.25,22.54270449444674,0.7297297297297297
24,0.25,22.566806909054435,0.7307307307307307
24,0.25,22.569890824554797,0.7317317317317318
24,0.25,22.575880773446286,0.7327327327327328
24,0.25,22.576782986347276,0.7337337337337337
24,0.25,22.577913999733752,0.7347347347347347
24,0.25,22.583502890904256,0.7357357357357357
24,0.25,22.605034159525722,0.7367367367367368
24,0.25,22.60559894835866,0.7377377377377378
24,0.25,22.607517162001216,0.7387387387387387
24,0.25,22.608625851781554,0.7397397397397397
24,0.25,22.61037154356511,0.7407407407407407
24,0.25,22.61191785304024,0.7417417417417418
24,0.25,22.617056224340438,0.7427427427427428
24,0.25,22.618582191150338,0.7437437437437437
24,0.25,22.625688938751964,0.7447447447447447
24,0.25,22.62934866029569,0.7457457457457457
24,0.25,22.631471011748403,0.7467467467467468
24,0.25,22.631755655802245,0.7477477477477478
24,0.25,22.642847513224915,0.7487487487487487
24,0.25,22.654598217837155,0.7497497497497497
24,0.25,22.65583164275568,0.7507507507507507
24,0.25,22.657871209703423,0.7517517517517518
24,0.25,22.6649412129184,0.7527527527527528
24,0.25,22.669625169197396,0.7537537537537538
24,0.25,22.68425110515495,0.7547547547547547
24,0.25,22.687372037452548,0.7557557557557557
24,0.25,22.703852062815088,0.7567567567567568
24,0.25,22.70400469139593,0.7577577577577578
24,0.25,22.706287336690707,0.7587587587587588
24,0.25,22.71073774444693,0.7597597597597597
24,0.25,22.71275579301554,0.7607607607607607
24,0.25,22.75826818444783,0.7617617617617618
24,0.25,22.759548359089905,0.7627627627627628
24,0.25,22.76716311543686,0.7637637637637638
24,0.25,22.77544309477814,0.7647647647647647
24,0.25,22.78304819001741,0.7657657657657657
24,0.25,22.786556542889727,0.7667667667667668
24,0.25,22.795539270843676,0.7677677677677678
24,0.25,22.79948775380784,0.7687687687687688
24,0.25,22.811137568719992,0.7697697697697697
24,0.25,22.83505234714415,0.7707707707707707
24,0.25,22.86162224686587,0.7717717717717718
24,0.25,22.86958449643555,0.7727727727727728
24,0.25,22.889640431300023,0.7737737737737738
24,0.25,22.9012976285619,0.7747747747747747
24,0.25,22.905256778125768,0.7757757757757757
24,0.25,22.908631508832315,0.7767767767767768
24,0.25,22.910696871456707,0.7777777777777778
24,0.25,22.91554076281564,0.7787787787787788
24,0.25,22.933433005721646,0.7797797797797797
24,0.25,22.933562568373105,0.7807807807807807
24,0.25,22.94906612189365,0.7817817817817818
24,0.25,22.95094744996303,0.7827827827827828
24,0.25,22.953456312911356,0.7837837837837838
24,0.25,22.963738192246126,0.7847847847847848
24,0.25,22.964530639000863,0.7857857857857858
24,0.25,22.97557198575366,0.7867867867867868
24,0.25,22.98395409607533,0.7877877877877878
24,0.25,22.987519202487107,0.7887887887887888
24,0.25,23.00030670529393,0.7897897897897898
24,0.25,23.008556751897807,0.7907907907907908
24,0.25,23.01359667600415,0.7917917917917918
24,0.25,23.02105015569424,0.7927927927927928
24,0.25,23.02499337257671,0.7937937937937938
24,0.25,23.05676837916959,0.7947947947947948
24,0.25,23.060800512489287,0.7957957957957958
24,0.25,23.062751371099004,0.7967967967967968
24,0.25,23.071432849955144,0.7977977977977978
24,0.25,23.07539262184568,0.7987987987987988
24,0.25,23.10495131199709,0.7997997997997998
24,0.25,23.117488196646633,0.8008008008008008
24,0.25,23.130126607720285,0.8018018018018018
24,0.25,23.131980496296976,0.8028028028028028
24,0.25,23.136950350646316,0.8038038038038038
24,0.25,23.1548058850045,0.8048048048048048
24,0.25,23.15711037418319,0.8058058058058059
24,0.25,23.158917839006953,0.8068068068068068
24,0.25,23.194658727867782,0.8078078078078078
24,0.25,23.195748264787213,0.8088088088088088
24,0.25,23.201424833369536,0.8098098098098098
24,0.25,23.204578668744354,0.8108108108108109
24,0.25,23.207320046347036,0.8118118118118118
24,0.25,23.23937086455917,0.8128128128128128
24,0.25,23.245653771128616,0.8138138138138138
24,0.25,23.250479876472674,0.8148148148148148
24,0.25,23.293240598192426,0.8158158158158159
24,0.25,23.30209174818622,0.8168168168168168
24,0.25,23.306453814709585,0.8178178178178178
24,0.25,23.328504182146872,0.8188188188188188
24,0.25,23.33030195178172,0.8198198198198198
24,0.25,23.341374372155613,0.8208208208208209
24,0.25,23.362165273171243,0.8218218218218218
24,0.25,23.363440724774208,0.8228228228228228
24,0.25,23.365051466432973,0.8238238238238238
24,0.25,23.398612101042026,0.8248248248248248
24,0.25,23.4022851768799,0.8258258258258259
24,0.25,23.40453448454651,0.8268268268268268
24,0.25,23.41597791728831,0.8278278278278278
24,0.25,23.444029326579454,0.8288288288288288
24,0.25,23.483435133033083,0.8298298298298298
24,0.25,23.486202904318205,0.8308308308308309
24,0.25,23.495226122417144,0.8318318318318318
24,0.25,23.500842596880553,0.8328328328328328
24,0.25,23.511441659405946,0.8338338338338338
24,0.25,23.512447871270126,0.8348348348348348
24,0.25,23.52759027599656,0.8358358358358359
24,0.25,23.545284298763654,0.8368368368368369
24,0.25,23.561683925025612,0.8378378378378378
24,0.25,23.578329389673364,0.8388388388388388
24,0.25,23.580470951586342,0.8398398398398398
24,0.25,23.59484508844786,0.8408408408408409
24,0.25,23.59753727335721,0.8418418418418419
24,0.25,23.60023782965913,0.8428428428428428
24,0.25,23.622542284314676,0.8438438438438438
24,0.25,23.63381002246814,0.8448448448448449
24,0.25,23.649343951911717,0.8458458458458459
24,0.25,23.652429296960236,0.8468468468468469
24,0.25,23.669064161966595,0.8478478478478478
24,0.25,23.68872876386765,0.8488488488488488
24,0.25,23.698221542778953,0.8498498498498499
24,0.25,23.711968455681152,0.8508508508508509
24,0.25,23.718341171057318,0.8518518518518519
24,0.25,23.721204209821074,0.8528528528528528
24,0.25,23.73269082704607,0.8538538538538538
24,0.25,23.73398776579579,0.8548548548548549
24,0.25,23.739303951432625,0.8558558558558559
24,0.25,23.75227939740668,0.8568568568568569
24,0.25,23.766132879633787,0.8578578578578578
24,0.25,23.770951262863974,0.8588588588588588
24,0.25,23.796513175689235,0.8598598598598599
24,0.25,23.80612479132909,0.8608608608608609
24,0.25,23.829754264885395,0.8618618618618619
24,0.25,23.83929887893831,0.8628628628628628
24,0.25,23.857517467698003,0.8638638638638638
24,0.25,23.859997393689632,0.8648648648648649
24,0.25,23.888939846237783,0.8658658658658659
24,0.25,23.89037649039861,0.8668668668668669
24,0.25,23.894645781200083,0.8678678678678678
24,0.25,23.898617178710303,0.8688688688688688
24,0.25,23.945860710519966,0.8698698698698699
24,0.25,23.963066883373443,0.8708708708708709
24,0.25,23.963200436313592,0.8718718718718719
24,0.25,23.97781630129034,0.8728728728728729
24,0.25,24.000818714222298,0.8738738738738738
24,0.25,24.017166012873304,0.8748748748748749
24,0.25,24.02377668748472,0.8758758758758759
24,0.25,24.023998039643885,0.8768768768768769
24,0.25,24.033865977870775,0.8778778778778779
24,0.25,24.043286476346744,0.8788788788788788
24,0.25,24.081193591670093,0.8798798798798799
24,0.25,24.108287820692944,0.8808808808808809
24,0.25,24.121008549650178,0.8818818818818819
24,0.25,24.123856046816883,0.8828828828828829
24,0.25,24.131150999381127,0.8838838838838838
24,0.25,24.17021319758453,0.8848848848848849
24,0.25,24.175455937570497,0.8858858858858859
24,0.25,24.179841578037426,0.8868868868868869
24,0.25,24.18422493930941,0.8878878878878879
24,0.25,24.20227922972225,0.8888888888888888
24,0.25,24.21042773872165,0.8898898898898899
24,0.25,24.222947574920966,0.8908908908908909
24,0.25,24.229764379000933,0.8918918918918919
24,0.25,24.257031898277567,0.8928928928928929
24,0.25,24.271500765329336,0.8938938938938938
24,0.25,24.290586668833363,0.8948948948948949
24,0.25,24.3140266768988,0.8958958958958959
24,0.25,24.314916452610206,0.8968968968968969
24,0.25,24.367837839924363,0.8978978978978979
24,0.25,24.38100306056925,0.8988988988988988
24,0.25,24.38975368443858,0.8998998998998999
24,0.25,24.40905022294838,0.9009009009009009
24,0.25,24.42278933717651,0.9019019019019019
24,0.25,24.426084645441207,0.9029029029029029
24,0.25,24.432523665770766,0.9039039039039038
24,0.25,24.43674282688101,0.9049049049049049
24,0.25,24.487483778310192,0.9059059059059059
24,0.25,24.48823900454331,0.9069069069069069
24,0.25,24.49451523255845,0.9079079079079079
24,0.25,24.500874274426373,0.908908908908909
24,0.25,24.547036554796875,0.9099099099099099
24,0.25,24.54725930084377,0.9109109109109109
24,0.25,24.55161365833147,0.9119119119119119
24,0.25,24.581937030479367,0.9129129129129129
24,0.25,24.586509132033783,0.913913913913914
24,0.25,24.594328683890552,0.914914914914915
24,0.25,24.597440607469345,0.9159159159159159
24,0.25,24.612537812127925,0.9169169169169169
24,0.25,24.616078523142768,0.9179179179179179
24,0.25,24.661763290626283,0.918918918918919
24,0.25,24.680852517780338,0.91991991991992
24,0.25,24.701782454246832,0.9209209209209209
24,0.25,24.743133481632853,0.9219219219219219
24,0.25,24.744832591328993,0.9229229229229229
24,0.25,24.77768841013154,0.923923923923924
24,0.25,24.790281552921158,0.924924924924925
24,0.25,24.865964186048885,0.9259259259259259
24,0.25,24.875746030978036,0.9269269269269269
24,0.25,24.91892234945894,0.9279279279279279
24,0.25,25.000027399778773,0.928928928928929
24,0.25,25.024344194321664,0.92992992992993
24,0.25,25.02924434239918,0.9309309309309309
24,0.25,25.12013039610934,0.9319319319319319
24,0.25,25.13837797680017,0.9329329329329329
24,0.25,25.143142266615875,0.933933933933934
24,0.25,25.159895614004057,0.934934934934935
24,0.25,25.209373255278166,0.9359359359359359
24,0.25,25.21076859550844,0.9369369369369369
24,0.25,25.217256094701014,0.9379379379379379
24,0.25,25.256180336475353,0.938938938938939
24,0.25,25.262834391103716,0.93993993993994
24,0.25,25.267700585705654,0.9409409409409409
24,0.25,25.301760167310903,0.9419419419419419
24,0.25,25.34359527771396,0.9429429429429429
24,0.25,25.355251491901733,0.943943943943944
24,0.25,25.36196314900112,0.944944944944945
24,0.25,25.365348023720315,0.9459459459459459
24,0.25,25.36863060260135,0.9469469469469469
24,0.25,25.392967542869755,0.9479479479479479
24,0.25,25.40829446865984,0.948948948948949
24,0.25,25.411786902099657,0.94994994994995
24,0.25,25.416324662554338,0.950950950950951
24,0.25,25.417866896505906,0.9519519519519519
24,0.25,25.418983996324506,0.9529529529529529
24,0.25,25.455887581480575,0.953953953953954
24,0.25,25.47584046675439,0.954954954954955
24,0.25,25.52400878223071,0.955955955955956
24,0.25,25.575411249617694,0.9569569569569569
24,0.25,25.652304207222308,0.9579579579579579
24,0.25,25.6944937868302,0.958958958958959
24,0.25,25.7179397111871,0.95995995995996
24,0.25,25.774956795336955,0.960960960960961
24,0.25,25.79642909319365,0.9619619619619619
24,0.25,25.80428843889684,0.9629629629629629
24,0.25,25.81545026764863,0.963963963963964
24,0.25,26.038660451087694,0.964964964964965
24,0.25,26.047528225627808,0.965965965965966
24,0.25,26.1170180467116,0.9669669669669669
24,0.25,26.16150212326712,0.9679679679679679
24,0.25,26.18078738022855,0.968968968968969
24,0.25,26.186286537112785,0.96996996996997
24,0.25,26.226097162965644,0.970970970970971
24,0.25,26.24839685550255,0.9719719719719719
24,0.25,26.26717950433013,0.972972972972973
24,0.25,26.290773828182544,0.973973973973974
24,0.25,26.305121858045943,0.974974974974975
24,0.25,26.365402397911367,0.975975975975976
24,0.25,26.37926599407271,0.9769769769769769
24,0.25,26.42267783195407,0.977977977977978
24,0.25,26.44972838374111,0.978978978978979
24,0.25,26.515641656362334,0.97997997997998
24,0.25,26.521561024305043,0.980980980980981
24,0.25,26.552889967272513,0.9819819819819819
24,0.25,26.57289768054406,0.982982982982983
24,0.25,26.582078901241346,0.983983983983984
24,0.25,26.5893306472446,0.984984984984985
24,0.25,26.59164653759963,0.985985985985986
24,0.25,26.591851164966933,0.986986986986987
24,0.25,26.617460736870264,0.987987987987988
24,0.25,26.76903475030116,0.988988988988989
24,0.25,26.800676458978415,0.98998998998999
24,0.25,26.87572914354245,0.990990990990991
24,0.25,26.936816956547112,0.991991991991992
24,0.25,26.94334615891458,0.992992992992993
24,0.25,27.52918338181547,0.993993993993994
24,0.25,27.667649020642564,0.994994994994995
24,0.25,28.223824852328235,0.995995995995996
24,0.25,28.545250132150763,0.996996996996997
24,0.25,28.997932193404097,0.997997997997998
24,0.25,29.32543205799802,0.998998998998999
24,0.25,29.854082609449136,1.0
