budget_FLOPs,context_length,eta,quality_cost_type,quality_cost_amplitude,quality_cost_shape,s_Q,support_mode,N_B,D_B,N_abs,D_abs,Q_A,Q_eff,Q0,predicted_loss,cost_train,cost_quality,cost_attention,cost_total,share_train,share_quality,share_attention,budget_slack,budget_relative_slack,max_normalized_violation,support_status,extrapolation_flag,solver,solver_success,solver_message,grid_best_loss,fine_grid_best_loss,p_source,lambda0,param_E,param_A,param_B,param_alpha,param_beta,param_c_Q,param_nu_Q,param_Q0,marginal_N,marginal_D,marginal_Q,dL_dN_abs,dL_dD_abs,dL_dQ,kkt_relative_dispersion,active_set,path_id
1e+19,4096,0.0002,exponential,10000000.0,6.0,1.0,operational_extended,0.2591866601824495,4.82100778634123,259186660.1824496,4821007786.34123,0.671056198083166,0.671056198083166,0.5389559587975633,3.1689810043284985,7.497245441132208e+18,1.479130647971873e+18,1.0236239108959174e+18,9.999999999999998e+18,0.7497245441132208,0.1479130647971873,0.1023623910895917,2048.0,2.048e-16,0.0,one_component_extrapolated,True,SLSQP-2D,True,Optimization terminated successfully,3.1706183745732264,3.1689810043284985,p_ref,0.0,1.6897975628980857,0.3539803206859227,1.2403055835550174,0.3399765818812715,0.2798781285427261,0.3620399283468315,0.9902880682591864,0.5389559587975633,2.235126890631029e-20,2.2351276023698812e-20,2.2351289882298732e-20,-7.348072700526071e-10,-4.636224833949435e-11,-0.3624162794930525,5.195018071553267e-07,budget,exponential|4096
1.211527658628585e+19,4096,0.0002,exponential,10000000.0,6.0,1.0,operational_extended,0.2905914172949672,5.086679503179308,290591417.2949672,5086679503.179308,0.6967300076899038,0.6967300076899038,0.5389559587975633,3.126408666334433,8.868872436924807e+18,2.0355074326395725e+18,1.2108967167214671e+18,1.2115276586285849e+19,0.7320404428045926,0.1680116354044867,0.0999479217909204,4096.0,3.380855542857813e-16,0.0,one_component_extrapolated,True,SLSQP-2D,True,Optimization terminated successfully,3.14367680216193,3.126408666334433,p_ref,0.0,1.6897975628980857,0.3539803206859227,1.2403055835550174,0.3399765818812715,0.2798781285427261,0.3620399283468315,0.9902880682591864,0.5389559587975633,1.8173928719067415e-20,1.817392769765784e-20,1.817392963346641e-20,-6.30400607864734e-10,-4.3286029831182857e-11,-0.3627024204059275,5.4239201818001814e-08,budget,exponential|4096
1.4677992676220735e+19,4096,0.0002,exponential,10000000.0,6.0,1.0,operational_extended,0.3250842811109378,5.38904574463392,325084281.1109378,5389045744.63392,0.7219204020304486,0.7219204020304486,0.5389559587975633,3.0844956698413726,1.0511364370609656e+19,2.7314766902105057e+18,1.435151615400572e+18,1.4677992676220731e+19,0.7161309180674768,0.1860933405857102,0.0977757413468128,4096.0,2.7905723148614023e-16,0.0,one_component_extrapolated,True,SLSQP-2D,True,Optimization terminated successfully,3.095363645300087,3.0844956698413726,p_ref,0.0,1.6897975628980857,0.3539803206859227,1.2403055835550174,0.3399765818812715,0.2798781285427261,0.3620399283468315,0.9902880682591864,0.5389559587975633,1.4760354731585523e-20,1.4760355590826414e-20,1.4760355102546003e-20,-5.424279917732854e-10,-4.0202366342184615e-11,-0.3630080100151821,3.0431094925725074e-08,budget,exponential|4096
1.7782794100389229e+19,4096,0.0002,exponential,10000000.0,6.0,1.0,operational_extended,0.3630393054413021,5.727896734311784,363039305.4413021,5727896734.311784,0.7467332200816885,0.7467332200816885,0.5389559587975633,3.043273938604142,1.2476709912384315e+19,3.602597394634038e+18,1.703486793370872e+18,1.7782794100389224e+19,0.701616958614576,0.2025889393025803,0.0957941020828434,4096.0,2.3033500679796697e-16,0.0,one_component_extrapolated,True,SLSQP-2D,True,Optimization terminated successfully,3.049576640090759,3.043273938604142,p_ref,0.0,1.6897975628980857,0.3539803206859227,1.2403055835550174,0.3399765818812715,0.2798781285427261,0.3620399283468315,0.9902880682591864,0.5389559587975633,1.1977090218571018e-20,1.197709206049343e-20,1.1977089434692262e-20,-4.678212323469022e-10,-3.7184008705553566e-11,-0.3633376677746378,1.2434081415525357e-07,budget,exponential|4096
2.1544346900318777e+19,4096,0.0002,exponential,10000000.0,6.0,1.0,operational_extended,0.4048660556771319,6.103720230157017,404866055.6771319,6103720230.157017,0.7712510749918888,0.7712510749918888,0.5389559587975633,3.0027648552431603,1.4827134807242322e+19,4.692813954060969e+18,2.024398139015485e+18,2.1544346900318773e+19,0.6882146335576752,0.2178211284739168,0.0939642379684079,4096.0,1.9011947862477996e-16,0.0,one_component_extrapolated,True,SLSQP-2D,True,Optimization terminated successfully,3.0061837015578012,3.0027648552431603,p_ref,0.0,1.6897975628980857,0.3539803206859227,1.2403055835550174,0.3399765818812715,0.2798781285427261,0.3620399283468315,0.9902880682591864,0.5389559587975633,9.711663968752735e-21,9.711662355829486e-21,9.71166050209276e-21,-4.0422362664785244e-10,-3.4279327178037304e-11,-0.3636971331255024,1.82611947961555e-07,budget,exponential|4096
2.610157215682544e+19,4096,0.0002,exponential,10000000.0,6.0,1.0,operational_extended,0.4510181448145596,6.517458475772135,451018144.8145597,6517458475.772135,0.795541453585364,0.795541453585364,0.5389559587975633,2.9629816516845526,1.7636952183892054e+19,6.05658810142599e+18,2.408031871507395e+18,2.610157215682544e+19,0.6757045927319774,0.2320392068736832,0.0922562003943393,0.0,0.0,0.0,one_component_extrapolated,True,SLSQP-2D,True,Optimization terminated successfully,2.9650596510566443,2.9629816516845526,p_ref,0.0,1.6897975628980857,0.3539803206859227,1.2403055835550174,0.3399765818812715,0.2798781285427261,0.3620399283468315,0.9902880682591864,0.5389559587975633,7.870246655300013e-21,7.870245684518313e-21,7.87024527815417e-21,-3.4978408414680017e-10,-3.1519308698328394e-11,-0.3640938734684416,9.944321008993055e-08,budget,exponential|4096
3.162277660168379e+19,4096,0.0002,exponential,10000000.0,6.0,1.0,operational_extended,0.502000031599129,6.97036988550915,502000031.59912896,6970369885.5091505,0.8196615788702989,0.8196615788702989,0.5389559587975633,2.9239311222966267,2.099475541669926e+19,7.761537245424521e+18,2.866483939560006e+18,3.1622776601683788e+19,0.6639124603492715,0.2454413583977078,0.0906461812530205,4096.0,1.295268929604968e-16,0.0,one_component_extrapolated,True,SLSQP-2D,True,Optimization terminated successfully,2.9260858551627087,2.9239311222966267,p_ref,0.0,1.6897975628980857,0.3539803206859227,1.2403055835550174,0.3399765818812715,0.2798781285427261,0.3620399283468315,0.9902880682591864,0.5389559587975633,6.3751270204228385e-21,6.3751263702312726e-21,6.3751257714860065e-21,-3.0302474538953646e-10,-2.8922309766148232e-11,-0.3645380252783242,9.929886269155737e-08,budget,exponential|4096
3.831186849557277e+19,4096,0.0002,exponential,10000000.0,6.0,1.0,operational_extended,0.5583776387585576,7.46387938230626,558377638.7585576,7463879382.30626,0.8436628392840869,0.8436628392840869,0.5389559587975633,2.885614863296384,2.5005980072825102e+19,9.891738610137942e+18,3.414149812609721e+18,3.831186849557276e+19,0.6526953932229835,0.2581899290889717,0.0891146776880446,8192.0,2.13824079108714e-16,0.0,one_component_extrapolated,True,SLSQP-2D,True,Optimization terminated successfully,2.8883852975131226,2.885614863296384,p_ref,0.0,1.6897975628980857,0.3539803206859227,1.2403055835550174,0.3399765818812715,0.2798781285427261,0.3620399283468315,0.9902880682591864,0.5389559587975633,5.16226875298653e-21,5.1622689202593835e-21,5.1622694864872235e-21,-2.627475355022898e-10,-2.6497771183254192e-11,-0.3650440123867123,8.392488654108777e-08,budget,exponential|4096
4.641588833612792e+19,4096,0.0002,exponential,10000000.0,6.0,1.0,operational_extended,0.6207908926820419,7.999418889743378,620790892.6820419,7999418889.743378,0.867595505908776,0.867595505908776,0.5389559587975633,2.8480301498864113,2.979579836100828e+19,1.2551970305563314e+19,4.0681196695563305e+18,4.641588833612793e+19,0.641931016061512,0.2704240025455563,0.0876449813929317,-8192.0,-1.7649128980741142e-16,1.7649128980741142e-16,one_component_extrapolated,True,SLSQP-2D,True,Optimization terminated successfully,2.8512223223090416,2.8480301498864113,p_ref,0.0,1.6897975628980857,0.3539803206859227,1.2403055835550174,0.3399765818812715,0.2798781285427261,0.3620399283468315,0.9902880682591864,0.5389559587975633,4.1791181927256774e-21,4.179118515376576e-21,4.179118668642337e-21,-2.2796938161750443e-10,-2.4248948708246313e-11,-0.3656335485767082,6.369505655653452e-08,budget,exponential|4096
5.6234132519034905e+19,4096,0.0002,exponential,10000000.0,6.0,1.0,operational_extended,0.6899733487835268,8.578180712266464,689973348.7835268,8578180712.266464,0.8915145135679696,0.8915145135679696,0.5389559587975633,2.811170489199893,3.5512296435076506e+19,1.5873223877355944e+19,4.848612206602446e+18,5.62341325190349e+19,0.631507855536952,0.2822702719204027,0.0862218725426451,8192.0,1.4567664927038856e-16,0.0,one_component_extrapolated,True,SLSQP-2D,True,Optimization terminated successfully,2.816002488835331,2.811170489199893,p_ref,0.0,1.6897975628980857,0.3539803206859227,1.2403055835550174,0.3399765818812715,0.2798781285427261,0.3620399283468315,0.9902880682591864,0.5389559587975633,3.382676178440995e-21,3.382678793622165e-21,3.382680480027124e-21,-1.9787414172322639e-10,-2.217509911837924e-11,-0.366341754833906,6.815868284589611e-07,budget,exponential|4096
6.8129206905795944e+19,4096,0.0002,exponential,10000000.0,6.0,1.0,operational_extended,0.7667829843145226,9.200641055832795,766782984.3145226,9200641055.832796,0.9154916388925916,0.9154916388925916,0.5389559587975633,2.775025787339634,4.2329370038389146e+19,2.002046687816539e+19,5.779369989241398e+18,6.812920690579593e+19,0.6213101834125133,0.2938602662122314,0.0848295503752551,16384.0,2.404842320072005e-16,0.0,one_component_extrapolated,True,SLSQP-2D,True,Optimization terminated successfully,2.78262419597519,2.775025787339634,p_ref,0.0,1.6897975628980857,0.3539803206859227,1.2403055835550174,0.3399765818812715,0.2798781285427261,0.3620399283468315,0.9902880682591864,0.5389559587975633,2.7378698498334467e-21,2.7378693756974208e-21,2.7378695609627585e-21,-1.717767237008712e-10,-2.0273464429924798e-11,-0.3672314721981768,9.289542919459714e-08,budget,exponential|4096
8.254041852680207e+19,4096,0.0002,exponential,10000000.0,6.0,1.0,operational_extended,0.8522875565616089,9.865174812668656,852287556.5616089,9865174812.668655,0.9396469608804772,0.9396469608804772,0.5389559587975633,2.739581817029264,5.044779441685498e+19,2.520481857889914e+19,6.887805531047933e+18,8.254041852680207e+19,0.6111889825282852,0.3053633483905194,0.0834476690811952,0.0,0.0,0.0,one_component_extrapolated,True,SLSQP-2D,True,Optimization terminated successfully,2.750991155032819,2.739581817029264,p_ref,0.0,1.6897975628980857,0.3539803206859227,1.2403055835550174,0.3399765818812715,0.2798781285427261,0.3620399283468315,0.9902880682591864,0.5389559587975633,2.2161688413526236e-21,2.2161686470580298e-21,2.216168650941246e-21,-1.4908744017972347e-10,-1.8542346296716382e-11,-0.3684340697198069,5.78635207056431e-08,budget,exponential|4096
1e+20,4096,0.0002,exponential,10000000.0,6.0,1.0,operational_extended,0.9480339766047532,10.563029700392734,948033976.6047533,10563029700.392736,0.9642726563915762,0.9642726563915762,0.5389559587975633,2.70481760289153,6.008466631114463e+19,3.1711773915173745e+19,8.203559773681615e+18,9.999999999999998e+19,0.6008466631114463,0.3171177391517374,0.0820355977368161,16384.0,1.6384e-16,0.0,joint_observed,False,SLSQP-2D,True,Optimization terminated successfully,2.721012111962687,2.70481760289153,p_ref,0.0,1.6897975628980857,0.3539803206859227,1.2403055835550174,0.3399765818812715,0.2798781285427261,0.3620399283468315,0.9902880682591864,0.5389559587975633,1.7945750306989085e-21,1.7945751530468424e-21,1.7945751976670838e-21,-1.2926577363971728e-10,-1.6989208626196706e-11,-0.3703148898757963,5.3739016892233664e-08,budget,exponential|4096
1.211527658628585e+20,4096,0.0002,exponential,10000000.0,6.0,1.0,operational_extended,1.0590036858832332,11.221630296944982,1059003685.8832332,11221630296.944984,0.991275848527924,0.991275848527924,0.5389559587975633,2.67068881771895,7.130248707650218e+19,4.011511255084456e+19,9.735166235511765e+18,1.211527658628585e+20,0.5885337125296386,0.3311118179196481,0.0803544695507133,0.0,0.0,0.0,joint_observed,False,SLSQP-2D,True,Optimization terminated successfully,2.692600584122598,2.67068881771895,p_ref,0.0,1.6897975628980857,0.3539803206859227,1.2403055835550174,0.3399765818812715,0.2798781285427261,0.3620399283468315,0.9902880682591864,0.5389559587975633,1.4563867126765773e-21,1.4563864535921801e-21,1.4563862804851564e-21,-1.1144641240004275e-10,-1.5723673151656792e-11,-0.3754201443810569,1.5821711845610238e-07,budget,exponential|4096
1.4677992676220736e+20,4096,0.0002,exponential,10000000.0,6.0,1.0,operational_extended,1.145095997686526,12.665277844226267,1145095997.686526,12665277844.226269,0.999999,0.999999,0.5389559587975633,2.6372827686349374,8.701775381406799e+19,4.7881348960725254e+19,1.1880823987414084e+19,1.4677992676220731e+20,0.5928450554076252,0.3262118330273869,0.0809431115649877,16384.0,1.1162289259445608e-16,0.0,joint_observed,False,SLSQP-2D,True,Optimization terminated successfully,2.665674610791166,2.6372827686349374,p_ref,0.0,1.6897975628980857,0.3539803206859227,1.2403055835550174,0.3399765818812715,0.2798781285427261,0.3620399283468315,0.9902880682591864,0.5389559587975633,1.1620724582911424e-21,1.1620725661350642e-21,1.3373939353840428e-21,-1.0036478483852653e-10,-1.3467444476745723e-11,-0.4100054287261379,4.6401545791103055e-08,Q_upper|budget,exponential|4096
1.778279410038923e+20,4096,0.0002,exponential,10000000.0,6.0,1.0,operational_extended,1.2197958894352687,14.698281603471008,1219795889.4352686,14698281603.471008,0.999999,0.999999,0.5389559587975633,2.6052271182738367,1.075734208900558e+20,5.556716238164757e+19,1.4687357732188953e+19,1.7782794100389233e+20,0.6049298005857315,0.31247711730763,0.0825930821066385,-32768.0,-1.8426800543837358e-16,1.8426800543837358e-16,joint_observed,False,SLSQP-2D,True,Optimization terminated successfully,2.6401565167299985,2.6052271182738367,p_ref,0.0,1.6897975628980857,0.3539803206859227,1.2403055835550174,0.3399765818812715,0.2798781285427261,0.3620399283468315,0.9902880682591864,0.5389559587975633,9.20037117574676e-22,9.200369692707609e-22,1.1524112978513292e-21,-9.221580047144018e-11,-1.1131116160833699e-11,-0.4100054287265799,8.059670852813239e-08,Q_upper|budget,exponential|4096
2.1544346900318775e+20,4096,0.0002,exponential,10000000.0,6.0,1.0,operational_extended,1.3003308422987885,17.034151446189888,1300330842.2987883,17034151446.189888,0.999999,0.999999,0.5389559587975633,2.574473734937864,1.3290019498721534e+20,6.4397967393717944e+19,1.814530662225447e+19,2.1544346900318775e+20,0.6168680610376214,0.2989088863620419,0.0842230526003365,0.0,0.0,0.0,joint_observed,False,SLSQP-2D,True,Optimization terminated successfully,2.615128778497612,2.574473734937864,p_ref,0.0,1.6897975628980857,0.3539803206859227,1.2403055835550174,0.3399765818812715,0.2798781285427261,0.3620399283468315,0.9902880682591864,0.5389559587975633,7.286931434050395e-22,7.286930852016018e-22,9.943827159426278e-22,-8.464447491718013e-11,-9.216318559242571e-12,-0.4100054287265799,3.9936865388532883e-08,Q_upper|budget,exponential|4096
2.610157215682544e+20,4096,0.0002,exponential,10000000.0,6.0,1.0,operational_extended,1.3872190293932047,19.713813551762836,1387219029.3932047,19713813551.762836,0.999999,0.999999,0.5389559587975633,2.5449582862982867,1.640842638054903e+20,7.452848627785448e+19,2.240297148490961e+19,2.6101572156825436e+20,0.6286374737108815,0.285532556545126,0.0858299697439923,32768.0,1.2554033068629287e-16,0.0,joint_observed,False,SLSQP-2D,True,Optimization terminated successfully,2.586827496323537,2.5449582862982867,p_ref,0.0,1.6897975628980857,0.3539803206859227,1.2403055835550174,0.3399765818812715,0.2798781285427261,0.3620399283468315,0.9902880682591864,0.5389559587975633,5.7736842157666995e-22,5.7736839686562e-22,8.592181180148008e-22,-7.761704417428075e-11,-7.644499037331619e-12,-0.4100054287265799,2.1399724546243664e-08,Q_upper|budget,exponential|4096
3.1622776601683794e+20,4096,0.0002,exponential,10000000.0,6.0,1.0,operational_extended,1.4810281773449032,22.78306503257298,1481028177.3449032,22783065032.572983,0.999999,0.999999,0.5389559587975633,2.516619870216555,2.024541676771318e+20,8.61318559795218e+19,2.7641742360184394e+19,3.16227766016838e+20,0.640216291653377,0.272372843992882,0.087410864353741,-65536.0,-2.072430287367949e-16,2.072430287367949e-16,joint_observed,False,SLSQP-2D,True,Optimization terminated successfully,2.551811463987265,2.516619870216555,p_ref,0.0,1.6897975628980857,0.3539803206859227,1.2403055835550174,0.3399765818812715,0.2798781285427261,0.3620399283468315,0.9902880682591864,0.5389559587975633,4.5764812507636705e-22,4.576481512284107e-22,7.434673848590341e-22,-7.110125480873625e-11,-6.3521327037336035e-12,-0.4100054287265799,2.8572216958621023e-08,Q_upper|budget,exponential|4096
3.8311868495572776e+20,4096,0.0002,exponential,10000000.0,6.0,1.0,operational_extended,1.582378796052884,26.293090461046397,1582378796.052884,26293090461.0464,0.999999,0.999999,0.5389559587975633,2.489400842138651,2.4963377296956103e+20,9.9401580850056e+19,3.408333113611073e+19,3.8311868495572776e+20,0.6515833937945577,0.2594537535060254,0.0889628526994169,0.0,0.0,0.0,joint_observed,False,SLSQP-2D,True,Optimization terminated successfully,2.5186263161076563,2.489400842138651,p_ref,0.0,1.6897975628980857,0.3539803206859227,1.2403055835550174,0.3399765818812715,0.2798781285427261,0.3620399283468315,0.9902880682591864,0.5389559587975633,3.628956112958514e-22,3.6289560365621323e-22,6.442173773347385e-22,-6.506640014789196e-11,-5.287780325974289e-12,-0.4100054287265799,1.0525944738440994e-08,Q_upper|budget,exponential|4096
4.641588833612792e+20,4096,0.0002,exponential,10000000.0,6.0,1.0,operational_extended,1.6919510130435211,30.30099232291712,1691951013.0435212,30300992322.91712,0.999999,0.999999,0.5389559587975633,2.463246651005679,3.076067679419015e+20,1.145535380363767e+20,4.199857738300096e+19,4.641588833612791e+20,0.6627186917426182,0.2467981162114561,0.0904831920459255,65536.0,1.4119303184592915e-16,0.0,joint_observed,False,SLSQP-2D,True,Optimization terminated successfully,2.487176321167746,2.463246651005679,p_ref,0.0,1.6897975628980857,0.3539803206859227,1.2403055835550174,0.3399765818812715,0.2798781285427261,0.3620399283468315,0.9902880682591864,0.5389559587975633,2.878747401401768e-22,2.878747821391635e-22,5.590069657893518e-22,-5.948313347204119e-11,-4.409744605114037e-12,-0.4100054287265799,7.294662893812762e-08,Q_upper|budget,exponential|4096
5.6234132519034906e+20,4096,0.0002,exponential,10000000.0,6.0,1.0,operational_extended,1.8104867425344475,34.870437481560806,1810486742.5344477,34870437481.56081,0.9999989999999996,0.9999989999999996,0.5389559587975633,2.438105683133206,3.787947886004528e+20,1.31828421452981e+20,5.171811513691515e+19,5.62341325190349e+20,0.6736029731982317,0.2344277675277695,0.0919692592739985,65536.0,1.1654131941631082e-16,0.0,joint_observed,False,SLSQP-2D,True,Optimization terminated successfully,2.457370753167607,2.438105683133206,p_ref,0.0,1.6897975628980857,0.3539803206859227,1.2403055835550174,0.3399765818812715,0.2798781285427261,0.3620399283468315,0.9902880682591864,0.5389559587975633,2.2845336896584952e-22,2.284533709551767e-22,4.857543237799711e-22,-5.43235810190976e-11,-3.684174350696622e-12,-0.4100054287248116,4.353902221483789e-09,Q_upper|budget,exponential|4096
6.812920690579594e+20,4096,0.0002,exponential,10000000.0,6.0,1.0,operational_extended,1.9387996278565036,40.072271612622046,1938799627.8565035,40072271612.62205,0.999999,0.999999,0.5389559587975633,2.413929113542809,4.6615263173949823e+20,1.514940646649618e+20,6.364537265349949e+19,6.812920690579594e+20,0.6842184914673377,0.222362877164322,0.0934186313683405,0.0,0.0,0.0,joint_observed,False,SLSQP-2D,True,Optimization terminated successfully,2.4291236299007113,2.413929113542809,p_ref,0.0,1.6897975628980857,0.3539803206859227,1.2403055835550174,0.3399765818812715,0.2798781285427261,0.3620399283468315,0.9902880682591864,0.5389559587975633,1.8136911820983785e-22,1.813691251653388e-22,4.226979179664232e-22,-4.956107660920266e-11,-3.0835623131533386e-12,-0.4100054287265799,1.9174986531642787e-08,Q_upper|budget,exponential|4096
8.254041852680207e+20,4096,0.0002,exponential,10000000.0,6.0,1.0,operational_extended,2.0777778896632815,45.985303139700974,2077777889.6632817,45985303139.70097,0.999999,0.999999,0.5389559587975633,2.3906707642614338,5.7328347667880496e+20,1.7384840457333614e+20,7.82723040158795e+19,8.254041852680206e+20,0.6945487882311276,0.2106221505490489,0.0948290612198232,131072.0,1.5879735327176591e-16,0.0,joint_observed,False,SLSQP-2D,True,Optimization terminated successfully,2.402353464915042,2.3906707642614338,p_ref,0.0,1.6897975628980857,0.3539803206859227,1.2403055835550174,0.3399765818812715,0.2798781285427261,0.3620399283468315,0.9902880682591864,0.5389559587975633,1.4404568590285865e-22,1.4404569526865846e-22,3.683452021047281e-22,-4.5170275322040335e-11,-2.5855199732704373e-12,-0.4100054287265799,3.2509823006565966e-08,Q_upper|budget,exponential|4096
1e+21,4096,0.0002,exponential,10000000.0,6.0,1.0,operational_extended,2.2283926131620495,52.697101092962335,2228392613.1620493,52697101092.96233,0.9999989999999996,0.9999989999999996,0.5389559587975633,2.368286969137764,7.045789848636661e+20,1.992224977362813e+20,9.619851740005256e+19,1e+21,0.7045789848636661,0.1992224977362812,0.0961985174000525,0.0,0.0,0.0,joint_observed,False,SLSQP-2D,True,Optimization terminated successfully,2.376983032443439,2.368286969137764,p_ref,0.0,1.6897975628980857,0.3539803206859227,1.2403055835550174,0.3399765818812715,0.2798781285427261,0.3620399283468315,0.9902880682591864,0.5389559587975633,1.1444774135346397e-22,1.1444773805704049e-22,3.214306940506344e-22,-4.1127032965122463e-11,-2.1718033000552458e-12,-0.4100054287248116,1.4401435485113941e-08,Q_upper|budget,exponential|4096
1.211527658628585e+21,4096,0.0002,exponential,10000000.0,6.0,1.0,operational_extended,2.3917058644379767,60.30488539643026,2391705864.437977,60304885396.43026,0.999999,0.999999,0.5389559587975633,2.346736444759436,8.653892883414142e+20,2.279838861189565e+20,1.181544841682144e+20,1.211527658628585e+21,0.7142959404831173,0.1881788537762545,0.0975252057406282,0.0,0.0,0.0,joint_observed,False,SLSQP-2D,True,Optimization terminated successfully,2.352939144625011,2.346736444759436,p_ref,0.0,1.6897975628980857,0.3539803206859227,1.2403055835550174,0.3399765818812715,0.2798781285427261,0.3620399283468315,0.9902880682591864,0.5389559587975633,9.096674522493276e-23,9.09667338841998e-23,2.808804903199934e-22,-3.740835238219268e-11,-1.827525471465998e-12,-0.4100054287265799,6.233450281214369e-08,Q_upper|budget,exponential|4096
1.4677992676220737e+21,4096,0.0002,exponential,10000000.0,6.0,1.0,operational_extended,2.56887882906082,68.91652451567204,2568878829.0608196,68916524515.67204,0.999999,0.999999,0.5389559587975633,2.325980167090753,1.0622292048045652e+21,2.6054036872152495e+20,1.4502969409598331e+20,1.4677992676220737e+21,0.7236883327550931,0.1775040868794113,0.0988075803654953,0.0,0.0,0.0,joint_observed,False,SLSQP-2D,True,Optimization terminated successfully,2.330152440375006,2.325980167090753,p_ref,0.0,1.6897975628980857,0.3539803206859227,1.2403055835550174,0.3399765818812715,0.2798781285427261,0.3620399283468315,0.9902880682591864,0.5389559587975633,7.233100026237049e-23,7.233100335947797e-23,2.4578235623284267e-22,-3.399235602134245e-11,-1.5405215875804705e-12,-0.4100054287265799,2.1409267138184898e-08,Q_upper|budget,exponential|4096
1.7782794100389228e+21,4096,0.0002,exponential,10000000.0,6.0,1.0,operational_extended,2.7611774485747285,78.6517209937504,2761177448.5747285,78651720993.7504,0.999999,0.999999,0.5389559587975633,2.3059812534869057,1.3030281497972108e+21,2.973444835227325e+20,1.7790677671897917e+20,1.7782794100389223e+21,0.7327465765172922,0.1672090909022133,0.1000443325804942,524288.0,2.9482880870139775e-16,0.0,joint_observed,False,SLSQP-2D,True,Optimization terminated successfully,2.3085571852940356,2.3059812534869057,p_ref,0.0,1.6897975628980857,0.3539803206859227,1.2403055835550174,0.3399765818812715,0.2798781285427261,0.3620399283468315,0.9902880682591864,0.5389559587975633,5.753477346322717e-23,5.753477093871258e-23,2.1536039599421172e-22,-3.0858304870942435e-11,-1.3008348352574265e-12,-0.4100054287265799,2.1939033504361642e-08,Q_upper|budget,exponential|4096
2.154434690031878e+21,4096,0.0002,exponential,10000000.0,6.0,1.0,operational_extended,2.9699876443809257,89.64313180793148,2969987644.3809257,89643131807.93149,0.999999,0.999999,0.5389559587975633,2.2867048497771743,1.5974339632390037e+21,3.388977430119755e+20,2.1810298378089864e+20,2.154434690031878e+21,0.7414631646203986,0.1573023979700963,0.1012344374095051,0.0,0.0,0.0,joint_observed,False,SLSQP-2D,True,Optimization terminated successfully,2.288091082039456,2.2867048497771743,p_ref,0.0,1.6897975628980857,0.3539803206859227,1.2403055835550174,0.3399765818812715,0.2798781285427261,0.3620399283468315,0.9902880682591864,0.5389559587975633,4.5782291123997513e-23,4.578229052492593e-23,1.8895441778108041e-22,-2.7986460217131483e-11,-1.10030688248769e-12,-0.4100054287265799,6.542612564489098e-09,Q_upper|budget,exponential|4096
2.610157215682544e+21,4096,0.0002,exponential,10000000.0,6.0,1.0,operational_extended,3.1968189007686996,102.03791333042852,3196818900.7686996,102037913330.42851,0.999999,0.999999,0.5389559587975633,2.268118022145762,1.9571803795782744e+21,3.857564749458494e+20,2.672203611584204e+20,2.610157215682544e+21,0.7498323732451804,0.1477905133944109,0.1023771133604086,0.0,0.0,0.0,joint_observed,False,SLSQP-2D,True,Optimization terminated successfully,2.2686950906118653,2.268118022145762,p_ref,0.0,1.6897975628980857,0.3539803206859227,1.2403055835550174,0.3399765818812715,0.2798781285427261,0.3620399283468315,0.9902880682591864,0.5389559587975633,3.6443726475501033e-23,3.644370855235497e-23,1.6600168727469611e-22,-2.5358162186734184e-11,-9.322398483015066e-13,-0.4100054287265799,2.459017257672551e-07,Q_upper|budget,exponential|4096
3.1622776601683794e+21,4096,0.0002,exponential,10000000.0,6.0,1.0,operational_extended,3.4433286524065325,115.99892157111717,3443328652.4065323,115998921571.11716,0.999999,0.999999,0.5389559587975633,2.250189653573676,2.3965344617645154e+21,4.3853635989094846e+20,3.272068385129152e+20,3.162277660168379e+21,0.7578507390261577,0.1386773734054706,0.1034718875683714,524288.0,1.657944229894359e-16,0.0,joint_observed,False,SLSQP-2D,True,Optimization terminated successfully,2.250313258038292,2.250189653573676,p_ref,0.0,1.6897975628980857,0.3539803206859227,1.2403055835550174,0.3399765818812715,0.2798781285427261,0.3620399283468315,0.9902880682591864,0.5389559587975633,2.9020317427998533e-23,2.902031696701598e-23,1.4602261425728537e-22,-2.2955647022121164e-11,-7.911306311545064e-13,-0.4100054287265799,7.942410540653715e-09,Q_upper|budget,exponential|4096
3.831186849557278e+21,4096,0.0002,exponential,10000000.0,6.0,1.0,operational_extended,3.7113115010129625,131.70706577756843,3711311501.0129623,131707065777.56844,0.999999,0.999999,0.5389559587975633,2.232890344638641,2.932835687909763e+21,4.979213290582345e+20,4.004298325892796e+20,3.831186849557277e+21,0.7655162233208944,0.1299652949883593,0.1045184816907461,524288.0,1.3684741062957696e-16,0.0,joint_observed,False,SLSQP-2D,True,Optimization terminated successfully,2.232892556960736,2.232890344638641,p_ref,0.0,1.6897975628980857,0.3539803206859227,1.2403055835550174,0.3399765818812715,0.2798781285427261,0.3620399283468315,0.9902880682591864,0.5389559587975633,2.311704031081112e-23,2.3117033678452317e-23,1.2860711518276948e-22,-2.0762265140768107e-11,-6.724443742390561e-13,-0.4100054287265799,1.4345174957464938e-07,Q_upper|budget,exponential|4096
4.641588833612792e+21,4096,0.0002,exponential,10000000.0,6.0,1.0,operational_extended,4.002739990619574,149.36246635234528,4002739990.619574,149362466352.34528,0.999999,0.999999,0.5389559587975633,2.2161923184999286,3.587154702996618e+21,5.646679418337021e+20,4.8976618878247154e+20,4.641588833612792e+21,0.7728290530646911,0.121654020223543,0.1055169267117658,0.0,0.0,0.0,joint_observed,False,SLSQP-2D,True,Optimization terminated successfully,2.216382732664443,2.2161923184999286,p_ref,0.0,1.6897975628980857,0.3539803206859227,1.2403055835550174,0.3399765818812715,0.2798781285427261,0.3620399283468315,0.9902880682591864,0.5389559587975633,1.842079773208034e-23,1.842079451481243e-23,1.1340510231588294e-22,-1.8762181728803884e-11,-5.724447126129461e-13,-0.4100054287265799,8.732705932208732e-08,Q_upper|budget,exponential|4096
5.623413251903491e+21,4096,0.0002,exponential,10000000.0,6.0,1.0,operational_extended,4.319757566740535,169.18722822540929,4319757566.740535,169187228225.40927,0.999999,0.999999,0.5389559587975633,2.200069329923615,4.3850868559354166e+21,6.396158705710246e+20,5.987105253970489e+20,5.62341325190349e+21,0.7797909667142268,0.1137415732970573,0.1064674599887157,1048576.0,1.8646611106609735e-16,0.0,joint_observed,False,SLSQP-2D,True,Optimization terminated successfully,2.200736158104616,2.200069329923615,p_ref,0.0,1.6897975628980857,0.3539803206859227,1.2403055835550174,0.3399765818812715,0.2798781285427261,0.3620399283468315,0.9902880682591864,0.5389559587975633,1.4683393516522105e-23,1.468338929820923e-23,1.0011669294725435e-22,-1.6940547478902643e-11,-4.880437301827423e-13,-0.4100054287265799,1.4364232211027986e-07,Q_upper|budget,exponential|4096
6.812920690579594e+21,4096,0.0002,exponential,10000000.0,6.0,1.0,operational_extended,4.664709165889436,191.42737979117936,4664709165.889436,191427379791.17935,0.999999,0.999999,0.5389559587975633,2.184496578226788,5.357718318684676e+21,7.236952307838374e+20,7.315071411110811e+20,6.812920690579593e+21,0.7864055024290735,0.1062239329726104,0.1073705645983161,1048576.0,1.5390990848460832e-16,0.0,joint_observed,False,SLSQP-2D,True,Optimization terminated successfully,2.1859076965133433,2.184496578226788,p_ref,0.0,1.6897975628980857,0.3539803206859227,1.2403055835550174,0.3399765818812715,0.2798781285427261,0.3620399283468315,0.9902880682591864,0.5389559587975633,1.1707963915880784e-23,1.1707961954696429e-23,8.848507354234201e-23,-1.528336053194384e-11,-4.1668760410701424e-13,-0.4100054287265799,8.375429474507799e-08,Q_upper|budget,exponential|4096
8.254041852680206e+21,4096,0.0002,exponential,10000000.0,6.0,1.0,operational_extended,5.040147696906752,216.3559048969905,5040147696.906752,216355904896.9905,0.999999,0.999999,0.5389559587975633,2.169450624039984,6.542794294672457e+21,8.179380436418024e+20,8.933095143659463e+20,8.254041852680205e+21,0.7926776252712987,0.0990954562916598,0.1082269184370413,1048576.0,1.270378826174127e-16,0.0,joint_observed,False,SLSQP-2D,True,Optimization terminated successfully,2.1718545711904107,2.169450624039984,p_ref,0.0,1.6897975628980857,0.3539803206859227,1.2403055835550174,0.3399765818812715,0.2798781285427261,0.3620399283468315,0.9902880682591864,0.5389559587975633,9.338312818430521e-24,9.338310991767585e-24,7.828982429162234e-23,-1.3777505679395187e-11,-3.562593301814033e-13,-0.4100054287265799,9.780477222446881e-08,Q_upper|budget,exponential|4096
1e+22,4096,0.0002,exponential,10000000.0,6.0,1.0,operational_extended,5.448863623985101,244.2753352581701,5448863623.985101,244275335258.17007,0.999999,0.999999,0.5389559587975633,2.1549093098025183,7.986137931150048e+21,9.23488036650264e+20,1.0903740321996868e+21,9.999999999999998e+21,0.7986137931150048,0.0923488036650264,0.1090374032199686,2097152.0,2.097152e-16,0.0,joint_observed,False,SLSQP-2D,True,Optimization terminated successfully,2.1585362421023637,2.1549093098025183,p_ref,0.0,1.6897975628980857,0.3539803206859227,1.2403055835550174,0.3399765818812715,0.2798781285427261,0.3620399283468315,0.9902880682591864,0.5389559587975633,7.450447538031118e-24,7.450447887652346e-24,6.934169494000854e-23,-1.2410675120143899e-11,-3.050020535138394e-13,-0.4100054287265799,2.3463101917205367e-08,Q_upper|budget,exponential|4096
1.2115276586285852e+22,4096,0.0002,exponential,10000000.0,6.0,1.0,operational_extended,5.893892909786572,275.5215530822572,5893892909.786572,275521553082.2572,0.9999989999999996,0.9999989999999996,0.5389559587975633,2.140851683917364,9.743367169229405e+21,1.0416150195509942e+21,1.3302943975054547e+21,1.2115276586285852e+22,0.8042216040084976,0.0859753396575421,0.1098030563339602,0.0,0.0,0.0,joint_observed,False,SLSQP-2D,True,Optimization terminated successfully,2.145914288933835,2.140851683917364,p_ref,0.0,1.6897975628980857,0.3539803206859227,1.2403055835550174,0.3399765818812715,0.2798781285427261,0.3620399283468315,0.9902880682591864,0.5389559587975633,5.945907582420424e-24,5.945907521900711e-24,6.147782483539621e-23,-1.117138863610447e-11,-2.614543703693413e-13,-0.4100054287248116,5.0891906235292895e-09,Q_upper|budget,exponential|4096
1.4677992676220736e+22,4096,0.0002,exponential,10000000.0,6.0,1.0,operational_extended,6.378555300626215,310.46685178272054,6378555300.626215,310466851782.7205,0.999999,0.999999,0.5389559587975633,2.127257928499579,1.1881979898644434e+22,1.1737264554147148e+21,1.6222863221615868e+21,1.4677992676220736e+22,0.809509866965255,0.0799650525317555,0.1105250805029894,0.0,0.0,0.0,one_component_extrapolated,True,SLSQP-2D,True,Optimization terminated successfully,2.133952300253774,2.127257928499579,p_ref,0.0,1.6897975628980857,0.3539803206859227,1.2403055835550174,0.3399765818812715,0.2798781285427261,0.3620399283468315,0.9902880682591864,0.5389559587975633,4.7464661186419164e-24,4.746466634439582e-24,5.455804921388093e-23,-1.0048912183591716e-11,-2.243994877333561e-13,-0.4100054287265799,5.433491198225775e-08,Q_upper|budget,exponential|4096
1.7782794100389228e+22,4096,0.0002,exponential,10000000.0,6.0,1.0,operational_extended,6.906464277145744,349.52464506868523,6906464277.145744,349524645068.68524,0.999999,0.999999,0.5389559587975633,2.114109290656244,1.448387685089352e+22,1.3213852634537106e+21,1.9775319860419955e+21,1.7782794100389228e+22,0.8144882502225284,0.0743069540137558,0.1112047957637158,0.0,0.0,0.0,one_component_extrapolated,True,SLSQP-2D,True,Optimization terminated successfully,2.122615768476849,2.114109290656244,p_ref,0.0,1.6897975628980857,0.3539803206859227,1.2403055835550174,0.3399765818812715,0.2798781285427261,0.3620399283468315,0.9902880682591864,0.5389559587975633,3.789952896685835e-24,3.789953246344521e-24,4.846143474521448e-23,-9.033271092347825e-12,-1.928217628734087e-13,-0.4100054287265799,4.612968551712144e-08,Q_upper|budget,exponential|4096
2.154434690031878e+22,4096,0.0002,exponential,10000000.0,6.0,1.0,operational_extended,7.481562967007104,393.1536601240778,7481562967.007104,393153660124.0778,0.999999,0.999999,0.5389559587975633,2.1013880172362134,1.764842318356559e+22,1.4863256714237033e+21,2.4095980453294883e+21,2.154434690031878e+22,0.8191672397971115,0.0689891263959229,0.1118436338069656,0.0,0.0,0.0,one_component_extrapolated,True,SLSQP-2D,True,Optimization terminated successfully,2.111871990316996,2.1013880172362134,p_ref,0.0,1.6897975628980857,0.3539803206859227,1.2403055835550174,0.3399765818812715,0.2798781285427261,0.3620399283468315,0.9902880682591864,0.5389559587975633,3.0269350910756118e-24,3.026934890240494e-24,4.308357646599202e-23,-8.1151931198101e-12,-1.658723851113035e-13,-0.4100054287265799,3.3174666524403064e-08,Q_upper|budget,exponential|4096
2.610157215682544e+22,4096,0.0002,exponential,10000000.0,6.0,1.0,operational_extended,8.108146663527103,441.8633401309762,8108146663.527103,441863340130.97626,0.999999,0.999999,0.5389559587975633,2.089077292985636,2.14961566021075e+22,1.6704736399768596e+21,2.9349419147410774e+21,2.610157215682544e+22,0.823557924900181,0.0639989664201142,0.1124431086797047,0.0,0.0,0.0,one_component_extrapolated,True,SLSQP-2D,True,Optimization terminated successfully,2.1016899724459672,2.089077292985636,p_ref,0.0,1.6897975628980857,0.3539803206859227,1.2403055835550174,0.3399765818812715,0.2798781285427261,0.3620399283468315,0.9902880682591864,0.5389559587975633,2.4180933864599883e-24,2.4180915898006652e-24,3.833417312651345e-23,-7.286088942284276e-12,-1.428405264267592e-13,-0.4100054287265799,3.715034335141722e-07,Q_upper|budget,exponential|4096
3.1622776601683792e+22,4096,0.0002,exponential,10000000.0,6.0,1.0,operational_extended,8.790932995199672,496.2175125269175,8790932995.199673,496217512526.91754,0.999999,0.999999,0.5389559587975633,2.0771611820403204,2.6173289422012717e+22,1.8759607305856072e+21,3.57352644908547e+21,3.1622776601683796e+22,0.8276720843235217,0.0593230870968401,0.1130048285796381,-4194304.0,-1.3263553839154874e-16,1.3263553839154874e-16,one_component_extrapolated,True,SLSQP-2D,True,Optimization terminated successfully,2.0920403420847093,2.0771611820403204,p_ref,0.0,1.6897975628980857,0.3539803206859227,1.2403055835550174,0.3399765818812715,0.2798781285427261,0.3620399283468315,0.9902880682591864,0.5389559587975633,1.9321367190895332e-24,1.9321373730357247e-24,3.413516321216395e-23,-6.537976714408873e-12,-1.2313057675077225e-13,-0.4100054287265799,1.6922872867061306e-07,Q_upper|budget,exponential|4096
3.8311868495572775e+22,4096,0.0002,exponential,10000000.0,6.0,1.0,operational_extended,9.53499765477068,556.8457898437092,9534997654.77068,556845789843.7092,0.9999989999999996,0.9999989999999996,0.5389559587975633,2.065624572680318,3.185713980137217e+22,2.1051672066532644e+21,4.349561487547347e+21,3.831186849557278e+22,0.8315214332355912,0.0549481737466428,0.113530393017766,-8388608.0,-2.189558570073231e-16,2.189558570073231e-16,one_component_extrapolated,True,SLSQP-2D,True,Optimization terminated successfully,2.08289526226965,2.065624572680318,p_ref,0.0,1.6897975628980857,0.3539803206859227,1.2403055835550174,0.3399765818812715,0.2798781285427261,0.3620399283468315,0.9902880682591864,0.5389559587975633,1.5441628348760283e-24,1.5441630998777834e-24,3.041859359942002e-23,-5.863561222360063e-12,-1.0624085644041257e-13,-0.4100054287256957,8.580757368409177e-08,Q_upper|budget,exponential|4096
4.641588833612792e+22,4096,0.0002,exponential,10000000.0,6.0,1.0,operational_extended,10.34593363781307,624.4442941193117,10345933637.81307,624444294119.3118,0.999999,0.999999,0.5389559587975633,2.054453125263471,3.8762755364816555e+22,2.360724772168401e+21,5.292408199142955e+21,4.641588833612791e+22,0.8351182483918006,0.050860273427772,0.1140214781804272,8388608.0,1.807270807627893e-16,0.0,one_component_extrapolated,True,SLSQP-2D,True,Optimization terminated successfully,2.0700598417346336,2.054453125263471,p_ref,0.0,1.6897975628980857,0.3539803206859227,1.2403055835550174,0.3399765818812715,0.2798781285427261,0.3620399283468315,0.9902880682591864,0.5389559587975633,1.234335937281239e-24,1.2343361485039705e-24,2.712566347127824e-23,-5.256062286254225e-12,-9.175007182828005e-14,-0.4100054287265799,8.556127508818437e-08,Q_upper|budget,exponential|4096
5.623413251903491e+22,4096,0.0002,exponential,10000000.0,6.0,1.0,operational_extended,11.229814455075738,699.7874820969041,11229814455.07574,699787482096.9042,0.999999,0.999999,0.5389559587975633,2.0436332232482086,4.7150901491597216e+22,2.645561277118286e+21,6.437669750319406e+21,5.623413251903491e+22,0.8384747728728086,0.0470454714709572,0.1144797556562341,0.0,0.0,0.0,one_component_extrapolated,True,SLSQP-2D,True,Optimization terminated successfully,2.056246820566963,2.0436332232482086,p_ref,0.0,1.6897975628980857,0.3539803206859227,1.2403055835550174,0.3399765818812715,0.2798781285427261,0.3620399283468315,0.9902880682591864,0.5389559587975633,9.868561766455031e-25,9.868561518647407e-25,2.4205156868603088e-23,-4.7092685938181265e-12,-7.930264693346133e-14,-0.4100054287265799,1.2555407251078078e-08,Q_upper|budget,exponential|4096
6.812920690579594e+22,4096,0.0002,exponential,10000000.0,6.0,1.0,operational_extended,12.193278627793427,783.7345927265237,12193278627.793428,783734592726.5237,0.9999989999999996,0.9999989999999996,0.5389559587975633,2.03315192720694,5.7337765556128255e+22,2.9629250924043216e+21,7.828516257263377e+21,6.812920690579595e+22,0.8416033029037121,0.0434897928065012,0.1149069042897868,-8388608.0,-1.2312792678768668e-16,1.2312792678768668e-16,bridge_gap_extrapolated,True,SLSQP-2D,True,Optimization terminated successfully,2.0431560413001626,2.03315192720694,p_ref,0.0,1.6897975628980857,0.3539803206859227,1.2403055835550174,0.3399765818812715,0.2798781285427261,0.3620399283468315,0.9902880682591864,0.5389559587975633,7.891319821690421e-25,7.891321163055426e-25,2.1612502415998813e-23,-4.217470846665486e-12,-6.859840783696146e-14,-0.4100054287256957,8.498989553170283e-08,Q_upper|budget,exponential|4096
8.254041852680206e+22,4096,0.0002,exponential,10000000.0,6.0,1.0,operational_extended,13.243534753567468,877.2418706493362,13243534753.567469,877241870649.3362,0.999999,0.999999,0.5389559587975633,2.02299693172433,6.970669920737412e+22,3.316431320981123e+21,9.517287998446811e+21,8.254041852680206e+22,0.8445159408143702,0.0401794827331076,0.115304576452522,0.0,0.0,0.0,bridge_gap_extrapolated,True,SLSQP-2D,True,Optimization terminated successfully,2.030749740047747,2.02299693172433,p_ref,0.0,1.6897975628980857,0.3539803206859227,1.2403055835550174,0.3399765818812715,0.2798781285427261,0.3620399283468315,0.9902880682591864,0.5389559587975633,6.311264327034593e-25,6.311262690609403e-25,1.930877486078521e-23,-3.775453710821838e-12,-5.93831965099767e-14,-0.4100054287261379,1.2964323130502758e-07,Q_upper|budget,exponential|4096
1e+23,4096,0.0002,exponential,10000000.0,6.0,1.0,operational_extended,14.388491966091896,981.3684701012992,14388491966.091896,981368470101.2992,0.999999,0.999999,0.5389559587975633,2.0131565250680397,8.472247408697064e+22,3.710084117688303e+21,1.156744179534106e+22,1e+23,0.8472247408697063,0.037100841176883,0.1156744179534105,0.0,0.0,0.0,bridge_gap_extrapolated,True,SLSQP-2D,True,Optimization terminated successfully,2.0189921274848337,2.0131565250680397,p_ref,0.0,1.6897975628980857,0.3539803206859227,1.2403055835550174,0.3399765818812715,0.2798781285427261,0.3620399283468315,0.9902880682591864,0.5389559587975633,5.048347457912101e-25,5.048348071252414e-25,1.7260046857926778e-23,-3.378428769412385e-12,-5.1441922428293545e-14,-0.4100054287265799,6.074663855635626e-08,Q_upper|budget,exponential|4096
1.211527658628585e+23,4096,0.0002,exponential,10000000.0,6.0,1.0,operational_extended,15.636716542888225,1097.294689720659,15636716542.888224,1097294689720.6592,0.999999,0.999999,0.5389559587975633,2.003619551513791,1.029485161630706e+23,4.148345626323315e+21,1.4055904073464574e+22,1.211527658628585e+23,0.8497413610813096,0.0342406184190555,0.1160180204996348,0.0,0.0,0.0,bridge_gap_extrapolated,True,SLSQP-2D,True,Optimization terminated successfully,2.007849285604166,2.003619551513791,p_ref,0.0,1.6897975628980857,0.3539803206859227,1.2403055835550174,0.3399765818812715,0.2798781285427261,0.3620399283468315,0.9902880682591864,0.5389559587975633,4.0387253989233903e-25,4.0387255108752553e-25,1.5436569535512973e-23,-3.0220457248777186e-12,-4.4591737368927424e-14,-0.4100054287261379,1.3859801354859382e-08,Q_upper|budget,exponential|4096
1.4677992676220616e+23,4096,0.0002,exponential,10000000.0,6.0,1.0,operational_extended,16.99759111587892,1226.329021073121,16997591115.87892,1226329021073.121,0.999999,0.999999,0.5389559587975633,1.9943753762021512,1.2506783564242189e+23,4.636162626738953e+21,1.7075928493045334e+22,1.4677992676220616e+23,0.852077245174271,0.0315858082846019,0.1163369465411271,0.0,0.0,0.0,bridge_gap_extrapolated,True,SLSQP-2D,True,Optimization terminated successfully,1.9972890698704715,1.9943753762021512,p_ref,0.0,1.6897975628980857,0.3539803206859227,1.2403055835550174,0.3399765818812715,0.2798781285427261,0.3620399283468315,0.9902880682591864,0.5389559587975633,3.231449806808003e-25,3.2314500316194144e-25,1.3812333792769398e-23,-2.7023266768984554e-12,-3.86773851736601e-14,-0.4100054287261379,3.4784913519840874e-08,Q_upper|budget,exponential|4096
1.7782794100389228e+23,4096,0.0002,exponential,10000000.0,6.0,1.0,operational_extended,18.48132999745013,1369.926230221471,18481329997.450127,1369926230221.4712,0.999999,0.999999,0.5389559587975633,1.9854138524013345,1.5190835239731508e+23,5.179034892597128e+21,2.074055371398009e+22,1.778279410038923e+23,0.8542434419458871,0.0291238534471012,0.1166327046070117,-33554432.0,-1.8869043756889456e-16,1.8869043756889456e-16,bridge_gap_extrapolated,True,SLSQP-2D,True,Optimization terminated successfully,1.9872810164908712,1.9854138524013345,p_ref,0.0,1.6897975628980857,0.3539803206859227,1.2403055835550174,0.3399765818812715,0.2798781285427261,0.3620399283468315,0.9902880682591864,0.5389559587975633,2.585857924456748e-25,2.585858302673849e-25,1.2364509420410149e-23,-2.4156570012995703e-12,-3.3566614577338954e-14,-0.4100054287265799,7.313183560617666e-08,Q_upper|budget,exponential|4096
2.1544346900318777e+23,4096,0.0002,exponential,10000000.0,6.0,1.0,operational_extended,20.09907768649142,1529.7020530383163,20099077686.49142,1529702053038.317,0.999999,0.999999,0.5389559587975633,1.9767252910483983,1.8447360240721525e+23,5.783070747307403e+21,2.518679584866513e+22,2.1544346900318777e+23,0.8562506130296561,0.0268426366046948,0.116906750365649,0.0,0.0,0.0,bridge_gap_extrapolated,True,SLSQP-2D,True,Optimization terminated successfully,1.977796254533846,1.9767252910483983,p_ref,0.0,1.6897975628980857,0.3539803206859227,1.2403055835550174,0.3399765818812715,0.2798781285427261,0.3620399283468315,0.9902880682591864,0.5389559587975633,2.0694853162706483e-25,2.069486137039682e-25,1.1073048993546594e-23,-2.1587513733807663e-12,-2.914667412077191e-14,-0.4100054287261379,1.9830265648364705e-07,Q_upper|budget,exponential|4096
2.6101572156825224e+23,4096,0.0002,exponential,10000000.0,6.0,1.0,operational_extended,21.86296332568701,1707.4532891360795,21862963325.687008,1707453289136.0796,0.999999,0.999999,0.5389559587975633,1.968300432440673,2.2397993184423456e+23,6.455063029551508e+21,3.0580726694466164e+22,2.6101572156825224e+23,0.8581089694463737,0.0247305525918813,0.1171604779617449,0.0,0.0,0.0,bridge_gap_extrapolated,True,SLSQP-2D,True,Optimization terminated successfully,1.9688074226432408,1.968300432440673,p_ref,0.0,1.6897975628980857,0.3539803206859227,1.2403055835550174,0.3399765818812715,0.2798781285427261,0.3620399283468315,0.9902880682591864,0.5389559587975633,1.656407317000466e-25,1.6564077416612777e-25,9.920309906346368e-24,-1.928632139855228e-12,-2.5321246833037112e-14,-0.4100054287265799,1.2818729812352925e-07,Q_upper|budget,exponential|4096
3.162277660168379e+23,4096,0.0002,exponential,10000000.0,6.0,1.0,operational_extended,23.786241802320408,1905.1740629723135,23786241802.320408,1905174062972.3137,0.999999,0.999999,0.5389559587975633,1.960130419949985,2.71901585624212e+23,7.202550568733538e+21,3.7123629823892417e+22,3.162277660168379e+23,0.8598283099838053,0.0227764647597391,0.1173952252564555,0.0,0.0,0.0,bridge_gap_extrapolated,True,SLSQP-2D,True,Optimization terminated successfully,1.9602885901070457,1.960130419949985,p_ref,0.0,1.6897975628980857,0.3539803206859227,1.2403055835550174,0.3399765818812715,0.2798781285427261,0.3620399283468315,0.9902880682591864,0.5389559587975633,1.3259149048583956e-25,1.3259150054048442e-25,8.890770721712524e-24,-1.7225972162603146e-12,-2.20080226912826e-14,-0.4100054287265799,3.791587403173355e-08,Q_upper|budget,exponential|4096
3.8311868495572774e+23,4096,0.0002,exponential,10000000.0,6.0,1.0,operational_extended,25.883365815196974,2125.0798763597413,25883365815.196976,2125079876359.7412,0.999999,0.999999,0.5389559587975633,1.9522067756338284,3.3002531895799646e+23,8.03390911599948e+21,4.505945688173178e+22,3.831186849557277e+23,0.8614179676361475,0.0209697658492638,0.1176122665145886,67108864.0,1.751646856058585e-16,0.0,bridge_gap_extrapolated,True,SLSQP-2D,True,Optimization terminated successfully,1.9522151820532616,1.9522067756338284,p_ref,0.0,1.6897975628980857,0.3539803206859227,1.2403055835550174,0.3399765818812715,0.2798781285427261,0.3620399283468315,0.9902880682591864,0.5389559587975633,1.0614626560882605e-25,1.0614627703120852e-25,7.970743108177967e-24,-1.5382021227986798e-12,-1.9136514594832476e-14,-0.4100054287261379,5.380491644575561e-08,Q_upper|budget,exponential|4096
4.6415888336127536e+23,4096,0.0002,exponential,10000000.0,6.0,1.0,operational_extended,28.17007085344844,2369.6341383212007,28170070853.44844,2369634138321.2007,0.999999,0.999999,0.5389559587975633,1.9445213776205508,4.005165694395508e+23,8.958451640911194e+21,5.4683862280813335e+22,4.641588833612753e+23,0.8628867911331367,0.0193003989841522,0.1178128098827109,67108864.0,1.4458166461023262e-16,0.0,bridge_gap_extrapolated,True,SLSQP-2D,True,Optimization terminated successfully,1.9445639085570428,1.9445213776205508,p_ref,0.0,1.6897975628980857,0.3539803206859227,1.2403055835550174,0.3399765818812715,0.2798781285427261,0.3620399283468315,0.9902880682591864,0.5389559587975633,8.498289239160959e-26,8.49828922121261e-26,7.148135446276373e-24,-1.37323933286346e-12,-1.664626775757789e-14,-0.4100054287265799,1.055997833561023e-09,Q_upper|budget,exponential|4096
5.623413251903491e+23,4096,0.0002,exponential,10000000.0,6.0,1.0,operational_extended,30.663545866582623,2641.57130008646,30663545866.582623,2641571300086.46,0.999999,0.999999,0.5389559587975633,1.9370664391490808,4.859996563202967e+23,9.986515793787822e+21,6.635515307626451e+22,5.623413251903491e+23,0.8642431821203764,0.0177588154141213,0.117998002465502,0.0,0.0,0.0,bridge_gap_extrapolated,True,SLSQP-2D,True,Optimization terminated successfully,1.9373126974546264,1.9370664391490808,p_ref,0.0,1.6897975628980857,0.3539803206859227,1.2403055835550174,0.3399765818812715,0.2798781285427261,0.3620399283468315,0.9902880682591864,0.5389559587975633,6.804452526045827e-26,6.804453223523877e-26,6.4122690075736134e-24,-1.2257134561101122e-12,-1.4485413446106562e-14,-0.4100054287265799,5.125158949014757e-08,Q_upper|budget,exponential|4096
6.812920690579594e+23,4096,0.0002,exponential,10000000.0,6.0,1.0,operational_extended,33.3824930723923,2943.9328982531542,33382493072.3923,2943932898253.1543,0.999999,0.999999,0.5389559587975633,1.9298344891479768,5.8965491748914224e+23,1.112960016763295e+22,8.050755140118423e+22,6.812920690579594e+23,0.8654950560403172,0.0163360189749781,0.1181689249847046,0.0,0.0,0.0,bridge_gap_extrapolated,True,SLSQP-2D,True,Optimization terminated successfully,1.930440630670216,1.9298344891479768,p_ref,0.0,1.6897975628980857,0.3539803206859227,1.2403055835550174,0.3399765818812715,0.2798781285427261,0.3620399283468315,0.9902880682591864,0.5389559587975633,5.448629985802703e-26,5.448629483520479e-26,5.7536860941609414e-24,-1.093827029466295e-12,-1.2609350085936151e-14,-0.4100054287261379,4.6092526876473664e-08,Q_upper|budget,exponential|4096
8.254041852680139e+23,4096,0.0002,exponential,10000000.0,6.0,1.0,operational_extended,36.34737874209499,3280.0919103591964,36347378742.094986,3280091910359.1963,0.9999989999999996,0.9999989999999996,0.5389559587975633,1.9228183542433976,7.153364578482455e+23,1.2400456374887769e+22,9.766727104488046e+22,8.254041852680138e+23,0.8666499039085576,0.0150234958777938,0.1183266002136484,134217728.0,1.626084897502896e-16,0.0,bridge_gap_extrapolated,True,SLSQP-2D,True,Optimization terminated successfully,1.923927883872145,1.9228183542433976,p_ref,0.0,1.6897975628980857,0.3539803206859227,1.2403055835550174,0.3399765818812715,0.2798781285427261,0.3620399283468315,0.9902880682591864,0.5389559587975633,4.3632618276171086e-26,4.3632630458334935e-26,5.164021692596091e-24,-9.759570727672462e-13,-1.0979739830100796e-14,-0.4100054287256957,1.3959925665270525e-07,Q_upper|budget,exponential|4096
1e+24,4096,0.0002,exponential,10000000.0,6.0,1.0,operational_extended,39.58038890961048,3653.807457112251,39580388909.61047,3653807457112.251,0.9999989999999996,0.9999989999999996,0.5389559587975633,1.9160111420907673,8.677147209200268e+23,1.381329585035878e+22,1.1847198322961434e+23,1e+24,0.8677147209200268,0.0138132958503587,0.1184719832296143,0.0,0.0,0.0,bridge_gap_extrapolated,True,SLSQP-2D,True,Optimization terminated successfully,1.9177556692842417,1.9160111420907673,p_ref,0.0,1.6897975628980857,0.3539803206859227,1.2403055835550174,0.3399765818812715,0.2798781285427261,0.3620399283468315,0.9902880682591864,0.5389559587975633,3.4943239836733117e-26,3.4943232097965355e-26,4.635839730917561e-24,-8.706472946891875e-13,-9.563512174115048e-15,-0.4100054287256957,1.1073341588540012e-07,Q_upper|budget,exponential|4096
1e+19,4096,0.0002,power,5000000000.0,4.0,1.0,operational_extended,0.2152045633643783,6.814203445416403,215204563.3643783,6814203445.416404,0.5389559587975633,0.5389559587975633,0.5389559587975633,3.1796191629865347,8.798686062881276e+18,0.0,1.2013139371187236e+18,1e+19,0.8798686062881276,0.0,0.1201313937118723,0.0,0.0,0.0,one_component_extrapolated,True,SLSQP-2D,True,Optimization terminated successfully,3.179632058437184,3.1796191629865347,p_ref,0.0,1.6897975628980857,0.3539803206859227,1.2403055835550174,0.3399765818812715,0.2798781285427261,0.3620399283468315,0.9902880682591864,0.5389559587975633,2.028817565235187e-20,2.0288175954565884e-20,1.6930851563209797e-20,-9.427391006574755e-10,-2.9773363999298836e-11,-0.3612299303457454,7.448033200024826e-09,Q_lower|budget,power|4096
1.211527658628585e+19,4096,0.0002,power,5000000000.0,4.0,1.0,operational_extended,0.2346811881960098,7.570448805258321,234681188.19600984,7570448805.258321,0.5389559587975633,0.5389559587975633,0.5389559587975633,3.1412575359069357,1.0659851524770517e+19,0.0,1.4554250615153344e+18,1.2115276586285849e+19,0.8798686062881276,0.0,0.1201313937118723,2048.0,1.6904277714289063e-16,0.0,one_component_extrapolated,True,SLSQP-2D,True,Optimization terminated successfully,3.168997158787275,3.1412575359069357,p_ref,0.0,1.6897975628980857,0.3539803206859227,1.2403055835550174,0.3399765818812715,0.2798781285427261,0.3620399283468315,0.9902880682591864,0.5389559587975633,1.6259883565561343e-20,1.6259882804125328e-20,1.5239554486614242e-20,-8.39406806194655e-10,-2.6021307652954878e-11,-0.3612299303457454,2.34145599095092e-08,Q_lower|budget,power|4096
1.4677992676220735e+19,4096,0.0002,power,5000000000.0,4.0,1.0,operational_extended,0.2663527989221255,7.808004514876458,266352798.92212555,7808004514.876458,0.5581980096177175,0.5581980096177175,0.5389559587975633,3.1038359839501832,1.2478103139203625e+19,4.962125217445064e+17,1.703677015272602e+18,1.4677992676220731e+19,0.8501232705626657,0.0338065655631782,0.1160701638741559,2048.0,1.3952861574307012e-16,0.0,one_component_extrapolated,True,SLSQP-2D,True,Optimization terminated successfully,3.121547184174968,3.1038359839501832,p_ref,0.0,1.6897975628980857,0.3539803206859227,1.2403055835550174,0.3399765818812715,0.2798781285427261,0.3620399283468315,0.9902880682591864,0.5389559587975633,1.3305415712252187e-20,1.3305418922893206e-20,1.330542156392351e-20,-7.084381364066066e-10,-2.5012388393497916e-11,-0.3613795238334671,2.270331238264716e-07,budget,power|4096
1.7782794100389229e+19,4096,0.0002,power,5000000000.0,4.0,1.0,operational_extended,0.3144734786125219,7.482559607795307,314473478.6125219,7482559607.795307,0.6013800564840865,0.6013800564840865,0.5389559587975633,3.0661179057076873,1.4118399292733626e+19,1.7367626908877033e+18,1.927632116767898e+18,1.7782794100389226e+19,0.7939359367842315,0.0976653433134947,0.1083987199022737,2048.0,1.1516750339898348e-16,0.0,one_component_extrapolated,True,SLSQP-2D,True,Optimization terminated successfully,3.0765782279759573,3.0661179057076873,p_ref,0.0,1.6897975628980857,0.3539803206859227,1.2403055835550174,0.3399765818812715,0.2798781285427261,0.3620399283468315,0.9902880682591864,0.5389559587975633,1.1113993783426955e-20,1.1113993282672087e-20,1.1113992891262001e-20,-5.670923160856101e-10,-2.6413134614118977e-11,-0.3617406879178125,4.177675774831306e-08,budget,power|4096
2.1544346900318777e+19,4096,0.0002,power,5000000000.0,4.0,1.0,operational_extended,0.3679328248145398,7.292829692968389,367932824.81453985,7292829692.968389,0.6453100063666211,0.6453100063666211,0.5389559587975633,3.0280474295395363,1.6099628578951274e+19,3.24658236605469e+18,2.198135955312814e+18,2.154434690031878e+19,0.7472785623737361,0.1506930045768364,0.1020284330494274,-4096.0,-1.9011947862477996e-16,1.9011947862477996e-16,one_component_extrapolated,True,SLSQP-2D,True,Optimization terminated successfully,3.0339605650972885,3.0280474295395363,p_ref,0.0,1.6897975628980857,0.3539803206859227,1.2403055835550174,0.3399765818812715,0.2798781285427261,0.3620399283468315,0.9902880682591864,0.5389559587975633,9.239715866528058e-21,9.239715286447492e-21,9.239715248802731e-21,-4.5950275128198665e-10,-2.7295801461445963e-11,-0.3621511370043911,4.321222160964893e-08,budget,power|4096
2.610157215682544e+19,4096,0.0002,power,5000000000.0,4.0,1.0,operational_extended,0.4284411053562147,7.170983760296047,428441105.3562147,7170983760.296047,0.691029617855499,0.691029617855499,0.5389559587975633,2.9897551193853853,1.843406525251622e+19,5.150642528499004e+18,2.516864375810215e+18,2.610157215682544e+19,0.7062434837932089,0.1973307392195583,0.0964257769872328,0.0,0.0,0.0,one_component_extrapolated,True,SLSQP-2D,True,Optimization terminated successfully,2.992028787138308,2.9897551193853853,p_ref,0.0,1.6897975628980857,0.3539803206859227,1.2403055835550174,0.3399765818812715,0.2798781285427261,0.3620399283468315,0.9902880682591864,0.5389559587975633,7.662548183407821e-21,7.662548159497273e-21,7.662547667498537e-21,-3.7470146014762904e-10,-2.7890811132168996e-11,-0.362636829755109,4.3845642403396734e-08,budget,power|4096
3.162277660168379e+19,4096,0.0002,power,5000000000.0,4.0,1.0,operational_extended,0.497868937603774,7.078378740606429,497868937.6037741,7078378740.606429,0.7393816137084341,0.7393816137084341,0.5389559587975633,2.9513062792167792,2.114462942125718e+19,7.591200443444299e+18,2.8869467369823135e+18,3.162277660168379e+19,0.6686518925138063,0.240054835761642,0.0912932717245516,0.0,0.0,0.0,one_component_extrapolated,True,SLSQP-2D,True,Optimization terminated successfully,2.9516448551219425,2.9513062792167792,p_ref,0.0,1.6897975628980857,0.3539803206859227,1.2403055835550174,0.3399765818812715,0.2798781285427261,0.3620399283468315,0.9902880682591864,0.5389559587975633,6.3477477785010246e-21,6.347749496141046e-21,6.347752764914293e-21,-3.063986777454794e-10,-2.8358678109208048e-11,-0.363236711923969,4.33496724362929e-07,budget,power|4096
3.831186849557277e+19,4096,0.0002,power,5000000000.0,4.0,1.0,operational_extended,0.5785214203465024,6.987549219245852,578521420.3465024,6987549219.245852,0.791233662092763,0.791233662092763,0.5389559587975633,2.9127209154241984,2.425468139435523e+19,1.0745614601508235e+19,3.3115724997093e+18,3.831186849557276e+19,0.6330853165555744,0.2804774348907042,0.086437248553721,8192.0,2.13824079108714e-16,0.0,one_component_extrapolated,True,SLSQP-2D,True,Optimization terminated successfully,2.91337247911277,2.9127209154241984,p_ref,0.0,1.6897975628980857,0.3539803206859227,1.2403055835550174,0.3399765818812715,0.2798781285427261,0.3620399283468315,0.9902880682591864,0.5389559587975633,5.2584311602950944e-21,5.258431966760861e-21,5.258432281880128e-21,-2.5056159262406336e-10,-2.8831332371666817e-11,-0.3640201528520134,1.222196320912838e-07,budget,power|4096
4.641588833612792e+19,4096,0.0002,power,5000000000.0,4.0,1.0,operational_extended,0.6735192630573025,6.87351437931607,673519263.0573025,6873514379.316071,0.8476981121212664,0.8476981121212664,0.5389559587975633,2.873980181336215,2.777666603622439e+19,1.484678149709103e+19,3.792440802812503e+18,4.641588833612792e+19,0.5984301288187208,0.3198642109265633,0.081705660254716,0.0,0.0,0.0,one_component_extrapolated,True,SLSQP-2D,True,Optimization terminated successfully,2.877101252111053,2.873980181336215,p_ref,0.0,1.6897975628980857,0.3539803206859227,1.2403055835550174,0.3399765818812715,0.2798781285427261,0.3620399283468315,0.9902880682591864,0.5389559587975633,4.3603645453865156e-21,4.360366002703853e-21,4.3603669383780025e-21,-2.0437843687737863e-10,-2.944494625561382e-11,-0.365136734383749,2.9434142110579033e-07,budget,power|4096
5.6234132519034905e+19,4096,0.0002,power,5000000000.0,4.0,1.0,operational_extended,0.7878721291966596,6.7014869335908065,787872129.1966596,6701486933.590807,0.9107793160702992,0.9107793160702992,0.5389559587975633,2.835019108458953,3.167948867491069e+19,2.0229337657043067e+19,4.3253061870811407e+18,5.62341325190349e+19,0.5633498243115492,0.3597341463424471,0.0769160293460035,8192.0,1.4567664927038856e-16,0.0,one_component_extrapolated,True,SLSQP-2D,True,Optimization terminated successfully,2.8427265399715536,2.835019108458953,p_ref,0.0,1.6897975628980857,0.3539803206859227,1.2403055835550174,0.3399765818812715,0.2798781285427261,0.3620399283468315,0.9902880682591864,0.5389559587975633,3.6246861225295675e-21,3.6246862278870016e-21,3.6246858739812086e-21,-1.65643732586218e-10,-3.0415799911095425e-11,-0.3670379948054317,5.5402880626467736e-08,budget,power|4096
6.8129206905795944e+19,4096,0.0002,power,5000000000.0,4.0,1.0,operational_extended,0.9516323208257736,6.15580301438174,951632320.8257736,6155803014.38174,0.9999989999999996,0.9999989999999996,0.5389559587975633,2.795599944167588,3.5148366654734324e+19,2.818191659046855e+19,4.79892366059306e+18,6.812920690579594e+19,0.5159074683393114,0.413653965316761,0.0704385663439273,8192.0,1.2024211600360023e-16,0.0,one_component_extrapolated,True,SLSQP-2D,True,Optimization terminated successfully,2.8093477512261025,2.795599944167588,p_ref,0.0,1.6897975628980857,0.3539803206859227,1.2403055835550174,0.3399765818812715,0.2798781285427261,0.3620399283468315,0.9902880682591864,0.5389559587975633,3.0638025200527907e-21,3.063802724898105e-21,3.3302451181961788e-21,-1.2861123572513463e-10,-3.3908565507288035e-11,-0.4100054287256957,3.342991359271615e-08,Q_upper|budget,power|4096
8.254041852680207e+19,4096,0.0002,power,5000000000.0,4.0,1.0,operational_extended,1.0093122942442685,7.201971986077073,1009312294.2442684,7201971986.077073,0.999999,0.999999,0.5389559587975633,2.756415663116999,4.3614233210102415e+19,3.2971388675747013e+19,5.95479664095265e+18,8.254041852680208e+19,0.5283984984391646,0.3994574932406082,0.0721440083202272,-16384.0,-1.9849669158970742e-16,1.9849669158970742e-16,one_component_extrapolated,True,SLSQP-2D,True,Optimization terminated successfully,2.776317414854431,2.756415663116999,p_ref,0.0,1.6897975628980857,0.3539803206859227,1.2403055835550174,0.3399765818812715,0.2798781285427261,0.3620399283468315,0.9902880682591864,0.5389559587975633,2.4201880107160017e-21,2.4201879399452417e-21,2.8464888473459448e-21,-1.1885951695275143e-10,-2.773730942897081e-11,-0.4100054287265799,1.462092224165288e-08,Q_upper|budget,power|4096
1e+20,4096,0.0002,power,5000000000.0,4.0,1.0,operational_extended,1.0712024144196062,8.41549014546047,1071202414.4196062,8415490145.46047,0.999999,0.999999,0.5389559587975633,2.718909030716119,5.408816017404995e+19,3.852700302351975e+19,7.384836802430287e+18,9.999999999999998e+19,0.5408816017404995,0.3852700302351975,0.0738483680243028,16384.0,1.6384e-16,0.0,one_component_extrapolated,True,SLSQP-2D,True,Optimization terminated successfully,2.745014136787955,2.718909030716119,p_ref,0.0,1.6897975628980857,0.3539803206859227,1.2403055835550174,0.3399765818812715,0.2798781285427261,0.3620399283468315,0.9902880682591864,0.5389559587975633,1.9124412820872848e-21,1.912441522422557e-21,2.4360236400876438e-21,-1.0974909650025887e-10,-2.2725254136910572e-11,-0.4100054287265799,6.283467607924637e-08,Q_upper|budget,power|4096
1.211527658628585e+20,4096,0.0002,power,5000000000.0,4.0,1.0,operational_extended,1.1376614140428858,9.82103684063568,1137661414.0428858,9821036840.63568,0.999999,0.999999,0.5389559587975633,2.6829956214317967,6.703808795690919e+19,4.496174429689932e+19,9.15293360905e+18,1.211527658628585e+20,0.5533351837199854,0.3711161191961126,0.075548697083902,0.0,0.0,0.0,one_component_extrapolated,True,SLSQP-2D,True,Optimization terminated successfully,2.715347614271169,2.6829956214317967,p_ref,0.0,1.6897975628980857,0.3539803206859227,1.2403055835550174,0.3399765818812715,0.2798781285427261,0.3620399283468315,0.9902880682591864,0.5389559587975633,1.5117542805965342e-21,1.5117542114247696e-21,2.0873898825472074e-21,-1.0124462478343288e-10,-1.8649070051455033e-11,-0.4100054287265799,2.287797926295146e-08,Q_upper|budget,power|4096
1.4677992676220736e+20,4096,0.0002,power,5000000000.0,4.0,1.0,operational_extended,1.209082936817215,11.446538645498524,1209082936.8172147,11446538645.498522,0.999999,0.999999,0.5389559587975633,2.6485954419420756,8.303888737134658e+19,5.240346330175959e+19,1.1337576089101187e+19,1.4677992676220736e+20,0.5657373538949557,0.3570206393865864,0.0772420067184579,-16384.0,-1.1162289259445608e-16,1.1162289259445608e-16,joint_observed,False,SLSQP-2D,True,Optimization terminated successfully,2.6854032231707503,2.6485954419420756,p_ref,0.0,1.6897975628980857,0.3539803206859227,1.2403055835550174,0.3399765818812715,0.2798781285427261,0.3620399283468315,0.9902880682591864,0.5389559587975633,1.1954496302642421e-21,1.195449529610947e-21,1.790963501907915e-21,-9.331229886217076e-11,-1.5329349757030242e-11,-0.4100054287265799,4.20985113064008e-08,Q_upper|budget,power|4096
1.778279410038923e+20,4096,0.0002,power,5000000000.0,4.0,1.0,operational_extended,1.2858976805154942,13.323539755091872,1285897680.5154943,13323539755.091871,0.999999,0.999999,0.5389559587975633,2.6156327067022995,1.0279625320397169e+20,6.099657269580499e+19,1.40351151041156e+19,1.7782794100389226e+20,0.578065812513241,0.3430089352182844,0.0789252522684745,32768.0,1.8426800543837358e-16,0.0,joint_observed,False,SLSQP-2D,True,Optimization terminated successfully,2.6566254288711613,2.6156327067022995,p_ref,0.0,1.6897975628980857,0.3539803206859227,1.2403055835550174,0.3399765818812715,0.2798781285427261,0.3620399283468315,0.9902880682591864,0.5389559587975633,9.456730997965292e-22,9.45673512275418e-22,1.5386551407580469e-21,-8.591996384742498e-11,-1.2621808966764107e-11,-0.4100054287265799,2.1808741245230905e-07,Q_upper|budget,power|4096
2.1544346900318775e+20,4096,0.0002,power,5000000000.0,4.0,1.0,operational_extended,1.368573958251874,15.487624516347514,1368573958.251874,15487624516.347515,0.999999,0.999999,0.5389559587975633,2.584035625285241,1.271757575295389e+20,7.090398137894916e+19,1.7363730094699717e+19,2.1544346900318775e+20,0.5902975760553557,0.3291071282272197,0.0805952957174245,0.0,0.0,0.0,joint_observed,False,SLSQP-2D,True,Optimization terminated successfully,2.629187079640692,2.584035625285241,p_ref,0.0,1.6897975628980857,0.3539803206859227,1.2403055835550174,0.3399765818812715,0.2798781285427261,0.3620399283468315,0.9902880682591864,0.5389559587975633,7.483652093241162e-22,7.483652358510584e-22,1.3236589585205773e-21,-7.903725133691783e-11,-1.0410273203805963e-11,-0.4100054287265799,1.7723259596934723e-08,Q_upper|budget,power|4096
2.610157215682544e+20,4096,0.0002,power,5000000000.0,4.0,1.0,operational_extended,1.4576285581604165,17.978807488503037,1457628558.1604164,17978807488.503036,0.999999,0.999999,0.5389559587975633,2.553736200813802,1.5723853942146227e+20,8.230888023111515e+19,2.1468301915676983e+19,2.6101572156825443e+20,0.6024102244750997,0.3153406995432333,0.0822490759816669,-32768.0,-1.2554033068629287e-16,1.2554033068629287e-16,joint_observed,False,SLSQP-2D,True,Optimization terminated successfully,2.591956190351427,2.553736200813802,p_ref,0.0,1.6897975628980857,0.3539803206859227,1.2403055835550174,0.3399765818812715,0.2798781285427261,0.3620399283468315,0.9902880682591864,0.5389559587975633,5.924488214596953e-22,5.924488569762052e-22,1.1402498719869837e-21,-7.263486774064775e-11,-8.601152551125479e-12,-0.4100054287261379,2.997432650099676e-08,Q_upper|budget,power|4096
3.1622776601683794e+20,4096,0.0002,power,5000000000.0,4.0,1.0,operational_extended,1.5536242795531616,20.84205579332377,1553624279.5531616,20842055793.323765,0.999999,0.999999,0.5389559587975633,2.524670038831896,1.9428434349785655e+20,9.541713348674064e+19,2.652628903224069e+19,3.162277660168379e+20,0.6143810391637515,0.3017354696224241,0.0838834912138242,65536.0,2.072430287367949e-16,0.0,joint_observed,False,SLSQP-2D,True,Optimization terminated successfully,2.5566719938185813,2.524670038831896,p_ref,0.0,1.6897975628980857,0.3539803206859227,1.2403055835550174,0.3399765818812715,0.2798781285427261,0.3620399283468315,0.9902880682591864,0.5389559587975633,4.691967344555246e-22,4.691968049733187e-22,9.836041674849122e-22,-6.668512399019533e-11,-7.118926219671583e-12,-0.4100054287265799,7.514735687725189e-08,Q_upper|budget,power|4096
3.8311868495572776e+20,4096,0.0002,power,5000000000.0,4.0,1.0,operational_extended,1.657176727333414,24.127798691460235,1657176727.333414,24127798691.460236,0.999999,0.999999,0.5389559587975633,2.4967761659869523,2.39904158839641e+20,1.1045961162918104e+20,3.275491448690565e+19,3.831186849557277e+20,0.6261875712675401,0.2883169523353983,0.0854954763970614,65536.0,1.7105926328697119e-16,0.0,joint_observed,False,SLSQP-2D,True,Optimization terminated successfully,2.523232703252736,2.4967761659869523,p_ref,0.0,1.6897975628980857,0.3539803206859227,1.2403055835550174,0.3399765818812715,0.2798781285427261,0.3620399283468315,0.9902880682591864,0.5389559587975633,3.717302499258341e-22,3.7173021250535414e-22,8.496561662917088e-22,-6.116162736325427e-11,-5.902601890647045e-12,-0.4100054287261379,5.0332844698403594e-08,Q_upper|budget,power|4096
4.641588833612792e+20,4096,0.0002,power,5000000000.0,4.0,1.0,operational_extended,1.7689617041341368,27.892471831392182,1768961704.134137,27892471831.39218,0.999999,0.999999,0.5389559587975633,2.469996857923438,2.960442870202375e+20,1.2769468301987851e+20,4.04199133211631e+19,4.641588833612792e+20,0.6378080817421536,0.2751098548306508,0.0870820634271953,0.0,0.0,0.0,joint_observed,False,SLSQP-2D,True,Optimization terminated successfully,2.4915418539937435,2.469996857923438,p_ref,0.0,1.6897975628980857,0.3539803206859227,1.2403055835550174,0.3399765818812715,0.2798781285427261,0.3620399283468315,0.9902880682591864,0.5389559587975633,2.9462581293071624e-22,2.946258144707847e-22,7.349772749145084e-22,-5.603910944821202e-11,-4.9028709209004196e-12,-0.4100054287265799,2.6136007060811543e-09,Q_upper|budget,power|4096
5.6234132519034906e+20,4096,0.0002,power,5000000000.0,4.0,1.0,operational_extended,1.8897162235943132,32.199184665642406,1889716223.5943131,32199184665.642406,0.999999,0.999999,0.5389559587975633,2.4442774758137396,3.6508392989504215e+20,1.4741126940030386e+20,4.984612589500309e+19,5.623413251903491e+20,0.649221235468447,0.262138425182261,0.0886403393492919,-65536.0,-1.1654131941631082e-16,1.1654131941631082e-16,joint_observed,False,SLSQP-2D,True,Optimization terminated successfully,2.4615080252323795,2.4442774758137396,p_ref,0.0,1.6897975628980857,0.3539803206859227,1.2403055835550174,0.3399765818812715,0.2798781285427261,0.3620399283468315,0.9902880682591864,0.5389559587975633,2.336064655760072e-22,2.336064654085922e-22,6.366724235455826e-22,-5.129359772865933e-11,-4.079810426724055e-12,-0.4100054287265799,3.583270556443684e-10,Q_upper|budget,power|4096
6.812920690579594e+20,4096,0.0002,power,5000000000.0,4.0,1.0,operational_extended,2.020247790533444,37.11837000744344,2020247790.533444,37118370007.44344,0.999999,0.999999,0.5389559587975633,2.419566310979709,4.499298299744428e+20,1.6993181963100612e+20,6.143041945251058e+19,6.812920690579596e+20,0.6604066749178111,0.249425800400077,0.0901675246821118,-131072.0,-1.9238738560576043e-16,1.9238738560576043e-16,joint_observed,False,SLSQP-2D,True,Optimization terminated successfully,2.4330445762823323,2.419566310979709,p_ref,0.0,1.6897975628980857,0.3539803206859227,1.2403055835550174,0.3399765818812715,0.2798781285427261,0.3620399283468315,0.9902880682591864,0.5389559587975633,1.85297999507688e-22,1.8529799655573248e-22,5.522961523675563e-22,-4.6902182836466374e-11,-3.4010667882354213e-12,-0.4100054287265799,7.965427486808758e-09,Q_upper|budget,power|4096
8.254041852680207e+20,4096,0.0002,power,5000000000.0,4.0,1.0,operational_extended,2.161439384110833,42.72854938896836,2161439384.110833,42728549388.96836,0.999999,0.999999,0.5389559587975633,2.3958144370859675,5.5413101685144656e+20,1.9561581358245672e+20,7.565735483411751e+19,8.254041852680208e+20,0.6713450534195101,0.2369939686202795,0.0916609779602104,-131072.0,-1.5879735327176591e-16,1.5879735327176591e-16,joint_observed,False,SLSQP-2D,True,Optimization terminated successfully,2.40606939664176,2.3958144370859675,p_ref,0.0,1.6897975628980857,0.3539803206859227,1.2403055835550174,0.3399765818812715,0.2798781285427261,0.3620399283468315,0.9902880682591864,0.5389559587975633,1.4703769377938682e-22,1.4703768270147006e-22,4.797806906723372e-22,-4.284303803403454e-11,-2.840384717699748e-12,-0.4100054287265799,3.7670331046134095e-08,Q_upper|budget,power|4096
1e+21,4096,0.0002,power,5000000000.0,4.0,1.0,operational_extended,2.3142572986423557,49.117146247318026,2314257298.642356,49117146247.31802,0.999999,0.999999,0.5389559587975633,2.3729755694147703,6.820182851480385e+20,2.2486348498641617e+20,9.311822986554552e+19,1e+21,0.6820182851480385,0.2248634849864161,0.0931182298655455,-131072.0,-1.31072e-16,1.31072e-16,joint_observed,False,SLSQP-2D,True,Optimization terminated successfully,2.3805046691233867,2.3729755694147703,p_ref,0.0,1.6897975628980857,0.3539803206859227,1.2403055835550174,0.3399765818812715,0.2798781285427261,0.3620399283468315,0.9902880682591864,0.5389559587975633,1.1672355360998516e-22,1.1672355274823208e-22,4.173763034611504e-22,-3.9095345456325314e-11,-2.3764318912279157e-12,-0.4100054287265799,3.691427528316837e-09,Q_upper|budget,power|4096
1.211527658628585e+21,4096,0.0002,power,5000000000.0,4.0,1.0,operational_extended,2.479756863683276,56.3814254189989,2479756863.683276,56381425418.9989,0.999999,0.999999,0.5389559587975633,2.3510059307621756,8.388733600020555e+20,2.5812012254091556e+20,1.14534176085614e+20,1.211527658628585e+21,0.6924095822555437,0.213053429447166,0.0945369882972902,0.0,0.0,0.0,joint_observed,False,SLSQP-2D,True,Optimization terminated successfully,2.356276645369813,2.3510059307621756,p_ref,0.0,1.6897975628980857,0.3539803206859227,1.2403055835550174,0.3399765818812715,0.2798781285427261,0.3620399283468315,0.9902880682591864,0.5389559587975633,9.269572021098849e-23,9.269571225641552e-23,3.636008274873855e-22,-3.563929976625254e-11,-1.9918513659479273e-12,-0.4100054287265799,4.2906907003591627e-08,Q_upper|budget,power|4096
1.4677992676220737e+21,4096,0.0002,power,5000000000.0,4.0,1.0,operational_extended,2.659093671641488,64.62945036577854,2659093671.641488,64629450365.77854,0.999999,0.999999,0.5389559587975633,2.3298641235263964,1.0311345748158564e+21,2.95880452191359e+20,1.4078424061485826e+20,1.4677992676220737e+21,0.702503807953494,0.2015810054672556,0.0959151865792503,0.0,0.0,0.0,joint_observed,False,SLSQP-2D,True,Optimization terminated successfully,2.333315433106476,2.3298641235263964,p_ref,0.0,1.6897975628980857,0.3539803206859227,1.2403055835550174,0.3399765818812715,0.2798781285427261,0.3620399283468315,0.9902880682591864,0.5389559587975633,7.364293768935813e-23,7.364293753052475e-23,3.1719800835752255e-22,-3.24560000357093e-11,-1.6725045495679766e-12,-0.4100054287265799,1.0784020137244032e-09,Q_upper|budget,power|4096
1.7782794100389228e+21,4096,0.0002,power,5000000000.0,4.0,1.0,operational_extended,2.853528970634214,73.981258790172,2853528970.6342144,73981258790.17201,0.999999,0.999999,0.5389559587975633,2.3095110075915466,1.266645991450458e+21,3.3869401922242943e+20,1.7293939936603583e+20,1.7782794100389233e+21,0.712287385379294,0.1904616436035865,0.0972509710171196,-524288.0,-2.9482880870139775e-16,2.9482880870139775e-16,joint_observed,False,SLSQP-2D,True,Optimization terminated successfully,2.3115547945185173,2.3095110075915466,p_ref,0.0,1.6897975628980857,0.3539803206859227,1.2403055835550174,0.3399765818812715,0.2798781285427261,0.3620399283468315,0.9902880682591864,0.5389559587975633,5.852903689357226e-23,5.852903611569053e-23,2.771017048440606e-22,-2.952748940615082e-11,-1.4068560269994158e-12,-0.4100054287265799,6.645263508677473e-09,Q_upper|budget,power|4096
2.154434690031878e+21,4096,0.0002,power,5000000000.0,4.0,1.0,operational_extended,3.0644412991961967,84.57006995246883,3064441299.196197,84570069952.46883,0.999999,0.999999,0.5389559587975633,2.289909583643273,1.554960090229541e+21,3.8717071548299706e+20,2.1230388431933997e+20,2.1544346900318776e+21,0.7217485391522974,0.1797087269687754,0.098542733878927,262144.0,1.2167646631985916e-16,0.0,joint_observed,False,SLSQP-2D,True,Optimization terminated successfully,2.2909319551699237,2.289909583643273,p_ref,0.0,1.6897975628980857,0.3539803206859227,1.2403055835550174,0.3399765818812715,0.2798781285427261,0.3620399283468315,0.9902880682591864,0.5389559587975633,4.653488470265116e-23,4.653487227921706e-23,2.4240647960639123e-22,-2.6836678293153345e-11,-1.1854825612760568e-12,-0.4100054287261379,1.3348518896389234e-07,Q_upper|budget,power|4096
2.610157215682544e+21,4096,0.0002,power,5000000000.0,4.0,1.0,operational_extended,3.2933411804615127,96.543557934219,3293341180.4615126,96543557934.219,0.999999,0.999999,0.5389559587975633,2.271024881586784,1.907705250318211e+21,4.419866085208859e+20,2.6046535684344653e+20,2.610157215682544e+21,0.7308775267850505,0.1693333282245638,0.0997891449903855,0.0,0.0,0.0,joint_observed,False,SLSQP-2D,True,Optimization terminated successfully,2.2713874229137208,2.271024881586784,p_ref,0.0,1.6897975628980857,0.3539803206859227,1.2403055835550174,0.3399765818812715,0.2798781285427261,0.3620399283468315,0.9902880682591864,0.5389559587975633,3.701266058391708e-23,3.7012664495186635e-23,2.123428364970186e-22,-2.4367278813078835e-11,-1.0006765378335652e-12,-0.4100054287265799,5.2836911653741875e-08,Q_upper|budget,power|4096
3.1622776601683794e+21,4096,0.0002,power,5000000000.0,4.0,1.0,operational_extended,3.541870106392593,110.06567054029492,3541870106.392593,110065670540.29492,0.999999,0.999999,0.5389559587975633,2.2528238537720777,2.3390298493603587e+21,5.038922687086866e+20,3.193555420993343e+20,3.1622776601683794e+21,0.7396661839099272,0.1593447264469041,0.1009890896431687,0.0,0.0,0.0,joint_observed,False,SLSQP-2D,True,Optimization terminated successfully,2.252864816270821,2.2528238537720777,p_ref,0.0,1.6897975628980857,0.3539803206859227,1.2403055835550174,0.3399765818812715,0.2798781285427261,0.3620399283468315,0.9902880682591864,0.5389559587975633,2.9449908355739176e-23,2.944990862960652e-23,1.8625546763703367e-22,-2.2103917930649807e-11,-8.461202089284536e-13,-0.4100054287265799,4.649714683400372e-09,Q_upper|budget,power|4096
3.831186849557278e+21,4096,0.0002,power,5000000000.0,4.0,1.0,operational_extended,3.8118282829247008,125.31798056230872,3811828282.9247007,125317980562.30872,0.999999,0.999999,0.5389559587975633,2.235275272764912,2.8661437359984974e+21,5.737189554704513e+20,3.913241580883282e+20,3.831186849557277e+21,0.7481085753699802,0.149749667139505,0.1021417574905146,524288.0,1.3684741062957696e-16,0.0,joint_observed,False,SLSQP-2D,True,Optimization terminated successfully,2.235310701782421,2.235275272764912,p_ref,0.0,1.6897975628980857,0.3539803206859227,1.2403055835550174,0.3399765818812715,0.2798781285427261,0.3620399283468315,0.9902880682591864,0.5389559587975633,2.3441006488941865e-23,2.344100708171625e-23,1.635865248169511e-22,-2.003194277792116e-11,-7.166320241427597e-13,-0.4100054287265799,1.2643961797801622e-08,Q_upper|budget,power|4096
4.641588833612792e+21,4096,0.0002,power,5000000000.0,4.0,1.0,operational_extended,4.10517472275555,142.5019253709626,4105174722.7555504,142501925370.9626,0.999999,0.999999,0.5389559587975633,2.2183496334353636,3.509971811861241e+21,6.52388870372096e+20,4.792281513794548e+20,4.641588833612792e+21,0.75620050325079,0.1405529213720353,0.1032465753771745,0.0,0.0,0.0,joint_observed,False,SLSQP-2D,True,Optimization terminated successfully,2.2186744398667693,2.2183496334353636,p_ref,0.0,1.6897975628980857,0.3539803206859227,1.2403055835550174,0.3399765818812715,0.2798781285427261,0.3620399283468315,0.9902880682591864,0.5389559587975633,1.866482483740573e-23,1.866481448195695e-23,1.4386004177767856e-22,-1.813752728782615e-11,-6.079524487502754e-13,-0.4100054287265799,2.774055406035714e-07,Q_upper|budget,power|4096
5.623413251903491e+21,4096,0.0002,power,5000000000.0,4.0,1.0,operational_extended,4.424061703525198,161.84036344327964,4424061703.525198,161840363443.27963,0.999999,0.999999,0.5389559587975633,2.202019059166964,4.2959505239640774e+21,7.409222830675178e+20,5.865404448718954e+20,5.623413251903491e+21,0.7639400363311241,0.1317566840417997,0.1043032796270761,0.0,0.0,0.0,joint_observed,False,SLSQP-2D,True,Optimization terminated successfully,2.2029080387356257,2.202019059166964,p_ref,0.0,1.6897975628980857,0.3539803206859227,1.2403055835550174,0.3399765818812715,0.2798781285427261,0.3620399283468315,0.9902880682591864,0.5389559587975633,1.4866974521181366e-23,1.4866973525998565e-23,1.2667008712230857e-22,-1.6407517276656152e-11,-5.165777817293346e-13,-0.4100054287265799,3.346958171287672e-08,Q_upper|budget,power|4096
6.812920690579594e+21,4096,0.0002,power,5000000000.0,4.0,1.0,operational_extended,4.770820133291133,183.5808483810916,4770820133.291133,183580848381.0916,0.999999,0.999999,0.5389559587975633,2.1862572120192043,5.254987245259072e+21,8.404525201011489e+20,7.17480925219372e+20,6.812920690579592e+21,0.7713266429954604,0.1233615593475592,0.1053117976569802,2097152.0,3.078198169692167e-16,0.0,joint_observed,False,SLSQP-2D,True,Optimization terminated successfully,2.187966015948988,2.1862572120192043,p_ref,0.0,1.6897975628980857,0.3539803206859227,1.2403055835550174,0.3399765818812715,0.2798781285427261,0.3620399283468315,0.9902880682591864,0.5389559587975633,1.1845912878771767e-23,1.1845913535310665e-23,1.1166923520644215e-22,-1.4829596514241018e-11,-4.396170414029274e-13,-0.4100054287265799,2.7711620285209504e-08,Q_upper|budget,power|4096
8.254041852680206e+21,4096,0.0002,power,5000000000.0,4.0,1.0,operational_extended,5.1480018434161074,207.99755587669804,5148001843.416107,207997555876.6981,0.999999,0.999999,0.5389559587975633,2.171039206701823,6.424630806475718e+21,9.522347867603363e+20,8.771762594441514e+20,8.254041852680205e+21,0.7783617918522606,0.115365878166844,0.1062723299808953,1048576.0,1.270378826174127e-16,0.0,joint_observed,False,SLSQP-2D,True,Optimization terminated successfully,2.17380526720872,2.171039206701823,p_ref,0.0,1.6897975628980857,0.3539803206859227,1.2403055835550174,0.3399765818812715,0.2798781285427261,0.3620399283468315,0.9902880682591864,0.5389559587975633,9.441853930504922e-24,9.44185210890355e-24,9.856045111135349e-23,-1.3392107820108171e-11,-3.746844146568054e-13,-0.4100054287265799,9.646418821671273e-08,Q_upper|budget,power|4096
1e+22,4096,0.0002,power,5000000000.0,4.0,1.0,operational_extended,5.558397888837578,235.394187657333,5558397888.837578,235394187657.33295,0.999999,0.999999,0.5389559587975633,2.156341528243584,7.850487334314938e+21,1.0776594616399272e+21,1.0718532040451329e+21,9.999999999999998e+21,0.7850487334314937,0.1077659461639927,0.1071853204045132,2097152.0,2.097152e-16,0.0,joint_observed,False,SLSQP-2D,True,Optimization terminated successfully,2.160384942012567,2.156341528243584,p_ref,0.0,1.6897975628980857,0.3539803206859227,1.2403055835550174,0.3399765818812715,0.2798781285427261,0.3620399283468315,0.9902880682591864,0.5389559587975633,7.52807430593733e-24,7.52807450161206e-24,8.708937608565328e-23,-1.2084065210685784e-11,-3.1980715312184314e-13,-0.4100054287265799,1.2996333372146433e-08,Q_upper|budget,power|4096
1.2115276586285852e+22,4096,0.0002,power,5000000000.0,4.0,1.0,operational_extended,6.0050409960441575,266.1079207843879,6005040996.044158,266107920784.38788,0.999999,0.999999,0.5389559587975633,2.142141953256987,9.587933842093925e+21,1.2182701769513734e+21,1.309072567240557e+21,1.2115276586285854e+22,0.7913920721337218,0.1005565302842875,0.1080513975819908,-2097152.0,-1.7309980379432e-16,1.7309980379432e-16,joint_observed,False,SLSQP-2D,True,Optimization terminated successfully,2.147666325809857,2.142141953256987,p_ref,0.0,1.6897975628980857,0.3539803206859227,1.2403055835550174,0.3399765818812715,0.2798781285427261,0.3620399283468315,0.9902880682591864,0.5389559587975633,6.004041902404469e-24,6.0040415297736365e-24,7.703766530826631e-23,-1.0895193410921582e-11,-2.733500887697816e-13,-0.4100054287265799,3.1031665925041266e-08,Q_upper|budget,power|4096
1.4677992676220736e+22,4096,0.0002,power,5000000000.0,4.0,1.0,operational_extended,6.491247988142123,300.5123637122743,6491247988.142123,300512363712.2743,0.999999,0.999999,0.5389559587975633,2.128419474716414,1.1704201658154806e+22,1.3757773516725263e+21,1.598013666393403e+21,1.4677992676220736e+22,0.7973979764355887,0.0937306198484055,0.1088714037160057,0.0,0.0,0.0,one_component_extrapolated,True,SLSQP-2D,True,Optimization terminated successfully,2.135612728318923,2.128419474716414,p_ref,0.0,1.6897975628980857,0.3539803206859227,1.2403055835550174,0.3399765818812715,0.2798781285427261,0.3620399283468315,0.9902880682591864,0.5389559587975633,4.7899566488603995e-24,4.7899559290596845e-24,6.821793514250303e-23,-9.815837394409732e-12,-2.339568900848072e-13,-0.4100054287261379,7.513645966091224e-08,Q_upper|budget,power|4096
1.7782794100389228e+22,4096,0.0002,power,5000000000.0,4.0,1.0,operational_extended,7.02063426489043,339.02200573710894,7020634264.8904295,339022005737.10895,0.999999,0.999999,0.5389559587975633,2.1151542301789186,1.428089706017896e+22,1.5520785615938286e+21,1.9498184786164344e+21,1.7782794100389223e+22,0.8030738577727997,0.0872797915126204,0.1096463507145796,4194304.0,2.358630469611182e-16,0.0,one_component_extrapolated,True,SLSQP-2D,True,Optimization terminated successfully,2.12418937768409,2.1151542301789186,p_ref,0.0,1.6897975628980857,0.3539803206859227,1.2403055835550174,0.3399765818812715,0.2798781285427261,0.3620399283468315,0.9902880682591864,0.5389559587975633,3.822454433415015e-24,3.822453524355875e-24,6.046903324960882e-23,-8.836975154656446e-12,-2.0049997590609885e-13,-0.4100054287265799,1.1891041010828998e-07,Q_upper|budget,power|4096
2.154434690031878e+22,4096,0.0002,power,5000000000.0,4.0,1.0,operational_extended,7.597144789214836,382.0965998030729,7597144789.214836,382096599803.0729,0.999999,0.999999,0.5389559587975633,2.1023274333846937,1.741705915302373e+22,1.74927860426888e+21,2.378009143026173e+21,2.154434690031878e+22,0.808428272790484,0.081194320364522,0.110377406844994,0.0,0.0,0.0,one_component_extrapolated,True,SLSQP-2D,True,Optimization terminated successfully,2.1133633201668633,2.1023274333846937,p_ref,0.0,1.6897975628980857,0.3539803206859227,1.2403055835550174,0.3399765818812715,0.2798781285427261,0.3620399283468315,0.9902880682591864,0.5389559587975633,3.0511994898715084e-24,3.051198986765487e-24,5.365222550483802e-23,-7.950184439372958e-12,-1.720404983102605e-13,-0.4100054287265799,8.24439805520919e-08,Q_upper|budget,power|4096
2.610157215682544e+22,4096,0.0002,power,5000000000.0,4.0,1.0,operational_extended,8.225072812785497,430.2467195903452,8225072812.785497,430246719590.3452,0.999999,0.999999,0.5389559587975633,2.089921309178605,2.1232863576556164e+22,1.969714939950141e+21,2.8989936403191347e+21,2.610157215682544e+22,0.8134706771294568,0.0754634597531348,0.1110658631174084,0.0,0.0,0.0,one_component_extrapolated,True,SLSQP-2D,True,Optimization terminated successfully,2.1031033250819786,2.089921309178605,p_ref,0.0,1.6897975628980857,0.3539803206859227,1.2403055835550174,0.3399765818812715,0.2798781285427261,0.3620399283468315,0.9902880682591864,0.5389559587975633,2.4361907504298213e-24,2.436189401082096e-24,4.764785413532817e-23,-7.1476336660580895e-12,-1.4779513833500617e-13,-0.4100054287261379,2.769381048477455e-07,Q_upper|budget,power|4096
3.1622776601683792e+22,4096,0.0002,power,5000000000.0,4.0,1.0,operational_extended,8.90911960763142,484.0380881781239,8909119607.63142,484038088178.1239,0.999999,0.999999,0.5389559587975633,2.077919031695037,2.58741193333689e+22,2.215977508665588e+21,3.532679759649301e+21,3.1622776601683792e+22,0.8182114954444324,0.0700753617108877,0.1117131428446798,0.0,0.0,0.0,one_component_extrapolated,True,SLSQP-2D,True,Optimization terminated successfully,2.0933797947040595,2.077919031695037,p_ref,0.0,1.6897975628980857,0.3539803206859227,1.2403055835550174,0.3399765818812715,0.2798781285427261,0.3620399283468315,0.9902880682591864,0.5389559587975633,1.945623405016973e-24,1.9456225891884123e-24,4.235272685756555e-23,-6.422021378296343e-12,-1.2710980807455272e-13,-0.4100054287265799,2.096574110831973e-07,Q_upper|budget,power|4096
3.8311868495572775e+22,4096,0.0002,power,5000000000.0,4.0,1.0,operational_extended,9.65439234662739,544.099592686508,9654392346.62739,544099592686.508,0.999999,0.999999,0.5389559587975633,2.0663046657469395,3.151770566061422e+22,2.4909454220960234e+21,4.303217412862529e+21,3.8311868495572775e+22,0.8226616685181076,0.0650175916735533,0.1123207398083389,0.0,0.0,0.0,one_component_extrapolated,True,SLSQP-2D,True,Optimization terminated successfully,2.0841646788849877,2.0663046657469395,p_ref,0.0,1.6897975628980857,0.3539803206859227,1.2403055835550174,0.3399765818812715,0.2798781285427261,0.3620399283468315,0.9902880682591864,0.5389559587975633,1.5542036619351038e-24,1.5542031169785863e-24,3.7677537739084324e-23,-5.766599058317917e-12,-1.0943662931098793e-13,-0.4100054287265799,1.7531698912165237e-07,Q_upper|budget,power|4096
4.641588833612792e+22,4096,0.0002,power,5000000000.0,4.0,1.0,operational_extended,10.466475723794538,611.1286107003193,10466475723.794538,611128610700.3193,0.999999,0.999999,0.5389559587975633,2.0550631113553712,3.837817660806705e+22,2.797811348506107e+21,5.239900379554755e+21,4.641588833612791e+22,0.826832750245896,0.0602770182538642,0.1128902315002396,8388608.0,1.807270807627893e-16,0.0,one_component_extrapolated,True,SLSQP-2D,True,Optimization terminated successfully,2.070378289201602,2.0550631113553712,p_ref,0.0,1.6897975628980857,0.3539803206859227,1.2403055835550174,0.3399765818812715,0.2798781285427261,0.3620399283468315,0.9902880682591864,0.5389559587975633,1.2418047842540631e-24,1.2418050192588438e-24,3.354503876647498e-23,-5.175107468128123e-12,-9.431645336177278e-14,-0.4100054287261379,9.462226325789285e-08,Q_upper|budget,power|4096
5.623413251903491e+22,4096,0.0002,power,5000000000.0,4.0,1.0,operational_extended,11.351426728840694,685.9012599608418,11351426728.840694,685901259960.8418,0.999999,0.999999,0.5389559587975633,2.0441800513508066,4.671574737399005e+22,3.140128436916068e+21,6.378256708128775e+21,5.62341325190349e+22,0.8307365167974639,0.0558402574424555,0.1134232257600804,8388608.0,1.4917288885287788e-16,0.0,one_component_extrapolated,True,SLSQP-2D,True,Optimization terminated successfully,2.0565486173605505,2.0441800513508066,p_ref,0.0,1.6897975628980857,0.3539803206859227,1.2403055835550174,0.3399765818812715,0.2798781285427261,0.3620399283468315,0.9902880682591864,0.5389559587975633,9.924078637080078e-25,9.924075764774511e-25,2.9888169236540954e-23,-4.641787189003073e-12,-8.136328423090126e-14,-0.4100054287265799,1.4471398754412638e-07,Q_upper|budget,power|4096
6.812920690579594e+22,4096,0.0002,power,5000000000.0,4.0,1.0,operational_extended,12.31590319684592,769.2764234740531,12315903196.84592,769276423474.0531,0.9999989999999996,0.9999989999999996,0.5389559587975633,2.033641901970229,5.684600377873373e+22,3.521828744472444e+21,7.761374382589778e+21,6.812920690579595e+22,0.83438522713667,0.0516933765182702,0.1139213963450599,-8388608.0,-1.2312792678768668e-16,1.2312792678768668e-16,bridge_gap_extrapolated,True,SLSQP-2D,True,Optimization terminated successfully,2.0434420580346857,2.033641901970229,p_ref,0.0,1.6897975628980857,0.3539803206859227,1.2403055835550174,0.3399765818812715,0.2798781285427261,0.3620399283468315,0.9902880682591864,0.5389559587975633,7.93255350882203e-25,7.932552945817583e-25,2.664885119531233e-23,-4.161298413425734e-12,-7.025284077941272e-14,-0.4100054287256957,3.548696316008702e-08,Q_upper|budget,power|4096
8.254041852680206e+22,4096,0.0002,power,5000000000.0,4.0,1.0,operational_extended,13.367122884738638,862.2103047137874,13367122884.738638,862210304713.7875,0.999999,0.999999,0.5389559587975633,2.023435766366997,6.915162657358286e+22,3.947289871706025e+21,9.44150208151318e+21,8.254041852680206e+22,0.8377910823305109,0.0478225085619632,0.1143864091075257,0.0,0.0,0.0,bridge_gap_extrapolated,True,SLSQP-2D,True,Optimization terminated successfully,2.031020801815684,2.023435766366997,p_ref,0.0,1.6897975628980857,0.3539803206859227,1.2403055835550174,0.3399765818812715,0.2798781285427261,0.3620399283468315,0.9902880682591864,0.5389559587975633,6.3418653054814285e-25,6.3418660134913095e-25,2.377648796956961e-23,-3.728753301400786e-12,-6.071143804854411e-14,-0.4100054287265799,5.58203152714806e-08,Q_upper|budget,power|4096
1e+23,4096,0.0002,power,5000000000.0,4.0,1.0,operational_extended,14.512963768004864,965.764534018036,14512963768.004864,965764534018.036,0.9999989999999996,0.9999989999999996,0.5389559587975633,2.013549390942771,8.409663414376712e+22,4.4213720744705435e+21,1.148199378176234e+22,1e+23,0.8409663414376711,0.0442137207447054,0.1148199378176233,0.0,0.0,0.0,bridge_gap_extrapolated,True,SLSQP-2D,True,Optimization terminated successfully,2.0192490162370227,2.013549390942771,p_ref,0.0,1.6897975628980857,0.3539803206859227,1.2403055835550174,0.3399765818812715,0.2798781285427261,0.3620399283468315,0.9902880682591864,0.5389559587975633,5.071044927093198e-25,5.071045180505032e-25,2.122705091678099e-23,-3.339659107733825e-12,-5.2508090760043695e-14,-0.4100054287256957,2.4986154877280175e-08,Q_upper|budget,power|4096
1.211527658628585e+23,4096,0.0002,power,5000000000.0,4.0,1.0,operational_extended,15.762031250677502,1081.1173471560085,15762031250.677502,1081117347156.0084,0.999999,0.999999,0.5389559587975633,2.003971124403923,1.0224363246913536e+23,4.949469440603819e+21,1.3959663953119283e+22,1.2115276586285846e+23,0.8439232215702962,0.0408531279113056,0.1152236505183978,50331648.0,4.1543952910636805e-16,0.0,bridge_gap_extrapolated,True,SLSQP-2D,True,Optimization terminated successfully,2.0080927424055575,2.003971124403923,p_ref,0.0,1.6897975628980857,0.3539803206859227,1.2403055835550174,0.3399765818812715,0.2798781285427261,0.3620399283468315,0.9902880682591864,0.5389559587975633,4.055548286234889e-25,4.055549206938109e-25,1.8962171859691797e-23,-2.989894336365201e-12,-4.544751823712733e-14,-0.4100054287265799,1.1351154646916764e-07,Q_upper|budget,power|4096
1.4677992676220616e+23,4096,0.0002,power,5000000000.0,4.0,1.0,operational_extended,17.123680657216635,1209.5793674789002,17123680657.216637,1209579367478.9,0.999999,0.999999,0.5389559587975633,1.9946898794382184,1.2427470490960063e+23,5.537582142281364e+21,1.6967639710324142e+22,1.4677992676220613e+23,0.8466737083942986,0.037727107952933,0.1155991836527682,33554432.0,2.286036840334479e-16,0.0,bridge_gap_extrapolated,True,SLSQP-2D,True,Optimization terminated successfully,1.9975197970379268,1.9946898794382184,p_ref,0.0,1.6897975628980857,0.3539803206859227,1.2403055835550174,0.3399765818812715,0.2798781285427261,0.3620399283468315,0.9902880682591864,0.5389559587975633,3.243912050642639e-25,3.2439119297928036e-25,1.6948315661166333e-23,-2.6756966153798205e-12,-3.9364192898763244e-14,-0.4100054287265799,1.8627175465607018e-08,Q_upper|budget,power|4096
1.7782794100389228e+23,4096,0.0002,power,5000000000.0,4.0,1.0,operational_extended,18.608140946640063,1352.6046971765304,18608140946.640064,1352604697176.5305,0.999999,0.999999,0.5389559587975633,1.9856950969021785,1.510167531008897e+23,6.192367212961165e+21,2.0618820690041475e+22,1.778279410038923e+23,0.8492296106469808,0.0348222398460185,0.1159481495070011,-33554432.0,-1.8869043756889456e-16,1.8869043756889456e-16,bridge_gap_extrapolated,True,SLSQP-2D,True,Optimization terminated successfully,1.9874996796191868,1.9856950969021785,p_ref,0.0,1.6897975628980857,0.3539803206859227,1.2403055835550174,0.3399765818812715,0.2798781285427261,0.3620399283468315,0.9902880682591864,0.5389559587975633,2.595084679805898e-25,2.5950839451055454e-25,1.5156189373036592e-23,-2.3936235722406455e-12,-3.411776076585285e-14,-0.4100054287265799,1.4155616239327486e-07,Q_upper|budget,power|4096
2.1544346900318777e+23,4096,0.0002,power,5000000000.0,4.0,1.0,operational_extended,20.226569820317213,1511.808343456457,20226569820.31721,1511808343456.4568,0.999999,0.999999,0.5389559587975633,1.9769767124049595,1.8347218208316074e+23,6.921218326272816e+21,2.5050068593754216e+22,2.1544346900318777e+23,0.8516024316357718,0.0321254496982241,0.116272118666004,0.0,0.0,0.0,bridge_gap_extrapolated,True,SLSQP-2D,True,Optimization terminated successfully,1.978003484415841,1.9769767124049595,p_ref,0.0,1.6897975628980857,0.3539803206859227,1.2403055835550174,0.3399765818812715,0.2798781285427261,0.3620399283468315,0.9902880682591864,0.5389559587975633,2.0763125981187303e-25,2.0763125548960997e-25,1.3560140097121226e-23,-2.1405378169147248e-12,-2.9588934437215686e-14,-0.4100054287265799,1.040850764478538e-08,Q_upper|budget,power|4096
2.6101572156825224e+23,4096,0.0002,power,5000000000.0,4.0,1.0,operational_extended,21.991094914109446,1688.9872718265844,21991094914.109447,1688987271826.5845,0.999999,0.999999,0.5389559587975633,1.9685251251715576,2.228560764207671e+23,7.732362180169682e+21,3.0427282967315412e+22,2.610157215682522e+23,0.8538032693271818,0.0296241243006803,0.1165726063721379,33554432.0,1.2855329862276496e-16,0.0,bridge_gap_extrapolated,True,SLSQP-2D,True,Optimization terminated successfully,1.9690038170894484,1.9685251251715576,p_ref,0.0,1.6897975628980857,0.3539803206859227,1.2403055835550174,0.3399765818812715,0.2798781285427261,0.3620399283468315,0.9902880682591864,0.5389559587975633,1.66145646766865e-25,1.6614564552137504e-25,1.213764797356695e-23,-1.9135894654257344e-12,-2.5676111522311934e-14,-0.4100054287265799,3.748187122108937e-09,Q_upper|budget,power|4096
3.162277660168379e+23,4096,0.0002,power,5000000000.0,4.0,1.0,operational_extended,23.914969326375104,1886.1358136980984,23914969326.375103,1886135813698.098,0.999999,0.999999,0.5389559587975633,1.960331169065917,2.7064128077980535e+23,8.634929034563006e+21,3.695155620246943e+22,3.162277660168378e+23,0.8558428761293362,0.0273060431831379,0.1168510806875254,134217728.0,4.24433722852956e-16,0.0,bridge_gap_extrapolated,True,SLSQP-2D,True,Optimization terminated successfully,1.9604747156702604,1.960331169065917,p_ref,0.0,1.6897975628980857,0.3539803206859227,1.2403055835550174,0.3399765818812715,0.2798781285427261,0.3620399283468315,0.9902880682591864,0.5389559587975633,1.3296472758834415e-25,1.3296472193786183e-25,1.0868959058176056e-23,-1.7101839947738444e-12,-2.2292740889649584e-14,-0.4100054287261379,2.1248050321868876e-08,Q_upper|budget,power|4096
3.8311868495572774e+23,4096,0.0002,power,5000000000.0,4.0,1.0,operational_extended,26.012635962761735,2105.470284968957,26012635962.761738,2105470284968.957,0.999999,0.999999,0.5389559587975633,1.9523860856539927,3.2861299231985814e+23,9.639065417798251e+21,4.4866627218071295e+22,3.831186849557277e+23,0.8577315730707101,0.0251594761527021,0.1171089507765876,67108864.0,1.751646856058585e-16,0.0,bridge_gap_extrapolated,True,SLSQP-2D,True,Optimization terminated successfully,1.9523915756629124,1.9523860856539927,p_ref,0.0,1.6897975628980857,0.3539803206859227,1.2403055835550174,0.3399765818812715,0.2798781285427261,0.3620399283468315,0.9902880682591864,0.5389559587975633,1.064220624614035e-25,1.064220438857513e-25,9.73670019644498e-24,-1.5279678482190585e-12,-1.9364924689217795e-14,-0.4100054287265799,8.727350991237383e-08,Q_upper|budget,power|4096
4.6415888336127536e+23,4096,0.0002,power,5000000000.0,4.0,1.0,operational_extended,28.299859490429466,2349.451766720289,28299859490.429462,2349451766720.2886,0.9999989999999996,0.9999989999999996,0.5389559587975633,1.9446814991869943,3.989349292663526e+23,1.075603841909002e+22,5.446791567583267e+22,4.641588833612753e+23,0.8594792506768505,0.0231731822974033,0.1173475670257459,67108864.0,1.4458166461023262e-16,0.0,bridge_gap_extrapolated,True,SLSQP-2D,True,Optimization terminated successfully,1.9447310790681125,1.9446814991869943,p_ref,0.0,1.6897975628980857,0.3539803206859227,1.2403055835550174,0.3399765818812715,0.2798781285427261,0.3620399283468315,0.9902880682591864,0.5389559587975633,8.518658802765419e-26,8.518658111616659e-26,8.725581528255632e-24,-1.3648068244196844e-12,-1.6829504196819714e-14,-0.4100054287256957,4.0566760801863676e-08,Q_upper|budget,power|4096
5.623413251903491e+23,4096,0.0002,power,5000000000.0,4.0,1.0,operational_extended,30.793796122410026,2620.8172990564976,30793796122.410027,2620817299056.4976,0.9999989999999996,0.9999989999999996,0.5389559587975633,1.9372093933866343,4.842294814873865e+23,1.1998378497217948e+22,6.611346520574451e+22,5.623413251903489e+23,0.8610953166628432,0.0213364694354564,0.1175682139017002,134217728.0,2.3867662216460463e-16,0.0,bridge_gap_extrapolated,True,SLSQP-2D,True,Optimization terminated successfully,1.9374711271155791,1.9372093933866343,p_ref,0.0,1.6897975628980857,0.3539803206859227,1.2403055835550174,0.3399765818812715,0.2798781285427261,0.3620399283468315,0.9902880682591864,0.5389559587975633,6.819492804703344e-26,6.819491318464748e-26,7.822114477267185e-24,-1.2187713882932978e-12,-1.4632388860261708e-14,-0.4100054287256957,1.0896988978761533e-07,Q_upper|budget,power|4096
6.812920690579594e+23,4096,0.0002,power,5000000000.0,4.0,1.0,operational_extended,33.51321790698213,2922.602449424174,33513217906.98213,2922602449424.1743,0.999999,0.999999,0.5389559587975633,1.929962089916449,5.876748764581924e+23,1.3379982800675033e+22,8.023720979909188e+22,6.812920690579593e+23,0.8625887532652274,0.0196391289556267,0.1177721177791457,134217728.0,1.9700468286029868e-16,0.0,bridge_gap_extrapolated,True,SLSQP-2D,True,Optimization terminated successfully,1.9305907765141752,1.929962089916449,p_ref,0.0,1.6897975628980857,0.3539803206859227,1.2403055835550174,0.3399765818812715,0.2798781285427261,0.3620399283468315,0.9902880682591864,0.5389559587975633,5.459728573152845e-26,5.459730135170135e-26,7.014410372948017e-24,-1.0881135651653697e-12,-1.2727255604062815e-14,-0.4100054287261379,1.4304896714758936e-07,Q_upper|budget,power|4096
8.254041852680139e+23,4096,0.0002,power,5000000000.0,4.0,1.0,operational_extended,36.478460161721614,3258.1912913802585,36478460161.72161,3258191291380.2583,0.999999,0.999999,0.5389559587975633,1.922932228426556,7.131228073312982e+23,1.491634397574883e+22,9.73650339609666e+22,8.254041852680136e+23,0.8639680050807385,0.0180715632922377,0.1179604316270235,268435456.0,3.252169795005792e-16,0.0,bridge_gap_extrapolated,True,SLSQP-2D,True,Optimization terminated successfully,1.924070179035328,1.922932228426556,p_ref,0.0,1.6897975628980857,0.3539803206859227,1.2403055835550174,0.3399765818812715,0.2798781285427261,0.3620399283468315,0.9902880682591864,0.5389559587975633,4.371452747293921e-26,4.3714516871036117e-26,6.2919365696855126e-24,-9.712606521103157e-13,-1.1074286914270472e-14,-0.4100054287265799,1.2126294145149793e-07,Q_upper|budget,power|4096
1e+24,4096,0.0002,power,5000000000.0,4.0,1.0,operational_extended,39.711888065254165,3631.327147376458,39711888065.254166,3631327147376.458,0.999999,0.999999,0.5389559587975633,1.9161127480630096,8.652411432295958e+23,1.6624599348123531e+22,1.181342574222808e+23,1e+24,0.8652411432295958,0.0166245993481235,0.1181342574222808,-134217728.0,-1.34217728e-16,1.34217728e-16,bridge_gap_extrapolated,True,SLSQP-2D,True,Optimization terminated successfully,1.917890524255457,1.9161127480630096,p_ref,0.0,1.6897975628980857,0.3539803206859227,1.2403055835550174,0.3399765818812715,0.2798781285427261,0.3620399283468315,0.9902880682591864,0.5389559587975633,3.500364277150274e-26,3.500364132079659e-26,5.645410646098709e-24,-8.667863179443962e-13,-9.639352198296384e-15,-0.4100054287265799,2.0722217258933805e-08,Q_upper|budget,power|4096
1e+19,4096,0.0002,logarithmic,2000000000.0,10.0,1.0,operational_extended,0.3373131475869669,2.95275835646126,337313147.58696693,2952758356.46126,0.999999,0.999999,0.5389559587975633,3.118051006672533,5.97602529169e+18,3.2080480551512566e+18,8.159266531587415e+17,9.999999999999998e+18,0.597602529169,0.3208048055151256,0.0815926653158741,2048.0,2.048e-16,0.0,one_component_extrapolated,True,SLSQP-2D,True,Optimization terminated successfully,3.1192974922466763,3.118051006672533,p_ref,0.0,1.6897975628980857,0.3539803206859227,1.2403055835550174,0.3399765818812715,0.2798781285427261,0.3620399283468315,0.9902880682591864,0.5389559587975633,2.563841381643653e-20,2.5638413839924082e-20,7.637021170500244e-20,-5.162409939520282e-10,-8.682868946529879e-11,-0.4100054287261379,4.5805380914935274e-10,Q_upper|budget,logarithmic|4096
1.211527658628585e+19,4096,0.0002,logarithmic,2000000000.0,10.0,1.0,operational_extended,0.359421744970116,3.424884036218256,359421744.970116,3424884036.218256,0.999999,0.999999,0.5389559587975633,3.069864187508685,7.385866779707156e+18,3.7209927955893407e+18,1.0084170109893508e+18,1.2115276586285849e+19,0.6096325351802325,0.3071323026831594,0.0832351621366077,2048.0,1.6904277714289063e-16,0.0,one_component_extrapolated,True,SLSQP-2D,True,Optimization terminated successfully,3.0785557710465308,3.069864187508685,p_ref,0.0,1.6897975628980857,0.3539803206859227,1.2403055835550174,0.3399765818812715,0.2798781285427261,0.3620399283468315,0.9902880682591864,0.5389559587975633,2.0301521558223996e-20,2.0301523999136015e-20,6.584245726634994e-20,-4.74141411107012e-10,-7.181515513273827e-11,-0.4100054287265799,6.011647629722207e-08,Q_upper|budget,logarithmic|4096
1.4677992676220735e+19,4096,0.0002,logarithmic,2000000000.0,10.0,1.0,operational_extended,0.3832638718021758,3.9670132172238257,383263871.8021759,3967013217.223826,0.999999,0.999999,0.5389559587975633,3.0236279644573365,9.122477070741658e+18,4.3099934027538176e+18,1.2455222027252613e+18,1.4677992676220735e+19,0.6215071278459376,0.2936364322988303,0.084856439855232,0.0,0.0,0.0,one_component_extrapolated,True,SLSQP-2D,True,Optimization terminated successfully,3.029221196295888,3.0236279644573365,p_ref,0.0,1.6897975628980857,0.3539803206859227,1.2403055835550174,0.3399765818812715,0.2798781285427261,0.3620399283468315,0.9902880682591864,0.5389559587975633,1.6081780482935672e-20,1.6081779670315472e-20,5.684447428050536e-20,-4.350420183856863e-10,-5.950276222842436e-11,-0.4100054287265799,2.5265244154979365e-08,Q_upper|budget,logarithmic|4096
1.7782794100389229e+19,4096,0.0002,logarithmic,2000000000.0,10.0,1.0,operational_extended,0.4089941531737923,4.58855046092052,408994153.1737923,4588550460.92052,0.999999,0.999999,0.5389559587975633,2.9792461293119294,1.1260141860356415e+19,4.985267538032147e+18,1.5373847020006625e+18,1.7782794100389226e+19,0.6332043095584149,0.2803421953765426,0.0864534950650422,2048.0,1.1516750339898348e-16,0.0,one_component_extrapolated,True,SLSQP-2D,True,Optimization terminated successfully,2.9824661801091543,2.9792461293119294,p_ref,0.0,1.6897975628980857,0.3539803206859227,1.2403055835550174,0.3399765818812715,0.2798781285427261,0.3620399283468315,0.9902880682591864,0.5389559587975633,1.2744100135113904e-20,1.274409957210164e-20,4.914466621152136e-20,-3.9876599390690104e-10,-4.938938791578158e-11,-0.4100054287261379,2.2089134227200792e-08,Q_upper|budget,logarithmic|4096
2.1544346900318777e+19,4096,0.0002,logarithmic,2000000000.0,10.0,1.0,operational_extended,0.4367814744373378,5.300016745381532,436781474.43733776,5300016745.381532,0.999999,0.999999,0.5389559587975633,2.936627609958896,1.3889694771541953e+19,5.75824580263563e+18,1.8964063261411948e+18,2.1544346900318777e+19,0.644702521538791,0.2672740941871127,0.0880233842740962,0.0,0.0,0.0,one_component_extrapolated,True,SLSQP-2D,True,Optimization terminated successfully,2.938155845021219,2.936627609958896,p_ref,0.0,1.6897975628980857,0.3539803206859227,1.2403055835550174,0.3399765818812715,0.2798781285427261,0.3620399283468315,0.9902880682591864,0.5389559587975633,1.0103107778908008e-20,1.0103107353821311e-20,4.254756006071286e-20,-3.651452502743719e-10,-4.106870979069313e-11,-0.4100054287265799,2.1037423014964065e-08,Q_upper|budget,logarithmic|4096
2.610157215682544e+19,4096,0.0002,logarithmic,2000000000.0,10.0,1.0,operational_extended,0.4668106647257118,6.113162151726839,466810664.7257118,6113162151.726839,0.999999,0.999999,0.5389559587975633,2.8956862118521354,1.712213572574201e+19,6.641694166662118e+18,2.3377422644213094e+18,2.610157215682544e+19,0.6559810122879763,0.2544557135009718,0.0895632742110517,0.0,0.0,0.0,one_component_extrapolated,True,SLSQP-2D,True,Optimization terminated successfully,2.896162365909509,2.8956862118521354,p_ref,0.0,1.6897975628980857,0.3539803206859227,1.2403055835550174,0.3399765818812715,0.2798781285427261,0.3620399283468315,0.9902880682591864,0.5389559587975633,8.012580372819951e-21,8.012579662589122e-21,3.688807448583788e-20,-3.3401943919398496e-10,-3.4211578399945455e-11,-0.4100054287265799,4.4319734055978836e-08,Q_upper|budget,logarithmic|4096
3.162277660168379e+19,4096,0.0002,logarithmic,2000000000.0,10.0,1.0,operational_extended,0.4992840701015297,7.041090531828162,499284070.1015297,7041090531.828161,0.999999,0.999999,0.5389559587975633,2.8563403721661795,2.1093026032107053e+19,7.649849415326389e+18,2.8799011542503496e+18,3.162277660168379e+19,0.6670200500668221,0.2419094790973878,0.0910704708357901,0.0,0.0,0.0,one_component_extrapolated,True,SLSQP-2D,True,Optimization terminated successfully,2.8563646012479285,2.8563403721661795,p_ref,0.0,1.6897975628980857,0.3539803206859227,1.2403055835550174,0.3399765818812715,0.2798781285427261,0.3620399283468315,0.9902880682591864,0.5389559587975633,6.357139912017828e-21,6.357140108999994e-21,3.2026683903232624e-20,-3.052355589740714e-10,-2.8551034897759608e-11,-0.4100054287265799,1.5492986302556004e-08,Q_upper|budget,logarithmic|4096
3.831186849557277e+19,4096,0.0002,logarithmic,2000000000.0,10.0,1.0,operational_extended,0.5344227480478265,8.0984019567542,534422748.0478265,8098401956.7542,0.999999,0.999999,0.5389559587975633,2.8185129258098387,2.596782137114685e+19,8.798573913218665e+18,3.54547321120725e+18,3.831186849557276e+19,0.6778009632745432,0.2296566118730389,0.0925424248524176,8192.0,2.13824079108714e-16,0.0,one_component_extrapolated,True,SLSQP-2D,True,Optimization terminated successfully,2.818647743641411,2.8185129258098387,p_ref,0.0,1.6897975628980857,0.3539803206859227,1.2403055835550174,0.3399765818812715,0.2798781285427261,0.3620399283468315,0.9902880682591864,0.5389559587975633,5.04572036606282e-21,5.045720881589986e-21,2.7845343069052244e-20,-2.786480030795186e-10,-2.3870264271041335e-11,-0.4100054287265799,5.1085583676624034e-08,Q_upper|budget,logarithmic|4096
4.641588833612792e+19,4096,0.0002,logarithmic,2000000000.0,10.0,1.0,operational_extended,0.572468441357436,9.301343498339556,572468441.3574361,9301343498.339556,0.999999,0.999999,0.5389559587975633,2.782130882530119,3.19483536901474e+19,1.0105519422152389e+19,4.3620152238281257e+18,4.641588833612792e+19,0.6883064147946152,0.2177168160387599,0.0939767691666248,0.0,0.0,0.0,one_component_extrapolated,True,SLSQP-2D,True,Optimization terminated successfully,2.7829029886330057,2.782130882530119,p_ref,0.0,1.6897975628980857,0.3539803206859227,1.2403055835550174,0.3399765818812715,0.2798781285427261,0.3620399283468315,0.9902880682591864,0.5389559587975633,4.006418015886551e-21,4.0064178319405694e-21,2.424410848144256e-20,-2.5411796646028147e-10,-1.999296582783147e-11,-0.4100054287265799,2.2956414526785192e-08,Q_upper|budget,logarithmic|4096
5.6234132519034905e+19,4096,0.0002,logarithmic,2000000000.0,10.0,1.0,operational_extended,0.6136858584552645,10.667972409261116,613685858.4552644,10667972409.261116,0.999999,0.999999,0.5389559587975633,2.7471252143861955,3.92807028357269e+19,1.1590304389470077e+19,5.363125293837913e+18,5.623413251903489e+19,0.6985206506463068,0.2061079965187838,0.095371352834909,16384.0,2.913532985407771e-16,0.0,joint_observed,False,SLSQP-2D,True,Optimization terminated successfully,2.749027220828054,2.7471252143861955,p_ref,0.0,1.6897975628980857,0.3539803206859227,1.2403055835550174,0.3399765818812715,0.2798781285427261,0.3620399283468315,0.9902880682591864,0.5389559587975633,3.1824387129346707e-21,3.1824385489097425e-21,2.113829808941924e-20,-2.3151298824247838e-10,-1.6775603106895436e-11,-0.4100054287261379,2.5770320624157705e-08,Q_upper|budget,logarithmic|4096
6.8129206905795944e+19,4096,0.0002,logarithmic,2000000000.0,10.0,1.0,operational_extended,0.6583640850689674,12.218349998671282,658364085.0689673,12218349998.671282,0.999999,0.999999,0.5389559587975633,2.713430652925132,4.826473690756582e+19,1.327472458578378e+19,6.589745412446321e+18,6.812920690579592e+19,0.7084294548489717,0.1948463102489816,0.0967242349020462,24576.0,3.6072634801080076e-16,0.0,joint_observed,False,SLSQP-2D,True,Optimization terminated successfully,2.7169227164299903,2.713430652925132,p_ref,0.0,1.6897975628980857,0.3539803206859227,1.2403055835550174,0.3399765818812715,0.2798781285427261,0.3620399283468315,0.9902880682591864,0.5389559587975633,2.528909366143731e-21,2.5289094849992994e-21,1.845607474179636e-20,-2.1070714101835078e-10,-1.4101134569584562e-11,-0.4100054287265799,2.3499372341903298e-08,Q_upper|budget,logarithmic|4096
8.254041852680207e+19,4096,0.0002,logarithmic,2000000000.0,10.0,1.0,operational_extended,0.7068188538572405,13.974749103821685,706818853.8572406,13974749103.821684,0.999999,0.999999,0.5389559587975633,2.680985495444864,5.926569686703445e+19,1.518297851418852e+19,8.091743145579104e+18,8.254041852680207e+19,0.7180203096230972,0.1839459841030293,0.0980337062738735,0.0,0.0,0.0,joint_observed,False,SLSQP-2D,True,Optimization terminated successfully,2.6864968613296765,2.680985495444864,p_ref,0.0,1.6897975628980857,0.3539803206859227,1.2403055835550174,0.3399765818812715,0.2798781285427261,0.3620399283468315,0.9902880682591864,0.5389559587975633,2.0103619554423987e-21,2.010361935515501e-21,1.6136445750928942e-20,-1.9158067739475132e-10,-1.1873996042077254e-11,-0.4100054287261379,4.956047411628185e-09,Q_upper|budget,logarithmic|4096
1e+20,4096,0.0002,logarithmic,2000000000.0,10.0,1.0,operational_extended,0.7593955370051007,15.961875162131063,759395537.0051006,15961875162.131063,0.999999,0.999999,0.5389559587975633,2.649731419784951,7.272826056212937e+19,1.7341907595787897e+19,9.929831842082732e+18,1e+20,0.7272826056212938,0.1734190759578789,0.0992983184208273,0.0,0.0,0.0,joint_observed,False,SLSQP-2D,True,Optimization terminated successfully,2.6576618839350084,2.649731419784951,p_ref,0.0,1.6897975628980857,0.3539803206859227,1.2403055835550174,0.3399765818812715,0.2798781285427261,0.3620399283468315,0.9902880682591864,0.5389559587975633,1.5987509304597973e-21,1.5987508444479469e-21,1.4127587047645764e-20,-1.7401959282304606e-10,-1.0016059067050732e-11,-0.4100054287261379,2.689970371845224e-08,Q_upper|budget,logarithmic|4096
1.211527658628585e+20,4096,0.0002,logarithmic,2000000000.0,10.0,1.0,operational_extended,0.8164712709556403,18.20712899589429,816471270.9556403,18207128995.89429,0.999999,0.999999,0.5389559587975633,2.619613307141384,8.919358651038661e+19,1.9781281674253763e+19,1.217789767821812e+19,1.2115276586285847e+20,0.7362075960473838,0.1632755268389465,0.1005168771136694,16384.0,1.3523422171431252e-16,0.0,joint_observed,False,SLSQP-2D,True,Optimization terminated successfully,2.630334601970055,2.619613307141384,p_ref,0.0,1.6897975628980857,0.3539803206859227,1.2403055835550174,0.3399765818812715,0.2798781285427261,0.3620399283468315,0.9902880682591864,0.5389559587975633,1.271892321929185e-21,1.2718921966018293e-21,1.2385411277514183e-20,-1.5791567565034046e-10,-8.463347380712592e-12,-0.4100054287265799,4.926807082588805e-08,Q_upper|budget,logarithmic|4096
1.4677992676220736e+20,4096,0.0002,logarithmic,2000000000.0,10.0,1.0,operational_extended,0.8784584386254762,20.740879958668305,878458438.6254762,20740879958.668304,0.999999,0.999999,0.5389559587975633,2.5905790724574125,1.0932000614526114e+20,2.2534095777913176e+19,1.492582483903299e+19,1.4677992676220731e+20,0.7447885317613381,0.1535230073688469,0.1016884608698147,32768.0,2.2324578518891217e-16,0.0,joint_observed,False,SLSQP-2D,True,Optimization terminated successfully,2.6044361825133375,2.5905790724574125,p_ref,0.0,1.6897975628980857,0.3539803206859227,1.2403055835550174,0.3399765818812715,0.2798781285427261,0.3620399283468315,0.9902880682591864,0.5389559587975633,1.0122313039465824e-21,1.0122315444127526e-21,1.0872382524079763e-20,-1.4316615787076283e-10,-7.163402529274331e-12,-0.4100054287261379,1.1878023368924009e-07,Q_upper|budget,logarithmic|4096
1.778279410038923e+20,4096,0.0002,logarithmic,2000000000.0,10.0,1.0,operational_extended,0.9458056793886652,23.59682493081007,945805679.3886652,23596824930.81007,0.999999,0.999999,0.5389559587975633,2.562579501996872,1.3390806621060129e+20,2.563696015333692e+19,1.8282914639954096e+19,1.778279410038923e+20,0.7530203940654653,0.1441672214647965,0.1028123844697381,0.0,0.0,0.0,joint_observed,False,SLSQP-2D,True,Optimization terminated successfully,2.5798919145829884,2.562579501996872,p_ref,0.0,1.6897975628980857,0.3539803206859227,1.2403055835550174,0.3399765818812715,0.2798781285427261,0.3620399283468315,0.9902880682591864,0.5389559587975633,8.058718523264293e-22,8.058718246648313e-22,9.556488275769057e-21,-1.296740232356052e-10,-6.0731275378529074e-12,-0.4100054287261379,1.716252914751155e-08,Q_upper|budget,logarithmic|4096
2.1544346900318775e+20,4096,0.0002,logarithmic,2000000000.0,10.0,1.0,operational_extended,1.0190050804284816,26.812266991151045,1019005080.4284816,26812266991.151047,0.999999,0.999999,0.5389559587975633,2.535568097759026,1.6393101769072676e+20,2.9130403030420435e+19,2.238204828204056e+19,2.1544346900318775e+20,0.7609003811960583,0.1352113534246397,0.1038882653793018,32768.0,1.5209558289982395e-16,0.0,joint_observed,False,SLSQP-2D,True,Optimization terminated successfully,2.556630993612749,2.535568097759026,p_ref,0.0,1.6897975628980857,0.3539803206859227,1.2403055835550174,0.3399765818812715,0.2798781285427261,0.3620399283468315,0.9902880682591864,0.5389559587975633,6.41807875040407e-22,6.418078281670465e-22,8.410433212196678e-21,-1.1734700372049558e-10,-5.1570911545579195e-12,-0.4100054287261379,3.651666176875109e-08,Q_upper|budget,logarithmic|4096
2.610157215682544e+20,4096,0.0002,logarithmic,2000000000.0,10.0,1.0,operational_extended,1.0985925171257194,30.42857613823955,1098592517.1257193,30428576138.239548,0.999999,0.999999,0.5389559587975633,2.5095009284430767,2.005716363135611e+20,3.3059371176681697e+19,2.7384714078011544e+19,2.6101572156825436e+20,0.7684274154387002,0.1266566281067358,0.1049159564545638,32768.0,1.2554033068629287e-16,0.0,joint_observed,False,SLSQP-2D,True,Optimization terminated successfully,2.534586317197092,2.5095009284430767,p_ref,0.0,1.6897975628980857,0.3539803206859227,1.2403055835550174,0.3399765818812715,0.2798781285427261,0.3620399283468315,0.9902880682591864,0.5389559587975633,5.1132017182369845e-22,5.113201486417475e-22,7.410888362716243e-21,-1.0609819239937856e-10,-4.386094076297922e-12,-0.4100054287265799,2.2668723816137057e-08,Q_upper|budget,logarithmic|4096
3.1622776601683794e+20,4096,0.0002,logarithmic,2000000000.0,10.0,1.0,operational_extended,1.1851530113567297,34.49160383532597,1185153011.3567295,34491603835.325966,0.999999,0.999999,0.5389559587975633,2.4843364867158573,2.452669689117594e+20,3.747368028299298e+19,3.348711682208555e+19,3.1622776601683794e+20,0.7756022565668692,0.1185021820032009,0.1058955614299298,0.0,0.0,0.0,joint_observed,False,SLSQP-2D,True,Optimization terminated successfully,2.51369429151622,2.4843364867158573,p_ref,0.0,1.6897975628980857,0.3539803206859227,1.2403055835550174,0.3399765818812715,0.2798781285427261,0.3620399283468315,0.9902880682591864,0.5389559587975633,4.0749783275658575e-22,4.0749784318765305e-22,6.5379035974460444e-21,-9.58455867892946e-11,-3.736043508534443e-12,-0.4100054287261379,1.279892355228386e-08,Q_upper|budget,logarithmic|4096
3.8311868495572776e+20,4096,0.0002,logarithmic,2000000000.0,10.0,1.0,operational_extended,1.27932498009723,39.05217692783447,1279324980.09723,39052176927.83447,0.999999,0.999999,0.5389559587975633,2.4600355525760627,2.99762552825732e+20,4.242855158418915e+19,4.0927580545806615e+19,3.8311868495572776e+20,0.782427390249504,0.1107451900684303,0.1068274196820656,0.0,0.0,0.0,joint_observed,False,SLSQP-2D,True,Optimization terminated successfully,2.49389464788252,2.4600355525760627,p_ref,0.0,1.6897975628980857,0.3539803206859227,1.2403055835550174,0.3399765818812715,0.2798781285427261,0.3620399283468315,0.9902880682591864,0.5389559587975633,3.2486099591281165e-22,3.2486104226321354e-22,5.774397192079045e-21,-8.651197916602482e-11,-3.187026821455382e-12,-0.4100054287261379,7.133881755107566e-08,Q_upper|budget,logarithmic|4096
4.641588833612792e+20,4096,0.0002,logarithmic,2000000000.0,10.0,1.0,operational_extended,1.381803919222509,44.16667679922172,1381803919.222509,44166676799.22172,0.999999,0.999999,0.5389559587975633,2.436561062642886,3.661781226011905e+20,4.798524108760619e+19,4.9995519672482546e+19,4.641588833612793e+20,0.7889068500627509,0.1033810680086817,0.1077120819285675,-65536.0,-1.4119303184592915e-16,1.4119303184592915e-16,joint_observed,False,SLSQP-2D,True,Optimization terminated successfully,2.471755563506816,2.436561062642886,p_ref,0.0,1.6897975628980857,0.3539803206859227,1.2403055835550174,0.3399765818812715,0.2798781285427261,0.3620399283468315,0.9902880682591864,0.5389559587975633,2.5906280070517614e-22,2.5906274382683996e-22,5.1057221674562366e-21,-7.802489763363496e-11,-2.722556520197465e-12,-0.4100054287261379,1.0977713188161097e-07,Q_upper|budget,logarithmic|4096
5.6234132519034906e+20,4096,0.0002,logarithmic,2000000000.0,10.0,1.0,operational_extended,1.4933517172256343,49.89753449189739,1493351717.2256346,49897534491.89739,0.999999,0.999999,0.5389559587975633,2.413877985224997,4.4708741291280184e+20,5.421157750118599e+19,6.104233477636121e+19,5.6234132519034906e+20,0.7950463408704056,0.0964033320560883,0.108550327073506,0.0,0.0,0.0,joint_observed,False,SLSQP-2D,True,Optimization terminated successfully,2.442756301179469,2.413877985224997,p_ref,0.0,1.6897975628980857,0.3539803206859227,1.2403055835550174,0.3399765818812715,0.2798781285427261,0.3620399283468315,0.9902880682591864,0.5389559587975633,2.0665335642364412e-22,2.066533562570241e-22,4.519317098388493e-21,-7.03161329293193e-11,-2.328967220444107e-12,-0.4100054287261379,4.0313892435633854e-10,Q_upper|budget,logarithmic|4096
6.812920690579594e+20,4096,0.0002,logarithmic,2000000000.0,10.0,1.0,operational_extended,1.6147954819055337,56.314105538840266,1614795481.9055336,56314105538.84026,0.999999,0.999999,0.5389559587975633,2.391953201047512,5.456145791500238e+20,6.118291270131894e+19,7.449457720661659e+19,6.812920690579593e+20,0.8008526796803308,0.0898042344539812,0.1093430858656878,131072.0,1.9238738560576043e-16,0.0,joint_observed,False,SLSQP-2D,True,Optimization terminated successfully,2.41527332425362,2.391953201047512,p_ref,0.0,1.6897975628980857,0.3539803206859227,1.2403055835550174,0.3399765818812715,0.2798781285427261,0.3620399283468315,0.9902880682591864,0.5389559587975633,1.6489401490339533e-22,1.6489400395466206e-22,4.004374723511744e-21,-6.33221294063452e-11,-1.9948994315827433e-12,-0.4100054287265799,3.319930581987388e-08,Q_upper|budget,logarithmic|4096
8.254041852680207e+20,4096,0.0002,logarithmic,2000000000.0,10.0,1.0,operational_extended,1.7470404460555733,63.49323404632915,1747040446.0555732,63493234046.32915,0.999999,0.999999,0.5389559587975633,2.370755389529915,6.655514875788587e+20,6.898273458506165e+19,9.08699631041002e+19,8.254041852680206e+20,0.8063340354431865,0.0835744909176368,0.1100914736391764,131072.0,1.5879735327176591e-16,0.0,joint_observed,False,SLSQP-2D,True,Optimization terminated successfully,2.3892273506636466,2.370755389529915,p_ref,0.0,1.6897975628980857,0.3539803206859227,1.2403055835550174,0.3399765818812715,0.2798781285427261,0.3620399283468315,0.9902880682591864,0.5389559587975633,1.3160941341645898e-22,1.3160943018492045e-22,3.551603319376705e-21,-5.698333066345301e-11,-1.7109063056405017e-12,-0.4100054287265799,6.370539906864771e-08,Q_upper|budget,logarithmic|4096
1e+21,4096,0.0002,logarithmic,2000000000.0,10.0,1.0,operational_extended,1.891070779536868,71.52028137788167,1891070779.536868,71520281377.88167,0.999999,0.999999,0.5389559587975633,2.3502549205172323,8.114994855478008e+20,7.770378469207261e+19,1.1079672976012642e+20,1e+21,0.8114994855478008,0.0777037846920726,0.1107967297601264,131072.0,1.31072e-16,0.0,joint_observed,False,SLSQP-2D,True,Optimization terminated successfully,2.364543243767953,2.3502549205172323,p_ref,0.0,1.6897975628980857,0.3539803206859227,1.2403055835550174,0.3399765818812715,0.2798781285427261,0.3620399283468315,0.9902880682591864,0.5389559587975633,1.0507116036559888e-22,1.0507114912570696e-22,3.1529906825338685e-21,-5.124437149144521e-11,-1.4691098399146009e-12,-0.4100054287261379,5.3487048562189455e-08,Q_upper|budget,logarithmic|4096
1.211527658628585e+21,4096,0.0002,logarithmic,2000000000.0,10.0,1.0,operational_extended,2.0479637701238875,80.48984089775466,2047963770.1238875,80489840897.75465,0.999999,0.999999,0.5389559587975633,2.3304237513703536,9.890416681298248e+20,8.744883474343454e+19,1.3503715575532544e+20,1.2115276586285848e+21,0.8163591322788222,0.0721806341940423,0.1114602335271352,262144.0,2.163747547429e-16,0.0,joint_observed,False,SLSQP-2D,True,Optimization terminated successfully,2.341149795597039,2.3304237513703536,p_ref,0.0,1.6897975628980857,0.3539803206859227,1.2403055835550174,0.3399765818812715,0.2798781285427261,0.3620399283468315,0.9902880682591864,0.5389559587975633,8.390523810494825e-23,8.390523978406542e-23,2.8016303459135706e-21,-4.605359857567611e-11,-1.2629360124017157e-12,-0.4100054287265799,1.000603299686578e-08,Q_upper|budget,logarithmic|4096
1.4677992676220737e+21,4096,0.0002,logarithmic,2000000000.0,10.0,1.0,operational_extended,2.218890430554127,90.50703560719836,2218890430.554127,90507035607.19836,0.999999,0.999999,0.5389559587975633,2.311235329320326,1.204951171239805e+21,9.833209646899456e+19,1.6451599991327467e+20,1.467799267622074e+21,0.820923676567778,0.0669928774581681,0.1120834459740539,-262144.0,-1.785966281511297e-16,1.785966281511297e-16,joint_observed,False,SLSQP-2D,True,Optimization terminated successfully,2.318979521434892,2.311235329320326,p_ref,0.0,1.6897975628980857,0.3539803206859227,1.2403055835550174,0.3399765818812715,0.2798781285427261,0.3620399283468315,0.9902880682591864,0.5389559587975633,6.701907203144763e-23,6.701907073363093e-23,2.4915497373661586e-21,-4.1363204655982306e-11,-1.0868828293798597e-12,-0.4100054287265799,9.68244329094767e-09,Q_upper|budget,logarithmic|4096
1.7782794100389228e+21,4096,0.0002,logarithmic,2000000000.0,10.0,1.0,operational_extended,2.4051296544863914,101.6884952911084,2405129654.4863915,101688495291.1084,0.9999989999999996,0.9999989999999996,0.5389559587975633,2.292664498986265,1.467444093268468e+21,1.1048028323620056e+20,2.003550335342548e+20,1.7782794100389233e+21,0.8252044560513404,0.0621276288824501,0.1126679150662096,-524288.0,-2.9482880870139775e-16,2.9482880870139775e-16,joint_observed,False,SLSQP-2D,True,Optimization terminated successfully,2.297968465141111,2.292664498986265,p_ref,0.0,1.6897975628980857,0.3539803206859227,1.2403055835550174,0.3399765818812715,0.2798781285427261,0.3620399283468315,0.9902880682591864,0.5389559587975633,5.354343352984199e-23,5.354342884065539e-23,2.217584006439085e-21,-3.712884730372667e-11,-9.363416852382836e-13,-0.4100054287256957,4.378862645107119e-08,Q_upper|budget,logarithmic|4096
2.154434690031878e+21,4096,0.0002,logarithmic,2000000000.0,10.0,1.0,operational_extended,2.6080764157812983,114.1636905434398,2608076415.781298,114163690543.43982,0.999999,0.999999,0.5389559587975633,2.274687414948259,1.7864857730693988e+21,1.2403405941273726e+20,2.4391485754974195e+20,2.154434690031878e+21,0.8292132415687037,0.0575715105157826,0.1132152479155137,-262144.0,-1.2167646631985916e-16,1.2167646631985916e-16,joint_observed,False,SLSQP-2D,True,Optimization terminated successfully,2.2780560146521496,2.274687414948259,p_ref,0.0,1.6897975628980857,0.3539803206859227,1.2403055835550174,0.3399765818812715,0.2798781285427261,0.3620399283468315,0.9902880682591864,0.5389559587975633,4.27865456446478e-23,4.278654716626891e-23,1.9752583305906684e-21,-3.3309541366671516e-11,-8.074443025001865e-13,-0.4100054287265799,1.7781537037200408e-08,Q_upper|budget,logarithmic|4096
2.610157215682544e+21,4096,0.0002,logarithmic,2000000000.0,10.0,1.0,operational_extended,2.829249095028145,128.07649836673576,2829249095.028145,128076498366.73576,0.999999,0.999999,0.5389559587975633,2.257281459256256,2.174161902590765e+21,1.3914974132472e+20,2.9684557176705915e+20,2.610157215682544e+21,0.8329620490014169,0.0533108659082564,0.1137270850903268,0.0,0.0,0.0,joint_observed,False,SLSQP-2D,True,Optimization terminated successfully,2.25918472712946,2.257281459256256,p_ref,0.0,1.6897975628980857,0.3539803206859227,1.2403055835550174,0.3399765818812715,0.2798781285427261,0.3620399283468315,0.9902880682591864,0.5389559587975633,3.419766366197004e-23,3.419765991294516e-23,1.7606882111264008e-21,-2.986753010288135e-11,-6.969371424071864e-13,-0.4100054287261379,5.481405284158657e-08,Q_upper|budget,logarithmic|4096
3.1622776601683794e+21,4096,0.0002,logarithmic,2000000000.0,10.0,1.0,operational_extended,3.0703073707988287,143.5865297691424,3070307370.7988286,143586529769.1424,0.999999,0.999999,0.5389559587975633,2.240425163744128,2.64512868418574e+21,1.5600073963514636e+20,3.6114823634749306e+20,3.1622776601683794e+21,0.8364631346271145,0.0493317653917967,0.1142050999810887,0.0,0.0,0.0,joint_observed,False,SLSQP-2D,True,Optimization terminated successfully,2.241300163250122,2.240425163744128,p_ref,0.0,1.6897975628980857,0.3539803206859227,1.2403055835550174,0.3399765818812715,0.2798781285427261,0.3620399283468315,0.9902880682591864,0.5389559587975633,2.7338124495950336e-23,2.733812436086862e-23,1.5705009457326306e-21,-2.6767995121431983e-11,-6.020811288933217e-13,-0.4100054287265799,2.4705740529036547e-09,Q_upper|budget,logarithmic|4096
3.831186849557278e+21,4096,0.0002,logarithmic,2000000000.0,10.0,1.0,operational_extended,3.333057024820712,160.87122231855517,3333057024.820712,160871222318.55518,0.999999,0.999999,0.5389559587975633,2.2240981370060537,3.217157745842129e+21,1.747798328161696e+20,4.392492708989787e+20,3.831186849557278e+21,0.839728750429882,0.0456202841780913,0.1146509653920265,0.0,0.0,0.0,joint_observed,False,SLSQP-2D,True,Optimization terminated successfully,2.2243507301619156,2.2240981370060537,p_ref,0.0,1.6897975628980857,0.3539803206859227,1.2403055835550174,0.3399765818812715,0.2798781285427261,0.3620399283468315,0.9902880682591864,0.5389559587975633,2.185844679660682e-23,2.1858446459193942e-23,1.4017596034072946e-21,-2.3979001153295456e-11,-5.205641594516342e-13,-0.4100054287265799,7.718134948041965e-09,Q_upper|budget,logarithmic|4096
4.641588833612792e+21,4096,0.0002,logarithmic,2000000000.0,10.0,1.0,operational_extended,3.619468470426969,180.1276021656605,3619468470.426969,180127602165.6605,0.999999,0.999999,0.5389559587975633,2.208280995880394,3.911797060153324e+21,1.9570108151319963e+20,5.340906919462673e+20,4.6415888336127913e+21,0.8427711286759038,0.0421625198888793,0.1150663514352167,524288.0,1.1295442547674331e-16,0.0,joint_observed,False,SLSQP-2D,True,Optimization terminated successfully,2.2082875326498135,2.208280995880394,p_ref,0.0,1.6897975628980857,0.3539803206859227,1.2403055835550174,0.3399765818812715,0.2798781285427261,0.3620399283468315,0.9902880682591864,0.5389559587975633,1.7480082543252866e-23,1.748007973221343e-23,1.2519057495101174e-21,-2.1471242399183057e-11,-4.5043259289647483e-13,-0.4100054287261379,8.040693339481498e-08,Q_upper|budget,logarithmic|4096
5.623413251903491e+21,4096,0.0002,logarithmic,2000000000.0,10.0,1.0,operational_extended,3.9316924505950257,201.5744164428729,3931692450.595025,201574416442.8729,0.9999989999999996,0.9999989999999996,0.5389559587975633,2.1929553012752883,4.755171668169246e+21,2.1900214530687123e+20,6.492394384273744e+20,5.623413251903492e+21,0.8456023868705806,0.0389447005753561,0.1154529125540632,-1048576.0,-1.8646611106609735e-16,1.8646611106609735e-16,joint_observed,False,SLSQP-2D,True,Optimization terminated successfully,2.1930642320845397,2.1929553012752883,p_ref,0.0,1.6897975628980857,0.3539803206859227,1.2403055835550174,0.3399765818812715,0.2798781285427261,0.3620399283468315,0.9902880682591864,0.5389559587975633,1.398094813244078e-23,1.398094701478477e-23,1.1187073477642461e-21,-1.9217879403634205e-11,-3.9003284297927106e-13,-0.4100054287248116,3.997068183554503e-08,Q_upper|budget,logarithmic|4096
6.812920690579594e+21,4096,0.0002,logarithmic,2000000000.0,10.0,1.0,operational_extended,4.272067236637481,225.4549997998375,4272067236.637481,225454999799.83752,0.999999,0.999999,0.5389559587975633,2.178103498160571,5.778953507885974e+21,2.4494739708358692e+20,7.890197856100318e+20,6.812920690579593e+21,0.8482343726497046,0.0359533610045222,0.115812266345773,1048576.0,1.5390990848460832e-16,0.0,joint_observed,False,SLSQP-2D,True,Optimization terminated successfully,2.178636912746277,2.178103498160571,p_ref,0.0,1.6897975628980857,0.3539803206859227,1.2403055835550174,0.3399765818812715,0.2798781285427261,0.3620399283468315,0.9902880682591864,0.5389559587975633,1.1183933208354985e-23,1.1183927258423192e-23,1.0002119314136585e-21,-1.7194433177164892e-11,-3.3796194135634945e-13,-0.4100054287261379,2.660036171206303e-07,Q_upper|budget,logarithmic|4096
8.254041852680206e+21,4096,0.0002,logarithmic,2000000000.0,10.0,1.0,operational_extended,4.643156351909074,252.03897070670865,4643156351.909074,252038970706.70865,0.999999,0.999999,0.5389559587975633,2.1637088595424694,7.021538086592875e+21,2.738297659978496e+20,9.586740000894806e+20,8.254041852680206e+21,0.8506787598021303,0.0331752335262188,0.1161460066716508,0.0,0.0,0.0,joint_observed,False,SLSQP-2D,True,Optimization terminated successfully,2.1649639551379227,2.1637088595424694,p_ref,0.0,1.6897975628980857,0.3539803206859227,1.2403055835550174,0.3399765818812715,0.2798781285427261,0.3620399283468315,0.9902880682591864,0.5389559587975633,8.947728105520186e-24,8.947726658585959e-24,8.947139411203061e-22,-1.5378497419467884e-11,-2.9302972520171894e-13,-0.4100054287265799,8.08548454016786e-08,Q_upper|budget,logarithmic|4096
1e+22,4096,0.0002,logarithmic,2000000000.0,10.0,1.0,operational_extended,5.047737626195052,281.6267513433128,5047737626.195052,281626751343.3128,0.999999,0.999999,0.5389559587975633,2.1497554342320275,8.529467695792307e+21,3.0597564814218304e+20,1.16455665606551e+21,1e+22,0.8529467695792308,0.0305975648142183,0.1164556656065509,0.0,0.0,0.0,joint_observed,False,SLSQP-2D,True,Optimization terminated successfully,2.1520059159224174,2.1497554342320275,p_ref,0.0,1.6897975628980857,0.3539803206859227,1.2403055835550174,0.3399765818812715,0.2798781285427261,0.3620399283468315,0.9902880682591864,0.5389559587975633,7.159580518450456e-24,7.159579433910398e-24,8.0071505892480275e-22,-1.3749753460792028e-11,-2.542222782374329e-13,-0.4100054287261379,7.574048070802549e-08,Q_upper|budget,logarithmic|4096
1.2115276586285852e+22,4096,0.0002,logarithmic,2000000000.0,10.0,1.0,operational_extended,5.488852979048632,314.55142433680675,5488852979.048632,314551424336.80676,0.999999,0.999999,0.5389559587975633,2.1362279982131924,1.0359159135210431e+22,3.4174692381468865e+20,1.414370527260731e+21,1.211527658628585e+22,0.855049330606014,0.0282079341219115,0.1167427352720744,2097152.0,1.7309980379432e-16,0.0,one_component_extrapolated,True,SLSQP-2D,True,Optimization terminated successfully,2.1397254141377857,2.1362279982131924,p_ref,0.0,1.6897975628980857,0.3539803206859227,1.2403055835550174,0.3399765818812715,0.2798781285427261,0.3620399283468315,0.9902880682591864,0.5389559587975633,5.729477432199393e-24,5.7294780550546374e-24,7.169027489617945e-22,-1.228966648513706e-11,-2.206768304368465e-13,-0.4100054287265799,5.435532445966528e-08,Q_upper|budget,logarithmic|4096
1.4677992676220736e+22,4096,0.0002,logarithmic,2000000000.0,10.0,1.0,operational_extended,5.969809059961194,351.18360472800657,5969809059.961194,351183604728.0066,0.999999,0.999999,0.5389559587975633,2.123112009415605,1.2578994391290508e+22,3.815462507060287e+20,1.7174520342241977e+21,1.4677992676220731e+22,0.8569969115510777,0.0259944434584817,0.1170086449904404,2097152.0,1.4287730252090376e-16,0.0,one_component_extrapolated,True,SLSQP-2D,True,Optimization terminated successfully,2.1280870233616653,2.123112009415605,p_ref,0.0,1.6897975628980857,0.3539803206859227,1.2403055835550174,0.3399765818812715,0.2798781285427261,0.3620399283468315,0.9902880682591864,0.5389559587975633,4.5855522049275295e-24,4.585552143613893e-24,6.421221770057131e-22,-1.098144023882288e-11,-1.91656728486862e-13,-0.4100054287261379,6.685523698474998e-09,Q_upper|budget,logarithmic|4096
1.7782794100389228e+22,4096,0.0002,logarithmic,2000000000.0,10.0,1.0,operational_extended,6.494221231743162,391.93450403671386,6494221231.743162,391934504036.71387,0.9999989999999996,0.9999989999999996,0.5389559587975633,2.110393565696126,1.5271856265407718e+22,4.258203928778378e+20,2.0851174421036673e+21,1.7782794100389223e+22,0.8587995890405912,0.0239456404023998,0.1172547705570087,4194304.0,2.358630469611182e-16,0.0,one_component_extrapolated,True,SLSQP-2D,True,Optimization terminated successfully,2.1170571695142284,2.110393565696126,p_ref,0.0,1.6897975628980857,0.3539803206859227,1.2403055835550174,0.3399765818812715,0.2798781285427261,0.3620399283468315,0.9902880682591864,0.5389559587975633,3.670404569453712e-24,3.6704044200499884e-24,5.7535832766409e-22,-9.809816040227139e-12,-1.6653304415574856e-13,-0.4100054287256957,2.035248767739547e-08,Q_upper|budget,logarithmic|4096
2.154434690031878e+22,4096,0.0002,logarithmic,2000000000.0,10.0,1.0,operational_extended,7.066023056155562,437.26148935399624,7066023056.155562,437261489353.9962,0.999999,0.999999,0.5389559587975633,2.098059365835256,1.8538198592065544e+22,4.750662604832204e+20,2.5310820477700156e+21,2.1544346900318776e+22,0.8604669558022778,0.022050622498851,0.117482421698871,4194304.0,1.9468234611177462e-16,0.0,one_component_extrapolated,True,SLSQP-2D,True,Optimization terminated successfully,2.106604034004683,2.098059365835256,p_ref,0.0,1.6897975628980857,0.3539803206859227,1.2403055835550174,0.3399765818812715,0.2798781285427261,0.3620399283468315,0.9902880682591864,0.5389559587975633,2.9381826010446267e-24,2.9381814558343888e-24,5.157160790218668e-22,-8.760995159584484e-12,-1.447673808047903e-13,-0.4100054287265799,1.948841540761253e-07,Q_upper|budget,logarithmic|4096
2.610157215682544e+22,4096,0.0002,logarithmic,2000000000.0,10.0,1.0,operational_extended,7.689517907944496,487.67185399331856,7689517907.944496,487671853993.31854,0.999999,0.999999,0.5389559587975633,2.086096673357739,2.24997687268927e+22,5.298350064209869e+20,3.07196842351175e+21,2.6101572156825434e+22,0.8620081806455139,0.0202989690903518,0.1176928502641341,4194304.0,1.6069162327845488e-16,0.0,one_component_extrapolated,True,SLSQP-2D,True,Optimization terminated successfully,2.0966974619419627,2.086096673357739,p_ref,0.0,1.6897975628980857,0.3539803206859227,1.2403055835550174,0.3399765818812715,0.2798781285427261,0.3620399283468315,0.9902880682591864,0.5389559587975633,2.352247077483646e-24,2.3522465809536723e-24,4.624067986502954e-22,-7.822472708734217e-12,-1.2589886695460057e-13,-0.4100054287265799,1.055437653098967e-07,Q_upper|budget,logarithmic|4096
3.1622776601683792e+22,4096,0.0002,logarithmic,2000000000.0,10.0,1.0,operational_extended,8.36937749211029,543.7304924943397,8369377492.110291,543730492494.3397,0.999999,0.999999,0.5389559587975633,2.07449328299152,2.730411447393702e+22,5.907403649052338e+20,3.727921762841535e+21,3.162277660168379e+22,0.8634319123161114,0.0186808505889953,0.1178872370948931,4194304.0,1.3263553839154874e-16,0.0,one_component_extrapolated,True,SLSQP-2D,True,Optimization terminated successfully,2.0873088751447995,2.07449328299152,p_ref,0.0,1.6897975628980857,0.3539803206859227,1.2403055835550174,0.3399765818812715,0.2798781285427261,0.3620399283468315,0.9902880682591864,0.5389559587975633,1.8833185422860562e-24,1.8833177185355563e-24,4.147326366825972e-22,-6.982981626137852e-12,-1.0953171894045039e-13,-0.4100054287265799,2.186965882928433e-07,Q_upper|budget,logarithmic|4096
3.8311868495572775e+22,4096,0.0002,logarithmic,2000000000.0,10.0,1.0,operational_extended,9.110716773531117,606.0637234634498,9110716773.531116,606063723463.4498,0.999999,0.999999,0.5389559587975633,2.063237489584707,3.313004958712306e+22,6.584628048211773e+20,4.523356103628535e+21,3.8311868495572775e+22,0.8647463798574972,0.0171869144126256,0.1180667057298769,0.0,0.0,0.0,one_component_extrapolated,True,SLSQP-2D,True,Optimization terminated successfully,2.078411189700248,2.063237489584707,p_ref,0.0,1.6897975628980857,0.3539803206859227,1.2403055835550174,0.3399765818812715,0.2798781285427261,0.3620399283468315,0.9902880682591864,0.5389559587975633,1.507990006019148e-24,1.5079894915989495e-24,3.7207767445349195e-22,-6.232326268686196e-12,-9.532643657450125e-14,-0.4100054287265799,1.7056488578352313e-07,Q_upper|budget,logarithmic|4096
4.641588833612792e+22,4096,0.0002,logarithmic,2000000000.0,10.0,1.0,operational_extended,9.919106066995305,675.3678432241813,9919106066.995304,675367843224.1814,0.999999,0.999999,0.5389559587975633,2.0523180593076265,4.0194271627071065e+22,7.33758822907411e+20,5.487857886149437e+21,4.641588833612791e+22,0.8659593313392595,0.0158083546218868,0.1182323140388535,8388608.0,1.807270807627893e-16,0.0,one_component_extrapolated,True,SLSQP-2D,True,Optimization terminated successfully,2.0689768284853485,2.0523180593076265,p_ref,0.0,1.6897975628980857,0.3539803206859227,1.2403055835550174,0.3399765818812715,0.2798781285427261,0.3620399283468315,0.9902880682591864,0.5389559587975633,1.207548143798554e-24,1.2075483466627943e-24,3.3389623604280984e-22,-5.561324813533792e-12,-8.299096526656972e-14,-0.4100054287265799,8.399839971867442e-08,Q_upper|budget,logarithmic|4096
5.623413251903491e+22,4096,0.0002,logarithmic,2000000000.0,10.0,1.0,operational_extended,10.800600952816726,752.4177216309822,10800600952.816729,752417721630.9822,0.999999,0.999999,0.5389559587975633,2.0417242029740397,4.875938136698266e+22,8.174702827468844e+20,6.657280869305366e+21,5.623413251903491e+22,0.8670780393114077,0.0145369057212748,0.1183850549673175,0.0,0.0,0.0,one_component_extrapolated,True,SLSQP-2D,True,Optimization terminated successfully,2.055220434867751,2.0417242029740397,p_ref,0.0,1.6897975628980857,0.3539803206859227,1.2403055835550174,0.3399765818812715,0.2798781285427261,0.3620399283468315,0.9902880682591864,0.5389559587975633,9.670293722817054e-25,9.670294355814676e-25,2.9970423916630933e-22,-4.961718364599805e-12,-7.22737647811093e-14,-0.4100054287261379,3.2728974862996964e-08,Q_upper|budget,logarithmic|4096
6.812920690579594e+22,4096,0.0002,logarithmic,2000000000.0,10.0,1.0,operational_extended,11.761831522145274,838.0724684449691,11761831522.145271,838072468444.9691,0.999999,0.999999,0.5389559587975633,2.031445551324135,5.914360306318883e+22,9.105305710463992e+20,8.075073271560714e+21,6.812920690579594e+22,0.8681093726067919,0.0133647610532941,0.1185258663399139,0.0,0.0,0.0,one_component_extrapolated,True,SLSQP-2D,True,Optimization terminated successfully,2.0421833222644143,2.031445551324135,p_ref,0.0,1.6897975628980857,0.3539803206859227,1.2403055835550174,0.3399765818812715,0.2798781285427261,0.3620399283468315,0.9902880682591864,0.5389559587975633,7.7446491764206935e-25,7.7446491962999615e-25,2.6907312826457796e-22,-4.426054440040613e-12,-6.295837500622691e-14,-0.4100054287265799,1.2834195289617724e-09,Q_upper|budget,logarithmic|4096
8.254041852680206e+22,4096,0.0002,logarithmic,2000000000.0,10.0,1.0,operational_extended,12.810016751331707,933.287304749826,12810016751.331709,933287304749.826,0.999999,0.999999,0.5389559587975633,2.02147213212024,7.173255604590293e+22,1.0139774954318452e+21,9.793884985467282e+21,8.254041852680206e+22,0.8690597567373655,0.0122846178094262,0.1186556254532083,0.0,0.0,0.0,bridge_gap_extrapolated,True,SLSQP-2D,True,Optimization terminated successfully,2.029827881604831,2.02147213212024,p_ref,0.0,1.6897975628980857,0.3539803206859227,1.2403055835550174,0.3399765818812715,0.2798781285427261,0.3620399283468315,0.9902880682591864,0.5389559587975633,6.202812838411253e-25,6.202812496474111e-25,2.416220381968575e-22,-3.947639295996941e-12,-5.4857998913795527e-14,-0.4100054287265799,2.7563071957560913e-08,Q_upper|budget,logarithmic|4096
1e+23,4096,0.0002,logarithmic,2000000000.0,10.0,1.0,operational_extended,13.953032409891502,1039.1232323427807,13953032409.891502,1039123232342.7808,0.999999,0.999999,0.5389559587975633,2.011794348914884,8.699352083250022e+22,1.1289637898357714e+21,1.1877515377664032e+22,1.0000000000000004e+23,0.8699352083250022,0.0112896378983577,0.1187751537766403,-16777216.0,-1.6777216000000002e-16,1.6777216000000002e-16,bridge_gap_extrapolated,True,SLSQP-2D,True,Optimization terminated successfully,2.018118470285227,2.011794348914884,p_ref,0.0,1.6897975628980857,0.3539803206859227,1.2403055835550174,0.3399765818812715,0.2798781285427261,0.3620399283468315,0.9902880682591864,0.5389559587975633,4.968193665376692e-25,4.968193820797057e-25,2.1701254844287504e-22,-3.520456638804491e-12,-4.781140163323935e-14,-0.4100054287265799,1.5641536341682824e-08,Q_upper|budget,logarithmic|4096
1.211527658628585e+23,4096,0.0002,logarithmic,2000000000.0,10.0,1.0,operational_extended,15.19945426938614,1156.7599717644964,15199454269.38614,1156759971764.4963,0.999999,0.999999,0.5389559587975633,2.002402961359582,1.054927217489452e+23,1.2567711711239738e+21,1.4403272942789316e+22,1.2115276586285847e+23,0.8707413404689411,0.0103734418456991,0.1188852176853594,33554432.0,2.7695968607091203e-16,0.0,bridge_gap_extrapolated,True,SLSQP-2D,True,Optimization terminated successfully,2.007021309347844,2.002402961359582,p_ref,0.0,1.6897975628980857,0.3539803206859227,1.2403055835550174,0.3399765818812715,0.2798781285427261,0.3620399283468315,0.9902880682591864,0.5389559587975633,3.979510036564912e-25,3.979509429258918e-25,1.949434509329776e-22,-3.1391081927243476e-12,-4.1679223512256825e-14,-0.4100054287265799,7.630412227244927e-08,Q_upper|budget,logarithmic|4096
1.4677992676220616e+23,4096,0.0002,logarithmic,2000000000.0,10.0,1.0,operational_extended,16.55866301930504,1287.506027479099,16558663019.30504,1287506027479.0989,0.999999,0.999999,0.5389559587975633,1.9932890669313992,1.2791627066610296e+23,1.398821274491255e+21,1.7464834821611923e+22,1.4677992676220613e+23,0.8714834070828796,0.0095300584034044,0.1189865345137158,33554432.0,2.286036840334479e-16,0.0,bridge_gap_extrapolated,True,SLSQP-2D,True,Optimization terminated successfully,1.9965043860364216,1.9932890669313992,p_ref,0.0,1.6897975628980857,0.3539803206859227,1.2403055835550174,0.3399765818812715,0.2798781285427261,0.3620399283468315,0.9902880682591864,0.5389559587975633,3.1877195854687556e-25,3.1877201466005247e-25,1.751469709529746e-22,-2.7987416422448465e-12,-3.6341059355858415e-14,-0.4100054287261379,8.80145986373536e-08,Q_upper|budget,logarithmic|4096
1.7782794100389228e+23,4096,0.0002,logarithmic,2000000000.0,10.0,1.0,operational_extended,18.04084480375524,1432.8184678631371,18040844803.75524,1432818467863.1372,0.999999,0.999999,0.5389559587975633,1.9844440839628157,1.5509553366403932e+23,1.5566971435894574e+21,2.1175710196263505e+22,1.7782794100389228e+23,0.8721662793174026,0.0087539513464612,0.119079769336136,0.0,0.0,0.0,bridge_gap_extrapolated,True,SLSQP-2D,True,Optimization terminated successfully,1.9865373614467583,1.9844440839628157,p_ref,0.0,1.6897975628980857,0.3539803206859227,1.2403055835550174,0.3399765818812715,0.2798781285427261,0.3620399283468315,0.9902880682591864,0.5389559587975633,2.553575692438839e-25,2.5535759645455728e-25,1.57384055171492e-22,-2.4950159956142098e-12,-3.1692581171807094e-14,-0.4100054287265799,5.327954856415094e-08,Q_upper|budget,logarithmic|4096
2.1544346900318777e+23,4096,0.0002,logarithmic,2000000000.0,10.0,1.0,operational_extended,19.65714687027171,1594.3130667422547,19657146870.27171,1594313066742.2546,0.999999,0.999999,0.5389559587975633,1.975859735868686,1.880378766608748e+23,1.7321542488814998e+21,2.567343809343144e+22,2.1544346900318777e+23,0.8727945086053759,0.0080399478197033,0.1191655435749206,0.0,0.0,0.0,bridge_gap_extrapolated,True,SLSQP-2D,True,Optimization terminated successfully,1.9770914830059556,1.975859735868686,p_ref,0.0,1.6897975628980857,0.3539803206859227,1.2403055835550174,0.3399765818812715,0.2798781285427261,0.3620399283468315,0.9902880682591864,0.5389559587975633,2.04566226080834e-25,2.0456626672300935e-25,1.4144196989957777e-22,-2.2240316673920947e-12,-2.7643545714576712e-14,-0.4100054287261379,9.9337442298079e-08,Q_upper|budget,logarithmic|4096
2.6101572156825224e+23,4096,0.0002,logarithmic,2000000000.0,10.0,1.0,operational_extended,21.419700318767383,1773.7869136922768,21419700318.767387,1773786913692.2769,0.999999,0.999999,0.5389559587975633,1.967528036471981,2.279639047238393e+23,1.9271450527847896e+21,3.112467179162819e+22,2.6101572156825227e+23,0.8733723139517083,0.0073832527834185,0.1192444332648732,-33554432.0,-1.2855329862276496e-16,1.2855329862276496e-16,bridge_gap_extrapolated,True,SLSQP-2D,True,Optimization terminated successfully,1.968139501527856,1.967528036471981,p_ref,0.0,1.6897975628980857,0.3539803206859227,1.2403055835550174,0.3399765818812715,0.2798781285427261,0.3620399283468315,0.9902880682591864,0.5389559587975633,1.63883212688556e-25,1.638832382152571e-25,1.2713070496585348e-22,-1.982299829519883e-12,-2.4115693573731072e-14,-0.4100054287265799,7.78807625450885e-08,Q_upper|budget,logarithmic|4096
3.162277660168379e+23,4096,0.0002,logarithmic,2000000000.0,10.0,1.0,operational_extended,23.341745978786477,1973.2356247714056,23341745978.786476,1973235624771.4055,0.999999,0.999999,0.5389559587975633,1.9594412763376352,2.763525882582371e+23,2.1438377084095604e+21,3.7731340050191297e+22,3.162277660168379e+23,0.8739036161787336,0.0067794100923301,0.1193169737289363,0.0,0.0,0.0,bridge_gap_extrapolated,True,SLSQP-2D,True,Optimization terminated successfully,1.959655592605413,1.9594412763376352,p_ref,0.0,1.6897975628980857,0.3539803206859227,1.2403055835550174,0.3399765818812715,0.2798781285427261,0.3620399283468315,0.9902880682591864,0.5389559587975633,1.312952793340425e-25,1.3129528885245638e-25,1.142807163858237e-22,-1.7666946225473578e-12,-2.104118502683004e-14,-0.4100054287265799,3.6248117939327823e-08,Q_upper|budget,logarithmic|4096
3.8311868495572774e+23,4096,0.0002,logarithmic,2000000000.0,10.0,1.0,operational_extended,25.43771846358198,2194.8766928147165,25437718463.58198,2194876692814.7168,0.9999989999999996,0.9999989999999996,0.5389559587975633,1.951592010030952,3.34995932244592e+23,2.3846414286740683e+21,4.573811128246164e+22,3.831186849557277e+23,0.8743920497725224,0.0062242890318691,0.1193836611956084,67108864.0,1.751646856058585e-16,0.0,bridge_gap_extrapolated,True,SLSQP-2D,True,Optimization terminated successfully,1.9516152821132176,1.951592010030952,p_ref,0.0,1.6897975628980857,0.3539803206859227,1.2403055835550174,0.3399765818812715,0.2798781285427261,0.3620399283468315,0.9902880682591864,0.5389559587975633,1.0519055604524728e-25,1.0519054706101898e-25,1.0274052366341947e-22,-1.5744189401774918e-12,-1.836115176388781e-14,-0.4100054287256957,4.270454028942102e-08,Q_upper|budget,logarithmic|4096
4.6415888336127536e+23,4096,0.0002,logarithmic,2000000000.0,10.0,1.0,operational_extended,27.723370458270512,2441.172722095662,27723370458.27051,2441172722095.661,0.999999,0.999999,0.5389559587975633,1.9439730442238223,4.06065214363696e+23,2.652231729789379e+21,5.544143726778995e+22,4.6415888336127536e+23,0.8748409842403846,0.0057140600446615,0.1194449557149538,0.0,0.0,0.0,bridge_gap_extrapolated,True,SLSQP-2D,True,Optimization terminated successfully,1.9439953756052757,1.9439730442238223,p_ref,0.0,1.6897975628980857,0.3539803206859227,1.2403055835550174,0.3399765818812715,0.2798781285427261,0.3620399283468315,0.9902880682591864,0.5389559587975633,8.427840267098943e-26,8.427839621926218e-26,9.237477494149548e-23,-1.4029695083461665e-12,-1.6024497540276438e-14,-0.4100054287265799,3.8276280188427166e-08,Q_upper|budget,logarithmic|4096
5.623413251903491e+23,4096,0.0002,logarithmic,2000000000.0,10.0,1.0,operational_extended,30.215865941502535,2714.8608727178625,30215865941.502537,2714860872717.8623,0.999999,0.999999,0.5389559587975633,1.9365774265783948,4.921912330792411e+23,2.9495824213555334e+21,6.720050968975238e+22,5.62341325190349e+23,0.8752535355864828,0.0052451816881092,0.1195012827254077,67108864.0,1.1933831108230231e-16,0.0,bridge_gap_extrapolated,True,SLSQP-2D,True,Optimization terminated successfully,1.9367738914043675,1.9365774265783948,p_ref,0.0,1.6897975628980857,0.3539803206859227,1.2403055835550174,0.3399765818812715,0.2798781285427261,0.3620399283468315,0.9902880682591864,0.5389559587975633,6.752534614998833e-26,6.752534533618779e-26,8.306237091669178e-23,-1.250108838086908e-12,-1.3986828040389974e-14,-0.4100054287265799,6.025889528693771e-09,Q_upper|budget,logarithmic|4096
6.812920690579594e+23,4096,0.0002,logarithmic,2000000000.0,10.0,1.0,operational_extended,32.9339352854873,3018.9809411671317,32933935285.4873,3018980941167.132,0.999999,0.999999,0.5389559587975633,1.9293984353437308,5.965615376671071e+23,3.2799961147030634e+21,8.145053527614903e+22,6.812920690579593e+23,0.875632588079278,0.0048143758949644,0.1195530360257574,134217728.0,1.9700468286029868e-16,0.0,bridge_gap_extrapolated,True,SLSQP-2D,True,Optimization terminated successfully,1.9299299971899704,1.9293984353437308,p_ref,0.0,1.6897975628980857,0.3539803206859227,1.2403055835550174,0.3399765818812715,0.2798781285427261,0.3620399283468315,0.9902880682591864,0.5389559587975633,5.410375419367279e-26,5.410376877962712e-26,7.469499980007351e-23,-1.113835872235689e-12,-1.220957312882386e-14,-0.4100054287265799,1.3479612070505876e-07,Q_upper|budget,logarithmic|4096
8.254041852680139e+23,4096,0.0002,logarithmic,2000000000.0,10.0,1.0,operational_extended,35.8979249767822,3356.9174164017345,35897924976.782196,3356917416401.7344,0.999999,0.999999,0.5389559587975633,1.922429569606524,7.230382174034579e+23,3.647149915070358e+21,9.871881794948545e+22,8.254041852680138e+23,0.8759807986298045,0.0044186229972726,0.1196005783729226,134217728.0,1.626084897502896e-16,0.0,bridge_gap_extrapolated,True,SLSQP-2D,True,Optimization terminated successfully,1.9234439499018,1.922429569606524,p_ref,0.0,1.6897975628980857,0.3539803206859227,1.2403055835550174,0.3399765818812715,0.2798781285427261,0.3620399283468315,0.9902880682591864,0.5389559587975633,4.335084127865619e-26,4.3350820409901094e-26,6.717555209881217e-23,-9.923654036339164e-13,-1.0659168565275255e-14,-0.4100054287265799,2.4069613778420385e-07,Q_upper|budget,logarithmic|4096
1e+24,4096,0.0002,logarithmic,2000000000.0,10.0,1.0,operational_extended,39.13021799523846,3732.412305061582,39130217995.238464,3732412305061.582,0.999999,0.999999,0.5389559587975633,1.915664540142081,8.763006428710211e+23,4.055109355655305e+21,1.1964424777332343e+23,1e+24,0.8763006428710212,0.0040551093556553,0.1196442477733234,0.0,0.0,0.0,bridge_gap_extrapolated,True,SLSQP-2D,True,Optimization terminated successfully,1.917297038785628,1.915664540142081,p_ref,0.0,1.6897975628980857,0.3539803206859227,1.2403055835550174,0.3399765818812715,0.2798781285427261,0.3620399283468315,0.9902880682591864,0.5389559587975633,3.473569048721075e-26,3.4735686950143097e-26,6.041743579376181e-23,-8.840950865121825e-13,-9.306497811894332e-15,-0.4100054287265799,5.0914027997804614e-08,Q_upper|budget,logarithmic|4096
