loss_domain,term_type,domain_i,domain_j,coefficient,ci_low,ci_high,sign_probability
arxiv,interaction,arxiv,freelaw,-10.387874871081697,-12.874437808990479,-7.411677598953247,1.0
arxiv,interaction,arxiv,nih_exporter,-21.22151594829661,-165.21819229125975,115.06083946228024,0.5840000000000001
arxiv,interaction,arxiv,pubmed_central,-6.370862972472553,-8.072542691230774,-4.472578406333925,1.0
arxiv,interaction,arxiv,wikipedia_en,-10.377866798083394,-13.598266053199769,-6.034790325164798,1.0
arxiv,interaction,arxiv,dm_mathematics,-4.908829987385617,-35.76532392501831,17.777769231796245,0.776
arxiv,interaction,arxiv,github,-9.245870004758183,-14.784573316574097,-5.389457750320436,1.0
arxiv,interaction,arxiv,philpapers,152.74627370092372,-30.239758586883536,236.17575454711914,0.944
arxiv,interaction,arxiv,stackexchange,-3.019337852281417,-5.03753252029419,-0.7655736014246952,0.996
arxiv,interaction,arxiv,enron_emails,-208.7571673560606,-260.17122344970704,86.07209129333492,0.834
arxiv,interaction,arxiv,gutenberg_pg_19,-13.833872294411202,-25.716254949569702,-4.818727970123296,0.996
arxiv,interaction,arxiv,pile_cc,-10.785241653661496,-15.917258691787719,-7.384684133529664,1.0
arxiv,interaction,arxiv,ubuntu_irc,-14.345092733711901,-50.641960334777835,19.477835369110093,0.796
arxiv,interaction,arxiv,europarl,-40.74845991324119,-90.12829685211182,36.25536785125729,0.804
arxiv,interaction,arxiv,hackernews,-27.87322576236527,-105.59886531829834,22.94617319107054,0.866
arxiv,interaction,arxiv,pubmed_abstracts,-7.6980422071069805,-11.147913384437562,-2.306280452013016,1.0
arxiv,interaction,arxiv,uspto_backgrounds,-8.75307067955366,-13.054696893692016,-3.937128067016604,1.0
arxiv,interaction,freelaw,nih_exporter,-17.29843579982738,-160.6903507232666,125.10967273712158,0.5720000000000001
arxiv,interaction,freelaw,pubmed_central,-3.7883726092851737,-5.777688026428223,-0.9761062607169159,0.994
arxiv,interaction,freelaw,wikipedia_en,-3.9543952274104455,-12.177226591110228,3.64723531603812,0.8160000000000001
arxiv,interaction,freelaw,dm_mathematics,-4.422570824827869,-36.54393882751465,19.579621458053587,0.742
arxiv,interaction,freelaw,github,-2.795562938767699,-8.519078302383424,0.38606720343232126,0.946
arxiv,interaction,freelaw,philpapers,131.80094741810186,-41.461182594299316,235.0854785919189,0.872
arxiv,interaction,freelaw,stackexchange,-8.967133637321309,-13.461754393577575,-5.232986366748812,1.0
arxiv,interaction,freelaw,enron_emails,-104.22713968689347,-331.3885780334473,271.9371261596678,0.534
arxiv,interaction,freelaw,gutenberg_pg_19,-6.309150800700017,-20.572233629226684,4.725800037384021,0.856
arxiv,interaction,freelaw,pile_cc,-4.253269728893535,-13.256878471374511,0.6071840122342098,0.938
arxiv,interaction,freelaw,ubuntu_irc,-0.6639830664384622,-55.52915382385253,39.71126327514648,0.558
arxiv,interaction,freelaw,europarl,-39.39810461999982,-87.18094062805176,41.82140541076659,0.778
arxiv,interaction,freelaw,hackernews,-16.570237967311204,-92.35531692504883,37.429437541961654,0.724
arxiv,interaction,freelaw,pubmed_abstracts,-5.976757545269974,-11.583853602409363,0.9512064501643038,0.962
arxiv,interaction,freelaw,uspto_backgrounds,-0.7793480883276166,-8.188602566719055,4.721691083908079,0.6799999999999999
arxiv,interaction,nih_exporter,pubmed_central,-31.496437003430486,-171.90595092773438,94.34922885894775,0.6739999999999999
arxiv,interaction,nih_exporter,wikipedia_en,-0.9275560332584437,-160.26584091186524,145.33605651855467,0.502
arxiv,interaction,nih_exporter,dm_mathematics,38.248887355578546,-223.20486946105956,205.960899734497,0.504
arxiv,interaction,nih_exporter,github,-30.548882641127157,-175.29273567199706,98.05557250976547,0.6739999999999999
arxiv,interaction,nih_exporter,philpapers,232.74816057445207,-509.2974319458008,896.2729202270503,0.638
arxiv,interaction,nih_exporter,stackexchange,-29.35173318799505,-171.839990234375,105.41180210113517,0.64
arxiv,interaction,nih_exporter,enron_emails,327.37675115204786,-1856.2555725097657,2681.8755615234368,0.608
arxiv,interaction,nih_exporter,gutenberg_pg_19,-51.69258351514642,-201.01823616027832,91.64562091827385,0.796
arxiv,interaction,nih_exporter,pile_cc,-23.006933142578198,-168.47128829956054,118.29280242919917,0.602
arxiv,interaction,nih_exporter,ubuntu_irc,-12.33198982372751,-274.6343963623047,243.46404037475557,0.526
arxiv,interaction,nih_exporter,europarl,-240.7816154169873,-692.1457901000977,179.95609054565423,0.862
arxiv,interaction,nih_exporter,hackernews,-37.03971915808408,-330.10538787841796,275.5480438232417,0.596
arxiv,interaction,nih_exporter,pubmed_abstracts,7.47131845361299,-147.56727409362793,144.48444900512692,0.528
arxiv,interaction,nih_exporter,uspto_backgrounds,7.9153908640449,-137.55195388793945,141.6592819213867,0.524
arxiv,interaction,pubmed_central,wikipedia_en,-7.672145531810395,-11.477350354194641,-2.997659331560135,1.0
arxiv,interaction,pubmed_central,dm_mathematics,1.2110036048065143,-30.615573358535766,23.716803550720204,0.5840000000000001
arxiv,interaction,pubmed_central,github,-3.794965092826353,-6.712841212749481,-1.6354001283645632,1.0
arxiv,interaction,pubmed_central,philpapers,149.7525503764864,-29.161437177658076,236.10178222656245,0.934
arxiv,interaction,pubmed_central,stackexchange,-2.7771941054837765,-4.589315283298492,-0.8818300396203997,0.992
arxiv,interaction,pubmed_central,enron_emails,-251.6354534431059,-295.54753799438475,34.21240787506096,0.9299999999999999
arxiv,interaction,pubmed_central,gutenberg_pg_19,-6.970210793176955,-16.864169073104858,1.8969863891601562,0.948
arxiv,interaction,pubmed_central,pile_cc,-2.962893590421781,-4.923415577411651,-1.0068737834692003,0.994
arxiv,interaction,pubmed_central,ubuntu_irc,-5.077288010615503,-45.41924076080322,27.16549797058104,0.64
arxiv,interaction,pubmed_central,europarl,-43.20481596084286,-93.79718780517578,32.353383684158295,0.84
arxiv,interaction,pubmed_central,hackernews,-19.21581128379783,-85.37798500061035,31.83697986602781,0.738
arxiv,interaction,pubmed_central,pubmed_abstracts,-2.3300521979672593,-6.704537117481231,1.9175764888525002,0.8280000000000001
arxiv,interaction,pubmed_central,uspto_backgrounds,-1.8334720170427765,-5.630003821849823,2.7794104695320114,0.768
arxiv,interaction,wikipedia_en,dm_mathematics,-4.578404957654703,-40.816874694824214,23.6074571609497,0.702
arxiv,interaction,wikipedia_en,github,-4.80054623808531,-11.192909979820252,1.2630855083465522,0.922
arxiv,interaction,wikipedia_en,philpapers,133.51789096627147,-49.924303817749006,237.81481742858878,0.892
arxiv,interaction,wikipedia_en,stackexchange,-7.939682191506481,-13.919771790504456,-1.317934712767603,0.994
arxiv,interaction,wikipedia_en,enron_emails,-261.24140934724835,-378.5092170715332,44.95420131683341,0.9339999999999999
arxiv,interaction,wikipedia_en,gutenberg_pg_19,-11.395549573775186,-23.904888725280763,0.9414387121796599,0.968
arxiv,interaction,wikipedia_en,pile_cc,-2.0048822229547243,-7.533551585674285,3.982787764072417,0.778
arxiv,interaction,wikipedia_en,ubuntu_irc,-2.3605351938092287,-46.869778823852535,32.83270063400267,0.604
arxiv,interaction,wikipedia_en,europarl,-44.10370415621729,-98.8977243423462,36.221058845519906,0.844
arxiv,interaction,wikipedia_en,hackernews,-21.247218582152833,-93.8497449874878,39.17239160537719,0.756
arxiv,interaction,wikipedia_en,pubmed_abstracts,-5.0710521020653765,-12.732024931907654,4.203390228748319,0.8180000000000001
arxiv,interaction,wikipedia_en,uspto_backgrounds,-0.1719804506040787,-6.657682359218597,7.303128373622894,0.542
arxiv,interaction,dm_mathematics,github,0.01717093896053165,-31.794639444351194,22.204481601715052,0.646
arxiv,interaction,dm_mathematics,philpapers,148.95299295771068,-98.15724067687988,267.4805267333984,0.818
arxiv,interaction,dm_mathematics,stackexchange,6.052708327301997,-22.68074402809143,26.301438570022576,0.55
arxiv,interaction,dm_mathematics,enron_emails,-413.70922125820925,-639.0610412597656,458.38134994506817,0.804
arxiv,interaction,dm_mathematics,gutenberg_pg_19,-3.504747577775788,-44.56490955352783,26.315661382675128,0.708
arxiv,interaction,dm_mathematics,pile_cc,8.112275695344218,-23.48117651939392,32.83739757537839,0.63
arxiv,interaction,dm_mathematics,ubuntu_irc,-6.714199778413962,-81.40334510803223,49.590115451812736,0.652
arxiv,interaction,dm_mathematics,europarl,-13.341920232859591,-120.51210460662841,105.53420066833496,0.542
arxiv,interaction,dm_mathematics,hackernews,-44.05261793463081,-163.4150035858154,55.72756919860832,0.81
arxiv,interaction,dm_mathematics,pubmed_abstracts,6.217131037469114,-24.74023184776306,30.708625411987295,0.568
arxiv,interaction,dm_mathematics,uspto_backgrounds,-1.4860625232511477,-34.7387451171875,24.078293848037696,0.65
arxiv,interaction,github,philpapers,143.61393053402617,-37.058096885681145,241.6014053344726,0.928
arxiv,interaction,github,stackexchange,-2.3552686619306065,-4.3311457395553585,-0.3027038805186749,0.984
arxiv,interaction,github,enron_emails,-239.77930973643262,-294.8904670715332,86.37898788452144,0.86
arxiv,interaction,github,gutenberg_pg_19,-5.182930664207627,-17.13171100616455,2.248837572336195,0.9
arxiv,interaction,github,pile_cc,-1.5102658516511807,-5.7220552325248715,1.0038025662302967,0.876
arxiv,interaction,github,ubuntu_irc,-4.659474927080688,-49.3943564414978,28.421561479568446,0.654
arxiv,interaction,github,europarl,-35.727084167718644,-85.7975944519043,41.97328462600707,0.768
arxiv,interaction,github,hackernews,-16.128724608019727,-85.8507526397705,37.75294857025145,0.694
arxiv,interaction,github,pubmed_abstracts,-2.6469557809957673,-6.361025547981262,2.7518093705177282,0.792
arxiv,interaction,github,uspto_backgrounds,-1.9097426707201086,-7.038916087150573,2.778605270385741,0.768
arxiv,interaction,philpapers,stackexchange,155.13265623096356,-16.943487834930416,244.73055038452148,0.942
arxiv,interaction,philpapers,enron_emails,-612.7579813757045,-2069.930987548828,1131.6210327148435,0.744
arxiv,interaction,philpapers,gutenberg_pg_19,154.01342893814171,-49.36709442138672,264.6249214172363,0.916
arxiv,interaction,philpapers,pile_cc,148.1441594924416,-31.5808895111084,237.19170989990232,0.93
arxiv,interaction,philpapers,ubuntu_irc,180.81821379154377,-118.07729206085205,399.4504882812498,0.844
arxiv,interaction,philpapers,europarl,-79.55991431116615,-545.2493179321289,271.99116973876943,0.6759999999999999
arxiv,interaction,philpapers,hackernews,-38.89894362590932,-446.52114028930663,322.2446945190429,0.6839999999999999
arxiv,interaction,philpapers,pubmed_abstracts,138.54434444214843,-44.727515697479234,232.22691116333007,0.898
arxiv,interaction,philpapers,uspto_backgrounds,111.76296709286028,-71.61846237182617,209.89269714355467,0.816
arxiv,interaction,stackexchange,enron_emails,-277.56184752849606,-353.5515762329102,28.69988274574279,0.94
arxiv,interaction,stackexchange,gutenberg_pg_19,-6.925161221906093,-15.566831374168395,0.7083368644118269,0.966
arxiv,interaction,stackexchange,pile_cc,-4.046809759252105,-7.612990164756774,-1.5847095906734483,1.0
arxiv,interaction,stackexchange,ubuntu_irc,-3.872918772543465,-47.741971492767334,28.30504589080807,0.6639999999999999
arxiv,interaction,stackexchange,europarl,-32.021945441456204,-81.91561298370361,41.53533992767334,0.742
arxiv,interaction,stackexchange,hackernews,-22.86235304982216,-92.61200656890868,25.67264738082884,0.788
arxiv,interaction,stackexchange,pubmed_abstracts,-1.9015718789123097,-6.349561476707458,3.533644330501556,0.6739999999999999
arxiv,interaction,stackexchange,uspto_backgrounds,-6.565750084363508,-11.413656425476074,-2.5739826858043684,0.998
arxiv,interaction,enron_emails,gutenberg_pg_19,-212.2484220298246,-317.8175682067871,158.40619468688953,0.832
arxiv,interaction,enron_emails,pile_cc,-168.47060184378253,-220.5878490447998,117.12311439514158,0.724
arxiv,interaction,enron_emails,ubuntu_irc,-176.1311059661514,-616.6356475830078,484.55452346801746,0.648
arxiv,interaction,enron_emails,europarl,-118.7025337365023,-783.735823059082,696.6807510375972,0.56
arxiv,interaction,enron_emails,hackernews,-60.56157374094456,-894.9944580078125,787.9152984619141,0.57
arxiv,interaction,enron_emails,pubmed_abstracts,-216.90744224199835,-298.670369720459,62.53045701980587,0.892
arxiv,interaction,enron_emails,uspto_backgrounds,-167.8142513047553,-251.81981315612794,172.99222030639632,0.6799999999999999
arxiv,interaction,gutenberg_pg_19,pile_cc,-5.276080253343592,-17.786530208587646,4.098130917549133,0.846
arxiv,interaction,gutenberg_pg_19,ubuntu_irc,-2.4238168886138527,-51.2817006111145,38.130970954895005,0.5880000000000001
arxiv,interaction,gutenberg_pg_19,europarl,-47.34321003439896,-112.91104011535644,34.86071729660027,0.864
arxiv,interaction,gutenberg_pg_19,hackernews,-48.98768476298183,-128.32736892700194,15.530412864685054,0.924
arxiv,interaction,gutenberg_pg_19,pubmed_abstracts,-9.949834943851112,-24.710496997833253,1.547606021165844,0.952
arxiv,interaction,gutenberg_pg_19,uspto_backgrounds,-3.993657069309968,-17.62259187698364,7.924868786334989,0.73
arxiv,interaction,pile_cc,ubuntu_irc,-4.423124712975809,-43.646465396881105,31.468121242523193,0.646
arxiv,interaction,pile_cc,europarl,-34.01127363144628,-89.80635662078858,45.45926408767699,0.746
arxiv,interaction,pile_cc,hackernews,-12.291625296590162,-82.0914752960205,41.17549858093259,0.6679999999999999
arxiv,interaction,pile_cc,pubmed_abstracts,2.7019663011450783,-2.061650103330612,7.886983048915862,0.878
arxiv,interaction,pile_cc,uspto_backgrounds,-2.9830074877792923,-7.81693434715271,1.2289570987224567,0.908
arxiv,interaction,ubuntu_irc,europarl,-16.743379103563523,-127.49821186065674,157.2667350769043,0.558
arxiv,interaction,ubuntu_irc,hackernews,-56.213797158852046,-194.26382369995116,71.14497203826886,0.808
arxiv,interaction,ubuntu_irc,pubmed_abstracts,-0.21052591283080893,-44.1606159210205,36.8540214538574,0.538
arxiv,interaction,ubuntu_irc,uspto_backgrounds,-11.654581742350171,-55.86740684509277,22.695095443725585,0.77
arxiv,interaction,europarl,hackernews,-98.22604112870546,-216.50248947143555,118.84253826141348,0.854
arxiv,interaction,europarl,pubmed_abstracts,-16.75409430739334,-74.09066696166992,69.02897567749021,0.522
arxiv,interaction,europarl,uspto_backgrounds,-47.672418366561196,-96.51602039337158,53.12530717849729,0.752
arxiv,interaction,hackernews,pubmed_abstracts,-22.143772306784957,-92.87641506195068,32.33506426811217,0.776
arxiv,interaction,hackernews,uspto_backgrounds,-16.481189728912362,-87.34274024963379,32.958276176452635,0.724
arxiv,interaction,pubmed_abstracts,uspto_backgrounds,-2.375832463706694,-8.169127869606019,4.910841476917265,0.73
freelaw,interaction,arxiv,freelaw,-7.6242141150855485,-9.325868129730225,-6.084066939353943,1.0
freelaw,interaction,arxiv,nih_exporter,45.052343945588035,-66.80946407318115,95.23631172180173,0.65
freelaw,interaction,arxiv,pubmed_central,-0.7634550418146281,-2.3375461518764498,1.204888293147087,0.72
freelaw,interaction,arxiv,wikipedia_en,-1.7128539483113847,-4.155147445201874,0.8118180945515621,0.906
freelaw,interaction,arxiv,dm_mathematics,1.9007476524111366,-13.71566843986511,17.612102127075175,0.578
freelaw,interaction,arxiv,github,-5.268168432704361,-7.426840877532959,-2.2005060315132146,0.996
freelaw,interaction,arxiv,philpapers,-58.22393341897442,-113.06457576751708,59.31408004760738,0.74
freelaw,interaction,arxiv,stackexchange,-0.6327454644474947,-2.745392566919327,1.7780048102140424,0.712
freelaw,interaction,arxiv,enron_emails,-57.647947533432784,-196.43243026733398,45.92173299789428,0.876
freelaw,interaction,arxiv,gutenberg_pg_19,2.0770597110656963,-4.323967444896698,7.398686635494229,0.718
freelaw,interaction,arxiv,pile_cc,-2.6115876949776564,-4.961140441894531,-0.8346060097217564,1.0
freelaw,interaction,arxiv,ubuntu_irc,-19.393808727553598,-40.616626834869386,4.623507869243597,0.948
freelaw,interaction,arxiv,europarl,-23.053562323709873,-60.56835803985596,21.171895456314065,0.83
freelaw,interaction,arxiv,hackernews,-12.377904665028982,-56.52962484359741,41.32564783096313,0.636
freelaw,interaction,arxiv,pubmed_abstracts,3.1564746947652496,-0.4136312261223791,7.470571196079252,0.958
freelaw,interaction,arxiv,uspto_backgrounds,-1.0305350040472685,-4.442851328849793,2.410311698913574,0.6839999999999999
freelaw,interaction,freelaw,nih_exporter,65.63291824154543,-39.84752883911132,120.36281242370603,0.824
freelaw,interaction,freelaw,pubmed_central,-7.41684675410082,-9.048177146911621,-5.671159112453462,1.0
freelaw,interaction,freelaw,wikipedia_en,-6.441250372231615,-10.685563158988952,-3.265808600187304,1.0
freelaw,interaction,freelaw,dm_mathematics,-4.116556267008437,-17.397909927368165,12.68848130702972,0.6719999999999999
freelaw,interaction,freelaw,github,-6.964938371556135,-9.74292311668396,-5.024340069293976,1.0
freelaw,interaction,freelaw,philpapers,-67.99346193111927,-121.33876399993896,53.36504020690909,0.766
freelaw,interaction,freelaw,stackexchange,-6.923905814212943,-9.80775077342987,-5.004629385471344,1.0
freelaw,interaction,freelaw,enron_emails,-63.289326517001264,-281.2719078063965,59.832358169555654,0.874
freelaw,interaction,freelaw,gutenberg_pg_19,-2.1103212697301634,-7.862768113613129,2.940728598833084,0.844
freelaw,interaction,freelaw,pile_cc,-4.895739763352708,-9.023144841194153,-2.422932052612305,1.0
freelaw,interaction,freelaw,ubuntu_irc,-27.6376435427556,-50.75028581619263,-2.5162912666797865,0.986
freelaw,interaction,freelaw,europarl,-27.8965078624582,-66.81500205993652,14.915368270874016,0.896
freelaw,interaction,freelaw,hackernews,-17.710674667856313,-58.48886032104492,34.17223167419433,0.724
freelaw,interaction,freelaw,pubmed_abstracts,-3.501089693304038,-6.852790534496307,0.018658192083237685,0.974
freelaw,interaction,freelaw,uspto_backgrounds,-6.353509602639709,-9.36457030773163,-3.571362602710728,1.0
freelaw,interaction,nih_exporter,pubmed_central,53.52848760636932,-54.083189487457275,102.14189567565917,0.716
freelaw,interaction,nih_exporter,wikipedia_en,42.80776939088069,-64.6074821472168,96.05591335296629,0.688
freelaw,interaction,nih_exporter,dm_mathematics,31.227804311265963,-137.3795928955078,115.25666313171376,0.514
freelaw,interaction,nih_exporter,github,63.04356562415042,-41.188030052185056,122.76325912475583,0.816
freelaw,interaction,nih_exporter,philpapers,-183.46665909708526,-672.264485168457,354.3676750183105,0.746
freelaw,interaction,nih_exporter,stackexchange,37.22608949928926,-74.69170932769775,99.58076324462878,0.638
freelaw,interaction,nih_exporter,enron_emails,-198.13771467641735,-1656.9915283203122,1112.235748291015,0.6659999999999999
freelaw,interaction,nih_exporter,gutenberg_pg_19,53.699251665792325,-62.01266984939575,120.5002279281616,0.776
freelaw,interaction,nih_exporter,pile_cc,57.98789892721732,-47.00613784790039,114.04702053070068,0.778
freelaw,interaction,nih_exporter,ubuntu_irc,61.62169769757208,-115.69180603027344,189.07632484436036,0.71
freelaw,interaction,nih_exporter,europarl,159.84618678365717,-110.2662483215332,326.9957153320312,0.878
freelaw,interaction,nih_exporter,hackernews,90.15765368705982,-171.69864959716796,238.61819992065426,0.666
freelaw,interaction,nih_exporter,pubmed_abstracts,56.958327495284024,-51.67091960906982,112.74649162292475,0.764
freelaw,interaction,nih_exporter,uspto_backgrounds,50.99304232670236,-57.30765027999877,109.53523788452148,0.75
freelaw,interaction,pubmed_central,wikipedia_en,-1.731484026856414,-4.208262610435486,1.0888480424880969,0.888
freelaw,interaction,pubmed_central,dm_mathematics,-3.316028320856807,-20.657345056533813,13.272622132301331,0.638
freelaw,interaction,pubmed_central,github,-2.2854927319545166,-4.7814171552658085,0.16044981144368578,0.966
freelaw,interaction,pubmed_central,philpapers,-55.00742106486455,-102.270263671875,70.51378059387201,0.698
freelaw,interaction,pubmed_central,stackexchange,-1.2462052329926288,-3.6392910718917846,0.9883388906717288,0.872
freelaw,interaction,pubmed_central,enron_emails,-26.020692499132124,-156.36479682922362,82.24668273925778,0.736
freelaw,interaction,pubmed_central,gutenberg_pg_19,-4.721155846140053,-10.717377829551696,1.3521021664142587,0.926
freelaw,interaction,pubmed_central,pile_cc,-1.8942815062377225,-3.8536447286605835,-0.8104721009731297,0.998
freelaw,interaction,pubmed_central,ubuntu_irc,-34.82507822403463,-59.529864120483396,-12.422979497909555,0.998
freelaw,interaction,pubmed_central,europarl,-25.978698777643093,-66.0260705947876,16.902174139022808,0.864
freelaw,interaction,pubmed_central,hackernews,-27.990251442160623,-72.55740451812744,22.435781717300394,0.842
freelaw,interaction,pubmed_central,pubmed_abstracts,4.984907406816618,2.725702226161957,8.155083227157592,1.0
freelaw,interaction,pubmed_central,uspto_backgrounds,-0.04712444906624095,-3.085905969142914,2.5585736453533157,0.552
freelaw,interaction,wikipedia_en,dm_mathematics,-7.2288430200147635,-21.126811504364014,8.597487831115721,0.752
freelaw,interaction,wikipedia_en,github,-2.8339388920352757,-6.38478764295578,0.2088878400623794,0.956
freelaw,interaction,wikipedia_en,philpapers,-74.27228151159551,-118.29821453094482,44.90715866088866,0.8180000000000001
freelaw,interaction,wikipedia_en,stackexchange,0.6726067856889197,-3.0550749957561494,4.435085022449494,0.686
freelaw,interaction,wikipedia_en,enron_emails,8.340765156925173,-129.270281791687,122.3989101409912,0.52
freelaw,interaction,wikipedia_en,gutenberg_pg_19,-0.5027636792974159,-6.663968348503112,5.165262246131889,0.606
freelaw,interaction,wikipedia_en,pile_cc,-1.2457653901829373,-3.5593150973320005,1.1816744118928908,0.834
freelaw,interaction,wikipedia_en,ubuntu_irc,-24.991252569766072,-47.082668972015384,-0.41346309781074664,0.976
freelaw,interaction,wikipedia_en,europarl,-18.71281612242153,-58.80656757354736,28.09079923629759,0.774
freelaw,interaction,wikipedia_en,hackernews,-20.03530709808539,-65.57482318878174,34.72505798339838,0.75
freelaw,interaction,wikipedia_en,pubmed_abstracts,-1.2811206328594356,-4.097873437404632,2.310824984312055,0.726
freelaw,interaction,wikipedia_en,uspto_backgrounds,-0.33275544344742736,-3.767102992534637,2.2728104710578916,0.644
freelaw,interaction,dm_mathematics,github,-2.6514757832022027,-16.641618108749388,12.127141499519345,0.5860000000000001
freelaw,interaction,dm_mathematics,philpapers,-58.03242713478333,-138.96834297180175,120.36863994598376,0.598
freelaw,interaction,dm_mathematics,stackexchange,0.7079532486680897,-11.95945737361908,14.913337278366079,0.526
freelaw,interaction,dm_mathematics,enron_emails,14.068183327702343,-424.00674591064455,265.14132232666003,0.546
freelaw,interaction,dm_mathematics,gutenberg_pg_19,-5.151851281817221,-20.652303886413574,12.693764805793757,0.6739999999999999
freelaw,interaction,dm_mathematics,pile_cc,-0.563509789448714,-15.0323340177536,14.512563776969907,0.514
freelaw,interaction,dm_mathematics,ubuntu_irc,-35.5920209901763,-76.51327495574951,-1.5759963631629956,0.978
freelaw,interaction,dm_mathematics,europarl,51.88534107195104,-9.293056082725522,135.3581703186035,0.956
freelaw,interaction,dm_mathematics,hackernews,15.263451959014901,-54.89007616043091,91.65157146453852,0.61
freelaw,interaction,dm_mathematics,pubmed_abstracts,2.1058086536334124,-14.832148838043214,20.022835493087754,0.574
freelaw,interaction,dm_mathematics,uspto_backgrounds,4.3148952088433665,-14.984209012985229,22.214425230026244,0.708
freelaw,interaction,github,philpapers,-58.503688950622795,-108.40844383239747,65.68203544616695,0.7
freelaw,interaction,github,stackexchange,-2.149068270179955,-3.8269588112831117,-0.30816119685769083,0.994
freelaw,interaction,github,enron_emails,-12.517208630734949,-148.91186637878417,95.16938762664783,0.6599999999999999
freelaw,interaction,github,gutenberg_pg_19,1.387450464680731,-3.5529463052749635,5.954199135303495,0.706
freelaw,interaction,github,pile_cc,-1.2934708010099019,-2.3344112157821657,0.43682804033160166,0.942
freelaw,interaction,github,ubuntu_irc,-17.883806621934536,-40.55166931152343,4.831179857254023,0.92
freelaw,interaction,github,europarl,-33.461671713670235,-72.55107536315919,10.746176171302793,0.928
freelaw,interaction,github,hackernews,-14.851390147075241,-60.04099416732788,37.8269676208496,0.692
freelaw,interaction,github,pubmed_abstracts,3.911928601144067,1.305263587832451,7.251654040813444,0.996
freelaw,interaction,github,uspto_backgrounds,-2.866452714764109,-6.161518633365631,0.8506313472986199,0.926
freelaw,interaction,philpapers,stackexchange,-49.4696446548458,-101.04324932098389,72.76944656372069,0.626
freelaw,interaction,philpapers,enron_emails,0.3229383157298623,-752.6782180786132,1323.7545745849595,0.672
freelaw,interaction,philpapers,gutenberg_pg_19,-34.15822987735842,-89.99127731323242,91.77785472869864,0.514
freelaw,interaction,philpapers,pile_cc,-58.86054173577241,-108.17313861846924,55.27456016540526,0.728
freelaw,interaction,philpapers,ubuntu_irc,-86.7871929823043,-188.4940315246582,143.4208168029785,0.702
freelaw,interaction,philpapers,europarl,-225.946295473833,-497.5048355102539,28.550340127944906,0.95
freelaw,interaction,philpapers,hackernews,31.208651011676842,-197.86246185302733,292.5377227783203,0.696
freelaw,interaction,philpapers,pubmed_abstracts,-85.94248753990574,-144.702640914917,47.33149261474609,0.854
freelaw,interaction,philpapers,uspto_backgrounds,-44.136101980867956,-94.58576755523681,79.87621688842768,0.5800000000000001
freelaw,interaction,stackexchange,enron_emails,-40.63880608398829,-242.08251152038574,61.22620458602905,0.842
freelaw,interaction,stackexchange,gutenberg_pg_19,0.12214721001048798,-5.332180309295654,4.548772859573364,0.5740000000000001
freelaw,interaction,stackexchange,pile_cc,-0.7539290744182441,-2.1535096943378447,0.7840787783265106,0.884
freelaw,interaction,stackexchange,ubuntu_irc,-25.848464734885095,-47.999945640563965,0.5107979662716322,0.972
freelaw,interaction,stackexchange,europarl,-22.786791835988648,-62.44596195220947,19.011684226989743,0.85
freelaw,interaction,stackexchange,hackernews,-16.669934415666003,-60.07843599319458,34.6241509437561,0.718
freelaw,interaction,stackexchange,pubmed_abstracts,2.3594733649078985,-0.8163909852504729,6.164286553859708,0.954
freelaw,interaction,stackexchange,uspto_backgrounds,-1.5386451763505413,-5.352796030044556,1.6241552174091334,0.84
freelaw,interaction,enron_emails,gutenberg_pg_19,6.3746749265296145,-158.78446922302246,136.21310081481928,0.5920000000000001
freelaw,interaction,enron_emails,pile_cc,-21.93284686606417,-148.655712890625,70.60285930633545,0.72
freelaw,interaction,enron_emails,ubuntu_irc,6.301881956645642,-320.114688873291,458.4402503967285,0.566
freelaw,interaction,enron_emails,europarl,202.12576092185284,-290.30504302978517,812.5683746337884,0.854
freelaw,interaction,enron_emails,hackernews,-108.52765499989742,-580.7838668823242,766.0908386230465,0.642
freelaw,interaction,enron_emails,pubmed_abstracts,5.934393654933599,-141.15331077575684,114.23928527832027,0.5680000000000001
freelaw,interaction,enron_emails,uspto_backgrounds,-12.243985424177774,-164.41375465393065,129.0577304840087,0.598
freelaw,interaction,gutenberg_pg_19,pile_cc,0.24169744253811595,-5.022285783290863,4.099783635139463,0.514
freelaw,interaction,gutenberg_pg_19,ubuntu_irc,-28.11827374259973,-53.86433486938476,1.7477859735488857,0.966
freelaw,interaction,gutenberg_pg_19,europarl,-34.16166371386887,-81.69895553588867,6.988767695426914,0.944
freelaw,interaction,gutenberg_pg_19,hackernews,-23.596158971908913,-81.50706424713134,28.651426553726186,0.794
freelaw,interaction,gutenberg_pg_19,pubmed_abstracts,1.1954238110737332,-5.723774814605713,7.963377404212948,0.586
freelaw,interaction,gutenberg_pg_19,uspto_backgrounds,-0.31259575034291026,-7.4780587434768675,4.450973963737484,0.628
freelaw,interaction,pile_cc,ubuntu_irc,-21.33144615753317,-42.131959438323975,3.1502495288848826,0.962
freelaw,interaction,pile_cc,europarl,-20.5913329061197,-58.655102825164796,21.147911310195898,0.812
freelaw,interaction,pile_cc,hackernews,-20.151180663432335,-61.88543176651001,33.55861454010008,0.73
freelaw,interaction,pile_cc,pubmed_abstracts,1.482366244431591,-1.1611576437950133,4.790500783920286,0.918
freelaw,interaction,pile_cc,uspto_backgrounds,-2.702111919464129,-4.881223201751709,-0.31531627476215485,0.982
freelaw,interaction,ubuntu_irc,europarl,-72.55733499432495,-167.83628273010254,1.1947147309779924,0.972
freelaw,interaction,ubuntu_irc,hackernews,-81.55273071433525,-195.73018684387208,35.736848831176715,0.906
freelaw,interaction,ubuntu_irc,pubmed_abstracts,-15.122884273843749,-39.45379180908203,14.184658432006833,0.86
freelaw,interaction,ubuntu_irc,uspto_backgrounds,-30.612903045139937,-55.93762855529785,-7.149555873870894,0.986
freelaw,interaction,europarl,hackernews,-0.20456422246877504,-101.0283628463745,112.81083278656006,0.562
freelaw,interaction,europarl,pubmed_abstracts,-27.270024933778252,-71.34612083435059,16.971359252929688,0.896
freelaw,interaction,europarl,uspto_backgrounds,-21.565699033597895,-61.29034957885742,21.59895925521843,0.802
freelaw,interaction,hackernews,pubmed_abstracts,-5.977173370927024,-51.799565601348874,49.77074794769287,0.552
freelaw,interaction,hackernews,uspto_backgrounds,-24.391179212684673,-72.55102729797363,29.174473094940176,0.812
freelaw,interaction,pubmed_abstracts,uspto_backgrounds,3.2882421207923813,-0.6890194877982139,7.131150305271148,0.96
pubmed_central,interaction,arxiv,freelaw,-1.7586813726286503,-3.975995969772339,0.5673392608761785,0.914
pubmed_central,interaction,arxiv,nih_exporter,-45.588814316514075,-138.71637649536132,88.43235969543457,0.646
pubmed_central,interaction,arxiv,pubmed_central,-5.90725310041957,-7.657331705093384,-4.277744805812836,1.0
pubmed_central,interaction,arxiv,wikipedia_en,-2.8397757339946557,-5.888010585308075,0.49343262389302023,0.95
pubmed_central,interaction,arxiv,dm_mathematics,-15.888238901219545,-36.86704206466675,3.7746386528015132,0.946
pubmed_central,interaction,arxiv,github,-4.388065757080182,-7.1421340823173525,-0.6822034254670162,0.982
pubmed_central,interaction,arxiv,philpapers,25.78847211163301,-94.7392032623291,129.4286991119383,0.6
pubmed_central,interaction,arxiv,stackexchange,-0.3913796478463211,-2.9975296080112455,2.7290271103382104,0.648
pubmed_central,interaction,arxiv,enron_emails,-70.55308697025028,-218.1301803588867,101.90992565155022,0.754
pubmed_central,interaction,arxiv,gutenberg_pg_19,-3.4391944598253286,-11.21902151107788,4.238929522037502,0.862
pubmed_central,interaction,arxiv,pile_cc,-2.692854091627214,-5.438622856140136,0.0913036754354819,0.972
pubmed_central,interaction,arxiv,ubuntu_irc,-11.610782699415775,-40.549256801605225,22.756483983993487,0.786
pubmed_central,interaction,arxiv,europarl,29.179492315074963,-39.55299444198608,79.51730403900146,0.766
pubmed_central,interaction,arxiv,hackernews,20.9743391466875,-50.96380882263183,68.75404071807856,0.68
pubmed_central,interaction,arxiv,pubmed_abstracts,-3.9962619685666163,-7.715187203884124,0.21635360866784945,0.966
pubmed_central,interaction,arxiv,uspto_backgrounds,-1.4816187993725516,-5.128697097301483,3.2949899613857263,0.72
pubmed_central,interaction,freelaw,nih_exporter,-43.88676288997455,-140.39668960571288,96.88649044036859,0.6619999999999999
pubmed_central,interaction,freelaw,pubmed_central,-7.335198653526511,-9.057222509384156,-4.849114847183229,1.0
pubmed_central,interaction,freelaw,wikipedia_en,-0.3535856143707953,-6.528213846683502,3.8431173741817464,0.5860000000000001
pubmed_central,interaction,freelaw,dm_mathematics,-13.247723641461127,-34.00848722457886,7.753005385398846,0.886
pubmed_central,interaction,freelaw,github,-2.3800341048772107,-7.8356276750564575,1.2042338937520973,0.854
pubmed_central,interaction,freelaw,philpapers,28.561628636007626,-100.00847187042235,151.4402240753173,0.656
pubmed_central,interaction,freelaw,stackexchange,-2.7494018491403005,-5.908637738227844,-0.08746887445449947,0.976
pubmed_central,interaction,freelaw,enron_emails,113.37987288232003,-123.16440811157226,326.37095184326165,0.838
pubmed_central,interaction,freelaw,gutenberg_pg_19,-5.538711530803586,-15.875260853767395,2.841210961341854,0.876
pubmed_central,interaction,freelaw,pile_cc,-2.474025899679709,-7.638325345516204,1.2383456438779825,0.912
pubmed_central,interaction,freelaw,ubuntu_irc,-7.166291871469562,-47.00573863983154,30.570134401321393,0.698
pubmed_central,interaction,freelaw,europarl,28.25294273461873,-36.70853624343872,79.79703292846678,0.786
pubmed_central,interaction,freelaw,hackernews,33.67076748335586,-28.260550928115844,84.4239797592163,0.85
pubmed_central,interaction,freelaw,pubmed_abstracts,-6.020793525240994,-10.284154796600342,-1.367733171582223,0.984
pubmed_central,interaction,freelaw,uspto_backgrounds,-3.358909285891643,-7.670673835277557,1.2493775576353048,0.924
pubmed_central,interaction,nih_exporter,pubmed_central,-26.52623370006813,-113.67567691802978,112.49795131683348,0.552
pubmed_central,interaction,nih_exporter,wikipedia_en,-29.700191315789798,-130.8925682067871,114.1842933654785,0.552
pubmed_central,interaction,nih_exporter,dm_mathematics,-64.49551666751638,-234.4541015625,103.29551277160641,0.798
pubmed_central,interaction,nih_exporter,github,-43.050653008561376,-155.9934467315674,81.21613025665282,0.712
pubmed_central,interaction,nih_exporter,philpapers,5.315082606389801,-600.7231552124023,714.9755691528319,0.572
pubmed_central,interaction,nih_exporter,stackexchange,-45.358254145058076,-137.54736289978027,93.17614593505859,0.632
pubmed_central,interaction,nih_exporter,enron_emails,-259.47556609169766,-2113.362512207031,1555.6915557861328,0.6739999999999999
pubmed_central,interaction,nih_exporter,gutenberg_pg_19,-18.636647857089937,-128.6110113143921,118.22800521850586,0.518
pubmed_central,interaction,nih_exporter,pile_cc,-47.49415488846124,-132.73265380859374,91.14896965026848,0.646
pubmed_central,interaction,nih_exporter,ubuntu_irc,-128.86715681990006,-345.75668716430664,88.73820781707762,0.852
pubmed_central,interaction,nih_exporter,europarl,-85.29586132294095,-343.1981033325195,283.7846878051758,0.64
pubmed_central,interaction,nih_exporter,hackernews,114.89446286998701,-91.72492084503172,387.56911697387693,0.886
pubmed_central,interaction,nih_exporter,pubmed_abstracts,-36.025230624264445,-143.44013786315918,103.35898895263672,0.616
pubmed_central,interaction,nih_exporter,uspto_backgrounds,-25.083988031873165,-127.56702861785888,105.55693836212156,0.53
pubmed_central,interaction,pubmed_central,wikipedia_en,-6.748926016488625,-10.40372040271759,-3.2028159081935894,1.0
pubmed_central,interaction,pubmed_central,dm_mathematics,-14.14803427903921,-33.79799575805664,6.063251936435693,0.912
pubmed_central,interaction,pubmed_central,github,-7.638359799968295,-11.448787593841553,-4.91286109685898,1.0
pubmed_central,interaction,pubmed_central,philpapers,26.49291407339566,-86.26706867218017,142.29667205810543,0.616
pubmed_central,interaction,pubmed_central,stackexchange,-7.2437443165921325,-9.061190199851989,-4.952181899547578,1.0
pubmed_central,interaction,pubmed_central,enron_emails,-53.71575348591065,-198.7355121612549,129.55725288391108,0.6859999999999999
pubmed_central,interaction,pubmed_central,gutenberg_pg_19,-13.621864057767757,-23.56509585380554,-3.488840121030813,1.0
pubmed_central,interaction,pubmed_central,pile_cc,-6.3460343253977065,-8.636461758613587,-4.478289186954498,1.0
pubmed_central,interaction,pubmed_central,ubuntu_irc,-13.073733404518173,-45.12052135467529,21.782393455505343,0.794
pubmed_central,interaction,pubmed_central,europarl,31.71224733261092,-34.66630449295044,83.62581367492676,0.826
pubmed_central,interaction,pubmed_central,hackernews,21.90908839132641,-44.824430465698235,70.76639232635497,0.676
pubmed_central,interaction,pubmed_central,pubmed_abstracts,-7.601966182923422,-11.479895424842834,-2.775787448883057,0.998
pubmed_central,interaction,pubmed_central,uspto_backgrounds,-7.103556494130435,-10.73270571231842,-3.1334046304225924,1.0
pubmed_central,interaction,wikipedia_en,dm_mathematics,-20.116556574803756,-43.74724063873291,0.9545716628432217,0.966
pubmed_central,interaction,wikipedia_en,github,-1.1361204348827834,-7.530744338035583,3.12976014614105,0.746
pubmed_central,interaction,wikipedia_en,philpapers,20.435506640754618,-94.55027828216552,129.26125831604003,0.604
pubmed_central,interaction,wikipedia_en,stackexchange,-2.4330731001206476,-7.911155319213867,2.4411433100700344,0.84
pubmed_central,interaction,wikipedia_en,enron_emails,-32.64860965125647,-228.69467926025388,153.96253471374507,0.602
pubmed_central,interaction,wikipedia_en,gutenberg_pg_19,-5.4327408921726725,-15.12317259311676,2.8134756565093992,0.91
pubmed_central,interaction,wikipedia_en,pile_cc,-1.4702594262820732,-5.6122343182563785,2.355748802423476,0.76
pubmed_central,interaction,wikipedia_en,ubuntu_irc,-6.782780048472459,-40.258194828033446,26.989236640930162,0.6819999999999999
pubmed_central,interaction,wikipedia_en,europarl,27.595169394138036,-44.53631954193115,82.09410190582274,0.77
pubmed_central,interaction,wikipedia_en,hackernews,34.682147281647694,-32.41901488304138,92.02246627807615,0.84
pubmed_central,interaction,wikipedia_en,pubmed_abstracts,-0.8519093693184577,-7.045028078556061,3.4495560884475687,0.706
pubmed_central,interaction,wikipedia_en,uspto_backgrounds,-1.304724212410147,-5.893118548393249,3.0688739359378796,0.71
pubmed_central,interaction,dm_mathematics,github,-10.769334421176785,-32.890845680236815,9.236921358108507,0.872
pubmed_central,interaction,dm_mathematics,philpapers,48.45364862150508,-123.6571750640869,188.5052196502684,0.664
pubmed_central,interaction,dm_mathematics,stackexchange,-3.7893251989091663,-21.270242261886597,14.944299578666687,0.642
pubmed_central,interaction,dm_mathematics,enron_emails,-105.61622240513027,-411.05504455566404,618.4202804565429,0.5840000000000001
pubmed_central,interaction,dm_mathematics,gutenberg_pg_19,-13.266882056245045,-37.72501935958862,10.371052551269518,0.874
pubmed_central,interaction,dm_mathematics,pile_cc,-8.672387824392791,-27.311090230941772,11.485805535316462,0.766
pubmed_central,interaction,dm_mathematics,ubuntu_irc,-36.63861256660436,-93.54451599121094,26.44997262954711,0.894
pubmed_central,interaction,dm_mathematics,europarl,18.41346665359265,-81.98004398345947,126.64085998535154,0.61
pubmed_central,interaction,dm_mathematics,hackernews,15.813747601157036,-92.91975898742676,99.18526096343987,0.564
pubmed_central,interaction,dm_mathematics,pubmed_abstracts,-15.65537645551935,-40.50344753265381,6.790994572639463,0.924
pubmed_central,interaction,dm_mathematics,uspto_backgrounds,-20.35858815144863,-44.25404176712036,-0.46583777666092735,0.976
pubmed_central,interaction,github,philpapers,3.38940726830097,-111.93079719543456,123.4111942291258,0.51
pubmed_central,interaction,github,stackexchange,-1.1278650010120985,-3.256113904714584,1.932680842280387,0.772
pubmed_central,interaction,github,enron_emails,-74.49329219314743,-205.848051071167,123.94240055084214,0.736
pubmed_central,interaction,github,gutenberg_pg_19,-1.0310238709540616,-9.396073865890504,6.202392768859863,0.61
pubmed_central,interaction,github,pile_cc,-0.40880704669310175,-3.361753487586975,1.7793437927961346,0.598
pubmed_central,interaction,github,ubuntu_irc,-11.587229154904815,-44.71237983703613,22.10996193885803,0.792
pubmed_central,interaction,github,europarl,25.234395228914806,-44.82766027450561,79.744455909729,0.74
pubmed_central,interaction,github,hackernews,39.528841378085595,-29.143009710311883,85.2723461151123,0.858
pubmed_central,interaction,github,pubmed_abstracts,-3.1221330920526458,-7.53340300321579,0.9355102926492679,0.918
pubmed_central,interaction,github,uspto_backgrounds,-2.586172703037374,-6.477603685855866,2.138569164276123,0.8220000000000001
pubmed_central,interaction,philpapers,stackexchange,4.226959199095212,-104.72723159790038,113.52773647308348,0.518
pubmed_central,interaction,philpapers,enron_emails,170.46283026089515,-990.0602310180664,1734.0221160888668,0.68
pubmed_central,interaction,philpapers,gutenberg_pg_19,37.06647492126484,-94.45776386260987,164.409513092041,0.688
pubmed_central,interaction,philpapers,pile_cc,22.647176589665655,-94.8882246017456,131.89895858764635,0.602
pubmed_central,interaction,philpapers,ubuntu_irc,62.780244543515074,-173.35517158508299,392.89299087524404,0.794
pubmed_central,interaction,philpapers,europarl,-18.29076686414282,-324.3782821655273,260.8869003295897,0.546
pubmed_central,interaction,philpapers,hackernews,-223.4027188007702,-590.6714584350586,115.78820152282711,0.928
pubmed_central,interaction,philpapers,pubmed_abstracts,1.1168195403211794,-126.4536346435547,117.74982242584227,0.56
pubmed_central,interaction,philpapers,uspto_backgrounds,40.72856177477227,-72.30302867889404,164.05737342834468,0.73
pubmed_central,interaction,stackexchange,enron_emails,-63.68046189025631,-223.38868675231933,151.52578353881836,0.712
pubmed_central,interaction,stackexchange,gutenberg_pg_19,-5.042873203703205,-13.567104721069336,2.029920941591262,0.942
pubmed_central,interaction,stackexchange,pile_cc,-2.570581739941478,-5.548727655410767,0.284779327362775,0.962
pubmed_central,interaction,stackexchange,ubuntu_irc,-15.091126895032042,-49.060944366455075,19.071210050582852,0.846
pubmed_central,interaction,stackexchange,europarl,37.643354509685075,-27.239400196075437,84.51781654357909,0.862
pubmed_central,interaction,stackexchange,hackernews,27.10661605583537,-36.78081016540527,74.02990684509275,0.774
pubmed_central,interaction,stackexchange,pubmed_abstracts,-3.269807276130841,-8.44074547290802,1.258916729688642,0.912
pubmed_central,interaction,stackexchange,uspto_backgrounds,-3.197943479193702,-7.73471599817276,0.474186278879642,0.948
pubmed_central,interaction,enron_emails,gutenberg_pg_19,30.110527426251632,-180.6814083099365,278.6062728881835,0.614
pubmed_central,interaction,enron_emails,pile_cc,-43.383653771103,-194.39603958129882,121.95848407745353,0.654
pubmed_central,interaction,enron_emails,ubuntu_irc,-217.22688132105927,-582.8522338867188,396.0902061462393,0.812
pubmed_central,interaction,enron_emails,europarl,-311.74756044266644,-900.8591751098633,329.9073394775389,0.846
pubmed_central,interaction,enron_emails,hackernews,232.63608476326706,-329.83201904296874,1078.8084136962889,0.862
pubmed_central,interaction,enron_emails,pubmed_abstracts,-31.00962502045519,-197.64941673278807,156.0521728515623,0.616
pubmed_central,interaction,enron_emails,uspto_backgrounds,-61.4792076394403,-232.77383499145506,159.27627830505367,0.626
pubmed_central,interaction,gutenberg_pg_19,pile_cc,-0.7844969827380017,-8.24755859375,6.151782822608948,0.5780000000000001
pubmed_central,interaction,gutenberg_pg_19,ubuntu_irc,-12.852234830634353,-54.433926773071285,32.828570938110325,0.788
pubmed_central,interaction,gutenberg_pg_19,europarl,21.64041713216137,-55.53814611434937,73.28572216033935,0.656
pubmed_central,interaction,gutenberg_pg_19,hackernews,37.82121941587403,-32.13441381454468,105.60965576171873,0.82
pubmed_central,interaction,gutenberg_pg_19,pubmed_abstracts,-8.880398550801788,-19.212009716033936,1.56937731802463,0.948
pubmed_central,interaction,gutenberg_pg_19,uspto_backgrounds,-0.9065858988996764,-10.877900743484497,9.452547645568847,0.516
pubmed_central,interaction,pile_cc,ubuntu_irc,-13.387935279017029,-48.10438899993896,20.40773167610168,0.8260000000000001
pubmed_central,interaction,pile_cc,europarl,24.521966449477475,-42.159525012969965,74.4794147491455,0.714
pubmed_central,interaction,pile_cc,hackernews,27.907600523795782,-35.16173324584961,85.21957702636719,0.778
pubmed_central,interaction,pile_cc,pubmed_abstracts,-2.5915392292782986,-6.928917121887207,1.488461375236509,0.876
pubmed_central,interaction,pile_cc,uspto_backgrounds,-1.4286659284001062,-4.60343896150589,2.4801394939422607,0.732
pubmed_central,interaction,ubuntu_irc,europarl,73.2238957854248,-14.921879601478576,196.49502525329578,0.942
pubmed_central,interaction,ubuntu_irc,hackernews,-7.9424650645310155,-118.85075397491455,113.94663066864013,0.516
pubmed_central,interaction,ubuntu_irc,pubmed_abstracts,-15.177977092747522,-48.75796670913696,22.114786720275838,0.81
pubmed_central,interaction,ubuntu_irc,uspto_backgrounds,-16.253462507760805,-49.42251272201538,18.721183204650874,0.8200000000000001
pubmed_central,interaction,europarl,hackernews,29.27746853636509,-149.13051948547363,120.09857845306384,0.512
pubmed_central,interaction,europarl,pubmed_abstracts,26.879774719378783,-37.80648479461669,83.69814224243162,0.756
pubmed_central,interaction,europarl,uspto_backgrounds,18.88743508643067,-47.81625118255615,79.04554958343505,0.722
pubmed_central,interaction,hackernews,pubmed_abstracts,28.863528671276665,-35.34976682662964,78.26635646820068,0.774
pubmed_central,interaction,hackernews,uspto_backgrounds,28.372696390192804,-34.573260593414304,79.48246479034422,0.758
pubmed_central,interaction,pubmed_abstracts,uspto_backgrounds,-2.906814984000857,-7.685808050632476,2.0364209175109855,0.848
wikipedia_en,interaction,arxiv,freelaw,-0.5087715420707372,-1.6727855503559113,0.7933825716376302,0.758
wikipedia_en,interaction,arxiv,nih_exporter,-33.67060572287475,-75.05987739562988,26.501086711883534,0.802
wikipedia_en,interaction,arxiv,pubmed_central,-0.599236012804705,-1.7005955934524537,0.6616074427962303,0.8180000000000001
wikipedia_en,interaction,arxiv,wikipedia_en,-7.251016527413564,-9.219705247879029,-6.105012321472168,1.0
wikipedia_en,interaction,arxiv,dm_mathematics,-0.900507497262592,-8.94572184085846,9.309870243072504,0.552
wikipedia_en,interaction,arxiv,github,-1.278494665231651,-2.747437673807144,1.0503103196620938,0.868
wikipedia_en,interaction,arxiv,philpapers,-39.82270788046886,-82.37024002075195,28.978037691116327,0.8280000000000001
wikipedia_en,interaction,arxiv,stackexchange,-1.225102706275862,-2.3898584723472593,0.034795750863849756,0.97
wikipedia_en,interaction,arxiv,enron_emails,65.34223364245821,-40.76139707565307,109.25621299743649,0.812
wikipedia_en,interaction,arxiv,gutenberg_pg_19,-1.9130017303422608,-6.18074015378952,1.6524628281593312,0.852
wikipedia_en,interaction,arxiv,pile_cc,-1.8814268729446457,-3.194946324825287,-0.8561599135398874,1.0
wikipedia_en,interaction,arxiv,ubuntu_irc,5.997531008873423,-10.556036949157715,17.824582242965697,0.756
wikipedia_en,interaction,arxiv,europarl,-7.104182819240805,-31.133251523971555,19.503796863555902,0.644
wikipedia_en,interaction,arxiv,hackernews,0.38370753717465067,-28.582629394531246,31.62256417274474,0.512
wikipedia_en,interaction,arxiv,pubmed_abstracts,1.000845898052451,-0.7821866363286971,3.9390617370605465,0.902
wikipedia_en,interaction,arxiv,uspto_backgrounds,0.05500093876241329,-2.5221955001354215,2.3627794921398158,0.568
wikipedia_en,interaction,freelaw,nih_exporter,-39.708560734370266,-81.33651638031006,20.4916925907135,0.864
wikipedia_en,interaction,freelaw,pubmed_central,-0.49034952093384343,-1.127654480934143,0.41131907701492254,0.808
wikipedia_en,interaction,freelaw,wikipedia_en,-8.251008850012346,-11.735189628601074,-6.77996917963028,1.0
wikipedia_en,interaction,freelaw,dm_mathematics,-2.0100305752725984,-9.399387860298157,7.78921456336975,0.606
wikipedia_en,interaction,freelaw,github,-0.45441876264602193,-2.1803530752658844,0.8738659858703614,0.73
wikipedia_en,interaction,freelaw,philpapers,-43.64193544180649,-79.51127662658692,31.412349176406828,0.786
wikipedia_en,interaction,freelaw,stackexchange,-1.9976362797150913,-3.369764012098312,-0.8425071597099306,1.0
wikipedia_en,interaction,freelaw,enron_emails,60.36025048424284,-61.75242147445679,113.32121086120601,0.786
wikipedia_en,interaction,freelaw,gutenberg_pg_19,-1.5523255660233304,-6.354027795791626,0.8245678022503844,0.908
wikipedia_en,interaction,freelaw,pile_cc,-2.0454992698803576,-3.526177078485489,-0.781365768611432,1.0
wikipedia_en,interaction,freelaw,ubuntu_irc,4.85478231038396,-12.894087386131286,17.388673734664902,0.68
wikipedia_en,interaction,freelaw,europarl,-3.982722370079382,-28.560685634613037,26.359677124023406,0.524
wikipedia_en,interaction,freelaw,hackernews,4.778011720464444,-22.414477729797362,32.64664840698239,0.6
wikipedia_en,interaction,freelaw,pubmed_abstracts,-0.20479792258008425,-1.8126893758773803,2.535617178678512,0.666
wikipedia_en,interaction,freelaw,uspto_backgrounds,-1.1276449228501901,-2.6535235762596128,0.5016010783612724,0.9
wikipedia_en,interaction,nih_exporter,pubmed_central,-46.86274423594809,-87.7491283416748,12.149551677703846,0.926
wikipedia_en,interaction,nih_exporter,wikipedia_en,-41.90566379150057,-90.04239749908447,15.24820516109461,0.91
wikipedia_en,interaction,nih_exporter,dm_mathematics,-29.748086163951903,-89.54595146179199,49.63458204269407,0.6799999999999999
wikipedia_en,interaction,nih_exporter,github,-33.61987312940262,-82.89920272827148,23.24399495124816,0.842
wikipedia_en,interaction,nih_exporter,philpapers,13.634408756595773,-382.0545852661133,333.9508193969725,0.552
wikipedia_en,interaction,nih_exporter,stackexchange,-27.854803874053076,-65.91391983032227,39.416398620605435,0.6799999999999999
wikipedia_en,interaction,nih_exporter,enron_emails,3.915709084525792,-923.7524856567383,440.60970687866205,0.6619999999999999
wikipedia_en,interaction,nih_exporter,gutenberg_pg_19,-56.43532273407707,-98.95813941955566,5.8082385540008055,0.962
wikipedia_en,interaction,nih_exporter,pile_cc,-40.06828714015021,-79.95254211425781,20.827492189407344,0.862
wikipedia_en,interaction,nih_exporter,ubuntu_irc,-20.19824652984259,-117.85107460021972,75.75359554290772,0.5780000000000001
wikipedia_en,interaction,nih_exporter,europarl,-75.89598386011257,-180.33300285339357,98.99457721710203,0.762
wikipedia_en,interaction,nih_exporter,hackernews,-55.88778711891228,-167.8426628112793,76.15352172851559,0.784
wikipedia_en,interaction,nih_exporter,pubmed_abstracts,-39.07683254803934,-77.5211820602417,32.35083842277523,0.794
wikipedia_en,interaction,nih_exporter,uspto_backgrounds,-38.31774322027841,-80.332559967041,23.592261981964104,0.87
wikipedia_en,interaction,pubmed_central,wikipedia_en,-7.960786309885717,-10.412768149375916,-6.565109169483185,1.0
wikipedia_en,interaction,pubmed_central,dm_mathematics,-2.515096489212537,-9.922176694869995,7.626728618144987,0.61
wikipedia_en,interaction,pubmed_central,github,-2.13274358164235,-3.3923566043376923,-0.8528171181678776,1.0
wikipedia_en,interaction,pubmed_central,philpapers,-37.711248297086996,-75.44344348907471,26.339800643920874,0.77
wikipedia_en,interaction,pubmed_central,stackexchange,-1.0416238312397688,-2.0096782445907593,-0.2638503089547158,0.992
wikipedia_en,interaction,pubmed_central,enron_emails,58.912793149838556,-42.863197326660156,93.72123737335203,0.79
wikipedia_en,interaction,pubmed_central,gutenberg_pg_19,-4.3419428925118355,-8.15969181060791,-1.0441102683544181,0.996
wikipedia_en,interaction,pubmed_central,pile_cc,-1.685242764905373,-2.501074093580246,-0.7908572345972062,1.0
wikipedia_en,interaction,pubmed_central,ubuntu_irc,1.1025679633022105,-16.235295057296753,13.119826745986932,0.514
wikipedia_en,interaction,pubmed_central,europarl,-7.562861892180087,-30.57128643989563,22.482354927062953,0.638
wikipedia_en,interaction,pubmed_central,hackernews,6.81998269849724,-19.363492488861084,35.75830669403074,0.676
wikipedia_en,interaction,pubmed_central,pubmed_abstracts,0.2684934070475296,-1.2927369564771651,3.0068446040153494,0.79
wikipedia_en,interaction,pubmed_central,uspto_backgrounds,-0.6618674056947157,-2.180189085006714,1.4684446632862083,0.626
wikipedia_en,interaction,wikipedia_en,dm_mathematics,-6.668873100229342,-14.581860232353211,2.8170850455760945,0.888
wikipedia_en,interaction,wikipedia_en,github,-9.201875319458336,-11.640091109275819,-7.5155173540115365,1.0
wikipedia_en,interaction,wikipedia_en,philpapers,-29.736553903120605,-72.6248104095459,37.35608940124511,0.6719999999999999
wikipedia_en,interaction,wikipedia_en,stackexchange,-9.16826853817691,-11.934610772132874,-7.633978164196015,1.0
wikipedia_en,interaction,wikipedia_en,enron_emails,67.2874200163185,-41.24219427108765,124.32374458312988,0.82
wikipedia_en,interaction,wikipedia_en,gutenberg_pg_19,-7.748106642825227,-13.506020450592041,-4.49291696548462,1.0
wikipedia_en,interaction,wikipedia_en,pile_cc,-5.607701491618792,-7.2954835295677185,-4.27323226928711,1.0
wikipedia_en,interaction,wikipedia_en,ubuntu_irc,-5.398104403774798,-22.71874418258667,6.173370540142057,0.842
wikipedia_en,interaction,wikipedia_en,europarl,-11.606726386125187,-35.514256954193115,22.364525794982907,0.736
wikipedia_en,interaction,wikipedia_en,hackernews,4.162952580824179,-23.49692220687866,36.62062854766845,0.662
wikipedia_en,interaction,wikipedia_en,pubmed_abstracts,-6.948417871248887,-9.51783549785614,-4.534735679626467,1.0
wikipedia_en,interaction,wikipedia_en,uspto_backgrounds,-7.234124230397267,-9.246011567115783,-4.786563801765443,1.0
wikipedia_en,interaction,dm_mathematics,github,-1.9114156649133263,-9.931443095207214,7.191248369216919,0.61
wikipedia_en,interaction,dm_mathematics,philpapers,-65.35403502775767,-124.8115716934204,19.666427469253513,0.9339999999999999
wikipedia_en,interaction,dm_mathematics,stackexchange,-1.0522385332732982,-8.347112655639648,7.108756268024443,0.5660000000000001
wikipedia_en,interaction,dm_mathematics,enron_emails,107.99223657421297,-172.27871627807616,240.46741981506347,0.764
wikipedia_en,interaction,dm_mathematics,gutenberg_pg_19,-7.729806186132296,-17.387091588974,4.207808768749236,0.896
wikipedia_en,interaction,dm_mathematics,pile_cc,-3.3700623770313527,-10.608441734313965,5.677997505664824,0.732
wikipedia_en,interaction,dm_mathematics,ubuntu_irc,1.0779614460793208,-19.74112820625305,27.03068180084228,0.612
wikipedia_en,interaction,dm_mathematics,europarl,-4.507719259931727,-49.34980630874634,41.02682590484618,0.52
wikipedia_en,interaction,dm_mathematics,hackernews,-0.047750466863283755,-38.89938220977783,45.18058032989501,0.518
wikipedia_en,interaction,dm_mathematics,pubmed_abstracts,0.7870251007314487,-8.11044465303421,11.975830531120295,0.644
wikipedia_en,interaction,dm_mathematics,uspto_backgrounds,-0.3946639843159994,-8.384715747833251,10.792716574668882,0.548
wikipedia_en,interaction,github,philpapers,-47.941222986684494,-88.70714092254639,24.65264682769773,0.866
wikipedia_en,interaction,github,stackexchange,-1.5574185972382,-2.7614836275577543,-0.02304134247824608,0.98
wikipedia_en,interaction,github,enron_emails,87.96575178587364,-15.94332134723663,131.93145904541015,0.944
wikipedia_en,interaction,github,gutenberg_pg_19,-0.5150578673717883,-5.331163442134857,2.6730138778686507,0.6779999999999999
wikipedia_en,interaction,github,pile_cc,-1.9875793940655475,-2.8343028903007506,-1.037136396765709,1.0
wikipedia_en,interaction,github,ubuntu_irc,3.165974940054422,-14.524537777900695,17.326730251312252,0.612
wikipedia_en,interaction,github,europarl,-5.559832432252587,-31.085339307785034,23.632381296157824,0.604
wikipedia_en,interaction,github,hackernews,7.414122418273721,-18.243530893325804,37.37252502441405,0.682
wikipedia_en,interaction,github,pubmed_abstracts,0.12206160281123757,-2.2513144314289093,2.61788898706436,0.606
wikipedia_en,interaction,github,uspto_backgrounds,-0.47256336417895245,-2.1816300749778748,1.952584269642827,0.508
wikipedia_en,interaction,philpapers,stackexchange,-27.45185312736795,-65.17151584625245,37.89769620895382,0.63
wikipedia_en,interaction,philpapers,enron_emails,-169.86954188390607,-636.0107299804687,656.879257202148,0.612
wikipedia_en,interaction,philpapers,gutenberg_pg_19,-28.416093776293298,-70.4408826828003,42.69679880142209,0.608
wikipedia_en,interaction,philpapers,pile_cc,-32.65335050631903,-71.51313705444336,33.7993713378906,0.704
wikipedia_en,interaction,philpapers,ubuntu_irc,-72.31844324002172,-150.23719482421876,65.2436418533325,0.836
wikipedia_en,interaction,philpapers,europarl,-138.16453550714022,-288.5045967102051,36.16053533554063,0.95
wikipedia_en,interaction,philpapers,hackernews,-33.68211734067685,-175.4208740234375,142.31831436157225,0.596
wikipedia_en,interaction,philpapers,pubmed_abstracts,-58.64269037679445,-103.71191387176513,14.243646526336642,0.942
wikipedia_en,interaction,philpapers,uspto_backgrounds,-55.04616594621199,-96.51673908233643,20.32988305091854,0.894
wikipedia_en,interaction,stackexchange,enron_emails,72.07778546687925,-42.059899139404294,114.63818664550774,0.806
wikipedia_en,interaction,stackexchange,gutenberg_pg_19,-2.4891953879949047,-6.741365373134613,0.1979726374149321,0.958
wikipedia_en,interaction,stackexchange,pile_cc,-2.184938666453484,-3.064762204885483,-1.3495451718568807,1.0
wikipedia_en,interaction,stackexchange,ubuntu_irc,0.7541589676773689,-16.660302448272706,13.238647508621211,0.524
wikipedia_en,interaction,stackexchange,europarl,-5.225656074589738,-28.049144840240476,22.508181715011577,0.598
wikipedia_en,interaction,stackexchange,hackernews,8.489872658536607,-17.218318557739256,39.45171070098875,0.724
wikipedia_en,interaction,stackexchange,pubmed_abstracts,-0.5488233540117331,-2.630602687597275,2.765708547830579,0.534
wikipedia_en,interaction,stackexchange,uspto_backgrounds,-1.4432847394602983,-3.4396421432495115,0.526679071784019,0.918
wikipedia_en,interaction,enron_emails,gutenberg_pg_19,70.78928780247,-54.778869724273676,125.41395435333247,0.802
wikipedia_en,interaction,enron_emails,pile_cc,60.959040295457385,-41.70631303787231,91.44019184112544,0.788
wikipedia_en,interaction,enron_emails,ubuntu_irc,175.4771068950588,-58.082260227203356,362.01918869018544,0.932
wikipedia_en,interaction,enron_emails,europarl,-21.78018959313134,-297.0529411315918,228.99055900573725,0.6619999999999999
wikipedia_en,interaction,enron_emails,hackernews,35.86783969548525,-434.93897018432614,236.6150794982909,0.62
wikipedia_en,interaction,enron_emails,pubmed_abstracts,53.43038703437918,-53.90735168457031,86.56234798431396,0.71
wikipedia_en,interaction,enron_emails,uspto_backgrounds,79.8008045014171,-47.31091880798339,128.91218948364255,0.866
wikipedia_en,interaction,gutenberg_pg_19,pile_cc,-1.9684030760030318,-5.443191409111023,1.2129372358322135,0.912
wikipedia_en,interaction,gutenberg_pg_19,ubuntu_irc,6.036865108828535,-12.26906898021698,20.65911765098571,0.716
wikipedia_en,interaction,gutenberg_pg_19,europarl,0.498113065978469,-28.37182641029358,27.236267805099477,0.542
wikipedia_en,interaction,gutenberg_pg_19,hackernews,2.2623635398739546,-26.023978900909423,37.082491016387934,0.598
wikipedia_en,interaction,gutenberg_pg_19,pubmed_abstracts,0.20533118750365795,-4.368477296829224,5.158638846874236,0.546
wikipedia_en,interaction,gutenberg_pg_19,uspto_backgrounds,-1.946340403381003,-6.59649703502655,2.105744898319242,0.848
wikipedia_en,interaction,pile_cc,ubuntu_irc,2.5182500774933865,-12.447122359275818,12.766917252540587,0.582
wikipedia_en,interaction,pile_cc,europarl,-6.723235323730068,-29.96632409095764,23.138222026824945,0.642
wikipedia_en,interaction,pile_cc,hackernews,5.308777650551384,-19.85714211463928,33.45767736434934,0.674
wikipedia_en,interaction,pile_cc,pubmed_abstracts,-0.9363439551557089,-2.2569993317127226,1.6104844182729712,0.704
wikipedia_en,interaction,pile_cc,uspto_backgrounds,-1.9302920488461635,-3.175356024503708,-0.3713676780462266,0.994
wikipedia_en,interaction,ubuntu_irc,europarl,-7.373080032901041,-56.98073558807373,33.053727722167956,0.6779999999999999
wikipedia_en,interaction,ubuntu_irc,hackernews,0.21781633004849418,-47.94293050765991,55.0131890296936,0.512
wikipedia_en,interaction,ubuntu_irc,pubmed_abstracts,4.454833006998738,-12.961599159240722,17.095814275741574,0.66
wikipedia_en,interaction,ubuntu_irc,uspto_backgrounds,-0.21417671985479705,-18.59007077217102,12.605799484252925,0.5880000000000001
wikipedia_en,interaction,europarl,hackernews,-26.922567728484445,-77.01137008666993,53.27721652984617,0.752
wikipedia_en,interaction,europarl,pubmed_abstracts,-7.502617852132561,-34.00804777145385,21.95928626060478,0.6799999999999999
wikipedia_en,interaction,europarl,uspto_backgrounds,-7.125920413864484,-31.9214684009552,20.808269453048705,0.626
wikipedia_en,interaction,hackernews,pubmed_abstracts,4.036237661259429,-22.347216367721558,36.5066331863403,0.608
wikipedia_en,interaction,hackernews,uspto_backgrounds,-0.18515211329406364,-28.1765465259552,31.707596349716137,0.518
wikipedia_en,interaction,pubmed_abstracts,uspto_backgrounds,0.8321086110153774,-0.8610075116157532,4.25342127084732,0.902
dm_mathematics,interaction,arxiv,freelaw,-4.673022408654825,-8.398156905174256,0.588727895915508,0.954
dm_mathematics,interaction,arxiv,nih_exporter,-182.87295910681266,-402.38247604370116,59.39993562698355,0.916
dm_mathematics,interaction,arxiv,pubmed_central,-0.8198626207461546,-5.554149854183197,3.5836947619914934,0.5700000000000001
dm_mathematics,interaction,arxiv,wikipedia_en,-3.2097613292664735,-10.199724388122558,2.7672010064125048,0.836
dm_mathematics,interaction,arxiv,dm_mathematics,-213.94405795147745,-264.9455337524414,-179.73094635009767,1.0
dm_mathematics,interaction,arxiv,github,-3.894447334936794,-10.453661561012268,4.564775323867795,0.844
dm_mathematics,interaction,arxiv,philpapers,-60.171899235503766,-317.292440032959,185.5437179565428,0.622
dm_mathematics,interaction,arxiv,stackexchange,-5.7168481448481305,-10.806799221038819,-0.10497157871723425,0.978
dm_mathematics,interaction,arxiv,enron_emails,-308.94134123080244,-586.7429092407226,121.54769477844218,0.882
dm_mathematics,interaction,arxiv,gutenberg_pg_19,-6.994277583902305,-23.052708196640015,8.929836416244502,0.852
dm_mathematics,interaction,arxiv,pile_cc,-4.432132500789462,-10.454502177238464,0.43981634676456294,0.968
dm_mathematics,interaction,arxiv,ubuntu_irc,-91.44206500440717,-170.85811386108398,-28.81368165016175,0.998
dm_mathematics,interaction,arxiv,europarl,114.64247799810373,-30.465284013748168,247.4596305847168,0.934
dm_mathematics,interaction,arxiv,hackernews,-17.29989517420677,-172.60916557312012,127.71454410552974,0.552
dm_mathematics,interaction,arxiv,pubmed_abstracts,4.689213395537892,-2.932948052883148,12.860238909721373,0.884
dm_mathematics,interaction,arxiv,uspto_backgrounds,-3.931266373097612,-13.041366410255431,3.335751169919966,0.806
dm_mathematics,interaction,freelaw,nih_exporter,-213.18325629738757,-435.2985015869141,19.112849664687985,0.96
dm_mathematics,interaction,freelaw,pubmed_central,-3.404294458576953,-8.765824031829833,2.591985356807707,0.882
dm_mathematics,interaction,freelaw,wikipedia_en,-4.301903720511436,-15.733512926101685,3.8105940341949416,0.89
dm_mathematics,interaction,freelaw,dm_mathematics,-212.98623054238683,-262.7488265991211,-181.3192237854004,1.0
dm_mathematics,interaction,freelaw,github,0.8477809195872873,-3.0834750831127167,6.138782191276547,0.698
dm_mathematics,interaction,freelaw,philpapers,-32.77741921699399,-234.8616241455078,242.32069625854484,0.552
dm_mathematics,interaction,freelaw,stackexchange,-1.0246318364021814,-5.706034016609192,5.917105841636657,0.53
dm_mathematics,interaction,freelaw,enron_emails,-69.79776886182897,-396.000553894043,539.6793823242188,0.606
dm_mathematics,interaction,freelaw,gutenberg_pg_19,-18.114656891137567,-36.46145505905152,-1.2014308363199269,0.988
dm_mathematics,interaction,freelaw,pile_cc,-2.0715813191686974,-11.578910183906554,5.437489855289449,0.722
dm_mathematics,interaction,freelaw,ubuntu_irc,-93.3956871548871,-177.17997207641602,-29.88099155426026,1.0
dm_mathematics,interaction,freelaw,europarl,100.53673303628325,-46.26675281524658,234.34898872375487,0.902
dm_mathematics,interaction,freelaw,hackernews,-14.25510967806788,-157.4329708099365,123.95447025299065,0.544
dm_mathematics,interaction,freelaw,pubmed_abstracts,1.2413639075925662,-8.496980881690979,9.990250563621519,0.608
dm_mathematics,interaction,freelaw,uspto_backgrounds,-6.982653368439097,-16.856527709960936,1.808581930398939,0.946
dm_mathematics,interaction,nih_exporter,pubmed_central,-188.78470323103878,-419.2599281311035,39.3767757415771,0.9339999999999999
dm_mathematics,interaction,nih_exporter,wikipedia_en,-151.87453489189303,-377.1552108764648,96.13537673950167,0.882
dm_mathematics,interaction,nih_exporter,dm_mathematics,-522.0222710125861,-864.2386505126954,-154.03063240051284,1.0
dm_mathematics,interaction,nih_exporter,github,-215.82512792552333,-484.53646697998045,5.302993714809327,0.972
dm_mathematics,interaction,nih_exporter,philpapers,-99.05521164726719,-1429.3945526123048,1791.0682495117173,0.59
dm_mathematics,interaction,nih_exporter,stackexchange,-256.5751325086295,-473.76219787597654,8.108542060852027,0.97
dm_mathematics,interaction,nih_exporter,enron_emails,895.7042305277806,-2858.3993286132813,4900.080346679685,0.728
dm_mathematics,interaction,nih_exporter,gutenberg_pg_19,-44.08235326604019,-359.25143508911134,228.82027091979967,0.6679999999999999
dm_mathematics,interaction,nih_exporter,pile_cc,-189.05940793591824,-403.1573318481445,58.09008779525754,0.922
dm_mathematics,interaction,nih_exporter,ubuntu_irc,-683.8557732321049,-1158.6314880371094,-215.76930656433123,0.998
dm_mathematics,interaction,nih_exporter,europarl,71.71013339297558,-694.4616638183594,809.9735702514646,0.574
dm_mathematics,interaction,nih_exporter,hackernews,-265.4532583327864,-747.7009933471679,376.81004714965803,0.758
dm_mathematics,interaction,nih_exporter,pubmed_abstracts,-225.6658805151019,-411.5332969665527,45.5382987976073,0.9319999999999999
dm_mathematics,interaction,nih_exporter,uspto_backgrounds,-245.93577970670697,-458.8017303466797,9.060737109184249,0.964
dm_mathematics,interaction,pubmed_central,wikipedia_en,-4.572625549857095,-13.170195817947388,2.9455798029899567,0.868
dm_mathematics,interaction,pubmed_central,dm_mathematics,-214.0166067306721,-271.8273666381836,-181.08511123657226,1.0
dm_mathematics,interaction,pubmed_central,github,0.389196200520798,-4.691275095939636,5.526021790504455,0.682
dm_mathematics,interaction,pubmed_central,philpapers,3.6148376911712417,-234.3870891571045,291.1355461120605,0.61
dm_mathematics,interaction,pubmed_central,stackexchange,-5.74509536602186,-10.186103177070617,-0.4121063858270669,0.982
dm_mathematics,interaction,pubmed_central,enron_emails,-160.72981805383634,-403.27668685913085,286.7396705627441,0.612
dm_mathematics,interaction,pubmed_central,gutenberg_pg_19,-11.933797291821609,-30.645371627807616,8.065557956695546,0.876
dm_mathematics,interaction,pubmed_central,pile_cc,0.7189579735735931,-3.9079299867153168,5.23195832967758,0.732
dm_mathematics,interaction,pubmed_central,ubuntu_irc,-81.67032194976997,-163.02323799133302,-18.49821634292604,0.99
dm_mathematics,interaction,pubmed_central,europarl,93.79916151418638,-47.501854705810544,223.39378852844234,0.898
dm_mathematics,interaction,pubmed_central,hackernews,-27.26169912085801,-179.20862731933593,103.8291604995726,0.616
dm_mathematics,interaction,pubmed_central,pubmed_abstracts,12.091827906908955,3.863885796070099,20.131246280670165,0.998
dm_mathematics,interaction,pubmed_central,uspto_backgrounds,-7.829764192266644,-15.520970320701599,2.6920165002345957,0.92
dm_mathematics,interaction,wikipedia_en,dm_mathematics,-214.9603477605457,-263.63494338989256,-178.00517158508305,1.0
dm_mathematics,interaction,wikipedia_en,github,-2.538409079228849,-11.670759391784667,6.372271585464473,0.742
dm_mathematics,interaction,wikipedia_en,philpapers,-72.7002360335056,-299.4384117126465,200.99271850585933,0.608
dm_mathematics,interaction,wikipedia_en,stackexchange,-9.52134457845516,-20.70684971809387,2.07555275559425,0.95
dm_mathematics,interaction,wikipedia_en,enron_emails,-255.57395459388286,-562.1521286010742,235.18559532165511,0.776
dm_mathematics,interaction,wikipedia_en,gutenberg_pg_19,-18.61780233887617,-39.64493389129639,-3.0671700954437284,0.986
dm_mathematics,interaction,wikipedia_en,pile_cc,-6.441742152836817,-13.286676096916198,1.613866782188414,0.9359999999999999
dm_mathematics,interaction,wikipedia_en,ubuntu_irc,-88.90421194309303,-170.7451416015625,-26.292393398284915,0.994
dm_mathematics,interaction,wikipedia_en,europarl,110.170960602102,-40.76562061309814,245.2163173675537,0.92
dm_mathematics,interaction,wikipedia_en,hackernews,-37.6356972774213,-225.04213066101073,95.30331859588621,0.6759999999999999
dm_mathematics,interaction,wikipedia_en,pubmed_abstracts,-4.198191000503938,-17.92269163131714,6.434542393684384,0.744
dm_mathematics,interaction,wikipedia_en,uspto_backgrounds,-5.528973230999804,-15.789974069595337,3.1917349815368534,0.908
dm_mathematics,interaction,dm_mathematics,github,-204.70337594817255,-252.19039993286134,-176.0828666687012,1.0
dm_mathematics,interaction,dm_mathematics,philpapers,-128.93140237401872,-501.65988845825194,242.51519622802724,0.696
dm_mathematics,interaction,dm_mathematics,stackexchange,-199.472548386997,-242.1532299041748,-170.30594329833986,1.0
dm_mathematics,interaction,dm_mathematics,enron_emails,-719.8768584528985,-1720.3408142089843,101.20811691284143,0.95
dm_mathematics,interaction,dm_mathematics,gutenberg_pg_19,-220.17748213352894,-275.02308959960936,-179.81392517089847,1.0
dm_mathematics,interaction,dm_mathematics,pile_cc,-210.97183899972197,-258.80933380126953,-183.66566162109376,1.0
dm_mathematics,interaction,dm_mathematics,ubuntu_irc,-239.45686837025724,-371.86058502197267,-138.68970298767093,1.0
dm_mathematics,interaction,dm_mathematics,europarl,-158.65208332222815,-367.0624801635742,17.055559492111193,0.946
dm_mathematics,interaction,dm_mathematics,hackernews,-139.24229713428977,-328.23757858276366,105.54747352600097,0.874
dm_mathematics,interaction,dm_mathematics,pubmed_abstracts,-206.1741685203727,-263.1270622253418,-172.8745315551758,1.0
dm_mathematics,interaction,dm_mathematics,uspto_backgrounds,-221.85100817897307,-275.52673187255857,-184.9669139862061,1.0
dm_mathematics,interaction,github,philpapers,-54.21380811260657,-266.6526168823242,195.41423110961898,0.5680000000000001
dm_mathematics,interaction,github,stackexchange,2.2770380739131926,-2.1634627103805544,7.673439621925353,0.874
dm_mathematics,interaction,github,enron_emails,-214.60524630698976,-485.41277236938475,206.2494342803952,0.744
dm_mathematics,interaction,github,gutenberg_pg_19,-14.711310005622419,-29.953484773635864,-1.501776167750364,0.984
dm_mathematics,interaction,github,pile_cc,3.2566640744712863,-0.8239179268479347,7.479506397247314,0.944
dm_mathematics,interaction,github,ubuntu_irc,-94.81104092349159,-173.98144187927247,-34.11743259429933,1.0
dm_mathematics,interaction,github,europarl,108.34598182972951,-34.703547096252436,236.7009517669677,0.926
dm_mathematics,interaction,github,hackernews,-33.34158117196507,-191.50347671508788,116.68999309539794,0.638
dm_mathematics,interaction,github,pubmed_abstracts,-4.215851340885811,-12.219795870780946,6.041089725494383,0.802
dm_mathematics,interaction,github,uspto_backgrounds,-1.6660630798711704,-9.384374427795409,5.264564311504356,0.65
dm_mathematics,interaction,philpapers,stackexchange,-51.047894357646875,-247.3840263366699,216.0024013519287,0.532
dm_mathematics,interaction,philpapers,enron_emails,53.7162906756944,-2527.213623046875,3913.4499999999985,0.688
dm_mathematics,interaction,philpapers,gutenberg_pg_19,-12.297771497119209,-220.27174224853516,303.378515625,0.598
dm_mathematics,interaction,philpapers,pile_cc,-50.90081776170194,-278.5818954467773,217.4137706756591,0.558
dm_mathematics,interaction,philpapers,ubuntu_irc,-40.6759319012066,-484.1439704895019,705.059335327148,0.626
dm_mathematics,interaction,philpapers,europarl,-339.90509254879925,-1151.9906433105468,328.6816085815428,0.8
dm_mathematics,interaction,philpapers,hackernews,-354.91750301369575,-1173.262399291992,540.9321914672851,0.716
dm_mathematics,interaction,philpapers,pubmed_abstracts,-12.650924169857925,-266.134415435791,278.4446487426758,0.524
dm_mathematics,interaction,philpapers,uspto_backgrounds,-121.65816787764433,-369.6264839172363,163.06217689514156,0.73
dm_mathematics,interaction,stackexchange,enron_emails,-251.15893920481216,-577.0006866455078,218.97785568237288,0.778
dm_mathematics,interaction,stackexchange,gutenberg_pg_19,-3.4850795709790123,-18.484012651443482,13.083738040924072,0.694
dm_mathematics,interaction,stackexchange,pile_cc,-3.8679058011908825,-8.760632014274597,1.7008544027805323,0.938
dm_mathematics,interaction,stackexchange,ubuntu_irc,-91.1493966845734,-166.37059440612794,-26.371266794204736,1.0
dm_mathematics,interaction,stackexchange,europarl,109.68811854541693,-30.410645008087155,238.7750156402588,0.928
dm_mathematics,interaction,stackexchange,hackernews,-24.399043637359803,-184.87644691467284,111.65689125061026,0.636
dm_mathematics,interaction,stackexchange,pubmed_abstracts,6.264130612548384,-4.5550993323326106,16.56703453063965,0.87
dm_mathematics,interaction,stackexchange,uspto_backgrounds,0.4916051506725016,-8.392773032188416,9.355832505226136,0.566
dm_mathematics,interaction,enron_emails,gutenberg_pg_19,-178.93729342470266,-583.2732513427734,350.47555084228475,0.742
dm_mathematics,interaction,enron_emails,pile_cc,-290.65104975035615,-529.9798568725586,183.17760238647452,0.864
dm_mathematics,interaction,enron_emails,ubuntu_irc,-507.8274809442029,-1540.634649658203,599.5217880249007,0.8260000000000001
dm_mathematics,interaction,enron_emails,europarl,-477.14045085629965,-1508.8438385009765,784.9546981811521,0.734
dm_mathematics,interaction,enron_emails,hackernews,-198.3410469363303,-1421.071206665039,2633.0515624999994,0.542
dm_mathematics,interaction,enron_emails,pubmed_abstracts,-131.64865099570466,-395.02493515014646,380.0771072387695,0.556
dm_mathematics,interaction,enron_emails,uspto_backgrounds,-358.2417893758584,-666.920637512207,113.51216640472406,0.882
dm_mathematics,interaction,gutenberg_pg_19,pile_cc,-6.191966332757319,-22.429741525650023,8.597789788246153,0.8140000000000001
dm_mathematics,interaction,gutenberg_pg_19,ubuntu_irc,-107.48933573637986,-196.11368827819825,-17.25883708000188,0.994
dm_mathematics,interaction,gutenberg_pg_19,europarl,74.23714389450932,-90.09486293792725,205.3479396820068,0.788
dm_mathematics,interaction,gutenberg_pg_19,hackernews,-29.447881303632997,-219.7888229370117,118.55889835357662,0.696
dm_mathematics,interaction,gutenberg_pg_19,pubmed_abstracts,-7.757724915850043,-31.355355262756348,10.194422364234924,0.846
dm_mathematics,interaction,gutenberg_pg_19,uspto_backgrounds,-14.917974183320235,-35.92086515426636,2.3909386426210224,0.958
dm_mathematics,interaction,pile_cc,ubuntu_irc,-82.59004627268114,-157.60711593627929,-22.3493474006653,0.996
dm_mathematics,interaction,pile_cc,europarl,105.52872399778423,-17.213832592964167,232.6972946166992,0.948
dm_mathematics,interaction,pile_cc,hackernews,-20.925065572963778,-173.9061393737793,121.06568012237543,0.594
dm_mathematics,interaction,pile_cc,pubmed_abstracts,8.622424455830593,-1.6022433996200562,18.231068229675284,0.942
dm_mathematics,interaction,pile_cc,uspto_backgrounds,-5.422893916720887,-13.44300684928894,1.5862878650426786,0.928
dm_mathematics,interaction,ubuntu_irc,europarl,27.583793212478206,-226.80027046203614,253.43273239135706,0.52
dm_mathematics,interaction,ubuntu_irc,hackernews,37.98982071948222,-240.63501892089843,327.5803878784176,0.638
dm_mathematics,interaction,ubuntu_irc,pubmed_abstracts,-86.25481231250377,-167.93232650756835,-19.995627927780156,0.996
dm_mathematics,interaction,ubuntu_irc,uspto_backgrounds,-96.96923589184733,-178.55553550720214,-31.600546884536747,0.998
dm_mathematics,interaction,europarl,hackernews,84.20356556583208,-212.17705612182615,457.2996871948242,0.786
dm_mathematics,interaction,europarl,pubmed_abstracts,106.80935382405261,-21.012336158752436,237.00851745605456,0.934
dm_mathematics,interaction,europarl,uspto_backgrounds,79.1977772665407,-73.6356252670288,222.06505165100097,0.844
dm_mathematics,interaction,hackernews,pubmed_abstracts,-8.393165600442126,-173.8995792388916,135.30902557373042,0.504
dm_mathematics,interaction,hackernews,uspto_backgrounds,-32.20888469442583,-195.41318435668944,110.10086021423331,0.632
dm_mathematics,interaction,pubmed_abstracts,uspto_backgrounds,3.3151629277206203,-10.509993004798888,12.677005195617673,0.626
github,interaction,arxiv,freelaw,-0.8015824140238821,-4.052066838741302,2.1404370784759523,0.698
github,interaction,arxiv,nih_exporter,-75.35293880133133,-198.47254333496093,65.32979488372798,0.83
github,interaction,arxiv,pubmed_central,-3.752566489123813,-6.124594295024871,-0.9083443880081207,0.998
github,interaction,arxiv,wikipedia_en,-2.398978514273277,-6.303247416019439,1.6613833844661698,0.838
github,interaction,arxiv,dm_mathematics,5.003735401025976,-22.86962299346924,28.393691158294676,0.586
github,interaction,arxiv,github,-9.746040923536148,-14.574877071380614,-6.528461015224457,1.0
github,interaction,arxiv,philpapers,104.68043155861633,-37.178765487670894,208.19736480712885,0.91
github,interaction,arxiv,stackexchange,-4.846015103241111,-7.218225812911987,-2.3698646247386934,0.998
github,interaction,arxiv,enron_emails,-19.99991663895758,-204.8464714050293,160.73171577453607,0.524
github,interaction,arxiv,gutenberg_pg_19,-4.448346898654484,-17.234887838363647,4.284627616405486,0.876
github,interaction,arxiv,pile_cc,-2.3238254718171327,-5.369178831577301,0.8344044566154478,0.912
github,interaction,arxiv,ubuntu_irc,-28.739771457010928,-60.13109884262085,10.676461148262012,0.902
github,interaction,arxiv,europarl,0.6841786668916832,-72.13646755218505,54.40293521881103,0.526
github,interaction,arxiv,hackernews,3.4397991636604837,-71.42085838317871,67.8046510696411,0.55
github,interaction,arxiv,pubmed_abstracts,-3.0667041510467716,-7.813895380496978,2.165082031488416,0.878
github,interaction,arxiv,uspto_backgrounds,-7.641141600646483,-12.413546872138976,-1.8940088808536604,1.0
github,interaction,freelaw,nih_exporter,-65.55104287539501,-196.30702476501466,82.70200748443588,0.768
github,interaction,freelaw,pubmed_central,-1.4430877926897778,-4.8170866608619685,1.9956008613109586,0.8
github,interaction,freelaw,wikipedia_en,-4.895751067336451,-10.193548274040221,1.0241700828075386,0.954
github,interaction,freelaw,dm_mathematics,-3.6832867251307633,-32.56852626800537,18.87445635795593,0.6739999999999999
github,interaction,freelaw,github,-8.608329530278937,-12.29512071609497,-5.806266987323761,1.0
github,interaction,freelaw,philpapers,96.7640726147735,-53.34322490692138,224.23190689086888,0.898
github,interaction,freelaw,stackexchange,-8.34329064034366,-12.587121295928956,-5.406098473072054,1.0
github,interaction,freelaw,enron_emails,-38.27339385910952,-346.50135345458983,193.0875690460204,0.638
github,interaction,freelaw,gutenberg_pg_19,-6.460856789719704,-15.80084536075592,2.699036461114876,0.91
github,interaction,freelaw,pile_cc,-2.098067360155583,-7.042800545692444,1.9301001876592614,0.8260000000000001
github,interaction,freelaw,ubuntu_irc,-21.18694476471598,-53.87010698318481,20.01627912521362,0.8240000000000001
github,interaction,freelaw,europarl,5.741118212494195,-65.70929698944092,61.29212989807129,0.538
github,interaction,freelaw,hackernews,1.1564979634106711,-72.54392986297607,65.90588645935054,0.5780000000000001
github,interaction,freelaw,pubmed_abstracts,-0.8803862954070699,-7.2744985818862915,4.111379778385162,0.636
github,interaction,freelaw,uspto_backgrounds,-7.187295709592328,-10.977694702148437,-1.6410369008779528,0.994
github,interaction,nih_exporter,pubmed_central,-111.23297165565828,-247.21089668273925,19.723570251464793,0.94
github,interaction,nih_exporter,wikipedia_en,-66.10556479184191,-212.40092544555662,80.32267761230469,0.748
github,interaction,nih_exporter,dm_mathematics,-96.51319537799517,-298.1549903869629,121.90723323822016,0.8220000000000001
github,interaction,nih_exporter,github,-84.96000464422364,-209.46776428222657,69.84310474395745,0.846
github,interaction,nih_exporter,philpapers,173.28284596547812,-793.1354949951171,746.4958038330075,0.534
github,interaction,nih_exporter,stackexchange,-78.49825456086279,-208.20799713134764,63.60443086624141,0.83
github,interaction,nih_exporter,enron_emails,-172.73038694476745,-1829.6559967041017,1446.4419769287108,0.5680000000000001
github,interaction,nih_exporter,gutenberg_pg_19,-28.009402680681646,-187.97766494750977,125.42967910766595,0.61
github,interaction,nih_exporter,pile_cc,-76.9302327251796,-198.69231262207032,63.067762947082485,0.838
github,interaction,nih_exporter,ubuntu_irc,-169.11230982688573,-375.03255538940425,150.42575263977037,0.872
github,interaction,nih_exporter,europarl,-199.97685814552065,-514.9131851196289,170.06773529052725,0.856
github,interaction,nih_exporter,hackernews,-25.964525448979956,-251.60805740356443,298.94051742553705,0.558
github,interaction,nih_exporter,pubmed_abstracts,-78.95953788807499,-199.3632926940918,62.283025836944574,0.834
github,interaction,nih_exporter,uspto_backgrounds,-76.86231160892486,-212.97543334960938,64.23708333969113,0.8160000000000001
github,interaction,pubmed_central,wikipedia_en,-6.586991830732941,-10.576858639717102,-1.7534897983074211,0.998
github,interaction,pubmed_central,dm_mathematics,5.336529940517058,-21.854452753067015,29.54742178916931,0.596
github,interaction,pubmed_central,github,-11.54103445165373,-15.861895823478699,-8.220836019515994,1.0
github,interaction,pubmed_central,philpapers,92.22397748731034,-47.448020458221436,202.13458404541012,0.898
github,interaction,pubmed_central,stackexchange,-5.434096786133589,-7.919578862190247,-2.8365404129028327,1.0
github,interaction,pubmed_central,enron_emails,-104.57368848900671,-257.7515563964844,82.52602462768547,0.806
github,interaction,pubmed_central,gutenberg_pg_19,-3.689117569277786,-14.020032978057861,6.122599530220031,0.794
github,interaction,pubmed_central,pile_cc,-3.1055009754952536,-6.8286113262176515,-0.09167134314775775,0.976
github,interaction,pubmed_central,ubuntu_irc,-34.37542721937265,-68.99833850860595,8.385865950584401,0.94
github,interaction,pubmed_central,europarl,0.48144909938680847,-76.2280481338501,58.99365043640131,0.536
github,interaction,pubmed_central,hackernews,-7.42009940133839,-69.16275444030762,53.84361181259151,0.6799999999999999
github,interaction,pubmed_central,pubmed_abstracts,2.4912571784750273,-2.3200744509696962,8.053198957443236,0.858
github,interaction,pubmed_central,uspto_backgrounds,-0.8109634796252951,-5.557640612125397,4.43363181352615,0.5920000000000001
github,interaction,wikipedia_en,dm_mathematics,0.30509105746444576,-27.462485980987548,24.470536708831787,0.5740000000000001
github,interaction,wikipedia_en,github,-8.530017558001862,-13.394262146949767,-4.5855820298194905,1.0
github,interaction,wikipedia_en,philpapers,83.2236616679872,-48.897209548950194,198.06783103942868,0.856
github,interaction,wikipedia_en,stackexchange,-6.457509856086118,-11.42367343902588,-0.6126056343317082,0.99
github,interaction,wikipedia_en,enron_emails,-114.75998948339502,-289.76803970336914,83.6865802764891,0.88
github,interaction,wikipedia_en,gutenberg_pg_19,-7.340150069566484,-17.452004289627077,2.757807588577263,0.92
github,interaction,wikipedia_en,pile_cc,-2.081652133998442,-5.19913010597229,3.087617880105972,0.748
github,interaction,wikipedia_en,ubuntu_irc,-27.581525842668313,-56.73690004348755,16.137375283241262,0.858
github,interaction,wikipedia_en,europarl,0.27590234066486824,-71.21295967102051,57.34894561767576,0.522
github,interaction,wikipedia_en,hackernews,8.531519358595,-64.76185550689696,69.17237243652337,0.526
github,interaction,wikipedia_en,pubmed_abstracts,-1.3559328388167409,-8.389339208602905,3.376104927062982,0.752
github,interaction,wikipedia_en,uspto_backgrounds,-5.060428723222047,-11.04591155052185,0.411948903650041,0.966
github,interaction,dm_mathematics,github,-2.274478478067632,-27.986235189437867,20.03326606750488,0.606
github,interaction,dm_mathematics,philpapers,147.08394414013307,-49.35672769546508,296.16592712402337,0.92
github,interaction,dm_mathematics,stackexchange,-3.1179030968287034,-25.72344341278076,17.235169792175288,0.6719999999999999
github,interaction,dm_mathematics,enron_emails,-13.5495184026952,-365.7405723571777,814.5156204223632,0.634
github,interaction,dm_mathematics,gutenberg_pg_19,10.692272044063847,-22.1892520904541,31.332888936996454,0.686
github,interaction,dm_mathematics,pile_cc,-2.273787080195177,-26.86002187728882,19.416929101943907,0.644
github,interaction,dm_mathematics,ubuntu_irc,-9.768578970910644,-69.61975364685058,48.01169223785399,0.616
github,interaction,dm_mathematics,europarl,4.322348634181235,-122.99620342254639,100.47996845245358,0.5780000000000001
github,interaction,dm_mathematics,hackernews,-21.492439711391803,-126.09007110595704,85.58459434509277,0.6659999999999999
github,interaction,dm_mathematics,pubmed_abstracts,-4.197750750025328,-34.86259078979492,19.263899564743035,0.7
github,interaction,dm_mathematics,uspto_backgrounds,-3.842217356468239,-30.566169023513794,21.175402212142924,0.65
github,interaction,github,philpapers,102.46553769873125,-27.030720710754387,217.7717788696289,0.932
github,interaction,github,stackexchange,-2.0169155475556173,-4.014860618114471,-0.16599299013614707,0.98
github,interaction,github,enron_emails,-58.59581127665148,-204.71111640930175,123.65018596649168,0.632
github,interaction,github,gutenberg_pg_19,-7.389997322416836,-16.15379309654236,0.10619875900446939,0.972
github,interaction,github,pile_cc,-7.102061423906479,-10.025480341911315,-5.671489095687867,1.0
github,interaction,github,ubuntu_irc,-26.997590688279843,-57.40250291824341,14.141255068778992,0.888
github,interaction,github,europarl,7.52935158251376,-64.29640007019043,64.36023902893065,0.546
github,interaction,github,hackernews,3.2735123552847076,-66.48407649993896,68.83319282531738,0.562
github,interaction,github,pubmed_abstracts,-4.614719686513663,-8.400759029388428,-1.1904141247272502,0.998
github,interaction,github,uspto_backgrounds,-8.395737559865706,-11.770813345909119,-3.770892870426178,1.0
github,interaction,philpapers,stackexchange,112.44082149774934,-21.743770885467526,222.96166152954095,0.952
github,interaction,philpapers,enron_emails,-324.7949157980758,-1582.4426239013671,1356.2134735107413,0.638
github,interaction,philpapers,gutenberg_pg_19,58.97692272989083,-89.0499282836914,203.32296257019033,0.71
github,interaction,philpapers,pile_cc,101.56018806845584,-30.198382520675658,212.2458179473877,0.92
github,interaction,philpapers,ubuntu_irc,113.28488458761984,-153.08966903686525,377.73729400634744,0.808
github,interaction,philpapers,europarl,348.1294501692868,-62.54787292480468,783.2481002807613,0.948
github,interaction,philpapers,hackernews,-17.756626273024423,-432.2233825683594,361.649916839599,0.548
github,interaction,philpapers,pubmed_abstracts,89.31515478675028,-51.06538038253784,227.5146965026855,0.89
github,interaction,philpapers,uspto_backgrounds,70.81956943939339,-67.32663269042969,208.4644149780273,0.848
github,interaction,stackexchange,enron_emails,-86.33544176985211,-272.3616401672363,95.07619667053223,0.798
github,interaction,stackexchange,gutenberg_pg_19,-4.5786058622954835,-11.242340350151062,3.957491850852958,0.862
github,interaction,stackexchange,pile_cc,-4.1581068077733345,-8.737645578384399,-2.1753140449523927,1.0
github,interaction,stackexchange,ubuntu_irc,-18.107182471469642,-48.213342094421385,24.637716102600088,0.774
github,interaction,stackexchange,europarl,5.882881824107828,-63.86115598678589,60.41845331192013,0.52
github,interaction,stackexchange,hackernews,4.545848777456243,-64.14434537887573,66.89615097045892,0.546
github,interaction,stackexchange,pubmed_abstracts,-3.0237771280125427,-8.052385878562927,1.4224249511957165,0.89
github,interaction,stackexchange,uspto_backgrounds,-7.023680207944138,-11.042982482910157,-2.2208055675029756,0.998
github,interaction,enron_emails,gutenberg_pg_19,-47.25181963117188,-258.21739234924314,180.8764381408691,0.63
github,interaction,enron_emails,pile_cc,-102.99053119343482,-247.5941360473633,77.68467941284159,0.836
github,interaction,enron_emails,ubuntu_irc,-131.90246717070278,-608.1713912963867,346.26605758666955,0.738
github,interaction,enron_emails,europarl,-487.47145331813266,-1197.0418426513672,217.13792572021413,0.908
github,interaction,enron_emails,hackernews,159.50340144138247,-835.8530227661133,1040.845965576172,0.668
github,interaction,enron_emails,pubmed_abstracts,-102.48032368669999,-283.83750686645504,86.52138996124265,0.842
github,interaction,enron_emails,uspto_backgrounds,-142.54865693236272,-338.77483901977536,69.9817026138305,0.892
github,interaction,gutenberg_pg_19,pile_cc,0.9771540294138208,-7.608655321598053,8.663049626350391,0.544
github,interaction,gutenberg_pg_19,ubuntu_irc,-29.665261247539476,-70.59063892364502,17.172570085525475,0.878
github,interaction,gutenberg_pg_19,europarl,18.653446794218933,-58.91643896102905,84.74835491180419,0.692
github,interaction,gutenberg_pg_19,hackernews,13.047310686242415,-82.50848236083985,88.58403911590575,0.534
github,interaction,gutenberg_pg_19,pubmed_abstracts,-0.23361084514486816,-12.44149236679077,8.412344408035276,0.5640000000000001
github,interaction,gutenberg_pg_19,uspto_backgrounds,-1.0085005358085546,-12.579628562927246,8.989184141159052,0.618
github,interaction,pile_cc,ubuntu_irc,-21.191153096764765,-50.78397283554077,16.85870466232297,0.836
github,interaction,pile_cc,europarl,3.6662761520753198,-62.89289865493774,57.932192516326886,0.512
github,interaction,pile_cc,hackernews,2.637407129342828,-64.29928197860718,56.10951290130612,0.5680000000000001
github,interaction,pile_cc,pubmed_abstracts,-0.8307568678198112,-6.486664199829102,4.12788963913917,0.602
github,interaction,pile_cc,uspto_backgrounds,-3.311340633759717,-7.094434547424316,1.1372986584901779,0.91
github,interaction,ubuntu_irc,europarl,-4.6237182972989705,-101.75311641693115,117.45888271331775,0.518
github,interaction,ubuntu_irc,hackernews,-18.44270153747018,-145.6765563964844,105.03196067810052,0.73
github,interaction,ubuntu_irc,pubmed_abstracts,-25.646788197282405,-59.462842750549314,20.779862070083617,0.852
github,interaction,ubuntu_irc,uspto_backgrounds,-31.364560581524753,-63.972239875793456,9.249883532524095,0.9339999999999999
github,interaction,europarl,hackernews,-17.662355834973432,-208.57147407531738,104.64416675567615,0.688
github,interaction,europarl,pubmed_abstracts,16.912890214462223,-49.89662237167359,80.52116127014159,0.704
github,interaction,europarl,uspto_backgrounds,2.102530618220322,-76.44420356750489,57.89422435760496,0.55
github,interaction,hackernews,pubmed_abstracts,1.8429210912364944,-71.69369220733643,62.833018684387106,0.604
github,interaction,hackernews,uspto_backgrounds,7.499203414282591,-57.825414943695066,67.43113555908201,0.504
github,interaction,pubmed_abstracts,uspto_backgrounds,-5.052521797287466,-11.297142839431762,0.47128319293260346,0.958
stackexchange,interaction,arxiv,freelaw,-0.40829360850913093,-2.606524246931076,1.4404897660017009,0.624
stackexchange,interaction,arxiv,nih_exporter,-102.67720813974603,-192.25219039916993,16.88892254829403,0.9359999999999999
stackexchange,interaction,arxiv,pubmed_central,-2.2627773242938782,-3.90161971449852,-0.2818773865699772,0.992
stackexchange,interaction,arxiv,wikipedia_en,-2.0146719884238595,-4.858702492713928,1.0246930181980132,0.856
stackexchange,interaction,arxiv,dm_mathematics,5.022475184590021,-16.19341902732849,17.922742843627926,0.596
stackexchange,interaction,arxiv,github,-4.858196833549832,-7.276069569587707,-2.881657356023789,1.0
stackexchange,interaction,arxiv,philpapers,76.80437774954724,-15.262945961952209,147.27981109619137,0.944
stackexchange,interaction,arxiv,stackexchange,-6.101041045085997,-8.101517605781556,-3.86264427304268,1.0
stackexchange,interaction,arxiv,enron_emails,-94.33033653812888,-170.0473533630371,89.50824584960937,0.774
stackexchange,interaction,arxiv,gutenberg_pg_19,-5.473677634649465,-12.930222177505494,0.6506358653306932,0.954
stackexchange,interaction,arxiv,pile_cc,-2.64528689929851,-4.470521032810211,-0.4377582922577859,0.99
stackexchange,interaction,arxiv,ubuntu_irc,-26.268681007593962,-49.86427698135376,-3.1766518533229866,0.99
stackexchange,interaction,arxiv,europarl,-13.275844386458763,-52.8991777420044,37.67286968231198,0.646
stackexchange,interaction,arxiv,hackernews,-33.00374278860214,-75.13820552825928,13.533213210105892,0.926
stackexchange,interaction,arxiv,pubmed_abstracts,-3.097746068950506,-6.3140376329422,0.7691973239183415,0.948
stackexchange,interaction,arxiv,uspto_backgrounds,-5.190624698376032,-7.843272614479065,-1.4052487790584574,0.998
stackexchange,interaction,freelaw,nih_exporter,-104.00454877372322,-192.15724449157713,27.948769569396905,0.94
stackexchange,interaction,freelaw,pubmed_central,-1.309313901285598,-4.005929923057556,1.6070755571126927,0.808
stackexchange,interaction,freelaw,wikipedia_en,-3.037251718410077,-7.2910460233688354,0.7711072027683246,0.916
stackexchange,interaction,freelaw,dm_mathematics,-2.202934223867831,-23.295166540145875,11.852115154266345,0.718
stackexchange,interaction,freelaw,github,-3.953032640734926,-5.843321967124939,-2.2639463901519776,1.0
stackexchange,interaction,freelaw,philpapers,69.40903584115311,-24.248993587493896,141.80501441955565,0.906
stackexchange,interaction,freelaw,stackexchange,-9.80107801111665,-13.5780513048172,-6.782928550243378,1.0
stackexchange,interaction,freelaw,enron_emails,-58.114162369310364,-233.3876277923584,143.5685897827148,0.5740000000000001
stackexchange,interaction,freelaw,gutenberg_pg_19,-4.376134898365872,-10.467257046699524,2.496275436878201,0.89
stackexchange,interaction,freelaw,pile_cc,-2.262382868224898,-5.897003626823425,0.5867801696062084,0.9299999999999999
stackexchange,interaction,freelaw,ubuntu_irc,-16.499671106145865,-38.964633274078366,6.962627100944513,0.904
stackexchange,interaction,freelaw,europarl,-16.417795403557214,-51.51168689727783,28.356716680526727,0.728
stackexchange,interaction,freelaw,hackernews,-26.629066328858737,-70.22388458251953,18.378464317321775,0.872
stackexchange,interaction,freelaw,pubmed_abstracts,-1.7446763352315904,-7.0174839973449705,2.621794843673704,0.8
stackexchange,interaction,freelaw,uspto_backgrounds,-4.771006717911141,-7.985859322547912,-1.7006490409374244,0.998
stackexchange,interaction,nih_exporter,pubmed_central,-125.90016764757159,-215.25278015136718,-9.438073039054913,0.986
stackexchange,interaction,nih_exporter,wikipedia_en,-91.13782611991016,-186.23345413208008,40.23160181045532,0.878
stackexchange,interaction,nih_exporter,dm_mathematics,-104.02196466560434,-268.2856803894043,50.15497503280638,0.91
stackexchange,interaction,nih_exporter,github,-100.50915787067751,-189.88526420593263,24.423795366287205,0.9339999999999999
stackexchange,interaction,nih_exporter,philpapers,159.50141808642584,-442.86156616210934,569.1528244018555,0.668
stackexchange,interaction,nih_exporter,stackexchange,-98.5481903520101,-190.15865325927734,24.27643914222717,0.926
stackexchange,interaction,nih_exporter,enron_emails,-298.3367957194827,-1594.2578796386717,924.261143493652,0.642
stackexchange,interaction,nih_exporter,gutenberg_pg_19,-60.1287229754935,-164.801167678833,67.35161991119381,0.768
stackexchange,interaction,nih_exporter,pile_cc,-102.14602299885006,-189.58771362304688,18.773103857040375,0.944
stackexchange,interaction,nih_exporter,ubuntu_irc,-173.78412603269055,-308.8642967224121,54.59171943664541,0.9359999999999999
stackexchange,interaction,nih_exporter,europarl,-228.54355011985456,-463.8999328613281,21.85353918075547,0.962
stackexchange,interaction,nih_exporter,hackernews,-110.39620553497818,-273.4950828552246,146.044835281372,0.798
stackexchange,interaction,nih_exporter,pubmed_abstracts,-101.06975034080291,-197.64675674438476,25.949609804153422,0.916
stackexchange,interaction,nih_exporter,uspto_backgrounds,-104.93394041295356,-188.49143753051757,18.76153643131244,0.944
stackexchange,interaction,pubmed_central,wikipedia_en,-4.222987584665423,-7.178327190876007,-0.766739363968374,0.99
stackexchange,interaction,pubmed_central,dm_mathematics,7.707888793729423,-12.450123119354247,21.505643463134763,0.72
stackexchange,interaction,pubmed_central,github,-5.516562676795591,-7.749666059017181,-3.8511257350444796,1.0
stackexchange,interaction,pubmed_central,philpapers,61.29869523921236,-30.464309263229364,131.4229480743408,0.9
stackexchange,interaction,pubmed_central,stackexchange,-6.109739920345911,-8.171302962303162,-4.2691759228706365,1.0
stackexchange,interaction,pubmed_central,enron_emails,-163.12473662148042,-236.28044357299805,36.34903736114501,0.928
stackexchange,interaction,pubmed_central,gutenberg_pg_19,-1.6755476725058478,-9.285053610801697,5.843030714988708,0.6859999999999999
stackexchange,interaction,pubmed_central,pile_cc,-3.3247518711697306,-5.949439907073974,-1.2395957320928574,1.0
stackexchange,interaction,pubmed_central,ubuntu_irc,-27.65769760903482,-52.508714485168454,-3.398395937681204,0.992
stackexchange,interaction,pubmed_central,europarl,-16.277037731263366,-55.28619499206543,32.31931586265562,0.716
stackexchange,interaction,pubmed_central,hackernews,-38.81127466102476,-76.91718425750732,9.09706004858012,0.948
stackexchange,interaction,pubmed_central,pubmed_abstracts,0.14855449660220313,-3.5652351081371307,4.341009497642516,0.578
stackexchange,interaction,pubmed_central,uspto_backgrounds,0.3575354491973065,-2.460162991285324,3.6348921477794627,0.634
stackexchange,interaction,wikipedia_en,dm_mathematics,1.3307665626078071,-19.888299322128294,16.96349525451659,0.514
stackexchange,interaction,wikipedia_en,github,-4.15649495118496,-6.502781784534454,-1.6732710152864472,1.0
stackexchange,interaction,wikipedia_en,philpapers,44.506585405774224,-48.27101755142212,120.05996932983398,0.778
stackexchange,interaction,wikipedia_en,stackexchange,-7.572768972656569,-11.61954641342163,-3.0500243127346054,1.0
stackexchange,interaction,wikipedia_en,enron_emails,-145.00600211065134,-213.35724334716798,50.11745452880852,0.92
stackexchange,interaction,wikipedia_en,gutenberg_pg_19,-4.451326115401235,-10.669043040275573,3.487940871715543,0.836
stackexchange,interaction,wikipedia_en,pile_cc,-1.2174377235539018,-3.394054317474365,2.386468356847762,0.714
stackexchange,interaction,wikipedia_en,ubuntu_irc,-20.14751645690641,-44.51335964202881,5.066402316093436,0.9319999999999999
stackexchange,interaction,wikipedia_en,europarl,-20.89032970684932,-57.979259395599364,32.73615875244139,0.784
stackexchange,interaction,wikipedia_en,hackernews,-24.304390707163687,-68.8003490447998,23.88876252174377,0.856
stackexchange,interaction,wikipedia_en,pubmed_abstracts,-1.2970626220982893,-6.609697115421295,2.812393915653225,0.734
stackexchange,interaction,wikipedia_en,uspto_backgrounds,-3.2107848674091044,-6.843053328990936,0.565451094508171,0.942
stackexchange,interaction,dm_mathematics,github,1.6120569034663013,-18.437895917892455,14.831983900070188,0.542
stackexchange,interaction,dm_mathematics,philpapers,85.92038224279862,-33.05542325973511,182.2466690063476,0.9
stackexchange,interaction,dm_mathematics,stackexchange,2.3976304313995853,-14.10776798725128,17.08366289138792,0.562
stackexchange,interaction,dm_mathematics,enron_emails,-142.9532656524834,-312.26869506835936,382.6302322387694,0.5800000000000001
stackexchange,interaction,dm_mathematics,gutenberg_pg_19,6.064045003772089,-18.351269435882568,20.617479133605954,0.562
stackexchange,interaction,dm_mathematics,pile_cc,1.9541648754881324,-15.711306166648864,15.075716352462765,0.506
stackexchange,interaction,dm_mathematics,ubuntu_irc,-10.320248643810624,-55.85576820373535,23.209432649612424,0.774
stackexchange,interaction,dm_mathematics,europarl,-4.517703028358917,-76.44688510894775,71.99847640991206,0.5880000000000001
stackexchange,interaction,dm_mathematics,hackernews,-27.06300903906973,-89.37384166717528,41.25788784027094,0.77
stackexchange,interaction,dm_mathematics,pubmed_abstracts,0.2742195491686309,-21.91692614555359,14.569928860664358,0.644
stackexchange,interaction,dm_mathematics,uspto_backgrounds,1.6889795908591767,-18.635456895828245,17.71962008476256,0.534
stackexchange,interaction,github,philpapers,71.11030666047884,-15.787636733055114,143.06505661010738,0.944
stackexchange,interaction,github,stackexchange,-1.3533904322590184,-2.466799062490463,-0.09481671471148731,0.986
stackexchange,interaction,github,enron_emails,-116.38494516872296,-176.44883880615234,70.75912017822253,0.836
stackexchange,interaction,github,gutenberg_pg_19,-3.9965164674144056,-8.96503529548645,1.207256421446797,0.9339999999999999
stackexchange,interaction,github,pile_cc,-2.830322814025027,-4.322721409797668,-2.103944253921509,1.0
stackexchange,interaction,github,ubuntu_irc,-18.789369457897973,-43.878837203979494,5.681789660453783,0.9319999999999999
stackexchange,interaction,github,europarl,-11.80572448995774,-49.64222106933593,38.82504129409788,0.654
stackexchange,interaction,github,hackernews,-26.361857344447685,-67.20566368103027,19.622159624099684,0.876
stackexchange,interaction,github,pubmed_abstracts,-2.0691176306474697,-5.030819916725159,0.2792591705918312,0.954
stackexchange,interaction,github,uspto_backgrounds,-3.2721903748183157,-5.121588695049286,-0.5859460562467582,0.992
stackexchange,interaction,philpapers,stackexchange,90.85087508427353,3.5954356491565713,164.01443099975566,0.976
stackexchange,interaction,philpapers,enron_emails,-344.93191078445403,-1209.1756652832032,669.4689712524412,0.722
stackexchange,interaction,philpapers,gutenberg_pg_19,48.067422790340444,-50.91097822189331,132.5526699066162,0.794
stackexchange,interaction,philpapers,pile_cc,72.81523660381811,-12.415687441825861,142.3210235595703,0.932
stackexchange,interaction,philpapers,ubuntu_irc,87.01271944730988,-75.35492267608642,287.4852752685547,0.882
stackexchange,interaction,philpapers,europarl,127.71505785427937,-126.21175518035888,412.366934967041,0.856
stackexchange,interaction,philpapers,hackernews,-156.6149619623844,-415.0969497680664,115.88817005157453,0.888
stackexchange,interaction,philpapers,pubmed_abstracts,37.35794165870252,-54.626844787597655,124.41326351165759,0.74
stackexchange,interaction,philpapers,uspto_backgrounds,51.86884953708477,-42.18762922286987,131.8515701293945,0.846
stackexchange,interaction,stackexchange,enron_emails,-126.39585188107354,-210.35000114440916,66.04343280792231,0.888
stackexchange,interaction,stackexchange,gutenberg_pg_19,-5.413370973109202,-10.148275899887086,1.148078483343124,0.942
stackexchange,interaction,stackexchange,pile_cc,-5.244028923749064,-9.081313562393188,-3.4075478732585918,1.0
stackexchange,interaction,stackexchange,ubuntu_irc,-17.730185633895033,-43.03307485580444,7.004500150680533,0.902
stackexchange,interaction,stackexchange,europarl,-11.820213075790171,-48.054841136932374,35.72432680130003,0.6579999999999999
stackexchange,interaction,stackexchange,hackernews,-25.602455518100705,-65.56462745666504,17.82951526641844,0.88
stackexchange,interaction,stackexchange,pubmed_abstracts,-5.589320805837265,-9.575019288063048,-1.9042054176330574,1.0
stackexchange,interaction,stackexchange,uspto_backgrounds,-7.638148839047607,-11.28442199230194,-4.267215085029604,1.0
stackexchange,interaction,enron_emails,gutenberg_pg_19,-112.1473214291065,-213.38173789978026,102.48837203979485,0.788
stackexchange,interaction,enron_emails,pile_cc,-142.71868364417728,-197.78428001403807,40.61893415451045,0.914
stackexchange,interaction,enron_emails,ubuntu_irc,-188.76849307042903,-468.6134742736816,123.41946659088129,0.87
stackexchange,interaction,enron_emails,europarl,-478.4498302710513,-848.1881851196289,65.9988744735715,0.954
stackexchange,interaction,enron_emails,hackernews,184.69615284734965,-451.7287483215332,788.6259933471672,0.818
stackexchange,interaction,enron_emails,pubmed_abstracts,-137.09915003005176,-207.88923187255858,46.943477153778,0.898
stackexchange,interaction,enron_emails,uspto_backgrounds,-175.0430364515793,-259.4194000244141,33.810524082183825,0.942
stackexchange,interaction,gutenberg_pg_19,pile_cc,-0.45085362646399724,-5.073345935344696,4.993168449401848,0.526
stackexchange,interaction,gutenberg_pg_19,ubuntu_irc,-24.03764967911982,-59.06094350814819,2.696418726444228,0.966
stackexchange,interaction,gutenberg_pg_19,europarl,-6.739756970043544,-48.318298721313475,48.93762187957762,0.52
stackexchange,interaction,gutenberg_pg_19,hackernews,-26.392835850598846,-69.64837036132812,28.877759647369373,0.858
stackexchange,interaction,gutenberg_pg_19,pubmed_abstracts,-0.7641679389813807,-8.289449453353882,5.691289389133453,0.5700000000000001
stackexchange,interaction,gutenberg_pg_19,uspto_backgrounds,-1.1030116853028464,-8.167702412605285,5.818832910060881,0.612
stackexchange,interaction,pile_cc,ubuntu_irc,-18.413336924209563,-41.11459684371948,4.339694046974177,0.952
stackexchange,interaction,pile_cc,europarl,-11.726729076736824,-47.576443099975585,38.560891532897934,0.632
stackexchange,interaction,pile_cc,hackernews,-30.418090277659225,-74.02243995666504,11.544356608390807,0.912
stackexchange,interaction,pile_cc,pubmed_abstracts,-0.858882960907518,-4.913012838363647,2.593271166086197,0.692
stackexchange,interaction,pile_cc,uspto_backgrounds,-2.7741322469926497,-5.319655501842499,0.24229558743536467,0.958
stackexchange,interaction,ubuntu_irc,europarl,-16.588202136489592,-83.33923072814942,68.84259223937975,0.5820000000000001
stackexchange,interaction,ubuntu_irc,hackernews,-49.09887827554784,-130.88788871765138,60.08338375091551,0.854
stackexchange,interaction,ubuntu_irc,pubmed_abstracts,-20.910956498728492,-47.80690956115723,4.967960906028746,0.928
stackexchange,interaction,ubuntu_irc,uspto_backgrounds,-23.765692337300585,-48.659087085723876,-0.3307496547699045,0.976
stackexchange,interaction,europarl,hackernews,-64.80137707259867,-188.87508850097657,22.46311950683593,0.9299999999999999
stackexchange,interaction,europarl,pubmed_abstracts,3.6098554519595223,-32.473495388031004,62.091933441162105,0.694
stackexchange,interaction,europarl,uspto_backgrounds,-14.493809569467723,-50.32141122817993,36.60624485015865,0.6839999999999999
stackexchange,interaction,hackernews,pubmed_abstracts,-29.50901003087796,-79.6061180114746,16.665091753005967,0.904
stackexchange,interaction,hackernews,uspto_backgrounds,-32.036366960597014,-75.95395526885986,9.98166985511778,0.938
stackexchange,interaction,pubmed_abstracts,uspto_backgrounds,-4.367928369773436,-8.39066309928894,-0.15914467461407256,0.982
gutenberg_pg_19,interaction,arxiv,freelaw,-1.2803890367302313,-2.2680894136428833,-0.39814636185765323,0.994
gutenberg_pg_19,interaction,arxiv,nih_exporter,6.836154875109348,-54.33593015670776,46.039594554901086,0.518
gutenberg_pg_19,interaction,arxiv,pubmed_central,-0.0837717318273167,-1.2396382808685302,0.9680894687771795,0.548
gutenberg_pg_19,interaction,arxiv,wikipedia_en,-0.7437362083244968,-2.0403481662273406,0.5238117292523378,0.902
gutenberg_pg_19,interaction,arxiv,dm_mathematics,-0.13837415696448585,-7.480901038646698,8.90246746540069,0.504
gutenberg_pg_19,interaction,arxiv,github,-1.0981380623475683,-2.7043028593063356,0.37375988885760136,0.9319999999999999
gutenberg_pg_19,interaction,arxiv,philpapers,2.982069805805266,-51.06324596405029,36.66994419097898,0.604
gutenberg_pg_19,interaction,arxiv,stackexchange,-0.3641442587333975,-1.528584712743759,0.5101941272616383,0.854
gutenberg_pg_19,interaction,arxiv,enron_emails,-26.28372942590268,-82.83507404327392,60.11102123260493,0.654
gutenberg_pg_19,interaction,arxiv,gutenberg_pg_19,-15.588316198353006,-22.518924760818482,-12.233341097831728,1.0
gutenberg_pg_19,interaction,arxiv,pile_cc,-2.081245456992565,-3.141825485229492,-1.268522292375565,1.0
gutenberg_pg_19,interaction,arxiv,ubuntu_irc,-5.2587151365207205,-18.052653980255126,5.656056535243987,0.872
gutenberg_pg_19,interaction,arxiv,europarl,-6.074268908910837,-23.656344509124754,16.010264563560483,0.656
gutenberg_pg_19,interaction,arxiv,hackernews,-15.037406127296846,-31.990663862228395,13.031763839721656,0.78
gutenberg_pg_19,interaction,arxiv,pubmed_abstracts,1.7967536644584279,-0.3321172401309013,3.7956705212593076,0.956
gutenberg_pg_19,interaction,arxiv,uspto_backgrounds,0.42551840277267433,-1.1160592317581177,2.077752399444579,0.712
gutenberg_pg_19,interaction,freelaw,nih_exporter,16.933534270292533,-46.46440916061401,55.9489207267761,0.636
gutenberg_pg_19,interaction,freelaw,pubmed_central,-1.3561936672018298,-1.9463026881217957,-0.6593631044030189,1.0
gutenberg_pg_19,interaction,freelaw,wikipedia_en,-1.7789487280011744,-3.001396918296814,-0.16763648539781587,0.986
gutenberg_pg_19,interaction,freelaw,dm_mathematics,0.5048108395933917,-5.7789211630821224,9.03803515434264,0.612
gutenberg_pg_19,interaction,freelaw,github,-0.8966509715907823,-2.2026222586631774,-0.1723829586058856,0.99
gutenberg_pg_19,interaction,freelaw,philpapers,9.83548971338399,-42.26297769546509,44.44959335327148,0.558
gutenberg_pg_19,interaction,freelaw,stackexchange,-1.3735546426418086,-2.5512214720249173,-0.4123971231281762,1.0
gutenberg_pg_19,interaction,freelaw,enron_emails,-18.222810688738413,-77.68362483978271,80.60676250457762,0.526
gutenberg_pg_19,interaction,freelaw,gutenberg_pg_19,-13.073245132036634,-18.47801947593689,-9.628290557861328,1.0
gutenberg_pg_19,interaction,freelaw,pile_cc,-1.0177198777763317,-1.841216903924942,0.17085981704294642,0.958
gutenberg_pg_19,interaction,freelaw,ubuntu_irc,-6.817360360441755,-19.55486798286438,4.70987659692764,0.884
gutenberg_pg_19,interaction,freelaw,europarl,-3.0487080448323667,-19.857144117355347,16.183044719696035,0.518
gutenberg_pg_19,interaction,freelaw,hackernews,-9.986640168710686,-28.79767165184021,19.004988050460796,0.628
gutenberg_pg_19,interaction,freelaw,pubmed_abstracts,-0.24489962757354194,-2.226694053411484,1.2668379336595526,0.724
gutenberg_pg_19,interaction,freelaw,uspto_backgrounds,-1.734667238029212,-2.979552060365677,-0.3927636034786704,0.996
gutenberg_pg_19,interaction,nih_exporter,pubmed_central,10.789405610089137,-46.12522020339966,55.1329264640808,0.554
gutenberg_pg_19,interaction,nih_exporter,wikipedia_en,11.297247543969325,-51.83229818344116,54.676411819457954,0.556
gutenberg_pg_19,interaction,nih_exporter,dm_mathematics,5.552528774075516,-76.53292121887208,71.38437633514403,0.518
gutenberg_pg_19,interaction,nih_exporter,github,21.03720438874521,-37.09852819442749,63.41568326950073,0.732
gutenberg_pg_19,interaction,nih_exporter,philpapers,52.80299110222115,-205.32424697875976,306.24165039062484,0.7
gutenberg_pg_19,interaction,nih_exporter,stackexchange,9.614194333385841,-48.31644334793091,54.21364669799804,0.63
gutenberg_pg_19,interaction,nih_exporter,enron_emails,-40.05486217532336,-813.9228912353516,690.4418029785154,0.53
gutenberg_pg_19,interaction,nih_exporter,gutenberg_pg_19,14.824544463233822,-48.69992885589599,65.51572227478016,0.64
gutenberg_pg_19,interaction,nih_exporter,pile_cc,12.569421297543162,-48.320471572875974,54.39815950393676,0.588
gutenberg_pg_19,interaction,nih_exporter,ubuntu_irc,-9.928263911285887,-127.0344934463501,47.434343719482385,0.748
gutenberg_pg_19,interaction,nih_exporter,europarl,23.75878569855391,-112.6156265258789,148.5949165344238,0.632
gutenberg_pg_19,interaction,nih_exporter,hackernews,-12.850546535788766,-108.8555715560913,71.61346645355223,0.6639999999999999
gutenberg_pg_19,interaction,nih_exporter,pubmed_abstracts,16.157535648771457,-44.91792497634888,60.170918560028035,0.622
gutenberg_pg_19,interaction,nih_exporter,uspto_backgrounds,7.9375279441682265,-49.45220689773559,51.85573205947875,0.542
gutenberg_pg_19,interaction,pubmed_central,wikipedia_en,-1.7843637235141785,-3.0813089668750764,-0.3378928340971473,0.986
gutenberg_pg_19,interaction,pubmed_central,dm_mathematics,1.239146078650849,-6.625820541381835,10.863027048110961,0.624
gutenberg_pg_19,interaction,pubmed_central,github,-0.4902755816823297,-1.6395520091056823,0.45313678607344576,0.8160000000000001
gutenberg_pg_19,interaction,pubmed_central,philpapers,14.533881718736385,-39.496772384643556,49.67902669906614,0.6
gutenberg_pg_19,interaction,pubmed_central,stackexchange,-0.6779370800537233,-1.7614592760801315,0.1702655259519805,0.942
gutenberg_pg_19,interaction,pubmed_central,enron_emails,-31.03887618520733,-90.13067016601562,53.86139945983886,0.65
gutenberg_pg_19,interaction,pubmed_central,gutenberg_pg_19,-16.253093420173855,-22.096381759643556,-12.639239072799684,1.0
gutenberg_pg_19,interaction,pubmed_central,pile_cc,-1.5663441203278325,-2.644212394952774,-0.8609055295586587,1.0
gutenberg_pg_19,interaction,pubmed_central,ubuntu_irc,-9.638409933073184,-22.583093929290772,1.2876005142927147,0.954
gutenberg_pg_19,interaction,pubmed_central,europarl,-4.988337984261619,-23.261838960647584,16.159343099594103,0.626
gutenberg_pg_19,interaction,pubmed_central,hackernews,-17.265869158094617,-35.86343050003052,9.596854043006882,0.864
gutenberg_pg_19,interaction,pubmed_central,pubmed_abstracts,3.366536214043451,1.656071710586548,5.575334334373474,0.998
gutenberg_pg_19,interaction,pubmed_central,uspto_backgrounds,0.4141803821990475,-1.4455845177173614,1.999127388000488,0.688
gutenberg_pg_19,interaction,wikipedia_en,dm_mathematics,-0.3730705976049624,-7.837656152248383,8.731484818458554,0.522
gutenberg_pg_19,interaction,wikipedia_en,github,-0.6545346726982989,-2.5779177129268644,1.2160436838865278,0.766
gutenberg_pg_19,interaction,wikipedia_en,philpapers,18.007604820281042,-30.94435849189758,54.3535998344421,0.728
gutenberg_pg_19,interaction,wikipedia_en,stackexchange,-0.360950367389652,-2.3135135591030123,1.8974834114313126,0.63
gutenberg_pg_19,interaction,wikipedia_en,enron_emails,-19.639981892736646,-63.51931352615356,65.62926940917963,0.514
gutenberg_pg_19,interaction,wikipedia_en,gutenberg_pg_19,-13.151751060667715,-19.19872031211853,-9.344591188430789,1.0
gutenberg_pg_19,interaction,wikipedia_en,pile_cc,-1.1460239641678291,-2.3100059747695925,0.15040134340524636,0.954
gutenberg_pg_19,interaction,wikipedia_en,ubuntu_irc,-7.7232852441706665,-20.33109121322632,5.428460121154771,0.894
gutenberg_pg_19,interaction,wikipedia_en,europarl,-1.179334095340671,-19.22748074531555,20.694030618667597,0.546
gutenberg_pg_19,interaction,wikipedia_en,hackernews,-13.491051457606469,-33.03607988357544,19.86923241615293,0.702
gutenberg_pg_19,interaction,wikipedia_en,pubmed_abstracts,-1.433963856560074,-3.867663735151291,0.19148721657693377,0.952
gutenberg_pg_19,interaction,wikipedia_en,uspto_backgrounds,-0.20864643021886606,-1.813544088602066,1.2664069056510916,0.6619999999999999
gutenberg_pg_19,interaction,dm_mathematics,github,-0.0942963364231659,-6.901007008552551,8.9255824804306,0.556
gutenberg_pg_19,interaction,dm_mathematics,philpapers,15.04475790449398,-54.38240804672241,67.29987621307373,0.59
gutenberg_pg_19,interaction,dm_mathematics,stackexchange,0.9332076364825945,-5.863430762290954,9.113715076446532,0.662
gutenberg_pg_19,interaction,dm_mathematics,enron_emails,-50.940581207459736,-296.60413513183596,80.27650871276853,0.792
gutenberg_pg_19,interaction,dm_mathematics,gutenberg_pg_19,-14.036222228747727,-23.061924266815186,-3.158588159084321,0.994
gutenberg_pg_19,interaction,dm_mathematics,pile_cc,0.2812840433178485,-6.888236844539643,8.715890312194821,0.544
gutenberg_pg_19,interaction,dm_mathematics,ubuntu_irc,-4.765933025697859,-24.641336107254027,12.110094189643856,0.714
gutenberg_pg_19,interaction,dm_mathematics,europarl,1.30977010845354,-30.526074361801147,37.4015991210937,0.53
gutenberg_pg_19,interaction,dm_mathematics,hackernews,-14.887648844129389,-43.92670955657959,25.336606836318964,0.72
gutenberg_pg_19,interaction,dm_mathematics,pubmed_abstracts,2.241280428118698,-6.772364461421966,11.948253750801083,0.702
gutenberg_pg_19,interaction,dm_mathematics,uspto_backgrounds,0.8597715552305564,-6.914194977283477,10.847226095199579,0.614
gutenberg_pg_19,interaction,github,philpapers,12.587450862364143,-38.094389247894284,48.375319671630834,0.612
gutenberg_pg_19,interaction,github,stackexchange,-0.973380696277304,-1.8935821682214737,0.03128234902396729,0.968
gutenberg_pg_19,interaction,github,enron_emails,-20.890101094400396,-67.17059078216553,65.97315406799308,0.546
gutenberg_pg_19,interaction,github,gutenberg_pg_19,-14.61406865379224,-19.953309106826783,-11.632153272628784,1.0
gutenberg_pg_19,interaction,github,pile_cc,-1.420609317528141,-2.0322817087173464,-0.7872490197420123,1.0
gutenberg_pg_19,interaction,github,ubuntu_irc,-9.434656931614114,-22.297748851776124,2.255748313665389,0.948
gutenberg_pg_19,interaction,github,europarl,-5.311249318595463,-22.308116340637206,15.135553383827197,0.618
gutenberg_pg_19,interaction,github,hackernews,-10.899405595256328,-29.016709518432616,16.14743909835815,0.71
gutenberg_pg_19,interaction,github,pubmed_abstracts,1.0495110992294885,-0.9026834890246391,2.78537922501564,0.856
gutenberg_pg_19,interaction,github,uspto_backgrounds,0.5513500889280573,-1.239213839173317,2.317029511928558,0.762
gutenberg_pg_19,interaction,philpapers,stackexchange,20.412199636103907,-29.76342568397522,56.5079065322876,0.724
gutenberg_pg_19,interaction,philpapers,enron_emails,-127.839959676666,-478.9988479614258,572.4138244628906,0.528
gutenberg_pg_19,interaction,philpapers,gutenberg_pg_19,15.575432462363427,-39.38642053604126,55.849760818481414,0.6
gutenberg_pg_19,interaction,philpapers,pile_cc,12.780120966521194,-36.533374500274654,46.763020515441895,0.602
gutenberg_pg_19,interaction,philpapers,ubuntu_irc,39.277686732400454,-47.540255832672116,140.66318473815917,0.768
gutenberg_pg_19,interaction,philpapers,europarl,-23.792884255574585,-151.44562187194822,90.40826568603511,0.6779999999999999
gutenberg_pg_19,interaction,philpapers,hackernews,-30.693745619114836,-185.60403022766113,90.25474281311025,0.766
gutenberg_pg_19,interaction,philpapers,pubmed_abstracts,-3.703532056098175,-69.16367168426514,33.017672443389884,0.742
gutenberg_pg_19,interaction,philpapers,uspto_backgrounds,4.959814823350868,-43.12844820022583,41.99571886062622,0.514
gutenberg_pg_19,interaction,stackexchange,enron_emails,-23.87778102455271,-75.49152336120605,64.61001968383788,0.5680000000000001
gutenberg_pg_19,interaction,stackexchange,gutenberg_pg_19,-13.461365372117712,-18.025801706314088,-10.813946104049682,1.0
gutenberg_pg_19,interaction,stackexchange,pile_cc,-1.1977342006328595,-1.8897752821445466,-0.5069233745336535,0.998
gutenberg_pg_19,interaction,stackexchange,ubuntu_irc,-7.248053070685764,-20.69222316741943,6.16959079504013,0.882
gutenberg_pg_19,interaction,stackexchange,europarl,-4.849510174559769,-21.958481073379517,16.992062997817992,0.604
gutenberg_pg_19,interaction,stackexchange,hackernews,-13.054299968923011,-30.649764251708984,14.560740852355943,0.738
gutenberg_pg_19,interaction,stackexchange,pubmed_abstracts,0.9707327427424546,-1.3825068026781082,2.8397074460983274,0.798
gutenberg_pg_19,interaction,stackexchange,uspto_backgrounds,-1.2382487827380062,-2.762799161672592,0.11638609636574965,0.956
gutenberg_pg_19,interaction,enron_emails,gutenberg_pg_19,30.91465620964374,-68.38761920928955,133.67289085388174,0.762
gutenberg_pg_19,interaction,enron_emails,pile_cc,-21.84939821215658,-75.46982059478759,58.65049924850463,0.606
gutenberg_pg_19,interaction,enron_emails,ubuntu_irc,-5.239835959988836,-166.26309356689453,153.47847404479958,0.502
gutenberg_pg_19,interaction,enron_emails,europarl,69.35425790476769,-156.4906768798828,327.2748222351074,0.806
gutenberg_pg_19,interaction,enron_emails,hackernews,122.69527113525888,-161.50184059143064,388.1287506103515,0.866
gutenberg_pg_19,interaction,enron_emails,pubmed_abstracts,-33.23171362759,-87.74191665649414,51.10901212692255,0.712
gutenberg_pg_19,interaction,enron_emails,uspto_backgrounds,-25.810210908575204,-87.21963596343994,74.35801048278807,0.61
gutenberg_pg_19,interaction,gutenberg_pg_19,pile_cc,-11.697632796220601,-15.941885781288146,-8.976440930366518,1.0
gutenberg_pg_19,interaction,gutenberg_pg_19,ubuntu_irc,-20.965531778855254,-37.29707202911377,-7.49097698926926,0.998
gutenberg_pg_19,interaction,gutenberg_pg_19,europarl,-20.487085789157103,-42.26431007385254,2.8751197338104224,0.938
gutenberg_pg_19,interaction,gutenberg_pg_19,hackernews,-15.8346598774015,-37.73272676467896,15.28421204090118,0.804
gutenberg_pg_19,interaction,gutenberg_pg_19,pubmed_abstracts,-12.518424237112033,-18.471715116500853,-7.878644299507143,1.0
gutenberg_pg_19,interaction,gutenberg_pg_19,uspto_backgrounds,-14.486395754995208,-20.24967384338379,-11.268338561058046,1.0
gutenberg_pg_19,interaction,pile_cc,ubuntu_irc,-7.620475535449179,-19.568786764144896,3.3231052458286268,0.91
gutenberg_pg_19,interaction,pile_cc,europarl,-3.5653201532097705,-20.455346870422364,16.747599315643306,0.56
gutenberg_pg_19,interaction,pile_cc,hackernews,-7.9161715310649425,-24.500474166870116,19.81601023674011,0.596
gutenberg_pg_19,interaction,pile_cc,pubmed_abstracts,0.05182395353576077,-1.500026798248291,1.7590090543031693,0.508
gutenberg_pg_19,interaction,pile_cc,uspto_backgrounds,-1.5177217557925993,-2.4208655416965486,-0.2729345563799154,0.99
gutenberg_pg_19,interaction,ubuntu_irc,europarl,-13.330313976074914,-53.08042411804199,22.593612909317013,0.768
gutenberg_pg_19,interaction,ubuntu_irc,hackernews,-18.037981011622158,-54.28428030014038,28.633193397521953,0.77
gutenberg_pg_19,interaction,ubuntu_irc,pubmed_abstracts,-5.621379367585351,-18.06949648857117,7.6689850091934195,0.834
gutenberg_pg_19,interaction,ubuntu_irc,uspto_backgrounds,-8.274623488837296,-22.504757261276247,4.155812501907347,0.902
gutenberg_pg_19,interaction,europarl,hackernews,-31.395141759138355,-80.10741863250732,23.039286327362056,0.8200000000000001
gutenberg_pg_19,interaction,europarl,pubmed_abstracts,-6.758761218240761,-24.49329710006714,13.148571610450741,0.724
gutenberg_pg_19,interaction,europarl,uspto_backgrounds,-9.497352328046702,-29.129389333724976,9.284632158279418,0.786
gutenberg_pg_19,interaction,hackernews,pubmed_abstracts,-16.69102335628378,-34.482443237304686,12.747380113601677,0.8220000000000001
gutenberg_pg_19,interaction,hackernews,uspto_backgrounds,-24.983927889568662,-43.36862068176269,3.3133713781833545,0.962
gutenberg_pg_19,interaction,pubmed_abstracts,uspto_backgrounds,2.840560668081306,0.7888411328196526,5.081082773208618,1.0
pile_cc,interaction,arxiv,freelaw,-0.4930761229153861,-1.170439973473549,0.10440054982900619,0.942
pile_cc,interaction,arxiv,nih_exporter,-3.5449723900443675,-31.27080488204956,21.324244928359985,0.636
pile_cc,interaction,arxiv,pubmed_central,-0.11536810378514516,-0.5308179125189781,0.424707385152578,0.5920000000000001
pile_cc,interaction,arxiv,wikipedia_en,-1.4842949815512159,-2.0292625069618224,-0.8875082612037662,1.0
pile_cc,interaction,arxiv,dm_mathematics,-0.03834731076773665,-3.87161745429039,5.262738442420958,0.644
pile_cc,interaction,arxiv,github,-0.8143076294745869,-1.5912637591362,0.0573212728835633,0.962
pile_cc,interaction,arxiv,philpapers,-4.600151299413054,-27.170480251312256,27.210019063949566,0.524
pile_cc,interaction,arxiv,stackexchange,-0.5754462259835225,-1.15928553044796,-0.026817302452400427,0.978
pile_cc,interaction,arxiv,enron_emails,2.385086110902671,-36.73230600357056,32.858633136749255,0.514
pile_cc,interaction,arxiv,gutenberg_pg_19,-2.707323287417102,-4.409436511993408,-1.0561746448278428,1.0
pile_cc,interaction,arxiv,pile_cc,-2.603353804561091,-3.3004858076572416,-2.079964190721512,1.0
pile_cc,interaction,arxiv,ubuntu_irc,-9.55476465591679,-16.881884717941283,-4.486462283134463,1.0
pile_cc,interaction,arxiv,europarl,-7.547267692682307,-16.588138008117674,5.470189797878264,0.882
pile_cc,interaction,arxiv,hackernews,-6.24888213906338,-16.855471420288083,10.321097612380978,0.704
pile_cc,interaction,arxiv,pubmed_abstracts,0.6752985820431389,-0.19466605558991432,1.9556708127260207,0.946
pile_cc,interaction,arxiv,uspto_backgrounds,-0.614390242745175,-1.5048374682664871,0.3400467425584793,0.878
pile_cc,interaction,freelaw,nih_exporter,0.43979784524718135,-31.479581308364867,24.777935886383055,0.524
pile_cc,interaction,freelaw,pubmed_central,-1.1562382737303951,-1.6552292913198472,-0.4450849331915385,1.0
pile_cc,interaction,freelaw,wikipedia_en,-1.6859532186399468,-2.6021864831447603,-0.9027110934257512,1.0
pile_cc,interaction,freelaw,dm_mathematics,-1.0209066763744967,-4.5762777566909785,4.544182372093199,0.55
pile_cc,interaction,freelaw,github,-0.7291017937756801,-1.979157531261444,0.019205419672652997,0.97
pile_cc,interaction,freelaw,philpapers,-4.931023054299755,-26.661917781829835,28.879991197586058,0.528
pile_cc,interaction,freelaw,stackexchange,-1.2612388621102064,-1.908032289147377,-0.6481776416301728,1.0
pile_cc,interaction,freelaw,enron_emails,-0.8632910351317391,-57.02497301101684,40.83520793914792,0.56
pile_cc,interaction,freelaw,gutenberg_pg_19,-1.9022596149314546,-3.8002126276493073,-0.5778867974877359,0.998
pile_cc,interaction,freelaw,pile_cc,-2.455510741378793,-3.298954850435257,-1.842691421508789,1.0
pile_cc,interaction,freelaw,ubuntu_irc,-9.513910248817012,-17.695921659469604,-3.4502338647842423,1.0
pile_cc,interaction,freelaw,europarl,-5.6418110626144,-15.12909288406372,7.579442906379695,0.766
pile_cc,interaction,freelaw,hackernews,-4.77047096224052,-16.488168811798097,9.953603529930113,0.652
pile_cc,interaction,freelaw,pubmed_abstracts,-0.013878498514603165,-0.7719906911253929,1.0612958967685697,0.68
pile_cc,interaction,freelaw,uspto_backgrounds,-0.960462077349504,-2.001033878326416,-0.08876389991492065,0.98
pile_cc,interaction,nih_exporter,pubmed_central,-8.670967080325346,-37.96429433822632,15.175443267822262,0.772
pile_cc,interaction,nih_exporter,wikipedia_en,-2.3827626186967192,-34.14808645248413,22.595952939987164,0.5920000000000001
pile_cc,interaction,nih_exporter,dm_mathematics,-6.2785211964530205,-42.52493343353271,40.668762016296384,0.518
pile_cc,interaction,nih_exporter,github,1.8393065243537505,-32.86167097091675,26.01417875289917,0.526
pile_cc,interaction,nih_exporter,philpapers,20.67761260570379,-137.96169204711913,196.5448600769042,0.68
pile_cc,interaction,nih_exporter,stackexchange,0.80305187686457,-29.878598594665526,26.534029388427726,0.55
pile_cc,interaction,nih_exporter,enron_emails,18.14499572406334,-428.83863830566406,339.49281158447246,0.514
pile_cc,interaction,nih_exporter,gutenberg_pg_19,-1.7133564860142234,-32.851009941101076,27.377661800384516,0.532
pile_cc,interaction,nih_exporter,pile_cc,-3.0874112652833308,-32.648937892913814,21.83783130645751,0.6
pile_cc,interaction,nih_exporter,ubuntu_irc,-0.7504229317496469,-54.30621528625488,47.173629093170135,0.506
pile_cc,interaction,nih_exporter,europarl,-29.639505162697652,-96.04960556030274,31.59763426780697,0.812
pile_cc,interaction,nih_exporter,hackernews,-11.393827430439584,-71.16161651611328,39.70438985824584,0.654
pile_cc,interaction,nih_exporter,pubmed_abstracts,-2.089535536933498,-30.514581966400147,26.564628744125343,0.532
pile_cc,interaction,nih_exporter,uspto_backgrounds,-5.963805420918168,-35.59023551940918,19.460432672500605,0.6859999999999999
pile_cc,interaction,pubmed_central,wikipedia_en,-1.7546770079753335,-2.4465821206569673,-1.0683348327875144,1.0
pile_cc,interaction,pubmed_central,dm_mathematics,0.8454189576620788,-2.473541337251663,6.228665959835052,0.79
pile_cc,interaction,pubmed_central,github,-0.9927124867977588,-1.5273854285478592,-0.25427595153451044,0.994
pile_cc,interaction,pubmed_central,philpapers,-1.8001222347822614,-25.876725244522095,27.918485736846915,0.566
pile_cc,interaction,pubmed_central,stackexchange,-0.9800317487938155,-1.5414285451173781,-0.5862554222345353,1.0
pile_cc,interaction,pubmed_central,enron_emails,0.4222676799624341,-38.29918737411499,29.886372900009146,0.5740000000000001
pile_cc,interaction,pubmed_central,gutenberg_pg_19,-3.1757378772711458,-5.029950642585755,-1.2189937353134161,0.998
pile_cc,interaction,pubmed_central,pile_cc,-2.237573737920007,-3.018889570236206,-1.7199642360210419,1.0
pile_cc,interaction,pubmed_central,ubuntu_irc,-11.311993409172464,-19.619063091278075,-4.617000460624696,1.0
pile_cc,interaction,pubmed_central,europarl,-7.5862521699741885,-16.831440782547,5.0108153223991385,0.868
pile_cc,interaction,pubmed_central,hackernews,-6.12278610598047,-17.756126642227173,7.518163716793058,0.766
pile_cc,interaction,pubmed_central,pubmed_abstracts,1.344799619922315,0.6457354262471199,2.5352607727050778,1.0
pile_cc,interaction,pubmed_central,uspto_backgrounds,0.14359852094332703,-0.816046166419983,1.0357549518346787,0.73
pile_cc,interaction,wikipedia_en,dm_mathematics,-2.1964800705481964,-5.526100301742554,3.1360898554325085,0.698
pile_cc,interaction,wikipedia_en,github,-1.9004169462857516,-2.8882234930992126,-0.9613824740052226,1.0
pile_cc,interaction,wikipedia_en,philpapers,-0.9274111525561423,-21.94334497451782,31.298730182647695,0.632
pile_cc,interaction,wikipedia_en,stackexchange,-1.971856774337057,-2.8553336918354035,-0.8719159737229348,1.0
pile_cc,interaction,wikipedia_en,enron_emails,8.177802381240655,-31.57021870613098,35.181374835968015,0.55
pile_cc,interaction,wikipedia_en,gutenberg_pg_19,-2.50170254292136,-4.2877360582351685,-0.9221766427159319,1.0
pile_cc,interaction,wikipedia_en,pile_cc,-1.5855908354293935,-2.0389904201030733,-0.7751417130231858,1.0
pile_cc,interaction,wikipedia_en,ubuntu_irc,-12.627444490291078,-20.009609079360963,-5.967871999740607,1.0
pile_cc,interaction,wikipedia_en,europarl,-6.337170247756849,-15.283122754096985,7.221127080917358,0.8220000000000001
pile_cc,interaction,wikipedia_en,hackernews,-2.158068391284779,-14.984528541564941,13.85634925365447,0.504
pile_cc,interaction,wikipedia_en,pubmed_abstracts,-1.3300085696786912,-2.4194032847881317,-0.40582343935966536,0.998
pile_cc,interaction,wikipedia_en,uspto_backgrounds,-1.5621173870585663,-2.419033372402191,-0.5859894320368767,1.0
pile_cc,interaction,dm_mathematics,github,-0.659030779608095,-4.279055202007294,4.885120713710782,0.574
pile_cc,interaction,dm_mathematics,philpapers,-14.287586126734633,-48.29802961349487,21.154997014999385,0.706
pile_cc,interaction,dm_mathematics,stackexchange,-0.33742971347034184,-3.5531389176845547,4.111651742458342,0.624
pile_cc,interaction,dm_mathematics,enron_emails,4.188694092734724,-126.4398265838623,80.52088260650632,0.532
pile_cc,interaction,dm_mathematics,gutenberg_pg_19,-2.070820212860829,-6.550053107738495,3.9439569115638657,0.6859999999999999
pile_cc,interaction,dm_mathematics,pile_cc,-2.2857907529999664,-5.713014090061188,2.5685251891612997,0.774
pile_cc,interaction,dm_mathematics,ubuntu_irc,-12.334296691741791,-21.04056806564331,0.2252181287854888,0.972
pile_cc,interaction,dm_mathematics,europarl,1.040037641608845,-19.952684020996095,23.336598062515254,0.586
pile_cc,interaction,dm_mathematics,hackernews,-11.645015766993598,-31.29124493598938,11.558127427101123,0.8180000000000001
pile_cc,interaction,dm_mathematics,pubmed_abstracts,1.7120240714250252,-2.4860954105854036,7.173894941806793,0.866
pile_cc,interaction,dm_mathematics,uspto_backgrounds,-1.1458298050032634,-4.55718240737915,4.655980384349822,0.51
pile_cc,interaction,github,philpapers,-8.871396513516261,-31.31523780822754,21.921584367752065,0.636
pile_cc,interaction,github,stackexchange,-0.9698127858222438,-1.5341240555047988,-0.32780045494437243,1.0
pile_cc,interaction,github,enron_emails,9.888577287044566,-21.91111617088318,40.757736301422106,0.71
pile_cc,interaction,github,gutenberg_pg_19,-1.5781337987368724,-3.5979520618915557,0.06316631278023108,0.968
pile_cc,interaction,github,pile_cc,-2.2200432523886167,-2.750884956121445,-1.6435218811035157,1.0
pile_cc,interaction,github,ubuntu_irc,-10.553511262929812,-17.66699962615967,-4.632299160957339,1.0
pile_cc,interaction,github,europarl,-6.424084853094616,-16.039588785171507,5.731713891029357,0.8220000000000001
pile_cc,interaction,github,hackernews,-3.519398267094903,-14.87512948513031,11.799413180351257,0.612
pile_cc,interaction,github,pubmed_abstracts,0.49710955816523733,-0.49018540680408473,1.624112889170646,0.862
pile_cc,interaction,github,uspto_backgrounds,-0.4622236293622729,-1.2039651066064834,0.655225196480751,0.692
pile_cc,interaction,philpapers,stackexchange,-0.4689770234232779,-26.322339677810668,32.83471279144282,0.6
pile_cc,interaction,philpapers,enron_emails,-94.21107813628842,-344.14817123413087,252.94291801452633,0.738
pile_cc,interaction,philpapers,gutenberg_pg_19,1.116107239671112,-23.767915534973145,35.72152242660521,0.672
pile_cc,interaction,philpapers,pile_cc,-2.8437489096887325,-24.300079774856567,29.82614827156067,0.57
pile_cc,interaction,philpapers,ubuntu_irc,-6.408744805387435,-54.78044605255127,52.82945680618286,0.55
pile_cc,interaction,philpapers,europarl,-33.789698071450275,-87.10941982269287,36.85736942291258,0.776
pile_cc,interaction,philpapers,hackernews,-1.2590046330292088,-67.50305099487305,76.60662975311278,0.526
pile_cc,interaction,philpapers,pubmed_abstracts,-17.340259872071627,-41.7951171875,17.582549619674676,0.798
pile_cc,interaction,philpapers,uspto_backgrounds,-9.131264596381296,-34.4167519569397,24.951187276840205,0.634
pile_cc,interaction,stackexchange,enron_emails,1.5485028811824657,-40.22491245269775,33.3943007469177,0.542
pile_cc,interaction,stackexchange,gutenberg_pg_19,-1.6596528303477718,-3.071437358856201,-0.43044266924262203,0.998
pile_cc,interaction,stackexchange,pile_cc,-1.8482904951646268,-2.508219373226166,-1.3627522677183153,1.0
pile_cc,interaction,stackexchange,ubuntu_irc,-10.47247929487304,-18.474521732330324,-3.8544556856155396,1.0
pile_cc,interaction,stackexchange,europarl,-5.835744136746862,-14.717839860916138,6.303020846843719,0.81
pile_cc,interaction,stackexchange,hackernews,-2.2642222442961684,-13.167796063423157,12.516444611549364,0.51
pile_cc,interaction,stackexchange,pubmed_abstracts,-0.09222124723138127,-1.0666003108024598,1.2525224834680555,0.584
pile_cc,interaction,stackexchange,uspto_backgrounds,-0.935673378071345,-1.6464470714330672,-0.00926491515710964,0.976
pile_cc,interaction,enron_emails,gutenberg_pg_19,29.518163479458774,-20.15843925476074,68.60277137756347,0.884
pile_cc,interaction,enron_emails,pile_cc,0.607427461994699,-36.385489273071286,27.59631490707395,0.594
pile_cc,interaction,enron_emails,ubuntu_irc,23.052618063708458,-37.113185214996335,145.59820251464836,0.824
pile_cc,interaction,enron_emails,europarl,-79.41681296993328,-203.03262519836426,50.73223295211792,0.896
pile_cc,interaction,enron_emails,hackernews,37.28840760001729,-119.82312641143798,159.56512947082518,0.636
pile_cc,interaction,enron_emails,pubmed_abstracts,-2.734396793251624,-42.589601802825925,25.379229211807242,0.7
pile_cc,interaction,enron_emails,uspto_backgrounds,-8.967732664986551,-56.34788026809692,25.16141657829281,0.748
pile_cc,interaction,gutenberg_pg_19,pile_cc,-2.6997341805862862,-4.31630380153656,-1.1397336691617985,1.0
pile_cc,interaction,gutenberg_pg_19,ubuntu_irc,-11.763344991884566,-21.551487970352174,-4.305689513683319,1.0
pile_cc,interaction,gutenberg_pg_19,europarl,-6.97723625354451,-18.78621664047241,6.342574298381798,0.84
pile_cc,interaction,gutenberg_pg_19,hackernews,-5.491641733960393,-17.72297568321228,13.559718418121331,0.62
pile_cc,interaction,gutenberg_pg_19,pubmed_abstracts,-1.581296029291633,-3.6198910892009737,0.49335939288139297,0.938
pile_cc,interaction,gutenberg_pg_19,uspto_backgrounds,-2.3352077925891956,-4.016402995586395,-0.56530092060566,1.0
pile_cc,interaction,pile_cc,ubuntu_irc,-10.343315256113607,-17.36987986564636,-3.8533204495906848,1.0
pile_cc,interaction,pile_cc,europarl,-6.682505583034398,-15.71087188720703,6.479120182991027,0.8280000000000001
pile_cc,interaction,pile_cc,hackernews,-2.0082667198651727,-13.591322469711303,13.235301518440245,0.508
pile_cc,interaction,pile_cc,pubmed_abstracts,-1.5833919917902584,-2.4492650270462035,-0.5077672541141512,0.998
pile_cc,interaction,pile_cc,uspto_backgrounds,-2.292075383054706,-2.872710484266281,-1.4763860702514655,1.0
pile_cc,interaction,ubuntu_irc,europarl,-18.805605586918166,-41.55269660949707,0.7995006322860583,0.97
pile_cc,interaction,ubuntu_irc,hackernews,-17.418926068615804,-43.57766065597534,6.031477844715116,0.918
pile_cc,interaction,ubuntu_irc,pubmed_abstracts,-9.434541638491966,-17.085271453857423,-2.3199696063995403,0.996
pile_cc,interaction,ubuntu_irc,uspto_backgrounds,-11.511092957770389,-18.898161506652833,-4.70854654312135,1.0
pile_cc,interaction,europarl,hackernews,-15.226198829897593,-40.593982410430904,21.75273184776306,0.748
pile_cc,interaction,europarl,pubmed_abstracts,-5.814290941754899,-16.001064085960387,6.398676097393035,0.804
pile_cc,interaction,europarl,uspto_backgrounds,-5.837528509616761,-16.856111812591553,6.57164318561553,0.768
pile_cc,interaction,hackernews,pubmed_abstracts,-3.5506291168776345,-15.0570654630661,11.157733607292174,0.5760000000000001
pile_cc,interaction,hackernews,uspto_backgrounds,-6.8556130634412575,-18.739160442352294,8.438971972465511,0.744
pile_cc,interaction,pubmed_abstracts,uspto_backgrounds,0.5824673247859542,-0.42257157266139983,2.0370721340179436,0.902
ubuntu_irc,interaction,arxiv,freelaw,-2.2803390297624158,-5.315322494506836,1.206618046760555,0.896
ubuntu_irc,interaction,arxiv,nih_exporter,-28.453016519424626,-164.17912330627442,112.48713207244872,0.6819999999999999
ubuntu_irc,interaction,arxiv,pubmed_central,-2.6372294905828895,-5.524426460266113,0.6134225130081167,0.958
ubuntu_irc,interaction,arxiv,wikipedia_en,-0.1289981562512814,-3.9511751592159268,3.282971143722534,0.514
ubuntu_irc,interaction,arxiv,dm_mathematics,4.772676801046594,-17.870567893981935,29.013505506515493,0.654
ubuntu_irc,interaction,arxiv,github,-2.8846908583329767,-6.8498025894165036,1.1007974654436108,0.902
ubuntu_irc,interaction,arxiv,philpapers,3.7899702240690742,-130.9860683441162,119.19545669555663,0.516
ubuntu_irc,interaction,arxiv,stackexchange,-0.41316066443352395,-3.4651181995868683,2.9182802915573105,0.604
ubuntu_irc,interaction,arxiv,enron_emails,-205.8866050720932,-322.42660064697264,18.977985143661385,0.956
ubuntu_irc,interaction,arxiv,gutenberg_pg_19,-7.7297909028055924,-18.742543172836303,1.3521492958068755,0.952
ubuntu_irc,interaction,arxiv,pile_cc,-1.2769764619680073,-3.8506670892238617,1.1180232226848594,0.84
ubuntu_irc,interaction,arxiv,ubuntu_irc,-227.09569899078065,-265.74582901000974,-193.45394554138184,1.0
ubuntu_irc,interaction,arxiv,europarl,-58.07137584226774,-128.72055473327637,9.30390632152553,0.956
ubuntu_irc,interaction,arxiv,hackernews,-62.29411004578477,-105.15579528808594,37.35339765548697,0.854
ubuntu_irc,interaction,arxiv,pubmed_abstracts,-0.393094134283197,-4.710969424247741,5.293806254863732,0.51
ubuntu_irc,interaction,arxiv,uspto_backgrounds,-4.309230634630717,-9.195491361618041,1.2130692452192287,0.9339999999999999
ubuntu_irc,interaction,freelaw,nih_exporter,-29.779920754252363,-168.40935134887695,106.93512363433827,0.6819999999999999
ubuntu_irc,interaction,freelaw,pubmed_central,-2.775459714179397,-5.779359543323517,-0.49004495665431086,0.99
ubuntu_irc,interaction,freelaw,wikipedia_en,-0.10589890537320316,-4.690828514099121,4.506843364238739,0.508
ubuntu_irc,interaction,freelaw,dm_mathematics,-2.366064840074901,-23.909365987777708,20.702678918838497,0.5760000000000001
ubuntu_irc,interaction,freelaw,github,-1.2446440779960883,-6.080616748332977,1.4259735226631156,0.83
ubuntu_irc,interaction,freelaw,philpapers,-14.547141756598135,-135.6856330871582,111.3743185043334,0.554
ubuntu_irc,interaction,freelaw,stackexchange,-3.944478406423103,-6.953235101699829,-0.34393801763653886,0.982
ubuntu_irc,interaction,freelaw,enron_emails,-231.789787438571,-432.9709022521973,109.9171457290649,0.87
ubuntu_irc,interaction,freelaw,gutenberg_pg_19,-4.863786561173678,-16.382834815979002,3.6874938547611187,0.908
ubuntu_irc,interaction,freelaw,pile_cc,-2.156105390481676,-6.086708557605744,1.7598338782787297,0.894
ubuntu_irc,interaction,freelaw,ubuntu_irc,-231.0146337959657,-275.1342437744141,-195.6806282043457,1.0
ubuntu_irc,interaction,freelaw,europarl,-56.40115572009046,-123.66475982666016,10.794015932083102,0.956
ubuntu_irc,interaction,freelaw,hackernews,-58.135169779219225,-102.40298252105713,33.863948249816865,0.854
ubuntu_irc,interaction,freelaw,pubmed_abstracts,3.6155295989272167,-0.3633611544966697,8.602009677886961,0.96
ubuntu_irc,interaction,freelaw,uspto_backgrounds,-2.2592258820652313,-8.21589424610138,2.1237697839736933,0.8180000000000001
ubuntu_irc,interaction,nih_exporter,pubmed_central,-87.6076596020603,-226.04701385498046,51.83968677520751,0.884
ubuntu_irc,interaction,nih_exporter,wikipedia_en,-34.95135488791159,-187.06696205139158,92.14788684844959,0.702
ubuntu_irc,interaction,nih_exporter,dm_mathematics,9.910480838132292,-165.28492012023926,298.9253036499023,0.636
ubuntu_irc,interaction,nih_exporter,github,-38.58445729508816,-185.19267654418945,89.49630661010741,0.744
ubuntu_irc,interaction,nih_exporter,philpapers,432.25656184024314,-420.6505065917969,1229.3271911621089,0.88
ubuntu_irc,interaction,nih_exporter,stackexchange,-34.61360963737415,-178.0589141845703,91.26049118041989,0.724
ubuntu_irc,interaction,nih_exporter,enron_emails,-1197.8443384232178,-3037.3858154296877,787.4984146118156,0.878
ubuntu_irc,interaction,nih_exporter,gutenberg_pg_19,-73.02949103523613,-240.2981285095215,70.32098999023431,0.844
ubuntu_irc,interaction,nih_exporter,pile_cc,-54.2509425153235,-197.22433357238768,72.56059284210203,0.794
ubuntu_irc,interaction,nih_exporter,ubuntu_irc,-338.2601525930492,-623.0515655517578,-118.68382205963145,0.996
ubuntu_irc,interaction,nih_exporter,europarl,-18.545909622813223,-336.7320129394531,335.86213607788085,0.502
ubuntu_irc,interaction,nih_exporter,hackernews,-143.79850641402598,-378.0396446228027,160.8386032104489,0.758
ubuntu_irc,interaction,nih_exporter,pubmed_abstracts,-56.03086321667316,-188.1760585784912,83.34173793792723,0.76
ubuntu_irc,interaction,nih_exporter,uspto_backgrounds,-49.23246154935246,-201.4047992706299,84.0502408981323,0.766
ubuntu_irc,interaction,pubmed_central,wikipedia_en,-1.7586905160881732,-6.365835273265838,2.257887643575668,0.8260000000000001
ubuntu_irc,interaction,pubmed_central,dm_mathematics,-0.7722625155455309,-22.767093324661253,24.53227891921997,0.534
ubuntu_irc,interaction,pubmed_central,github,-2.0510597278406477,-4.776397323608398,1.4326229006052011,0.902
ubuntu_irc,interaction,pubmed_central,philpapers,-10.828621593040623,-122.90689258575439,117.95252933502181,0.544
ubuntu_irc,interaction,pubmed_central,stackexchange,-2.2897595493877807,-4.765714752674103,-0.019536452600733,0.976
ubuntu_irc,interaction,pubmed_central,enron_emails,-187.01764390319076,-286.4093330383301,31.227052545547355,0.926
ubuntu_irc,interaction,pubmed_central,gutenberg_pg_19,-11.929265200797,-21.247163009643554,-2.704854702949527,0.994
ubuntu_irc,interaction,pubmed_central,pile_cc,-0.9759718071978056,-3.7120686948299406,0.5187017902731894,0.882
ubuntu_irc,interaction,pubmed_central,ubuntu_irc,-229.38010840259102,-272.973250579834,-193.27599983215333,1.0
ubuntu_irc,interaction,pubmed_central,europarl,-56.80924184019164,-126.25974159240722,7.011493730545028,0.95
ubuntu_irc,interaction,pubmed_central,hackernews,-57.78650881346129,-99.95948390960693,31.332456827163664,0.872
ubuntu_irc,interaction,pubmed_central,pubmed_abstracts,2.0291625489793588,-2.8594721972942354,7.587241518497463,0.826
ubuntu_irc,interaction,pubmed_central,uspto_backgrounds,2.4514373757086974,-1.2604420453310012,7.475188624858855,0.892
ubuntu_irc,interaction,wikipedia_en,dm_mathematics,-5.228959271911897,-30.19682936668396,18.14727983474731,0.692
ubuntu_irc,interaction,wikipedia_en,github,0.8834441549709978,-2.685487425327301,5.39127402305603,0.73
ubuntu_irc,interaction,wikipedia_en,philpapers,-19.95714726077855,-150.79071044921875,101.31746749877927,0.606
ubuntu_irc,interaction,wikipedia_en,stackexchange,-3.417768107854761,-8.586594986915587,3.5219620585441516,0.846
ubuntu_irc,interaction,wikipedia_en,enron_emails,-157.89465540586764,-300.4444984436035,65.93211326599119,0.86
ubuntu_irc,interaction,wikipedia_en,gutenberg_pg_19,-5.2218536449459085,-17.0157799243927,3.5131702542304986,0.892
ubuntu_irc,interaction,wikipedia_en,pile_cc,-1.8300959693918875,-5.03970775604248,1.1903003156185137,0.844
ubuntu_irc,interaction,wikipedia_en,ubuntu_irc,-221.97313298583887,-262.9945755004883,-186.67424812316895,1.0
ubuntu_irc,interaction,wikipedia_en,europarl,-44.235428883409625,-114.81865444183349,19.49235620498655,0.924
ubuntu_irc,interaction,wikipedia_en,hackernews,-50.593662151545225,-95.34203777313232,38.327440357208246,0.8180000000000001
ubuntu_irc,interaction,wikipedia_en,pubmed_abstracts,1.0618560303246372,-5.535314357280731,5.989637625217426,0.566
ubuntu_irc,interaction,wikipedia_en,uspto_backgrounds,-1.7981088965156025,-6.67488100528717,3.882258218526839,0.694
ubuntu_irc,interaction,dm_mathematics,github,-0.417507583001019,-22.346405220031738,19.733783864974974,0.5640000000000001
ubuntu_irc,interaction,dm_mathematics,philpapers,-43.50986304468168,-214.53927268981934,140.38979721069336,0.6699999999999999
ubuntu_irc,interaction,dm_mathematics,stackexchange,1.3712666411831136,-20.25346612930298,20.98288955688476,0.504
ubuntu_irc,interaction,dm_mathematics,enron_emails,-28.04940665614713,-654.1804534912109,384.024478149414,0.5660000000000001
ubuntu_irc,interaction,dm_mathematics,gutenberg_pg_19,-10.401541291073636,-36.19733896255493,19.15460081100463,0.736
ubuntu_irc,interaction,dm_mathematics,pile_cc,1.6001365755284453,-21.090304231643678,23.002735948562616,0.504
ubuntu_irc,interaction,dm_mathematics,ubuntu_irc,-211.1205709944017,-269.04491958618166,-157.11236076354987,1.0
ubuntu_irc,interaction,dm_mathematics,europarl,-61.93802805648931,-182.61798667907715,27.22850975990295,0.914
ubuntu_irc,interaction,dm_mathematics,hackernews,-77.1952879281028,-157.84155769348143,60.61858568191521,0.87
ubuntu_irc,interaction,dm_mathematics,pubmed_abstracts,7.228277836906124,-16.770417261123654,35.750103187561,0.716
ubuntu_irc,interaction,dm_mathematics,uspto_backgrounds,-3.8634262138143964,-30.73213219642639,18.99851627349853,0.696
ubuntu_irc,interaction,github,philpapers,-14.162683596151346,-129.49020690917968,106.18675098419189,0.5640000000000001
ubuntu_irc,interaction,github,stackexchange,0.3224062535200104,-1.6810847371816633,1.964771565794944,0.642
ubuntu_irc,interaction,github,enron_emails,-182.76071157380474,-274.82127075195314,55.71233177185055,0.902
ubuntu_irc,interaction,github,gutenberg_pg_19,-6.608090382481008,-17.07316656112671,1.9118598014116253,0.954
ubuntu_irc,interaction,github,pile_cc,-0.8586448539834277,-3.2211256980895997,1.2559094160795208,0.8140000000000001
ubuntu_irc,interaction,github,ubuntu_irc,-223.79172465530073,-265.7207847595215,-187.87069664001467,1.0
ubuntu_irc,interaction,github,europarl,-51.01096675868332,-118.63056392669678,10.932756400108337,0.942
ubuntu_irc,interaction,github,hackernews,-63.95059178505102,-102.50193214416504,30.788433265686027,0.868
ubuntu_irc,interaction,github,pubmed_abstracts,1.5964333741884686,-2.159760570526123,5.195244061946868,0.798
ubuntu_irc,interaction,github,uspto_backgrounds,-0.6680294178146408,-4.31843376159668,3.320894980430603,0.604
ubuntu_irc,interaction,philpapers,stackexchange,-9.73939242556183,-139.8346652984619,103.92606296539304,0.602
ubuntu_irc,interaction,philpapers,enron_emails,8.431786111851508,-1368.0566802978515,1952.8691772460932,0.618
ubuntu_irc,interaction,philpapers,gutenberg_pg_19,-35.30339075914477,-175.1627243041992,97.37102718353265,0.722
ubuntu_irc,interaction,philpapers,pile_cc,-5.973599412526147,-123.05240516662597,112.63514423370358,0.518
ubuntu_irc,interaction,philpapers,ubuntu_irc,-163.3848967048048,-372.426187133789,165.60990257263134,0.798
ubuntu_irc,interaction,philpapers,europarl,76.35932616856564,-333.3900482177734,452.81630477905253,0.732
ubuntu_irc,interaction,philpapers,hackernews,-190.9948585167639,-588.5864166259765,327.89032669067365,0.708
ubuntu_irc,interaction,philpapers,pubmed_abstracts,-73.8510152700251,-219.4106262207031,55.334159469604494,0.862
ubuntu_irc,interaction,philpapers,uspto_backgrounds,-2.993717659010957,-130.15616455078126,125.11657924652096,0.508
ubuntu_irc,interaction,stackexchange,enron_emails,-224.4769773764422,-338.34851531982423,32.74595870971679,0.94
ubuntu_irc,interaction,stackexchange,gutenberg_pg_19,-1.9501746598713756,-9.177267789840698,7.427289259433735,0.694
ubuntu_irc,interaction,stackexchange,pile_cc,-0.6661076107393552,-3.0247545063495633,1.3667714595794676,0.758
ubuntu_irc,interaction,stackexchange,ubuntu_irc,-220.98393042518498,-262.44129943847656,-186.96915550231935,1.0
ubuntu_irc,interaction,stackexchange,europarl,-45.99909549071416,-114.97898006439209,17.921583414077737,0.928
ubuntu_irc,interaction,stackexchange,hackernews,-58.44944361527716,-97.84172172546387,34.789945316314686,0.832
ubuntu_irc,interaction,stackexchange,pubmed_abstracts,1.8770013248735153,-3.1266008436679837,7.81590403318405,0.828
ubuntu_irc,interaction,stackexchange,uspto_backgrounds,-0.8153859430903353,-5.0696370005607605,4.549360382556913,0.524
ubuntu_irc,interaction,enron_emails,gutenberg_pg_19,-133.92080077054996,-310.94780960083006,140.52632026672362,0.696
ubuntu_irc,interaction,enron_emails,pile_cc,-221.38920083998755,-314.6818458557129,9.269510269165021,0.972
ubuntu_irc,interaction,enron_emails,ubuntu_irc,-469.7279266834493,-813.3336059570312,195.80218582153245,0.906
ubuntu_irc,interaction,enron_emails,europarl,-590.2767330696721,-1326.6439544677735,220.44341697692647,0.928
ubuntu_irc,interaction,enron_emails,hackernews,-414.28554994813993,-1252.6195373535156,608.727799987793,0.74
ubuntu_irc,interaction,enron_emails,pubmed_abstracts,-121.17004930528118,-209.43433265686036,155.35131111145014,0.61
ubuntu_irc,interaction,enron_emails,uspto_backgrounds,-250.11029874393614,-367.4602470397949,-5.86671063899996,0.978
ubuntu_irc,interaction,gutenberg_pg_19,pile_cc,-6.165480510382536,-14.447803330421447,1.937062099575994,0.95
ubuntu_irc,interaction,gutenberg_pg_19,ubuntu_irc,-229.46517979296624,-282.9234504699707,-186.40423049926764,1.0
ubuntu_irc,interaction,gutenberg_pg_19,europarl,-49.80124005074011,-130.184167098999,18.773351812362666,0.928
ubuntu_irc,interaction,gutenberg_pg_19,hackernews,-66.10157819237342,-117.7386489868164,54.88100490570067,0.83
ubuntu_irc,interaction,gutenberg_pg_19,pubmed_abstracts,-6.970869572314841,-19.75986270904541,2.8612689018249453,0.92
ubuntu_irc,interaction,gutenberg_pg_19,uspto_backgrounds,-4.854820908701039,-16.827742052078246,5.542401492595667,0.81
ubuntu_irc,interaction,pile_cc,ubuntu_irc,-221.46687833701924,-257.2150169372559,-187.0459941864014,1.0
ubuntu_irc,interaction,pile_cc,europarl,-53.48452187608529,-125.23915977478028,8.100355005264264,0.966
ubuntu_irc,interaction,pile_cc,hackernews,-59.90214693223135,-100.41730079650878,27.35166592597961,0.868
ubuntu_irc,interaction,pile_cc,pubmed_abstracts,-0.4354950883169692,-4.94264463186264,4.559282863140098,0.606
ubuntu_irc,interaction,pile_cc,uspto_backgrounds,-0.4449096999226371,-3.2976789355278013,3.185459989309308,0.518
ubuntu_irc,interaction,ubuntu_irc,europarl,-213.93033355000026,-331.00340270996094,-99.16785011291515,1.0
ubuntu_irc,interaction,ubuntu_irc,hackernews,-215.4650542208821,-318.3632217407227,-56.757814311981285,0.996
ubuntu_irc,interaction,ubuntu_irc,pubmed_abstracts,-225.75731830592184,-265.5690437316895,-187.0165699005127,1.0
ubuntu_irc,interaction,ubuntu_irc,uspto_backgrounds,-226.41347722538833,-269.52794647216797,-189.9545455932617,1.0
ubuntu_irc,interaction,europarl,hackernews,-90.27063976175626,-202.1310070037842,80.06615371704096,0.81
ubuntu_irc,interaction,europarl,pubmed_abstracts,-38.364664502145914,-102.39077644348144,23.308113527297966,0.876
ubuntu_irc,interaction,europarl,uspto_backgrounds,-58.093359330782576,-127.0229721069336,8.585295701026908,0.958
ubuntu_irc,interaction,hackernews,pubmed_abstracts,-44.16476463906219,-86.96366596221924,50.682137203216534,0.722
ubuntu_irc,interaction,hackernews,uspto_backgrounds,-41.74026855446519,-89.1358097076416,55.35665950775142,0.6839999999999999
ubuntu_irc,interaction,pubmed_abstracts,uspto_backgrounds,2.971983700915075,-2.558923256397247,9.670466303825368,0.87
hackernews,interaction,arxiv,freelaw,0.03506756737642968,-0.8135831639170646,0.686059184372425,0.534
hackernews,interaction,arxiv,nih_exporter,-2.9995315409647816,-40.01142253875732,35.12722225189206,0.5760000000000001
hackernews,interaction,arxiv,pubmed_central,-0.17094406285395217,-0.8063909232616424,0.44003245905041627,0.696
hackernews,interaction,arxiv,wikipedia_en,-0.27292721341051573,-1.145245748758316,0.7080850809812537,0.6599999999999999
hackernews,interaction,arxiv,dm_mathematics,-2.9951216669349923,-9.094394874572753,2.878185945749282,0.834
hackernews,interaction,arxiv,github,-0.36452835996822425,-1.1795527696609496,0.655472594499588,0.7
hackernews,interaction,arxiv,philpapers,56.19769548221065,-2.8154158532619444,68.24709949493408,0.966
hackernews,interaction,arxiv,stackexchange,-1.099299699820071,-2.0610138714313506,-0.5012971572577954,0.998
hackernews,interaction,arxiv,enron_emails,-29.653446557346324,-48.57668924331665,38.69682607650756,0.608
hackernews,interaction,arxiv,gutenberg_pg_19,-2.8322846013331446,-5.358278834819793,-0.8339124351739884,0.996
hackernews,interaction,arxiv,pile_cc,-1.7536919846884704,-2.3623491764068603,-1.1931205570697785,1.0
hackernews,interaction,arxiv,ubuntu_irc,-8.447187951345231,-16.93599419593811,0.6668556466698599,0.964
hackernews,interaction,arxiv,europarl,-8.903616099090135,-25.537779569625854,9.103315782546993,0.842
hackernews,interaction,arxiv,hackernews,-124.55432677636986,-136.97814559936523,-93.06344032287598,1.0
hackernews,interaction,arxiv,pubmed_abstracts,-0.3477991581462524,-1.788206648826599,1.0250589415431004,0.656
hackernews,interaction,arxiv,uspto_backgrounds,-0.3261462496234132,-1.7121558755636215,1.2996127873659122,0.6579999999999999
hackernews,interaction,freelaw,nih_exporter,2.5693388598536124,-35.52405261993408,37.048591518402084,0.528
hackernews,interaction,freelaw,pubmed_central,-1.1789941229412595,-1.9609853774309158,-0.35382993295788856,1.0
hackernews,interaction,freelaw,wikipedia_en,-1.2335645685589955,-2.8514447152614593,0.27945031151175415,0.938
hackernews,interaction,freelaw,dm_mathematics,-2.2250909026419694,-7.98265995979309,3.3641749083995807,0.74
hackernews,interaction,freelaw,github,-0.5283144362692318,-1.7062240332365035,0.22523200772702678,0.91
hackernews,interaction,freelaw,philpapers,57.86197557177804,-2.0701355963945374,72.15675907135008,0.966
hackernews,interaction,freelaw,stackexchange,-1.3806328927324534,-2.6278183698654174,-0.4187781043350699,1.0
hackernews,interaction,freelaw,enron_emails,-41.66396207581951,-92.33956699371338,53.298890781402534,0.724
hackernews,interaction,freelaw,gutenberg_pg_19,-2.4165901552561944,-4.963762950897217,0.08831661716103464,0.968
hackernews,interaction,freelaw,pile_cc,-1.3712305481940799,-2.581773555278778,-0.4183834478259093,0.992
hackernews,interaction,freelaw,ubuntu_irc,-8.835517853931528,-18.001833963394166,0.5042635127901943,0.97
hackernews,interaction,freelaw,europarl,-6.8724914427457,-23.965291738510132,10.422239851951597,0.76
hackernews,interaction,freelaw,hackernews,-119.32005722893727,-131.70380973815918,-87.79185943603515,1.0
hackernews,interaction,freelaw,pubmed_abstracts,-1.532207431112726,-2.9179413437843325,-0.20462743043899553,0.99
hackernews,interaction,freelaw,uspto_backgrounds,-1.2447869532047224,-3.025854390859604,0.11188048087060433,0.954
hackernews,interaction,nih_exporter,pubmed_central,-4.265297868830852,-47.91474380493164,29.682901906967132,0.624
hackernews,interaction,nih_exporter,wikipedia_en,-1.7748095374836146,-44.3182014465332,38.48889074325561,0.534
hackernews,interaction,nih_exporter,dm_mathematics,-25.53042329753552,-71.8286247253418,36.83499336242675,0.794
hackernews,interaction,nih_exporter,github,3.0686401077608276,-34.51148405075073,37.58766603469847,0.528
hackernews,interaction,nih_exporter,philpapers,89.67974356056271,-165.1812873840332,248.3979026794433,0.66
hackernews,interaction,nih_exporter,stackexchange,-4.816344813313738,-42.201818466186516,32.853242206573434,0.5800000000000001
hackernews,interaction,nih_exporter,enron_emails,-137.01484567820947,-666.5845672607422,413.2697189331052,0.6679999999999999
hackernews,interaction,nih_exporter,gutenberg_pg_19,4.5428817084740665,-44.35976972579956,37.41863956451416,0.548
hackernews,interaction,nih_exporter,pile_cc,-1.2814037295255618,-36.919677543640134,32.94058766365046,0.524
hackernews,interaction,nih_exporter,ubuntu_irc,4.657873094340371,-78.9590482711792,66.794519996643,0.538
hackernews,interaction,nih_exporter,europarl,-38.26753414530527,-109.91205081939697,82.98422641754149,0.648
hackernews,interaction,nih_exporter,hackernews,-87.41334496820582,-157.75762023925782,10.906927204132037,0.968
hackernews,interaction,nih_exporter,pubmed_abstracts,5.3999377378934525,-31.41097593307495,47.682191085815425,0.65
hackernews,interaction,nih_exporter,uspto_backgrounds,-10.38656450252952,-53.041227149963376,24.231195402145335,0.78
hackernews,interaction,pubmed_central,wikipedia_en,-1.05535688055541,-2.08374160528183,0.03985344534739832,0.968
hackernews,interaction,pubmed_central,dm_mathematics,0.622179069265583,-4.723316466808319,6.781824362277984,0.618
hackernews,interaction,pubmed_central,github,-0.9788658981402513,-1.7834872424602508,-0.1828999001532793,0.99
hackernews,interaction,pubmed_central,philpapers,59.954460864109556,1.2193777978420264,75.35021457672117,0.98
hackernews,interaction,pubmed_central,stackexchange,-0.9957497662020299,-1.8193510204553605,-0.09798833597451614,0.98
hackernews,interaction,pubmed_central,enron_emails,-46.693780362274964,-64.44542713165283,19.659246397018432,0.836
hackernews,interaction,pubmed_central,gutenberg_pg_19,-3.6368588645310234,-6.199478399753571,-0.9856089040637024,0.99
hackernews,interaction,pubmed_central,pile_cc,-2.014805186821161,-3.2246909856796266,-1.4540995955467226,1.0
hackernews,interaction,pubmed_central,ubuntu_irc,-8.714906332067487,-17.639169645309448,1.1688158899545662,0.952
hackernews,interaction,pubmed_central,europarl,-6.443646787418071,-23.4590913772583,10.033120560646054,0.76
hackernews,interaction,pubmed_central,hackernews,-125.81251271828322,-142.46413383483886,-93.51739158630372,1.0
hackernews,interaction,pubmed_central,pubmed_abstracts,0.9482042821194074,-0.6188210859894752,2.617612290382384,0.894
hackernews,interaction,pubmed_central,uspto_backgrounds,0.374447681327794,-1.7170047670602797,2.1333986580371853,0.616
hackernews,interaction,wikipedia_en,dm_mathematics,-2.875194163640321,-9.59870512485504,3.681480401754378,0.766
hackernews,interaction,wikipedia_en,github,-0.7406573255701112,-1.924744760990143,0.024650753755122143,0.97
hackernews,interaction,wikipedia_en,philpapers,66.25439718572962,12.606514692306519,80.06301708221434,0.992
hackernews,interaction,wikipedia_en,stackexchange,-0.8886492327048884,-2.2971656382083894,0.6150817111134527,0.858
hackernews,interaction,wikipedia_en,enron_emails,-39.232531967768686,-56.28032178878784,34.47539319992064,0.6779999999999999
hackernews,interaction,wikipedia_en,gutenberg_pg_19,-3.9156747371873286,-6.177604937553406,-1.5625797390937812,1.0
hackernews,interaction,wikipedia_en,pile_cc,-1.3584581207893862,-2.1122047185897825,-0.21352532953023934,0.992
hackernews,interaction,wikipedia_en,ubuntu_irc,-10.431528777826596,-18.941355848312377,-1.3758928209543255,0.98
hackernews,interaction,wikipedia_en,europarl,-6.823543298071233,-22.70188021659851,10.632764053344724,0.746
hackernews,interaction,wikipedia_en,hackernews,-118.92662778459417,-133.77774963378906,-87.14643096923828,1.0
hackernews,interaction,wikipedia_en,pubmed_abstracts,-1.0211703819927713,-2.7641493320465087,0.6130161330103874,0.89
hackernews,interaction,wikipedia_en,uspto_backgrounds,-0.9854154420556948,-2.459751588106155,0.3214491136372087,0.926
hackernews,interaction,dm_mathematics,github,-2.1441262552785947,-7.739482069015503,3.026227289438247,0.792
hackernews,interaction,dm_mathematics,philpapers,82.64978058078273,6.434928476810457,107.661279296875,0.984
hackernews,interaction,dm_mathematics,stackexchange,0.29818575021453636,-4.9896835565567015,5.782782769203185,0.55
hackernews,interaction,dm_mathematics,enron_emails,-40.473427260077436,-173.1305248260498,81.46949901580807,0.636
hackernews,interaction,dm_mathematics,gutenberg_pg_19,-3.0904672635841552,-9.589920496940612,3.7688519537448806,0.792
hackernews,interaction,dm_mathematics,pile_cc,-1.4102296132147563,-6.622880780696869,3.5683463633060413,0.7
hackernews,interaction,dm_mathematics,ubuntu_irc,-6.3826732624294245,-18.95534381866455,8.093164658546442,0.8220000000000001
hackernews,interaction,dm_mathematics,europarl,-8.057881744448396,-36.36486968994141,21.473304748535153,0.6699999999999999
hackernews,interaction,dm_mathematics,hackernews,-121.8976031161757,-137.30724029541017,-83.72986640930176,1.0
hackernews,interaction,dm_mathematics,pubmed_abstracts,-1.829816784119223,-8.795106124877929,4.908859634399413,0.692
hackernews,interaction,dm_mathematics,uspto_backgrounds,-1.6109161031320092,-8.103624486923218,4.810051095485687,0.634
hackernews,interaction,github,philpapers,60.199303314114445,2.6779833257198336,71.90642566680907,0.98
hackernews,interaction,github,stackexchange,-0.39354715111041116,-1.0838451504707336,0.10654032211750743,0.942
hackernews,interaction,github,enron_emails,-42.031546596695904,-59.7697057723999,32.37327375411986,0.782
hackernews,interaction,github,gutenberg_pg_19,-2.449985265816337,-4.65868878364563,-0.5100564852356915,0.998
hackernews,interaction,github,pile_cc,-1.3558176094042973,-1.8087202787399292,-0.8386084228754045,1.0
hackernews,interaction,github,ubuntu_irc,-9.40108668648398,-18.03070182800293,-0.408747973293068,0.978
hackernews,interaction,github,europarl,-5.986344267621522,-22.393583679199217,11.264363646507253,0.734
hackernews,interaction,github,hackernews,-118.85934596612634,-130.7756088256836,-86.60178394317629,1.0
hackernews,interaction,github,pubmed_abstracts,0.0014699789387945673,-1.060609257221222,1.2427631944417952,0.564
hackernews,interaction,github,uspto_backgrounds,-0.20915029691432424,-1.5749062061309813,0.9994961753487586,0.626
hackernews,interaction,philpapers,stackexchange,66.12730724801901,7.036198568344118,79.70166854858397,0.988
hackernews,interaction,philpapers,enron_emails,-138.15371840253087,-477.0959991455078,252.3784091949461,0.764
hackernews,interaction,philpapers,gutenberg_pg_19,53.82629453199261,-3.643626284599304,68.49111461639404,0.96
hackernews,interaction,philpapers,pile_cc,61.06481023698663,5.0109530806541445,75.1517526626587,0.988
hackernews,interaction,philpapers,ubuntu_irc,72.96827581925004,-17.30469765663147,136.20892219543452,0.928
hackernews,interaction,philpapers,europarl,65.46093581612442,-44.29475545883179,158.29336624145503,0.794
hackernews,interaction,philpapers,hackernews,-72.80814677480681,-189.15790405273438,16.652029752731284,0.958
hackernews,interaction,philpapers,pubmed_abstracts,52.04676806140515,-4.233162033557892,70.65359992980956,0.956
hackernews,interaction,philpapers,uspto_backgrounds,60.74684362411344,-1.073645742237567,73.17872924804684,0.966
hackernews,interaction,stackexchange,enron_emails,-48.79529261039913,-71.06204643249511,29.283346557617183,0.796
hackernews,interaction,stackexchange,gutenberg_pg_19,-1.6843270322759816,-3.3986883878707888,0.17688495218753733,0.96
hackernews,interaction,stackexchange,pile_cc,-1.0363295837619768,-1.7068480193614959,-0.43536316379904755,1.0
hackernews,interaction,stackexchange,ubuntu_irc,-5.945139526738678,-14.205194091796875,4.373850524425506,0.842
hackernews,interaction,stackexchange,europarl,-5.554847385688486,-20.84544506072998,10.843060731887816,0.72
hackernews,interaction,stackexchange,hackernews,-115.14372532580624,-127.3671115875244,-86.05759258270264,1.0
hackernews,interaction,stackexchange,pubmed_abstracts,-0.5812135742115646,-2.2187019526958465,0.8562170088291161,0.76
hackernews,interaction,stackexchange,uspto_backgrounds,-1.5408766523164952,-2.8197125673294066,-0.1062072679400445,0.984
hackernews,interaction,enron_emails,gutenberg_pg_19,-13.555941711001378,-48.06249208450317,72.08996715545653,0.586
hackernews,interaction,enron_emails,pile_cc,-36.732878632328685,-53.19307022094726,32.12443618774413,0.698
hackernews,interaction,enron_emails,ubuntu_irc,-41.25681062947541,-122.9411018371582,120.39838314056396,0.552
hackernews,interaction,enron_emails,europarl,-17.230264491232056,-166.1388774871826,192.6179218292236,0.558
hackernews,interaction,enron_emails,hackernews,-80.34803743576114,-297.67719955444335,134.11697044372553,0.708
hackernews,interaction,enron_emails,pubmed_abstracts,-44.06871625617193,-70.17215900421142,30.489827489852903,0.772
hackernews,interaction,enron_emails,uspto_backgrounds,-49.24032031379524,-83.51094665527343,37.38091297149658,0.794
hackernews,interaction,gutenberg_pg_19,pile_cc,-2.2760204972946996,-4.288197660446167,-0.3031494364142431,0.986
hackernews,interaction,gutenberg_pg_19,ubuntu_irc,-9.355758490469997,-21.594517374038695,1.308165872097014,0.956
hackernews,interaction,gutenberg_pg_19,europarl,-6.158121616293041,-22.634166860580443,12.564343500137328,0.696
hackernews,interaction,gutenberg_pg_19,hackernews,-116.12050375034512,-129.70478439331055,-81.73273582458496,1.0
hackernews,interaction,gutenberg_pg_19,pubmed_abstracts,-1.9849661239025875,-4.966530013084411,0.8670298367738719,0.894
hackernews,interaction,gutenberg_pg_19,uspto_backgrounds,-1.4829028689213013,-4.0542755126953125,0.9966868519783011,0.872
hackernews,interaction,pile_cc,ubuntu_irc,-6.636112036076692,-14.430047202110291,2.77568350434303,0.884
hackernews,interaction,pile_cc,europarl,-9.113208091268422,-26.066887855529785,7.339274537563294,0.876
hackernews,interaction,pile_cc,hackernews,-108.92029004317082,-121.62739295959473,-81.17191696166992,1.0
hackernews,interaction,pile_cc,pubmed_abstracts,-1.0926423653884874,-2.2482697784900663,0.29383810982108094,0.924
hackernews,interaction,pile_cc,uspto_backgrounds,-1.3274305014687169,-2.2755949020385744,-0.2616345860064055,0.992
hackernews,interaction,ubuntu_irc,europarl,0.7007146481839936,-30.939212131500245,28.153054952621456,0.526
hackernews,interaction,ubuntu_irc,hackernews,-117.26563240586441,-143.38145217895507,-76.69385852813723,1.0
hackernews,interaction,ubuntu_irc,pubmed_abstracts,-9.302441284629516,-18.256128215789794,0.7079431146383272,0.96
hackernews,interaction,ubuntu_irc,uspto_backgrounds,-8.100766989088022,-18.60464835166931,2.1274975478649107,0.9359999999999999
hackernews,interaction,europarl,hackernews,-135.06462058915912,-158.98285331726075,-74.68928947448734,1.0
hackernews,interaction,europarl,pubmed_abstracts,-8.495043759274125,-24.3869508266449,9.09943752288818,0.8280000000000001
hackernews,interaction,europarl,uspto_backgrounds,0.20949039178595577,-16.41897587776184,18.720554780960082,0.544
hackernews,interaction,hackernews,pubmed_abstracts,-122.80121671533216,-134.27458000183105,-89.47591934204104,1.0
hackernews,interaction,hackernews,uspto_backgrounds,-122.5300272988839,-133.29493408203126,-92.33063793182374,1.0
hackernews,interaction,pubmed_abstracts,uspto_backgrounds,0.4451047458007729,-1.2206010460853576,2.285860943794249,0.742
pubmed_abstracts,interaction,arxiv,freelaw,-0.013166772358857066,-1.2801491647958756,1.36032834649086,0.53
pubmed_abstracts,interaction,arxiv,nih_exporter,-44.27340381299598,-82.91742992401123,-0.863282001018526,0.978
pubmed_abstracts,interaction,arxiv,pubmed_central,-2.3682704696583694,-2.9938848137855527,-1.598678520321846,1.0
pubmed_abstracts,interaction,arxiv,wikipedia_en,-0.5375958934719034,-1.7874693393707275,0.8561365172266949,0.786
pubmed_abstracts,interaction,arxiv,dm_mathematics,-1.5108881599090436,-9.487003135681151,6.406256258487696,0.62
pubmed_abstracts,interaction,arxiv,github,-1.6902902252264147,-2.9498431384563446,-0.04203733503818553,0.978
pubmed_abstracts,interaction,arxiv,philpapers,-8.533489245577352,-53.39330825805664,47.07398080825804,0.5660000000000001
pubmed_abstracts,interaction,arxiv,stackexchange,-0.42300318740976395,-1.5150350093841551,1.0701183706521977,0.708
pubmed_abstracts,interaction,arxiv,enron_emails,-19.757668073989283,-80.04798984527588,54.58568429946898,0.6759999999999999
pubmed_abstracts,interaction,arxiv,gutenberg_pg_19,-0.13908365951476978,-3.4358080625534058,3.086884731054306,0.532
pubmed_abstracts,interaction,arxiv,pile_cc,-0.6866991245477696,-1.6326560527086258,0.4720829024910925,0.88
pubmed_abstracts,interaction,arxiv,ubuntu_irc,-9.241675924522152,-21.384892892837524,3.4272320628166084,0.918
pubmed_abstracts,interaction,arxiv,europarl,1.2822550828962134,-23.82786602973938,22.15601844787596,0.518
pubmed_abstracts,interaction,arxiv,hackernews,8.022280308183989,-22.743333339691162,33.47046251296996,0.692
pubmed_abstracts,interaction,arxiv,pubmed_abstracts,-9.199321323774926,-11.308801436424256,-7.450619637966158,1.0
pubmed_abstracts,interaction,arxiv,uspto_backgrounds,-1.2893944260718486,-2.301784098148346,0.07116608982905608,0.966
pubmed_abstracts,interaction,freelaw,nih_exporter,-46.71827819071118,-77.7295310974121,1.7047138988971353,0.966
pubmed_abstracts,interaction,freelaw,pubmed_central,-2.220102505525121,-3.0171252310276033,-1.2691971123218537,1.0
pubmed_abstracts,interaction,freelaw,wikipedia_en,0.2075614306818948,-1.2168449461460114,1.4939034849405286,0.6
pubmed_abstracts,interaction,freelaw,dm_mathematics,-1.8571637109712094,-8.798903679847717,6.87098091840744,0.5920000000000001
pubmed_abstracts,interaction,freelaw,github,-0.441178432997775,-3.6738412618637084,1.7089246630668624,0.5840000000000001
pubmed_abstracts,interaction,freelaw,philpapers,-16.07891449757293,-56.194684696197506,50.75776643753051,0.5640000000000001
pubmed_abstracts,interaction,freelaw,stackexchange,-0.7201824726303221,-2.380142647027969,0.5954279705882071,0.868
pubmed_abstracts,interaction,freelaw,enron_emails,-25.627644858996494,-139.58339805603026,75.66620178222648,0.6
pubmed_abstracts,interaction,freelaw,gutenberg_pg_19,-1.0525160707334924,-4.836910915374756,1.9159719705581655,0.736
pubmed_abstracts,interaction,freelaw,pile_cc,-1.0399906348231702,-2.4376067996025084,0.40242436975240603,0.91
pubmed_abstracts,interaction,freelaw,ubuntu_irc,-9.237600034981948,-23.951148748397827,5.261570954322814,0.898
pubmed_abstracts,interaction,freelaw,europarl,5.025943287683903,-19.61933431625366,25.439233207702635,0.664
pubmed_abstracts,interaction,freelaw,hackernews,15.322573261739448,-13.567097234725951,42.736195087432854,0.844
pubmed_abstracts,interaction,freelaw,pubmed_abstracts,-10.465133394789278,-12.783357906341553,-8.43006284236908,1.0
pubmed_abstracts,interaction,freelaw,uspto_backgrounds,-2.5284713847494436,-4.09399174451828,-0.8501080393791204,0.998
pubmed_abstracts,interaction,nih_exporter,pubmed_central,-23.90445925428885,-56.011686134338376,22.81040339469909,0.786
pubmed_abstracts,interaction,nih_exporter,wikipedia_en,-41.54325379764644,-77.146724319458,2.7619320511817786,0.956
pubmed_abstracts,interaction,nih_exporter,dm_mathematics,-33.54196296490412,-100.8902738571167,31.21883635520934,0.808
pubmed_abstracts,interaction,nih_exporter,github,-49.84968109315528,-93.78575420379639,-8.876004123687768,0.994
pubmed_abstracts,interaction,nih_exporter,philpapers,-7.864695242138434,-291.5063934326172,242.22378768920896,0.562
pubmed_abstracts,interaction,nih_exporter,stackexchange,-43.159585476191715,-78.15334663391113,5.341935396194452,0.958
pubmed_abstracts,interaction,nih_exporter,enron_emails,-58.03567564721619,-619.239241027832,665.502359008789,0.528
pubmed_abstracts,interaction,nih_exporter,gutenberg_pg_19,-28.26687499623359,-72.2382968902588,21.261164522170997,0.858
pubmed_abstracts,interaction,nih_exporter,pile_cc,-37.95014005322093,-71.12282047271728,6.453107714653008,0.942
pubmed_abstracts,interaction,nih_exporter,ubuntu_irc,-53.15768904471325,-127.18988056182862,40.54196834564199,0.872
pubmed_abstracts,interaction,nih_exporter,europarl,-83.85980815047779,-176.8586654663086,58.84394311904907,0.886
pubmed_abstracts,interaction,nih_exporter,hackernews,18.252355014821216,-52.280001354217525,127.03040771484368,0.784
pubmed_abstracts,interaction,nih_exporter,pubmed_abstracts,-37.35086336874938,-75.77709350585937,10.766914343833896,0.91
pubmed_abstracts,interaction,nih_exporter,uspto_backgrounds,-32.3292605273735,-67.88605365753173,13.741419768333433,0.876
pubmed_abstracts,interaction,pubmed_central,wikipedia_en,-1.436679886665997,-2.4973143100738526,-0.3598493672907353,0.996
pubmed_abstracts,interaction,pubmed_central,dm_mathematics,-1.7826240173129213,-9.580205845832825,6.895187306404114,0.616
pubmed_abstracts,interaction,pubmed_central,github,-3.4242211199887613,-5.109137344360351,-2.1886131346225746,1.0
pubmed_abstracts,interaction,pubmed_central,philpapers,-11.671499202761305,-53.85290126800537,53.760658740997314,0.5680000000000001
pubmed_abstracts,interaction,pubmed_central,stackexchange,-3.2705802664136265,-4.332199990749359,-2.342057490348817,1.0
pubmed_abstracts,interaction,pubmed_central,enron_emails,-7.314541651411815,-60.61048641204834,68.2020654678344,0.514
pubmed_abstracts,interaction,pubmed_central,gutenberg_pg_19,-3.5130086943437284,-6.477088451385498,-0.19429761618376176,0.982
pubmed_abstracts,interaction,pubmed_central,pile_cc,-1.3217681074669092,-1.847671952843666,-0.7385939329862595,1.0
pubmed_abstracts,interaction,pubmed_central,ubuntu_irc,-12.882222386554192,-26.09067611694336,1.1912897199392312,0.964
pubmed_abstracts,interaction,pubmed_central,europarl,3.069879984430147,-19.58795962333679,24.68318800926207,0.592
pubmed_abstracts,interaction,pubmed_central,hackernews,6.399025737153244,-20.066051197052,27.96791973114013,0.642
pubmed_abstracts,interaction,pubmed_central,pubmed_abstracts,-4.893788312753212,-6.483959066867828,-2.808060956001283,1.0
pubmed_abstracts,interaction,pubmed_central,uspto_backgrounds,-2.0533459701640715,-2.8311815083026888,-1.0337894231081013,0.998
pubmed_abstracts,interaction,wikipedia_en,dm_mathematics,-2.703004222766502,-10.052984738349915,5.65993605852127,0.722
pubmed_abstracts,interaction,wikipedia_en,github,0.08409262766790437,-2.4770086467266084,1.956757971644401,0.51
pubmed_abstracts,interaction,wikipedia_en,philpapers,-18.874653776513036,-60.6337064743042,40.138978958129854,0.698
pubmed_abstracts,interaction,wikipedia_en,stackexchange,-0.24472204848281418,-2.278960484266281,2.4333719372749316,0.598
pubmed_abstracts,interaction,wikipedia_en,enron_emails,6.188672346508424,-55.303839111328124,92.44451007843016,0.644
pubmed_abstracts,interaction,wikipedia_en,gutenberg_pg_19,-0.6393201236754443,-3.949495369195938,2.6338066577911365,0.6779999999999999
pubmed_abstracts,interaction,wikipedia_en,pile_cc,0.17716634113701668,-0.7334255829453468,1.4394406259059904,0.704
pubmed_abstracts,interaction,wikipedia_en,ubuntu_irc,-12.489121597569962,-27.82331509590149,1.6584194093942557,0.958
pubmed_abstracts,interaction,wikipedia_en,europarl,2.656128547769928,-21.950786781311034,26.5870620727539,0.574
pubmed_abstracts,interaction,wikipedia_en,hackernews,6.729756565642267,-20.397804403305052,34.16384029388428,0.682
pubmed_abstracts,interaction,wikipedia_en,pubmed_abstracts,-8.202307565322648,-10.521701765060424,-6.741415703296662,1.0
pubmed_abstracts,interaction,wikipedia_en,uspto_backgrounds,-0.36063368392933814,-1.7194383203983306,0.9753826767206176,0.718
pubmed_abstracts,interaction,dm_mathematics,github,0.5362214091551165,-7.6925904750823975,9.274387955665583,0.546
pubmed_abstracts,interaction,dm_mathematics,philpapers,-5.718349124818009,-74.01007347106933,64.86237201690673,0.528
pubmed_abstracts,interaction,dm_mathematics,stackexchange,-0.7721223042667786,-7.766330313682556,7.3758956551551815,0.55
pubmed_abstracts,interaction,dm_mathematics,enron_emails,-31.25711995630005,-145.7669563293457,247.5303813934324,0.508
pubmed_abstracts,interaction,dm_mathematics,gutenberg_pg_19,-4.674414590161579,-14.603771448135376,4.713875353336333,0.848
pubmed_abstracts,interaction,dm_mathematics,pile_cc,-1.420585441571567,-8.193285799026489,6.54981651306152,0.532
pubmed_abstracts,interaction,dm_mathematics,ubuntu_irc,-21.095992458965373,-43.21648387908935,-1.78769919276238,0.98
pubmed_abstracts,interaction,dm_mathematics,europarl,17.161410117794865,-28.911162519454955,72.60633125305172,0.726
pubmed_abstracts,interaction,dm_mathematics,hackernews,7.427994483168497,-47.1162691116333,49.66754760742187,0.618
pubmed_abstracts,interaction,dm_mathematics,pubmed_abstracts,-9.636443323894667,-18.940848064422607,-0.4741134896874431,0.982
pubmed_abstracts,interaction,dm_mathematics,uspto_backgrounds,-2.840458066431037,-11.174081635475158,6.999973642826077,0.692
pubmed_abstracts,interaction,github,philpapers,-18.19678580025925,-59.709816455841064,43.55561065673827,0.656
pubmed_abstracts,interaction,github,stackexchange,-0.9754372058888123,-2.103306716680527,0.2991053029894822,0.928
pubmed_abstracts,interaction,github,enron_emails,-15.878738868430041,-68.00564765930176,72.06532897949218,0.5740000000000001
pubmed_abstracts,interaction,github,gutenberg_pg_19,-0.16288494855452948,-3.3903209805488586,2.8889780640602107,0.522
pubmed_abstracts,interaction,github,pile_cc,-0.40595118765702276,-1.4387410551309585,0.6258271574974059,0.72
pubmed_abstracts,interaction,github,ubuntu_irc,-11.764403939731253,-27.11915612220764,4.909504044055936,0.9339999999999999
pubmed_abstracts,interaction,github,europarl,1.61959845009043,-22.587301301956177,22.938994836807247,0.506
pubmed_abstracts,interaction,github,hackernews,16.59102648767336,-13.468994140625,41.60687379837036,0.848
pubmed_abstracts,interaction,github,pubmed_abstracts,-10.319339052417766,-12.598025345802307,-8.645922803878786,1.0
pubmed_abstracts,interaction,github,uspto_backgrounds,-2.856427681202343,-3.9676086008548737,-1.1535282850265505,1.0
pubmed_abstracts,interaction,philpapers,stackexchange,-13.219312707134351,-54.67318248748779,45.62129602432249,0.606
pubmed_abstracts,interaction,philpapers,enron_emails,-6.703227582261572,-531.0867691040039,713.5145401000974,0.538
pubmed_abstracts,interaction,philpapers,gutenberg_pg_19,7.057531136011786,-36.7930046081543,67.0260549545288,0.752
pubmed_abstracts,interaction,philpapers,pile_cc,-9.453523043181207,-49.60240020751953,51.200362968444814,0.528
pubmed_abstracts,interaction,philpapers,ubuntu_irc,-38.894869197624345,-141.270747756958,80.57328643798826,0.702
pubmed_abstracts,interaction,philpapers,europarl,-57.723520229373584,-197.60116996765137,57.79016313552853,0.796
pubmed_abstracts,interaction,philpapers,hackernews,-76.78840735690632,-201.32981719970704,80.73029708862303,0.8180000000000001
pubmed_abstracts,interaction,philpapers,pubmed_abstracts,0.39162454954828824,-49.868686294555665,64.76566219329834,0.608
pubmed_abstracts,interaction,philpapers,uspto_backgrounds,-16.463323587120314,-54.38581295013427,49.238339900970395,0.624
pubmed_abstracts,interaction,stackexchange,enron_emails,-45.333129830011124,-128.98454399108886,36.68603849411002,0.894
pubmed_abstracts,interaction,stackexchange,gutenberg_pg_19,-3.1986427154044668,-6.525621497631073,-0.3048803821206105,0.982
pubmed_abstracts,interaction,stackexchange,pile_cc,-0.6315952985311392,-1.5729288905858994,0.7793892979621887,0.844
pubmed_abstracts,interaction,stackexchange,ubuntu_irc,-13.655823788652677,-29.98185815811157,1.4575251653790247,0.972
pubmed_abstracts,interaction,stackexchange,europarl,1.9473153535971728,-22.320049238204955,23.267884635925284,0.538
pubmed_abstracts,interaction,stackexchange,hackernews,8.529074115716616,-19.529640293121336,34.18500719070434,0.75
pubmed_abstracts,interaction,stackexchange,pubmed_abstracts,-10.590774825893229,-13.070442366600037,-8.552702355384827,1.0
pubmed_abstracts,interaction,stackexchange,uspto_backgrounds,-2.532879720339106,-4.036019420623779,-1.1639676064252853,0.998
pubmed_abstracts,interaction,enron_emails,gutenberg_pg_19,9.042006032155964,-70.15376148223876,102.59422092437737,0.596
pubmed_abstracts,interaction,enron_emails,pile_cc,-6.681779671257705,-63.2162239074707,69.18008251190184,0.502
pubmed_abstracts,interaction,enron_emails,ubuntu_irc,-22.578177738657985,-160.8442356109619,209.15641059875486,0.51
pubmed_abstracts,interaction,enron_emails,europarl,99.47555924314635,-124.6753381729126,422.7368789672851,0.8
pubmed_abstracts,interaction,enron_emails,hackernews,84.64481224298368,-100.93903675079345,419.4753807067869,0.824
pubmed_abstracts,interaction,enron_emails,pubmed_abstracts,-12.309486566151458,-76.81648292541503,75.00390281677245,0.528
pubmed_abstracts,interaction,enron_emails,uspto_backgrounds,-7.383654917650866,-70.2893253326416,80.24096832275376,0.51
pubmed_abstracts,interaction,gutenberg_pg_19,pile_cc,-0.641601532743871,-3.6097393095493313,2.1579015314579,0.652
pubmed_abstracts,interaction,gutenberg_pg_19,ubuntu_irc,-14.36215528403451,-29.105397510528565,4.70576019287109,0.9299999999999999
pubmed_abstracts,interaction,gutenberg_pg_19,europarl,1.475679367889269,-25.852485275268556,24.612784957885733,0.534
pubmed_abstracts,interaction,gutenberg_pg_19,hackernews,13.985498086069242,-14.084952902793884,46.17812538146972,0.84
pubmed_abstracts,interaction,gutenberg_pg_19,pubmed_abstracts,-9.789218220658741,-13.951383042335511,-6.172186911106112,1.0
pubmed_abstracts,interaction,gutenberg_pg_19,uspto_backgrounds,-1.3630495996015162,-4.414809250831604,1.9774348914623257,0.748
pubmed_abstracts,interaction,pile_cc,ubuntu_irc,-10.78372597611712,-23.64701638221741,3.0082784593105303,0.9359999999999999
pubmed_abstracts,interaction,pile_cc,europarl,1.0754024973815,-22.243066596984864,23.300533342361447,0.51
pubmed_abstracts,interaction,pile_cc,hackernews,5.806486262179867,-22.485446166992187,29.58318653106689,0.652
pubmed_abstracts,interaction,pile_cc,pubmed_abstracts,-8.306349894071278,-10.180334544181823,-6.628740799427033,1.0
pubmed_abstracts,interaction,pile_cc,uspto_backgrounds,-1.3422445054560719,-2.101983052492142,-0.26423913463950366,0.988
pubmed_abstracts,interaction,ubuntu_irc,europarl,1.805314406737867,-41.192920970916745,51.311376476287826,0.616
pubmed_abstracts,interaction,ubuntu_irc,hackernews,-6.29061133945613,-54.4408501625061,37.29474143981924,0.608
pubmed_abstracts,interaction,ubuntu_irc,pubmed_abstracts,-22.64733494710956,-37.73948974609375,-7.108139598369604,1.0
pubmed_abstracts,interaction,ubuntu_irc,uspto_backgrounds,-11.415934695842068,-24.982456398010253,2.7517304718494393,0.9359999999999999
pubmed_abstracts,interaction,europarl,hackernews,-13.865429705506717,-79.8180742263794,40.95424165725705,0.752
pubmed_abstracts,interaction,europarl,pubmed_abstracts,-11.019856248234534,-35.749886703491214,10.05948960781097,0.8200000000000001
pubmed_abstracts,interaction,europarl,uspto_backgrounds,-1.474024639512432,-26.695947694778443,21.725306081771844,0.538
pubmed_abstracts,interaction,hackernews,pubmed_abstracts,3.6416840497013565,-26.79827036857605,27.91459350585936,0.572
pubmed_abstracts,interaction,hackernews,uspto_backgrounds,4.392666557153987,-21.38685460090637,30.121107625961287,0.606
pubmed_abstracts,interaction,pubmed_abstracts,uspto_backgrounds,-7.126171792183877,-9.209682273864747,-5.304918098449708,1.0
uspto_backgrounds,interaction,arxiv,freelaw,-0.3926478628295972,-1.1967711091041564,0.5708674550056455,0.746
uspto_backgrounds,interaction,arxiv,nih_exporter,-36.38155676629828,-64.29066600799561,20.58073720932002,0.848
uspto_backgrounds,interaction,arxiv,pubmed_central,-0.719223039832172,-1.5296228617429732,0.24406905360519873,0.9339999999999999
uspto_backgrounds,interaction,arxiv,wikipedia_en,-0.0585139454503909,-1.036689394712448,0.7921038091182704,0.602
uspto_backgrounds,interaction,arxiv,dm_mathematics,-4.324930760860624,-13.745648670196532,3.8748114168643926,0.8260000000000001
uspto_backgrounds,interaction,arxiv,github,-1.0122082743899845,-2.9492232620716092,0.6286049649119374,0.862
uspto_backgrounds,interaction,arxiv,philpapers,-20.15747489360467,-50.646601009368894,46.87120161056517,0.526
uspto_backgrounds,interaction,arxiv,stackexchange,0.5768159973025592,-0.4136121064424515,1.5292243927717204,0.88
uspto_backgrounds,interaction,arxiv,enron_emails,29.89393828607334,-28.793505907058716,95.14432773590086,0.85
uspto_backgrounds,interaction,arxiv,gutenberg_pg_19,-0.9349721576206766,-3.9100447952747346,2.374182236194609,0.6639999999999999
uspto_backgrounds,interaction,arxiv,pile_cc,-1.0802666994531664,-2.3194822311401366,-0.27570340335369115,0.998
uspto_backgrounds,interaction,arxiv,ubuntu_irc,-12.94173332393762,-27.92374358177185,-2.457814818620694,0.988
uspto_backgrounds,interaction,arxiv,europarl,-7.447941280507673,-36.73774242401123,16.446767234802234,0.72
uspto_backgrounds,interaction,arxiv,hackernews,-7.104946845897534,-32.37407007217407,24.42540659904478,0.622
uspto_backgrounds,interaction,arxiv,pubmed_abstracts,-0.9299703070451264,-2.452589046955109,0.6994492515921589,0.846
uspto_backgrounds,interaction,arxiv,uspto_backgrounds,-8.974811169256514,-11.594329953193665,-7.623861801624299,1.0
uspto_backgrounds,interaction,freelaw,nih_exporter,-34.42555820997027,-64.84617652893067,23.22607507705688,0.842
uspto_backgrounds,interaction,freelaw,pubmed_central,-1.1126650909333125,-1.8784017920494078,-0.13379505202174213,0.99
uspto_backgrounds,interaction,freelaw,wikipedia_en,0.40596618111942134,-1.127365446090698,2.0450494468212126,0.67
uspto_backgrounds,interaction,freelaw,dm_mathematics,-3.287235076843997,-11.67247257232666,5.072395372390745,0.75
uspto_backgrounds,interaction,freelaw,github,-0.8910000723331885,-3.480314540863037,0.6640788495540618,0.8200000000000001
uspto_backgrounds,interaction,freelaw,philpapers,-25.446823861424928,-53.14351148605346,46.980223274230944,0.518
uspto_backgrounds,interaction,freelaw,stackexchange,-0.3611672350795718,-1.7095947235822677,0.5444056332111358,0.742
uspto_backgrounds,interaction,freelaw,enron_emails,33.406851557745874,-65.4788408279419,115.35866870880123,0.668
uspto_backgrounds,interaction,freelaw,gutenberg_pg_19,0.9675484008026131,-2.531861704587936,4.180950951576231,0.732
uspto_backgrounds,interaction,freelaw,pile_cc,-0.9860423020979959,-3.048701286315918,0.2643688127398489,0.938
uspto_backgrounds,interaction,freelaw,ubuntu_irc,-12.287947973077952,-26.8599645614624,-1.038040348887445,0.98
uspto_backgrounds,interaction,freelaw,europarl,-2.224608547709852,-30.669672966003418,22.136379909515348,0.554
uspto_backgrounds,interaction,freelaw,hackernews,-3.927673266392561,-30.084855413436888,24.666508054733246,0.548
uspto_backgrounds,interaction,freelaw,pubmed_abstracts,-0.6242826272226255,-2.0380047380924227,0.9916052520275107,0.772
uspto_backgrounds,interaction,freelaw,uspto_backgrounds,-9.016439372083983,-11.019669675827027,-7.559345769882203,1.0
uspto_backgrounds,interaction,nih_exporter,pubmed_central,-34.230455360322985,-63.17500190734863,24.185383892059317,0.83
uspto_backgrounds,interaction,nih_exporter,wikipedia_en,-35.79763740519538,-62.96851968765259,22.929848814010604,0.8280000000000001
uspto_backgrounds,interaction,nih_exporter,dm_mathematics,-43.13076048065881,-103.72861881256104,36.327012825012154,0.8240000000000001
uspto_backgrounds,interaction,nih_exporter,github,-37.525681950699884,-67.36451091766358,16.879483842849726,0.874
uspto_backgrounds,interaction,nih_exporter,philpapers,-50.16046226891218,-302.39220809936523,295.84883270263646,0.516
uspto_backgrounds,interaction,nih_exporter,stackexchange,-48.93415347278402,-75.5867124557495,11.50417163372036,0.926
uspto_backgrounds,interaction,nih_exporter,enron_emails,247.3468859129434,-440.583014678955,771.0706924438476,0.738
uspto_backgrounds,interaction,nih_exporter,gutenberg_pg_19,-26.376114703544744,-57.357613754272464,32.24275703430176,0.726
uspto_backgrounds,interaction,nih_exporter,pile_cc,-29.985872207701732,-53.83351440429688,27.068471717834445,0.766
uspto_backgrounds,interaction,nih_exporter,ubuntu_irc,-55.245077921754024,-139.0848472595215,44.894390678405735,0.84
uspto_backgrounds,interaction,nih_exporter,europarl,-82.44542087140417,-207.94718704223632,68.15314178466792,0.834
uspto_backgrounds,interaction,nih_exporter,hackernews,-26.699023282071895,-110.58078269958496,94.34747943878173,0.554
uspto_backgrounds,interaction,nih_exporter,pubmed_abstracts,-38.86001984082727,-70.36701354980468,18.983467388153063,0.872
uspto_backgrounds,interaction,nih_exporter,uspto_backgrounds,-42.901520541127795,-70.47062454223632,16.67673220634459,0.908
uspto_backgrounds,interaction,pubmed_central,wikipedia_en,0.2564109468967725,-1.0869702905416487,1.4463837385177598,0.61
uspto_backgrounds,interaction,pubmed_central,dm_mathematics,-5.354645134218447,-14.974271297454834,2.781879496574397,0.886
uspto_backgrounds,interaction,pubmed_central,github,-1.4973584035077752,-2.602508956193924,-0.42036460638046286,1.0
uspto_backgrounds,interaction,pubmed_central,philpapers,-29.83910475253981,-59.419282817840575,35.377073764801004,0.6759999999999999
uspto_backgrounds,interaction,pubmed_central,stackexchange,-0.5557229066775353,-1.417887333035469,0.1830359332263469,0.944
uspto_backgrounds,interaction,pubmed_central,enron_emails,28.0352398324984,-25.573193550109863,82.74794883728026,0.816
uspto_backgrounds,interaction,pubmed_central,gutenberg_pg_19,-1.4673103424708192,-4.579519271850586,2.250850176811217,0.76
uspto_backgrounds,interaction,pubmed_central,pile_cc,-0.5886683901020405,-1.349883383512497,-0.025379135878756703,0.978
uspto_backgrounds,interaction,pubmed_central,ubuntu_irc,-13.658993669406293,-28.881512212753297,-1.7825977176427843,0.99
uspto_backgrounds,interaction,pubmed_central,europarl,-6.037789755991238,-34.47250146865845,15.945965480804439,0.694
uspto_backgrounds,interaction,pubmed_central,hackernews,-2.204373102731137,-25.755912113189698,24.29336037635803,0.512
uspto_backgrounds,interaction,pubmed_central,pubmed_abstracts,-0.7370309377311671,-2.0462261974811553,1.0550682157278053,0.702
uspto_backgrounds,interaction,pubmed_central,uspto_backgrounds,-7.9508478769805455,-10.357893824577332,-6.559124028682709,1.0
uspto_backgrounds,interaction,wikipedia_en,dm_mathematics,-4.748969057073012,-13.598504948616027,3.3604876279830886,0.844
uspto_backgrounds,interaction,wikipedia_en,github,-0.0059074274283356645,-1.8915150463581083,1.7668989479541761,0.602
uspto_backgrounds,interaction,wikipedia_en,philpapers,-27.84963515061468,-58.029641246795656,41.73181495666503,0.594
uspto_backgrounds,interaction,wikipedia_en,stackexchange,-0.2770108488981422,-2.6154326438903808,1.4272882282733916,0.77
uspto_backgrounds,interaction,wikipedia_en,enron_emails,33.2682292313158,-33.22745409011841,87.05216712951655,0.782
uspto_backgrounds,interaction,wikipedia_en,gutenberg_pg_19,1.2111014135848777,-1.8439401507377622,4.840681695938106,0.77
uspto_backgrounds,interaction,wikipedia_en,pile_cc,0.12322393612420424,-1.0730685919523237,1.2004408478736865,0.62
uspto_backgrounds,interaction,wikipedia_en,ubuntu_irc,-12.015608837955094,-26.353014516830445,-1.7945203632116355,0.982
uspto_backgrounds,interaction,wikipedia_en,europarl,-8.61051105523759,-37.03127956390381,15.600208210945127,0.732
uspto_backgrounds,interaction,wikipedia_en,hackernews,-16.420433221272265,-42.234815216064455,16.002144527435263,0.792
uspto_backgrounds,interaction,wikipedia_en,pubmed_abstracts,-0.24352927329131485,-2.26040466427803,1.5441165983676903,0.5880000000000001
uspto_backgrounds,interaction,wikipedia_en,uspto_backgrounds,-5.883731652612453,-8.340172839164733,-4.516678905487061,1.0
uspto_backgrounds,interaction,dm_mathematics,github,-4.610099228761533,-14.239733409881591,4.388743603229522,0.844
uspto_backgrounds,interaction,dm_mathematics,philpapers,-57.505729152612844,-116.64334869384766,21.60364427566527,0.894
uspto_backgrounds,interaction,dm_mathematics,stackexchange,-4.540096258356243,-13.892505741119384,4.663570261001586,0.796
uspto_backgrounds,interaction,dm_mathematics,enron_emails,35.605695801315555,-84.60068073272706,279.4356124877929,0.744
uspto_backgrounds,interaction,dm_mathematics,gutenberg_pg_19,-5.816657427352094,-17.24668655395508,5.00963456630706,0.888
uspto_backgrounds,interaction,dm_mathematics,pile_cc,-4.197699787250245,-12.93466603755951,4.517997241020197,0.792
uspto_backgrounds,interaction,dm_mathematics,ubuntu_irc,-21.540663365873705,-39.5534065246582,-0.35939732789993345,0.98
uspto_backgrounds,interaction,dm_mathematics,europarl,-9.48122522158819,-54.40389165878296,43.10918750762938,0.636
uspto_backgrounds,interaction,dm_mathematics,hackernews,-7.125608924735831,-49.80718784332275,41.6083180427551,0.5640000000000001
uspto_backgrounds,interaction,dm_mathematics,pubmed_abstracts,-6.468887004977611,-17.242746353149414,3.1102693915367055,0.902
uspto_backgrounds,interaction,dm_mathematics,uspto_backgrounds,-11.714618775502387,-22.54449028968811,-3.2506069064140326,0.996
uspto_backgrounds,interaction,github,philpapers,-35.38563634291203,-65.20664100646972,30.66463928222656,0.758
uspto_backgrounds,interaction,github,stackexchange,0.34996861066971047,-0.43637858778238287,1.3673224836587903,0.824
uspto_backgrounds,interaction,github,enron_emails,22.2244399652824,-33.62380514144897,84.24744453430174,0.77
uspto_backgrounds,interaction,github,gutenberg_pg_19,-0.726944679763181,-3.8244991838932036,2.367577308416366,0.6619999999999999
uspto_backgrounds,interaction,github,pile_cc,-0.5975063271011972,-1.2781745105981828,0.39646771103143646,0.854
uspto_backgrounds,interaction,github,ubuntu_irc,-11.63729133559676,-25.798563289642335,-0.3524996727705074,0.98
uspto_backgrounds,interaction,github,europarl,-5.562838754794106,-35.84197645187378,18.64395861625669,0.6579999999999999
uspto_backgrounds,interaction,github,hackernews,-1.156474636340679,-27.937636852264404,26.388911533355706,0.506
uspto_backgrounds,interaction,github,pubmed_abstracts,-1.300103860201857,-2.7674329340457917,0.23749928139150045,0.948
uspto_backgrounds,interaction,github,uspto_backgrounds,-9.756195038718747,-11.618469715118408,-7.937713730335236,1.0
uspto_backgrounds,interaction,philpapers,stackexchange,-37.17794777792098,-65.50936985015869,31.620970582962034,0.752
uspto_backgrounds,interaction,philpapers,enron_emails,-31.56732423499794,-451.7944496154785,572.4217895507812,0.52
uspto_backgrounds,interaction,philpapers,gutenberg_pg_19,-20.411984550942627,-54.397568416595455,52.94807090759275,0.518
uspto_backgrounds,interaction,philpapers,pile_cc,-28.736937273095364,-55.98643131256103,40.263550567626936,0.6579999999999999
uspto_backgrounds,interaction,philpapers,ubuntu_irc,-39.83762120251344,-97.93494110107422,98.18201713562,0.504
uspto_backgrounds,interaction,philpapers,europarl,-14.013059004615098,-152.8568199157715,129.4888114929198,0.546
uspto_backgrounds,interaction,philpapers,hackernews,-30.744465183271668,-156.24927749633787,119.10972518920892,0.6819999999999999
uspto_backgrounds,interaction,philpapers,pubmed_abstracts,-23.253071933243103,-58.540664768218996,51.6373227119445,0.5880000000000001
uspto_backgrounds,interaction,philpapers,uspto_backgrounds,-38.72148697537228,-75.27570610046386,32.43901844024657,0.752
uspto_backgrounds,interaction,stackexchange,enron_emails,17.25113229999095,-52.81487770080566,77.55694446563717,0.636
uspto_backgrounds,interaction,stackexchange,gutenberg_pg_19,-2.1768688784346333,-5.463689184188842,0.829831062257284,0.9319999999999999
uspto_backgrounds,interaction,stackexchange,pile_cc,-0.6331787029513049,-1.8235011786222457,0.8223804876208305,0.8200000000000001
uspto_backgrounds,interaction,stackexchange,ubuntu_irc,-13.653854053023595,-28.4491747379303,-2.3928077995777133,0.99
uspto_backgrounds,interaction,stackexchange,europarl,-9.290292635158075,-38.825294208526614,14.263895750045775,0.768
uspto_backgrounds,interaction,stackexchange,hackernews,-0.9161707506327577,-27.40198502540588,28.144334220886225,0.566
uspto_backgrounds,interaction,stackexchange,pubmed_abstracts,-1.3610748766142418,-3.2504529893398284,0.35338151231408105,0.9319999999999999
uspto_backgrounds,interaction,stackexchange,uspto_backgrounds,-8.505044761574686,-10.671551990509034,-7.183985316753388,1.0
uspto_backgrounds,interaction,enron_emails,gutenberg_pg_19,-8.00141436177913,-91.66169204711913,69.13288154602047,0.5900000000000001
uspto_backgrounds,interaction,enron_emails,pile_cc,25.125802554377703,-31.11886920928955,79.84297618865966,0.796
uspto_backgrounds,interaction,enron_emails,ubuntu_irc,-26.768620950023625,-237.98577346801756,157.2341365814207,0.654
uspto_backgrounds,interaction,enron_emails,europarl,1.4869004654852942,-207.78987655639648,282.6854530334471,0.554
uspto_backgrounds,interaction,enron_emails,hackernews,-1.8667143146893177,-288.32822570800784,253.44779205322254,0.542
uspto_backgrounds,interaction,enron_emails,pubmed_abstracts,36.85973498176172,-32.70535631179809,93.33549976348876,0.816
uspto_backgrounds,interaction,enron_emails,uspto_backgrounds,11.221099758022238,-48.04104652404785,100.73161163330077,0.72
uspto_backgrounds,interaction,gutenberg_pg_19,pile_cc,0.11554252349207554,-2.507025587558746,2.7661986351013175,0.54
uspto_backgrounds,interaction,gutenberg_pg_19,ubuntu_irc,-11.247536234223386,-27.597815227508544,3.1126484870910547,0.954
uspto_backgrounds,interaction,gutenberg_pg_19,europarl,-6.778094098764258,-39.73291301727295,19.769357109069816,0.6839999999999999
uspto_backgrounds,interaction,gutenberg_pg_19,hackernews,-3.9766950380314317,-33.38583498001098,25.790626907348617,0.54
uspto_backgrounds,interaction,gutenberg_pg_19,pubmed_abstracts,-0.20559631903402048,-3.6457852125167847,4.52614790201187,0.516
uspto_backgrounds,interaction,gutenberg_pg_19,uspto_backgrounds,-8.570496063015463,-13.144199848175049,-4.564693081378937,1.0
uspto_backgrounds,interaction,pile_cc,ubuntu_irc,-12.297295034295681,-25.890732765197754,-1.63876911699772,0.984
uspto_backgrounds,interaction,pile_cc,europarl,-3.688202447479013,-29.78106689453125,18.687308597564684,0.604
uspto_backgrounds,interaction,pile_cc,hackernews,-4.839671904271828,-28.388495206832886,23.716743040084825,0.5720000000000001
uspto_backgrounds,interaction,pile_cc,pubmed_abstracts,-0.8381896652454206,-2.4699094533920287,0.8475808158516878,0.8200000000000001
uspto_backgrounds,interaction,pile_cc,uspto_backgrounds,-7.2705171346693085,-9.023703479766846,-6.313669359683991,1.0
uspto_backgrounds,interaction,ubuntu_irc,europarl,-11.778904645131256,-58.30693712234497,30.712332868576038,0.704
uspto_backgrounds,interaction,ubuntu_irc,hackernews,-10.510845979602017,-53.085744571685794,36.71261749267576,0.634
uspto_backgrounds,interaction,ubuntu_irc,pubmed_abstracts,-12.807087653129637,-27.577086353302,0.29636016264556997,0.972
uspto_backgrounds,interaction,ubuntu_irc,uspto_backgrounds,-20.52976476329084,-36.05755281448364,-8.972179555892945,1.0
uspto_backgrounds,interaction,europarl,hackernews,-10.004026265978062,-76.5587781906128,49.52741727828979,0.5760000000000001
uspto_backgrounds,interaction,europarl,pubmed_abstracts,-7.271776017146956,-36.494942092895506,18.116293573379505,0.728
uspto_backgrounds,interaction,europarl,uspto_backgrounds,-14.127012260336643,-44.443927097320554,10.550410032272332,0.854
uspto_backgrounds,interaction,hackernews,pubmed_abstracts,-1.4933486303690846,-28.069168376922608,27.711830377578714,0.51
uspto_backgrounds,interaction,hackernews,uspto_backgrounds,-8.440627039396878,-34.73645992279053,20.882940530776963,0.6679999999999999
uspto_backgrounds,interaction,pubmed_abstracts,uspto_backgrounds,-6.153336974232709,-8.791835713386536,-4.274869215488434,1.0
