budget_FLOPs,context_length,quality_cost_type,N_B,D_B,Q_A,support_status,marginal_N,marginal_D,marginal_Q,dL_dN_abs,dL_dD_abs,dL_dQ,kkt_relative_dispersion,active_set,path_id
1e+19,2048,exponential,0.26583867910264203,5.012071600224134,0.6663686531825844,one_component_extrapolated,2.2109458435714e-20,2.2109460103154657e-20,2.21094594963684e-20,-7.102746240323905e-10,-4.4112418709592956e-11,-0.362366479300916,4.113013392095524e-08,budget,exponential|2048
1.211527658628585e+19,2048,exponential,0.2983338730522279,5.278896945969533,0.6922545205722623,one_component_extrapolated,1.7986235265060696e-20,1.798623621035808e-20,1.798623733237384e-20,-6.08575383256536e-10,-4.127912112418336e-11,-0.3626508202460424,5.910684247712063e-08,budget,exponential|2048
1.4677992676220735e+19,2048,exponential,0.33400827639439,5.584511497034689,0.7176193751961909,one_component_extrapolated,1.4613901166526184e-20,1.4613901524501515e-20,1.4613903067007995e-20,-5.2309706450954e-10,-3.841029598766925e-11,-0.3629539027803737,7.853226130935728e-08,budget,exponential|2048
1.7782794100389229e+19,2048,exponential,0.373252188898595,5.928345992625883,0.742578512250918,one_component_extrapolated,1.1862342577842772e-20,1.1862342706620858e-20,1.1862343616281415e-20,-4.5074916602327264e-10,-3.55825382260891e-11,-0.36328025534631225,5.4741833169775305e-08,budget,exponential|2048
2.1544346900318777e+19,2048,exponential,0.41649181527033546,6.310659357219035,0.7672210970130301,one_component_extrapolated,9.621457732580373e-21,9.621458397497092e-21,9.621458159463115e-21,-3.8917644085504684e-10,-3.284728673645438e-11,-0.363635451688395,3.7825155987685993e-08,budget,exponential|2048
2.610157215682544e+19,2048,exponential,0.46419738188589216,6.732261939280071,0.7916188395498811,one_component_extrapolated,7.799141205395186e-21,7.799142241541325e-21,7.799141477289494e-21,-3.365415698457417e-10,-3.023796100255502e-11,-0.36402668169585184,7.694855221815598e-08,budget,exponential|2048
3.162277660168379e+19,2048,exponential,0.5168917015916202,7.194327245656814,0.8158319688153828,one_component_extrapolated,6.318949485272192e-21,6.318948995704646e-21,6.3189487573837044e-21,-2.9138420052154604e-10,-2.7775037974431083e-11,-0.3644636378656344,6.422249548810603e-08,budget,exponential|2048
3.831186849557277e+19,2048,exponential,0.5751611464699709,7.698224620572988,0.8399141466439023,one_component_extrapolated,5.117796408785242e-21,5.11779623353296e-21,5.1177961375698415e-21,-2.525250767146647e-10,-2.5469812320396864e-11,-0.3649600155432627,2.9079422680213157e-08,budget,exponential|2048
4.641588833612792e+19,2048,exponential,0.6396675867150869,8.245369485482621,0.8639166044861109,one_component_extrapolated,4.143846945370438e-21,4.143848023334694e-21,4.1438476974783985e-21,-2.1900032306945014e-10,-2.332707921356776e-11,-0.3655362414856015,1.4721199661482315e-07,budget,exponential|2048
5.6234132519034905e+19,2048,exponential,0.7111669085540929,8.836985322748781,0.8878939541272013,one_component_extrapolated,3.3546539714622064e-21,3.3546547456394922e-21,3.3546552993320896e-21,-1.9001277088368318e-10,-2.1347336521683997e-11,-0.3662249720958499,2.0886870874847e-07,budget,exponential|2048
6.8129206905795944e+19,2048,exponential,0.7905433690101225,9.473606618237566,0.9119155891481261,one_component_extrapolated,2.7155575940345394e-21,2.7155577236353254e-21,2.7155577151996262e-21,-1.6489416692251822e-10,-1.9528865982467998e-11,-0.36708368690547616,3.078138422621132e-08,budget,exponential|2048
8.254041852680207e+19,2048,exponential,0.8788808967003293,10.15390982131564,0.9360919891066823,joint_observed,2.1983475090203706e-21,2.1983475243680774e-21,2.1983473643618763e-21,-1.4307395261472303e-10,-1.7870212353844755e-11,-0.36822933364602645,4.61960176576202e-08,budget,exponential|2048
1e+20,2048,exponential,0.9777007154955762,10.870415312871724,0.9606745183949654,joint_observed,1.7802249252739837e-21,1.7802255530231476e-21,1.7802262703613233e-21,-1.2403719657271243e-10,-1.6376794278643354e-11,-0.3699699461340905,3.8617306626011416e-07,budget,exponential|2048
1.211527658628585e+20,2048,exponential,1.0908180076516494,11.574292746005337,0.9869045705796772,joint_observed,1.4438282497748927e-21,1.4438280897717138e-21,1.4438279777474988e-21,-1.0711268975426491e-10,-1.5113127889969998e-11,-0.3739421503929877,9.974192245132176e-08,budget,exponential|2048
1.4677992676220735e+20,2048,exponential,1.1886894680466975,12.875946055341874,0.999999,joint_observed,1.156719687916973e-21,1.1567195671590683e-21,1.3155123286504483e-21,-9.546368699663993e-11,-1.3186076783972067e-11,-0.41000542872657997,5.2198433438958186e-08,Q_upper|budget,exponential|2048
1.778279410038923e+20,2048,exponential,1.2658695287628137,14.950763212325501,0.999999,joint_observed,9.15661682860135e-22,9.156617574253676e-22,1.1329499061878103e-21,-8.774640489309394e-11,-1.0891099181125437e-11,-0.41000542872657997,4.07165829898439e-08,Q_upper|budget,exponential|2048
2.1544346900318778e+20,2048,exponential,1.349053794310304,17.336143362318165,0.999999,joint_observed,7.251177402667863e-22,7.251178940488626e-22,9.770607813302805e-22,-8.057344779183957e-11,-9.01134186913433e-12,-0.41000542872657997,1.0603937236004479e-07,Q_upper|budget,exponential|2048
2.610157215682544e+20,2048,exponential,1.4387748102162434,20.074284293894788,0.999999,joint_observed,5.74447623457138e-22,5.744477441697173e-22,8.43789274419704e-22,-7.391310299256741e-11,-7.469252216046183e-12,-0.41000542872657997,1.0506838362042332e-07,Q_upper|budget,exponential|2048
3.1622776601683794e+20,2048,exponential,1.5356151997286038,23.212443593183856,0.999999,joint_observed,4.552629162663606e-22,4.5526290079125e-22,7.297148923956537e-22,-6.773514503070165e-11,-6.202137637497027e-12,-0.41000542872657997,1.6995795519531086e-08,Q_upper|budget,exponential|2048
3.8311868495572776e+20,2048,exponential,1.6402139179641086,26.803444644740882,0.999999,joint_observed,3.609482622070153e-22,3.6094830881794385e-22,6.319510795476747e-22,-6.201068000530992e-11,-5.159263790315017e-12,-0.41000542872657997,6.456732226044205e-08,Q_upper|budget,exponential|2048
4.641588833612792e+20,2048,exponential,1.753267168341837,30.906297654957427,0.9999989999999999,joint_observed,2.862855757973873e-22,2.8628555290256163e-22,5.480587150206627e-22,-5.6712315268766726e-11,-4.299511511900712e-12,-0.4100054287261379,3.998599393253471e-08,Q_upper|budget,exponential|2048
5.6234132519034906e+20,2048,exponential,1.8755395489525144,35.58676508076854,0.999999,joint_observed,2.271569010240064e-22,2.2715690072659577e-22,4.759765530920388e-22,-5.1813791629609794e-11,-3.5895286433258383e-12,-0.41000542872657997,6.546369536681766e-10,Q_upper|budget,exponential|2048
6.812920690579594e+20,2048,exponential,2.0078650296107625,40.918116465794135,0.999999,joint_observed,1.803119034825961e-22,1.803119024786732e-22,4.139600558838089e-22,-4.7290179213249306e-11,-3.002217103960924e-12,-0.41000542872657997,2.7838509087396065e-09,Q_upper|budget,exponential|2048
8.254041852680207e+20,2048,exponential,2.1511564964688863,46.981855211639804,0.999999,joint_observed,1.4318394824413686e-22,1.4318393993532297e-22,3.605320756819288e-22,-4.311768381647693e-11,-2.515537599641236e-12,-0.41000542872657997,2.901447492592932e-08,Q_upper|budget,exponential|2048
1e+21,2048,exponential,2.3064125244257156,53.86856355351685,0.9999989999999995,joint_observed,1.1374563375320278e-22,1.1374563769509569e-22,3.144406433251084e-22,-3.927363117837191e-11,-2.111540204373423e-12,-0.4100054287248116,1.7327666700436694e-08,Q_upper|budget,exponential|2048
1.211527658628585e+21,2048,exponential,2.4747232397201677,61.678870898413486,0.999999,joint_observed,9.03949776070956e-23,9.039497668627404e-23,2.746234736809366e-22,-3.573646940111083e-11,-1.7755839700256919e-12,-0.41000542872657997,5.093322665548537e-09,Q_upper|budget,exponential|2048
1.4677992676220737e+21,2048,exponential,2.6572815083848687,70.52444053422326,0.999999,joint_observed,7.186561497176679e-23,7.186561580669097e-23,2.4017866218478744e-22,-3.2485662162982723e-11,-1.4957126557718973e-12,-0.41000542872657997,5.808926668050049e-09,Q_upper|budget,exponential|2048
1.7782794100389228e+21,2048,exponential,2.855389493512604,80.52917056580587,0.9999989999999999,joint_observed,5.715616221974146e-23,5.71561593122811e-23,2.1033950380726342e-22,-2.950171164022304e-11,-1.2621466301938034e-12,-0.4100054287261379,2.5434356767172612e-08,Q_upper|budget,exponential|2048
2.154434690031878e+21,2048,exponential,3.070470860484732,91.83042822815992,0.999999,joint_observed,4.5474435893651753e-23,4.547443460570724e-23,1.8445373832685821e-22,-2.6766085292354357e-11,-1.0668762121058977e-12,-0.41000542872657997,1.4161193073086199e-08,Q_upper|budget,exponential|2048
2.610157215682544e+21,2048,exponential,3.3040799393775346,104.58051228404047,0.9999989999999997,joint_observed,3.619352249526656e-23,3.619352584742038e-23,1.6196579466735639e-22,-2.4261214909470706e-11,-9.033307505231423e-13,-0.41000542872569573,4.630875130702874e-08,Q_upper|budget,exponential|2048
3.1622776601683794e+21,2048,exponential,3.5579122580762506,118.94828443965496,0.999999,joint_observed,2.881710215225831e-23,2.881710147542802e-23,1.424019342408725e-22,-2.1970473477303775e-11,-7.661117321350046e-13,-0.41000542872657997,1.1743552542839732e-08,Q_upper|budget,exponential|2048
3.8311868495572773e+21,2048,exponential,3.8338221310992577,135.1208148562628,0.999999,joint_observed,2.2952065753085362e-23,2.29520652227471e-23,1.2535793095134112e-22,-1.9878104191566106e-11,-6.507779763251918e-13,-0.41000542872657997,1.1553170781851016e-08,Q_upper|budget,exponential|2048
4.641588833612792e+21,2048,exponential,4.133830624874854,153.3055284906628,0.999999,joint_observed,1.828694767191411e-23,1.8286945132254252e-23,1.1048829057637015e-22,-1.7969250640575194e-11,-5.536687499950848e-13,-0.41000542872657997,6.943914536563556e-08,Q_upper|budget,exponential|2048
5.623413251903491e+21,2048,exponential,4.4601477835404,173.73220063160878,0.999999,joint_observed,1.4574849739464616e-23,1.4574851808141223e-23,9.749756071275231e-23,-1.622988096122167e-11,-4.717629461001547e-13,-0.41000542872657997,7.096733402101739e-08,Q_upper|budget,exponential|2048
6.812920690579594e+21,2048,exponential,4.815175435639418,196.6558814823641,0.999999,joint_observed,1.1619996734803585e-23,1.1619994461085981e-23,8.613251559607875e-23,-1.4646837835238717e-11,-4.025615714699715e-13,-0.41000542872657997,9.783642277821986e-08,Q_upper|budget,exponential|2048
8.254041852680206e+21,2048,exponential,5.201546128534348,222.35893826472574,0.999999,joint_observed,9.267058061213603e-24,9.26705513042438e-24,7.617623069720963e-23,-1.3207706311142517e-11,-3.4399633985728497e-13,-0.41000542872657997,1.58129455314886e-07,Q_upper|budget,exponential|2048
1e+22,2048,exponential,5.622127178116905,251.1546371771076,0.999999,joint_observed,7.392760933130752e-24,7.392760011213387e-24,6.74423772111991e-23,-1.1900872186767332e-11,-2.9435092635778045e-13,-0.41000542872657997,6.235271440697275e-08,Q_upper|budget,exponential|2048
1.2115276586285852e+22,2048,exponential,6.080041803448386,283.39061326685805,0.999999,joint_observed,5.8992295138794634e-24,5.8992292472737865e-24,5.977073687648942e-23,-1.0715481274527107e-11,-2.521988754416771e-13,-0.41000542872657997,2.2596652916518933e-08,Q_upper|budget,exponential|2048
1.4677992676220736e+22,2048,exponential,6.578701163285676,319.4523342254839,0.999999,one_component_extrapolated,4.708715749619063e-24,4.708716143438365e-24,5.302345284127554e-23,-9.641385937767931e-12,-2.1635309454025311e-13,-0.41000542872657997,4.18181206176031e-08,Q_upper|budget,exponential|2048
1.7782794100389228e+22,2048,exponential,7.121820355847995,359.76773391861843,0.9999989999999999,one_component_extrapolated,3.7594385438796164e-24,3.759438175739288e-24,4.708167014959066e-23,-8.669142225705518e-12,-1.8582354310694592e-13,-0.4100054287261379,4.896214457228457e-08,Q_upper|budget,exponential|2048
2.154434690031878e+22,2048,exponential,7.713458250008033,404.8113926159932,0.999999,one_component_extrapolated,3.0022814768849042e-24,3.0022808285960423e-24,4.1842858397288934e-23,-7.789957006729622e-12,-1.5978349632271242e-13,-0.41000542872657997,1.0796604802871236e-07,Q_upper|budget,exponential|2048
2.610157215682544e+22,2048,exponential,8.35803526222104,455.11034482395075,0.999999,one_component_extrapolated,2.3981837386044414e-24,2.3981826898212515e-24,3.7218371262012526e-23,-6.995682467646719e-12,-1.375410144716291e-13,-0.41000542872657997,2.1866202375530508e-07,Q_upper|budget,exponential|2048
3.1622776601683792e+22,2048,exponential,9.060386562623103,511.2489010609756,0.999999,one_component_extrapolated,1.916066626107739e-24,1.9160670235858018e-24,3.313154462276316e-23,-6.278760559312823e-12,-1.1851636123806628e-13,-0.41000542872657997,1.0372239047720099e-07,Q_upper|budget,exponential|2048
3.8311868495572775e+22,2048,exponential,9.825749442749595,573.8776577435563,0.999999,one_component_extrapolated,1.5311970994797188e-24,1.5311972458247065e-24,2.951581325790084e-23,-5.6322424620840825e-12,-1.0222218399907393e-13,-0.41000542872657997,4.778776715682539e-08,Q_upper|budget,exponential|2048
4.641588833612792e+22,2048,exponential,10.659866033109767,643.7174355636773,0.999999,one_component_extrapolated,1.2238794673182909e-24,1.2238793773306702e-24,2.6313510933579125e-23,-5.0496915262040415e-12,-8.824904434245465e-14,-0.41000542872657997,3.6763270643237664e-08,Q_upper|budget,exponential|2048
5.623413251903491e+22,2048,exponential,11.568991987838869,721.5690045755766,0.9999989999999999,one_component_extrapolated,9.784265468880102e-25,9.784264826830614e-25,2.347449193550825e-23,-4.5251921465122096e-12,-7.62518402792198e-14,-0.4100054287261379,3.281030715609834e-08,Q_upper|budget,exponential|2048
6.812920690579594e+22,2048,exponential,12.559945152598402,808.3219156159935,0.9999989999999999,bridge_gap_extrapolated,7.82339036613849e-25,7.823391416247832e-25,2.0955099016354004e-23,-4.0533143130878894e-12,-6.593925541365472e-14,-0.4100054287261379,6.711343948138016e-08,Q_upper|budget,exponential|2048
8.254041852680206e+22,2048,exponential,13.64014858404334,904.9649243447255,0.999999,bridge_gap_extrapolated,6.256542903589734e-25,6.256542994353615e-25,1.8717262208925153e-23,-3.629084674060623e-12,-5.706493847358899e-14,-0.41000542872657997,7.253516946224355e-09,Q_upper|budget,exponential|2048
1.0000000000000001e+23,2048,exponential,14.817715242577082,1012.595179040451,0.999999,bridge_gap_extrapolated,5.004283306936094e-25,5.004283410744918e-25,1.6727776439634507e-23,-3.2479450373650105e-12,-4.94203756281661e-14,-0.41000542872657997,1.037199705055574e-08,Q_upper|budget,exponential|2048
1.211527658628585e+23,2048,exponential,16.101484433440085,1132.4318715852896,0.999999,bridge_gap_extrapolated,4.0032530624455136e-25,4.0032539436920255e-25,1.495760248705135e-23,-2.905735343981835e-12,-4.282865043799295e-14,-0.41000542872657997,1.1006628879137575e-07,Q_upper|budget,exponential|2048
1.4677992676220616e+23,2048,exponential,17.50107792475561,1265.8305580690567,0.999999,bridge_gap_extrapolated,3.2029038278561714e-25,3.202904010309495e-25,1.338130579236362e-23,-2.5986656257065473e-12,-3.71394112002435e-14,-0.41000542872657997,2.8482484651639336e-08,Q_upper|budget,exponential|2048
1.7782794100389228e+23,2048,exponential,19.027013407264164,1414.2954083002357,0.9999989999999999,bridge_gap_extrapolated,2.5628924788212605e-25,2.5628924646413374e-25,1.1976610882997566e-23,-2.323279421031209e-12,-3.2224801645174367e-14,-0.4100054287261379,2.7663905737699723e-09,Q_upper|budget,exponential|2048
2.1544346900318777e+23,2048,exponential,20.690748944408686,1579.4982051137258,0.999999,bridge_gap_extrapolated,2.0510145783992553e-25,2.0510147168854967e-25,1.0723953800011284e-23,-2.0764372518474077e-12,-2.7975829548384122e-14,-0.41000542872657997,3.37604223857086e-08,Q_upper|budget,exponential|2048
2.6101572156825224e+23,2048,exponential,22.50476540272778,1763.2972793233175,0.999999,bridge_gap_extrapolated,1.641555261920219e-25,1.6415551476591006e-25,9.60613163614739e-24,-1.8552907213399054e-12,-2.4299459109058976e-14,-0.41000542872657997,3.480270365909392e-08,Q_upper|budget,exponential|2048
3.162277660168379e+23,2048,exponential,24.48269376722018,1967.7556357893943,0.9999989999999999,bridge_gap_extrapolated,1.313975371079723e-25,1.3139752197369398e-25,8.60801283998202e-24,-1.6572549218516361e-12,-2.1116211829433085e-14,-0.4100054287261379,5.75896608120928e-08,Q_upper|budget,exponential|2048
3.8311868495572774e+23,2048,exponential,26.639399465154227,2195.1650861911576,0.9999989999999997,bridge_gap_extrapolated,1.0518665725447843e-25,1.0518667908017366e-25,7.716260560700635e-24,-1.4799899561887628e-12,-1.8358064465201233e-14,-0.41000542872569573,1.0374744069569807e-07,Q_upper|budget,exponential|2048
4.6415888336127536e+23,2048,exponential,28.991045102435365,2448.0757027269005,0.999999,bridge_gap_extrapolated,8.421181078266736e-26,8.421181703688707e-26,6.919093947941504e-24,-1.3213831884254253e-12,-1.5966688823440368e-14,-0.41000542872657997,3.713386176808599e-08,Q_upper|budget,exponential|2048
5.623413251903491e+23,2048,exponential,31.555310329388604,2729.3162368419344,0.999999,bridge_gap_extrapolated,6.742506131579132e-26,6.742505920366358e-26,6.2061206210533065e-24,-1.1795222469835594e-12,-1.389208646173521e-14,-0.41000542872657997,1.5662779805654973e-08,Q_upper|budget,exponential|2048
6.812920690579594e+23,2048,exponential,34.351461882993426,3042.03040919502,0.999999,bridge_gap_extrapolated,5.398871760143e-26,5.398871994702465e-26,5.56814479159746e-24,-1.052682711539443e-12,-1.2091294882299481e-14,-0.41000542872657997,2.1723007187401154e-08,Q_upper|budget,exponential|2048
8.254041852680139e+23,2048,exponential,37.400491681446084,3389.7124875122895,0.999999,bridge_gap_extrapolated,4.3233019311268035e-26,4.3233024375320766e-26,4.9970213819731605e-24,-9.393108908186473e-13,-1.0527358704505597e-14,-0.41000542872657997,5.856695323503367e-08,Q_upper|budget,exponential|2048
1e+24,2048,exponential,40.72528697996312,3776.245086004932,0.9999989999999997,bridge_gap_extrapolated,3.462236697526138e-26,3.4622366799645727e-26,4.485531365953751e-24,-8.380074046139169e-13,-9.168463913520602e-15,-0.41000542872569573,2.536158978107889e-09,Q_upper|budget,exponential|2048
1e+19,4096,exponential,0.25918666018244957,4.82100778634123,0.671056198083166,one_component_extrapolated,2.2351268906310293e-20,2.2351276023698812e-20,2.2351289882298732e-20,-7.348072700526072e-10,-4.6362248339494356e-11,-0.3624162794930525,5.195018071553267e-07,budget,exponential|4096
1.211527658628585e+19,4096,exponential,0.2905914172949672,5.086679503179308,0.6967300076899038,one_component_extrapolated,1.8173928719067418e-20,1.8173927697657842e-20,1.817392963346641e-20,-6.304006078647341e-10,-4.328602983118286e-11,-0.36270242040592754,5.4239201818001814e-08,budget,exponential|4096
1.4677992676220735e+19,4096,exponential,0.3250842811109378,5.38904574463392,0.7219204020304486,one_component_extrapolated,1.4760354731585523e-20,1.4760355590826417e-20,1.4760355102546003e-20,-5.424279917732854e-10,-4.020236634218462e-11,-0.3630080100151821,3.043109492572507e-08,budget,exponential|4096
1.7782794100389229e+19,4096,exponential,0.36303930544130214,5.727896734311784,0.7467332200816885,one_component_extrapolated,1.1977090218571018e-20,1.197709206049343e-20,1.1977089434692262e-20,-4.678212323469023e-10,-3.7184008705553566e-11,-0.36333766777463783,1.2434081415525357e-07,budget,exponential|4096
2.1544346900318777e+19,4096,exponential,0.4048660556771319,6.103720230157017,0.7712510749918888,one_component_extrapolated,9.711663968752737e-21,9.711662355829486e-21,9.71166050209276e-21,-4.0422362664785244e-10,-3.4279327178037304e-11,-0.36369713312550245,1.82611947961555e-07,budget,exponential|4096
2.610157215682544e+19,4096,exponential,0.45101814481455965,6.517458475772135,0.795541453585364,one_component_extrapolated,7.870246655300013e-21,7.870245684518313e-21,7.87024527815417e-21,-3.4978408414680017e-10,-3.1519308698328394e-11,-0.36409387346844163,9.944321008993054e-08,budget,exponential|4096
3.162277660168379e+19,4096,exponential,0.502000031599129,6.97036988550915,0.8196615788702989,one_component_extrapolated,6.375127020422839e-21,6.375126370231273e-21,6.375125771486007e-21,-3.030247453895365e-10,-2.8922309766148232e-11,-0.36453802527832424,9.929886269155735e-08,budget,exponential|4096
3.831186849557277e+19,4096,exponential,0.5583776387585576,7.46387938230626,0.8436628392840869,one_component_extrapolated,5.16226875298653e-21,5.1622689202593835e-21,5.1622694864872235e-21,-2.627475355022898e-10,-2.6497771183254192e-11,-0.3650440123867123,8.392488654108776e-08,budget,exponential|4096
4.641588833612792e+19,4096,exponential,0.6207908926820419,7.999418889743378,0.867595505908776,one_component_extrapolated,4.1791181927256774e-21,4.179118515376576e-21,4.1791186686423366e-21,-2.2796938161750445e-10,-2.4248948708246313e-11,-0.3656335485767082,6.369505655653452e-08,budget,exponential|4096
5.6234132519034905e+19,4096,exponential,0.6899733487835268,8.578180712266464,0.8915145135679696,one_component_extrapolated,3.382676178440995e-21,3.3826787936221647e-21,3.3826804800271235e-21,-1.978741417232264e-10,-2.2175099118379242e-11,-0.366341754833906,6.815868284589611e-07,budget,exponential|4096
6.8129206905795944e+19,4096,exponential,0.7667829843145226,9.200641055832795,0.9154916388925917,one_component_extrapolated,2.737869849833447e-21,2.737869375697421e-21,2.7378695609627585e-21,-1.717767237008712e-10,-2.02734644299248e-11,-0.3672314721981768,9.289542919459714e-08,budget,exponential|4096
8.254041852680207e+19,4096,exponential,0.8522875565616089,9.865174812668656,0.9396469608804771,one_component_extrapolated,2.2161688413526236e-21,2.2161686470580294e-21,2.2161686509412454e-21,-1.4908744017972347e-10,-1.8542346296716386e-11,-0.36843406971980697,5.78635207056431e-08,budget,exponential|4096
1e+20,4096,exponential,0.9480339766047533,10.563029700392734,0.9642726563915762,joint_observed,1.7945750306989085e-21,1.7945751530468424e-21,1.7945751976670838e-21,-1.2926577363971728e-10,-1.6989208626196706e-11,-0.3703148898757963,5.3739016892233664e-08,budget,exponential|4096
1.211527658628585e+20,4096,exponential,1.0590036858832332,11.221630296944982,0.9912758485279239,joint_observed,1.4563867126765773e-21,1.4563864535921801e-21,1.4563862804851564e-21,-1.1144641240004277e-10,-1.5723673151656792e-11,-0.3754201443810569,1.5821711845610238e-07,budget,exponential|4096
1.4677992676220735e+20,4096,exponential,1.145095997686526,12.665277844226267,0.9999989999999999,joint_observed,1.1620724582911424e-21,1.1620725661350642e-21,1.3373939353840428e-21,-1.0036478483852654e-10,-1.3467444476745725e-11,-0.4100054287261379,4.640154579110305e-08,Q_upper|budget,exponential|4096
1.778279410038923e+20,4096,exponential,1.2197958894352687,14.698281603471008,0.999999,joint_observed,9.20037117574676e-22,9.20036969270761e-22,1.1524112978513292e-21,-9.221580047144018e-11,-1.11311161608337e-11,-0.41000542872657997,8.059670852813238e-08,Q_upper|budget,exponential|4096
2.1544346900318778e+20,4096,exponential,1.3003308422987885,17.034151446189888,0.999999,joint_observed,7.2869314340503945e-22,7.286930852016018e-22,9.943827159426278e-22,-8.464447491718013e-11,-9.216318559242571e-12,-0.41000542872657997,3.993686538853288e-08,Q_upper|budget,exponential|4096
2.610157215682544e+20,4096,exponential,1.3872190293932047,19.713813551762836,0.999999,joint_observed,5.773684215766699e-22,5.7736839686562e-22,8.592181180148008e-22,-7.761704417428075e-11,-7.64449903733162e-12,-0.41000542872657997,2.1399724546243664e-08,Q_upper|budget,exponential|4096
3.1622776601683794e+20,4096,exponential,1.4810281773449032,22.78306503257298,0.999999,joint_observed,4.5764812507636705e-22,4.576481512284107e-22,7.434673848590341e-22,-7.110125480873625e-11,-6.3521327037336035e-12,-0.41000542872657997,2.857221695862102e-08,Q_upper|budget,exponential|4096
3.8311868495572776e+20,4096,exponential,1.5823787960528841,26.293090461046397,0.999999,joint_observed,3.628956112958514e-22,3.628956036562132e-22,6.442173773347385e-22,-6.506640014789196e-11,-5.287780325974289e-12,-0.41000542872657997,1.0525944738440994e-08,Q_upper|budget,exponential|4096
4.641588833612792e+20,4096,exponential,1.6919510130435211,30.30099232291712,0.999999,joint_observed,2.878747401401768e-22,2.878747821391635e-22,5.590069657893518e-22,-5.948313347204119e-11,-4.409744605114037e-12,-0.41000542872657997,7.294662893812761e-08,Q_upper|budget,exponential|4096
5.6234132519034906e+20,4096,exponential,1.8104867425344477,34.870437481560806,0.9999989999999995,joint_observed,2.284533689658495e-22,2.284533709551767e-22,4.857543237799711e-22,-5.4323581019097596e-11,-3.684174350696622e-12,-0.4100054287248116,4.353902221483789e-09,Q_upper|budget,exponential|4096
6.812920690579594e+20,4096,exponential,1.9387996278565036,40.072271612622046,0.999999,joint_observed,1.8136911820983785e-22,1.8136912516533878e-22,4.2269791796642316e-22,-4.956107660920266e-11,-3.0835623131533386e-12,-0.41000542872657997,1.9174986531642787e-08,Q_upper|budget,exponential|4096
8.254041852680207e+20,4096,exponential,2.0777778896632815,45.985303139700974,0.999999,joint_observed,1.4404568590285865e-22,1.4404569526865846e-22,3.6834520210472805e-22,-4.517027532204034e-11,-2.5855199732704373e-12,-0.41000542872657997,3.2509823006565966e-08,Q_upper|budget,exponential|4096
1e+21,4096,exponential,2.2283926131620495,52.697101092962335,0.9999989999999995,joint_observed,1.1444774135346397e-22,1.1444773805704049e-22,3.214306940506344e-22,-4.1127032965122463e-11,-2.1718033000552458e-12,-0.4100054287248116,1.440143548511394e-08,Q_upper|budget,exponential|4096
1.211527658628585e+21,4096,exponential,2.3917058644379767,60.30488539643026,0.999999,joint_observed,9.096674522493275e-23,9.096673388419979e-23,2.808804903199934e-22,-3.740835238219268e-11,-1.8275254714659975e-12,-0.41000542872657997,6.233450281214369e-08,Q_upper|budget,exponential|4096
1.4677992676220737e+21,4096,exponential,2.5688788290608198,68.91652451567204,0.999999,joint_observed,7.233100026237049e-23,7.233100335947797e-23,2.4578235623284267e-22,-3.399235602134245e-11,-1.5405215875804705e-12,-0.41000542872657997,2.1409267138184895e-08,Q_upper|budget,exponential|4096
1.7782794100389228e+21,4096,exponential,2.7611774485747285,78.6517209937504,0.999999,joint_observed,5.753477346322717e-23,5.753477093871258e-23,2.1536039599421172e-22,-3.085830487094244e-11,-1.3008348352574263e-12,-0.41000542872657997,2.1939033504361642e-08,Q_upper|budget,exponential|4096
2.154434690031878e+21,4096,exponential,2.9699876443809257,89.64313180793148,0.999999,joint_observed,4.5782291123997513e-23,4.578229052492593e-23,1.889544177810804e-22,-2.7986460217131483e-11,-1.10030688248769e-12,-0.41000542872657997,6.542612564489098e-09,Q_upper|budget,exponential|4096
2.610157215682544e+21,4096,exponential,3.1968189007686996,102.03791333042852,0.999999,joint_observed,3.644372647550103e-23,3.6443708552354967e-23,1.660016872746961e-22,-2.5358162186734184e-11,-9.322398483015066e-13,-0.41000542872657997,2.459017257672551e-07,Q_upper|budget,exponential|4096
3.1622776601683794e+21,4096,exponential,3.4433286524065325,115.99892157111717,0.999999,joint_observed,2.902031742799853e-23,2.902031696701598e-23,1.4602261425728537e-22,-2.2955647022121164e-11,-7.911306311545064e-13,-0.41000542872657997,7.942410540653715e-09,Q_upper|budget,exponential|4096
3.8311868495572773e+21,4096,exponential,3.7113115010129625,131.70706577756843,0.999999,joint_observed,2.311704031081112e-23,2.3117033678452317e-23,1.2860711518276948e-22,-2.0762265140768107e-11,-6.724443742390561e-13,-0.41000542872657997,1.4345174957464936e-07,Q_upper|budget,exponential|4096
4.641588833612792e+21,4096,exponential,4.002739990619574,149.36246635234528,0.999999,joint_observed,1.842079773208034e-23,1.8420794514812427e-23,1.1340510231588294e-22,-1.8762181728803884e-11,-5.724447126129461e-13,-0.41000542872657997,8.732705932208731e-08,Q_upper|budget,exponential|4096
5.623413251903491e+21,4096,exponential,4.319757566740535,169.18722822540929,0.999999,joint_observed,1.4683393516522105e-23,1.468338929820923e-23,1.0011669294725434e-22,-1.6940547478902643e-11,-4.880437301827423e-13,-0.41000542872657997,1.4364232211027984e-07,Q_upper|budget,exponential|4096
6.812920690579594e+21,4096,exponential,4.664709165889436,191.42737979117936,0.999999,joint_observed,1.1707963915880783e-23,1.1707961954696427e-23,8.848507354234201e-23,-1.528336053194384e-11,-4.166876041070142e-13,-0.41000542872657997,8.375429474507798e-08,Q_upper|budget,exponential|4096
8.254041852680206e+21,4096,exponential,5.040147696906752,216.3559048969905,0.999999,joint_observed,9.33831281843052e-24,9.338310991767583e-24,7.828982429162234e-23,-1.3777505679395187e-11,-3.562593301814033e-13,-0.41000542872657997,9.780477222446879e-08,Q_upper|budget,exponential|4096
1e+22,4096,exponential,5.448863623985101,244.2753352581701,0.999999,joint_observed,7.450447538031118e-24,7.450447887652346e-24,6.934169494000854e-23,-1.24106751201439e-11,-3.050020535138394e-13,-0.41000542872657997,2.3463101917205367e-08,Q_upper|budget,exponential|4096
1.2115276586285852e+22,4096,exponential,5.893892909786572,275.5215530822572,0.9999989999999995,joint_observed,5.945907582420424e-24,5.945907521900711e-24,6.147782483539621e-23,-1.117138863610447e-11,-2.614543703693413e-13,-0.4100054287248116,5.0891906235292895e-09,Q_upper|budget,exponential|4096
1.4677992676220736e+22,4096,exponential,6.378555300626215,310.46685178272054,0.999999,one_component_extrapolated,4.7464661186419164e-24,4.746466634439582e-24,5.455804921388093e-23,-1.0048912183591715e-11,-2.2439948773335608e-13,-0.41000542872657997,5.433491198225775e-08,Q_upper|budget,exponential|4096
1.7782794100389228e+22,4096,exponential,6.906464277145744,349.52464506868523,0.999999,one_component_extrapolated,3.789952896685835e-24,3.789953246344521e-24,4.846143474521448e-23,-9.033271092347825e-12,-1.9282176287340867e-13,-0.41000542872657997,4.612968551712144e-08,Q_upper|budget,exponential|4096
2.154434690031878e+22,4096,exponential,7.481562967007104,393.1536601240778,0.999999,one_component_extrapolated,3.0269350910756118e-24,3.026934890240494e-24,4.3083576465992015e-23,-8.1151931198101e-12,-1.658723851113035e-13,-0.41000542872657997,3.317466652440306e-08,Q_upper|budget,exponential|4096
2.610157215682544e+22,4096,exponential,8.108146663527103,441.86334013097627,0.999999,one_component_extrapolated,2.4180933864599883e-24,2.418091589800665e-24,3.833417312651345e-23,-7.286088942284276e-12,-1.4284052642675918e-13,-0.41000542872657997,3.715034335141722e-07,Q_upper|budget,exponential|4096
3.1622776601683792e+22,4096,exponential,8.790932995199672,496.2175125269175,0.999999,one_component_extrapolated,1.9321367190895332e-24,1.9321373730357247e-24,3.413516321216395e-23,-6.537976714408873e-12,-1.2313057675077225e-13,-0.41000542872657997,1.6922872867061304e-07,Q_upper|budget,exponential|4096
3.8311868495572775e+22,4096,exponential,9.534997654770681,556.8457898437092,0.9999989999999997,one_component_extrapolated,1.5441628348760283e-24,1.5441630998777834e-24,3.041859359942002e-23,-5.863561222360063e-12,-1.0624085644041256e-13,-0.41000542872569573,8.580757368409176e-08,Q_upper|budget,exponential|4096
4.641588833612792e+22,4096,exponential,10.34593363781307,624.4442941193117,0.999999,one_component_extrapolated,1.234335937281239e-24,1.2343361485039703e-24,2.712566347127824e-23,-5.256062286254225e-12,-9.175007182828005e-14,-0.41000542872657997,8.556127508818437e-08,Q_upper|budget,exponential|4096
5.623413251903491e+22,4096,exponential,11.229814455075738,699.7874820969041,0.999999,one_component_extrapolated,9.86856176645503e-25,9.868561518647409e-25,2.4205156868603088e-23,-4.7092685938181265e-12,-7.930264693346133e-14,-0.41000542872657997,1.2555407251078078e-08,Q_upper|budget,exponential|4096
6.812920690579594e+22,4096,exponential,12.193278627793429,783.7345927265237,0.9999989999999997,bridge_gap_extrapolated,7.89131982169042e-25,7.891321163055427e-25,2.1612502415998813e-23,-4.217470846665486e-12,-6.859840783696145e-14,-0.41000542872569573,8.498989553170282e-08,Q_upper|budget,exponential|4096
8.254041852680206e+22,4096,exponential,13.243534753567467,877.2418706493362,0.9999989999999999,bridge_gap_extrapolated,6.311264327034593e-25,6.311262690609403e-25,1.9308774860785206e-23,-3.775453710821838e-12,-5.93831965099767e-14,-0.4100054287261379,1.2964323130502758e-07,Q_upper|budget,exponential|4096
1.0000000000000001e+23,4096,exponential,14.388491966091896,981.3684701012993,0.999999,bridge_gap_extrapolated,5.048347457912101e-25,5.048348071252414e-25,1.7260046857926778e-23,-3.3784287694123847e-12,-5.144192242829354e-14,-0.41000542872657997,6.074663855635626e-08,Q_upper|budget,exponential|4096
1.211527658628585e+23,4096,exponential,15.636716542888223,1097.2946897206593,0.9999989999999999,bridge_gap_extrapolated,4.0387253989233903e-25,4.0387255108752553e-25,1.5436569535512973e-23,-3.0220457248777186e-12,-4.459173736892742e-14,-0.4100054287261379,1.3859801354859382e-08,Q_upper|budget,exponential|4096
1.4677992676220616e+23,4096,exponential,16.99759111587892,1226.3290210731213,0.9999989999999999,bridge_gap_extrapolated,3.231449806808003e-25,3.2314500316194144e-25,1.3812333792769398e-23,-2.7023266768984554e-12,-3.86773851736601e-14,-0.4100054287261379,3.478491351984087e-08,Q_upper|budget,exponential|4096
1.7782794100389228e+23,4096,exponential,18.48132999745013,1369.926230221471,0.999999,bridge_gap_extrapolated,2.585857924456748e-25,2.585858302673849e-25,1.2364509420410149e-23,-2.4156570012995703e-12,-3.356661457733895e-14,-0.41000542872657997,7.313183560617665e-08,Q_upper|budget,exponential|4096
2.1544346900318777e+23,4096,exponential,20.09907768649142,1529.7020530383165,0.9999989999999999,bridge_gap_extrapolated,2.0694853162706483e-25,2.069486137039682e-25,1.1073048993546594e-23,-2.1587513733807663e-12,-2.914667412077191e-14,-0.4100054287261379,1.9830265648364702e-07,Q_upper|budget,exponential|4096
2.6101572156825224e+23,4096,exponential,21.86296332568701,1707.4532891360795,0.999999,bridge_gap_extrapolated,1.6564073170004661e-25,1.6564077416612777e-25,9.920309906346368e-24,-1.928632139855228e-12,-2.5321246833037112e-14,-0.41000542872657997,1.2818729812352925e-07,Q_upper|budget,exponential|4096
3.162277660168379e+23,4096,exponential,23.786241802320408,1905.1740629723138,0.999999,bridge_gap_extrapolated,1.3259149048583956e-25,1.3259150054048442e-25,8.890770721712524e-24,-1.7225972162603144e-12,-2.20080226912826e-14,-0.41000542872657997,3.791587403173355e-08,Q_upper|budget,exponential|4096
3.8311868495572774e+23,4096,exponential,25.883365815196974,2125.0798763597413,0.9999989999999999,bridge_gap_extrapolated,1.0614626560882603e-25,1.0614627703120852e-25,7.970743108177966e-24,-1.5382021227986798e-12,-1.9136514594832476e-14,-0.4100054287261379,5.380491644575561e-08,Q_upper|budget,exponential|4096
4.6415888336127536e+23,4096,exponential,28.17007085344844,2369.6341383212007,0.999999,bridge_gap_extrapolated,8.498289239160959e-26,8.49828922121261e-26,7.148135446276372e-24,-1.37323933286346e-12,-1.664626775757789e-14,-0.41000542872657997,1.0559978335610232e-09,Q_upper|budget,exponential|4096
5.623413251903491e+23,4096,exponential,30.663545866582623,2641.57130008646,0.999999,bridge_gap_extrapolated,6.804452526045827e-26,6.804453223523877e-26,6.412269007573613e-24,-1.2257134561101122e-12,-1.4485413446106562e-14,-0.41000542872657997,5.125158949014757e-08,Q_upper|budget,exponential|4096
6.812920690579594e+23,4096,exponential,33.3824930723923,2943.9328982531542,0.9999989999999999,bridge_gap_extrapolated,5.448629985802703e-26,5.448629483520479e-26,5.7536860941609414e-24,-1.093827029466295e-12,-1.2609350085936153e-14,-0.4100054287261379,4.6092526876473664e-08,Q_upper|budget,exponential|4096
8.254041852680139e+23,4096,exponential,36.34737874209499,3280.0919103591964,0.9999989999999997,bridge_gap_extrapolated,4.3632618276171086e-26,4.3632630458334935e-26,5.164021692596091e-24,-9.759570727672462e-13,-1.0979739830100795e-14,-0.41000542872569573,1.3959925665270525e-07,Q_upper|budget,exponential|4096
1e+24,4096,exponential,39.58038890961048,3653.8074571122515,0.9999989999999997,bridge_gap_extrapolated,3.4943239836733117e-26,3.4943232097965355e-26,4.635839730917561e-24,-8.706472946891875e-13,-9.563512174115047e-15,-0.41000542872569573,1.1073341588540011e-07,Q_upper|budget,exponential|4096
1e+19,8192,exponential,0.24728880163374642,4.494641186303498,0.6795114890562489,one_component_extrapolated,2.2794103932612284e-20,2.2794107774249448e-20,2.2794113908992558e-20,-7.825641500113242e-10,-5.071396543000993e-11,-0.3625079474258972,2.356036189724328e-07,budget,exponential|8192
1.211527658628585e+19,8192,exponential,0.2768062983943877,4.756541296031628,0.7048277311798787,one_component_extrapolated,1.8518490907310825e-20,1.8518478989213624e-20,1.851847922326449e-20,-6.728205715530042e-10,-4.716799055204806e-11,-0.3627977681329434,4.24839397566001e-07,budget,exponential|8192
1.4677992676220735e+19,8192,exponential,0.3092491166590137,5.051841527663499,0.7297216276422911,one_component_extrapolated,1.5029714217350138e-20,1.5029716980580052e-20,1.502971690041672e-20,-5.799664066863354e-10,-4.366844734907111e-11,-0.3631083420951109,1.2078951853850118e-07,budget,exponential|8192
1.7782794100389229e+19,8192,exponential,0.3449635463701356,5.380840860808994,0.754283901886347,one_component_extrapolated,1.2188455009446853e-20,1.2188455846590378e-20,1.2188455252763965e-20,-5.009578701127308e-10,-4.0280842033491215e-11,-0.36344448555511494,3.913457158348418e-08,budget,exponential|8192
2.1544346900318777e+19,8192,exponential,0.38433240243764466,5.744320014857321,0.7785875172906799,one_component_extrapolated,9.878022057330124e-21,9.878023177773063e-21,9.878020377979193e-21,-4.3342206332528593e-10,-3.7047998280196464e-11,-0.3638122926711389,1.5114850780090307e-07,budget,exponential|8192
2.610157215682544e+19,8192,exponential,0.4277791297100887,6.143426909079088,0.80269251065231,one_component_extrapolated,8.001513427124554e-21,8.001512413949196e-21,8.00151124443561e-21,-3.754786358272348e-10,-3.399601830173589e-11,-0.364219785422691,1.3964870554469044e-07,budget,exponential|8192
3.162277660168379e+19,8192,exponential,0.47577709785093164,6.579524165171331,0.8266514296372492,one_component_extrapolated,6.478924950156822e-21,6.478924490522416e-21,6.478924338985098e-21,-3.256115734232682e-10,-3.113927035445932e-11,-0.36467800566554753,5.5091762724908046e-08,budget,exponential|8192
3.831186849557277e+19,8192,exponential,0.5288577073649119,7.054090739665212,0.8505126699263409,one_component_extrapolated,5.244500855447099e-21,5.244501762980021e-21,5.2445007786305916e-21,-2.8258402048204833e-10,-2.8483708146576252e-11,-0.3652028873812079,1.2024545986331933e-07,budget,exponential|8192
4.641588833612792e+19,8192,exponential,0.587622626010305,7.568575759430954,0.8743247159566071,one_component_extrapolated,4.2443789458310465e-21,4.244378975894891e-21,4.244379715741768e-21,-2.4537522528311033e-10,-2.60295499263336e-11,-0.3658188164932347,1.185691730040615e-07,budget,exponential|8192
5.6234132519034905e+19,8192,exponential,0.6527652254492613,8.124106174758257,0.898144089685037,one_component_extrapolated,3.4345623254851005e-21,3.43456207735266e-21,3.434562414587106e-21,-2.1313235793154734e-10,-2.377364535224681e-11,-0.36656617398036334,5.681140133312829e-08,budget,exponential|8192
6.8129206905795944e+19,8192,exponential,0.7251059213142141,8.720942844417745,0.9220490977269618,one_component_extrapolated,2.7792081180518436e-21,2.7792088963455903e-21,2.779206855051342e-21,-1.8513430804383715e-10,-2.171156276465646e-11,-0.36751965826312677,3.9631132343219487e-07,budget,exponential|8192
8.254041852680207e+19,8192,exponential,0.8056830263909575,9.356877201106627,0.9461814102127908,one_component_extrapolated,2.2492231754984302e-21,2.249223882064309e-21,2.2492241770656544e-21,-1.6075551346172577e-10,-1.984122230054593e-11,-0.3688443331097457,2.5314409117262724e-07,budget,exponential|8192
1e+20,8192,exponential,0.8961424139303976,10.019838640155049,0.9709434274600984,joint_observed,1.821288131221318e-21,1.8212880272824457e-21,1.821288173373974e-21,-1.3939326236628566e-10,-1.8176819933841392e-11,-0.3710589252059557,4.5760726398465806e-08,budget,exponential|8192
1.211527658628585e+20,8192,exponential,1.0043746984247433,10.578868661544464,0.999999,joint_observed,1.4806288929365006e-21,1.4806288029087384e-21,1.6011604190166216e-21,-1.196431510590032e-10,-1.6956659585035242e-11,-0.41000542872657997,3.0401866879377364e-08,Q_upper|budget,exponential|8192
1.4677992676220735e+20,8192,exponential,1.0696738721163994,12.281690117608573,0.999999,joint_observed,1.172118212573118e-21,1.1721183497111172e-21,1.3791640740516022e-21,-1.0995929503546726e-10,-1.4008124604982012e-11,-0.41000542872657997,5.850006844013048e-08,Q_upper|budget,exponential|8192
1.778279410038923e+20,8192,exponential,1.1400583824976085,14.239058456062853,0.999999,joint_observed,9.282468431120173e-22,9.282468413316228e-22,1.1895776557914268e-21,-1.0095949072626336e-10,-1.1592636201804815e-11,-0.41000542872657997,9.590093038707947e-10,Q_upper|budget,exponential|8192
2.1544346900318778e+20,8192,exponential,1.2159803746588105,16.485498766159818,0.999999,joint_observed,7.354006744610652e-22,7.354007546421228e-22,1.0274766944637635e-21,-9.260373688850362e-11,-9.610706472095896e-12,-0.41000542872657997,5.451521600283775e-08,Q_upper|budget,exponential|8192
2.610157215682544e+20,8192,exponential,1.2979330412365693,19.059681638667165,0.999999,joint_observed,5.828471374565113e-22,5.8284707743791525e-22,8.887066478842215e-22,-8.485407574380774e-11,-7.981888331899977e-12,-0.41000542872657997,5.148742729256157e-08,Q_upper|budget,exponential|8192
3.1622776601683794e+20,8192,exponential,1.3864575568154391,22.00482372690986,0.999999,joint_observed,4.621216734562779e-22,4.621215957820797e-22,7.697614845296929e-22,-7.767417132145188e-11,-6.6410747786901335e-12,-0.41000542872657997,8.40408588836239e-08,Q_upper|budget,exponential|8192
3.8311868495572776e+20,8192,exponential,1.4821452445541508,25.369176276232164,0.999999,joint_observed,3.6654705541435164e-22,3.6654701661388754e-22,6.676789815485505e-22,-7.102945763330186e-11,-5.5354974655257024e-12,-0.41000542872657997,5.292699201346893e-08,Q_upper|budget,exponential|8192
4.641588833612792e+20,8192,exponential,1.585642614848495,29.206538483100353,0.999999,joint_observed,2.9085411349807327e-22,2.908540857667305e-22,5.799545806717688e-22,-6.488700005463613e-11,-4.6223385132978785e-12,-0.41000542872657997,4.7672257095204595e-08,Q_upper|budget,exponential|8192
5.6234132519034906e+20,8192,exponential,1.697657245228015,33.576813811986014,0.9999989999999996,joint_observed,2.308833468782592e-22,2.3088333427942506e-22,5.044691218658459e-22,-5.921537570576424e-11,-3.8668124048360585e-12,-0.4100054287252537,2.7283982816768284e-08,Q_upper|budget,exponential|8192
6.812920690579594e+20,8192,exponential,1.8189625651002852,38.54664404454438,0.999999,joint_observed,1.8335020310230022e-22,1.8335019351166708e-22,4.394277685825594e-22,-5.398465945459855e-11,-3.2406201835726475e-12,-0.41000542872657997,2.6153866276610276e-08,Q_upper|budget,exponential|8192
8.254041852680207e+20,8192,exponential,1.9504046300289497,44.190087563136196,0.9999989999999999,joint_observed,1.456600760957392e-22,1.456600820076121e-22,3.833091698363668e-22,-4.91663300203984e-11,-2.7207106377372716e-12,-0.4100054287261379,2.0293387741912872e-08,Q_upper|budget,exponential|8192
1e+21,8192,exponential,2.0929072241683024,50.58940821814402,0.9999989999999999,joint_observed,1.1576270523173362e-22,1.157627002613447e-22,3.3482237439470714e-22,-4.4733271793930794e-11,-2.288279391649933e-12,-0.4100054287261379,2.1468006616442673e-08,Q_upper|budget,exponential|8192
1.211527658628585e+21,8192,exponential,2.247481005339845,57.83588747342945,0.999999,joint_observed,9.203730133583648e-23,9.203728842707008e-23,2.928712001976643e-22,-4.0659653891704667e-11,-1.927967658589127e-12,-0.41000542872657997,7.012791072793098e-08,Q_upper|budget,exponential|8192
1.4677992676220737e+21,8192,exponential,2.4152303297708433,66.0307790470875,0.9999989999999992,joint_observed,7.320214533287814e-23,7.320213884249295e-23,2.565237912252027e-22,-3.6920929636160414e-11,-1.6272115418289881e-12,-0.41000542872348533,4.4331934971617566e-08,Q_upper|budget,exponential|8192
1.7782794100389228e+21,8192,exponential,2.5973608539750184,75.28637555167457,0.999999,joint_observed,5.824327300650412e-23,5.824327524817716e-23,2.24987132860636e-22,-3.349381054655765e-11,-1.3757179355243826e-12,-0.41000542872657997,1.9244050698038273e-08,Q_upper|budget,exponential|8192
2.154434690031878e+21,8192,exponential,2.7951880460804053,85.72719849128843,0.999999,joint_observed,4.635822149707567e-23,4.6358214633049586e-23,1.9758566799032422e-22,-3.0356227226979936e-11,-1.165041521606877e-12,-0.41000542872657997,7.403246258151107e-08,Q_upper|budget,exponential|8192
2.610157215682544e+21,8192,exponential,3.010152664871681,97.49115838958227,0.999999,joint_observed,3.691161790350262e-23,3.691162175758141e-23,1.7374360976564575e-22,-2.7487213109868398e-11,-9.882448569140316e-13,-0.41000542872657997,5.220684983305595e-08,Q_upper|budget,exponential|8192
3.1622776601683794e+21,8192,exponential,3.243820877210557,110.73128745225056,0.999999,joint_observed,2.940025818326459e-23,2.940025521584079e-23,1.5296910357106191e-22,-2.48670284365654e-11,-8.396160869383318e-13,-0.41000542872657997,5.0465950608141136e-08,Q_upper|budget,exponential|8192
3.8311868495572773e+21,8192,exponential,3.4979090479757917,125.61701025399124,0.999999,joint_observed,2.3425377551438968e-23,2.3425376192705334e-23,1.3484213439399345e-22,-2.2476953614084687e-11,-7.144493650498521e-13,-0.41000542872657997,2.9001318620840364e-08,Q_upper|budget,exponential|8192
4.641588833612792e+21,8192,exponential,3.7742855670175377,142.33625986500724,0.999999,joint_observed,1.8670893828698078e-23,1.8670892014055887e-23,1.190031675337325e-22,-2.0299393224465905e-11,-6.088582344950156e-13,-0.41000542872657997,4.8595484935539296e-08,Q_upper|budget,exponential|8192
5.623413251903491e+21,8192,exponential,4.074990812903439,161.09732702599447,0.9999989999999999,joint_observed,1.4886136199206357e-23,1.4886133431189547e-23,1.051443006008965e-22,-1.8317774994176693e-11,-5.196292300557376e-13,-0.4100054287261379,9.297298610414022e-08,Q_upper|budget,exponential|8192
6.812920690579594e+21,8192,exponential,4.402252510509996,182.1310923984581,0.999999,joint_observed,1.1872229211016853e-23,1.1872228785157725e-23,9.300150543095157e-23,-1.651652817279176e-11,-4.4410074122182366e-13,-0.41000542872657997,1.793509575664083e-08,Q_upper|budget,exponential|8192
8.254041852680206e+21,8192,exponential,4.7584962677871845,205.69375757257217,0.9999989999999999,joint_observed,9.471331453219702e-24,9.471330635345194e-24,8.234798167292908e-23,-1.4881083184516985e-11,-3.800638404747377e-13,-0.4100054287261379,4.317632367939346e-08,Q_upper|budget,exponential|8192
1e+22,8192,exponential,5.146371421385824,232.06936651450818,0.999999,joint_observed,7.55810741424533e-24,7.558105898848144e-24,7.298880517167011e-23,-1.3397793317178586e-11,-3.2568304952802275e-13,-0.41000542872657997,1.002497885373769e-07,Q_upper|budget,exponential|8192
1.2115276586285852e+22,8192,exponential,5.568767921406524,261.5730106854053,0.999999,joint_observed,6.0329960073258915e-24,6.032994669347614e-24,6.475616782655108e-23,-1.2053921707955424e-11,-2.794302014233486e-13,-0.41000542872657997,1.1088838988547312e-07,Q_upper|budget,exponential|8192
1.4677992676220736e+22,8192,exponential,6.028838556649802,294.5542602297194,0.9999989999999987,joint_observed,4.816877377340409e-24,4.81687778903284e-24,5.750541772992678e-23,-1.083760445829428e-11,-2.400308074123071e-13,-0.41000542872171697,4.273436726276246e-08,Q_upper|budget,exponential|8192
1.7782794100389228e+22,8192,exponential,6.530011116697943,331.4015446541426,0.9999989999999997,one_component_extrapolated,3.8468533111027154e-24,3.8468526500710514e-24,5.111160781245353e-23,-9.737838143283126e-12,-2.064196432220674e-13,-0.41000542872569573,8.591849858999997e-08,Q_upper|budget,exponential|8192
2.154434690031878e+22,8192,exponential,7.076041264355414,372.5452067138027,0.9999989999999999,one_component_extrapolated,3.0728939085827167e-24,3.0728939023216977e-24,4.546687347888651e-23,-8.744378421328344e-12,-1.7770592944536772e-13,-0.4100054287261379,1.018749685211806e-09,Q_upper|budget,exponential|8192
2.610157215682544e+22,8192,exponential,7.671008061673026,418.4637626776811,0.999999,one_component_extrapolated,2.4551968689559148e-24,2.4551967415056754e-24,4.047773616155882e-23,-7.847775570547001e-12,-1.5314228046306063e-13,-0.41000542872657997,2.5955198273302635e-08,Q_upper|budget,exponential|8192
3.1622776601683792e+22,8192,exponential,8.319366206982057,469.68820484604606,0.999999,one_component_extrapolated,1.962079919293124e-24,1.9620793826303488e-24,3.606321300828156e-23,-7.039288168965393e-12,-1.321012479162143e-13,-0.41000542872657997,1.3675866198386988e-07,Q_upper|budget,exponential|8192
3.8311868495572775e+22,8192,exponential,9.025981386256998,526.8077169443065,0.999999,one_component_extrapolated,1.5683154867466654e-24,1.568315456148614e-24,3.215303275565163e-23,-6.310851434681935e-12,-1.140550785095884e-13,-0.41000542872657997,9.755069059785935e-09,Q_upper|budget,exponential|8192
4.641588833612792e+22,8192,exponential,9.796139539939356,590.477689496113,0.9999989999999999,one_component_extrapolated,1.253810174707659e-24,1.2538100480705059e-24,2.8686038575439844e-23,-5.6550660285186104e-12,-9.855868938184305e-14,-0.4100054287261379,5.050092996756149e-08,Q_upper|budget,exponential|8192
5.623413251903491e+22,8192,exponential,10.63562255725208,661.4250431967093,0.999999,one_component_extrapolated,1.0025518129574154e-24,1.002551794114556e-24,2.5609048149999973e-23,-5.065121393507247e-12,-8.523661301809419e-14,-0.41000542872657997,9.397449371265379e-09,Q_upper|budget,exponential|8192
6.812920690579594e+22,8192,exponential,11.550724666258033,740.457783271135,0.999999,one_component_extrapolated,8.017776307903544e-25,8.017776616465133e-25,2.287566713663397e-23,-4.534784310010085e-12,-7.377122293379769e-14,-0.41000542872657997,1.924234176868124e-08,Q_upper|budget,exponential|8192
8.254041852680206e+22,8192,exponential,12.548309318737953,828.4734564976526,0.999999,bridge_gap_extrapolated,6.41310962119716e-25,6.4131092835929705e-25,2.0445393447422218e-23,-4.05835150183031e-12,-6.389350439344866e-14,-0.41000542872657997,2.6321411890571695e-08,Q_upper|budget,exponential|8192
1.0000000000000001e+23,8192,exponential,13.635868348029497,926.468615233117,0.999999,bridge_gap_extrapolated,5.130345732872736e-25,5.130345728150182e-25,1.8282827394620705e-23,-3.630611193707437e-12,-5.537527816697051e-14,-0.41000542872657997,4.602569020321662e-10,Q_upper|budget,exponential|8192
1.211527658628585e+23,8192,exponential,14.821557503878257,1035.5512042082755,0.999999,bridge_gap_extrapolated,4.1047226356979458e-25,4.104721992261343e-25,1.635695628570153e-23,-3.246816853735278e-12,-4.802258163957919e-14,-0.41000542872657997,7.837760438068934e-08,Q_upper|budget,exponential|8192
1.4677992676220616e+23,8192,exponential,16.114290184057207,1156.950727762145,0.999999,bridge_gap_extrapolated,3.28455206078369e-25,3.2845521539009543e-25,1.4640611196644395e-23,-2.902641570998071e-12,-4.167042839661395e-14,-0.41000542872657997,1.4175032293371467e-08,Q_upper|budget,exponential|8192
1.7782794100389228e+23,8192,exponential,17.523755543300716,1292.035200988004,0.9999989999999999,bridge_gap_extrapolated,2.6285731791052337e-25,2.628572855233833e-25,1.3109910446611245e-23,-2.594160340441433e-12,-3.617809315624789e-14,-0.4100054287261379,6.160593576454409e-08,Q_upper|budget,exponential|8192
2.1544346900318777e+23,8192,exponential,19.06055598911512,1442.321853781136,0.999999,bridge_gap_extrapolated,2.103835901617369e-25,2.1038361570721032e-25,1.1743887631207352e-23,-2.317802586861835e-12,-3.142556279693788e-14,-0.41000542872657997,6.071165493463708e-08,Q_upper|budget,exponential|8192
2.6101572156825224e+23,8192,exponential,20.73620960803943,1609.4994607639994,0.999999,bridge_gap_extrapolated,1.6840243335675788e-25,1.6840243371002059e-25,1.0524058063865376e-23,-2.070339630386834e-12,-2.7310156865666703e-14,-0.41000542872657997,1.048864684499021e-09,Q_upper|budget,exponential|8192
3.162277660168379e+23,8192,exponential,22.56331332206879,1795.4415331374323,0.999999,bridge_gap_extrapolated,1.348113009245685e-25,1.3481129973197785e-25,9.43415057868319e-24,-1.848842706062113e-12,-2.3744062594772615e-14,-0.41000542872657997,4.423185124213525e-09,Q_upper|budget,exponential|8192
3.8311868495572774e+23,8192,exponential,24.55558991228641,2002.2305514828083,0.999999,bridge_gap_extrapolated,1.079301291501403e-25,1.079301407872383e-25,8.459797882065122e-24,-1.6506658937523908e-12,-2.065199413467662e-14,-0.41000542872657997,5.3910328189976655e-08,Q_upper|budget,exponential|8192
4.6415888336127536e+23,8192,exponential,26.72798881027994,2232.1813836300826,0.999999,bridge_gap_extrapolated,8.641613591726895e-26,8.641613791029896e-26,7.588301695847933e-24,-1.4734205479921347e-12,-1.7969336350081085e-14,-0.41000542872657997,1.1531584724858554e-08,Q_upper|budget,exponential|8192
5.623413251903491e+23,8192,exponential,29.096835241981033,2487.864012974606,0.9999989999999999,bridge_gap_extrapolated,6.919585104267257e-26,6.919585114325989e-26,6.80843715351213e-24,-1.3149495491052437e-12,-1.5640600300757707e-14,-0.4100054287261379,7.268306229170461e-10,Q_upper|budget,exponential|8192
6.812920690579594e+23,8192,exponential,31.679916411282324,2772.134956237252,0.999999,bridge_gap_extrapolated,5.54109893295791e-26,5.541098675639026e-26,6.110260159134428e-24,-1.173309726484079e-12,-1.3618047610151562e-14,-0.41000542872657997,2.321912071084983e-08,Q_upper|budget,exponential|8192
8.254041852680139e+23,8192,exponential,34.496641019669255,3088.166804828471,0.9999989999999999,bridge_gap_extrapolated,4.437517320330235e-26,4.4375174941639966e-26,5.48495818047721e-24,-1.0467505767964829e-12,-1.1860581838248327e-14,-0.4100054287261379,1.9586825952097626e-08,Q_upper|budget,exponential|8192
1e+24,8192,exponential,37.56814894446092,3439.486551817027,0.999999,bridge_gap_extrapolated,3.553943013754359e-26,3.553942895226035e-26,4.924707663093498e-24,-9.336980951851118e-13,-1.0332771597401776e-14,-0.41000542872657997,1.667560876424471e-08,Q_upper|budget,exponential|8192
1e+19,32768,exponential,0.19989091308508014,3.3498592007193047,0.7149834535949062,one_component_extrapolated,2.4748804108404565e-20,2.4748803692113225e-20,2.4748806845983337e-20,-1.0407563228571389e-09,-7.388013110162657e-11,-0.36292115243077133,7.934994461087974e-08,budget,exponential|32768
1.211527658628585e+19,32768,exponential,0.22253313969768831,3.5812374336891692,0.7390906950439619,one_component_extrapolated,2.0049453767746333e-20,2.004945515899576e-20,2.0049456369010058e-20,-9.013717588695117e-10,-6.782702882822934e-11,-0.3632327762668286,6.637774996855084e-08,budget,exponential|32768
1.4677992676220735e+19,32768,exponential,0.24746017181217833,3.8366596917838485,0.7629576803316043,one_component_extrapolated,1.6232867254744647e-20,1.623286744901441e-20,1.6232868563478686e-20,-7.818380508082989e-10,-6.210243510544824e-11,-0.363571360159847,4.975909265747195e-08,budget,exponential|32768
1.7782794100389229e+19,32768,exponential,0.27492986285521903,4.117244844486139,0.7866371143969603,one_component_extrapolated,1.3136589881877172e-20,1.3136591302800694e-20,1.3136590898749682e-20,-6.78981001519434e-10,-5.673825753440812e-11,-0.36394316563275364,6.185765369395563e-08,budget,exponential|32768
2.1544346900318777e+19,32768,exponential,0.30522858201317854,4.424284141411109,0.810174283426164,one_component_extrapolated,1.0626909650750281e-20,1.0626909778699572e-20,1.0626909884242888e-20,-5.902259306765143e-10,-5.1748446400115415e-11,-0.3643565516435373,1.1337315865358689e-08,budget,exponential|32768
2.610157215682544e+19,32768,exponential,0.3386765862798843,4.759179275657307,0.8336104745615861,one_component_extrapolated,8.594183575761071e-21,8.594182801982299e-21,8.594181036306691e-21,-5.134580621175179e-10,-4.713453088062277e-11,-0.36482314921589637,1.669784570819129e-07,budget,exponential|32768
3.162277660168379e+19,32768,exponential,0.375633547963877,5.123390751063907,0.8569853797956999,one_component_extrapolated,6.948773216148208e-21,6.948771654979578e-21,6.948771723588961e-21,-4.4692423396655843e-10,-4.288945824713865e-11,-0.36535992057089506,1.4648764744162323e-07,budget,exponential|32768
3.831186849557277e+19,32768,exponential,0.4165074876948937,5.518330059335204,0.8803418425176992,one_component_extrapolated,5.6175724844910975e-21,5.61757117341026e-21,5.617569168263697e-21,-3.891568183546187e-10,-3.900086543321802e-11,-0.36599316756847766,3.1575770717987566e-07,budget,exponential|32768
4.641588833612792e+19,32768,exponential,0.4617674295676593,5.945191626828501,0.903731804578194,one_component_extrapolated,4.541077366665594e-21,4.541077376552045e-21,4.541076718288371e-21,-3.389167592408564e-10,-3.545354862652213e-11,-0.36676709209949226,9.59126990097676e-08,budget,exponential|32768
5.6234132519034905e+19,32768,exponential,0.5119696448820928,6.404509351822842,0.9272333251842704,one_component_extrapolated,3.6709622446530224e-21,3.670962141798958e-21,3.67096155534876e-21,-2.9514407449045797e-10,-3.223250372731957e-11,-0.3677653852457635,1.1584197511942353e-07,budget,exponential|32768
6.8129206905795944e+19,32768,exponential,0.5678282323610258,6.894828531301469,0.9509999010103408,one_component_extrapolated,2.96810905334799e-21,2.9681096927193405e-21,2.9681097674745114e-21,-2.5690444003297193e-10,-2.9328497214448385e-11,-0.36918048361599276,1.5200448529556791e-07,budget,exponential|32768
8.254041852680207e+19,32768,exponential,0.6305401123791715,7.4060679651548496,0.975518646750757,one_component_extrapolated,2.4013330985118968e-21,2.4013331551307464e-21,2.401333069870028e-21,-2.2325869745874956e-10,-2.6762790265945625e-11,-0.37167687163517227,1.9694555900836522e-08,budget,exponential|32768
1e+20,32768,exponential,0.7001735173212799,7.9553107080231955,0.999999,one_component_extrapolated,1.94277923050151e-21,1.9427791030187604e-21,2.129202290208142e-21,-1.9402106530215487e-10,-2.442115932768538e-11,-0.41000542872657997,3.280937740397202e-08,Q_upper|budget,exponential|32768
1.211527658628585e+20,32768,exponential,0.7468826504117964,9.208525388843746,0.999999,one_component_extrapolated,1.539248006128581e-21,1.5392480384441755e-21,1.8394330322813167e-21,-1.7793729165487398e-10,-2.025125080639073e-11,-0.41000542872657997,1.049720191286422e-08,Q_upper|budget,exponential|32768
1.4677992676220735e+20,32768,exponential,0.7973074546562313,10.644248429180134,0.999999,joint_observed,1.2200114993522286e-21,1.2200116246652411e-21,1.5913256714682875e-21,-1.6302237382354685e-10,-1.6823472141677425e-11,-0.41000542872657997,5.1357305307184104e-08,Q_upper|budget,exponential|32768
1.778279410038923e+20,32768,exponential,0.851780975605471,12.286502547286346,0.999999,joint_observed,9.673652764010473e-22,9.673653185737183e-22,1.378623877189644e-21,-1.4920626388421328e-10,-1.4001102603322444e-11,-0.41000542872657997,2.179769687158711e-08,Q_upper|budget,exponential|32768
2.1544346900318778e+20,32768,exponential,0.9106678627589844,14.162097248426058,0.999999,joint_observed,7.673418711565695e-22,7.673418699192098e-22,1.1960421879409734e-21,-1.3642210784918994e-10,-1.1673327153939758e-11,-0.41000542872657997,8.062636874505297e-10,Q_upper|budget,exponential|32768
2.610157215682544e+20,32768,exponential,0.9743667839134083,16.30091880094783,0.999999,joint_observed,6.089187910764944e-22,6.089187453894852e-22,1.0391111069061604e-21,-1.2460622727862206e-10,-9.750209030857273e-12,-0.41000542872657997,3.751486375679958e-08,Q_upper|budget,exponential|32768
3.1622776601683794e+20,32768,exponential,1.0433139521041543,18.736239912504058,0.999999,joint_observed,4.833945027409501e-22,4.833944733988932e-22,9.040482966668285e-22,-1.1369789714889018e-10,-8.158667648453913e-12,-0.41000542872657997,3.0350011879680466e-08,Q_upper|budget,exponential|32768
3.8311868495572776e+20,32768,exponential,1.1179859951794724,21.50507317716828,0.999999,joint_observed,3.838975300557274e-22,3.8389748459407007e-22,7.876497624208849e-22,-1.0363931385871632e-10,-6.839237339198799e-12,-0.41000542872657997,5.9210670207447045e-08,Q_upper|budget,exponential|32768
4.641588833612792e+20,32768,exponential,1.198904363362452,24.64854459568341,0.999999,joint_observed,3.04999490962416e-22,3.0499944871510763e-22,6.871994292842222e-22,-9.437537316762726e-11,-5.743471099961102e-12,-0.41000542872657997,6.925800307510007e-08,Q_upper|budget,exponential|32768
5.6234132519034906e+20,32768,exponential,1.2866387546698133,28.21232619667704,0.999999,joint_observed,2.424106072354762e-22,2.424105607048262e-22,6.003923838380764e-22,-8.585365769866526e-11,-4.83184105403345e-12,-0.41000542872657997,9.597487293064705e-08,Q_upper|budget,exponential|32768
6.812920690579594e+20,32768,exponential,1.381812327559112,32.24709243696167,0.999999,joint_observed,1.927395396870265e-22,1.9273953689823103e-22,5.25271101943611e-22,-7.802426143754874e-11,-4.072054500397648e-12,-0.41000542872657997,7.234622256963614e-09,Q_upper|budget,exponential|32768
8.254041852680207e+20,32768,exponential,1.4851047745001789,36.80907407494846,0.999999,joint_observed,1.5330434288999509e-22,1.5330434662809077e-22,4.601709280801587e-22,-7.083985073107497e-11,-3.437686290857418e-12,-0.41000542872657997,1.2191747378186144e-08,Q_upper|budget,exponential|32768
1e+21,32768,exponential,1.5972591778422096,41.96061155047119,0.999999,joint_observed,1.219831272316612e-22,1.219831184098152e-22,4.036753791938033e-22,-6.425543360118989e-11,-2.907086286459173e-12,-0.41000542872657997,3.6160108887909694e-08,Q_upper|budget,exponential|32768
1.211527658628585e+21,32768,exponential,1.7190878281274788,47.77079548336895,0.999999,joint_observed,9.709647522601862e-23,9.709647783053237e-23,3.545778463064812e-22,-5.822831519833223e-11,-2.462489210339003e-12,-0.41000542872657997,1.3411989005740295e-08,Q_upper|budget,exponential|32768
1.4677992676220737e+21,32768,exponential,1.8514762332507597,54.31623785547332,0.999999,joint_observed,7.731470599958052e-23,7.73147081761687e-23,3.118490242993421e-22,-5.271813970628891e-11,-2.0892918309134957e-12,-0.41000542872657997,1.4076158860905367e-08,Q_upper|budget,exponential|32768
1.7782794100389228e+21,32768,exponential,1.995391580682553,61.68184202094709,0.9999989999999999,joint_observed,6.158455746830885e-23,6.15845504328486e-23,2.7461024547661535e-22,-4.768671939206244e-11,-1.7754745063230646e-12,-0.4100054287261379,5.712033125253387e-08,Q_upper|budget,exponential|32768
2.154434690031878e+21,32768,exponential,2.1518907974819794,69.9616774849035,0.9999989999999999,joint_observed,4.90713842475014e-23,4.9071383509753525e-23,2.421106295296752e-22,-4.309796951758188e-11,-1.511128588134325e-12,-0.4100054287261379,7.517088629079024e-09,Q_upper|budget,exponential|32768
2.610157215682544e+21,32768,exponential,2.322124871512133,79.260083125739,0.999999,joint_observed,3.911354830444974e-23,3.9113543915761756e-23,2.13707393568702e-22,-3.891795629403767e-11,-1.2880695408895932e-12,-0.41000542872657997,5.6101893381869145e-08,Q_upper|budget,exponential|32768
3.1622776601683794e+21,32768,exponential,2.5073518208351446,89.69266949291467,0.999999,joint_observed,3.118629361535633e-23,3.1186289018817363e-23,1.888500573637002e-22,-3.5114703025620365e-11,-1.0995291546713425e-12,-0.41000542872657997,7.369486358956031e-08,Q_upper|budget,exponential|32768
3.8311868495572773e+21,32768,exponential,2.708943209341977,101.3876490094954,0.999999,joint_observed,2.4873279559418328e-23,2.4873275734015202e-23,1.6706636305625332e-22,-3.165821252396696e-11,-9.398991674878114e-13,-0.41000542872657997,7.68978495700493e-08,Q_upper|budget,exponential|32768
4.641588833612792e+21,32768,exponential,2.9283960060919183,114.48717991405151,0.999999,joint_observed,1.984403411661272e-23,1.9844034659165974e-23,1.4795076436991884e-22,-2.852036697183654e-11,-8.045254478008608e-13,-0.41000542872657997,1.367043729631405e-08,Q_upper|budget,exponential|32768
5.623413251903491e+21,32768,exponential,3.167338654741796,129.14910227392178,0.9999989999999999,joint_observed,1.5836147470407067e-23,1.583614071705733e-23,1.3115434393725834e-22,-2.567492688469581e-11,-6.895376119489338e-13,-0.4100054287261379,2.1322582377130383e-07,Q_upper|budget,exponential|32768
6.812920690579594e+21,32768,exponential,3.4275584698605317,145.5481122732464,0.999999,joint_observed,1.264113466326272e-23,1.2641135713859467e-23,1.1637709012014338e-22,-2.3097284370567882e-11,-5.917153696620518e-13,-0.41000542872657997,4.15546836604312e-08,Q_upper|budget,exponential|32768
8.254041852680206e+21,32768,exponential,3.710987763418308,163.8786983241807,0.999999,joint_observed,1.009333541911581e-23,1.0093332467791447e-23,1.0335977739665162e-22,-2.076469220905014e-11,-5.083686255388928e-13,-0.41000542872657997,1.4620166042966857e-07,Q_upper|budget,exponential|32768
1e+22,32768,exponential,4.019749138052707,184.35611597366815,0.999999,joint_observed,8.061017063985513e-24,8.061013808391383e-24,9.187905532388025e-23,-1.8655877300826752e-11,-4.372523127761462e-13,-0.41000542872657997,2.0193449310803884e-07,Q_upper|budget,exponential|32768
1.2115276586285852e+22,32768,exponential,4.356151287244231,207.21952816515923,0.999999,joint_observed,6.4394112586199184e-24,6.439409485129318e-24,8.17416482356815e-23,-1.6751169359887175e-11,-3.76485882655394e-13,-0.41000542872657997,1.3770597762958482e-07,Q_upper|budget,exponential|32768
1.4677992676220736e+22,32768,exponential,4.722711067691683,232.734479964193,0.999999,joint_observed,5.145154843550743e-24,5.145154754834349e-24,7.278021624233066e-23,-1.5032370295228e-11,-3.2449228761075695e-13,-0.41000542872657997,8.62135323032807e-09,Q_upper|budget,exponential|32768
1.7782794100389228e+22,32768,exponential,5.122168983297212,261.1960089088179,0.999999,joint_observed,4.1118918545205716e-24,4.111890956297648e-24,6.484963476127796e-23,-1.3482688690460683e-11,-2.7994650662759456e-13,-0.41000542872657997,1.0922259796556366e-07,Q_upper|budget,exponential|32768
2.154434690031878e+22,32768,exponential,5.557524786725799,292.9311995090419,0.999999,joint_observed,3.2867794402971847e-24,3.2867795687174395e-24,5.782404130126637e-23,-1.2086609142675577e-11,-2.417343025666439e-13,-0.41000542872657997,1.9535879206825863e-08,Q_upper|budget,exponential|32768
2.610157215682544e+22,32768,exponential,6.03203513073088,328.3039990785611,0.999999,one_component_extrapolated,2.627727728175215e-24,2.627727506644139e-24,5.159384541882194e-23,-1.082990939337973e-11,-2.0891557616005263e-13,-0.41000542872657997,4.215259505245797e-08,Q_upper|budget,exponential|32768
3.1622776601683792e+22,32768,exponential,6.5492638648776555,367.7179933480069,0.9999989999999997,one_component_extrapolated,2.101193908837834e-24,2.101194020684402e-24,4.6063739292663166e-23,-9.699498966308991e-12,-1.8069713833669472e-13,-0.41000542872569573,2.6615003230548556e-08,Q_upper|budget,exponential|32768
3.8311868495572775e+22,32768,exponential,7.113087355669993,411.62196475405136,0.999999,one_component_extrapolated,1.6804412618253215e-24,1.680441382422794e-24,4.1150539157844164e-23,-8.683407143293113e-12,-1.5640771088678142e-13,-0.41000542872657997,3.5882678926180534e-08,Q_upper|budget,exponential|32768
4.641588833612792e+22,32768,exponential,7.7277286769216245,460.5146662813032,0.9999989999999999,one_component_extrapolated,1.3441497819207368e-24,1.3441489473586216e-24,3.678159897838152e-23,-7.77068704005681e-12,-1.3547856781962098e-13,-0.4100054287261379,3.1044247651079247e-07,Q_upper|budget,exponential|32768
5.623413251903491e+22,32768,exponential,8.397823253238789,514.9483852698404,0.9999989999999999,one_component_extrapolated,1.0753116688137579e-24,1.075311549611309e-24,3.2893521493316444e-23,-6.95130502237121e-12,-1.1742771491244583e-13,-0.4100054287261379,5.542693299903613e-08,Q_upper|budget,exponential|32768
6.812920690579594e+22,32768,exponential,9.128379281827707,575.5393439075526,0.9999989999999999,one_component_extrapolated,8.603591497120548e-25,8.603589803977453e-25,2.9430595767476973e-23,-6.216172897850186e-12,-1.0184460125838573e-13,-0.4100054287261379,9.839746938556709e-08,Q_upper|budget,exponential|32768
8.254041852680206e+22,32768,exponential,9.924892414165726,642.9700975068906,0.9999989999999999,one_component_extrapolated,6.884617532182299e-25,6.884617468742926e-25,2.6344095696675166e-23,-5.556980600640098e-12,-8.838034761964709e-14,-0.4100054287261379,4.607327349304599e-09,Q_upper|budget,exponential|32768
1.0000000000000001e+23,32768,exponential,10.793331643385086,718.0003963888641,0.9999989999999999,one_component_extrapolated,5.509737985882439e-25,5.50973648914578e-25,2.3591164940873283e-23,-4.966196700478109e-12,-7.673723464299796e-14,-0.4100054287261379,1.358265008746549e-07,Q_upper|budget,exponential|32768
1.211527658628585e+23,32768,exponential,11.74023224936878,801.4726212430032,0.999999,one_component_extrapolated,4.40990700547706e-25,4.409906629866744e-25,2.1134178922507033e-23,-4.436969148634328e-12,-6.666133954478825e-14,-0.41000542872657997,4.2587103528077125e-08,Q_upper|budget,exponential|32768
1.4677992676220616e+23,32768,exponential,12.772696567374325,894.3242043085082,0.999999,bridge_gap_extrapolated,3.5299786604954777e-25,3.5299788282842336e-25,1.8939961254808226e-23,-3.963102923079346e-12,-5.793536967819365e-14,-0.41000542872657997,2.3766255840148086e-08,Q_upper|budget,exponential|32768
1.7782794100389228e+23,32768,exponential,13.89847002644588,997.5966448456566,0.999999,bridge_gap_extrapolated,2.825893876605493e-25,2.8258932542391986e-25,1.6979273002127005e-23,-3.5389882005493616e-12,-5.0373342923170446e-14,-0.41000542872657997,1.1011849536117881e-07,Q_upper|budget,exponential|32768
2.1544346900318777e+23,32768,exponential,15.126021966015703,1112.4454305723027,0.9999989999999997,bridge_gap_extrapolated,2.2624428193861663e-25,2.2624424484891134e-25,1.5226334086418755e-23,-3.1595455052318475e-12,-4.381594243879458e-14,-0.41000542872569573,8.196827794784737e-08,Q_upper|budget,exponential|32768
2.6101572156825224e+23,32768,exponential,16.46457176660241,1240.1554226823841,0.9999989999999999,bridge_gap_extrapolated,1.8114844858693348e-25,1.8114847704584283e-25,1.3658341099041583e-23,-2.820194244892084e-12,-3.812635060276649e-14,-0.4100054287261379,7.85513409846624e-08,Q_upper|budget,exponential|32768
3.162277660168379e+23,32768,exponential,17.924154887028894,1382.1554895587471,0.999999,bridge_gap_extrapolated,1.4505224112110867e-25,1.4505225054900132e-25,1.2255108710126343e-23,-2.516805374400977e-12,-3.3186967380543546e-14,-0.41000542872657997,3.249826499662644e-08,Q_upper|budget,exponential|32768
3.8311868495572774e+23,32768,exponential,19.515744575427973,1540.0309193315418,0.999999,bridge_gap_extrapolated,1.1615677487180616e-25,1.1615677676796343e-25,1.0998782924561391e-23,-2.2456510472340555e-12,-2.8896713049991504e-14,-0.41000542872657997,8.162060613376399e-09,Q_upper|budget,exponential|32768
4.6415888336127536e+23,32768,exponential,21.251301512421946,1715.5433491753615,0.9999989999999999,bridge_gap_extrapolated,9.302348573080534e-26,9.302350510745355e-26,9.873528283015512e-24,-2.003376578355678e-12,-2.5168519511781773e-14,-0.4100054287261379,1.0414921591094526e-07,Q_upper|budget,exponential|32768
5.623413251903491e+23,32768,exponential,23.143842057030362,1910.652105172701,0.999999,bridge_gap_extrapolated,7.450178158165658e-26,7.450178696032217e-26,8.865279939232735e-24,-1.7869671211662119e-12,-2.1927295657274964e-14,-0.41000542872657997,3.609756233573055e-08,Q_upper|budget,exponential|32768
6.812920690579594e+23,32768,exponential,25.207588961512894,2127.5317571110277,0.999999,bridge_gap_extrapolated,5.967118348198365e-26,5.96711771570374e-26,7.961557199898656e-24,-1.5937088683373383e-12,-1.9108292796364823e-14,-0.41000542872657997,5.299833383902367e-08,Q_upper|budget,exponential|32768
8.254041852680139e+23,32768,exponential,27.458051436435667,2368.598262634777,0.999999,bridge_gap_extrapolated,4.779524614657744e-26,4.779524077667804e-26,7.151261590472655e-24,-1.4211646470147056e-12,-1.665558587764847e-14,-0.41000542872657997,5.6176085856724166e-08,Q_upper|budget,exponential|32768
1e+24,32768,exponential,29.91212663289914,2636.5370669827116,0.999999,bridge_gap_extrapolated,3.828469095096225e-26,3.8284686894436855e-26,6.4245126651016326e-24,-1.2671479156413235e-12,-1.4520822549348937e-14,-0.41000542872657997,5.2978429602205274e-08,Q_upper|budget,exponential|32768
1e+19,131072,exponential,0.13095202752556945,1.9882111380607974,0.7780004743022632,one_component_extrapolated,2.863943938888784e-20,2.863944076996418e-20,2.8639443227946915e-20,-1.8343282806961699e-09,-1.4404627467230504e-10,-0.36380293710419676,7.329102293220864e-08,budget,exponential|131072
1.211527658628585e+19,131072,exponential,0.14487581229883578,2.1504359912276967,0.8007419135941005,one_component_extrapolated,2.3125834966995456e-20,2.3125835207810384e-20,2.3125839307229178e-20,-1.602042337495951e-09,-1.3028794671146478e-10,-0.3641849890110427,1.2164824858658586e-07,budget,exponential|131072
1.4677992676220735e+19,131072,exponential,0.16021322090864146,2.327703685973392,0.8234107913796774,one_component_extrapolated,1.8669640908674024e-20,1.8669640572089993e-20,1.8669639257542772e-20,-1.3999538075214372e-09,-1.1772668885482144e-10,-0.36461241254889626,5.295010930951308e-08,budget,exponential|131072
1.7782794100389229e+19,131072,exponential,0.1771184481668863,2.521063964222576,0.8460355861134055,one_component_extrapolated,1.506964826565112e-20,1.5069648397474964e-20,1.5069647731967058e-20,-1.2238748979921842e-09,-1.0629657097978285e-10,-0.3650982360664515,2.6525546612225005e-08,budget,exponential|131072
2.1544346900318777e+19,131072,exponential,0.19576455910782867,2.7315997614719056,0.8686466036376742,one_component_extrapolated,1.2162441590514296e-20,1.2162440677055925e-20,1.2162441878464901e-20,-1.0702565161162727e-09,-9.592614730638526e-11,-0.3656618519630258,5.796170032324197e-08,budget,exponential|131072
2.610157215682544e+19,131072,exponential,0.2163476104308006,2.960380477089786,0.891279770216258,one_component_extrapolated,9.815471264163341e-21,9.815470641009355e-21,9.815472407375573e-21,-9.36070878449307e-10,-8.654266475955314e-11,-0.36633406459733575,9.880926133669341e-08,budget,exponential|131072
3.162277660168379e+19,131072,exponential,0.23909319965460687,3.2083625996402168,0.9139846714245127,one_component_extrapolated,7.921364480184857e-21,7.921364485627183e-21,7.92135818916323e-21,-8.187163974475861e-10,-7.807581959021423e-11,-0.36716843909357944,5.296852136508145e-07,budget,exponential|131072
3.831186849557277e+19,131072,exponential,0.2642702101581504,3.476136170064287,0.9368440138342357,one_component_extrapolated,6.393271649132778e-21,6.3932718619577445e-21,6.393271741757506e-21,-7.159290508646976e-10,-7.046277212645584e-11,-0.3682716680687279,1.7363316591786014e-08,budget,exponential|131072
4.641588833612792e+19,131072,exponential,0.29223461374748466,3.762992680689676,0.9600488473141519,one_component_extrapolated,5.161212877688279e-21,5.161213087624765e-21,5.1612125429324435e-21,-6.256553934180218e-10,-6.366270431072072e-11,-0.3699132336500247,5.679854613530756e-08,budget,exponential|131072
5.6234132519034905e+19,131072,exponential,0.32370604651185825,4.0607003574165,0.9844143961288556,one_component_extrapolated,4.170264220108751e-21,4.170264171797976e-21,4.1702637827918436e-21,-5.455248801586536e-10,-5.775141414902909e-11,-0.37331046215179226,6.604881834923217e-08,budget,exponential|131072
6.8129206905795944e+19,131072,exponential,0.35406743828982845,4.486142182496108,0.999999,one_component_extrapolated,3.347489752247873e-21,3.3474902592836925e-21,3.775730926436154e-21,-4.837737917894063e-10,-5.083696575193715e-11,-0.41000542872657997,7.573373161943349e-08,Q_upper|budget,exponential|131072
8.254041852680207e+19,131072,exponential,0.3788236794465678,5.1639082606928035,0.999999,one_component_extrapolated,2.656341737301922e-21,2.656341455421645e-21,3.2801639618144247e-21,-4.4188830861592514e-10,-4.245922359805463e-11,-0.41000542872657997,5.305798728049191e-08,Q_upper|budget,exponential|131072
1e+20,131072,exponential,0.4056191983631612,5.935669177696383,0.999999,one_component_extrapolated,2.1087272807520116e-21,2.108727255509788e-21,2.853674164066892e-21,-4.0321822287812966e-10,-3.5526360927146195e-11,-0.41000542872657997,5.985179904344156e-09,Q_upper|budget,exponential|131072
1.211527658628585e+20,131072,exponential,0.4346391418839792,6.813163565912027,0.999999,one_component_extrapolated,1.6746657821003038e-21,1.6746660645577183e-21,2.4861381375882053e-21,-3.675589556275088e-10,-2.977918020828795e-11,-0.41000542872657997,8.433246613174134e-08,Q_upper|budget,exponential|131072
1.4677992676220735e+20,131072,exponential,0.46608574862986235,7.809439409136204,0.9999989999999999,one_component_extrapolated,1.3304735559093191e-21,1.330473465480523e-21,2.1689733272027064e-21,-3.347157540124173e-10,-2.5006506560999344e-11,-0.4100054287261379,3.398368905783868e-08,Q_upper|budget,exponential|131072
1.778279410038923e+20,131072,exponential,0.5001808028471416,8.938976781870162,0.9999989999999999,one_component_extrapolated,1.0574333750684878e-21,1.0574333620695186e-21,1.8948998517566706e-21,-3.0450250505958924e-10,-2.1036098662547924e-11,-0.4100054287261379,6.146472087110491e-09,Q_upper|budget,exponential|131072
2.1544346900318778e+20,131072,exponential,0.5371659845045496,10.217854390148826,0.999999,joint_observed,8.407495624711424e-22,8.407495048366467e-22,1.65773215511575e-21,-2.767428482299031e-10,-1.7727204065400788e-11,-0.41000542872657997,3.4275663217784e-08,Q_upper|budget,exponential|131072
2.610157215682544e+20,131072,exponential,0.5773057737715785,11.663901464878247,0.999999,joint_observed,6.687206551916244e-22,6.687206516065357e-22,1.4522126948555418e-21,-2.5126883535816996e-10,-1.4964684323873885e-11,-0.41000542872657997,2.6805579106588e-09,Q_upper|budget,exponential|131072
3.1622776601683794e+20,131072,exponential,0.6208886666056977,13.296894453485017,0.999999,joint_observed,5.32089396459216e-22,5.320893312498049e-22,1.273866302999863e-21,-2.2792127870032432e-10,-1.2654189377160846e-11,-0.41000542872657997,6.127674753818707e-08,Q_upper|budget,exponential|131072
3.8311868495572776e+20,131072,exponential,0.6682303142698618,15.138746913787314,0.999999,joint_observed,4.235288252283679e-22,4.235288177980746e-22,1.1188816270793172e-21,-2.0654892982361453e-10,-1.0718311405805697e-11,-0.41000542872657997,8.771886374002601e-09,Q_upper|budget,exponential|131072
4.641588833612792e+20,131072,exponential,0.7196746296246019,17.213761702111412,0.999999,joint_observed,3.3723795253558825e-22,3.372379115520505e-22,9.84007218873182e-22,-1.8700890073577622e-10,-9.093420436620176e-12,-0.41000542872657997,6.076353497133236e-08,Q_upper|budget,exponential|131072
5.6234132519034906e+20,131072,exponential,0.7755977428439015,19.548861782670436,0.999999,joint_observed,2.6862167644964927e-22,2.686216408516552e-22,8.66468133395667e-22,-1.6916580436829416e-10,-7.727153180101463e-12,-0.41000542872657997,6.626046889981165e-08,Q_upper|budget,exponential|131072
6.812920690579594e+20,131072,exponential,0.8364098788593464,22.173893585480936,0.9999989999999995,joint_observed,2.1403886186028427e-22,2.1403884458762214e-22,7.63892264273259e-22,-1.5289195674194929e-10,-6.576335668146182e-12,-0.4100054287248116,4.034936161127477e-08,Q_upper|budget,exponential|131072
8.254041852680207e+20,131072,exponential,0.9025588567143233,25.12193723615341,0.999999,joint_observed,1.7060301125326636e-22,1.7060303170888032e-22,6.74249983972729e-22,-1.3806699278553772e-10,-5.6053183744632285e-12,-0.41000542872657997,5.995091348609747e-08,Q_upper|budget,exponential|131072
1e+21,131072,exponential,0.9745326069851727,28.429682865716472,0.999999,joint_observed,1.360249750382555e-22,1.360249794995043e-22,5.958021360578222e-22,-1.2457781716476923e-10,-4.7846112157493545e-12,-0.41000542872657997,1.6398638316775573e-08,Q_upper|budget,exponential|131072
1.211527658628585e+21,131072,exponential,1.0528646366946266,32.13778224929073,0.999999,joint_observed,1.0848844702605932e-22,1.0848845786612545e-22,5.270577057075608e-22,-1.1231802112866211e-10,-4.089789591802764e-12,-0.41000542872657997,4.9959538940408586e-08,Q_upper|budget,exponential|131072
1.4677992676220737e+21,131072,exponential,1.1381359536217166,36.29134223981516,0.999999,joint_observed,8.655182071603077e-23,8.655182709455092e-23,4.667357207928559e-22,-1.01188063833282e-10,-3.5005789419758107e-12,-0.41000542872657997,3.684798232893549e-08,Q_upper|budget,exponential|131072
1.7782794100389228e+21,131072,exponential,1.2309806180357916,40.94038712769165,0.9999989999999999,joint_observed,6.907034338392515e-23,6.907033951148962e-23,4.1373487080108946e-22,-9.109480426821122e-11,-3.0001270436107184e-12,-0.4100054287261379,2.803254949328774e-08,Q_upper|budget,exponential|131072
2.154434690031878e+21,131072,exponential,1.3320907839892988,46.140395215308565,0.9999989999999999,joint_observed,5.513461637520276e-23,5.513461723547081e-23,3.6710708046129194e-22,-8.195127490005035e-11,-2.5744021359036255e-12,-0.4100054287261379,7.801523789769776e-09,Q_upper|budget,exponential|131072
2.610157215682544e+21,131072,exponential,1.4422200392471274,51.95296559729238,0.999999,joint_observed,4.402194342258971e-23,4.40219403751638e-23,3.260346273615441e-22,-7.36766043069192e-11,-2.2116963680042346e-12,-0.41000542872657997,3.461257937967166e-08,Q_upper|budget,exponential|131072
3.1622776601683794e+21,131072,exponential,1.5621918333074358,58.44640913441519,0.999999,joint_observed,3.5157722269515216e-23,3.515772654681838e-23,2.898119153887661e-22,-6.619552209767086e-11,-1.9022296645397663e-12,-0.41000542872657997,6.083020494061517e-08,Q_upper|budget,exponential|131072
3.8311868495572773e+21,131072,exponential,1.6929021211045072,65.69661921930359,0.9999989999999999,joint_observed,2.8084954834245383e-23,2.808495856119905e-23,2.578285759618674e-22,-5.943835723668656e-11,-1.637812191687502e-12,-0.4100054287261379,6.635142274617899e-08,Q_upper|budget,exponential|131072
4.641588833612792e+21,131072,exponential,1.835329381763305,73.78780076186789,0.999999,joint_observed,2.2440002487490085e-23,2.244000600407771e-23,2.2955645247518767e-22,-5.3340553028526224e-11,-1.4115786108177056e-12,-0.41000542872657997,7.835532437862426e-08,Q_upper|budget,exponential|131072
5.623413251903491e+21,131072,exponential,1.9905401973653922,82.8134615215469,0.999999,joint_observed,1.793341760894792e-23,1.793342162595346e-23,2.0453758927143976e-22,-4.784251997809493e-11,-1.2177614480843837e-12,-0.41000542872657997,1.1199775693582565e-07,Q_upper|budget,exponential|131072
6.812920690579594e+21,131072,exponential,2.1596962033488736,92.8774940881681,0.999999,joint_observed,1.4334721025360735e-23,1.4334720249188536e-23,1.8237427640716433e-22,-4.2889381317418034e-11,-1.051506752396415e-12,-0.41000542872657997,2.7073154110846695e-08,Q_upper|budget,exponential|131072
8.254041852680206e+21,131072,exponential,2.344067439394483,104.09514241997367,0.9999989999999999,joint_observed,1.1460309273015841e-23,1.1460309085164787e-23,1.6272100104809461e-22,-3.843057199601293e-11,-9.087251204476068e-13,-0.4100054287261379,8.19572374398582e-09,Q_upper|budget,exponential|131072
1e+22,131072,exponential,2.5450356277571022,116.59453018604746,0.9999989999999999,joint_observed,9.163884725934237e-24,9.16388519318791e-24,1.4527667594520716e-22,-3.4419760271654546e-11,-7.859618438845534e-13,-0.4100054287261379,2.5494300487560823e-08,Q_upper|budget,exponential|131072
1.2115276586285852e+22,131072,exponential,2.7641079184997057,130.51795212524516,0.999999,joint_observed,7.328827008977719e-24,7.328827441485822e-24,1.2977881971811948e-22,-3.08144746909758e-11,-6.802954694045361e-13,-0.41000542872657997,2.9507320182625005e-08,Q_upper|budget,exponential|131072
1.4677992676220736e+22,131072,exponential,3.0029273854074825,146.02348862562982,0.999999,joint_observed,5.862143765177955e-24,5.862143065287942e-24,1.1599822698570515e-22,-2.7575870559845083e-11,-5.892510430281022e-13,-0.41000542872657997,5.96957429060979e-08,Q_upper|budget,exponential|131072
1.7782794100389228e+22,131072,exponential,3.2632879516993665,163.28663819982475,0.999999,joint_observed,4.6896585479853915e-24,4.689658020328905e-24,1.0373454904565805e-22,-2.4668453154632432e-11,-5.107290094042573e-13,-0.41000542872657997,5.6257455827723853e-08,Q_upper|budget,exponential|131072
2.154434690031878e+22,131072,exponential,3.547143712033408,182.50245573787606,0.9999989999999997,joint_observed,3.752188674451451e-24,3.752188700681247e-24,9.28122622258418e-23,-2.205989433335509e-11,-4.429444780679529e-13,-0.41000542872569573,3.4952662908683203e-09,Q_upper|budget,exponential|131072
2.610157215682544e+22,131072,exponential,3.8566239863303924,203.88771237354928,0.999999,joint_observed,3.0024996817637343e-24,3.0024995250066388e-24,8.307742326230444e-23,-1.972077917504903e-11,-3.8437803382290516e-13,-0.41000542872657997,2.6104432346531752e-08,Q_upper|budget,exponential|131072
3.1622776601683792e+22,131072,exponential,4.194053190416636,227.68310758485612,0.9999989999999999,joint_observed,2.402881609710265e-24,2.402881338101429e-24,7.439491650696672e-23,-1.7624354952195794e-11,-3.3373481485365386e-13,-0.4100054287261379,5.651731877281965e-08,Q_upper|budget,exponential|131072
3.8311868495572775e+22,131072,exponential,4.561966400664257,254.15602543830585,0.9999989999999995,joint_observed,1.9232215210409888e-24,1.923221586535747e-24,6.664593432147054e-23,-1.5746345174035826e-11,-2.8990936722485885e-13,-0.4100054287248116,1.7027356660398408e-08,Q_upper|budget,exponential|131072
4.641588833612792e+22,131072,exponential,4.9631238169532095,283.6037535807994,0.999999,joint_observed,1.5394675754462583e-24,1.5394676106972481e-24,5.972581661904744e-23,-1.4064767832256159e-11,-2.519563151509954e-13,-0.41000542872657997,1.1449084726439137e-08,Q_upper|budget,exponential|131072
5.623413251903491e+22,131072,exponential,5.400538611149575,316.3564038604664,0.999999,one_component_extrapolated,1.2324034793545832e-24,1.2324034453895212e-24,5.354235151285668e-23,-1.2559709450999315e-11,-2.1906665336705717e-13,-0.41000542872657997,1.3780009231319278e-08,Q_upper|budget,exponential|131072
6.812920690579594e+22,131072,exponential,5.877493861678386,352.7808869391799,0.999999,one_component_extrapolated,9.86673611117441e-25,9.86673312303309e-25,4.801412549813269e-23,-1.1213175197233469e-11,-1.905468032170582e-13,-0.41000542872657997,1.5142503758878604e-07,Q_upper|budget,exponential|131072
8.254041852680206e+22,131072,exponential,6.397578433723917,393.284324673132,0.999999,one_component_extrapolated,7.900041699387847e-25,7.90004119142431e-25,4.3069262404288054e-23,-1.0008893484212399e-11,-1.6580185514922107e-13,-0.41000542872657997,3.2149422344872476e-08,Q_upper|budget,exponential|131072
1.0000000000000001e+23,131072,exponential,6.964691683065374,438.319879158543,0.999999,one_component_extrapolated,6.3258385863052335e-25,6.325838382676497e-25,3.8644073847067274e-23,-8.932218137975747e-12,-1.4432013430055734e-13,-0.41000542872657997,1.6094999733361343e-08,Q_upper|budget,exponential|131072
1.211527658628585e+23,131072,exponential,7.583091404774095,488.39069804751983,0.9999989999999999,one_component_extrapolated,5.065674326416813e-25,5.065672901450192e-25,3.4682203912847657e-23,-7.969933470196863e-12,-1.2566174692121346e-13,-0.4100054287261379,1.4064927301306867e-07,Q_upper|budget,exponential|131072
1.4677992676220616e+23,131072,exponential,8.257432196835248,544.0550416124725,0.9999989999999999,one_component_extrapolated,4.056807350222196e-25,4.0568074510831675e-25,3.1133735529074044e-23,-7.110125565547429e-12,-1.0944809899997234e-13,-0.4100054287261379,1.2431077215187908e-08,Q_upper|budget,exponential|131072
1.7782794100389228e+23,131072,exponential,8.992776363164262,605.9339880372847,0.999999,one_component_extrapolated,3.2490576427069317e-25,3.2490595435194074e-25,2.7954308741958324e-23,-6.34209549329807e-12,-9.535255988768704e-14,-0.41000542872657997,2.925174202954088e-07,Q_upper|budget,exponential|131072
2.1544346900318777e+23,131072,exponential,9.794623174119234,674.719014296227,0.9999989999999997,one_component_extrapolated,2.602284478754633e-25,2.602283992693957e-25,2.510447374374308e-23,-5.656239202902834e-12,-8.309312155701425e-14,-0.41000542872569573,9.339115803059679e-08,Q_upper|budget,exponential|131072
2.6101572156825224e+23,131072,exponential,10.669030642647392,751.1742225525003,0.999999,one_component_extrapolated,2.084366216503155e-25,2.0843664529910274e-25,2.254931714946661e-23,-5.0438800344005435e-12,-7.242692805557332e-14,-0.41000542872657997,5.672896095997253e-08,Q_upper|budget,exponential|131072
3.162277660168379e+23,131072,exponential,11.622543820568623,836.1527047999738,0.9999989999999999,one_component_extrapolated,1.669605341007473e-25,1.669605380195773e-25,2.0257622419428935e-23,-4.497275275130095e-12,-6.314343976622142e-14,-0.4100054287261379,1.1735797268225767e-08,Q_upper|budget,exponential|131072
3.8311868495572774e+23,131072,exponential,12.662330413576056,930.6001602804039,0.999999,bridge_gap_extrapolated,1.3374344025280876e-25,1.3374343085979832e-25,1.8201657921202726e-23,-4.009457923333944e-12,-5.506081939319026e-14,-0.41000542872657997,3.511578123444657e-08,Q_upper|budget,exponential|131072
4.6415888336127536e+23,131072,exponential,13.796204354823551,1035.5674103708175,0.999999,bridge_gap_extrapolated,1.0713922536373274e-25,1.0713922799380134e-25,1.6356700306718796e-23,-3.5741841415398968e-12,-4.802161977266614e-14,-0.41000542872657997,1.2274069370480075e-08,Q_upper|budget,exponential|131072
5.623413251903491e+23,131072,exponential,15.03267438933604,1152.22283432353,0.999999,bridge_gap_extrapolated,8.583029101739548e-26,8.58302861093183e-26,1.4700685730451536e-23,-3.185863099162525e-12,-4.188939447682252e-14,-0.41000542872657997,2.8591755179395894e-08,Q_upper|budget,exponential|131072
6.812920690579594e+23,131072,exponential,16.381039943503747,1281.8629366067041,0.999999,bridge_gap_extrapolated,6.876181834386802e-26,6.876183193277532e-26,1.3213944560780551e-23,-2.839481152175731e-12,-3.6545943729137967e-14,-0.41000542872657997,9.881142094588414e-08,Q_upper|budget,exponential|131072
8.254041852680139e+23,131072,exponential,17.851412057617175,1425.9304426969413,0.999999,bridge_gap_extrapolated,5.508936865649525e-26,5.508937591542052e-26,1.1878886425065503e-23,-2.530557344280133e-12,-3.188865324902468e-14,-0.41000542872657997,6.588317285612063e-08,Q_upper|budget,exponential|131072
1e+24,131072,exponential,19.454835347500623,1586.026802332474,0.9999989999999999,bridge_gap_extrapolated,4.4136796582387077e-26,4.413678958621357e-26,1.0679810551695411e-23,-2.2550770144799663e-12,-2.7828526933658524e-14,-0.4100054287261379,7.925557135496862e-08,Q_upper|budget,exponential|131072
1e+19,2048,power,0.22130865411517867,7.049700639124061,0.5389559587975633,one_component_extrapolated,2.0096171469197273e-20,2.0096167354938966e-20,1.6365271798291975e-20,-9.080608053735824e-10,-2.850641237644944e-11,-0.36122993034574546,1.0236424230861927e-07,Q_lower|budget,power|2048
1.211527658628585e+19,2048,power,0.24133783344339807,7.832077857772526,0.5389559587975633,one_component_extrapolated,1.6105999867991123e-20,1.6106000413476224e-20,1.473048010386731e-20,-8.085290247090915e-10,-2.491403344700586e-11,-0.36122993034574546,1.693422015380436e-08,Q_lower|budget,power|2048
1.4677992676220735e+19,2048,power,0.2690539376318082,8.351109505199023,0.5492244674843003,one_component_extrapolated,1.30573465647542e-20,1.3057347362069417e-20,1.3057346431551612e-20,-6.989241344391105e-10,-2.2949722887959847e-11,-0.3613089588334249,4.4108833929303416e-08,budget,power|2048
1.7782794100389229e+19,2048,power,0.3192773509528517,7.927879716463164,0.5930526871840882,one_component_extrapolated,1.0935616229103964e-20,1.0935616383781638e-20,1.0935616533118305e-20,-5.556882845751893e-10,-2.452935986273872e-11,-0.36166805878389213,1.3981592901679256e-08,budget,power|2048
2.1544346900318777e+19,2048,power,0.37473097223552587,7.681735524118067,0.6372660128370621,one_component_extrapolated,9.106334733015476e-21,9.106334954723448e-21,9.10633553129409e-21,-4.483672556520631e-10,-2.553980655010706e-11,-0.3620722705710705,5.032574365997104e-08,budget,power|2048
2.610157215682544e+19,2048,power,0.43730422692095655,7.522979386967141,0.6830703491278177,one_component_extrapolated,7.560469838293374e-21,7.560467244673574e-21,7.560464217294766e-21,-3.645604776793072e-10,-2.623163924495603e-11,-0.36254726327782283,3.812981967875834e-07,budget,power|2048
3.162277660168379e+19,2048,power,0.5089744412023253,7.403961243519447,0.7313715955364217,one_component_extrapolated,6.2683549842065166e-21,6.268356160978374e-21,6.2683559949682785e-21,-2.9747374943828823e-10,-2.6772537026974343e-11,-0.3631299368342938,1.163268178399419e-07,budget,power|2048
3.831186849557277e+19,2048,power,0.5921283107038611,7.292830737812094,0.7830560878171478,one_component_extrapolated,5.195872955586001e-21,5.195873530217559e-21,5.1958741592132265e-21,-2.4287654997289317e-10,-2.7295796456266475e-11,-0.3638843390734447,1.1756912335567608e-07,budget,power|2048
4.641588833612792e+19,2048,power,0.6899506980916469,7.162395013639273,0.8392150182018596,one_component_extrapolated,4.310413676057771e-21,4.310413013576015e-21,4.310413160131797e-21,-1.978828463887929e-10,-2.793362398188632e-11,-0.36494457014445203,9.112875055436245e-08,budget,power|2048
5.6234132519034905e+19,2048,power,0.8073892128508976,6.978376578521902,0.9016874735835347,one_component_extrapolated,3.5838471010230796e-21,3.583845320138239e-21,3.583845046114109e-21,-1.603004724658512e-10,-2.887984481672441e-11,-0.3666922494682747,3.5676700399303635e-07,budget,power|2048
6.8129206905795944e+19,2048,power,0.9610592661141061,6.5868394852975625,0.9796417344448015,one_component_extrapolated,3.0063149841245577e-21,3.006315234320867e-21,3.0063151070632326e-21,-1.2692363144983911e-10,-3.1095015003821684e-11,-0.372343186228981,4.1851228845640116e-08,budget,power|2048
8.254041852680207e+19,2048,power,1.0492329801885598,7.302349069429389,0.9999989999999996,one_component_extrapolated,2.4108306425618968e-21,2.4108306254554455e-21,2.8073614041572966e-21,-1.1283925753352077e-10,-2.725026795218292e-11,-0.4100054287252537,3.5478334886681377e-09,Q_upper|budget,power|2048
1e+20,2048,power,1.113277964632943,8.536959672084178,0.999999,one_component_extrapolated,1.9047861033735666e-21,1.9047862832851768e-21,2.4013622793958268e-21,-1.042270321386827e-10,-2.2312232415877746e-11,-0.41000542872657997,4.722619546396237e-08,Q_upper|budget,power|2048
1.211527658628585e+20,2048,power,1.1820300256181702,9.96777416014733,0.999999,one_component_extrapolated,1.5054921790973685e-21,1.5054922848604285e-21,2.0566610567111104e-21,-9.61850601611028e-11,-1.8298423636570377e-11,-0.41000542872657997,3.5125740912192554e-08,Q_upper|budget,power|2048
1.4677992676220735e+20,2048,power,1.2558929940994514,11.623483680643819,0.999999,joint_observed,1.190328046109408e-21,1.1903280302074108e-21,1.7636995500243013e-21,-8.868167844155647e-11,-1.5031316419172605e-11,-0.41000542872657997,6.679670137217047e-09,Q_upper|budget,power|2048
1.778279410038923e+20,2048,power,1.3353086983064184,13.536522095131662,0.9999989999999999,joint_observed,9.414854003279162e-22,9.414853606158289e-22,1.5144460883801937e-21,-8.16867493162777e-11,-1.2368199304593346e-11,-0.4100054287261379,2.1090124361839054e-08,Q_upper|budget,power|2048
2.1544346900318778e+20,2048,power,1.420760684423562,15.743482383144395,0.999999,joint_observed,7.449410659124465e-22,7.4494120041099125e-22,1.302147291072958e-21,-7.517157438396747e-11,-1.0194232286992161e-11,-0.41000542872657997,9.027461291574744e-08,Q_upper|budget,power|2048
2.610157215682544e+20,2048,power,1.5127765426605377,18.285585019218804,0.999999,joint_observed,5.896500463753083e-22,5.896500338072484e-22,1.1211198829963455e-21,-6.910892287144886e-11,-8.416899371017212e-12,-0.41000542872657997,1.0657219689267677e-08,Q_upper|budget,power|2048
3.1622776601683794e+20,2048,power,1.6119359080599016,21.20914830354033,0.999999,joint_observed,4.669096060821502e-22,4.669096191897655e-22,9.665797345499394e-22,-6.347269895912664e-11,-6.961608438727625e-12,-0.41000542872657997,1.4036566148775627e-08,Q_upper|budget,power|2048
3.8311868495572776e+20,2048,power,1.7188711186946533,24.566162311011848,0.999999,joint_observed,3.698616856447188e-22,3.698616650161066e-22,8.344947280624691e-22,-5.823815248304552e-11,-5.768133944673518e-12,-0.41000542872657997,2.7886928538967743e-08,Q_upper|budget,power|2048
4.641588833612792e+20,2048,power,1.83427554980463,28.414855266748408,0.999999,joint_observed,2.9309970557048437e-22,2.9309972675936724e-22,7.214653301879099e-22,-5.3381621062916184e-11,-4.787806962554763e-12,-0.41000542872657997,3.6146201702253814e-08,Q_upper|budget,power|2048
5.6234132519034906e+20,2048,power,1.958905875628372,32.82037585359209,0.999999,joint_observed,2.3236049866477486e-22,2.323604669792818e-22,6.246221258621758e-22,-4.888062808355554e-11,-3.981243039563689e-12,-0.41000542872657997,6.818175948772993e-08,Q_upper|budget,power|2048
6.812920690579594e+20,2048,power,2.093592853665055,37.85545136233907,0.999999,joint_observed,1.8428105733609805e-22,1.8428105736295234e-22,5.415424251858559e-22,-4.471364266810597e-11,-3.3165427525161783e-12,-0.41000542872657997,7.286237090804941e-11,Q_upper|budget,power|2048
8.254041852680207e+20,2048,power,2.2392420777045765,43.60123672788714,0.9999989999999999,joint_observed,1.4620801552892428e-22,1.462079996227242e-22,4.7017778567121e-22,-4.086024046103113e-11,-2.7678273339222734e-12,-0.4100054287261379,5.4395789711350473e-08,Q_upper|budget,power|2048
1e+21,2048,power,2.39684677972545,50.148100443786916,0.999999,joint_observed,1.160469237694523e-22,1.1604691941933233e-22,4.0879580195158107e-22,-3.730087736682914e-11,-2.3140840508887095e-12,-0.41000542872657997,1.8742935662896144e-08,Q_upper|budget,power|2048
1.211527658628585e+21,2048,power,2.5674915211764584,57.59662359943916,0.999999,joint_observed,9.214413012412329e-23,9.21441359230513e-23,3.5592942183273968e-22,-3.4016970021288693e-11,-1.9382241922301756e-12,-0.41000542872657997,3.146661555642193e-08,Q_upper|budget,power|2048
1.4677992676220737e+21,2048,power,2.752361861738714,66.05863044032849,0.999999,joint_observed,7.3193499758677e-23,7.319349959268989e-23,3.103354217400026e-22,-3.0990815646204836e-11,-1.6263335219141811e-12,-0.41000542872657997,1.1338924538821706e-09,Q_upper|budget,power|2048
1.7782794100389228e+21,2048,power,2.952755343500194,75.65830838923073,0.999999,joint_observed,5.816299705742495e-23,5.816299792961987e-23,2.709594408561261e-22,-2.8205534330655326e-11,-1.3670681230708279e-12,-0.41000542872657997,7.497850507983715e-09,Q_upper|budget,power|2048
2.154434690031878e+21,2048,power,3.1700883909899327,86.53354511536556,0.9999989999999999,joint_observed,4.623690904803569e-23,4.6236904958899927e-23,2.3690619527852923e-22,-2.564508941174979e-11,-1.1511650409139735e-12,-0.4100054287261379,4.421939125831903e-08,Q_upper|budget,power|2048
2.610157215682544e+21,2048,power,3.4059115793556254,98.83725781552347,0.9999989999999992,joint_observed,3.6770222314102324e-23,3.6770228164555405e-23,2.074150314385981e-22,-2.3294203806126304e-11,-9.710515901315678e-13,-0.41000542872348533,7.95542187858275e-08,Q_upper|budget,power|2048
3.1622776601683794e+21,2048,power,3.6619125614807553,112.73917945289655,0.9999989999999999,joint_observed,2.9252759822792293e-23,2.925275581423805e-23,1.8183858563392717e-22,-2.1138425839123165e-11,-8.205251861742992e-13,-0.4100054287261379,6.851583489176677e-08,Q_upper|budget,power|2048
3.8311868495572773e+21,2048,power,3.9399434533716815,128.42727377089437,0.999999,joint_observed,2.3280767339143466e-23,2.3280766664145877e-23,1.5962600727503978e-22,-1.9163969976842658e-11,-6.945017555258659e-13,-0.41000542872657997,1.4496893318718367e-08,Q_upper|budget,power|2048
4.641588833612792e+21,2048,power,4.242018468957878,146.11010341697397,0.9999989999999999,joint_observed,1.853465124671976e-23,1.8534647747398812e-23,1.4030742883494968e-22,-1.7357836545097302e-11,-5.888040047015561e-13,-0.4100054287261379,9.439943690538602e-08,Q_upper|budget,power|2048
5.623413251903491e+21,2048,power,4.570344425387587,166.01861393884252,0.999999,joint_observed,1.4761289530013444e-23,1.476129074439707e-23,1.2348213523104202e-22,-1.5707678726171934e-11,-4.999971751229136e-13,-0.41000542872657997,4.1134061413704403e-08,Q_upper|budget,power|2048
6.812920690579594e+21,2048,power,4.927321472419031,188.40903466567667,0.999999,joint_observed,1.1760156091030668e-23,1.1760156841932298e-23,1.088075896872102e-22,-1.4201876711127735e-11,-4.2525039213237753e-13,-0.41000542872657997,3.192566494312713e-08,Q_upper|budget,power|2048
8.254041852680206e+21,2048,power,5.315574131095251,213.56522844872597,0.999999,joint_observed,9.37230471857457e-24,9.372303509081501e-24,9.599096765973846e-23,-1.2829445093829892e-11,-3.6222837388790174e-13,-0.41000542872657997,6.452485181056625e-08,Q_upper|budget,power|2048
1e+22,2048,power,5.737967869053693,241.80180349995643,0.999999,joint_observed,7.471702250363382e-24,7.471700683530796e-24,8.478155514365305e-23,-1.1580038950218096e-11,-3.090010320593883e-13,-0.41000542872657997,1.0485112347758783e-07,Q_upper|budget,power|2048
1.2115276586285852e+22,2048,power,6.197627559952576,273.46760713726013,0.999999,joint_observed,5.958373458258214e-24,5.9583727207665424e-24,7.496439213356883e-23,-1.0443944097652003e-11,-2.639703264015274e-13,-0.41000542872657997,6.188700004489701e-08,Q_upper|budget,power|2048
1.4677992676220736e+22,2048,power,6.697959880109396,308.9495623858235,0.9999989999999999,one_component_extrapolated,4.752979547604057e-24,4.752979224572704e-24,6.635495055870287e-23,-9.41205502520278e-12,-2.2581095020741376e-13,-0.4100054287261379,3.39819855176649e-08,Q_upper|budget,power|2048
1.7782794100389228e+22,2048,power,7.242683345829429,348.6767074666229,0.999999,one_component_extrapolated,3.7925303724062825e-24,3.792530539718389e-24,5.879467282519498e-23,-8.47584354382473e-12,-1.9342212503169861e-13,-0.41000542872657997,2.2058109957414002e-08,Q_upper|budget,power|2048
2.154434690031878e+22,2048,power,7.835848824102699,393.1252003519359,0.9999989999999997,one_component_extrapolated,3.0269966650481496e-24,3.026996218586913e-24,5.214708423390228e-23,-7.627351381870805e-12,-1.658877541831655e-13,-0.41000542872569573,7.374657448149172e-08,Q_upper|budget,power|2048
2.610157215682544e+22,2048,power,8.48188356108006,442.82293790242625,0.999999,one_component_extrapolated,2.416624300642726e-24,2.416623880730434e-24,4.6294650034103366e-23,-6.859148016805976e-12,-1.4244447881941422e-13,-0.41000542872657997,8.687993593987666e-08,Q_upper|budget,power|2048
3.1622776601683792e+22,2048,power,9.185608277677199,498.3560794059424,0.999999,one_component_extrapolated,1.929813648370187e-24,1.9298132334602387e-24,4.113591422764104e-23,-6.164332578121748e-12,-1.2245471719223596e-13,-0.41000542872657997,1.075000151451271e-07,Q_upper|budget,power|2048
3.8311868495572775e+22,2048,power,9.952283323533239,560.375063250585,0.999999,one_component_extrapolated,1.5414353085865413e-24,1.5414350272666706e-24,3.658323555361189e-23,-5.536496521015596e-12,-1.0538523202040197e-13,-0.41000542872657997,9.125257962847552e-08,Q_upper|budget,power|2048
4.641588833612792e+22,2048,power,10.787647125936205,629.6018164770994,0.999999,one_component_extrapolated,1.23149765767798e-24,1.2314978199727847e-24,3.256079064697549e-23,-4.969703628830345e-12,-9.078923186385193e-14,-0.41000542872657997,6.589326130631571e-08,Q_upper|budget,power|2048
5.623413251903491e+22,2048,power,11.697939530644094,706.8388427525738,0.999999,one_component_extrapolated,9.840909576872815e-25,9.840908569860369e-25,2.900283869153803e-23,-4.458477467299152e-12,-7.829153169769254e-14,-0.41000542872657997,5.116460475372613e-08,Q_upper|budget,power|2048
6.812920690579594e+22,2048,power,12.689994010221456,792.9756172511269,0.999999,bridge_gap_extrapolated,7.86547404640613e-25,7.865474190481217e-25,2.5852412724027147e-23,-3.997750291601281e-12,-6.757692252797086e-14,-0.41000542872657997,9.158703314232346e-09,Q_upper|budget,power|2048
8.254041852680206e+22,2048,power,13.77123512244689,889.001443439691,0.999999,bridge_gap_extrapolated,6.287785581016095e-25,6.287785095270583e-25,2.3059954613737398e-23,-3.5828705492793144e-12,-5.837970424008992e-14,-0.41000542872657997,3.8626120783920817e-08,Q_upper|budget,power|2048
1.0000000000000001e+23,2048,power,14.94977532958172,996.0140949446845,0.9999989999999999,bridge_gap_extrapolated,5.027461632681168e-25,5.027461198384647e-25,2.058237231912138e-23,-3.2095576204262245e-12,-5.0475803745165447e-14,-0.4100054287261379,4.319242706648452e-08,Q_upper|budget,power|2048
1.211527658628585e+23,2048,power,16.234451864668582,1115.2334064288393,0.999999,bridge_gap_extrapolated,4.0204377862741745e-25,4.020437341252673e-25,1.83821008401387e-23,-2.8738893552085455e-12,-4.36757992598887e-14,-0.41000542872657997,5.534490896203965e-08,Q_upper|budget,power|2048
1.4677992676220616e+23,2048,power,17.634908212540253,1248.0138739062788,0.999999,bridge_gap_extrapolated,3.2156359517226675e-25,3.2156361210609784e-25,1.6426366217468676e-23,-2.572273931906229e-12,-3.7819357958409996e-14,-0.41000542872657997,2.633045360277637e-08,Q_upper|budget,power|2048
1.7782794100389228e+23,2048,power,19.161635872636065,1395.8617653829892,0.999999,bridge_gap_extrapolated,2.5723209413584305e-25,2.572320337287785e-25,1.4686506533576078e-23,-2.3014338284874985e-12,-3.2770467715821214e-14,-0.41000542872657997,1.1741744717532021e-07,Q_upper|budget,power|2048
2.1544346900318777e+23,2048,power,20.826126510284993,1560.4467817499208,0.999999,bridge_gap_extrapolated,2.0579921716700755e-25,2.0579924790739327e-25,1.3137476508027253e-23,-2.058370778906127e-12,-2.8413723816773856e-14,-0.41000542872657997,7.468537505780082e-08,Q_upper|budget,power|2048
2.6101572156825224e+23,2048,power,22.6408369917473,1743.6290982516591,0.9999989999999997,bridge_gap_extrapolated,1.6467167176102395e-25,1.6467166772157312e-25,1.1757278516272664e-23,-1.8403648513156982e-12,-2.4650824085977875e-14,-0.41000542872569573,1.2265166314497943e-08,Q_upper|budget,power|2048
3.162277660168379e+23,2048,power,24.619408767202486,1947.4711163614065,0.9999989999999999,bridge_gap_extrapolated,1.317791615884124e-25,1.3177913897868725e-25,1.0526642867775306e-23,-1.6449348166281813e-12,-2.1398121069293056e-14,-0.4100054287261379,8.57864279861439e-08,Q_upper|budget,power|2048
3.8311868495572774e+23,2048,power,26.77670553048091,2174.2648753022513,0.9999989999999994,bridge_gap_extrapolated,1.054687037193468e-25,1.0546869293094703e-25,9.428627197183605e-24,-1.4698295890402985e-12,-1.8584224672298384e-14,-0.41000542872436957,5.114503151124602e-08,Q_upper|budget,power|2048
4.6415888336127536e+23,2048,power,29.128920065230073,2426.5579886289097,0.999999,bridge_gap_extrapolated,8.442015342649392e-26,8.442015366144211e-26,8.448317754338818e-24,-1.3130091090872612e-12,-1.6148126045330073e-14,-0.41000542872657997,1.3915408892958817e-09,Q_upper|budget,power|2048
5.623413251903491e+23,2048,power,31.6937074340783,2707.181106950766,0.9999989999999999,bridge_gap_extrapolated,6.757890548755015e-26,6.757890321074161e-26,7.572575356930872e-24,-1.1726256554787435e-12,-1.4037631205709319e-14,-0.4100054287261379,1.6845556728340075e-08,Q_upper|budget,power|2048
6.812920690579594e+23,2048,power,34.490334112422985,3019.2779374079782,0.999999,bridge_gap_extrapolated,5.410228308273326e-26,5.410227921372944e-26,6.789813115007774e-24,-1.0470070682855045e-12,-1.22080359974798e-14,-0.41000542872657997,3.5756383547232576e-08,Q_upper|budget,power|2048
8.254041852680139e+23,2048,power,37.539801056005835,3366.3418742625236,0.999999,bridge_gap_extrapolated,4.331682442597184e-26,4.3316818547528933e-26,6.089795303917964e-24,-9.34643000224733e-13,-1.0620989981731502e-14,-0.41000542872657997,6.78540427565927e-08,Q_upper|budget,power|2048
1e+24,2048,power,40.86502252512614,3752.2529366395847,0.999999,bridge_gap_extrapolated,3.468418447650915e-26,3.468418344231924e-26,5.4634730876180886e-24,-8.341699123617021e-13,-9.243562208623775e-15,-0.41000542872657997,1.490866715381124e-08,Q_upper|budget,power|2048
1e+19,4096,power,0.2152045633643783,6.814203445416403,0.5389559587975633,one_component_extrapolated,2.0288175652351873e-20,2.0288175954565884e-20,1.6930851563209797e-20,-9.427391006574757e-10,-2.9773363999298836e-11,-0.36122993034574546,7.448033200024826e-09,Q_lower|budget,power|4096
1.211527658628585e+19,4096,power,0.23468118819600983,7.570448805258321,0.5389559587975633,one_component_extrapolated,1.6259883565561343e-20,1.6259882804125328e-20,1.5239554486614245e-20,-8.394068061946551e-10,-2.602130765295488e-11,-0.36122993034574546,2.34145599095092e-08,Q_lower|budget,power|4096
1.4677992676220735e+19,4096,power,0.26635279892212554,7.808004514876458,0.5581980096177175,one_component_extrapolated,1.3305415712252189e-20,1.3305418922893206e-20,1.330542156392351e-20,-7.084381364066067e-10,-2.5012388393497916e-11,-0.3613795238334671,2.2703312382647158e-07,budget,power|4096
1.7782794100389229e+19,4096,power,0.3144734786125219,7.482559607795307,0.6013800564840865,one_component_extrapolated,1.1113993783426955e-20,1.1113993282672087e-20,1.1113992891262002e-20,-5.670923160856101e-10,-2.6413134614118974e-11,-0.3617406879178125,4.1776757748313053e-08,budget,power|4096
2.1544346900318777e+19,4096,power,0.36793282481453987,7.292829692968389,0.6453100063666211,one_component_extrapolated,9.239715866528058e-21,9.239715286447491e-21,9.239715248802731e-21,-4.595027512819867e-10,-2.7295801461445963e-11,-0.36215113700439117,4.321222160964893e-08,budget,power|4096
2.610157215682544e+19,4096,power,0.4284411053562147,7.170983760296047,0.691029617855499,one_component_extrapolated,7.662548183407821e-21,7.662548159497273e-21,7.662547667498537e-21,-3.747014601476291e-10,-2.7890811132168996e-11,-0.362636829755109,4.384564240339673e-08,budget,power|4096
3.162277660168379e+19,4096,power,0.49786893760377404,7.078378740606429,0.7393816137084341,one_component_extrapolated,6.347747778501025e-21,6.347749496141046e-21,6.347752764914293e-21,-3.063986777454794e-10,-2.8358678109208048e-11,-0.363236711923969,4.3349672436292893e-07,budget,power|4096
3.831186849557277e+19,4096,power,0.5785214203465024,6.987549219245852,0.791233662092763,one_component_extrapolated,5.2584311602950944e-21,5.2584319667608605e-21,5.258432281880128e-21,-2.505615926240634e-10,-2.883133237166682e-11,-0.3640201528520134,1.222196320912838e-07,budget,power|4096
4.641588833612792e+19,4096,power,0.6735192630573025,6.87351437931607,0.8476981121212664,one_component_extrapolated,4.360364545386516e-21,4.3603660027038526e-21,4.360366938378003e-21,-2.0437843687737863e-10,-2.944494625561382e-11,-0.36513673438374905,2.9434142110579033e-07,budget,power|4096
5.6234132519034905e+19,4096,power,0.7878721291966596,6.7014869335908065,0.9107793160702992,one_component_extrapolated,3.6246861225295675e-21,3.624686227887002e-21,3.624685873981209e-21,-1.65643732586218e-10,-3.0415799911095425e-11,-0.3670379948054317,5.540288062646773e-08,budget,power|4096
6.8129206905795944e+19,4096,power,0.9516323208257735,6.15580301438174,0.9999989999999997,one_component_extrapolated,3.063802520052791e-21,3.0638027248981046e-21,3.3302451181961788e-21,-1.2861123572513463e-10,-3.3908565507288035e-11,-0.41000542872569573,3.342991359271615e-08,Q_upper|budget,power|4096
8.254041852680207e+19,4096,power,1.0093122942442685,7.201971986077073,0.999999,one_component_extrapolated,2.420188010716002e-21,2.420187939945242e-21,2.8464888473459448e-21,-1.1885951695275143e-10,-2.7737309428970806e-11,-0.41000542872657997,1.462092224165288e-08,Q_upper|budget,power|4096
1e+20,4096,power,1.0712024144196062,8.41549014546047,0.999999,one_component_extrapolated,1.9124412820872848e-21,1.912441522422557e-21,2.436023640087644e-21,-1.0974909650025887e-10,-2.2725254136910572e-11,-0.41000542872657997,6.283467607924637e-08,Q_upper|budget,power|4096
1.211527658628585e+20,4096,power,1.1376614140428858,9.821036840635681,0.999999,one_component_extrapolated,1.5117542805965342e-21,1.5117542114247696e-21,2.0873898825472074e-21,-1.0124462478343289e-10,-1.8649070051455033e-11,-0.41000542872657997,2.287797926295146e-08,Q_upper|budget,power|4096
1.4677992676220735e+20,4096,power,1.2090829368172147,11.446538645498523,0.999999,joint_observed,1.1954496302642421e-21,1.195449529610947e-21,1.790963501907915e-21,-9.331229886217075e-11,-1.5329349757030242e-11,-0.41000542872657997,4.20985113064008e-08,Q_upper|budget,power|4096
1.778279410038923e+20,4096,power,1.2858976805154942,13.323539755091872,0.999999,joint_observed,9.456730997965292e-22,9.456735122754179e-22,1.5386551407580467e-21,-8.591996384742498e-11,-1.2621808966764107e-11,-0.41000542872657997,2.1808741245230903e-07,Q_upper|budget,power|4096
2.1544346900318778e+20,4096,power,1.368573958251874,15.487624516347514,0.999999,joint_observed,7.483652093241162e-22,7.483652358510584e-22,1.3236589585205773e-21,-7.903725133691783e-11,-1.0410273203805963e-11,-0.41000542872657997,1.772325959693472e-08,Q_upper|budget,power|4096
2.610157215682544e+20,4096,power,1.4576285581604163,17.978807488503037,0.9999989999999999,joint_observed,5.924488214596953e-22,5.924488569762052e-22,1.1402498719869837e-21,-7.263486774064775e-11,-8.601152551125479e-12,-0.4100054287261379,2.997432650099676e-08,Q_upper|budget,power|4096
3.1622776601683794e+20,4096,power,1.5536242795531616,20.842055793323766,0.999999,joint_observed,4.691967344555246e-22,4.691968049733187e-22,9.836041674849122e-22,-6.668512399019534e-11,-7.118926219671583e-12,-0.41000542872657997,7.514735687725188e-08,Q_upper|budget,power|4096
3.8311868495572776e+20,4096,power,1.6571767273334141,24.127798691460235,0.9999989999999999,joint_observed,3.7173024992583404e-22,3.717302125053541e-22,8.496561662917088e-22,-6.116162736325427e-11,-5.902601890647045e-12,-0.4100054287261379,5.033284469840359e-08,Q_upper|budget,power|4096
4.641588833612792e+20,4096,power,1.7689617041341368,27.892471831392182,0.999999,joint_observed,2.9462581293071624e-22,2.946258144707847e-22,7.349772749145084e-22,-5.603910944821202e-11,-4.90287092090042e-12,-0.41000542872657997,2.6136007060811543e-09,Q_upper|budget,power|4096
5.6234132519034906e+20,4096,power,1.8897162235943132,32.199184665642406,0.999999,joint_observed,2.336064655760072e-22,2.336064654085922e-22,6.366724235455826e-22,-5.129359772865933e-11,-4.079810426724055e-12,-0.41000542872657997,3.583270556443684e-10,Q_upper|budget,power|4096
6.812920690579594e+20,4096,power,2.020247790533444,37.11837000744344,0.999999,joint_observed,1.85297999507688e-22,1.8529799655573248e-22,5.522961523675563e-22,-4.6902182836466374e-11,-3.4010667882354213e-12,-0.41000542872657997,7.965427486808758e-09,Q_upper|budget,power|4096
8.254041852680207e+20,4096,power,2.161439384110833,42.72854938896836,0.999999,joint_observed,1.4703769377938682e-22,1.4703768270147006e-22,4.797806906723372e-22,-4.284303803403454e-11,-2.840384717699748e-12,-0.41000542872657997,3.767033104613409e-08,Q_upper|budget,power|4096
1e+21,4096,power,2.3142572986423557,49.117146247318026,0.999999,joint_observed,1.1672355360998516e-22,1.1672355274823208e-22,4.1737630346115037e-22,-3.9095345456325314e-11,-2.3764318912279157e-12,-0.41000542872657997,3.6914275283168375e-09,Q_upper|budget,power|4096
1.211527658628585e+21,4096,power,2.479756863683276,56.3814254189989,0.999999,joint_observed,9.269572021098848e-23,9.269571225641552e-23,3.636008274873855e-22,-3.563929976625254e-11,-1.9918513659479273e-12,-0.41000542872657997,4.290690700359162e-08,Q_upper|budget,power|4096
1.4677992676220737e+21,4096,power,2.659093671641488,64.62945036577854,0.999999,joint_observed,7.364293768935813e-23,7.364293753052475e-23,3.1719800835752255e-22,-3.24560000357093e-11,-1.6725045495679766e-12,-0.41000542872657997,1.0784020137244034e-09,Q_upper|budget,power|4096
1.7782794100389228e+21,4096,power,2.853528970634214,73.981258790172,0.999999,joint_observed,5.852903689357226e-23,5.852903611569053e-23,2.771017048440606e-22,-2.952748940615082e-11,-1.4068560269994156e-12,-0.41000542872657997,6.6452635086774734e-09,Q_upper|budget,power|4096
2.154434690031878e+21,4096,power,3.0644412991961967,84.57006995246883,0.9999989999999999,joint_observed,4.653488470265116e-23,4.653487227921706e-23,2.424064796063912e-22,-2.6836678293153345e-11,-1.1854825612760568e-12,-0.4100054287261379,1.3348518896389231e-07,Q_upper|budget,power|4096
2.610157215682544e+21,4096,power,3.2933411804615127,96.54355793421901,0.999999,joint_observed,3.701266058391708e-23,3.7012664495186635e-23,2.123428364970186e-22,-2.4367278813078835e-11,-1.0006765378335652e-12,-0.41000542872657997,5.2836911653741875e-08,Q_upper|budget,power|4096
3.1622776601683794e+21,4096,power,3.541870106392593,110.06567054029492,0.999999,joint_observed,2.9449908355739176e-23,2.944990862960652e-23,1.8625546763703367e-22,-2.2103917930649807e-11,-8.461202089284536e-13,-0.41000542872657997,4.649714683400372e-09,Q_upper|budget,power|4096
3.8311868495572773e+21,4096,power,3.8118282829247008,125.31798056230872,0.999999,joint_observed,2.3441006488941862e-23,2.3441007081716247e-23,1.635865248169511e-22,-2.0031942777921158e-11,-7.166320241427596e-13,-0.41000542872657997,1.2643961797801622e-08,Q_upper|budget,power|4096
4.641588833612792e+21,4096,power,4.10517472275555,142.5019253709626,0.999999,joint_observed,1.8664824837405726e-23,1.866481448195695e-23,1.4386004177767856e-22,-1.813752728782615e-11,-6.079524487502754e-13,-0.41000542872657997,2.7740554060357134e-07,Q_upper|budget,power|4096
5.623413251903491e+21,4096,power,4.424061703525198,161.84036344327964,0.999999,joint_observed,1.4866974521181366e-23,1.4866973525998565e-23,1.2667008712230855e-22,-1.6407517276656152e-11,-5.165777817293346e-13,-0.41000542872657997,3.346958171287672e-08,Q_upper|budget,power|4096
6.812920690579594e+21,4096,power,4.770820133291133,183.58084838109158,0.999999,joint_observed,1.1845912878771766e-23,1.1845913535310663e-23,1.1166923520644215e-22,-1.4829596514241018e-11,-4.3961704140292733e-13,-0.41000542872657997,2.7711620285209504e-08,Q_upper|budget,power|4096
8.254041852680206e+21,4096,power,5.1480018434161074,207.99755587669804,0.999999,joint_observed,9.441853930504922e-24,9.44185210890355e-24,9.856045111135347e-23,-1.3392107820108171e-11,-3.7468441465680534e-13,-0.41000542872657997,9.646418821671273e-08,Q_upper|budget,power|4096
1e+22,4096,power,5.558397888837578,235.394187657333,0.999999,joint_observed,7.52807430593733e-24,7.528074501612059e-24,8.708937608565327e-23,-1.2084065210685784e-11,-3.1980715312184314e-13,-0.41000542872657997,1.2996333372146433e-08,Q_upper|budget,power|4096
1.2115276586285852e+22,4096,power,6.0050409960441575,266.1079207843879,0.999999,joint_observed,6.004041902404469e-24,6.0040415297736365e-24,7.70376653082663e-23,-1.0895193410921582e-11,-2.733500887697816e-13,-0.41000542872657997,3.103166592504126e-08,Q_upper|budget,power|4096
1.4677992676220736e+22,4096,power,6.491247988142123,300.5123637122743,0.9999989999999999,one_component_extrapolated,4.789956648860399e-24,4.7899559290596845e-24,6.821793514250303e-23,-9.815837394409732e-12,-2.3395689008480715e-13,-0.4100054287261379,7.513645966091224e-08,Q_upper|budget,power|4096
1.7782794100389228e+22,4096,power,7.02063426489043,339.02200573710894,0.999999,one_component_extrapolated,3.8224544334150155e-24,3.822453524355875e-24,6.046903324960882e-23,-8.836975154656446e-12,-2.0049997590609883e-13,-0.41000542872657997,1.1891041010828995e-07,Q_upper|budget,power|4096
2.154434690031878e+22,4096,power,7.597144789214836,382.0965998030729,0.999999,one_component_extrapolated,3.0511994898715084e-24,3.0511989867654874e-24,5.365222550483802e-23,-7.950184439372958e-12,-1.720404983102605e-13,-0.41000542872657997,8.24439805520919e-08,Q_upper|budget,power|4096
2.610157215682544e+22,4096,power,8.225072812785497,430.2467195903452,0.9999989999999999,one_component_extrapolated,2.4361907504298213e-24,2.436189401082096e-24,4.764785413532817e-23,-7.14763366605809e-12,-1.4779513833500617e-13,-0.4100054287261379,2.769381048477455e-07,Q_upper|budget,power|4096
3.1622776601683792e+22,4096,power,8.90911960763142,484.0380881781239,0.999999,one_component_extrapolated,1.945623405016973e-24,1.945622589188412e-24,4.235272685756555e-23,-6.422021378296343e-12,-1.271098080745527e-13,-0.41000542872657997,2.096574110831973e-07,Q_upper|budget,power|4096
3.8311868495572775e+22,4096,power,9.65439234662739,544.099592686508,0.999999,one_component_extrapolated,1.5542036619351038e-24,1.5542031169785863e-24,3.767753773908432e-23,-5.766599058317917e-12,-1.0943662931098793e-13,-0.41000542872657997,1.7531698912165237e-07,Q_upper|budget,power|4096
4.641588833612792e+22,4096,power,10.466475723794538,611.1286107003193,0.9999989999999999,one_component_extrapolated,1.2418047842540631e-24,1.2418050192588438e-24,3.354503876647498e-23,-5.175107468128123e-12,-9.431645336177278e-14,-0.4100054287261379,9.462226325789285e-08,Q_upper|budget,power|4096
5.623413251903491e+22,4096,power,11.351426728840694,685.9012599608418,0.999999,one_component_extrapolated,9.924078637080078e-25,9.924075764774511e-25,2.9888169236540954e-23,-4.641787189003073e-12,-8.136328423090125e-14,-0.41000542872657997,1.4471398754412638e-07,Q_upper|budget,power|4096
6.812920690579594e+22,4096,power,12.31590319684592,769.2764234740531,0.9999989999999997,bridge_gap_extrapolated,7.93255350882203e-25,7.932552945817583e-25,2.664885119531233e-23,-4.161298413425734e-12,-7.025284077941271e-14,-0.41000542872569573,3.548696316008702e-08,Q_upper|budget,power|4096
8.254041852680206e+22,4096,power,13.367122884738638,862.2103047137874,0.999999,bridge_gap_extrapolated,6.341865305481429e-25,6.3418660134913095e-25,2.3776487969569607e-23,-3.728753301400786e-12,-6.071143804854411e-14,-0.41000542872657997,5.58203152714806e-08,Q_upper|budget,power|4096
1.0000000000000001e+23,4096,power,14.512963768004864,965.7645340180359,0.9999989999999997,bridge_gap_extrapolated,5.071044927093198e-25,5.071045180505032e-25,2.1227050916780987e-23,-3.339659107733825e-12,-5.2508090760043695e-14,-0.41000542872569573,2.4986154877280175e-08,Q_upper|budget,power|4096
1.211527658628585e+23,4096,power,15.762031250677502,1081.1173471560085,0.999999,bridge_gap_extrapolated,4.055548286234889e-25,4.055549206938109e-25,1.8962171859691797e-23,-2.989894336365201e-12,-4.544751823712733e-14,-0.41000542872657997,1.1351154646916764e-07,Q_upper|budget,power|4096
1.4677992676220616e+23,4096,power,17.123680657216635,1209.5793674789002,0.999999,bridge_gap_extrapolated,3.243912050642639e-25,3.2439119297928036e-25,1.6948315661166333e-23,-2.6756966153798205e-12,-3.9364192898763244e-14,-0.41000542872657997,1.8627175465607018e-08,Q_upper|budget,power|4096
1.7782794100389228e+23,4096,power,18.608140946640063,1352.6046971765304,0.999999,bridge_gap_extrapolated,2.595084679805898e-25,2.5950839451055454e-25,1.5156189373036592e-23,-2.3936235722406455e-12,-3.411776076585285e-14,-0.41000542872657997,1.4155616239327484e-07,Q_upper|budget,power|4096
2.1544346900318777e+23,4096,power,20.226569820317213,1511.8083434564567,0.999999,bridge_gap_extrapolated,2.0763125981187303e-25,2.0763125548960997e-25,1.3560140097121223e-23,-2.1405378169147248e-12,-2.9588934437215686e-14,-0.41000542872657997,1.040850764478538e-08,Q_upper|budget,power|4096
2.6101572156825224e+23,4096,power,21.991094914109446,1688.9872718265844,0.999999,bridge_gap_extrapolated,1.6614564676686499e-25,1.6614564552137504e-25,1.213764797356695e-23,-1.9135894654257344e-12,-2.5676111522311937e-14,-0.41000542872657997,3.748187122108937e-09,Q_upper|budget,power|4096
3.162277660168379e+23,4096,power,23.914969326375104,1886.1358136980982,0.9999989999999999,bridge_gap_extrapolated,1.3296472758834415e-25,1.3296472193786185e-25,1.0868959058176056e-23,-1.7101839947738444e-12,-2.2292740889649584e-14,-0.4100054287261379,2.1248050321868876e-08,Q_upper|budget,power|4096
3.8311868495572774e+23,4096,power,26.012635962761735,2105.470284968957,0.999999,bridge_gap_extrapolated,1.064220624614035e-25,1.064220438857513e-25,9.736700196444979e-24,-1.5279678482190583e-12,-1.9364924689217795e-14,-0.41000542872657997,8.727350991237383e-08,Q_upper|budget,power|4096
4.6415888336127536e+23,4096,power,28.299859490429466,2349.4517667202886,0.9999989999999997,bridge_gap_extrapolated,8.518658802765419e-26,8.518658111616659e-26,8.725581528255632e-24,-1.3648068244196844e-12,-1.6829504196819714e-14,-0.41000542872569573,4.056676080186367e-08,Q_upper|budget,power|4096
5.623413251903491e+23,4096,power,30.793796122410026,2620.8172990564976,0.9999989999999997,bridge_gap_extrapolated,6.819492804703344e-26,6.819491318464748e-26,7.822114477267185e-24,-1.2187713882932978e-12,-1.4632388860261708e-14,-0.41000542872569573,1.0896988978761533e-07,Q_upper|budget,power|4096
6.812920690579594e+23,4096,power,33.51321790698213,2922.602449424174,0.9999989999999999,bridge_gap_extrapolated,5.459728573152845e-26,5.459730135170135e-26,7.014410372948017e-24,-1.0881135651653695e-12,-1.2727255604062815e-14,-0.4100054287261379,1.4304896714758936e-07,Q_upper|budget,power|4096
8.254041852680139e+23,4096,power,36.478460161721614,3258.1912913802585,0.999999,bridge_gap_extrapolated,4.371452747293921e-26,4.371451687103612e-26,6.2919365696855126e-24,-9.712606521103157e-13,-1.1074286914270473e-14,-0.41000542872657997,1.2126294145149793e-07,Q_upper|budget,power|4096
1e+24,4096,power,39.711888065254165,3631.327147376458,0.999999,bridge_gap_extrapolated,3.500364277150274e-26,3.500364132079659e-26,5.645410646098709e-24,-8.667863179443962e-13,-9.639352198296383e-15,-0.41000542872657997,2.0722217258933805e-08,Q_upper|budget,power|4096
1e+19,8192,power,0.20445862175655682,6.403127855524079,0.5389559587975633,one_component_extrapolated,2.0644583780443982e-20,2.0644583599177183e-20,1.8017798435232896e-20,-1.009719404497645e-09,-3.224140461503791e-11,-0.36122993034574546,4.390178115744094e-09,Q_lower|budget,power|8192
1.211527658628585e+19,8192,power,0.2229627190957436,7.113751397283899,0.5389559587975633,one_component_extrapolated,1.654552527375865e-20,1.6545524602825988e-20,1.6217922248436655e-20,-8.990454358017184e-10,-2.8178326122693768e-11,-0.36122993034574546,2.0275351380362253e-08,Q_lower|budget,power|8192
1.4677992676220735e+19,8192,power,0.26034217754321254,6.959332959922246,0.5738978181472475,one_component_extrapolated,1.3740886358863762e-20,1.3740886301185753e-20,1.374088870103801e-20,-7.304403576400721e-10,-2.8981028735811436e-11,-0.3615065360291425,1.1503445811231841e-07,budget,power|8192
1.7782794100389229e+19,8192,power,0.30508846417114005,6.762653104012377,0.6162375486863533,one_component_extrapolated,1.1433152223729878e-20,1.1433153562750329e-20,1.1433152476222726e-20,-5.905891902330208e-10,-3.0064149764519485e-11,-0.3618741604013473,7.07168036021886e-08,budget,power|8192
2.1544346900318777e+19,8192,power,0.35521205943225187,6.6513909862936105,0.6598189915640156,one_component_extrapolated,9.480892007392251e-21,9.480890321953658e-21,9.480890010116535e-21,-4.816860562581145e-10,-3.070930433062171e-11,-0.3622980666836082,1.2947849150904448e-07,budget,power|8192
2.610157215682544e+19,8192,power,0.41219574319712254,6.582623258143626,0.7054864482637915,one_component_extrapolated,7.848361839650497e-21,7.848361756648233e-21,7.848361649771864e-21,-3.9462120167114394e-10,-3.1120508142493086e-11,-0.3628056401016335,1.260369208673031e-08,budget,power|8192
3.162277660168379e+19,8192,power,0.4777561575910621,6.5289004205371075,0.754004287969289,one_component_extrapolated,6.492945151241741e-21,6.492945436090918e-21,6.492946125487823e-21,-3.238054665217591e-10,-3.144862837340291e-11,-0.36344047116575245,8.540771772181322e-08,budget,power|8192
3.831186849557277e+19,8192,power,0.5540703845932555,6.468521501652532,0.8062238688610268,one_component_extrapolated,5.37325778631997e-21,5.3732584879293256e-21,5.373258458738491e-21,-2.654881248753175e-10,-3.182482620327952e-11,-0.3642836737015404,8.523865241183072e-08,budget,power|8192
4.641588833612792e+19,8192,power,0.6441686177465751,6.379223065685619,0.8633231337242779,one_component_extrapolated,4.452398706857088e-21,4.452399146156944e-21,4.452399937182868e-21,-2.1695228764581885e-10,-3.2396117751007133e-11,-0.3655207933598401,1.5133052128807345e-07,budget,power|8192
5.6234132519034905e+19,8192,power,0.7533126240493851,6.223035066817762,0.9277515043277961,one_component_extrapolated,3.700613817809519e-21,3.700614078889293e-21,3.700613661657166e-21,-1.7590509213602838e-10,-3.344040653469788e-11,-0.36779091166388295,6.10990433808504e-08,budget,power|8192
6.8129206905795944e+19,8192,power,0.8861867741666118,6.004078435777978,0.999999,one_component_extrapolated,3.0852778714944e-21,3.0852773942644153e-21,3.4144012535056074e-21,-1.4149563377125734e-10,-3.500911991806432e-11,-0.41000542872657997,7.733987689561138e-08,Q_upper|budget,power|8192
8.254041852680207e+19,8192,power,0.9403487752167526,7.0182264090995,0.999999,one_component_extrapolated,2.437757568452559e-21,2.437757265494574e-21,2.92101333617373e-21,-1.306833579553715e-10,-2.8670135904961795e-11,-0.41000542872657997,6.213866553865526e-08,Q_upper|budget,power|8192
1e+20,8192,power,0.9984967341678793,8.193347862245961,0.999999,one_component_extrapolated,1.9268140553879518e-21,1.9268140063521902e-21,2.502070372445624e-21,-1.205878624649551e-10,-2.3516809474558448e-11,-0.41000542872657997,1.272457038642662e-08,Q_upper|budget,power|8192
1.211527658628585e+20,8192,power,1.060972755275366,9.552946983514312,0.9999989999999999,one_component_extrapolated,1.5235099258356068e-21,1.5235100189228585e-21,2.1459695079038954e-21,-1.1116934654951089e-10,-1.9321519624343017e-11,-0.4100054287261379,3.055026005076488e-08,Q_upper|budget,power|8192
1.4677992676220735e+20,8192,power,1.1281503279377079,11.123593847933114,0.9999989999999997,joint_observed,1.2050639157674169e-21,1.2050633166766114e-21,1.842959498294816e-21,-1.0239001409035055e-10,-1.590125527627762e-11,-0.41000542872569573,2.485722735588748e-07,Q_upper|budget,power|8192
1.778279410038923e+20,8192,power,1.200441198511202,12.935240621109852,0.9999989999999999,joint_observed,9.535342024077052e-22,9.535342351175786e-22,1.584843570964455e-21,-9.421351011235947e-11,-1.3108765014464151e-11,-0.4100054287261379,1.715191378823259e-08,Q_upper|budget,power|8192
2.1544346900318778e+20,8192,power,1.2782911854517658,15.02164195217359,0.999999,joint_observed,7.547913090382466e-22,7.547912575487474e-22,1.3647198490375396e-21,-8.660574349073621e-11,-1.0825370982567637e-11,-0.41000542872657997,3.4108435319061436e-08,Q_upper|budget,power|8192
2.610157215682544e+20,8192,power,1.3621919225318482,17.42070744729412,0.999999,joint_observed,5.977006902441567e-22,5.977007810753335e-22,1.1767795882738697e-21,-7.953383834444435e-11,-8.955394097874001e-12,-0.41000542872657997,7.59838255997105e-08,Q_upper|budget,power|8192
3.1622776601683794e+20,8192,power,1.4526788898852792,20.174987932687596,0.9999989999999999,joint_observed,4.734879600780409e-22,4.734879818354065e-22,1.016126156091994e-21,-7.296668586746433e-11,-7.421568093680914e-12,-0.4100054287261379,2.2975626580936127e-08,Q_upper|budget,power|8192
3.8311868495572776e+20,8192,power,1.5503396041765198,23.33212906092848,0.9999989999999999,joint_observed,3.7523543695476086e-22,3.7523541242169845e-22,8.786310449299571e-22,-6.687451008789531e-11,-6.16144790646467e-12,-0.4100054287261379,3.26902269799613e-08,Q_upper|budget,power|8192
4.641588833612792e+20,8192,power,1.6558165225318877,26.94541529845157,0.999999,joint_observed,2.9748810660824574e-22,2.9748807525851534e-22,7.608096854400449e-22,-6.122896051794016e-11,-5.124498223385096e-12,-0.41000542872657997,5.269073184081441e-08,Q_upper|budget,power|8192
5.6234132519034906e+20,8192,power,1.769812285498911,31.074350315556657,0.9999989999999995,joint_observed,2.359429566743913e-22,2.359429283099129e-22,6.597187947293915e-22,-5.6003023210493866e-11,-4.269774190859416e-12,-0.4100054287248116,6.010876630066583e-08,Q_upper|budget,power|8192
6.812920690579594e+20,8192,power,1.8930956479187317,35.78529000395187,0.999999,joint_observed,1.872045704654011e-22,1.8720455319325005e-22,5.7287038710605385e-22,-5.117093893770524e-11,-3.564061584187677e-12,-0.41000542872657997,4.6131757958962e-08,Q_upper|budget,power|8192
8.254041852680207e+20,8192,power,2.026507315196453,41.15214554532305,0.999999,joint_observed,1.4859283519460531e-22,1.485928274240224e-22,4.98159516730135e-22,-4.67081589518639e-11,-2.980382675831975e-12,-0.41000542872657997,2.6147233558270856e-08,Q_upper|budget,power|8192
1e+21,8192,power,2.1709667718097583,47.25715179996884,0.9999989999999997,joint_observed,1.1799152348454884e-22,1.1799152595734868e-22,4.338038192398135e-22,-4.2591285580902226e-11,-2.4967972351949167e-12,-0.41000542872569573,1.0478718169944925e-08,Q_upper|budget,power|8192
1.211527658628585e+21,8192,power,2.3274790898413933,54.19172537262506,0.999999,joint_observed,9.372908593417592e-23,9.372909197288232e-23,3.7829267838041656e-22,-3.879803741118736e-11,-2.0954377547951617e-12,-0.41000542872657997,3.2213619372614393e-08,Q_upper|budget,power|8192
1.4677992676220737e+21,8192,power,2.4971427774205606,62.057408533740315,0.999999,joint_observed,7.448473449491372e-23,7.44847330684806e-23,3.303446505685196e-22,-3.53072024019593e-11,-1.7617338401667227e-12,-0.41000542872657997,9.575338814354615e-09,Q_upper|budget,power|8192
1.7782794100389228e+21,8192,power,2.681159568439462,70.96688833198681,0.9999989999999999,joint_observed,5.921443978529919e-23,5.921444146724296e-23,2.888718023163505e-22,-3.2098577430900046e-11,-1.4837880667045045e-12,-0.4100054287261379,1.4202141866954177e-08,Q_upper|budget,power|8192
2.154434690031878e+21,8192,power,2.8808411255456767,81.04520788945717,0.999999,joint_observed,4.709266539234081e-23,4.7092667453562513e-23,2.529493534673642e-22,-2.9152983690111655e-11,-1.2518701481582417e-12,-0.41000542872657997,2.1884741935625656e-08,Q_upper|budget,power|8192
2.610157215682544e+21,8192,power,3.097619440846196,92.43106090219666,0.999999,joint_observed,3.746637565588066e-23,3.7466363979029346e-23,2.2179051865430997e-22,-2.645221344329423e-11,-1.0580112283762384e-12,-0.41000542872657997,1.5583110097021465e-07,Q_upper|budget,power|8192
3.1622776601683794e+21,8192,power,3.3330632073443596,105.27809407147656,0.999999,joint_observed,2.981876125425507e-23,2.9818753262350295e-23,1.9472553258181135e-22,-2.3978941552727717e-11,-8.956770933902299e-13,-0.41000542872657997,1.3400801218346284e-07,Q_upper|budget,power|8192
3.8311868495572773e+21,8192,power,3.588882483409691,119.75667779001434,0.9999989999999995,joint_observed,2.374070448585497e-23,2.3740709018061753e-23,1.711832134582419e-22,-2.1716795365184287e-11,-7.594991266261408e-13,-0.4100054287248116,9.545222962058716e-08,Q_upper|budget,power|8192
4.641588833612792e+21,8192,power,3.866938767386547,136.0558063931528,0.9999989999999999,joint_observed,1.8908201555960416e-23,1.8908202726626142e-23,1.5067591366152764e-22,-1.96503233484969e-11,-6.450595896362398e-13,-0.4100054287261379,3.0956558347264684e-08,Q_upper|budget,power|8192
5.623413251903491e+21,8192,power,4.169272189565256,154.38472279067827,0.999999,joint_observed,1.5064516212171654e-23,1.5064515833071032e-23,1.3278731578293264e-22,-1.7764864887898318e-11,-5.487200834247093e-13,-0.41000542872657997,1.2582569015182827e-08,Q_upper|budget,power|8192
6.812920690579594e+21,8192,power,4.498105899399567,174.97544929826992,0.9999989999999999,joint_observed,1.2006160200734667e-23,1.2006158951330544e-23,1.1716119615328748e-22,-1.6046622971354287e-11,-4.674770607073734e-13,-0.4100054287261379,5.2031797281024836e-08,Q_upper|budget,power|8192
8.254041852680206e+21,8192,power,4.855867150146888,198.0851448948503,0.999999,joint_observed,9.571772778535786e-24,9.57177276757318e-24,1.0349253069001476e-22,-1.4482604981113117e-11,-3.9884774332690305e-13,-0.41000542872657997,5.726529284827846e-10,Q_upper|budget,power|8192
1e+22,8192,power,5.245200557311467,223.9990544423352,0.999999,joint_observed,7.63335011496767e-24,7.633349653727798e-24,9.15197297966442e-23,-1.3060619127834805e-11,-3.407759766098867e-13,-0.41000542872657997,3.02121533050193e-08,Q_upper|budget,power|8192
1.2115276586285852e+22,8192,power,5.668997336687373,253.03325663902194,0.999999,joint_observed,6.089300210817048e-24,6.089301474981202e-24,8.101833414930178e-23,-1.1769212064546512e-11,-2.9155681971054607e-13,-0.41000542872657997,1.0380207733330971e-07,Q_upper|budget,power|8192
1.4677992676220736e+22,8192,power,6.130400860975028,285.5387302781243,0.9999989999999997,joint_observed,4.858968137550057e-24,4.858968259916222e-24,7.179527946087768e-23,-1.0597696368630468e-11,-2.4977312346934983e-13,-0.41000542872569573,1.2591784995147446e-08,Q_upper|budget,power|8192
1.7782794100389228e+22,8192,power,6.632850606073365,321.90438887555183,0.999999,one_component_extrapolated,3.878285531139889e-24,3.87828525398258e-24,6.368454002406204e-23,-9.536062202714657e-12,-2.142460634819443e-13,-0.41000542872657997,3.57319384824285e-08,Q_upper|budget,power|8192
2.154434690031878e+22,8192,power,7.180093414345328,362.56191832461457,0.999999,one_component_extrapolated,3.0963444006085926e-24,3.0963441852788518e-24,5.65429845252298e-23,-8.574994375277357e-12,-1.8399260892785168e-13,-0.41000542872657997,3.477160819598365e-08,Q_upper|budget,power|8192
2.610157215682544e+22,8192,power,7.776214432656805,407.99043124824374,0.9999989999999997,one_component_extrapolated,2.472675816629847e-24,2.4726757143672902e-24,5.024709249798211e-23,-7.705832350999885e-12,-1.581917580310054e-13,-0.41000542872569573,2.0678521339789926e-08,Q_upper|budget,power|8192
3.1622776601683792e+22,8192,power,8.425657579806899,458.7222802971092,0.999999,one_component_extrapolated,1.975097168935361e-24,1.975095381020909e-24,4.469007462203161e-23,-6.920551395644458e-12,-1.3615645606005534e-13,-0.41000542872657997,4.5261450654816236e-07,Q_upper|budget,power|8192
3.8311868495572775e+22,8192,power,9.133310148465187,515.3463429419713,0.999999,one_component_extrapolated,1.5780008262178335e-24,1.5780002897519783e-24,3.9779719441173323e-23,-6.211676388695959e-12,-1.173116689677586e-13,-0.41000542872657997,1.6998278376550637e-07,Q_upper|budget,power|8192
4.641588833612792e+22,8192,power,9.904451322019654,578.5189710325311,0.999999,one_component_extrapolated,1.2610104172187779e-24,1.2610105256218512e-24,3.54358870905783e-23,-5.5723537210761766e-12,-1.0117373271870548e-13,-0.41000542872657997,4.298262218637493e-08,Q_upper|budget,power|8192
5.623413251903491e+22,8192,power,10.744850642643742,648.9683995287639,0.999999,one_component_extrapolated,1.0079008459533423e-24,1.0079008137079734e-24,3.158910811705507e-23,-4.99624535018048e-12,-8.733619073787453e-14,-0.41000542872657997,1.5996300473259767e-08,Q_upper|budget,power|8192
6.812920690579594e+22,8192,power,11.660823500708664,727.5019769868035,0.999999,one_component_extrapolated,8.057482479669693e-25,8.057485503304669e-25,2.817907522695045e-23,-4.477503613681762e-12,-7.545685295162475e-14,-0.41000542872657997,1.8762897816087892e-07,Q_upper|budget,power|8192
8.254041852680206e+22,8192,power,12.659215972861825,815.0187200485532,0.999999,bridge_gap_extrapolated,6.442565343564212e-25,6.44256572933986e-25,2.5153204991469452e-23,-4.010779749330003e-12,-6.524660828090729e-14,-0.41000542872657997,2.993959827689526e-08,Q_upper|budget,power|8192
1.0000000000000001e+23,8192,power,13.747530365527385,912.5149838699974,0.999999,bridge_gap_extrapolated,5.152183155593373e-25,5.152182374343361e-25,2.2465749384545905e-23,-3.591151236356212e-12,-5.646134546188859e-14,-0.41000542872657997,7.581738159694922e-08,Q_upper|budget,power|8192
1.211527658628585e+23,8192,power,14.93394861988571,1021.097311050807,0.999999,bridge_gap_extrapolated,4.1208997919621417e-25,4.1209016432641654e-25,2.007676713610136e-23,-3.2141162739138637e-12,-4.8894324422073677e-14,-0.41000542872657997,2.2462346839715187e-07,Q_upper|budget,power|8192
1.4677992676220616e+23,8192,power,16.227330703351797,1141.9989696946311,0.9999989999999999,bridge_gap_extrapolated,3.296531707845208e-25,3.296531546875952e-25,1.7951270956685687e-23,-2.875579420108403e-12,-4.236997334149427e-14,-0.4100054287261379,2.4414941827495773e-08,Q_upper|budget,power|8192
1.7782794100389228e+23,8192,power,17.63741917755722,1276.5846144121435,0.999999,bridge_gap_extrapolated,2.6374386022965927e-25,2.6374383036521156e-25,1.6058734145645758e-23,-2.571783239270869e-12,-3.673945446062182e-14,-0.41000542872657997,5.661638799760969e-08,Q_upper|budget,power|8192
2.1544346900318777e+23,8192,power,19.17479287021198,1426.3732328517094,0.999999,bridge_gap_extrapolated,2.1103936433649414e-25,2.1103935322721717e-25,1.4372348320278382e-23,-2.2993180453679897e-12,-3.1875984004943586e-14,-0.41000542872657997,2.632039121803133e-08,Q_upper|budget,power|8192
2.6101572156825224e+23,8192,power,20.850989208602098,1593.052262871742,0.999999,bridge_gap_extrapolated,1.688872494734836e-25,1.6888724340408683e-25,1.2868587814131753e-23,-2.055082608227619e-12,-2.7671550223547106e-14,-0.41000542872657997,1.7968783644266373e-08,Q_upper|budget,power|8192
3.162277660168379e+23,8192,power,22.67859557467968,1778.4959455163446,0.999999,bridge_gap_extrapolated,1.3516957281092587e-25,1.3516957319424927e-25,1.1526780811026545e-23,-1.8362601865592345e-12,-2.4034000343057895e-14,-0.41000542872657997,1.4179353339186065e-09,Q_upper|budget,power|8192
3.8311868495572774e+23,8192,power,24.671337371321965,1984.7865675048597,0.999999,bridge_gap_extrapolated,1.0819477976089257e-25,1.0819479204686202e-25,1.0328734219033917e-23,-1.640297098279976e-12,-2.0884586346310363e-14,-0.41000542872657997,5.6777086580770536e-08,Q_upper|budget,power|8192
4.6415888336127536e+23,8192,power,26.844166652658977,2214.238736565625,0.999999,bridge_gap_extrapolated,8.661155577555596e-26,8.661155510350981e-26,9.258411298983581e-24,-1.4648821305409874e-12,-1.815591157319508e-14,-0.41000542872657997,3.8796563706119135e-09,Q_upper|budget,power|8192
5.623413251903491e+23,8192,power,29.21341851777008,2469.4215640965317,0.9999989999999999,bridge_gap_extrapolated,6.934009290394861e-26,6.934009852671459e-26,8.301674058128876e-24,-1.307922626072215e-12,-1.5790257711063622e-14,-0.4100054287261379,4.054483862873541e-08,Q_upper|budget,power|8192
6.812920690579594e+23,8192,power,31.796862126433563,2753.1929466061015,0.999999,bridge_gap_extrapolated,5.551742896535621e-26,5.551742098211358e-26,7.446021159736497e-24,-1.1675309206360416e-12,-1.3738077694951081e-14,-0.41000542872657997,7.189853140078527e-08,Q_upper|budget,power|8192
8.254041852680139e+23,8192,power,34.61394386744588,3068.7221553941868,0.999999,bridge_gap_extrapolated,4.445368295558785e-26,4.445369185356009e-26,6.680413507371762e-24,-1.041999987955726e-12,-1.1956854172035616e-14,-0.41000542872657997,1.0008137411870874e-07,Q_upper|budget,power|8192
1e+24,8192,power,37.68576814596791,3419.539034003089,0.999999,bridge_gap_extrapolated,3.5597327277104303e-26,3.559733055779963e-26,5.995057442952352e-24,-9.297953166748333e-13,-1.040997929949861e-14,-0.41000542872657997,4.608063910803446e-08,Q_upper|budget,power|8192
1e+19,32768,power,0.16919748020715367,4.568191284323072,0.55861752244988,one_component_extrapolated,2.2690792835603632e-20,2.2690792555288248e-20,2.269078959562752e-20,-1.3012544811035484e-09,-4.967128375984947e-11,-0.36138285805937204,9.107419627504422e-08,budget,power|32768
1.211527658628585e+19,32768,power,0.19619810118791306,4.527063958719452,0.596984373484637,one_component_extrapolated,1.8776541831563445e-20,1.877654124491627e-20,1.8776540905570872e-20,-1.0670887121088526e-09,-5.024956408619232e-11,-0.3617021610602208,2.6853361244309926e-08,budget,power|32768
1.4677992676220735e+19,32768,power,0.2263206000507113,4.530182797876191,0.63652318891004,one_component_extrapolated,1.5495254805434468e-20,1.5495248721964314e-20,1.5495237062194964e-20,-8.812167332543752e-10,-5.0205291354652915e-11,-0.3620650769111676,6.325167347507855e-07,budget,power|32768
1.7782794100389229e+19,32768,power,0.26030429910558517,4.558083752206484,0.6778309125573072,one_component_extrapolated,1.2767881674164623e-20,1.2767883242865442e-20,1.2767887960393403e-20,-7.305827882806965e-10,-4.981230077130023e-11,-0.3624895345447946,2.8727695438090683e-07,budget,power|32768
2.1544346900318777e+19,32768,power,0.2989957873299458,4.597436318310623,0.7214521934029361,one_component_extrapolated,1.0513338334175244e-20,1.051333894856666e-20,1.0513340253343844e-20,-6.067707675795616e-10,-4.9267244983130887e-11,-0.3630020790795935,1.0221762816316092e-07,budget,power|32768
2.610157215682544e+19,32768,power,0.34342823191393795,4.637384357736929,0.7679628710260314,one_component_extrapolated,8.656765247519008e-21,8.656766972059917e-21,8.656770816943606e-21,-5.039611053223293e-10,-4.872471426464049e-11,-0.36364672364866185,3.625028275845835e-07,budget,power|32768
3.162277660168379e+19,32768,power,0.39493180202703937,4.667363999324198,0.8180658271529424,one_component_extrapolated,7.132455835443702e-21,7.132456516251883e-21,7.132458555721111e-21,-4.179064264569879e-10,-4.832451016619122e-11,-0.36450683691941554,2.2244539560656213e-07,budget,power|32768
3.831186849557277e+19,32768,power,0.4553637153630033,4.674444616730228,0.8727927463978201,one_component_extrapolated,5.884662101352902e-21,5.8846622623405206e-21,5.884662189844749e-21,-3.4531849196335697e-10,-4.823084349501901e-11,-0.3657757724842697,1.4131622130287864e-08,budget,power|32768
4.641588833612792e+19,32768,power,0.5279814043065879,4.63316932591322,0.9344264655172437,one_component_extrapolated,4.8692963512129144e-21,4.869296907530373e-21,4.8692974904111684e-21,-2.832126618780971e-10,-4.8781455119997074e-11,-0.3681373381403001,1.1788690632379828e-07,budget,power|32768
5.6234132519034905e+19,32768,power,0.6128981513161651,4.582243310214106,0.9999989999999996,one_component_extrapolated,4.031590127410443e-21,4.03158987438301e-21,4.473863902316906e-21,-2.3191177789699635e-10,-4.9476412296373724e-11,-0.4100054287252537,3.1380600856070206e-08,Q_upper|budget,power|32768
6.8129206905795944e+19,32768,power,0.6513132891788572,5.341610354808837,0.999999,one_component_extrapolated,3.1879004455605777e-21,3.1879007489844386e-21,3.837856297176503e-21,-2.1376925415713976e-10,-4.065986384184238e-11,-0.41000542872657997,4.758991882270346e-08,Q_upper|budget,power|32768
8.254041852680207e+19,32768,power,0.6926242655922091,6.218655116381785,0.999999,one_component_extrapolated,2.521695866526399e-21,2.52169588793906e-21,3.2965862479271994e-21,-1.9685999272912993e-10,-3.347055433891137e-11,-0.41000542872657997,4.245686721280457e-09,Q_upper|budget,power|32768
1e+20,32768,power,0.737083843522249,7.230050836597279,0.999999,one_component_extrapolated,1.9954587138076044e-21,1.995458897434415e-21,2.8354341346394327e-21,-1.8111415085125336e-10,-2.759951406335546e-11,-0.41000542872657997,4.601117560392873e-08,Q_upper|budget,power|32768
1.211527658628585e+20,32768,power,0.7849680036670508,8.394568701742017,0.999999,one_component_extrapolated,1.5796372472966448e-21,1.5796373254184325e-21,2.4420948431826095e-21,-1.6646542346731878e-10,-2.279776815632437e-11,-0.41000542872657997,2.4727761408100932e-08,Q_upper|budget,power|32768
1.4677992676220735e+20,32768,power,0.836578958116711,9.73329860768545,0.999999,one_component_extrapolated,1.2509463309385566e-21,1.2509461672672138e-21,2.1062061037641615e-21,-1.5285055197728146e-10,-1.886449745515497e-11,-0.41000542872657997,6.541901498540517e-08,Q_upper|budget,power|32768
1.778279410038923e+20,32768,power,0.8922478332696436,11.269891934306749,0.999999,joint_observed,9.910335365250288e-22,9.91033484817329e-22,1.8190354492096875e-21,-1.4020916061897768e-10,-1.5637545159994342e-11,-0.41000542872657997,2.6087765696181934e-08,Q_upper|budget,power|32768
2.1544346900318778e+20,32768,power,0.9523362407750471,13.030838780486565,0.999999,joint_observed,7.854308389275967e-22,7.85430832922268e-22,1.5732166810294035e-21,-1.2848386943434921e-10,-1.2985805914522884e-11,-0.41000542872657997,3.822952059798628e-09,Q_upper|budget,power|32768
2.610157215682544e+20,32768,power,1.0172401912192566,15.04575361613812,0.999999,joint_observed,6.227282368667745e-22,6.2272826986493395e-22,1.362532808943355e-21,-1.1761989594869347e-10,-1.0803172300083626e-11,-0.41000542872657997,2.6494830918828008e-08,Q_upper|budget,power|32768
3.1622776601683794e+20,32768,power,1.0873926542862093,17.347702499843987,0.9999989999999999,joint_observed,4.939249361432694e-22,4.939249196548777e-22,1.1817318712624095e-21,-1.0756505522707991e-10,-9.003657626934338e-12,-0.4100054287261379,1.6691192202672848e-08,Q_upper|budget,power|32768
3.8311868495572776e+20,32768,power,1.1632677276361632,19.973548040800736,0.999999,joint_observed,3.919181567747275e-22,3.919181296899038e-22,1.0263741271900963e-21,-9.826953224772293e-11,-7.51750055375163e-12,-0.41000542872657997,3.455418462461874e-08,Q_upper|budget,power|32768
4.641588833612792e+20,32768,power,1.2453838978207907,22.964341925738434,0.9999989999999999,joint_observed,3.1110121867022836e-22,3.111012425648827e-22,8.927028261265976e-22,-8.968586547129854e-11,-6.288027143481018e-12,-0.4100054287261379,3.8403342689810026e-08,Q_upper|budget,power|32768
5.6234132519034906e+20,32768,power,1.3343072355089656,26.36576640990706,0.999999,joint_observed,2.470469754369454e-22,2.4704697034196086e-22,7.775360146391654e-22,-8.176891362363701e-11,-5.2691326520346285e-12,-0.41000542872657997,1.0311772914577561e-08,Q_upper|budget,power|32768
6.812920690579594e+20,32768,power,1.4306576567896658,30.228581879734936,0.999999,joint_observed,1.962582104340761e-22,1.9625818167711636e-22,6.781771311279943e-22,-7.447558005172406e-11,-4.423268785691642e-12,-0.41000542872657997,7.326307983054988e-08,Q_upper|budget,power|32768
8.254041852680207e+20,32768,power,1.5351134307716292,34.609149567696115,0.999999,joint_observed,1.5597142312683745e-22,1.559714526710056e-22,5.923385345591141e-22,-6.776481374452394e-11,-3.719810842654896e-12,-0.41000542872657997,9.471018720892558e-08,Q_upper|budget,power|32768
1e+21,32768,power,1.648412775860929,39.57007857044288,0.9999989999999999,joint_observed,1.2400226087994097e-22,1.2400225928580233e-22,5.180766295611317e-22,-6.159774343958568e-11,-3.133738010275941e-12,-0.4100054287261379,6.427861352852297e-09,Q_upper|budget,power|32768
1.211527658628585e+21,32768,power,1.7713657182707039,45.18076193942175,0.9999989999999999,joint_observed,9.86231941019435e-23,9.862318507268684e-23,4.537403101951003e-22,-5.593722286883335e-11,-2.644592772866706e-12,-0.4100054287261379,4.5776539524431346e-08,Q_upper|budget,power|32768
1.4677992676220737e+21,32768,power,1.9048556123855171,51.51817641670457,0.999999,joint_observed,7.846766768236335e-23,7.846765926628288e-23,3.9792427378347886e-22,-5.074806793080315e-11,-2.235614317391162e-12,-0.41000542872657997,5.362769898888217e-08,Q_upper|budget,power|32768
1.7782794100389228e+21,32768,power,2.0498473580074643,58.66765648333102,0.9999989999999999,joint_observed,6.245418631152352e-23,6.245418279917256e-23,3.494315976822575e-22,-4.599690193999822e-11,-1.893053072166448e-12,-0.4100054287261379,2.811942067828876e-08,Q_upper|budget,power|32768
2.154434690031878e+21,32768,power,2.2073941413693174,66.72380012207987,0.9999989999999994,joint_observed,4.972652018325983e-23,4.972651667401104e-23,3.0724168736864203e-22,-4.165212163072022e-11,-1.605611975650744e-12,-0.41000542872436957,3.528548649482028e-08,Q_upper|budget,power|32768
2.610157215682544e+21,32768,power,2.378646409267401,75.79143925809352,0.999999,joint_observed,3.9606497992525286e-23,3.960649602827915e-23,2.704834891372926e-22,-3.768381686022243e-11,-1.3639954908901578e-12,-0.41000542872657997,2.479701921615063e-08,Q_upper|budget,power|32768
3.1622776601683794e+21,32768,power,2.5648589712920105,85.98679057028102,0.999999,joint_observed,3.155677389253232e-23,3.155676858616118e-23,2.384125840876737e-22,-3.406376310907262e-11,-1.16054179560937e-12,-0.41000542872657997,8.407658536845403e-08,Q_upper|budget,power|32768
3.8311868495572773e+21,32768,power,2.767403296109187,97.4386131437758,0.9999989999999997,joint_observed,2.5151390809568903e-23,2.5151389911932638e-23,2.1039228983044732e-22,-3.076531640087569e-11,-9.889269886928718e-13,-0.41000542872569573,1.784466495474257e-08,Q_upper|budget,power|32768
4.641588833612792e+21,32768,power,2.9877726177668364,110.28974305762561,0.999999,joint_observed,2.0052574320611307e-23,2.0052572034901065e-23,1.8587705772924897e-22,-2.776345726754531e-11,-8.439206753231937e-13,-0.41000542872657997,5.6992941104425e-08,Q_upper|budget,power|32768
5.623413251903491e+21,32768,power,3.227597547798985,124.69850974403987,0.999999,joint_observed,1.5992344030289434e-23,1.5992336965877978e-23,1.6439918150863187e-22,-2.503465861931752e-11,-7.21191614939269e-13,-0.41000542872657997,2.2086859204071065e-07,Q_upper|budget,power|32768
6.812920690579594e+21,32768,power,3.488662140894213,140.84030175427318,0.999999,joint_observed,1.2758001645007519e-23,1.2758001535193949e-23,1.4555729206710762e-22,-2.2556820685263148e-11,-6.171475887719892e-13,-0.41000542872657997,4.3037136590758775e-09,Q_upper|budget,power|32768
8.254041852680206e+21,32768,power,3.77290162176764,158.91003172448453,0.999999,joint_observed,1.0180682198791468e-23,1.0180682250507353e-23,1.2900590802731344e-22,-2.0309371391507202e-11,-5.288009603460343e-13,-0.41000542872657997,2.5399027578994573e-09,Q_upper|budget,power|32768
1e+22,32768,power,4.082432824339355,179.12372343954254,0.999999,joint_observed,8.126237482276932e-24,8.126235138008146e-24,1.1444789413494713e-22,-1.8273044204907057e-11,-4.536660461254254e-13,-0.41000542872657997,1.4424074663503135e-07,Q_upper|budget,power|32768
1.2115276586285852e+22,32768,power,4.419569405596183,201.72085955270444,0.9999989999999997,joint_observed,6.48806204289153e-24,6.48806187890021e-24,1.0162723370641749e-22,-1.6429868622975746e-11,-3.896704800193267e-13,-0.41000542872569573,1.2637928006668173e-08,Q_upper|budget,power|32768
1.4677992676220736e+22,32768,power,4.786822776736973,226.96769494853578,0.999999,joint_observed,5.18141366401658e-24,5.181412696705355e-24,9.0322690821329e-23,-1.4763203273160687e-11,-3.3508177290148296e-13,-0.41000542872657997,9.334434373724048e-08,Q_upper|budget,power|32768
1.7782794100389228e+22,32768,power,5.186944076202869,255.1592380227466,0.999999,joint_observed,4.138889030648377e-24,4.138889374650699e-24,8.034329109980637e-23,-1.3257552802854603e-11,-2.884513142618055e-13,-0.41000542872657997,4.155732439051693e-08,Q_upper|budget,power|32768
2.154434690031878e+22,32768,power,5.622921138320885,286.62353293205393,0.999999,joint_observed,3.306865132380109e-24,3.306865158187388e-24,7.152355121561512e-23,-1.189862052933809e-11,-2.4856385444615805e-13,-0.41000542872657997,3.902076123359752e-09,Q_upper|budget,power|32768
2.610157215682544e+22,32768,power,6.098021857157514,321.7243590070074,0.9999989999999999,one_component_extrapolated,2.642658530937654e-24,2.6426587133366722e-24,6.372017649057681e-23,-1.067316640278996e-11,-2.143995167320178e-13,-0.4100054287261379,3.451051471493568e-08,Q_upper|budget,power|32768
3.1622776601683792e+22,32768,power,6.61580112696993,360.86608238834464,0.999999,one_component_extrapolated,2.1122849992726735e-24,2.112284583628618e-24,5.680869978576971e-23,-9.569006865063994e-12,-1.8509997688113528e-13,-0.41000542872657997,9.838731433752552e-08,Q_upper|budget,power|32768
3.8311868495572775e+22,32768,power,7.18014661500377,404.4971941159723,0.9999989999999999,one_component_extrapolated,1.6886736710491776e-24,1.68867351331183e-24,5.0681026309830506e-23,-8.57490923908941e-12,-1.5994236428599502e-13,-0.4100054287261379,4.670451067350018e-08,Q_upper|budget,power|32768
4.641588833612792e+22,32768,power,7.795281963966469,453.116624619759,0.999999,one_component_extrapolated,1.3502558673659806e-24,1.3502553618738479e-24,4.5242950320945596e-23,-7.680585995645e-12,-1.3831605087230677e-13,-0.41000542872657997,1.8718386623487166e-07,Q_upper|budget,power|32768
5.623413251903491e+22,32768,power,8.465834844176577,507.2773345784163,0.999999,one_component_extrapolated,1.0798379346810596e-24,1.0798380435657586e-24,4.0412475661471364e-23,-6.87657722979837e-12,-1.1970524110137513e-13,-0.41000542872657997,5.041714598784633e-08,Q_upper|budget,power|32768
6.812920690579594e+22,32768,power,9.19682244219727,567.5951734993661,0.999999,one_component_extrapolated,8.637121985347344e-25,8.637123532868155e-25,3.611787748453997e-23,-6.154262743470211e-12,-1.0367254756833319e-13,-0.41000542872657997,8.958543578957184e-08,Q_upper|budget,power|32768
8.254041852680206e+22,32768,power,9.993729686969191,634.753493738671,0.999999,one_component_extrapolated,6.909445015288265e-25,6.909444344887083e-25,3.229652635154512e-23,-5.505750811848855e-12,-8.984722945840492e-14,-0.41000542872657997,4.851339100187737e-08,Q_upper|budget,power|32768
1.0000000000000001e+23,32768,power,10.862547247859998,709.5108140204663,0.999999,one_component_extrapolated,5.528109366090612e-25,5.528108842237324e-25,2.8893615900088263e-23,-4.923839998508517e-12,-7.791437047889537e-14,-0.41000542872657997,4.738087458725253e-08,Q_upper|budget,power|32768
1.211527658628585e+23,32768,power,11.809791669976425,792.7107657598873,0.999999,one_component_extrapolated,4.423495519216738e-25,4.423494730738928e-25,2.5861050237680104e-23,-4.401985771976366e-12,-6.7605821007751e-14,-0.41000542872657997,8.91238475722299e-08,Q_upper|budget,power|32768
1.4677992676220616e+23,32768,power,12.842575671275904,885.2901680481608,0.999999,bridge_gap_extrapolated,3.540024746261401e-25,3.540023781042814e-25,2.315662556432127e-23,-3.9342343453299705e-12,-5.869312120155222e-14,-0.41000542872657997,1.363293744496192e-07,Q_upper|budget,power|32768
1.7782794100389228e+23,32768,power,13.968667027871097,988.2889869630209,0.9999989999999999,bridge_gap_extrapolated,2.8333161906338644e-25,2.8333168426940095e-25,2.074325749621176e-23,-3.5151777093408747e-12,-5.098133309126687e-14,-0.4100054287261379,1.1507012041730663e-07,Q_upper|budget,power|32768
2.1544346900318777e+23,32768,power,15.196491682241883,1102.8656794886879,0.9999989999999999,bridge_gap_extrapolated,2.2679256673252998e-25,2.2679255266162185e-25,1.8588240905953842e-23,-3.1399282528238784e-12,-4.430364930039436e-14,-0.4100054287261379,3.102153834060529e-08,Q_upper|budget,power|32768
2.6101572156825224e+23,32768,power,16.535296712001063,1230.3032002084622,0.9999989999999999,bridge_gap_extrapolated,1.815532988746226e-25,1.8155331144343292e-25,1.6662829889226202e-23,-2.804042454080447e-12,-3.851755289385886e-14,-0.4100054287261379,3.46146558090811e-08,Q_upper|budget,power|32768
3.162277660168379e+23,32768,power,17.99511939420442,1372.0302009465427,0.999999,bridge_gap_extrapolated,1.453510642078371e-25,1.4535105462205377e-25,1.494160472788678e-23,-2.503514859181949e-12,-3.350074893367038e-14,-0.41000542872657997,3.297459058033867e-08,Q_upper|budget,power|32768
3.8311868495572774e+23,32768,power,19.586929117843194,1529.632199656961,0.999999,bridge_gap_extrapolated,1.1637726916384878e-25,1.1637724506625606e-25,1.340213218698179e-23,-2.2347218005812574e-12,-2.9148377694032267e-14,-0.41000542872657997,1.035322249617342e-07,Q_upper|budget,power|32768
4.6415888336127536e+23,32768,power,21.322690458474778,1704.8704697443648,0.999999,bridge_gap_extrapolated,9.31861314341352e-26,9.318612562923622e-26,1.2024569198116392e-23,-1.9943939931019844e-12,-2.537035439608228e-14,-0.41000542872657997,3.114679767433148e-08,Q_upper|budget,power|32768
5.623413251903491e+23,32768,power,23.21542407283343,1899.7038798834913,0.9999989999999999,bridge_gap_extrapolated,7.462171685251181e-26,7.462170770294275e-26,1.0791330772299889e-23,-1.779587854099066e-12,-2.208916370703695e-14,-0.4100054287261379,6.130634623283357e-08,Q_upper|budget,power|32768
6.812920690579594e+23,32768,power,25.279361998070925,2116.3061211273916,0.999999,bridge_gap_extrapolated,5.975959026281744e-26,5.975959467191481e-26,9.686846686596286e-24,-1.58764860321129e-12,-1.9238113755681508e-14,-0.41000542872657997,3.6890289924787036e-08,Q_upper|budget,power|32768
8.254041852680139e+23,32768,power,27.52998851213404,2357.095086047349,0.999999,bridge_gap_extrapolated,4.7860405046179803e-26,4.7860408511542235e-26,8.697287206874479e-24,-1.4161907671518385e-12,-1.675968938542443e-14,-0.41000542872657997,3.6202810055777506e-08,Q_upper|budget,power|32768
1e+24,32768,power,29.98421370822616,2624.7550617580796,0.9999989999999999,bridge_gap_extrapolated,3.8332705155639663e-26,3.8332707076361697e-26,7.810379427752372e-24,-1.2630674319590201e-12,-1.4604298753380127e-14,-0.4100054287261379,2.5053306019457304e-08,Q_upper|budget,power|32768
1e+19,131072,power,0.12463393745840787,2.1798378858090586,0.6677960417236193,one_component_extrapolated,2.7911298212470154e-20,2.7911304151720565e-20,2.7911320710840564e-20,-1.959991916514272e-09,-1.2804302711419813e-10,-0.36238156858821086,4.664476351048942e-07,budget,power|131072
1.211527658628585e+19,131072,power,0.1412320659263808,2.254817252224,0.7064314774553324,one_component_extrapolated,2.2821079324581096e-20,2.2821079462120796e-20,2.2821075808086317e-20,-1.657668086721706e-09,-1.2261911221785096e-10,-0.3628169647331828,1.0473547301259706e-07,budget,power|131072
1.4677992676220735e+19,131072,power,0.16006264842031018,2.3317800294448943,0.7474123736811642,one_component_extrapolated,1.8660499476665694e-20,1.8660500246550445e-20,1.8660502103821898e-20,-1.4017187720090977e-09,-1.1746334666854798e-10,-0.3633471431066075,8.010552619327609e-08,budget,power|131072
1.7782794100389229e+19,131072,power,0.18154883519908266,2.407789063262041,0.7911547503101132,one_component_extrapolated,1.5264797190396492e-20,1.526479604333615e-20,1.5264798660418558e-20,-1.184021321168866e-09,-1.1273858211454993e-10,-0.36401881678092407,8.92490172823283e-08,budget,power|131072
2.1544346900318777e+19,131072,power,0.20623454103487712,2.479209057734522,0.8382061594641715,one_component_extrapolated,1.249696594323546e-20,1.2496969222902834e-20,1.2496973090104812e-20,-9.980855846862617e-10,-1.0859876431189467e-10,-0.3649224011877152,2.937797946146585e-07,budget,power|131072
2.610157215682544e+19,131072,power,0.234875880287705,2.540644316659951,0.8894306461532429,one_component_extrapolated,1.0244623156636726e-20,1.0244624887345346e-20,1.0244624327966014e-20,-8.384745862831001e-10,-1.0524921334450773e-10,-0.36627406674621316,9.442473999929298e-08,budget,power|131072
3.162277660168379e+19,131072,power,0.2688446339196704,2.5793370027289844,0.9469949689735004,one_component_extrapolated,8.420246141069207e-21,8.420260863773759e-21,8.420274748406167e-21,-6.996533572838029e-10,-1.0323274079397073e-10,-0.36889890146760473,1.7153088109088855e-06,budget,power|131072
3.831186849557277e+19,131072,power,0.30523594431958084,2.6584974492443574,0.999999,one_component_extrapolated,6.891566545069063e-21,6.891566136709073e-21,7.711247924308996e-21,-5.902068544738877e-10,-9.931503813674419e-11,-0.41000542872657997,2.9627516481952963e-08,Q_upper|budget,power|131072
4.641588833612792e+19,131072,power,0.3252968404280513,3.0826070930179714,0.999999,one_component_extrapolated,5.457496770611323e-21,5.457496803471574e-21,6.650323028094971e-21,-5.419531036006092e-10,-8.217542962204392e-11,-0.41000542872657997,3.0105607570593283e-09,Q_upper|budget,power|131072
5.6234132519034905e+19,131072,power,0.34693438814429356,3.5694264755833065,0.999999,one_component_extrapolated,4.3235194739447945e-21,4.323519704850155e-21,5.743312848016067e-21,-4.971482408537967e-10,-6.811441045062308e-11,-0.41000542872657997,2.6703401714915908e-08,Q_upper|budget,power|131072
6.8129206905795944e+19,131072,power,0.3702891813779425,4.127354514776649,0.999999,one_component_extrapolated,3.42650385935068e-21,3.4265041558133994e-21,4.966942593341944e-21,-4.555888073009613e-10,-5.656044562181583e-11,-0.41000542872657997,4.3260232367081884e-08,Q_upper|budget,power|131072
8.254041852680207e+19,131072,power,0.3955149108376691,4.765783348750459,0.999999,one_component_extrapolated,2.7166651508712814e-21,2.716664676375906e-21,4.3015662771664385e-21,-4.1708104613350495e-10,-4.70509511188415e-11,-0.41000542872657997,8.7330493564318e-08,Q_upper|budget,power|131072
1e+20,131072,power,0.42278021848471037,5.495194892298487,0.999999,one_component_extrapolated,2.154728601121785e-21,2.154728594086842e-21,3.730592515653542e-21,-3.814395514340852e-10,-3.9211140574953816e-11,-0.41000542872657997,1.6324429139547488e-09,Q_upper|budget,power|131072
1.211527658628585e+20,131072,power,0.4522689175530899,6.327282566611242,0.9999989999999999,one_component_extrapolated,1.7097048397468645e-21,1.7097048665502257e-21,3.239990109723163e-21,-3.4848847328893744e-10,-3.2736877357871286e-11,-0.4100054287261379,7.838593042624884e-09,Q_upper|budget,power|131072
1.4677992676220735e+20,131072,power,0.48418243074834966,7.275065913604878,0.9999989999999989,one_component_extrapolated,1.357130685602513e-21,1.3571307335052726e-21,2.817889649454349e-21,-3.1805970345326905e-10,-2.738113331703671e-11,-0.41000542872215906,1.764854304773489e-08,Q_upper|budget,power|131072
1.778279410038923e+20,131072,power,0.5187408846796929,8.353030843197093,0.999999,one_component_extrapolated,1.077689553995788e-21,1.0776895278156e-21,2.4542388651614127e-21,-2.899931939289724e-10,-2.294296685483736e-11,-0.41000542872657997,1.2146442522779031e-08,Q_upper|budget,power|131072
2.1544346900318778e+20,131072,power,0.5561851500798022,9.5772758556554,0.999999,one_component_extrapolated,8.561229316297918e-22,8.561229771148937e-22,2.140518164688848e-21,-2.6413635082573274e-10,-1.9258723134100152e-11,-0.41000542872657997,2.6564585022876848e-08,Q_upper|budget,power|131072
2.610157215682544e+20,131072,power,0.5967781989653882,10.965684584209486,0.999999,joint_observed,6.803740212923491e-22,6.803740393618416e-22,1.8694986874587526e-21,-2.403441297639862e-10,-1.6194914184935155e-11,-0.41000542872657997,1.3279087425799086e-08,Q_upper|budget,power|131072
3.1622776601683794e+20,131072,power,0.6408075962335514,12.538104341806523,0.999999,joint_observed,5.409119997942448e-22,5.4091195091216255e-22,1.635042457647355e-21,-2.1847841815934757e-10,-1.364252307890087e-11,-0.41000542872657997,4.518487711557161e-08,Q_upper|budget,power|131072
3.8311868495572776e+20,131072,power,0.6885878686237596,14.316547121756637,0.999999,joint_observed,4.302000345400549e-22,4.3020006338543535e-22,1.43193276723214e-21,-1.984078152325781e-10,-1.1512390603012638e-11,-0.41000542872657997,3.352554297083372e-08,Q_upper|budget,power|131072
4.641588833612792e+20,131072,power,0.7404617545738532,16.325436576273102,0.999999,joint_observed,3.42276189154207e-22,3.422761685617336e-22,1.255729538471325e-21,-1.8000788904522938e-10,-9.731471710330179e-12,-0.41000542872657997,3.0081663078494285e-08,Q_upper|budget,power|131072
5.6234132519034906e+20,131072,power,0.7968044558591826,18.591834450141285,0.999999,joint_observed,2.7242199588340803e-22,2.724219680077611e-22,1.1026525108236708e-21,-1.6316028714186463e-10,-8.239860940633704e-12,-0.41000542872657997,5.11626242261408e-08,Q_upper|budget,power|131072
6.812920690579594e+20,131072,power,0.8580253049463601,21.14574289441124,0.999999,joint_observed,2.1690194222489727e-22,2.169019259509165e-22,9.694780192699918e-22,-1.4775304341440465e-10,-6.98833626473404e-12,-0.41000542872657997,3.751460507486307e-08,Q_upper|budget,power|131072
8.254041852680207e+20,131072,power,0.9245712522883983,24.02041328874526,0.9999989999999995,joint_observed,1.727574100585899e-22,1.727574216053026e-22,8.53454630057649e-22,-1.3368023704646976e-10,-5.936396560501369e-12,-0.4100054287248116,3.3418862712059774e-08,Q_upper|budget,power|131072
1e+21,131072,power,0.9969297712959206,27.25270886035827,0.999999,joint_observed,1.3764417872962512e-22,1.3764419051439548e-22,7.522310182928661e-22,-1.2084190762648032e-10,-5.050660879976316e-12,-0.41000542872657997,4.280882041324123e-08,Q_upper|budget,power|131072
1.211527658628585e+21,131072,power,1.0756332230067986,30.883482516797557,0.999999,joint_observed,1.097040121003669e-22,1.097040161971566e-22,6.637960251443845e-22,-1.0914373826305218e-10,-4.3035771569221165e-12,-0.41000542872657997,1.867201365466052e-08,Q_upper|budget,power|131072
1.4677992676220737e+21,131072,power,1.1612623872066046,34.95802517650059,0.999999,joint_observed,8.746333285395177e-23,8.746332395982898e-23,5.864270888804955e-22,-9.849699027376069e-11,-3.672364276982313e-12,-0.41000542872657997,5.0844868173188546e-08,Q_upper|budget,power|131072
1.7782794100389228e+21,131072,power,1.254451524673205,39.52653530662056,0.999999,joint_observed,6.975308628561911e-23,6.975308591122126e-23,5.186473536888162e-22,-8.881825226434014e-11,-3.1381570760092516e-12,-0.41000542872657997,2.6837369276724244e-09,Q_upper|budget,power|131072
2.154434690031878e+21,131072,power,1.3558907604780406,44.64472962690385,0.9999989999999999,joint_observed,5.564547758438676e-23,5.564545929463122e-23,4.591881977685957e-22,-8.002950270836402e-11,-2.685300344497223e-12,-0.4100054287261379,1.6434182376690858e-07,Q_upper|budget,power|131072
2.610157215682544e+21,131072,power,1.4663360700785792,50.374312601111804,0.999999,joint_observed,4.440377779980269e-23,4.440377433820462e-23,4.0696005322390947e-22,-7.205748509143694e-11,-2.300792328625168e-12,-0.41000542872657997,3.897864522705301e-08,Q_upper|budget,power|131072
3.1622776601683794e+21,131072,power,1.586608153597259,56.78385145543867,0.999999,joint_observed,3.5442842899607083e-23,3.5442838280958976e-23,3.610239955870908e-22,-6.483409343732529e-11,-1.9738022842073765e-12,-0.41000542872657997,6.515629160178503e-08,Q_upper|budget,power|131072
3.8311868495572773e+21,131072,power,1.7176051683373947,63.949330627740245,0.999999,joint_observed,2.829764538459338e-23,2.8297647070836014e-23,3.205715014689079e-22,-5.829567694100817e-11,-1.6953042708498932e-12,-0.41000542872657997,2.9794750846933162e-08,Q_upper|budget,power|131072
4.641588833612792e+21,131072,power,1.8603041533274074,71.95515680530315,0.999999,joint_observed,2.2598518206591185e-23,2.259851895053756e-23,2.849042910536111e-22,-5.238318901101725e-11,-1.45775560604812e-12,-0.41000542872657997,1.6460069591108456e-08,Q_upper|budget,power|131072
5.623413251903491e+21,131072,power,2.015772649015485,80.89494748970975,0.999999,joint_observed,1.8051451633672157e-23,1.8051454038769028e-23,2.534192007464256e-22,-4.7041761576751077e-11,-1.2548470455543993e-12,-0.41000542872657997,6.66178199894321e-08,Q_upper|budget,power|131072
6.812920690579594e+21,131072,power,2.1851732040969205,90.87268742176413,0.999999,joint_observed,1.4422534684766072e-23,1.4422536931845593e-23,2.2559399880096924e-22,-4.2220659305475044e-11,-1.0812885924410977e-12,-0.41000542872657997,7.790167938129116e-08,Q_upper|budget,power|131072
8.254041852680206e+21,131072,power,2.3697738081831554,102.0038218059875,0.9999989999999999,joint_observed,1.1525589994771008e-23,1.152559041798727e-23,2.0097612593610553e-22,-3.787299556362663e-11,-9.326386404213404e-13,-0.4100054287261379,1.8359852006927912e-08,Q_upper|budget,power|131072
1e+22,131072,power,2.5709582461358957,114.41649825469459,0.999999,joint_observed,9.21237684012148e-24,9.21237713026146e-24,1.7917287497850133e-22,-3.395552062624956e-11,-8.051616043828249e-13,-0.41000542872657997,1.5747291935411606e-08,Q_upper|budget,power|131072
1.2115276586285852e+22,131072,power,2.790233858249192,128.25309408886883,0.9999989999999999,joint_observed,7.3648219109211e-24,7.364821776430551e-24,1.5984279430357577e-22,-3.042847224039372e-11,-6.957091636972932e-13,-0.4100054287261379,9.13060449985896e-09,Q_upper|budget,power|131072
1.4677992676220736e+22,131072,power,3.029243732471261,143.67176772865295,0.999999,joint_observed,5.8888441279520585e-24,5.888842153402716e-24,1.426886664051107e-22,-2.7255336066170785e-11,-6.01623988940638e-13,-0.41000542872657997,1.6765171831869676e-07,Q_upper|budget,power|131072
1.7782794100389228e+22,131072,power,3.2897840281892536,160.8479845093742,0.999999,joint_observed,4.7094507842430605e-24,4.709449937279462e-24,1.2745159971881126e-22,-2.4402590552290927e-11,-5.206604162071478e-13,-0.41000542872657997,8.99217035576021e-08,Q_upper|budget,power|131072
2.154434690031878e+22,131072,power,3.5738077873314826,179.97689874712202,0.999999,joint_observed,3.766851228940011e-24,3.766851325852805e-24,1.1390535718737143e-22,-2.183963013700241e-11,-4.509153799795447e-13,-0.41000542872657997,1.28638997238037e-08,Q_upper|budget,power|131072
2.610157215682544e+22,131072,power,3.8834451925287063,201.27528097159686,0.999999,joint_observed,3.013355772855555e-24,3.01335595478049e-24,1.018522137358697e-22,-1.9538485563163928e-11,-3.907749004658044e-13,-0.41000542872657997,3.018643387463788e-08,Q_upper|budget,power|131072
3.1622776601683792e+22,131072,power,4.221019514125555,224.98392343063077,0.999999,joint_observed,2.4109154071324262e-24,2.410915028131205e-24,9.111910142142745e-23,-1.747364488464944e-11,-3.3886788965942405e-13,-0.41000542872657997,7.860110940908149e-08,Q_upper|budget,power|131072
3.8311868495572775e+22,131072,power,4.589067981218475,251.37012797867084,0.999999,joint_observed,1.9291637220992835e-24,1.929163470981668e-24,8.155437204139785e-23,-1.5621862092748876e-11,-2.940280048430565e-13,-0.41000542872657997,6.508458288766497e-08,Q_upper|budget,power|131072
4.641588833612792e+22,131072,power,4.990353812384548,280.7310278332404,0.9999989999999997,joint_observed,1.5438603550523707e-24,1.5438604924098304e-24,7.302482057451698e-23,-1.3962027135477944e-11,-2.5526090498561266e-13,-0.41000542872569573,4.4485064059486765e-08,Q_upper|budget,power|131072
5.623413251903491e+22,131072,power,5.4278851853978285,313.39701053222615,0.9999989999999999,one_component_extrapolated,1.2356496611023118e-24,1.2356495203376009e-24,6.54133008557725e-23,-1.2474991281620763e-11,-2.217177463044162e-13,-0.4100054287261379,5.69598015268417e-08,Q_upper|budget,power|131072
6.812920690579594e+22,131072,power,5.904953543039336,349.734513510506,0.999999,one_component_extrapolated,9.89071191002755e-25,9.890712038953641e-25,5.86168426201107e-23,-1.1143358221943991e-11,-1.9267368272684852e-13,-0.41000542872657997,6.517533511268666e-09,Q_upper|budget,power|131072
8.254041852680206e+22,131072,power,6.425137303201446,390.151254912648,0.999999,one_component_extrapolated,7.9177457594982225e-25,7.917745688270545e-25,5.254457772244302e-23,-9.951409720714615e-12,-1.6750786641579677e-13,-0.41000542872657997,4.497977155514247e-09,Q_upper|budget,power|131072
1.0000000000000001e+23,131072,power,6.992343816055452,435.09991707146315,0.999999,one_component_extrapolated,6.338906350627841e-25,6.338905955497772e-25,4.71163797852419e-23,-8.884917163475435e-12,-1.456885121505697e-13,-0.41000542872657997,3.116705462295191e-08,Q_upper|budget,power|131072
1.211527658628585e+23,131072,power,7.610835298911228,485.0833438778333,0.9999989999999999,one_component_extrapolated,5.075315439830131e-25,5.075315789580961e-25,4.2261465366675536e-23,-7.931027380434153e-12,-1.2675936069452606e-13,-0.4100054287261379,3.445606694960544e-08,Q_upper|budget,power|131072
1.4677992676220616e+23,131072,power,8.285248142189443,540.6609228457378,0.9999989999999999,one_component_extrapolated,4.0639204803861757e-25,4.063919195861239e-25,3.7917171504354123e-23,-7.078157623613362e-12,-1.1032825505427387e-13,-0.4100054287261379,1.5804014205299792e-07,Q_upper|budget,power|131072
1.7782794100389228e+23,131072,power,9.020661330673924,602.4526682910997,0.999999,one_component_extrapolated,3.254303742488863e-25,3.2543033426767905e-25,3.4028122068770944e-23,-6.315839205477903e-12,-9.605834504341047e-14,-0.41000542872657997,6.142820844985803e-08,Q_upper|budget,power|131072
2.1544346900318777e+23,131072,power,9.822588554580864,671.1490232788537,0.999999,one_component_extrapolated,2.6061509779427823e-25,2.60615070417036e-25,3.0545128170064677e-23,-5.6346712270146026e-12,-8.365923647009109e-14,-0.41000542872657997,5.252428559651661e-08,Q_upper|budget,power|131072
2.6101572156825224e+23,131072,power,10.697058130738613,747.5160485170426,0.999999,one_component_extrapolated,2.0872161195328447e-25,2.087216310167291e-25,2.7424605769917357e-23,-5.026179426025487e-12,-7.288087959424188e-14,-0.41000542872657997,4.5667153456956276e-08,Q_upper|budget,power|131072
3.162277660168379e+23,131072,power,11.650627607843049,832.405964720898,0.999999,one_component_extrapolated,1.6717055057968931e-25,1.6717052800069283e-25,2.4627806390286956e-23,-4.482754996581727e-12,-6.350742889166992e-14,-0.41000542872657997,6.753282188808828e-08,Q_upper|budget,power|131072
3.8311868495572774e+23,131072,power,12.6904722026796,926.7638995347141,0.999999,bridge_gap_extrapolated,1.3389815092654337e-25,1.3389814649028706e-25,2.2120340409848284e-23,-3.9975484386840084e-12,-5.5352697517806846e-14,-0.41000542872657997,1.6565786574150886e-08,Q_upper|budget,power|131072
4.6415888336127536e+23,131072,power,13.824394056726849,1031.6414772920687,0.999999,bridge_gap_extrapolated,1.0725318836250778e-25,1.0725318404238795e-25,1.9871567195104593e-23,-3.564421487970628e-12,-4.8255638453708854e-14,-0.41000542872657997,2.0139820583335298e-08,Q_upper|budget,power|131072
5.623413251903491e+23,131072,power,15.060915240794227,1148.2060543984176,0.999999,bridge_gap_extrapolated,8.591420917029997e-26,8.59142169240196e-26,1.785422821865114e-23,-3.1778608470255785e-12,-4.207704219349123e-14,-0.41000542872657997,4.512477831889635e-08,Q_upper|budget,power|131072
6.812920690579594e+23,131072,power,16.409318788516376,1277.7553294142751,0.999999,bridge_gap_extrapolated,6.882361630654471e-26,6.882362724734612e-26,1.6044020686388916e-23,-2.832926041605436e-12,-3.6696377098197797e-14,-0.41000542872657997,7.94843481196177e-08,Q_upper|budget,power|131072
8.254041852680139e+23,131072,power,17.87971917423268,1421.731753539151,0.999999,bridge_gap_extrapolated,5.513487702883392e-26,5.513486127235221e-26,1.4419269237135868e-23,-2.5251903467374485e-12,-3.200923460778402e-14,-0.41000542872657997,1.428903519020114e-07,Q_upper|budget,power|131072
1e+24,131072,power,19.483190408942846,1581.7343975044173,0.999999,bridge_gap_extrapolated,4.4170286526186834e-26,4.417027941414718e-26,1.296066708140806e-23,-2.2506803673105424e-12,-2.7925218977242237e-14,-0.41000542872657997,8.050706467041281e-08,Q_upper|budget,power|131072
1e+19,2048,logarithmic,0.35011529943778125,3.0025007262867622,0.9999989999999996,one_component_extrapolated,2.5518817128280212e-20,2.5518819361219052e-20,7.510498792620035e-20,-4.911052631173303e-10,-8.499188405785521e-11,-0.4100054287252537,4.3750827768413e-08,Q_upper|budget,logarithmic|2048
1.211527658628585e+19,2048,logarithmic,0.3729550920003011,3.4844542232570586,0.999999,one_component_extrapolated,2.0203780177087062e-20,2.0203781531147414e-20,6.471681541739934e-20,-4.512303736611454e-10,-7.02475583421338e-11,-0.41000542872657997,3.351007323534697e-08,Q_upper|budget,logarithmic|2048
1.4677992676220735e+19,2048,logarithmic,0.39757880279471425,4.03820758715537,0.999999,one_component_extrapolated,1.6001918560687816e-20,1.600191838955935e-20,5.584229535751907e-20,-4.1418238428302785e-10,-5.816343906502526e-11,-0.41000542872657997,5.347123514076638e-09,Q_upper|budget,logarithmic|2048
1.7782794100389229e+19,2048,logarithmic,0.4241451134582359,4.6734613477924025,0.9999989999999999,one_component_extrapolated,1.2678866495422316e-20,1.2678867008156726e-20,4.825176973019836e-20,-3.7979567224913006e-10,-4.824383142459754e-11,-0.4100054287261379,2.0220040951078373e-08,Q_upper|budget,logarithmic|2048
2.1544346900318777e+19,2048,logarithmic,0.4528274391284248,5.401073633159644,0.999999,one_component_extrapolated,1.0049840598353125e-20,1.0049840465379844e-20,4.1751473153863454e-20,-3.479126333877264e-10,-4.008781660551834e-11,-0.41000542872657997,6.6156911013365215e-09,Q_upper|budget,logarithmic|2048
2.610157215682544e+19,2048,logarithmic,0.48381573800030553,6.23317643918105,0.999999,one_component_extrapolated,7.96909861078024e-21,7.969098742614544e-21,3.617782730798688e-20,-3.183827641521867e-10,-3.337078741229238e-11,-0.41000542872657997,8.271594416632237e-09,Q_upper|budget,logarithmic|2048
3.162277660168379e+19,2048,logarithmic,0.5173176181403817,7.183309897667915,0.999999,one_component_extrapolated,6.32166018337081e-21,6.321659977397365e-21,3.1392600905345164e-20,-2.9106278291934755e-10,-2.7829572170058157e-11,-0.41000542872657997,1.629108831939809e-08,Q_upper|budget,logarithmic|2048
3.831186849557277e+19,2048,logarithmic,0.553560370058619,8.26656255879418,0.999999,one_component_extrapolated,5.0167809048062564e-21,5.0167809029619505e-21,2.7278905735372323e-20,-2.65815939156064e-10,-2.3250565015189944e-11,-0.41000542872657997,1.838137504175009e-10,Q_upper|budget,logarithmic|2048
4.641588833612792e+19,2048,logarithmic,0.5927923165911095,9.499734232062686,0.999999,one_component_extrapolated,3.9828227750086344e-21,3.9828223997074704e-21,2.3737798899237313e-20,-2.4251207355374337e-10,-1.9460148594842408e-11,-0.41000542872657997,4.711497383307496e-08,Q_upper|budget,logarithmic|2048
5.6234132519034905e+19,2048,logarithmic,0.6352853144688476,10.901504365975997,0.999999,joint_observed,3.1632093318870754e-21,3.1632090811962172e-21,2.0685473603139326e-20,-2.2102698209648683e-10,-1.6317043289233903e-11,-0.41000542872657997,3.962603195458198e-08,Q_upper|budget,logarithmic|2048
6.8129206905795944e+19,2048,logarithmic,0.6813363598513008,12.492630905012637,0.999999,joint_observed,2.5132453306581922e-21,2.5132453229817905e-21,1.805086394623427e-20,-2.0124250789819989e-10,-1.370611298103321e-11,-0.41000542872657997,1.5271890855770484e-09,Q_upper|budget,logarithmic|2048
8.254041852680207e+19,2048,logarithmic,0.7312699740642347,14.29616388673736,0.9999989999999999,joint_observed,1.9976082314667644e-21,1.9976082207206305e-21,1.5773656666447548e-20,-1.8304621990740646e-10,-1.1533402939219563e-11,-0.4100054287261379,2.689750107107576e-09,Q_upper|budget,logarithmic|2048
1e+20,2048,logarithmic,0.7854411368158013,16.33767610804318,0.9999989999999999,joint_observed,1.5883718207054045e-21,1.5883720427739523e-21,1.3802622802985086e-20,-1.6633107073501743e-10,-9.722141828922553e-12,-0.4100054287261379,6.990445486156779e-08,Q_upper|budget,logarithmic|2048
1.211527658628585e+20,2048,logarithmic,0.8442369645382305,18.645544124846474,0.999999,joint_observed,1.2634503001209315e-21,1.2634502808144013e-21,1.2094191474755978e-20,-1.509955513467906e-10,-8.209494720344094e-12,-0.41000542872657997,7.640399621699716e-09,Q_upper|budget,logarithmic|2048
1.4677992676220735e+20,2048,logarithmic,0.908081257774671,21.25121527655356,0.999999,joint_observed,1.0053686257384802e-21,1.0053685784504608e-21,1.0611288712777834e-20,-1.3694305955525146e-10,-6.943975880607386e-12,-0.41000542872657997,2.351775233893595e-08,Q_upper|budget,logarithmic|2048
1.778279410038923e+20,2048,logarithmic,0.97743632510437,24.189558555137538,0.9999989999999995,joint_observed,8.002956615491076e-22,8.002956583264039e-22,9.322318978327868e-21,-1.2408215657353196e-10,-5.883320639777162e-12,-0.4100054287248116,2.013445702789944e-09,Q_upper|budget,logarithmic|2048
2.1544346900318778e+20,2048,logarithmic,1.0528067062639943,27.499227987093292,0.999999,joint_observed,6.372796264249671e-22,6.372795734072206e-22,8.200331329401098e-21,-1.1232630262526527e-10,-4.9927846005045554e-12,-0.41000542872657997,4.159692744459585e-08,Q_upper|budget,logarithmic|2048
2.610157215682544e+20,2048,logarithmic,1.1347438759523412,31.223050446029298,0.999999,joint_observed,5.076449065317895e-22,5.076449084364396e-22,7.222317408950742e-21,-1.0159358629823909e-10,-4.243765429166721e-12,-0.41000542872657997,1.8759669240582536e-09,Q_upper|budget,logarithmic|2048
3.1622776601683794e+20,2048,logarithmic,1.2238488802593,35.40851390285335,0.999999,joint_observed,4.0451655827901412e-22,4.0451655140528627e-22,6.368603365156559e-21,-9.180681710735036e-11,-3.6126725261243134e-12,-0.41000542872657997,8.496225645792389e-09,Q_upper|budget,logarithmic|2048
3.8311868495572776e+20,2048,logarithmic,1.3207784482378453,40.108237935352506,0.999999,joint_observed,3.224439822241043e-22,3.2244400886456373e-22,5.622355715560874e-21,-8.28931772787632e-11,-3.08002373096421e-12,-0.41000542872657997,4.1310211698689634e-08,Q_upper|budget,logarithmic|2048
4.641588833612792e+20,2048,logarithmic,1.4262482660161495,45.38058064595065,0.999999,joint_observed,2.5710426620505755e-22,2.571042791848648e-22,4.969147101845785e-21,-7.47842700689087e-11,-2.6296982858129645e-12,-0.41000542872657997,2.5242301827915922e-08,Q_upper|budget,logarithmic|2048
5.6234132519034906e+20,2048,logarithmic,1.5410395227642573,51.29024074946397,0.9999989999999999,joint_observed,2.0506729049992585e-22,2.050672643941028e-22,4.396602111855328e-21,-6.741585680403734e-11,-2.2483379981745285e-12,-0.4100054287261379,6.365184975635701e-08,Q_upper|budget,logarithmic|2048
6.812920690579594e+20,2048,logarithmic,1.6660055162480465,57.908934379266015,0.999999,joint_observed,1.636102050576637e-22,1.6361020717449031e-22,3.8940930827703975e-21,-6.072770795139327e-11,-1.9248555988766356e-12,-0.41000542872657997,6.469115395332806e-09,Q_upper|budget,logarithmic|2048
8.254041852680207e+20,2048,logarithmic,1.8020749735900141,65.31627102555866,0.9999989999999999,joint_observed,1.3057083305154645e-22,1.3057084226603961e-22,3.452474816090172e-21,-5.4663632124846226e-11,-1.6500286680203641e-12,-0.4100054287261379,3.528541806597775e-08,Q_upper|budget,logarithmic|2048
1e+21,2048,logarithmic,1.950262153138356,73.60053187054623,0.999999,joint_observed,1.0423136472630164e-22,1.0423138600394457e-22,3.0638743371248285e-21,-4.917114308653354e-11,-1.4161770758297513e-12,-0.41000542872657997,1.0206928034377288e-07,Q_upper|budget,logarithmic|2048
1.211527658628585e+21,2048,logarithmic,2.1116714990711247,82.85973744466688,0.9999989999999999,joint_observed,8.322655592481922e-23,8.322655596083315e-23,2.7215000644583335e-21,-4.420143851656279e-11,-1.2168910690343848e-12,-0.4100054287261379,2.1636078560918693e-10,Q_upper|budget,logarithmic|2048
1.4677992676220737e+21,2048,logarithmic,2.2875106153424043,93.20256310358755,0.9999989999999995,joint_observed,6.647084129576639e-23,6.647084669939667e-23,2.4194911951649092e-21,-3.9709092221362214e-11,-1.0468152039462318e-12,-0.4100054287248116,4.0646620096475006e-08,Q_upper|budget,logarithmic|2048
1.7782794100389228e+21,2048,logarithmic,2.4790930686508204,104.7497620931388,0.9999989999999995,joint_observed,5.31007907705617e-23,5.310079294448441e-23,2.152776066406957e-21,-3.565208731503449e-11,-9.014631142164843e-13,-0.4100054287248116,2.0469776833830065e-08,Q_upper|budget,logarithmic|2048
2.154434690031878e+21,2048,logarithmic,2.6878526666364504,117.63534438649201,0.9999989999999999,joint_observed,4.242932336493697e-23,4.2429320267163086e-23,1.9169645141325045e-21,-3.1991519028603985e-11,-7.770725706188816e-13,-0.4100054287261379,3.6505107304953155e-08,Q_upper|budget,logarithmic|2048
2.610157215682544e+21,2048,logarithmic,2.9153537256514523,132.00807126588103,0.9999989999999994,joint_observed,3.3909493841027986e-23,3.3909493125197935e-23,1.708249947395243e-21,-2.869146476720455e-11,-6.704825493783968e-13,-0.41000542872436957,1.0555009486626034e-08,Q_upper|budget,logarithmic|2048
3.1622776601683794e+21,2048,logarithmic,3.163298724418163,148.03327899076234,0.999999,joint_observed,2.710576513358949e-23,2.710575723550078e-23,1.523324905955617e-21,-2.5718874401389756e-11,-5.790314931355432e-13,-0.41000542872657997,1.4569022163000784e-07,Q_upper|budget,logarithmic|2048
3.8311868495572773e+21,2048,logarithmic,3.4335505031361633,165.89430456107044,0.999999,joint_observed,2.167115481440885e-23,2.167115445614488e-23,1.359315989741472e-21,-2.3043288567725484e-11,-5.00476747449413e-13,-0.41000542872657997,8.265917920122983e-09,Q_upper|budget,logarithmic|2048
4.641588833612792e+21,2048,logarithmic,3.728130290545212,185.795230513333,0.999999,joint_observed,1.7329178156306458e-23,1.7329173376221525e-23,1.2137167362900747e-21,-2.0636852276049982e-11,-4.3292229524179186e-13,-0.41000542872657997,1.3792014692922061e-07,Q_upper|budget,logarithmic|2048
5.623413251903491e+21,2048,logarithmic,4.049252440178632,207.96226348617787,0.999999,joint_observed,1.3859404790720778e-23,1.3859401817944418e-23,1.0843447124333332e-21,-1.8473961860068765e-11,-3.747657990444215e-13,-0.41000542872657997,1.0724763160456638e-07,Q_upper|budget,logarithmic|2048
6.812920690579594e+21,2048,logarithmic,4.3993267001425345,232.64689636667697,0.999999,joint_observed,1.1086066266314738e-23,1.1086067686499495e-23,9.692920228838453e-22,-1.653124875608383e-11,-3.246486460729614e-13,-0.41000542872657997,6.405268709207092e-08,Q_upper|budget,logarithmic|2048
8.254041852680206e+21,2048,logarithmic,4.7809759061115615,260.1287570552407,0.9999989999999999,joint_observed,8.868957164895444e-24,8.868957902691445e-24,8.668890873482854e-22,-1.4787401023270042e-11,-2.81417366334966e-13,-0.4100054287261379,4.1594291075609885e-08,Q_upper|budget,logarithmic|2048
1e+22,2048,logarithmic,5.197067175879992,290.71812770617333,0.999999,joint_observed,7.096197265898737e-24,7.096197518820988e-24,7.756749899848647e-22,-1.322296110560135e-11,-2.4409202050148934e-13,-0.41000542872657997,1.7820970611236377e-08,Q_upper|budget,logarithmic|2048
1.2115276586285852e+22,2048,logarithmic,5.650723142519778,324.7599091480306,0.999999,one_component_extrapolated,5.678491708539862e-24,5.678490967926106e-24,6.943676680674184e-22,-1.182024109465789e-11,-2.1183799702872909e-13,-0.41000542872657997,6.52121938980175e-08,Q_upper|budget,logarithmic|2048
1.4677992676220736e+22,2048,logarithmic,6.14535387511503,362.63699114882183,0.999999,one_component_extrapolated,4.5445482249918116e-24,4.544548380755803e-24,6.218416386108857e-22,-1.0563157288853837e-11,-1.8394385977598638e-13,-0.41000542872657997,1.713745591147461e-08,Q_upper|budget,logarithmic|2048
1.7782794100389228e+22,2048,logarithmic,6.684670390077955,404.77517668304523,0.999999,one_component_extrapolated,3.6374367283985974e-24,3.637437343318125e-24,5.571062500541681e-22,-9.437136707536363e-12,-1.5980179382379208e-13,-0.41000542872657997,8.452648418020231e-08,Q_upper|budget,logarithmic|2048
2.154434690031878e+22,2048,logarithmic,7.272721154044297,451.6474406032271,0.999999,one_component_extrapolated,2.911681887636141e-24,2.911682364465997e-24,4.992894025829522e-22,-8.428968018625526e-12,-1.3889217403692657e-13,-0.41000542872657997,8.188219662009355e-08,Q_upper|budget,logarithmic|2048
2.610157215682544e+22,2048,logarithmic,7.9139236277545795,503.7790940741229,0.999999,one_component_extrapolated,2.3309502586977428e-24,2.3309506549438383e-24,4.476223476707542e-22,-7.526690788307708e-12,-1.207701499123032e-13,-0.41000542872657997,8.499667899662088e-08,Q_upper|budget,logarithmic|2048
3.1622776601683792e+22,2048,logarithmic,8.613091437260566,561.7539753347893,0.999999,one_component_extrapolated,1.8662069470548133e-24,1.8662070597346995e-24,4.0142623051757027e-22,-6.719498848399362e-12,-1.0505426135579107e-13,-0.41000542872657997,3.0189546589996116e-08,Q_upper|budget,logarithmic|2048
3.8311868495572775e+22,2048,logarithmic,9.375479184869583,626.2203854293515,0.999999,one_component_extrapolated,1.4942439288393581e-24,1.4942441065745431e-24,3.6010130944921987e-22,-5.9976294275636236e-12,-9.141715128311966e-14,-0.41000542872657997,5.947327982550461e-08,Q_upper|budget,logarithmic|2048
4.641588833612792e+22,2048,logarithmic,10.206806202647916,697.899293158386,0.999999,one_component_extrapolated,1.1965080848247627e-24,1.196507976515796e-24,3.231165055009269e-22,-5.3522861432158865e-12,-7.957735618259126e-14,-0.41000542872657997,4.526044295217249e-08,Q_upper|budget,logarithmic|2048
5.623413251903491e+22,2048,logarithmic,11.113329218909934,777.5903685082774,0.9999989999999999,one_component_extrapolated,9.581634754630748e-25,9.581637047057267e-25,2.9000202411105487e-22,-4.7755281792734005e-12,-6.929291684607293e-14,-0.4100054287261379,1.1962605052791655e-07,Q_upper|budget,logarithmic|2048
6.812920690579594e+22,2048,logarithmic,12.101839380386963,866.1842212058526,0.9999989999999999,bridge_gap_extrapolated,7.673463450044208e-25,7.673464044295311e-25,2.603404394537795e-22,-4.260225863597926e-12,-6.03551769657252e-14,-0.4100054287261379,3.872117746183902e-08,Q_upper|budget,logarithmic|2048
8.254041852680206e+22,2048,logarithmic,13.179771831626681,964.6682965061605,0.9999989999999999,bridge_gap_extrapolated,6.145664377997633e-25,6.145664703744038e-25,2.3376199011970055e-22,-3.7999490417927685e-12,-5.2584472674145615e-14,-0.4100054287261379,2.6502130408766172e-08,Q_upper|budget,logarithmic|2048
1.0000000000000001e+23,2048,logarithmic,14.355215629222158,1074.140990686319,0.9999989999999999,bridge_gap_extrapolated,4.922321469518074e-25,4.92232062216572e-25,2.0993778540429522e-22,-3.3889268228059506e-12,-4.582564732978507e-14,-0.4100054287261379,8.60724389145642e-08,Q_upper|budget,logarithmic|2048
1.211527658628585e+23,2048,logarithmic,15.637014140630676,1195.8209820164086,0.999999,bridge_gap_extrapolated,3.9426920641413163e-25,3.942692247939565e-25,1.8857570170466399e-22,-3.0219686571351456e-12,-3.994478086330945e-14,-0.41000542872657997,2.3308724278843152e-08,Q_upper|budget,logarithmic|2048
1.4677992676220616e+23,2048,logarithmic,17.034773071300208,1331.0650811586509,0.999999,bridge_gap_extrapolated,3.158173803209425e-25,3.1581731924426036e-25,1.6941529305284716e-22,-2.6944259020714254e-12,-3.4825977816620106e-14,-0.41000542872657997,9.669621096033141e-08,Q_upper|budget,logarithmic|2048
1.7782794100389228e+23,2048,logarithmic,18.55901040915151,1481.3774319735503,0.999999,bridge_gap_extrapolated,2.5298672001436665e-25,2.5298668886043033e-25,1.5222506832474207e-22,-2.4021182134062176e-12,-3.0369101763287775e-14,-0.41000542872657997,6.157227982060435e-08,Q_upper|budget,logarithmic|2048
2.1544346900318777e+23,2048,logarithmic,20.221176762389348,1648.4305821445591,0.999999,bridge_gap_extrapolated,2.0266394867876813e-25,2.0266400001452575e-25,1.367984695500688e-22,-2.141302829290286e-12,-2.6487396969053887e-14,-0.41000542872657997,1.2665240031401416e-07,Q_upper|budget,logarithmic|2048
2.6101572156825224e+23,2048,logarithmic,22.033726492753683,1834.0854087067953,0.999999,bridge_gap_extrapolated,1.6235708008528438e-25,1.6235708132722368e-25,1.2295107944613416e-22,-1.9086298669570414e-12,-2.3105658293318545e-14,-0.41000542872657997,3.824715563230504e-09,Q_upper|budget,logarithmic|2048
3.162277660168379e+23,2048,logarithmic,24.010303528680012,2040.404244349813,0.999999,bridge_gap_extrapolated,1.3007099145810664e-25,1.3007099991529228e-25,1.1051867855174084e-22,-1.701091194511782e-12,-2.0158780712542656e-14,-0.41000542872657997,3.250988286178475e-08,Q_upper|budget,logarithmic|2048
3.8311868495572774e+23,2048,logarithmic,26.16573529337076,2269.6825748710366,0.999999,bridge_gap_extrapolated,1.0420849573124445e-25,1.0420848653970786e-25,9.935432526714345e-23,-1.5159999182406429e-12,-1.759022110243236e-14,-0.41000542872657997,4.410166817821151e-08,Q_upper|budget,logarithmic|2048
4.6415888336127536e+23,2048,logarithmic,28.516237825508693,2524.4666711205045,0.999999,bridge_gap_extrapolated,8.349068850706028e-26,8.349070363501749e-26,8.932689956917255e-23,-1.3509479339245114e-12,-1.5350946088377585e-14,-0.41000542872657997,9.05966647868051e-08,Q_upper|budget,logarithmic|2048
5.623413251903491e+23,2048,logarithmic,31.079430053916074,2807.5910776764918,0.9999989999999997,bridge_gap_extrapolated,6.689357547451094e-26,6.689357929786484e-26,8.031895477565059e-23,-1.2037857303334407e-12,-1.3398327245083759e-14,-0.41000542872569573,2.8577884810574193e-08,Q_upper|budget,logarithmic|2048
6.812920690579594e+23,2048,logarithmic,33.87457629148605,3122.2005022903395,0.999999,bridge_gap_extrapolated,5.359709402720632e-26,5.359708629798659e-26,7.222559237674952e-23,-1.0725880653048684e-12,-1.1695363508092108e-14,-0.41000542872657997,7.210484483690393e-08,Q_upper|budget,logarithmic|2048
8.254041852680139e+23,2048,logarithmic,36.92269017544223,3471.788057682263,0.999999,bridge_gap_extrapolated,4.2944507031062634e-26,4.294450373171718e-26,6.49529225431602e-23,-9.55634355158243e-13,-1.0209889695306182e-14,-0.41000542872657997,3.841405820791343e-08,Q_upper|budget,logarithmic|2048
1e+24,2048,logarithmic,40.246651300504055,3860.2378614072986,0.999999,bridge_gap_extrapolated,3.44098549074682e-26,3.4409853804225823e-26,5.84168097648508e-23,-8.513886083610849e-13,-8.913920602727126e-15,-0.41000542872657997,1.603090749106387e-08,Q_upper|budget,logarithmic|2048
1e+19,4096,logarithmic,0.33731314758696695,2.95275835646126,0.9999989999999999,one_component_extrapolated,2.5638413816436532e-20,2.563841383992408e-20,7.637021170500244e-20,-5.162409939520282e-10,-8.682868946529879e-11,-0.4100054287261379,4.580538091493528e-10,Q_upper|budget,logarithmic|4096
1.211527658628585e+19,4096,logarithmic,0.35942174497011603,3.424884036218256,0.999999,one_component_extrapolated,2.0301521558223996e-20,2.0301523999136018e-20,6.584245726634994e-20,-4.74141411107012e-10,-7.181515513273827e-11,-0.41000542872657997,6.011647629722207e-08,Q_upper|budget,logarithmic|4096
1.4677992676220735e+19,4096,logarithmic,0.38326387180217586,3.9670132172238257,0.999999,one_component_extrapolated,1.6081780482935672e-20,1.6081779670315472e-20,5.684447428050536e-20,-4.3504201838568634e-10,-5.950276222842436e-11,-0.41000542872657997,2.5265244154979365e-08,Q_upper|budget,logarithmic|4096
1.7782794100389229e+19,4096,logarithmic,0.40899415317379234,4.58855046092052,0.9999989999999999,one_component_extrapolated,1.2744100135113905e-20,1.2744099572101641e-20,4.9144666211521363e-20,-3.987659939069011e-10,-4.938938791578158e-11,-0.4100054287261379,2.208913422720079e-08,Q_upper|budget,logarithmic|4096
2.1544346900318777e+19,4096,logarithmic,0.4367814744373378,5.300016745381532,0.999999,one_component_extrapolated,1.0103107778908008e-20,1.0103107353821312e-20,4.2547560060712866e-20,-3.651452502743719e-10,-4.106870979069313e-11,-0.41000542872657997,2.1037423014964062e-08,Q_upper|budget,logarithmic|4096
2.610157215682544e+19,4096,logarithmic,0.4668106647257118,6.113162151726839,0.999999,one_component_extrapolated,8.012580372819951e-21,8.012579662589122e-21,3.688807448583788e-20,-3.3401943919398496e-10,-3.4211578399945455e-11,-0.41000542872657997,4.431973405597883e-08,Q_upper|budget,logarithmic|4096
3.162277660168379e+19,4096,logarithmic,0.4992840701015297,7.041090531828162,0.999999,one_component_extrapolated,6.357139912017828e-21,6.3571401089999935e-21,3.2026683903232624e-20,-3.0523555897407145e-10,-2.8551034897759608e-11,-0.41000542872657997,1.5492986302556004e-08,Q_upper|budget,logarithmic|4096
3.831186849557277e+19,4096,logarithmic,0.5344227480478265,8.0984019567542,0.999999,one_component_extrapolated,5.04572036606282e-21,5.045720881589986e-21,2.784534306905224e-20,-2.7864800307951866e-10,-2.3870264271041335e-11,-0.41000542872657997,5.108558367662403e-08,Q_upper|budget,logarithmic|4096
4.641588833612792e+19,4096,logarithmic,0.572468441357436,9.301343498339556,0.999999,one_component_extrapolated,4.006418015886551e-21,4.0064178319405694e-21,2.424410848144256e-20,-2.5411796646028147e-10,-1.999296582783147e-11,-0.41000542872657997,2.295641452678519e-08,Q_upper|budget,logarithmic|4096
5.6234132519034905e+19,4096,logarithmic,0.6136858584552645,10.667972409261116,0.9999989999999999,joint_observed,3.1824387129346703e-21,3.1824385489097425e-21,2.1138298089419242e-20,-2.315129882424784e-10,-1.6775603106895436e-11,-0.4100054287261379,2.5770320624157705e-08,Q_upper|budget,logarithmic|4096
6.8129206905795944e+19,4096,logarithmic,0.6583640850689674,12.218349998671282,0.999999,joint_observed,2.528909366143731e-21,2.5289094849992994e-21,1.845607474179636e-20,-2.107071410183508e-10,-1.4101134569584562e-11,-0.41000542872657997,2.3499372341903298e-08,Q_upper|budget,logarithmic|4096
8.254041852680207e+19,4096,logarithmic,0.7068188538572405,13.974749103821685,0.9999989999999999,joint_observed,2.0103619554423987e-21,2.010361935515501e-21,1.6136445750928942e-20,-1.9158067739475132e-10,-1.1873996042077254e-11,-0.4100054287261379,4.956047411628185e-09,Q_upper|budget,logarithmic|4096
1e+20,4096,logarithmic,0.7593955370051007,15.961875162131063,0.9999989999999999,joint_observed,1.5987509304597973e-21,1.598750844447947e-21,1.4127587047645764e-20,-1.7401959282304606e-10,-1.0016059067050733e-11,-0.4100054287261379,2.6899703718452238e-08,Q_upper|budget,logarithmic|4096
1.211527658628585e+20,4096,logarithmic,0.8164712709556403,18.20712899589429,0.999999,joint_observed,1.271892321929185e-21,1.2718921966018293e-21,1.2385411277514183e-20,-1.5791567565034046e-10,-8.463347380712592e-12,-0.41000542872657997,4.9268070825888044e-08,Q_upper|budget,logarithmic|4096
1.4677992676220735e+20,4096,logarithmic,0.8784584386254762,20.740879958668305,0.9999989999999999,joint_observed,1.0122313039465824e-21,1.0122315444127526e-21,1.0872382524079763e-20,-1.4316615787076283e-10,-7.163402529274331e-12,-0.4100054287261379,1.1878023368924007e-07,Q_upper|budget,logarithmic|4096
1.778279410038923e+20,4096,logarithmic,0.9458056793886653,23.59682493081007,0.9999989999999999,joint_observed,8.058718523264292e-22,8.058718246648313e-22,9.556488275769058e-21,-1.2967402323560521e-10,-6.0731275378529074e-12,-0.4100054287261379,1.716252914751155e-08,Q_upper|budget,logarithmic|4096
2.1544346900318778e+20,4096,logarithmic,1.0190050804284816,26.812266991151045,0.9999989999999999,joint_observed,6.41807875040407e-22,6.418078281670465e-22,8.410433212196678e-21,-1.173470037204956e-10,-5.1570911545579195e-12,-0.4100054287261379,3.6516661768751085e-08,Q_upper|budget,logarithmic|4096
2.610157215682544e+20,4096,logarithmic,1.0985925171257194,30.42857613823955,0.999999,joint_observed,5.113201718236984e-22,5.113201486417474e-22,7.410888362716243e-21,-1.0609819239937855e-10,-4.386094076297922e-12,-0.41000542872657997,2.2668723816137054e-08,Q_upper|budget,logarithmic|4096
3.1622776601683794e+20,4096,logarithmic,1.1851530113567297,34.49160383532597,0.9999989999999999,joint_observed,4.0749783275658575e-22,4.0749784318765305e-22,6.537903597446045e-21,-9.584558678929461e-11,-3.736043508534443e-12,-0.4100054287261379,1.2798923552283861e-08,Q_upper|budget,logarithmic|4096
3.8311868495572776e+20,4096,logarithmic,1.27932498009723,39.05217692783447,0.9999989999999999,joint_observed,3.2486099591281165e-22,3.2486104226321354e-22,5.774397192079045e-21,-8.651197916602482e-11,-3.187026821455382e-12,-0.4100054287261379,7.133881755107566e-08,Q_upper|budget,logarithmic|4096
4.641588833612792e+20,4096,logarithmic,1.3818039192225087,44.16667679922172,0.9999989999999999,joint_observed,2.5906280070517614e-22,2.5906274382683996e-22,5.105722167456237e-21,-7.802489763363496e-11,-2.7225565201974646e-12,-0.4100054287261379,1.0977713188161097e-07,Q_upper|budget,logarithmic|4096
5.6234132519034906e+20,4096,logarithmic,1.4933517172256345,49.897534491897396,0.9999989999999999,joint_observed,2.066533564236441e-22,2.0665335625702407e-22,4.519317098388493e-21,-7.03161329293193e-11,-2.328967220444107e-12,-0.4100054287261379,4.031389243563386e-10,Q_upper|budget,logarithmic|4096
6.812920690579594e+20,4096,logarithmic,1.6147954819055335,56.314105538840266,0.999999,joint_observed,1.6489401490339533e-22,1.6489400395466206e-22,4.004374723511744e-21,-6.332212940634521e-11,-1.9948994315827433e-12,-0.41000542872657997,3.319930581987388e-08,Q_upper|budget,logarithmic|4096
8.254041852680207e+20,4096,logarithmic,1.7470404460555733,63.49323404632915,0.999999,joint_observed,1.3160941341645898e-22,1.3160943018492045e-22,3.551603319376705e-21,-5.698333066345301e-11,-1.7109063056405017e-12,-0.41000542872657997,6.370539906864771e-08,Q_upper|budget,logarithmic|4096
1e+21,4096,logarithmic,1.8910707795368678,71.52028137788167,0.9999989999999999,joint_observed,1.0507116036559887e-22,1.0507114912570696e-22,3.1529906825338685e-21,-5.124437149144521e-11,-1.469109839914601e-12,-0.4100054287261379,5.3487048562189455e-08,Q_upper|budget,logarithmic|4096
1.211527658628585e+21,4096,logarithmic,2.0479637701238875,80.48984089775466,0.999999,joint_observed,8.390523810494825e-23,8.390523978406542e-23,2.8016303459135706e-21,-4.605359857567611e-11,-1.2629360124017155e-12,-0.41000542872657997,1.000603299686578e-08,Q_upper|budget,logarithmic|4096
1.4677992676220737e+21,4096,logarithmic,2.218890430554127,90.50703560719836,0.999999,joint_observed,6.701907203144763e-23,6.701907073363093e-23,2.4915497373661582e-21,-4.1363204655982306e-11,-1.0868828293798595e-12,-0.41000542872657997,9.68244329094767e-09,Q_upper|budget,logarithmic|4096
1.7782794100389228e+21,4096,logarithmic,2.4051296544863914,101.68849529110841,0.9999989999999997,joint_observed,5.3543433529842e-23,5.354342884065539e-23,2.217584006439085e-21,-3.712884730372667e-11,-9.363416852382836e-13,-0.41000542872569573,4.378862645107119e-08,Q_upper|budget,logarithmic|4096
2.154434690031878e+21,4096,logarithmic,2.6080764157812983,114.16369054343981,0.999999,joint_observed,4.27865456446478e-23,4.278654716626891e-23,1.9752583305906684e-21,-3.330954136667152e-11,-8.074443025001865e-13,-0.41000542872657997,1.7781537037200408e-08,Q_upper|budget,logarithmic|4096
2.610157215682544e+21,4096,logarithmic,2.829249095028145,128.07649836673576,0.9999989999999999,joint_observed,3.419766366197004e-23,3.419765991294516e-23,1.760688211126401e-21,-2.986753010288135e-11,-6.969371424071864e-13,-0.4100054287261379,5.4814052841586565e-08,Q_upper|budget,logarithmic|4096
3.1622776601683794e+21,4096,logarithmic,3.0703073707988287,143.5865297691424,0.999999,joint_observed,2.7338124495950336e-23,2.733812436086862e-23,1.5705009457326306e-21,-2.6767995121431986e-11,-6.020811288933217e-13,-0.41000542872657997,2.4705740529036547e-09,Q_upper|budget,logarithmic|4096
3.8311868495572773e+21,4096,logarithmic,3.333057024820712,160.87122231855517,0.999999,joint_observed,2.185844679660682e-23,2.185844645919394e-23,1.4017596034072946e-21,-2.3979001153295456e-11,-5.205641594516342e-13,-0.41000542872657997,7.718134948041965e-09,Q_upper|budget,logarithmic|4096
4.641588833612792e+21,4096,logarithmic,3.619468470426969,180.1276021656605,0.9999989999999999,joint_observed,1.7480082543252863e-23,1.7480079732213427e-23,1.2519057495101174e-21,-2.1471242399183057e-11,-4.504325928964748e-13,-0.4100054287261379,8.040693339481498e-08,Q_upper|budget,logarithmic|4096
5.623413251903491e+21,4096,logarithmic,3.9316924505950253,201.57441644287286,0.9999989999999995,joint_observed,1.398094813244078e-23,1.398094701478477e-23,1.1187073477642461e-21,-1.9217879403634205e-11,-3.9003284297927106e-13,-0.4100054287248116,3.997068183554503e-08,Q_upper|budget,logarithmic|4096
6.812920690579594e+21,4096,logarithmic,4.272067236637481,225.45499979983754,0.9999989999999999,joint_observed,1.1183933208354983e-23,1.1183927258423192e-23,1.0002119314136583e-21,-1.7194433177164892e-11,-3.3796194135634945e-13,-0.4100054287261379,2.6600361712063027e-07,Q_upper|budget,logarithmic|4096
8.254041852680206e+21,4096,logarithmic,4.643156351909074,252.03897070670862,0.999999,joint_observed,8.947728105520186e-24,8.947726658585958e-24,8.947139411203061e-22,-1.5378497419467884e-11,-2.930297252017189e-13,-0.41000542872657997,8.08548454016786e-08,Q_upper|budget,logarithmic|4096
1e+22,4096,logarithmic,5.047737626195052,281.6267513433128,0.9999989999999999,joint_observed,7.159580518450456e-24,7.159579433910398e-24,8.007150589248027e-22,-1.3749753460792028e-11,-2.542222782374329e-13,-0.4100054287261379,7.574048070802549e-08,Q_upper|budget,logarithmic|4096
1.2115276586285852e+22,4096,logarithmic,5.488852979048632,314.55142433680675,0.999999,one_component_extrapolated,5.729477432199393e-24,5.729478055054637e-24,7.169027489617944e-22,-1.2289666485137059e-11,-2.2067683043684648e-13,-0.41000542872657997,5.435532445966528e-08,Q_upper|budget,logarithmic|4096
1.4677992676220736e+22,4096,logarithmic,5.969809059961194,351.18360472800657,0.9999989999999999,one_component_extrapolated,4.585552204927529e-24,4.585552143613893e-24,6.421221770057131e-22,-1.098144023882288e-11,-1.91656728486862e-13,-0.4100054287261379,6.685523698474998e-09,Q_upper|budget,logarithmic|4096
1.7782794100389228e+22,4096,logarithmic,6.494221231743162,391.93450403671386,0.9999989999999997,one_component_extrapolated,3.670404569453712e-24,3.6704044200499884e-24,5.7535832766409e-22,-9.80981604022714e-12,-1.6653304415574856e-13,-0.41000542872569573,2.0352487677395474e-08,Q_upper|budget,logarithmic|4096
2.154434690031878e+22,4096,logarithmic,7.066023056155562,437.26148935399624,0.999999,one_component_extrapolated,2.9381826010446267e-24,2.9381814558343888e-24,5.157160790218667e-22,-8.760995159584484e-12,-1.447673808047903e-13,-0.41000542872657997,1.948841540761253e-07,Q_upper|budget,logarithmic|4096
2.610157215682544e+22,4096,logarithmic,7.689517907944496,487.67185399331856,0.999999,one_component_extrapolated,2.3522470774836465e-24,2.3522465809536723e-24,4.624067986502953e-22,-7.822472708734217e-12,-1.2589886695460057e-13,-0.41000542872657997,1.0554376530989668e-07,Q_upper|budget,logarithmic|4096
3.1622776601683792e+22,4096,logarithmic,8.36937749211029,543.7304924943397,0.999999,one_component_extrapolated,1.883318542286056e-24,1.8833177185355563e-24,4.1473263668259717e-22,-6.982981626137852e-12,-1.0953171894045038e-13,-0.41000542872657997,2.1869658829284328e-07,Q_upper|budget,logarithmic|4096
3.8311868495572775e+22,4096,logarithmic,9.110716773531117,606.0637234634498,0.999999,one_component_extrapolated,1.507990006019148e-24,1.5079894915989497e-24,3.7207767445349195e-22,-6.232326268686196e-12,-9.532643657450124e-14,-0.41000542872657997,1.7056488578352313e-07,Q_upper|budget,logarithmic|4096
4.641588833612792e+22,4096,logarithmic,9.919106066995305,675.3678432241813,0.999999,one_component_extrapolated,1.2075481437985541e-24,1.2075483466627943e-24,3.3389623604280984e-22,-5.561324813533792e-12,-8.299096526656972e-14,-0.41000542872657997,8.399839971867442e-08,Q_upper|budget,logarithmic|4096
5.623413251903491e+22,4096,logarithmic,10.800600952816726,752.4177216309822,0.9999989999999999,one_component_extrapolated,9.670293722817054e-25,9.670294355814675e-25,2.9970423916630933e-22,-4.961718364599805e-12,-7.22737647811093e-14,-0.4100054287261379,3.272897486299696e-08,Q_upper|budget,logarithmic|4096
6.812920690579594e+22,4096,logarithmic,11.761831522145274,838.0724684449691,0.999999,one_component_extrapolated,7.744649176420694e-25,7.744649196299962e-25,2.6907312826457796e-22,-4.426054440040613e-12,-6.295837500622691e-14,-0.41000542872657997,1.2834195289617726e-09,Q_upper|budget,logarithmic|4096
8.254041852680206e+22,4096,logarithmic,12.810016751331707,933.2873047498259,0.999999,bridge_gap_extrapolated,6.202812838411253e-25,6.20281249647411e-25,2.416220381968575e-22,-3.947639295996941e-12,-5.4857998913795527e-14,-0.41000542872657997,2.7563071957560913e-08,Q_upper|budget,logarithmic|4096
1.0000000000000001e+23,4096,logarithmic,13.953032409891502,1039.1232323427807,0.999999,bridge_gap_extrapolated,4.968193665376692e-25,4.968193820797057e-25,2.1701254844287504e-22,-3.520456638804491e-12,-4.7811401633239355e-14,-0.41000542872657997,1.5641536341682824e-08,Q_upper|budget,logarithmic|4096
1.211527658628585e+23,4096,logarithmic,15.199454269386141,1156.7599717644964,0.999999,bridge_gap_extrapolated,3.9795100365649124e-25,3.979509429258918e-25,1.9494345093297758e-22,-3.1391081927243476e-12,-4.167922351225682e-14,-0.41000542872657997,7.630412227244927e-08,Q_upper|budget,logarithmic|4096
1.4677992676220616e+23,4096,logarithmic,16.55866301930504,1287.506027479099,0.9999989999999999,bridge_gap_extrapolated,3.1877195854687556e-25,3.1877201466005247e-25,1.751469709529746e-22,-2.7987416422448465e-12,-3.6341059355858415e-14,-0.4100054287261379,8.801459863735359e-08,Q_upper|budget,logarithmic|4096
1.7782794100389228e+23,4096,logarithmic,18.04084480375524,1432.8184678631371,0.999999,bridge_gap_extrapolated,2.553575692438839e-25,2.553575964545573e-25,1.57384055171492e-22,-2.49501599561421e-12,-3.1692581171807094e-14,-0.41000542872657997,5.327954856415094e-08,Q_upper|budget,logarithmic|4096
2.1544346900318777e+23,4096,logarithmic,19.65714687027171,1594.3130667422547,0.9999989999999999,bridge_gap_extrapolated,2.0456622608083398e-25,2.0456626672300935e-25,1.4144196989957775e-22,-2.2240316673920947e-12,-2.7643545714576712e-14,-0.4100054287261379,9.9337442298079e-08,Q_upper|budget,logarithmic|4096
2.6101572156825224e+23,4096,logarithmic,21.419700318767386,1773.7869136922768,0.999999,bridge_gap_extrapolated,1.6388321268855599e-25,1.638832382152571e-25,1.2713070496585348e-22,-1.982299829519883e-12,-2.411569357373107e-14,-0.41000542872657997,7.78807625450885e-08,Q_upper|budget,logarithmic|4096
3.162277660168379e+23,4096,logarithmic,23.341745978786477,1973.2356247714056,0.999999,bridge_gap_extrapolated,1.312952793340425e-25,1.3129528885245638e-25,1.142807163858237e-22,-1.7666946225473578e-12,-2.1041185026830042e-14,-0.41000542872657997,3.6248117939327823e-08,Q_upper|budget,logarithmic|4096
3.8311868495572774e+23,4096,logarithmic,25.43771846358198,2194.8766928147165,0.9999989999999997,bridge_gap_extrapolated,1.0519055604524728e-25,1.0519054706101898e-25,1.0274052366341946e-22,-1.5744189401774918e-12,-1.836115176388781e-14,-0.41000542872569573,4.270454028942101e-08,Q_upper|budget,logarithmic|4096
4.6415888336127536e+23,4096,logarithmic,27.723370458270512,2441.1727220956614,0.999999,bridge_gap_extrapolated,8.427840267098943e-26,8.427839621926218e-26,9.237477494149549e-23,-1.4029695083461663e-12,-1.6024497540276438e-14,-0.41000542872657997,3.8276280188427166e-08,Q_upper|budget,logarithmic|4096
5.623413251903491e+23,4096,logarithmic,30.215865941502535,2714.8608727178625,0.999999,bridge_gap_extrapolated,6.752534614998833e-26,6.752534533618779e-26,8.306237091669178e-23,-1.250108838086908e-12,-1.3986828040389974e-14,-0.41000542872657997,6.025889528693771e-09,Q_upper|budget,logarithmic|4096
6.812920690579594e+23,4096,logarithmic,32.9339352854873,3018.9809411671317,0.999999,bridge_gap_extrapolated,5.410375419367279e-26,5.410376877962712e-26,7.469499980007351e-23,-1.113835872235689e-12,-1.2209573128823861e-14,-0.41000542872657997,1.3479612070505876e-07,Q_upper|budget,logarithmic|4096
8.254041852680139e+23,4096,logarithmic,35.8979249767822,3356.9174164017345,0.999999,bridge_gap_extrapolated,4.3350841278656196e-26,4.3350820409901094e-26,6.717555209881217e-23,-9.923654036339164e-13,-1.0659168565275255e-14,-0.41000542872657997,2.4069613778420385e-07,Q_upper|budget,logarithmic|4096
1e+24,4096,logarithmic,39.13021799523846,3732.412305061582,0.999999,bridge_gap_extrapolated,3.473569048721075e-26,3.4735686950143097e-26,6.041743579376181e-23,-8.840950865121825e-13,-9.306497811894332e-15,-0.41000542872657997,5.091402799780461e-08,Q_upper|budget,logarithmic|4096
1e+19,8192,logarithmic,0.3151612339641625,2.862224852645554,0.999999,one_component_extrapolated,2.5862844632897614e-20,2.586284337018553e-20,7.87858370345965e-20,-5.65434673303832e-10,-9.035922997552239e-11,-0.41000542872657997,2.441170210110914e-08,Q_upper|budget,logarithmic|8192
1.211527658628585e+19,8192,logarithmic,0.3359968989938087,3.316585368471681,0.999999,one_component_extrapolated,2.04849161550309e-20,2.0484919120063283e-20,6.799245481228749e-20,-5.189526912461545e-10,-7.483011393179556e-11,-0.41000542872657997,7.237110830886424e-08,Q_upper|budget,logarithmic|8192
1.4677992676220735e+19,8192,logarithmic,0.35847785559126766,3.8377295617142604,0.999999,one_component_extrapolated,1.6231602436825578e-20,1.6231600776299987e-20,5.875942459483145e-20,-4.758150358634931e-10,-6.208027780140095e-11,-0.41000542872657997,5.115100874809621e-08,Q_upper|budget,logarithmic|8192
1.7782794100389229e+19,8192,logarithmic,0.3827515022142692,4.4345377757235385,0.999999,one_component_extrapolated,1.2866456229961801e-20,1.2866456378456223e-20,5.085147363754538e-20,-4.3582255564484096e-10,-5.159535359745479e-11,-0.41000542872657997,5.770603003899876e-09,Q_upper|budget,logarithmic|8192
2.1544346900318777e+19,8192,logarithmic,0.40897856021505813,5.116936050187736,0.999999,one_component_extrapolated,1.0203000684547095e-20,1.0203001201275258e-20,4.406988451392336e-20,-3.9878636649133113e-10,-4.2958714970959725e-11,-0.41000542872657997,2.5322361800100542e-08,Q_upper|budget,logarithmic|8192
2.610157215682544e+19,8192,logarithmic,0.43733502312667366,5.895998340932212,0.999999,one_component_extrapolated,8.09410537239395e-21,8.09410517996017e-21,3.824675106018611e-20,-3.645260787798592e-10,-3.583258647360158e-11,-0.41000542872657997,1.1887279300901449e-08,Q_upper|budget,logarithmic|8192
3.162277660168379e+19,8192,logarithmic,0.4680135465986099,6.784063387629972,0.9999989999999999,one_component_extrapolated,6.423649220614866e-21,6.423649317515225e-21,3.3240075735118e-20,-3.3286958277350247e-10,-2.9942766706121194e-11,-0.4100054287261379,7.542469626912961e-09,Q_upper|budget,logarithmic|8192
3.831186849557277e+19,8192,logarithmic,0.5012245408613012,7.794868421145024,0.999999,one_component_extrapolated,5.099957925274806e-21,5.099957441057898e-21,2.8929645583905763e-20,-3.0365314189245215e-10,-2.5066349841749654e-11,-0.41000542872657997,4.747263977193678e-08,Q_upper|budget,logarithmic|8192
4.641588833612792e+19,8192,logarithmic,0.5371985229851691,8.94368394359519,0.9999989999999999,one_component_extrapolated,4.050627582753211e-21,4.0506279202936144e-21,2.521363480852317e-20,-2.7672038709982483e-10,-2.102192948960277e-11,-0.4100054287261379,4.166519662815306e-08,Q_upper|budget,logarithmic|8192
5.6234132519034905e+19,8192,logarithmic,0.5761868053003655,10.24748494110803,0.999999,joint_observed,3.2184591009149878e-21,3.2184590265121936e-21,2.20056708639107e-20,-2.5192291956244366e-10,-1.7661626481434105e-11,-0.41000542872657997,1.1558760375014365e-08,Q_upper|budget,logarithmic|8192
6.8129206905795944e+19,8192,logarithmic,0.6184647182629027,11.725109764897258,0.999999,joint_observed,2.5582437090279354e-21,2.5582435320100455e-21,1.9232466502959056e-20,-2.2911906546267774e-10,-1.4864773669711894e-11,-0.41000542872657997,3.4597543500700035e-08,Q_upper|budget,logarithmic|8192
8.254041852680207e+19,8192,logarithmic,0.6643329517120723,13.39746365438216,0.999999,joint_observed,2.034239170568873e-21,2.0342392084521308e-21,1.6831751637045507e-20,-2.0817424465684656e-10,-1.2532742016012035e-11,-0.41000542872657997,9.311406966359526e-09,Q_upper|budget,logarithmic|8192
1e+20,8192,logarithmic,0.7141197267953926,15.287737788320833,0.999999,joint_observed,1.6181765163165109e-21,1.618176517883128e-21,1.4750565709543957e-20,-1.8896071202048012e-10,-1.058480031701842e-11,-0.41000542872657997,4.84068711878231e-10,Q_upper|budget,logarithmic|8192
1.211527658628585e+20,8192,logarithmic,0.7681838055836939,17.421641719478693,0.999999,joint_observed,1.2876880531553907e-21,1.287687969367095e-21,1.294383069218877e-20,-1.7135711507728688e-10,-8.954779438652097e-12,-0.41000542872657997,3.2534393063343766e-08,Q_upper|budget,logarithmic|8192
1.4677992676220735e+20,8192,logarithmic,0.8269170563444735,19.82767302677163,0.9999989999999999,joint_observed,1.0250688350127455e-21,1.0250687742978467e-21,1.1373133927122164e-20,-1.5524841526842262e-10,-7.588359935858879e-12,-0.4100054287261379,2.961503594451337e-08,Q_upper|budget,logarithmic|8192
1.778279410038923e+20,8192,logarithmic,0.8907471548168511,22.5374212084297,0.9999989999999999,joint_observed,8.162992010339104e-22,8.162991766638665e-22,1.0005704677175593e-20,-1.4052577534687558e-10,-6.440878949141406e-12,-0.4100054287261379,1.492715191803539e-08,Q_upper|budget,logarithmic|8192
2.1544346900318778e+20,8192,logarithmic,0.960140858342361,25.585901013524886,0.9999989999999996,joint_observed,6.502730575537311e-22,6.502729992290173e-22,8.813556367507744e-21,-1.2708634019368427e-10,-5.475557443880927e-12,-0.4100054287252537,4.484632708634635e-08,Q_upper|budget,logarithmic|8192
2.610157215682544e+20,8192,logarithmic,1.0356080778812047,29.011911384520772,0.999999,joint_observed,5.181886096805551e-22,5.181886112882156e-22,7.772765393086822e-21,-1.1483297124009575e-10,-4.6620635397366625e-12,-0.41000542872657997,1.5512311391981881e-09,Q_upper|budget,logarithmic|8192
3.1622776601683794e+20,8192,logarithmic,1.1177046694245718,32.85847411016236,0.9999989999999999,joint_observed,4.1306766225766127e-22,4.130676904293255e-22,6.862850053250607e-21,-1.0367426994039764e-10,-3.975335936789639e-12,-0.4100054287261379,3.410054321977686e-08,Q_upper|budget,logarithmic|8192
3.8311868495572776e+20,8192,logarithmic,1.2070370329532627,37.173288900306055,0.9999989999999997,joint_observed,3.2937531960328735e-22,3.293752913532608e-22,6.066258527761358e-21,-9.352429394728183e-11,-3.3946371766726304e-12,-0.41000542872569573,4.288425109422613e-08,Q_upper|budget,logarithmic|8192
4.641588833612792e+20,8192,logarithmic,1.304267711408006,42.009219791045986,0.999999,joint_observed,2.6271953972183564e-22,2.627195190214706e-22,5.367935465561044e-21,-8.430229303246837e-11,-2.902781798680529e-12,-0.41000542872657997,3.9396319530269316e-08,Q_upper|budget,logarithmic|8192
5.6234132519034906e+20,8192,logarithmic,1.4101188667324798,47.42490840057608,0.999999,joint_observed,2.0961388610036099e-22,2.0961390908593337e-22,4.754943939842495e-21,-7.593271834622336e-11,-2.485499021275522e-12,-0.41000542872657997,5.482835978038379e-08,Q_upper|budget,logarithmic|8192
6.812920690579594e+20,8192,logarithmic,1.525376907281316,53.4854433682892,0.999999,joint_observed,1.6728962750454564e-22,1.6728961483126709e-22,4.216152407004299e-21,-6.834504152485701e-11,-2.130917884245794e-12,-0.41000542872657997,3.78782571565464e-08,Q_upper|budget,logarithmic|8192
8.254041852680207e+20,8192,logarithmic,1.6509025987377384,60.26294180430921,0.9999989999999999,joint_observed,1.335468811133629e-22,1.335469084486312e-22,3.741980959524556e-21,-6.147329265988784e-11,-1.829153603570398e-12,-0.4100054287261379,1.0234333163844007e-07,Q_upper|budget,logarithmic|8192
1e+21,8192,logarithmic,1.7876304454607668,67.83756826661046,0.9999989999999997,joint_observed,1.066373110367523e-22,1.0663731166509244e-22,3.324157786879432e-21,-5.5256306800199653e-11,-1.5719506814571235e-12,-0.41000542872569573,2.9461552326753347e-09,Q_upper|budget,logarithmic|8192
1.211527658628585e+21,8192,logarithmic,1.9365838349757731,76.29815101822994,0.999999,joint_observed,8.517061580643253e-23,8.517062371532722e-23,2.9555471238487177e-21,-4.963707689754593e-11,-1.3524124104804612e-12,-0.41000542872657997,4.642971203853006e-08,Q_upper|budget,logarithmic|8192
1.4677992676220737e+21,8192,logarithmic,2.0988749479542035,85.74342884900173,0.999999,joint_observed,6.804095837979428e-23,6.804094837121059e-23,2.629971577110892e-21,-4.45629226586123e-11,-1.1647592769289744e-12,-0.41000542872657997,7.354823239920211e-08,Q_upper|budget,logarithmic|8192
1.7782794100389228e+21,8192,logarithmic,2.275720535619067,96.2828755347349,0.999999,joint_observed,5.436828964333592e-23,5.436828871399374e-23,2.3420860619763327e-21,-3.998500184638654e-11,-1.004145418821312e-12,-0.41000542872657997,8.546730123083448e-09,Q_upper|budget,logarithmic|8192
2.154434690031878e+21,8192,logarithmic,2.4684432898421447,108.03820398096259,0.999999,joint_observed,4.3452076109719443e-23,4.345207316185626e-23,2.087250365959809e-21,-3.585834858791628e-11,-8.664958350307462e-13,-0.41000542872657997,3.392085666484916e-08,Q_upper|budget,logarithmic|8192
2.610157215682544e+21,8192,logarithmic,2.6784887631108965,121.14444542838942,0.999999,joint_observed,3.473440532775448e-23,3.4734408445183784e-23,1.861437228916973e-21,-3.214147265983489e-11,-7.483815416799541e-13,-0.41000542872657997,4.487523450828244e-08,Q_upper|budget,logarithmic|8192
3.1622776601683794e+21,8192,logarithmic,2.907430548246101,135.7516755280828,0.999999,joint_observed,2.777082950386381e-23,2.777083417523846e-23,1.6611417864249868e-21,-2.879628400007278e-11,-6.469097944830162e-13,-0.41000542872657997,8.410577473658074e-08,Q_upper|budget,logarithmic|8192
3.8311868495572773e+21,8192,logarithmic,3.156982043674245,152.02670150344736,0.999999,joint_observed,2.2207154484388654e-23,2.2207142331748867e-23,1.4833103564493973e-21,-2.5787852879025036e-11,-5.596366350533082e-13,-0.41000542872657997,2.736199976344768e-07,Q_upper|budget,logarithmic|8192
4.641588833612792e+21,8192,logarithmic,3.429025026927983,170.1541845179804,0.999999,joint_observed,1.7760980827747776e-23,1.7760980273649535e-23,1.3252849551465216e-21,-2.3084048428310318e-11,-4.844968576337145e-13,-0.41000542872657997,1.5598751501687457e-08,Q_upper|budget,logarithmic|8192
5.623413251903491e+21,8192,logarithmic,3.725592024762338,190.34015077059183,0.999999,joint_observed,1.4207150985915636e-23,1.4207149654354103e-23,1.1847357474708145e-21,-2.0655694525576162e-11,-4.197363158252507e-13,-0.41000542872657997,4.686237220534371e-08,Q_upper|budget,logarithmic|8192
6.812920690579594e+21,8192,logarithmic,4.048909469984765,212.813005935401,0.9999989999999992,joint_observed,1.1366029315308139e-23,1.1366023685935667e-23,1.0596287562596309e-21,-1.8476058779851657e-11,-3.638678829762611e-13,-0.41000542872348533,2.476403020677433e-07,Q_upper|budget,logarithmic|8192
8.254041852680206e+21,8192,logarithmic,4.401409990094173,237.826229346428,0.999999,joint_observed,9.094273276321909e-24,9.09427037043402e-24,9.4818297130897e-22,-1.652076478497057e-11,-3.156274581800216e-13,-0.41000542872657997,1.5976473684759537e-07,Q_upper|budget,logarithmic|8192
1e+22,8192,logarithmic,4.785737092343266,265.6618820978826,0.999999,joint_observed,7.277479003261859e-24,7.277478447915409e-24,8.488337845691336e-22,-1.4767691236628278e-11,-2.7393762290798034e-13,-0.41000542872657997,3.815514084659961e-08,Q_upper|budget,logarithmic|8192
1.2115276586285852e+22,8192,logarithmic,5.20477491378397,296.6332554772784,0.999999,joint_observed,5.82430415275343e-24,5.824304404525304e-24,7.602073490852335e-22,-1.3196728493466309e-11,-2.378797976309571e-13,-0.41000542872657997,2.1613901232720164e-08,Q_upper|budget,logarithmic|8192
1.4677992676220736e+22,8192,logarithmic,5.661669443739529,331.0883623618068,0.999999,one_component_extrapolated,4.6618017257807006e-24,4.6618018107111636e-24,6.810954610071122e-22,-1.178962825541904e-11,-2.0666958013110885e-13,-0.41000542872657997,9.109188603522375e-09,Q_upper|budget,logarithmic|8192
1.7782794100389228e+22,8192,logarithmic,6.159851952312769,369.4138037271255,0.999999,one_component_extrapolated,3.731701760076947e-24,3.731701466034173e-24,6.104340945620876e-22,-1.0529856294131886e-11,-1.7963616449921412e-13,-0.41000542872657997,3.9397948196075656e-08,Q_upper|budget,logarithmic|8192
2.154434690031878e+22,8192,logarithmic,6.7030664340935955,412.0389521276991,0.9999989999999999,one_component_extrapolated,2.9874474743258966e-24,2.987447599000496e-24,5.472851040713589e-22,-9.402448201630495e-12,-1.5620515266101315e-13,-0.4100054287261379,2.0866408160385676e-08,Q_upper|budget,logarithmic|8192
2.610157215682544e+22,8192,logarithmic,7.295393697560705,459.4409461083566,0.999999,one_component_extrapolated,2.3918334459413703e-24,2.391834510892746e-24,4.908199469529236e-22,-8.393885281059884e-12,-1.35883929375612e-13,-0.41000542872657997,2.2262234444880882e-07,Q_upper|budget,logarithmic|8192
3.1622776601683792e+22,8192,logarithmic,7.941268998504703,512.1508211163242,0.999999,one_component_extrapolated,1.9151220154653286e-24,1.9151220375339284e-24,4.403054168797016e-22,-7.491981899374661e-12,-1.1824930052028883e-13,-0.41000542872657997,5.761669455843257e-09,Q_upper|budget,logarithmic|8192
3.8311868495572775e+22,8192,logarithmic,8.645554865787133,570.7569472422896,0.999999,one_component_extrapolated,1.5335361155547063e-24,1.533535809591026e-24,3.9509423737452544e-22,-6.685711191123616e-12,-1.0293807645123993e-13,-0.41000542872657997,9.975758244873295e-08,Q_upper|budget,logarithmic|8192
4.641588833612792e+22,8192,logarithmic,9.413544745450489,635.9135479122294,0.999999,one_component_extrapolated,1.2280644901970085e-24,1.228064524311058e-24,3.546123235418616e-22,-5.965153842724949e-12,-8.963750814418828e-14,-0.41000542872657997,1.3889355677855985e-08,Q_upper|budget,logarithmic|8192
5.623413251903491e+22,8192,logarithmic,10.251001005092784,708.3481396096529,0.999999,one_component_extrapolated,9.835033122551977e-25,9.835035495022096e-25,3.1835021253979965e-22,-5.3213886849478245e-12,-7.807808878572902e-14,-0.41000542872657997,1.2061321010112686e-07,Q_upper|budget,logarithmic|8192
6.812920690579594e+22,8192,logarithmic,11.164205671797555,788.8691569428175,0.9999989999999997,one_component_extrapolated,7.876912035564589e-25,7.876912035009342e-25,2.858557452928334e-22,-4.746389442528658e-12,-6.802747516351505e-14,-0.41000542872569573,3.524519448950545e-11,Q_upper|budget,logarithmic|8192
8.254041852680206e+22,8192,logarithmic,12.160026738594102,878.3735698669111,0.999999,bridge_gap_extrapolated,6.308986554287321e-25,6.308985818971039e-25,2.567276481589402e-22,-4.232931676509107e-12,-5.928529134323006e-14,-0.41000542872657997,5.8275312436671184e-08,Q_upper|budget,logarithmic|8192
1.0000000000000001e+23,8192,logarithmic,13.245943302187657,977.8586271738329,0.999999,bridge_gap_extrapolated,5.053413714482215e-25,5.053412953842929e-25,2.306087756761359e-22,-3.774533842930557e-12,-5.1678359360065146e-14,-0.41000542872657997,7.525995168724988e-08,Q_upper|budget,logarithmic|8192
1.211527658628585e+23,8192,logarithmic,14.43012005749116,1088.431624597545,0.999999,bridge_gap_extrapolated,4.0479020483390377e-25,4.047903061961908e-25,2.071813935765472e-22,-3.365375618115207e-12,-4.5057001360352176e-14,-0.41000542872657997,1.2520346736693013e-07,Q_upper|budget,logarithmic|8192
1.4677992676220616e+23,8192,logarithmic,15.721425030447364,1211.325441094237,0.999999,bridge_gap_extrapolated,3.2426027524486653e-25,3.242602551130354e-25,1.861620115839384e-22,-3.000246812430591e-12,-3.929158497190591e-14,-0.41000542872657997,3.104270445376429e-08,Q_upper|budget,logarithmic|8192
1.7782794100389228e+23,8192,logarithmic,17.129587087717805,1347.9054001554541,0.999999,bridge_gap_extrapolated,2.5976124947125855e-25,2.597612948593568e-25,1.6729867004828186e-22,-2.6744604208332006e-12,-3.4270072819662965e-14,-0.41000542872657997,8.736502147560646e-08,Q_upper|budget,logarithmic|8192
2.1544346900318777e+23,8192,logarithmic,18.66516123847765,1499.6925383117416,0.9999989999999999,bridge_gap_extrapolated,2.0809934785538284e-25,2.0809937034705265e-25,1.503660083889716e-22,-2.383830363473075e-12,-2.9895227921463815e-14,-0.4100054287261379,5.4040699495613034e-08,Q_upper|budget,logarithmic|8192
2.6101572156825224e+23,8192,logarithmic,20.339693691796683,1668.3739155403885,0.9999989999999999,bridge_gap_extrapolated,1.6671760580707585e-25,1.6671763827725144e-25,1.351632141309407e-22,-2.124600372906944e-12,-2.6082836855547935e-14,-0.4100054287261379,9.738075432395523e-08,Q_upper|budget,logarithmic|8192
3.162277660168379e+23,8192,logarithmic,22.1657462151392,1855.8262207388616,0.999999,bridge_gap_extrapolated,1.3356896887891707e-25,1.335689634338046e-25,1.215107202802238e-22,-1.8934126624087052e-12,-2.275978992205445e-14,-0.41000542872657997,2.0383149787185665e-08,Q_upper|budget,logarithmic|8192
3.8311868495572774e+23,8192,logarithmic,24.157055468417166,2064.1313007030067,0.9999989999999987,bridge_gap_extrapolated,1.070143055623535e-25,1.0701430839529862e-25,1.092482734588771e-22,-1.6872582273652933e-12,-1.9862680775147348e-14,-0.41000542872171697,1.3236291411856903e-08,Q_upper|budget,logarithmic|8192
4.6415888336127536e+23,8192,logarithmic,26.328552797582738,2295.6061568385635,0.999999,bridge_gap_extrapolated,8.574117747451558e-26,8.574115395513719e-26,9.823234709714317e-23,-1.5034508035150084e-12,-1.733638767232249e-14,-0.41000542872657997,1.3715336269668711e-07,Q_upper|budget,logarithmic|8192
5.623413251903491e+23,8192,logarithmic,28.696588687201565,2552.819100567296,0.9999989999999995,bridge_gap_extrapolated,6.86985004607291e-26,6.869850199662385e-26,8.833480631111697e-23,-1.33958320960486e-12,-1.5133076465460617e-14,-0.4100054287248116,1.117851727720835e-08,Q_upper|budget,logarithmic|8192
6.812920690579594e+23,8192,logarithmic,31.278913325563494,2838.63049935665,0.999999,bridge_gap_extrapolated,5.504459182600404e-26,5.504459491632355e-26,7.944069538040009e-23,-1.1935096028584757e-12,-1.3211105133090996e-14,-0.41000542872657997,2.8071054165277474e-08,Q_upper|budget,logarithmic|8192
8.254041852680139e+23,8192,logarithmic,34.094928553503685,3156.2142396809463,0.999999,bridge_gap_extrapolated,4.410530508787227e-26,4.410530492379124e-26,7.144723509634128e-23,-1.0633095213364041e-12,-1.1534294097950488e-14,-0.41000542872657997,1.8601054289809704e-09,Q_upper|budget,logarithmic|8192
1e+24,8192,logarithmic,37.165807253298034,3509.095010809447,0.999999,bridge_gap_extrapolated,3.5340686600070015e-26,3.5340694721633126e-26,6.426237537093292e-23,-9.47267216362166e-13,-1.0071170661600595e-14,-0.41000542872657997,1.1490385388400538e-07,Q_upper|budget,logarithmic|8192
1e+19,32768,logarithmic,0.2351305564700909,2.476355146168258,0.9999989999999994,one_component_extrapolated,2.6932584257751564e-20,2.6932584708040224e-20,9.10623749362511e-20,-8.372578782270355e-10,-1.0875897485751935e-10,-0.41000542872436957,8.35955165202261e-09,Q_upper|budget,logarithmic|32768
1.211527658628585e+19,32768,logarithmic,0.2512699371190504,2.8568373104077565,0.999999,one_component_extrapolated,2.1358559885537908e-20,2.135855874613532e-20,7.893441463235392e-20,-7.659946958094674e-10,-9.057738281110959e-11,-0.41000542872657997,2.6673208041202346e-08,Q_upper|budget,logarithmic|32768
1.4677992676220735e+19,32768,logarithmic,0.2687214000560602,3.2911190308748677,0.9999989999999999,one_component_extrapolated,1.6944855156072763e-20,1.6944854250494875e-20,6.851857337311703e-20,-7.000833308855998e-10,-7.557199975300682e-11,-0.4100054287261379,2.6721323464695704e-08,Q_upper|budget,logarithmic|32768
1.7782794100389229e+19,32768,logarithmic,0.28760359801849034,3.7860554413314236,0.9999989999999999,one_component_extrapolated,1.344856077154411e-20,1.3448559635978634e-20,5.956140481592102e-20,-6.391916096121942e-10,-6.316678946183414e-11,-0.4100054287261379,4.221884947126539e-08,Q_upper|budget,logarithmic|32768
2.1544346900318777e+19,32768,logarithmic,0.30804636764703414,4.349275084679754,0.999999,one_component_extrapolated,1.0677889420567177e-20,1.0677889099453276e-20,5.184836010746578e-20,-5.830027219759613e-10,-5.289344602094599e-11,-0.41000542872657997,1.5036394080295295e-08,Q_upper|budget,logarithmic|32768
2.610157215682544e+19,32768,logarithmic,0.3301916013623424,4.9892604561047715,0.999999,one_component_extrapolated,8.481368231977419e-21,8.481368535620808e-21,4.5197636559739705e-20,-5.312150636435061e-10,-4.4370714812104544e-11,-0.41000542872657997,1.790061327489862e-08,Q_upper|budget,logarithmic|32768
3.162277660168379e+19,32768,logarithmic,0.35419440634102367,5.715435172741441,0.9999989999999999,one_component_extrapolated,6.739320343408068e-21,6.7393206146789455e-21,3.945505004975811e-20,-4.835414293998462e-10,-3.7287804655982525e-11,-0.4100054287261379,2.012598148698237e-08,Q_upper|budget,logarithmic|32768
3.831186849557277e+19,32768,logarithmic,0.38022419914660754,6.538262576903791,0.9999989999999999,one_component_extrapolated,5.357156977439617e-21,5.3571554438797075e-21,3.4489710094122403e-20,-4.3970865764795867e-10,-3.13910052498158e-11,-0.4100054287261379,1.4313190151711814e-07,Q_upper|budget,logarithmic|32768
4.641588833612792e+19,32768,logarithmic,0.4084665898847358,7.469345400084571,0.999999,one_component_extrapolated,4.260086557616032e-21,4.260085442671195e-21,3.01904341971321e-20,-3.9945627926885656e-10,-2.647295574350484e-11,-0.41000542872657997,1.30859428382704e-07,Q_upper|budget,logarithmic|32768
5.6234132519034905e+19,32768,logarithmic,0.4391240676270052,8.52155494504778,0.999999,one_component_extrapolated,3.388954312970783e-21,3.388954875237691e-21,2.6462632964416124e-20,-3.625374277995599e-10,-2.236386889295322e-11,-0.41000542872657997,8.295580436032146e-08,Q_upper|budget,logarithmic|32768
6.8129206905795944e+19,32768,logarithmic,0.47241715320946687,9.709172726858869,0.9999989999999994,one_component_extrapolated,2.696954372929537e-21,2.6969544554796976e-21,2.3225746120662937e-20,-3.287184745375749e-10,-1.8924513270280333e-11,-0.41000542872436957,1.5304330047584013e-08,Q_upper|budget,logarithmic|32768
8.254041852680207e+19,32768,logarithmic,0.508587614536311,11.048014561102637,0.9999989999999999,joint_observed,2.147032289662638e-21,2.1470321779112314e-21,2.041115890547445e-20,-2.977769657902447e-10,-1.604061377500732e-11,-0.4100054287261379,2.602462259937752e-08,Q_upper|budget,logarithmic|32768
1e+20,32768,logarithmic,0.5478990776434935,12.555615253722609,0.999999,joint_observed,1.709845832089127e-21,1.7098457661094795e-21,1.7960313074267342e-20,-2.695027738557772e-10,-1.3618175864400815e-11,-0.41000542872657997,1.9294034534838353e-08,Q_upper|budget,logarithmic|32768
1.211527658628585e+20,32768,logarithmic,0.5906390238578937,14.251415414797195,0.9999989999999999,joint_observed,1.362149627322636e-21,1.362149292649336e-21,1.582318487204595e-20,-2.4369751567758607e-10,-1.157977292215166e-11,-0.4100054287261379,1.228474958073285e-07,Q_upper|budget,logarithmic|32768
1.4677992676220735e+20,32768,logarithmic,0.6371220779729585,16.156944867476074,0.9999989999999999,joint_observed,1.085519551206467e-21,1.085519601028978e-21,1.3957018647170017e-20,-2.201735674910478e-10,-9.861548012007529e-12,-0.4100054287261379,2.2948693022283138e-08,Q_upper|budget,logarithmic|32768
1.778279410038923e+20,32768,logarithmic,0.6876900953670404,18.29610143401981,0.999999,joint_observed,8.653487225134922e-22,8.653486269371173e-22,1.2325182040016693e-20,-1.987549724652847e-10,-8.41070788406552e-12,-0.41000542872657997,5.522419914514597e-08,Q_upper|budget,logarithmic|32768
2.1544346900318778e+20,32768,logarithmic,0.7427175967084424,20.695345870789957,0.9999989999999997,joint_observed,6.900496581014875e-22,6.900496519124494e-22,1.0896304038808053e-20,-1.792756560363373e-10,-7.183580874688016e-12,-0.41000542872569573,4.484487518805225e-09,Q_upper|budget,logarithmic|32768
2.610157215682544e+20,32768,logarithmic,0.8026122687324558,23.384039466463953,0.9999989999999995,joint_observed,5.504277228005926e-22,5.504277941423479e-22,9.643448520489158e-21,-1.6158019250216825e-10,-6.14394737339249e-12,-0.4100054287248116,6.480573905231304e-08,Q_upper|budget,logarithmic|32768
3.1622776601683794e+20,32768,logarithmic,0.8678186359284017,26.39475204840032,0.9999989999999987,joint_observed,4.391834681901247e-22,4.391834623752827e-22,8.543470322461185e-21,-1.4552307296975527e-10,-5.261727972432034e-12,-0.41000542872171697,6.620060224254895e-09,Q_upper|budget,logarithmic|32768
3.8311868495572776e+20,32768,logarithmic,0.9388225813836486,29.763584797094165,0.999999,joint_observed,3.5051937551736457e-22,3.50519400620672e-22,7.576465749479229e-21,-1.309681078781189e-10,-4.511907175589031e-12,-0.41000542872657997,3.580872879981858e-08,Q_upper|budget,logarithmic|32768
4.641588833612792e+20,32768,logarithmic,1.016153011015631,33.53061954307411,0.9999989999999992,joint_observed,2.7982931858390175e-22,2.798293472143625e-22,6.725279278109282e-21,-1.1778855101285918e-10,-3.873631895404764e-12,-0.41000542872348533,5.115700431156972e-08,Q_upper|budget,logarithmic|32768
5.6234132519034906e+20,32768,logarithmic,1.1003870294482203,37.74032780119878,0.999999,joint_observed,2.2345198661432735e-22,2.234519971516449e-22,5.975114524303145e-21,-1.0586640718870671e-10,-3.3294965760921336e-12,-0.41000542872657997,2.357848204950031e-08,Q_upper|budget,logarithmic|32768
6.812920690579594e+20,32768,logarithmic,1.1921539991812968,42.44206826985575,0.9999989999999999,joint_observed,1.7847595753790503e-22,1.7847593982650393e-22,5.313190190517261e-21,-9.509212371770076e-11,-2.864946202629441e-12,-0.4100054287261379,4.961845344254786e-08,Q_upper|budget,logarithmic|32768
8.254041852680207e+20,32768,logarithmic,1.292140716788734,47.69061633143713,0.999999,joint_observed,1.4258517036525684e-22,1.4258515912219417e-22,4.728451803384552e-21,-8.536416182200388e-11,-2.4677891826486122e-12,-0.41000542872657997,3.9425780064152086e-08,Q_upper|budget,logarithmic|32768
1e+21,32768,logarithmic,1.4010951606435378,53.546817359770195,0.999999,joint_observed,1.1393652613002308e-22,1.1393651139214074e-22,4.2113199610314325e-21,-7.658873973698148e-11,-2.1277924069067347e-12,-0.41000542872657997,6.467584978883266e-08,Q_upper|budget,logarithmic|32768
1.211527658628585e+21,32768,logarithmic,1.519834538248429,60.078175949397036,0.999999,joint_observed,9.106265305699387e-23,9.106267731256881e-23,3.7534891370011356e-21,-6.867921522548504e-11,-1.8363565552634614e-12,-0.41000542872657997,1.3318067785342283e-07,Q_upper|budget,logarithmic|32768
1.4677992676220737e+21,32768,logarithmic,1.649245724210475,67.35981456098074,0.9999989999999999,joint_observed,7.279501654765077e-23,7.279500430483867e-23,3.3477345842826535e-21,-6.155606058768288e-11,-1.5862343847229292e-12,-0.4100054287261379,8.409101139482429e-08,Q_upper|budget,logarithmic|32768
1.7782794100389228e+21,32768,logarithmic,1.7903023195712748,75.47491717159167,0.999999,joint_observed,5.820251768179501e-23,5.820251748390716e-23,2.987784409014e-21,-5.514583321392967e-11,-1.3713209942152738e-12,-0.41000542872657997,1.6999940543893809e-09,Q_upper|budget,logarithmic|32768
2.154434690031878e+21,32768,logarithmic,1.944060198071847,84.51609812854831,0.999999,joint_observed,4.65431901965617e-23,4.6543187529191455e-23,2.668163649177423e-21,-4.9381453950634644e-11,-1.1864515757108524e-12,-0.41000542872657997,2.865478611290638e-08,Q_upper|budget,logarithmic|32768
2.610157215682544e+21,32768,logarithmic,2.111673896489506,94.58610404919601,0.9999989999999999,joint_observed,3.722546392494316e-23,3.722546537901642e-23,2.3841005300247195e-21,-4.4201371273032245e-11,-1.0272578413383371e-12,-0.4100054287261379,1.9530626114944986e-08,Q_upper|budget,logarithmic|32768
3.1622776601683794e+21,32768,logarithmic,2.2944001000061216,105.79916357378116,0.999998999999999,joint_observed,2.977757876812861e-23,2.977757732382139e-23,2.131423096151958e-21,-3.954940032738783e-11,-8.900350850069726e-13,-0.4100054287226012,2.425158989734558e-08,Q_upper|budget,logarithmic|32768
3.8311868495572773e+21,32768,logarithmic,2.4936111738635085,118.28208260217698,0.9999989999999987,joint_observed,2.3823176051011664e-23,2.382317532160598e-23,1.9064830093723705e-21,-3.537422299033422e-11,-7.716387300501796e-13,-0.41000542872171697,1.5308741742225493e-08,Q_upper|budget,logarithmic|32768
4.641588833612792e+21,32768,logarithmic,2.710802329865603,132.17578657236822,0.999999,joint_observed,1.906193369565763e-23,1.9061934296290186e-23,1.7060823819908836e-21,-3.162912259555148e-11,-6.693938706260573e-13,-0.41000542872657997,1.5754764356507114e-08,Q_upper|budget,logarithmic|32768
5.623413251903491e+21,32768,logarithmic,2.9476035595140253,147.63685859062758,0.999999,joint_observed,1.5254131170612714e-23,1.525413129713312e-23,1.5274151925853845e-21,-2.8271611141534463e-11,-5.810221438023726e-13,-0.41000542872657997,4.147086659995337e-09,Q_upper|budget,logarithmic|32768
6.812920690579594e+21,32768,logarithmic,3.2057955109120058,164.83909835892695,0.999999,joint_observed,1.220836369799313e-23,1.2208369313437826e-23,1.368017557981822e-21,-2.526306128480068e-11,-5.045808471522327e-13,-0.41000542872657997,2.2998345826745036e-07,Q_upper|budget,logarithmic|32768
8.254041852680206e+21,32768,logarithmic,3.4873099945637396,183.97609124952893,0.999999,joint_observed,9.771782876047377e-24,9.771783011356604e-24,1.2257178596704316e-21,-2.2568540934737237e-11,-4.384086290954578e-13,-0.41000542872657997,6.923466663758955e-09,Q_upper|budget,logarithmic|32768
1e+22,32768,logarithmic,3.7942674799004017,205.2622075595719,0.999999,joint_observed,7.822272793821127e-24,7.822272584155656e-24,1.0986083774406373e-21,-2.0156273342635405e-11,-3.8108683898303345e-13,-0.41000542872657997,1.3401825794081727e-08,Q_upper|budget,logarithmic|32768
1.2115276586285852e+22,32768,logarithmic,4.128968698717421,228.9362088827178,0.9999989999999999,joint_observed,6.2622736110473136e-24,6.262270920318482e-24,9.850026865439392e-22,-1.799760898296441e-11,-3.3139862247295454e-13,-0.4100054287261379,2.1483646169226643e-07,Q_upper|budget,logarithmic|32768
1.4677992676220736e+22,32768,logarithmic,4.493934080265254,255.26273926674037,0.999999,joint_observed,5.0138105305011075e-24,5.013809828382126e-24,8.834144044864391e-22,-1.606658699819742e-11,-2.883016305174673e-13,-0.41000542872657997,7.001850456136828e-08,Q_upper|budget,logarithmic|32768
1.7782794100389228e+22,32768,logarithmic,4.891899876351073,284.53648620305324,0.999999,joint_observed,4.014561241763588e-24,4.0145615382259336e-24,7.925267645147607e-22,-1.4339841065636398e-11,-2.508997077677681e-13,-0.41000542872657997,3.692337939172479e-08,Q_upper|budget,logarithmic|32768
2.154434690031878e+22,32768,logarithmic,5.3258550735288175,317.084572738383,0.999999,one_component_extrapolated,3.2146967547875045e-24,3.214697533757004e-24,7.111755039024249e-22,-1.2796270465228651e-11,-2.1842298491135774e-13,-0.41000542872657997,1.2115752501657728e-07,Q_upper|budget,logarithmic|32768
2.610157215682544e+22,32768,logarithmic,5.7990536066989895,353.2707663529089,0.9999989999999999,one_component_extrapolated,2.574372963143768e-24,2.5743724484571095e-24,6.383284502272958e-22,-1.1416880427632943e-11,-1.902086858634102e-13,-0.4100054287261379,9.996350911073878e-08,Q_upper|budget,logarithmic|32768
3.1622776601683792e+22,32768,logarithmic,6.3150592178631095,393.49829688517065,0.9999989999999997,one_component_extrapolated,2.0617213521982473e-24,2.061721071342409e-24,5.730718089034669e-22,-1.0184532823136277e-11,-1.656864727754358e-13,-0.41000542872569573,6.811198258301138e-08,Q_upper|budget,logarithmic|32768
3.8311868495572775e+22,32768,logarithmic,6.8777410849081635,438.216181624778,0.999999,one_component_extrapolated,1.6512530540726394e-24,1.6512526144267163e-24,5.14592546447751e-22,-9.08385787447187e-12,-1.4436384521979057e-13,-0.41000542872657997,1.3312495644028767e-07,Q_upper|budget,logarithmic|32768
4.641588833612792e+22,32768,logarithmic,7.491332707524125,487.92240070007904,0.999999,one_component_extrapolated,1.3225752273350784e-24,1.3225753210087208e-24,4.621693541295696e-22,-8.101014835036791e-12,-1.25816130450207e-13,-0.41000542872657997,3.541335008208231e-08,Q_upper|budget,logarithmic|32768
5.623413251903491e+22,32768,logarithmic,8.16043041610772,543.1715134731816,0.999999,one_component_extrapolated,1.0593724927152516e-24,1.0593723046202818e-24,4.1515943896796154e-22,-7.223604565966722e-12,-1.0967600672591914e-13,-0.41000542872657997,8.87766048794306e-08,Q_upper|budget,logarithmic|32768
6.812920690579594e+22,32768,logarithmic,8.890065430721297,604.5784223745479,0.9999989999999999,one_component_extrapolated,8.485877747880394e-25,8.485873753474212e-25,3.729917781567106e-22,-6.4404720557916564e-12,-9.562627896249027e-14,-0.4100054287261379,2.3535615528666931e-07,Q_upper|budget,logarithmic|32768
8.254041852680206e+22,32768,logarithmic,9.68573260319774,672.8256828416538,0.9999989999999999,one_component_extrapolated,6.797713410341533e-25,6.797714444296888e-25,3.3515780765719137e-22,-5.7416101130991585e-12,-8.339250560237632e-14,-0.4100054287261379,7.605169667713184e-08,Q_upper|budget,logarithmic|32768
1.0000000000000001e+23,32768,logarithmic,10.5533838192393,748.6743757042606,0.9999989999999999,one_component_extrapolated,5.445602150685478e-25,5.445602324386946e-25,3.012027499732927e-22,-5.118081115879857e-12,-7.27365928513901e-14,-0.4100054287261379,1.5948784085716108e-08,Q_upper|budget,logarithmic|32768
1.211527658628585e+23,32768,logarithmic,11.499541449742894,832.9678937858235,0.999999,one_component_extrapolated,4.362591123061646e-25,4.362589548097732e-25,2.7072205601106506e-22,-4.561850619129985e-12,-6.345260051671796e-14,-0.41000542872657997,1.8050788564481082e-07,Q_upper|budget,logarithmic|32768
1.4677992676220616e+23,32768,logarithmic,12.53133125249826,926.6422501870691,0.999999,bridge_gap_extrapolated,3.495080543653024e-25,3.495080538883001e-25,2.433547366865481e-22,-4.065720999090222e-12,-5.536199816290416e-14,-0.41000542872657997,6.823909861082704e-10,Q_upper|budget,logarithmic|32768
1.7782794100389228e+23,32768,logarithmic,13.656484067511148,1030.740240859818,0.9999989999999999,bridge_gap_extrapolated,2.800161382441947e-25,2.8001615773641763e-25,2.187775075207626e-22,-3.6232690133660424e-12,-4.830964660558005e-14,-0.4100054287261379,3.480553363565058e-08,Q_upper|budget,logarithmic|32768
2.1544346900318777e+23,32768,logarithmic,14.883448137413428,1146.4191449792756,0.999999,bridge_gap_extrapolated,2.2434743017023644e-25,2.243473856135782e-25,1.9670186230271055e-22,-3.2287380791601223e-12,-4.2161001262115965e-14,-0.41000542872657997,9.930281488402055e-08,Q_upper|budget,logarithmic|32768
2.6101572156825224e+23,32768,logarithmic,16.22146040401039,1274.9628171672625,0.999999,bridge_gap_extrapolated,1.7975050526484512e-25,1.797505216868508e-25,1.768700841785576e-22,-2.8769739235333945e-12,-3.67992787621884e-14,-0.41000542872657997,4.56799966274582e-08,Q_upper|budget,logarithmic|32768
3.162277660168379e+23,32768,logarithmic,17.680541670170847,1417.8016569188017,0.999999,bridge_gap_extrapolated,1.4402222329388625e-25,1.4402219239903355e-25,1.5905100667393233e-22,-2.5633816843895284e-12,-3.212284026961178e-14,-0.41000542872657997,1.0725725283057333e-07,Q_upper|budget,logarithmic|32768
3.8311868495572774e+23,32768,logarithmic,19.27168567879339,1576.519598751238,0.999999,bridge_gap_extrapolated,1.1539796451138326e-25,1.153979809378835e-25,1.4303836182913645e-22,-2.283840704237603e-12,-2.8043497041513292e-14,-0.41000542872657997,7.117326187719922e-08,Q_upper|budget,logarithmic|32768
4.6415888336127536e+23,32768,logarithmic,21.006811008481332,1752.8820209178666,0.9999989999999999,bridge_gap_extrapolated,9.246461035452204e-26,9.246461421416409e-26,1.2864686733370725e-22,-2.034681877314324e-12,-2.4484404296419274e-14,-0.4100054287261379,2.0870914592756708e-08,Q_upper|budget,logarithmic|32768
5.623413251903491e+23,32768,logarithmic,22.898964071510708,1948.846245282347,0.999999,bridge_gap_extrapolated,7.409021975308806e-26,7.409021730555193e-26,1.1571091426159892e-22,-1.8126199101609485e-12,-2.1378798396283318e-14,-0.41000542872657997,1.651726899947404e-08,Q_upper|budget,logarithmic|32768
6.812920690579594e+23,32768,logarithmic,24.962352322682193,2166.588457149272,0.9999989999999999,bridge_gap_extrapolated,5.936815471144507e-26,5.93681428596463e-26,1.0408196353698422e-22,-1.6147238568282586e-12,-1.8668540742710263e-14,-0.4100054287261379,9.98161389647723e-08,Q_upper|budget,logarithmic|32768
8.254041852680139e+23,32768,logarithmic,27.212478286877957,2408.5255775236033,0.999999,bridge_gap_extrapolated,4.757216581633078e-26,4.7572149911697987e-26,9.36268989216058e-23,-1.4383761493440035e-12,-1.6303024558155475e-14,-0.41000542872657997,1.6716324750459626e-07,Q_upper|budget,logarithmic|32768
1e+24,32768,logarithmic,29.666263123130676,2677.341342388012,0.999999,bridge_gap_extrapolated,3.812047969886807e-26,3.8120479159685835e-26,8.422638429650924e-23,-1.281239701963144e-12,-1.4238184185242845e-14,-0.41000542872657997,7.072080975757417e-09,Q_upper|budget,logarithmic|32768
1e+19,131072,logarithmic,0.13769513571758787,1.8108645361652373,0.999999,one_component_extrapolated,2.9398219227664864e-20,2.939821888839244e-20,1.2452769177005298e-19,-1.7149720037242266e-09,-1.6234355635815446e-10,-0.41000542872657997,5.77028867270291e-09,Q_upper|budget,logarithmic|131072
1.211527658628585e+19,131072,logarithmic,0.14781070729688878,2.0716633835313942,0.999999,one_component_extrapolated,2.3368645540830547e-20,2.3368643529367872e-20,1.0885107232648413e-19,-1.5595624790561144e-09,-1.3666196065212277e-10,-0.41000542872657997,4.303764120599891e-08,Q_upper|budget,logarithmic|131072
1.4677992676220735e+19,131072,logarithmic,0.15878592214573434,2.3667878254950496,0.999999,one_component_extrapolated,1.858283447531411e-20,1.8582835450346706e-20,9.527798747643859e-20,-1.416841705479643e-09,-1.1524426469726003e-10,-0.41000542872657997,2.6234764458628465e-08,Q_upper|budget,logarithmic|131072
1.7782794100389229e+19,131072,logarithmic,0.17069935847132017,2.7003216760886253,0.9999989999999999,one_component_extrapolated,1.4782703326527267e-20,1.4782704531601136e-20,8.350959916868082e-20,-1.2859361659874727e-09,-9.735054651456499e-11,-0.4100054287261379,4.075958897793461e-08,Q_upper|budget,logarithmic|131072
2.1544346900318777e+19,131072,logarithmic,0.1836369097142918,3.076792058426936,0.999999,one_component_extrapolated,1.1764035449367e-20,1.1764035627173827e-20,7.329152458622662e-20,-1.1660160202986014e-09,-8.23742585415805e-11,-0.41000542872657997,7.557220742972433e-09,Q_upper|budget,logarithmic|131072
2.610157215682544e+19,131072,logarithmic,0.19769240302062766,3.501216834436455,0.999999,one_component_extrapolated,9.365177353883281e-21,9.365177130467444e-21,6.440697376379457e-20,-1.0562946038457222e-09,-6.981739726259846e-11,-0.41000542872657997,1.1928009118111641e-08,Q_upper|budget,logarithmic|131072
3.162277660168379e+19,131072,logarithmic,0.2129682647753367,3.979157809652041,0.999999,one_component_extrapolated,7.458117582917387e-21,7.458117681072096e-21,5.667098204798865e-20,-9.560276129631646e-10,-5.927042871371682e-11,-0.41000542872657997,6.580394310239157e-09,Q_upper|budget,logarithmic|131072
3.831186849557277e+19,131072,logarithmic,0.22957625456888173,4.516780180019621,0.9999989999999999,one_component_extrapolated,5.941444146411246e-21,5.941444220757413e-21,4.992556020197598e-20,-8.645119898298872e-10,-5.039603890097879e-11,-0.4100054287261379,6.2565736784458065e-09,Q_upper|budget,logarithmic|131072
4.641588833612792e+19,131072,logarithmic,0.24763838900264212,5.120916807620947,0.999999,one_component_extrapolated,4.7347829884376364e-21,4.734783013630814e-21,4.4035626679447606e-20,-7.810841876957998e-10,-4.2915979288986434e-11,-0.41000542872657997,2.6604364308100104e-09,Q_upper|budget,logarithmic|131072
5.6234132519034905e+19,131072,logarithmic,0.2672877981375668,5.799142292512156,0.999999,one_component_extrapolated,3.77440806684607e-21,3.7744079481685535e-21,3.888554020963988e-20,-7.051194002226789e-10,-3.660033605525884e-11,-0.41000542872657997,1.572134182550156e-08,Q_upper|budget,logarithmic|131072
6.8129206905795944e+19,131072,logarithmic,0.28866982790066537,6.5598525073004135,0.9999989999999993,one_component_extrapolated,3.009771299033595e-21,3.009771613555926e-21,3.437619680388929e-20,-6.360300254797504e-10,-3.12588358916516e-11,-0.4100054287239274,5.225020168797604e-08,Q_upper|budget,logarithmic|131072
8.254041852680207e+19,131072,logarithmic,0.3119428134866224,7.412361789240043,0.999999,one_component_extrapolated,2.4007621669540515e-21,2.4007623180324046e-21,3.0422527557174794e-20,-5.732654841701633e-10,-2.6733709463753337e-11,-0.41000542872657997,3.146466376467739e-08,Q_upper|budget,logarithmic|131072
1e+20,131072,logarithmic,0.3372796557145693,8.366996703061847,0.999999,one_component_extrapolated,1.9155373642768262e-21,1.915537275389661e-21,2.6951460458253002e-20,-5.163096859754562e-10,-2.2893964744705618e-11,-0.41000542872657997,2.3201627212792562e-08,Q_upper|budget,logarithmic|131072
1.211527658628585e+20,131072,logarithmic,0.3648689750129715,9.435211285479776,0.999999,one_component_extrapolated,1.5288071165294392e-21,1.5288070076699888e-21,2.3900130476562814e-20,-4.646804192277441e-10,-1.9630635906880084e-11,-0.41000542872657997,3.560274315852187e-08,Q_upper|budget,logarithmic|131072
1.4677992676220735e+20,131072,logarithmic,0.39491637183315714,10.629716254501824,0.9999989999999999,joint_observed,1.2204783173074198e-21,1.2204782069028469e-21,2.1214374438372996e-20,-4.179283063597324e-10,-1.685291474720232e-11,-0.4100054287261379,4.5230044885984455e-08,Q_upper|budget,logarithmic|131072
1.778279410038923e+20,131072,logarithmic,0.42764614953405766,11.964614734713551,0.9999989999999999,joint_observed,9.745797832019404e-22,9.745797513680649e-22,1.8847475309204788e-20,-3.756350974144435e-10,-1.4485005524418792e-11,-0.4100054287261379,1.6332103613702945e-08,Q_upper|budget,logarithmic|131072
2.1544346900318778e+20,131072,logarithmic,0.4633026909259141,13.45556560131792,0.999999,joint_observed,7.784118335160485e-22,7.78411707889802e-22,1.6759071114395778e-20,-3.374127071905651e-10,-1.2463520570554766e-11,-0.41000542872657997,8.0693953597987e-08,Q_upper|budget,logarithmic|131072
2.610157215682544e+20,131072,logarithmic,0.5021529842974026,15.119938174108793,0.9999989999999999,joint_observed,6.2187163638002125e-22,6.218716270971019e-22,1.4914266063786545e-20,-3.0290107267038657e-10,-1.0735379311770362e-11,-0.4100054287261379,7.4636941546096e-09,Q_upper|budget,logarithmic|131072
3.1622776601683794e+20,131072,logarithmic,0.5444876378756236,16.977030719815303,0.999999,joint_observed,4.969196897499242e-22,4.969197515721535e-22,1.3282816325101042e-20,-2.717677925690004e-10,-9.256025127285259e-12,-0.41000542872657997,6.220544966230715e-08,Q_upper|budget,logarithmic|131072
3.8311868495572776e+20,131072,logarithmic,0.590623146375438,19.04828446237282,0.999999,joint_observed,3.971557282389891e-22,3.9715557343911035e-22,1.1838482423042e-20,-2.4370629420103645e-10,-7.988001298457922e-12,-0.41000542872657997,1.948856556086538e-07,Q_upper|budget,logarithmic|131072
4.641588833612792e+20,131072,logarithmic,0.6409066542825761,21.357447988754224,0.999999,joint_observed,3.174820577815648e-22,3.1748207304224507e-22,1.0558507782186489e-20,-2.1843317120724896e-10,-6.899800228384317e-12,-0.41000542872657997,2.4033925015752405e-08,Q_upper|budget,logarithmic|131072
5.6234132519034906e+20,131072,logarithmic,0.6957137819772304,23.93098623711678,0.999999,joint_observed,2.5383808026123546e-22,2.5383806519657213e-22,9.423045860397994e-21,-1.956894526637609e-10,-5.9648036462868495e-12,-0.41000542872657997,2.9673766373133753e-08,Q_upper|budget,logarithmic|131072
6.812920690579594e+20,131072,logarithmic,0.7554562462007169,26.798227028752255,0.999999,joint_observed,2.0298721103053503e-22,2.029872101646219e-22,8.414839554682443e-21,-1.7523658679922846e-10,-5.160549474298456e-12,-0.41000542872657997,2.132925386715279e-09,Q_upper|budget,logarithmic|131072
8.254041852680207e+20,131072,logarithmic,0.8205820616184132,29.99177650690273,0.999999,joint_observed,1.6234928009223885e-22,1.6234928648673245e-22,7.518820392149969e-21,-1.5685653071544595e-10,-4.468017441733882e-12,-0.41000542872657997,1.969363057732582e-08,Q_upper|budget,logarithmic|131072
1e+21,131072,logarithmic,0.8915796546343581,33.54785884525314,0.999999,joint_observed,1.2986660881957142e-22,1.2986659358100648e-22,6.721823346076592e-21,-1.4034997964870417e-10,-3.871084416446506e-12,-0.41000542872657997,5.8670069103647895e-08,Q_upper|budget,logarithmic|131072
1.211527658628585e+21,131072,logarithmic,0.9689826615033155,37.50667667822878,0.9999989999999999,joint_observed,1.0389764921627526e-22,1.0389765892181542e-22,6.0123370228521844e-21,-1.2553486300413795e-10,-3.356066135382344e-12,-0.4100054287261379,4.670721521538319e-08,Q_upper|budget,logarithmic|131072
1.4677992676220737e+21,131072,logarithmic,1.053370968457754,41.912965973943855,0.9999989999999999,joint_observed,8.313256999096094e-23,8.313256121517772e-23,5.380263017817693e-21,-1.1224568338003033e-10,-2.9113165730872573e-12,-0.4100054287261379,5.278186209661681e-08,Q_upper|budget,logarithmic|131072
1.7782794100389228e+21,131072,logarithmic,1.1453791195019032,46.81634265394587,0.999999,joint_observed,6.652577789148902e-23,6.65257743778745e-23,4.81675346713352e-21,-1.0033154304947e-10,-2.5269256013337523e-12,-0.41000542872657997,2.6407918432525226e-08,Q_upper|budget,logarithmic|131072
2.154434690031878e+21,131072,logarithmic,1.2456977199303465,52.27197856715287,0.999999,joint_observed,5.324249426340463e-23,5.324249903824739e-23,4.314028031428068e-21,-8.965559121522355e-11,-2.1944355284854276e-12,-0.41000542872657997,4.4840522815147634e-08,Q_upper|budget,logarithmic|131072
2.610157215682544e+21,131072,logarithmic,1.3550795349522946,58.34118254553629,0.999999,joint_observed,4.261604313913587e-23,4.261604590369211e-23,3.865241857600261e-21,-8.00937076322615e-11,-1.906621958383514e-12,-0.41000542872657997,3.243562700800504e-08,Q_upper|budget,logarithmic|131072
3.1622776601683794e+21,131072,logarithmic,1.4743459911157295,65.09204591095644,0.999999,joint_observed,3.411386190569184e-23,3.4113859712240664e-23,3.464367691029166e-21,-7.15333980961046e-11,-1.657306894573713e-12,-0.41000542872657997,3.2148973029902957e-08,Q_upper|budget,logarithmic|131072
3.8311868495572773e+21,131072,logarithmic,1.604393459453296,72.60018989123837,0.999999,joint_observed,2.7310430305358105e-23,2.731043075088029e-23,3.1060907848137603e-21,-6.387285761394682e-11,-1.4411995795777457e-12,-0.41000542872657997,8.156630589102285e-09,Q_upper|budget,logarithmic|131072
4.641588833612792e+21,131072,logarithmic,1.7461980384840032,80.94968960232401,0.999999,joint_observed,2.1865694273422394e-23,2.186569559586491e-23,2.785715200450016e-21,-5.702016979757295e-11,-1.2537610584491878e-12,-0.41000542872657997,3.024012091853667e-08,Q_upper|budget,logarithmic|131072
5.623413251903491e+21,131072,logarithmic,1.9008245499199157,90.2339365383088,0.999999,joint_observed,1.7507832346523595e-23,1.750783280765982e-23,2.499090579974503e-21,-5.089232950783529e-11,-1.0910948009112559e-12,-0.41000542872657997,1.3169426387550812e-08,Q_upper|budget,logarithmic|131072
6.812920690579594e+21,131072,logarithmic,2.0694340787552097,100.55669424299985,0.9999989999999999,joint_observed,1.401952644334224e-23,1.4019524596638662e-23,2.242543696312487e-21,-4.541448343880262e-11,-9.498513243257117e-13,-0.4100054287261379,6.586184317388957e-08,Q_upper|budget,logarithmic|131072
8.254041852680206e+21,131072,logarithmic,2.2532945120556955,112.0331606509558,0.999999,joint_observed,1.1226998990379195e-23,1.1226999556807978e-23,2.012821734981381e-21,-4.051914930986997e-11,-8.271490662539352e-13,-0.41000542872657997,2.522618774975578e-08,Q_upper|budget,logarithmic|131072
1e+22,131072,logarithmic,2.4537849424220224,124.79149262017427,0.999999,joint_observed,8.991275778271817e-24,8.991276037426781e-24,1.8070364899253475e-21,-3.6145675442790115e-11,-7.205039260803919e-13,-0.41000542872657997,1.4411467737212491e-08,Q_upper|budget,logarithmic|131072
1.2115276586285852e+22,131072,logarithmic,2.672411303228945,138.9739759171357,0.9999989999999999,joint_observed,7.201188304450587e-24,7.20118741876847e-24,1.6226259579068186e-21,-3.2239455393806665e-11,-6.277749251419707e-13,-0.4100054287261379,6.149555696162605e-08,Q_upper|budget,logarithmic|131072
1.4677992676220736e+22,131072,logarithmic,2.9108180156346783,154.73857431146658,0.9999989999999999,joint_observed,5.767799794357194e-24,5.76780059414276e-24,1.4573145823533095e-21,-2.8751387986474367e-11,-5.471146109199708e-13,-0.4100054287261379,6.933194105872831e-08,Q_upper|budget,logarithmic|131072
1.7782794100389228e+22,131072,logarithmic,3.1707915330966028,172.2611416752741,0.999999,joint_observed,4.619955425978957e-24,4.619954916224814e-24,1.3090751553359333e-21,-2.5637469315274818e-11,-4.769253601208382e-13,-0.41000542872657997,5.5168732663750836e-08,Q_upper|budget,logarithmic|131072
2.154434690031878e+22,131072,logarithmic,3.454289044452916,191.73657070623815,0.999999,joint_observed,3.700710408916686e-24,3.700710699421863e-24,1.176107301628963e-21,-2.2858098725969565e-11,-4.1582779327069694e-13,-0.41000542872657997,3.924991883778597e-08,Q_upper|budget,logarithmic|131072
2.610157215682544e+22,131072,logarithmic,3.763436417147024,213.38184360621767,0.999999,joint_observed,2.964495185251821e-24,2.9644952685768138e-24,1.0568039763170074e-21,-2.0377845225354487e-11,-3.6262685640733975e-13,-0.41000542872657997,1.4053824741222129e-08,Q_upper|budget,logarithmic|131072
3.1622776601683792e+22,131072,logarithmic,4.10055468395036,237.43788244411834,0.999999,joint_observed,2.374834345708698e-24,2.3748335126310265e-24,9.497337934269075e-22,-1.8164915359250584e-11,-3.162883229208283e-13,-0.41000542872657997,1.7539703757796504e-07,Q_upper|budget,logarithmic|131072
3.8311868495572775e+22,131072,logarithmic,4.468182722145937,264.17189742905776,0.999999,joint_observed,1.9025288212888984e-24,1.9025287714532413e-24,8.536213843770512e-22,-1.6190785048934417e-11,-2.7591667702100807e-13,-0.41000542872657997,1.309721503848788e-08,Q_upper|budget,logarithmic|131072
4.641588833612792e+22,131072,logarithmic,4.869076075283535,293.8815161452288,0.999999,joint_observed,1.5242054532247403e-24,1.5242056145435077e-24,7.673254982306097e-22,-1.4429983341895445e-11,-2.407342882054179e-13,-0.41000542872657997,5.291896788682079e-08,Q_upper|budget,logarithmic|131072
5.623413251903491e+22,131072,logarithmic,5.306245299695489,326.89708081543387,0.999999,one_component_extrapolated,1.2211499408309945e-24,1.2211499700011096e-24,6.898280652564884e-22,-1.2859677639890952e-11,-2.1006706167997006e-13,-0.41000542872657997,1.1943707307552303e-08,Q_upper|budget,logarithmic|131072
6.812920690579594e+22,131072,logarithmic,5.7829754608784825,363.58547333157185,0.999999,one_component_extrapolated,9.783778037408909e-25,9.783777444976202e-25,6.20219445872243e-22,-1.1459433836200514e-11,-1.8332993113318717e-13,-0.41000542872657997,3.027627582030337e-08,Q_upper|budget,logarithmic|131072
8.254041852680206e+22,131072,logarithmic,6.30284848832244,404.3543182678761,0.9999989999999999,one_component_extrapolated,7.838903361169771e-25,7.838903160672888e-25,5.576860951124323e-22,-1.0210980407098265e-11,-1.6001469959432226e-13,-0.4100054287261379,1.2788579974997251e-08,Q_upper|budget,logarithmic|131072
1.0000000000000001e+23,131072,logarithmic,6.869765732758584,449.65678746279565,0.999999,one_component_extrapolated,6.280790944707391e-25,6.280789634286422e-25,5.014997817987182e-22,-9.097991746532235e-12,-1.3967963587797708e-13,-0.41000542872657997,1.043197519514844e-07,Q_upper|budget,logarithmic|131072
1.211527658628585e+23,131072,logarithmic,7.487992547320861,499.99563895266385,0.9999989999999999,one_component_extrapolated,5.032487369672613e-25,5.032487595572612e-25,4.510094953408394e-22,-8.10585735540716e-12,-1.2194102185596674e-13,-0.4100054287261379,2.244416896162399e-08,Q_upper|budget,logarithmic|131072
1.4677992676220616e+23,131072,logarithmic,8.162166634723631,555.9303281104987,0.9999989999999999,one_component_extrapolated,4.0323641790589554e-25,4.03236494168079e-25,4.056313703249514e-22,-7.22154566992258e-12,-1.0646482137969485e-13,-0.4100054287261379,9.456261006619963e-08,Q_upper|budget,logarithmic|131072
1.7782794100389228e+23,131072,logarithmic,8.897343777176532,618.0825433383841,0.999999,one_component_extrapolated,3.231059303208429e-25,3.2310583060491006e-25,3.6484250077492924e-22,-6.433413321156163e-12,-9.296047138378282e-14,-0.41000542872657997,1.543084463918284e-07,Q_upper|budget,logarithmic|131072
2.1544346900318777e+23,131072,logarithmic,9.699067275515517,687.1408914953877,0.999999,one_component_extrapolated,2.5890308528788868e-25,2.5890310522788163e-25,3.281754638501503e-22,-5.731035079821597e-12,-8.11754675298153e-14,-0.41000542872657997,3.850860287657323e-08,Q_upper|budget,logarithmic|131072
2.6101572156825224e+23,131072,logarithmic,10.573343566196584,763.87308625706,0.9999989999999999,one_component_extrapolated,2.074609249289927e-25,2.074609742070357e-25,2.9520974734378173e-22,-5.105138930469622e-12,-7.088949310315033e-14,-0.4100054287261379,1.1876462329134794e-07,Q_upper|budget,logarithmic|131072
3.162277660168379e+23,131072,logarithmic,11.526735260683868,849.1311947632864,0.999999,one_component_extrapolated,1.6624235206273504e-25,1.6624235236122803e-25,2.65568833400083e-22,-4.5474351848439016e-12,-6.191086610500783e-14,-0.41000542872657997,8.977646220296376e-10,Q_upper|budget,logarithmic|131072
3.8311868495572774e+23,131072,logarithmic,12.566414969232294,943.8606652965108,0.9999989999999999,bridge_gap_extrapolated,1.332148550746786e-25,1.332148605698573e-25,2.3891532838252186e-22,-4.050518230137923e-12,-5.4072708053843103e-14,-0.4100054287261379,2.062524710437235e-08,Q_upper|budget,logarithmic|131072
4.6415888336127536e+23,131072,logarithmic,13.700187345171603,1049.1131280558889,0.9999989999999999,bridge_gap_extrapolated,1.0675023873714527e-25,1.0675024866695452e-25,2.149461052065382e-22,-3.607789775915213e-12,-4.7229488312296175e-14,-0.4100054287261379,4.6509539094813764e-08,Q_upper|budget,logarithmic|131072
5.623413251903491e+23,131072,logarithmic,14.936558428305162,1166.0573360765543,0.9999989999999999,bridge_gap_extrapolated,8.554407634200254e-26,8.554405481613315e-26,1.9338910173612312e-22,-3.2133637782907936e-12,-4.125436688158015e-14,-0.4100054287261379,1.2581743253087967e-07,Q_upper|budget,logarithmic|131072
6.812920690579594e+23,131072,logarithmic,16.284832551899086,1295.9895398747685,0.9999989999999997,bridge_gap_extrapolated,6.855124357072672e-26,6.855122895635183e-26,1.7400046362890285e-22,-2.8619818869432596e-12,-3.603687157587073e-14,-0.41000542872569573,1.0659453924583806e-07,Q_upper|budget,logarithmic|131072
8.254041852680139e+23,131072,logarithmic,17.755132951979277,1440.3516410960867,0.999999,bridge_gap_extrapolated,5.493444424193716e-26,5.493444378962638e-26,1.565609219046679e-22,-2.5489617235173348e-12,-3.148059024310383e-14,-0.41000542872657997,4.116823134681797e-09,Q_upper|budget,logarithmic|131072
1e+24,131072,logarithmic,19.358496528570942,1600.7457974312929,0.9999989999999999,bridge_gap_extrapolated,4.402282040554072e-26,4.402282535148548e-26,1.4087357352961625e-22,-2.270127659683264e-12,-2.7501446776951492e-14,-0.4100054287261379,5.6174779751061875e-08,Q_upper|budget,logarithmic|131072
