domain,Q,y_offset,n_total,n_plotted
github,0.4925444030756368,-0.2889804838446411,203752,500
github,0.40882526022669596,-0.2952268934802629,203752,500
github,0.38675107836547984,-0.24472791901708457,203752,500
github,0.6057305196927018,-0.2991770406295141,203752,500
github,0.49529028596104097,-0.27279406856321387,203752,500
github,0.44206461016905935,-0.22444986807113743,203752,500
github,0.43024234295014285,-0.24723872260275281,203752,500
github,0.445408391176605,-0.2607322580368123,203752,500
github,0.45647289507446276,-0.2791370107914368,203752,500
github,0.4349724971567312,-0.26173974581788395,203752,500
github,0.3872658921888199,-0.2727071183471713,203752,500
github,0.37187934465691086,-0.27651128596832525,203752,500
github,0.3906888498896432,-0.2351675108992044,203752,500
github,0.36442336901196354,-0.275673634123353,203752,500
github,0.426765837660169,-0.2882314815597697,203752,500
github,0.32956268901240804,-0.22660264753946863,203752,500
github,0.35299709493519904,-0.23918890642423313,203752,500
github,0.5407266467775514,-0.298617137222223,203752,500
github,0.38415678007715004,-0.25636171212132125,203752,500
github,0.45147014756365056,-0.284149437688648,203752,500
github,0.43118234061058847,-0.2662275619790011,203752,500
github,0.36848374135251954,-0.2900817287763883,203752,500
github,0.47842730625781654,-0.25292622216493854,203752,500
github,0.5267066901100826,-0.25394260451981093,203752,500
github,0.3689887504489873,-0.2934496584131452,203752,500
github,0.4816807192005134,-0.24813931003941953,203752,500
github,0.4849064211971772,-0.22583804816366143,203752,500
github,0.45520129363477435,-0.28787749475848184,203752,500
github,0.4571167435278993,-0.25614985118098954,203752,500
github,0.5262463203445658,-0.25142630436737934,203752,500
github,0.38080030712927276,-0.29817193582683926,203752,500
github,0.4539700493202467,-0.2616774277933745,203752,500
github,0.5014428550673626,-0.24455739724085468,203752,500
github,0.37598416430639,-0.26223124348312904,203752,500
github,0.5692464940321937,-0.26849351867536536,203752,500
github,0.4436305053850509,-0.29994150936792763,203752,500
github,0.5319031385183747,-0.2434140399805128,203752,500
github,0.3288762466920951,-0.22485769673557596,203752,500
github,0.4998614730310096,-0.2231355918433004,203752,500
github,0.42684893258674184,-0.28923735552080143,203752,500
github,0.435200820904757,-0.26034651386174484,203752,500
github,0.3924532949785604,-0.24183187880871349,203752,500
github,0.42452782272639744,-0.28284101172013276,203752,500
github,0.48329389663161776,-0.2738173669769951,203752,500
github,0.3895134741203108,-0.2591648058857578,203752,500
github,0.5058019219626687,-0.297298491925222,203752,500
github,0.4452446256307539,-0.24821010613175268,203752,500
github,0.36767675526031,-0.2400043200449486,203752,500
github,0.45454955779232853,-0.27695613225332194,203752,500
github,0.39436849219650105,-0.2222385572849355,203752,500
github,0.4259671471146319,-0.2495295688543582,203752,500
github,0.47416121166051106,-0.2632415419134294,203752,500
github,0.3742228773967723,-0.2911519664888455,203752,500
github,0.40044880485040346,-0.24403666980473063,203752,500
github,0.3995197085411425,-0.22592316651133187,203752,500
github,0.407768651711767,-0.2448388910761813,203752,500
github,0.4416343751451974,-0.2812598213581992,203752,500
github,0.4163094714042801,-0.24115323541947348,203752,500
github,0.3447573666972947,-0.25609593673802067,203752,500
github,0.48819951785434545,-0.23209383635340292,203752,500
github,0.3863051115110383,-0.28228372687228476,203752,500
github,0.3398493345900665,-0.2614161980343044,203752,500
github,0.41393955902486435,-0.2641736232734847,203752,500
github,0.46281037872395414,-0.24046633429610093,203752,500
github,0.38807543215669604,-0.29287966205043686,203752,500
github,0.2754297250924108,-0.28393000733542023,203752,500
github,0.44750610119922374,-0.22948898768682552,203752,500
github,0.39932032409646634,-0.22205034776099392,203752,500
github,0.42667415677363785,-0.27645510736770185,203752,500
github,0.41663303600409984,-0.2663938491859996,203752,500
github,0.43186305049884355,-0.28482119447454685,203752,500
github,0.49017895451000504,-0.25932134855445804,203752,500
github,0.41196098790573094,-0.2813073191055255,203752,500
github,0.4526309549353778,-0.28926189589883405,203752,500
github,0.3832819838094891,-0.2697390023348556,203752,500
github,0.38208670702853087,-0.2722586898128398,203752,500
github,0.4262132595979903,-0.23245360516221256,203752,500
github,0.4245609790687153,-0.2754529698027482,203752,500
github,0.4913438916637699,-0.23166624194299457,203752,500
github,0.42886241890570104,-0.24014961125588322,203752,500
github,0.41010775659868254,-0.2452070541554513,203752,500
github,0.45071156376657406,-0.2836613660475601,203752,500
github,0.5465309132692678,-0.2766226718298474,203752,500
github,0.38569448210797164,-0.26863865329105846,203752,500
github,0.4079861937733934,-0.26387276205297155,203752,500
github,0.4173144321274426,-0.24639974816596136,203752,500
github,0.4472531644297817,-0.2900860085086084,203752,500
github,0.43990706325002576,-0.2671605093748288,203752,500
github,0.3922121255086637,-0.23244901790354489,203752,500
github,0.37663639075450356,-0.24111263858598533,203752,500
github,0.4778399882602641,-0.2672912800930084,203752,500
github,0.3639313873449539,-0.2447288410065871,203752,500
github,0.4147274177261922,-0.29595518356692746,203752,500
github,0.4214168323561287,-0.26151345723760194,203752,500
github,0.42885122958331606,-0.27676573849317887,203752,500
github,0.4405831679125919,-0.25162845820211555,203752,500
github,0.5764587988468446,-0.24641478651210352,203752,500
github,0.42727171279742054,-0.2995429562264065,203752,500
github,0.35414406349382865,-0.2607896690584346,203752,500
github,0.5402340211403008,-0.24892861679569397,203752,500
github,0.535129452035713,-0.23157357581603305,203752,500
github,0.44085427076426703,-0.29528830517203714,203752,500
github,0.4475364134679737,-0.29212011831700907,203752,500
github,0.40507478806154973,-0.26418744482868406,203752,500
github,0.4657637420300366,-0.24614026926910199,203752,500
github,0.42935377218648385,-0.2924776024906524,203752,500
github,0.4633958663384002,-0.2380445596200422,203752,500
github,0.4796872038238716,-0.2573499482777168,203752,500
github,0.4403849515802218,-0.25866515608030743,203752,500
github,0.4219729280950495,-0.27792185887689175,203752,500
github,0.3065612338639589,-0.2680202488608757,203752,500
github,0.3409209925135703,-0.27461372446101684,203752,500
github,0.3088007974948773,-0.23197723929988523,203752,500
github,0.43085083591168194,-0.29416686283717863,203752,500
github,0.40280027099199056,-0.2448143322562843,203752,500
github,0.2783756679329246,-0.28798688987367793,203752,500
github,0.532259540313673,-0.23005615105568283,203752,500
github,0.3409603132745992,-0.2557455734603589,203752,500
github,0.5581871110509615,-0.24024523086270871,203752,500
github,0.3694463759608633,-0.2321975997218766,203752,500
github,0.43759748781627905,-0.2231110472935137,203752,500
github,0.45717838592477744,-0.23981805355438662,203752,500
github,0.35413591851438664,-0.29884398097277143,203752,500
github,0.37503092023916784,-0.22513619921476663,203752,500
github,0.5061360293659073,-0.25739144645437795,203752,500
github,0.4242347156539146,-0.24495815303891097,203752,500
github,0.4495843702057445,-0.23211416398528012,203752,500
github,0.3445233252555403,-0.2284976272004135,203752,500
github,0.4763601753133684,-0.27769541184313795,203752,500
github,0.48602623724663185,-0.22760596379622422,203752,500
github,0.4174260043714392,-0.2569160621571963,203752,500
github,0.427200379741348,-0.22207763500931932,203752,500
github,0.4014964587476955,-0.25143751823635024,203752,500
github,0.6511250015564471,-0.2866102685931317,203752,500
github,0.4730017306293345,-0.23354430385025687,203752,500
github,0.5409718241305079,-0.2756280067301739,203752,500
github,0.40710292375009266,-0.29138978430367735,203752,500
github,0.4970820756185206,-0.2969328414819494,203752,500
github,0.43035884645257927,-0.26804898810962097,203752,500
github,0.41103030251204514,-0.23831213759032505,203752,500
github,0.3379650875977635,-0.28666878595997847,203752,500
github,0.42809902467707006,-0.23913528160639577,203752,500
github,0.634232780135352,-0.2208534508699238,203752,500
github,0.3998265942695341,-0.2336413041805172,203752,500
github,0.3812320419092476,-0.26421872469872604,203752,500
github,0.4781047795804036,-0.29533431712853386,203752,500
github,0.4179322624147768,-0.28679349038369367,203752,500
github,0.4457367750555825,-0.2874812931176892,203752,500
github,0.42275701842435165,-0.28364550551416173,203752,500
github,0.514722860468409,-0.26503777779120385,203752,500
github,0.49392552398427736,-0.2952899703828938,203752,500
github,0.4521289313225134,-0.22665108905430914,203752,500
github,0.3391293276092315,-0.27869319908234863,203752,500
github,0.3975751833365989,-0.2201218899206256,203752,500
github,0.4099776972962429,-0.2903395162959572,203752,500
github,0.43506613744861244,-0.24684170236928,203752,500
github,0.4424034879644513,-0.29853129479549173,203752,500
github,0.47085145476602086,-0.27476985585793107,203752,500
github,0.5509327598276892,-0.24239653357274443,203752,500
github,0.42226059174349906,-0.29621184791528843,203752,500
github,0.4776396858550373,-0.23999564220506703,203752,500
github,0.4526065368103424,-0.27893052411776753,203752,500
github,0.3562294800715522,-0.27593962314844794,203752,500
github,0.43534527258343364,-0.2859351989607621,203752,500
github,0.5564774400819763,-0.2553576173849573,203752,500
github,0.4041563323308092,-0.27287143273576275,203752,500
github,0.4651210626699541,-0.2623771424268434,203752,500
github,0.26534053575408195,-0.2735470476600441,203752,500
github,0.39044089030081663,-0.28501857696123317,203752,500
github,0.3957074520872381,-0.25323491554895505,203752,500
github,0.4220634460647815,-0.2702299420951262,203752,500
github,0.5752664240446431,-0.22999411897241623,203752,500
github,0.26659398589204725,-0.2606776720944342,203752,500
github,0.3793675024128812,-0.2579636504241583,203752,500
github,0.32072357327021084,-0.23499905445836058,203752,500
github,0.2874880619970658,-0.24998478758185733,203752,500
github,0.4358672013710244,-0.2808916067605917,203752,500
github,0.43688564439571537,-0.24694843513897588,203752,500
github,0.43507808957429794,-0.27732935048125135,203752,500
github,0.5200921682776201,-0.24795423759301322,203752,500
github,0.5352783008418818,-0.2973264934289058,203752,500
github,0.4308715179560612,-0.2755929221151284,203752,500
github,0.4043040666825803,-0.2595163264736374,203752,500
github,0.39253610325278687,-0.2809952252905294,203752,500
github,0.36943921446260675,-0.2697503234259318,203752,500
github,0.4309941035764203,-0.2553270139142725,203752,500
github,0.4120167159519391,-0.293942659472579,203752,500
github,0.5088085821543551,-0.26930662376079767,203752,500
github,0.4609117063963451,-0.27746117831766376,203752,500
github,0.4396031025051975,-0.25820939494475476,203752,500
github,0.48610566914379055,-0.24670932680698637,203752,500
github,0.4186330542235801,-0.26848662764097597,203752,500
github,0.4564199940084577,-0.2380083218283299,203752,500
github,0.31375729314494366,-0.22017520187928177,203752,500
github,0.4532212428150716,-0.2651674930579105,203752,500
github,0.40531349542294387,-0.2697792626721758,203752,500
github,0.44595124788702395,-0.24797398894556444,203752,500
github,0.49881987575347475,-0.2849016661107999,203752,500
github,0.5178147632326163,-0.24942805970249388,203752,500
github,0.4815021752123574,-0.2659861530591681,203752,500
github,0.4316951606341851,-0.23436553482138578,203752,500
github,0.5674481896471916,-0.23411218110991053,203752,500
github,0.42618759041637033,-0.24164468716008644,203752,500
github,0.4151017824319812,-0.2338180936631869,203752,500
github,0.4669670171929317,-0.2809792176056693,203752,500
github,0.3849863236118156,-0.2818744123497717,203752,500
github,0.4045894287714106,-0.2307299552939241,203752,500
github,0.36587441482052246,-0.24891663492014576,203752,500
github,0.35749707107354833,-0.29037775545617406,203752,500
github,0.4789039334758864,-0.2341991012213315,203752,500
github,0.410212466110238,-0.2612531665398663,203752,500
github,0.4763642502600776,-0.2822771026820285,203752,500
github,0.394039779922987,-0.2782067901390116,203752,500
github,0.48294294867510235,-0.23383124145279593,203752,500
github,0.3468217228663141,-0.2735930006193592,203752,500
github,0.4707732220470552,-0.2935059621003397,203752,500
github,0.3281732144552142,-0.2368443409944896,203752,500
github,0.414579076050584,-0.29017868240137396,203752,500
github,0.43554615864712576,-0.23286512281142718,203752,500
github,0.3884488711407091,-0.25831626442415667,203752,500
github,0.41616908615772275,-0.28878338731009057,203752,500
github,0.3755331051853819,-0.26999608846535816,203752,500
github,0.5992699214677961,-0.25511631388494005,203752,500
github,0.2854921373613583,-0.28335678678429627,203752,500
github,0.36305525338612116,-0.24538216982602293,203752,500
github,0.3570239739576858,-0.23129759618251175,203752,500
github,0.3643948466546488,-0.23738138107931397,203752,500
github,0.35043954128383736,-0.2642581531933835,203752,500
github,0.4175897972209378,-0.23466604297604665,203752,500
github,0.45338151472111576,-0.28480778475112595,203752,500
github,0.42651505803219436,-0.27581610829414416,203752,500
github,0.4603414692325704,-0.27633164113471453,203752,500
github,0.5209571116769827,-0.29810147396991804,203752,500
github,0.4047599331753239,-0.2378027753658353,203752,500
github,0.3817965271296835,-0.2810515016488682,203752,500
github,0.3131174644303739,-0.28665625206799433,203752,500
github,0.43096635824956897,-0.27284962548857156,203752,500
github,0.4694293188390673,-0.2565070749239706,203752,500
github,0.41927985680416474,-0.2287684870752874,203752,500
github,0.4378825018698135,-0.23838355451995763,203752,500
github,0.41543146232263883,-0.26958545104339776,203752,500
github,0.39349611997287753,-0.2820160714382798,203752,500
github,0.5009048678584629,-0.2630376007475461,203752,500
github,0.5491066897716037,-0.2837169193039717,203752,500
github,0.33890341492117976,-0.24010995224379414,203752,500
github,0.400032145668491,-0.28833852928747805,203752,500
github,0.5264356525296343,-0.2685794311452386,203752,500
github,0.43400412105022107,-0.2531092209436828,203752,500
github,0.381818555740379,-0.25839341275711664,203752,500
github,0.3813219926836072,-0.26913580265568615,203752,500
github,0.35939072394669525,-0.2639287747802613,203752,500
github,0.4175100058308887,-0.23500681558813247,203752,500
github,0.3552901483088794,-0.22488656262000867,203752,500
github,0.45868872794300514,-0.2250715893129278,203752,500
github,0.5926375444399371,-0.24457286100364806,203752,500
github,0.43151555737235814,-0.2923415788861408,203752,500
github,0.32925609897665115,-0.2926207557172335,203752,500
github,0.4829164319363703,-0.22668439377131208,203752,500
github,0.5068233167781799,-0.284550746984929,203752,500
github,0.36688276056860164,-0.23078702910000182,203752,500
github,0.35895596323579393,-0.2214410425378764,203752,500
github,0.4296223316955913,-0.28664336356833636,203752,500
github,0.3701288172239918,-0.26330550927554475,203752,500
github,0.3880274049207107,-0.23060805935545362,203752,500
github,0.4668012350177033,-0.2631857547247534,203752,500
github,0.39288284652501526,-0.2204858639220902,203752,500
github,0.41356082155316154,-0.23813976115266203,203752,500
github,0.42496506866173933,-0.29046792672818456,203752,500
github,0.6042527570962026,-0.2418489753289674,203752,500
github,0.5377181108230408,-0.24886259156474497,203752,500
github,0.4331765489608106,-0.27028406612709827,203752,500
github,0.4245862309406063,-0.22136991002131187,203752,500
github,0.3760785203045055,-0.24051370245785472,203752,500
github,0.47261194843550614,-0.2556648044158099,203752,500
github,0.4974598371065816,-0.2270545957521083,203752,500
github,0.5433794745360352,-0.2582410238418263,203752,500
github,0.4677425198646434,-0.2908121352010179,203752,500
github,0.4263311376924386,-0.26239159809706913,203752,500
github,0.47449940929927725,-0.2354943618893975,203752,500
github,0.4775086950767605,-0.22637573022499144,203752,500
github,0.5133802550720741,-0.23231378423506455,203752,500
github,0.3874070950444025,-0.2810794518805177,203752,500
github,0.3745664533058877,-0.24223034976781194,203752,500
github,0.4194788014092078,-0.2768326123587877,203752,500
github,0.397211473714275,-0.28883829917317,203752,500
github,0.4485935271987998,-0.23329098129262993,203752,500
github,0.3212535042312087,-0.24467243195825422,203752,500
github,0.4904667623138674,-0.24618753267975574,203752,500
github,0.42311201826059897,-0.2377526946589812,203752,500
github,0.34580517480381767,-0.24275782647416053,203752,500
github,0.5968490839606891,-0.2621387651242135,203752,500
github,0.40329544306627796,-0.24403331097490466,203752,500
github,0.40844190191833774,-0.2908744867735164,203752,500
github,0.46957743056098666,-0.2767802697440266,203752,500
github,0.4644231930880064,-0.28295194991493383,203752,500
github,0.4999544050693111,-0.2713488973345755,203752,500
github,0.6060653065776465,-0.2745581173930021,203752,500
github,0.38186418719470605,-0.298130483255813,203752,500
github,0.25072231440519077,-0.2883122468381372,203752,500
github,0.4699811792170633,-0.290211156181217,203752,500
github,0.43780911199154254,-0.24369733148847836,203752,500
github,0.45465430481744906,-0.23982035349732655,203752,500
github,0.4431398956340139,-0.2829815577950594,203752,500
github,0.44894211058556877,-0.24961541196479375,203752,500
github,0.4740881608256961,-0.26308741768839256,203752,500
github,0.452971275191058,-0.24669814871806878,203752,500
github,0.5514768402012062,-0.25484960160803993,203752,500
github,0.4016442548170769,-0.2943388151841391,203752,500
github,0.4830660041796836,-0.2336643837398366,203752,500
github,0.41548659568442436,-0.22125509364572227,203752,500
github,0.4896748590144734,-0.26200549910678517,203752,500
github,0.5282504217364812,-0.2653230585051082,203752,500
github,0.5261073839924899,-0.2811496576897743,203752,500
github,0.44824821131767056,-0.22325959506779464,203752,500
github,0.3637996418456407,-0.2506439720462893,203752,500
github,0.3295797875283028,-0.25251535831984273,203752,500
github,0.33699872851804213,-0.27053797456133527,203752,500
github,0.46599429718939617,-0.2201722942577607,203752,500
github,0.463236841761968,-0.22436945455105478,203752,500
github,0.3228822010468463,-0.2653889173690822,203752,500
github,0.46685616144942416,-0.26870638603298,203752,500
github,0.46102726141049055,-0.272839679334924,203752,500
github,0.46284961558215826,-0.2567849379172514,203752,500
github,0.3515492041097482,-0.22543447717882964,203752,500
github,0.3682688233995269,-0.2979727006751799,203752,500
github,0.40947800861148426,-0.2269718512232866,203752,500
github,0.38834629696438705,-0.27180711185307554,203752,500
github,0.315838737827229,-0.22971008823011732,203752,500
github,0.3558156738991436,-0.24776654036339626,203752,500
github,0.5728801023338514,-0.29744608627905084,203752,500
github,0.42189816014457254,-0.2751899684576421,203752,500
github,0.43267020981820065,-0.2256196678886385,203752,500
github,0.3050138406848032,-0.2900289634886198,203752,500
github,0.47953809055948754,-0.2686893597008318,203752,500
github,0.3500801693576898,-0.26660439009706366,203752,500
github,0.45748470358402776,-0.22757561880610627,203752,500
github,0.5187481526734861,-0.22530449269434105,203752,500
github,0.5376261905060775,-0.29049199742799753,203752,500
github,0.5031528728978689,-0.22513220030454234,203752,500
github,0.45695442839128164,-0.27802246552455256,203752,500
github,0.41344284837808987,-0.2785688601603801,203752,500
github,0.5110498971115776,-0.26016048484592325,203752,500
github,0.5596443161790113,-0.24844745214352448,203752,500
github,0.3248300384777446,-0.2273569316661224,203752,500
github,0.4445402713763168,-0.2757802590263378,203752,500
github,0.3501793919478356,-0.22399285236491803,203752,500
github,0.4177385690003521,-0.24618475056290717,203752,500
github,0.405469550634995,-0.2589520327595646,203752,500
github,0.39179864979564794,-0.28522144931977994,203752,500
github,0.4270629938515862,-0.2724356560122088,203752,500
github,0.4221553752150876,-0.24012946938315072,203752,500
github,0.39610369183537475,-0.2937621675775709,203752,500
github,0.4286825708739824,-0.2389688771379722,203752,500
github,0.511728585277713,-0.24417249378293993,203752,500
github,0.41733129456032847,-0.23790698123647827,203752,500
github,0.46642912771144296,-0.29695462524405786,203752,500
github,0.46967535378789355,-0.2986733094331286,203752,500
github,0.4327809198879368,-0.2801217195762548,203752,500
github,0.36801482830528487,-0.25096618695910133,203752,500
github,0.419673110212206,-0.29828754196341495,203752,500
github,0.4132542018569282,-0.29223583657726476,203752,500
github,0.4876154091450343,-0.265562888967711,203752,500
github,0.3826257164163596,-0.26190802252189505,203752,500
github,0.4412006861578249,-0.26599057678916826,203752,500
github,0.3532875521279113,-0.23212006312134636,203752,500
github,0.4312157052393644,-0.28360466216968444,203752,500
github,0.47529372724550917,-0.2668122827785474,203752,500
github,0.4610022939053242,-0.25174792143327784,203752,500
github,0.36095074849032815,-0.28033380661890517,203752,500
github,0.41193867765364106,-0.29801132896427207,203752,500
github,0.425788489452425,-0.2505539020927017,203752,500
github,0.5354523661292911,-0.22483248062982292,203752,500
github,0.3938301782591852,-0.22145017903765324,203752,500
github,0.4009132525197848,-0.23674585872230014,203752,500
github,0.3475255992117821,-0.2644674140248419,203752,500
github,0.4719892614133774,-0.2776871513951849,203752,500
github,0.4846159415975989,-0.29756740875630483,203752,500
github,0.46657181199374165,-0.2791194428828338,203752,500
github,0.4105044576124836,-0.249385557352566,203752,500
github,0.36938314687808627,-0.29769742205128863,203752,500
github,0.3725989497112699,-0.2976150253576179,203752,500
github,0.49613921461909427,-0.2982047599683082,203752,500
github,0.3739468955471775,-0.28231820516694056,203752,500
github,0.5445473817118698,-0.26970452030523334,203752,500
github,0.35819338740106177,-0.26582525366191756,203752,500
github,0.431556249990967,-0.27452286516804203,203752,500
github,0.4813716794119496,-0.24898375554504595,203752,500
github,0.4154248918064935,-0.24427118462558883,203752,500
github,0.40255680225523555,-0.22254626085715495,203752,500
github,0.4212902745184879,-0.296902056001513,203752,500
github,0.42400139837928863,-0.257948489520522,203752,500
github,0.38358707423135324,-0.2695723253900968,203752,500
github,0.3856033161700564,-0.2313798608769188,203752,500
github,0.4484120756115647,-0.2513420783438528,203752,500
github,0.4271416650925516,-0.27163474420059425,203752,500
github,0.5203950366181461,-0.25837520970118544,203752,500
github,0.4639142445871366,-0.24914298009516928,203752,500
github,0.41942721690153617,-0.25802567334702825,203752,500
github,0.44398641005666495,-0.26510684847296057,203752,500
github,0.3846724982145716,-0.28940020303255926,203752,500
github,0.5319351041567969,-0.2510439241987404,203752,500
github,0.46809778956796694,-0.23864967726976435,203752,500
github,0.38274634816534925,-0.2270656136216478,203752,500
github,0.3307229922107812,-0.2881482156894806,203752,500
github,0.47471744124365073,-0.2871598928126444,203752,500
github,0.4072729914173417,-0.23065816912626697,203752,500
github,0.42624277986796344,-0.26299865198329336,203752,500
github,0.4874418121768197,-0.29198686241816757,203752,500
github,0.46380275210530086,-0.28685364700298077,203752,500
github,0.46206935561752127,-0.2869898379908428,203752,500
github,0.3584442906196242,-0.2943636758453331,203752,500
github,0.33316836142307865,-0.27399047875603316,203752,500
github,0.41587948099442873,-0.255199783911431,203752,500
github,0.39752722707950394,-0.26307017017850237,203752,500
github,0.434443569717217,-0.22689708040852324,203752,500
github,0.4957434504811594,-0.27048649197687324,203752,500
github,0.40365351535222216,-0.27029267583151206,203752,500
github,0.5377989883356211,-0.2362195698816653,203752,500
github,0.49582903045729043,-0.2557911479554208,203752,500
github,0.5535804296518346,-0.2676690566976293,203752,500
github,0.4410128866409381,-0.28771506435674804,203752,500
github,0.39766099712997405,-0.2999876357199166,203752,500
github,0.44264814603223374,-0.28249427756158035,203752,500
github,0.4575729208727372,-0.2802298989550603,203752,500
github,0.5108093369238265,-0.26297692884825724,203752,500
github,0.5129174357023073,-0.2681772206346658,203752,500
github,0.4216150122374973,-0.2823129460407169,203752,500
github,0.38869533271764223,-0.23845977484234038,203752,500
github,0.3952165602075499,-0.2953439011410328,203752,500
github,0.4172649442803965,-0.2803361994385391,203752,500
github,0.49305087598404784,-0.22762513373165982,203752,500
github,0.4973033056447136,-0.23361695079476755,203752,500
github,0.3446969524547568,-0.2626044221613527,203752,500
github,0.5285057887435964,-0.2378718814437979,203752,500
github,0.5213623343478813,-0.24123116236644737,203752,500
github,0.5026846498863257,-0.22538015626844615,203752,500
github,0.37162209229132176,-0.25388354809601943,203752,500
github,0.403490470667294,-0.2892299997844513,203752,500
github,0.41131969194683204,-0.27624092186689836,203752,500
github,0.41217168982569136,-0.23429600140591267,203752,500
github,0.3421107954960846,-0.25621436538170045,203752,500
github,0.4232520800844616,-0.2840140670519446,203752,500
github,0.5002734108251092,-0.24672025571516248,203752,500
github,0.4820771018929326,-0.276539905088316,203752,500
github,0.3991358149761596,-0.2856900171294558,203752,500
github,0.41432754978909314,-0.28348085376782606,203752,500
github,0.3634101922815067,-0.27040170567303495,203752,500
github,0.3350893814027897,-0.28166695627997856,203752,500
github,0.4344932150833409,-0.2931339461190437,203752,500
github,0.40471604108339765,-0.2912745921608084,203752,500
github,0.4738111658339962,-0.29056567817207246,203752,500
github,0.517114260973741,-0.27869396826367837,203752,500
github,0.4888314005351286,-0.2637053937886954,203752,500
github,0.4412478729205606,-0.23428726197237829,203752,500
github,0.48467065863381364,-0.23481820887863225,203752,500
github,0.5201246311381815,-0.24252194335558547,203752,500
github,0.31657938251165957,-0.27664158773400743,203752,500
github,0.40132029505378375,-0.29887652800621634,203752,500
github,0.38384599550859594,-0.24459327096080746,203752,500
github,0.37320552136371776,-0.2544874929646434,203752,500
github,0.39806231838578815,-0.2891354193643672,203752,500
github,0.4607132264016539,-0.2663592327426993,203752,500
github,0.3731885152729895,-0.2521693453502484,203752,500
github,0.4417571656953029,-0.2823906099842534,203752,500
github,0.4863151608525683,-0.2493819362742218,203752,500
github,0.5124046226049626,-0.24762090211494,203752,500
github,0.4286904264944586,-0.26713572038064537,203752,500
github,0.47129520737415953,-0.2701608135635113,203752,500
github,0.41710999970964713,-0.2322385733087125,203752,500
github,0.44507960457319645,-0.2750616740283376,203752,500
github,0.3955699870490547,-0.25201382264588584,203752,500
github,0.36446433886617513,-0.2856591137047172,203752,500
github,0.2469416598165004,-0.29603757774325906,203752,500
github,0.5023611792891752,-0.2668788497069403,203752,500
github,0.38737368308464437,-0.2614594375400365,203752,500
github,0.37657870004139304,-0.2497014336165162,203752,500
github,0.42740600422682584,-0.2955469735861024,203752,500
github,0.52292360507943,-0.29273282079228174,203752,500
github,0.4830210790917334,-0.2278760501375433,203752,500
github,0.417165447346829,-0.23398571943455318,203752,500
github,0.41483981741722464,-0.2715685933689567,203752,500
github,0.3257241382517825,-0.28651392522424163,203752,500
github,0.558375094607455,-0.26623136089397176,203752,500
github,0.4454938926499632,-0.2830891660920672,203752,500
github,0.40068184232118115,-0.27851276484771775,203752,500
github,0.45322257481191963,-0.2735013622451283,203752,500
github,0.4092935028597501,-0.2495017948328373,203752,500
github,0.37695650425185534,-0.23872186247083607,203752,500
github,0.4171607514831174,-0.2660980781362401,203752,500
github,0.44402439769282614,-0.2929088479114759,203752,500
github,0.39287616471270803,-0.28907869351779214,203752,500
github,0.47457253319878506,-0.24454625907722072,203752,500
github,0.4063309335047296,-0.2750671892929274,203752,500
github,0.5449108877907851,-0.2774342590635928,203752,500
github,0.5669308901507317,-0.27438481874478626,203752,500
github,0.396986871365525,-0.2515931306503983,203752,500
github,0.3578241357553323,-0.26123128679817986,203752,500
github,0.4111822036017031,-0.291999112242689,203752,500
github,0.4103089318486769,-0.2791348611404412,203752,500
github,0.43807047612738337,-0.26979157795665254,203752,500
wikipedia,0.4143314880029879,-0.27649064019209973,10000,500
wikipedia,0.4254072172887603,-0.27496968291862667,10000,500
wikipedia,0.5142834548694936,-0.22739152708832305,10000,500
wikipedia,0.4735140208084429,-0.28877316464841934,10000,500
wikipedia,0.4361703171919153,-0.2622632491669617,10000,500
wikipedia,0.6931175399112436,-0.26164210270607857,10000,500
wikipedia,0.563110450427964,-0.2629731818289495,10000,500
wikipedia,0.42583734928320427,-0.23660998266519695,10000,500
wikipedia,0.6178943211045372,-0.2689130900617772,10000,500
wikipedia,0.557901422639745,-0.25476682874407464,10000,500
wikipedia,0.4366996903130932,-0.23289050443010295,10000,500
wikipedia,0.5654511422392747,-0.2951899858820814,10000,500
wikipedia,0.4831695445697446,-0.22687838034061764,10000,500
wikipedia,0.44848416739425334,-0.22234898532730357,10000,500
wikipedia,0.550222317332047,-0.2847591855973799,10000,500
wikipedia,0.5648266547577039,-0.26842534432188014,10000,500
wikipedia,0.399356085111224,-0.2446545085499861,10000,500
wikipedia,0.2806082481099844,-0.26168149465911855,10000,500
wikipedia,0.4175925741066983,-0.2637399576897487,10000,500
wikipedia,0.6824755278672182,-0.27048533799413377,10000,500
wikipedia,0.40238736507065215,-0.22531649277611926,10000,500
wikipedia,0.6767820678188184,-0.24288345075623455,10000,500
wikipedia,0.4194709888678683,-0.293565181287405,10000,500
wikipedia,0.4362084944840598,-0.29900789622420987,10000,500
wikipedia,0.39922131500836144,-0.2574216660644475,10000,500
wikipedia,0.41910267337348517,-0.2528395724198126,10000,500
wikipedia,0.5191188514044527,-0.25943326484337814,10000,500
wikipedia,0.5245251688034808,-0.24937840419844032,10000,500
wikipedia,0.4531211180875653,-0.2840475529135968,10000,500
wikipedia,0.43614776109085585,-0.23657596629592625,10000,500
wikipedia,0.3831723363247778,-0.27564318883442956,10000,500
wikipedia,0.5878575920578626,-0.2483718205276485,10000,500
wikipedia,0.6309607887666566,-0.24611385893492205,10000,500
wikipedia,0.6296108149055343,-0.2921599307133015,10000,500
wikipedia,0.46936857278857724,-0.22152051139470974,10000,500
wikipedia,0.5655656545376673,-0.23126640595824632,10000,500
wikipedia,0.6915868111573027,-0.2256839736592598,10000,500
wikipedia,0.3791982625826345,-0.2818814794351159,10000,500
wikipedia,0.6476732779392209,-0.26129355646860547,10000,500
wikipedia,0.5568969138847706,-0.2682499706272826,10000,500
wikipedia,0.3837167714082309,-0.22030608500513457,10000,500
wikipedia,0.539574373205163,-0.2407540283437892,10000,500
wikipedia,0.3790459219506712,-0.2339256238049694,10000,500
wikipedia,0.6261718371477452,-0.25235666512688815,10000,500
wikipedia,0.6729690986783112,-0.28594782834163485,10000,500
wikipedia,0.6161340359095602,-0.23881290304636732,10000,500
wikipedia,0.4530166308510174,-0.2717370009617625,10000,500
wikipedia,0.6131244589315005,-0.22354004945377076,10000,500
wikipedia,0.5179583712445202,-0.24488583740552577,10000,500
wikipedia,0.3706259280604415,-0.2632304452484759,10000,500
wikipedia,0.5273254603723834,-0.27056326259835045,10000,500
wikipedia,0.44976691425897497,-0.22492711591281384,10000,500
wikipedia,0.43120113516358555,-0.25463300929002375,10000,500
wikipedia,0.6413886265050872,-0.2565027633403095,10000,500
wikipedia,0.48188712721685156,-0.29765616844989984,10000,500
wikipedia,0.4533431769655727,-0.24604341563645257,10000,500
wikipedia,0.7174553862198534,-0.2928845582951901,10000,500
wikipedia,0.5520440390988878,-0.26639184455231946,10000,500
wikipedia,0.3569900761720576,-0.2620566234870904,10000,500
wikipedia,0.45555256374316855,-0.2713592458137133,10000,500
wikipedia,0.3663797358321445,-0.2741786973354255,10000,500
wikipedia,0.4875726136317057,-0.24831319215858808,10000,500
wikipedia,0.49939091832889987,-0.26181633708015173,10000,500
wikipedia,0.4130331984123604,-0.26749548054678607,10000,500
wikipedia,0.6186915663660562,-0.2430828289560742,10000,500
wikipedia,0.7071594923016881,-0.2979557973380269,10000,500
wikipedia,0.34777025477841983,-0.2257328126365985,10000,500
wikipedia,0.6657185918896457,-0.24727376585321198,10000,500
wikipedia,0.4203116963541804,-0.24368618575586734,10000,500
wikipedia,0.3681782442522644,-0.23090585136448688,10000,500
wikipedia,0.5095015713331443,-0.24069460294072698,10000,500
wikipedia,0.5709925301142194,-0.2671549456639092,10000,500
wikipedia,0.3453586900221258,-0.26292886615352895,10000,500
wikipedia,0.4861593627960422,-0.2724237597406589,10000,500
wikipedia,0.6451695052071399,-0.29515347782448187,10000,500
wikipedia,0.45722802627441095,-0.24909490674377044,10000,500
wikipedia,0.6357527908598393,-0.25115661890205454,10000,500
wikipedia,0.4164248142376876,-0.27178465084243525,10000,500
wikipedia,0.5530967504856168,-0.2286698992758648,10000,500
wikipedia,0.5852134453840869,-0.2280575128897271,10000,500
wikipedia,0.6010634159512029,-0.2803203519817404,10000,500
wikipedia,0.4151834559026444,-0.2324185882279371,10000,500
wikipedia,0.6002081712770696,-0.2670059297732721,10000,500
wikipedia,0.42293558315328195,-0.2919694918141665,10000,500
wikipedia,0.6286314229468549,-0.2772246466190002,10000,500
wikipedia,0.5978063359784292,-0.23400546187757532,10000,500
wikipedia,0.5872176246701611,-0.2567638909587294,10000,500
wikipedia,0.4526977187035894,-0.29343400061178115,10000,500
wikipedia,0.5941401008014692,-0.2305062800374404,10000,500
wikipedia,0.6611947685594468,-0.29418476192067966,10000,500
wikipedia,0.5853145101987266,-0.26615618348368597,10000,500
wikipedia,0.6143154681436719,-0.26698763076330634,10000,500
wikipedia,0.3702131145730204,-0.2823427204997428,10000,500
wikipedia,0.3628931374050094,-0.25058056821260566,10000,500
wikipedia,0.4826470928374646,-0.2521618792762353,10000,500
wikipedia,0.3646602789093829,-0.2681742621034752,10000,500
wikipedia,0.588061692148381,-0.25234368028658016,10000,500
wikipedia,0.47771306481546905,-0.24759738078671006,10000,500
wikipedia,0.4516689860476134,-0.2548315270445199,10000,500
wikipedia,0.5838819312785777,-0.25839801780581645,10000,500
wikipedia,0.644815413670943,-0.2710244684912367,10000,500
wikipedia,0.7119845890662249,-0.22975748814905483,10000,500
wikipedia,0.6113544320102934,-0.25496102821379885,10000,500
wikipedia,0.5430233937038836,-0.2639293540451181,10000,500
wikipedia,0.6213912054860815,-0.29101112912554417,10000,500
wikipedia,0.5240994659142909,-0.26992757434958586,10000,500
wikipedia,0.5580740627492442,-0.23349085837167882,10000,500
wikipedia,0.563019269133957,-0.2916609294664215,10000,500
wikipedia,0.469738593165146,-0.28938275458784907,10000,500
wikipedia,0.6113377225488061,-0.25570580461452275,10000,500
wikipedia,0.44767884831910887,-0.2617449805476139,10000,500
wikipedia,0.4970104283460371,-0.28397004354438016,10000,500
wikipedia,0.5906967318102565,-0.2903765583294581,10000,500
wikipedia,0.587890559915438,-0.2811968814037348,10000,500
wikipedia,0.4250906761488656,-0.22990194649801848,10000,500
wikipedia,0.6100696062642675,-0.269079852420183,10000,500
wikipedia,0.39834469643212567,-0.22235427984123174,10000,500
wikipedia,0.42881740227240356,-0.22279856448078128,10000,500
wikipedia,0.5608216723206214,-0.24514133895462883,10000,500
wikipedia,0.6538453110353831,-0.23237210017214233,10000,500
wikipedia,0.5497752430677266,-0.22477492525074078,10000,500
wikipedia,0.4819494262599548,-0.22560781331010726,10000,500
wikipedia,0.39431149512679353,-0.29060141829831426,10000,500
wikipedia,0.408625073792224,-0.22076441506827807,10000,500
wikipedia,0.5454773095203008,-0.22505023680811634,10000,500
wikipedia,0.6566096781585125,-0.2708187911647751,10000,500
wikipedia,0.6753591515114648,-0.23510951995986715,10000,500
wikipedia,0.3885769482146446,-0.2680244699190602,10000,500
wikipedia,0.3865368852511089,-0.279651972560452,10000,500
wikipedia,0.5491050424050254,-0.22939842628843904,10000,500
wikipedia,0.3588307722593031,-0.2693636356568584,10000,500
wikipedia,0.5616574687673975,-0.27434787518517323,10000,500
wikipedia,0.6229988373463236,-0.2671691816097561,10000,500
wikipedia,0.5962942197060654,-0.24274844713604604,10000,500
wikipedia,0.5171424807171819,-0.23097972041812304,10000,500
wikipedia,0.6190550790981958,-0.24993291509768192,10000,500
wikipedia,0.637064093476988,-0.24617078679252452,10000,500
wikipedia,0.5057327191035574,-0.22632289239307674,10000,500
wikipedia,0.3197036717398595,-0.23437840555641737,10000,500
wikipedia,0.47874733665464025,-0.2624653546126006,10000,500
wikipedia,0.4947632591452975,-0.27111291718020486,10000,500
wikipedia,0.49934615518518094,-0.24843702579881652,10000,500
wikipedia,0.5772678155606422,-0.24615935094616664,10000,500
wikipedia,0.5433381698438412,-0.2213423342980813,10000,500
wikipedia,0.4471891236952212,-0.23386414924690863,10000,500
wikipedia,0.46098027665311614,-0.24296973213901546,10000,500
wikipedia,0.5003678227365596,-0.22987139564745054,10000,500
wikipedia,0.4800096243190513,-0.2864895364123491,10000,500
wikipedia,0.5027793937825675,-0.2688078276063914,10000,500
wikipedia,0.44501678040074094,-0.22417085912191828,10000,500
wikipedia,0.6505996865473185,-0.23761194316214476,10000,500
wikipedia,0.44779589130738884,-0.29861138057609454,10000,500
wikipedia,0.5150874378463338,-0.2632818806032599,10000,500
wikipedia,0.49670419941956523,-0.23857617467131345,10000,500
wikipedia,0.4764003653084253,-0.22905057549349317,10000,500
wikipedia,0.45419191196812625,-0.22675797891905888,10000,500
wikipedia,0.46318199869672094,-0.24866362472695563,10000,500
wikipedia,0.3822853921906527,-0.27172269619899025,10000,500
wikipedia,0.7141308871429275,-0.2592457617698623,10000,500
wikipedia,0.48226120132467604,-0.28189190145100657,10000,500
wikipedia,0.3757080538725745,-0.28039441901843126,10000,500
wikipedia,0.581542530104557,-0.25172634004200634,10000,500
wikipedia,0.43857952077526985,-0.23448699552207783,10000,500
wikipedia,0.5979058411572808,-0.26383912602711596,10000,500
wikipedia,0.4269266971287564,-0.22952089777872803,10000,500
wikipedia,0.43701850528960123,-0.23293431860615088,10000,500
wikipedia,0.4736858893425662,-0.24457515669159932,10000,500
wikipedia,0.5058348280622015,-0.29196740436177565,10000,500
wikipedia,0.5034174169176994,-0.27748622662599687,10000,500
wikipedia,0.49673650470988456,-0.284434894644937,10000,500
wikipedia,0.5202195036022134,-0.22035621426093893,10000,500
wikipedia,0.4948156131519079,-0.29298262003972614,10000,500
wikipedia,0.6140161023315281,-0.2861446034372632,10000,500
wikipedia,0.47623197164161973,-0.2465890314928,10000,500
wikipedia,0.5065829793482217,-0.25261407960312565,10000,500
wikipedia,0.5065635817853048,-0.2332929647492476,10000,500
wikipedia,0.4770681715621092,-0.291013964245773,10000,500
wikipedia,0.3695107767619026,-0.2811442995262051,10000,500
wikipedia,0.55045979982012,-0.25109147693037664,10000,500
wikipedia,0.47275164205805814,-0.2782289124957228,10000,500
wikipedia,0.5326390431158172,-0.2385670480254944,10000,500
wikipedia,0.3858178184560098,-0.2669436880597117,10000,500
wikipedia,0.5020128959201211,-0.25382941933780473,10000,500
wikipedia,0.482306634277442,-0.23943878755137976,10000,500
wikipedia,0.39582557602145496,-0.22100819916645634,10000,500
wikipedia,0.3721679806867969,-0.29386100861826886,10000,500
wikipedia,0.5099286938008386,-0.23313512314078694,10000,500
wikipedia,0.5044516620577915,-0.28631326079582764,10000,500
wikipedia,0.27354922530208514,-0.2714140797283847,10000,500
wikipedia,0.6783141213843173,-0.26966392622139923,10000,500
wikipedia,0.4517759090825998,-0.2580875219261685,10000,500
wikipedia,0.5616537873438048,-0.22806121693870557,10000,500
wikipedia,0.6419308837282409,-0.27922746106740615,10000,500
wikipedia,0.3716971636064247,-0.2647452446977433,10000,500
wikipedia,0.5124716584954934,-0.22487004247733072,10000,500
wikipedia,0.4122585499777813,-0.23942484764401076,10000,500
wikipedia,0.513267651083565,-0.26323247796276944,10000,500
wikipedia,0.5649663616684134,-0.24151815615807465,10000,500
wikipedia,0.682778315290738,-0.2452005601166099,10000,500
wikipedia,0.391256954121234,-0.2207364743278293,10000,500
wikipedia,0.5788309174060576,-0.2465473196262148,10000,500
wikipedia,0.5503603538760556,-0.2596140299121497,10000,500
wikipedia,0.542325892217555,-0.2995468969548004,10000,500
wikipedia,0.3684388104005535,-0.2646491842334624,10000,500
wikipedia,0.43499618476434654,-0.23903744419599005,10000,500
wikipedia,0.5517212482349562,-0.22534710302142347,10000,500
wikipedia,0.5950598984159877,-0.2566914479861653,10000,500
wikipedia,0.3550332661792216,-0.2800038576053955,10000,500
wikipedia,0.4489435472354115,-0.2776421394406861,10000,500
wikipedia,0.6034666685522095,-0.22081553769979195,10000,500
wikipedia,0.3222918748786111,-0.23786059262472414,10000,500
wikipedia,0.5255357977211711,-0.23573996977367243,10000,500
wikipedia,0.5500108052035826,-0.2471405920680192,10000,500
wikipedia,0.5654470676985799,-0.2831283573932837,10000,500
wikipedia,0.43001343635344924,-0.2599249234071506,10000,500
wikipedia,0.42667754029334254,-0.29451133243086336,10000,500
wikipedia,0.5020265648668135,-0.2217243481357817,10000,500
wikipedia,0.6187598255981192,-0.22972608051084503,10000,500
wikipedia,0.6708385046755263,-0.2581197186631543,10000,500
wikipedia,0.5476356273230418,-0.2334072040016783,10000,500
wikipedia,0.6403564874974459,-0.29456314348440144,10000,500
wikipedia,0.28777145338413207,-0.2583467829625888,10000,500
wikipedia,0.4981617788331961,-0.2426479931319377,10000,500
wikipedia,0.42768988947771164,-0.267517419960448,10000,500
wikipedia,0.4564044420892487,-0.22712672458907113,10000,500
wikipedia,0.3360522915341412,-0.2372123608864014,10000,500
wikipedia,0.5623312460757239,-0.2582370596554436,10000,500
wikipedia,0.5214924925027904,-0.2616971791828413,10000,500
wikipedia,0.5200292055749267,-0.23806367325766586,10000,500
wikipedia,0.5390070957567689,-0.28150254365631255,10000,500
wikipedia,0.42908293454592467,-0.22191441727807215,10000,500
wikipedia,0.4840502419813941,-0.2835247800657758,10000,500
wikipedia,0.5037025875317346,-0.2883271142042024,10000,500
wikipedia,0.44641593572063937,-0.2843033051556682,10000,500
wikipedia,0.5963914879111053,-0.2910945056979617,10000,500
wikipedia,0.4993996414280629,-0.22127146372965462,10000,500
wikipedia,0.410022853977113,-0.28163537481875633,10000,500
wikipedia,0.7323852172547558,-0.2750061139681362,10000,500
wikipedia,0.42219478525095055,-0.28806762640094286,10000,500
wikipedia,0.4780321074269178,-0.24746238168328252,10000,500
wikipedia,0.4653407831011426,-0.22467225380696892,10000,500
wikipedia,0.3871733008762731,-0.26617268339968614,10000,500
wikipedia,0.6896259693636577,-0.28867400002086524,10000,500
wikipedia,0.5363497544319347,-0.26375706317195613,10000,500
wikipedia,0.39073631342469933,-0.25234769575038934,10000,500
wikipedia,0.5425089943466729,-0.2817083453868887,10000,500
wikipedia,0.5485128710034664,-0.27335809838625114,10000,500
wikipedia,0.48925922575036845,-0.25434231663375706,10000,500
wikipedia,0.5646906800415641,-0.2955260825945562,10000,500
wikipedia,0.6992392573183881,-0.24859246863710852,10000,500
wikipedia,0.5947592162194312,-0.25583089753034344,10000,500
wikipedia,0.47501808243385846,-0.26450332848186037,10000,500
wikipedia,0.45009849168639937,-0.2263456970953207,10000,500
wikipedia,0.4649985161901697,-0.29824648249908503,10000,500
wikipedia,0.5805388464768942,-0.2300646289977844,10000,500
wikipedia,0.6227098492153527,-0.2291088474758225,10000,500
wikipedia,0.49626941538037306,-0.23412799357163813,10000,500
wikipedia,0.3463862492052377,-0.23721801635702,10000,500
wikipedia,0.4494060109870205,-0.27275779156518026,10000,500
wikipedia,0.6509077584280898,-0.22656114395029733,10000,500
wikipedia,0.5248635179347286,-0.26506134173813944,10000,500
wikipedia,0.3604366732626613,-0.28196030840915715,10000,500
wikipedia,0.5723222151804388,-0.24655356951077054,10000,500
wikipedia,0.48249643049528645,-0.24456104821491953,10000,500
wikipedia,0.47160950410643643,-0.2995331523058736,10000,500
wikipedia,0.4379792156688856,-0.2629738328222468,10000,500
wikipedia,0.4514554607233225,-0.28046173238851557,10000,500
wikipedia,0.6359149389834554,-0.26086100094944586,10000,500
wikipedia,0.4827555123443047,-0.23157752213655763,10000,500
wikipedia,0.4708816026975772,-0.23595654385676457,10000,500
wikipedia,0.4051506865028197,-0.22658405336374976,10000,500
wikipedia,0.5106492885362679,-0.2663679882446127,10000,500
wikipedia,0.4595347299169689,-0.2666142622459117,10000,500
wikipedia,0.5038715566634273,-0.2601949009138493,10000,500
wikipedia,0.3844300179015609,-0.2709248585718096,10000,500
wikipedia,0.49365675779983464,-0.22716930710373484,10000,500
wikipedia,0.41845051886133133,-0.2681086499232263,10000,500
wikipedia,0.4347270222644367,-0.25395833528407713,10000,500
wikipedia,0.45006583143215934,-0.29329227515692585,10000,500
wikipedia,0.4781429755291901,-0.2673874759080491,10000,500
wikipedia,0.6156486231466115,-0.2662236624239049,10000,500
wikipedia,0.44528775456903896,-0.2425005474127331,10000,500
wikipedia,0.46462168694694234,-0.23965899082808434,10000,500
wikipedia,0.5760202968588086,-0.28135817086468096,10000,500
wikipedia,0.6378330414562597,-0.2986177657331914,10000,500
wikipedia,0.40655625708690846,-0.2416166770855051,10000,500
wikipedia,0.5246038856220744,-0.2725081809962061,10000,500
wikipedia,0.5740054088645391,-0.28252598287104513,10000,500
wikipedia,0.5736064541896837,-0.2969675996746125,10000,500
wikipedia,0.5095275623209737,-0.28948669917203557,10000,500
wikipedia,0.4680452026833895,-0.261658422211672,10000,500
wikipedia,0.5818718912860256,-0.28854662973087464,10000,500
wikipedia,0.3758423998164199,-0.2593127007054847,10000,500
wikipedia,0.4739220556906781,-0.2204034620807837,10000,500
wikipedia,0.4138942692560839,-0.2229844316856663,10000,500
wikipedia,0.6742994689559753,-0.2595152967585067,10000,500
wikipedia,0.36862080951230464,-0.2319390690712992,10000,500
wikipedia,0.5129387061117575,-0.2640246699026471,10000,500
wikipedia,0.6070250796754099,-0.27871565803978016,10000,500
wikipedia,0.6308844675672456,-0.2535827567040678,10000,500
wikipedia,0.45380870845245863,-0.2797094034484153,10000,500
wikipedia,0.38862171887749547,-0.22214457431886586,10000,500
wikipedia,0.48764472065014336,-0.26842347047030635,10000,500
wikipedia,0.6222766018248886,-0.22780187507880278,10000,500
wikipedia,0.5574999829028555,-0.2314421251233077,10000,500
wikipedia,0.4353064701894773,-0.22400932138470142,10000,500
wikipedia,0.49944935366852583,-0.2792755036341757,10000,500
wikipedia,0.43669841974249957,-0.27197160932507863,10000,500
wikipedia,0.5097279954817846,-0.22548399281764525,10000,500
wikipedia,0.5787270793122896,-0.2614250371740593,10000,500
wikipedia,0.5265458175161774,-0.25502770276179754,10000,500
wikipedia,0.4301232171469632,-0.24408876696385953,10000,500
wikipedia,0.673165969479588,-0.27429679484428215,10000,500
wikipedia,0.5605422774358744,-0.23826948367209289,10000,500
wikipedia,0.41841827800239556,-0.26570964895257,10000,500
wikipedia,0.5836485240377788,-0.24210738357488323,10000,500
wikipedia,0.5103590482179323,-0.24114050575914941,10000,500
wikipedia,0.4506593531646472,-0.24360223536839304,10000,500
wikipedia,0.5164019092842553,-0.22194547717284302,10000,500
wikipedia,0.4392286857618542,-0.28439840441811437,10000,500
wikipedia,0.5202100768186737,-0.2848311225646085,10000,500
wikipedia,0.45303920401454967,-0.24632924003278991,10000,500
wikipedia,0.466206253534531,-0.2521946381079928,10000,500
wikipedia,0.3727430934872983,-0.2860434556310098,10000,500
wikipedia,0.4663730957615858,-0.29064860890613287,10000,500
wikipedia,0.35236572468919325,-0.29542996267662525,10000,500
wikipedia,0.3110324548491459,-0.24253120950892038,10000,500
wikipedia,0.5966208894185467,-0.28551836791238644,10000,500
wikipedia,0.47369075197662747,-0.24135286523974708,10000,500
wikipedia,0.6632664372155601,-0.23790719090178203,10000,500
wikipedia,0.6155774240035783,-0.224936405200023,10000,500
wikipedia,0.5044340429777139,-0.2861850658367759,10000,500
wikipedia,0.45044977087642957,-0.24580659681660927,10000,500
wikipedia,0.5899135135395321,-0.2638628944924262,10000,500
wikipedia,0.46205766307671403,-0.29168885228416397,10000,500
wikipedia,0.5629743677813978,-0.2294934269336717,10000,500
wikipedia,0.5215098641072984,-0.2943176264459063,10000,500
wikipedia,0.5058951492950782,-0.2957521169680049,10000,500
wikipedia,0.40094043789734596,-0.24666606493813792,10000,500
wikipedia,0.7090077853987392,-0.2607429482974287,10000,500
wikipedia,0.49529031659298334,-0.23064038814903026,10000,500
wikipedia,0.5205792296666852,-0.2556242678598942,10000,500
wikipedia,0.31480382253341893,-0.23215673904045328,10000,500
wikipedia,0.38638908619847945,-0.22380960430264363,10000,500
wikipedia,0.5855938761981612,-0.22496627530343238,10000,500
wikipedia,0.5136700709522721,-0.2870272507605191,10000,500
wikipedia,0.5753877406012884,-0.22457860558858328,10000,500
wikipedia,0.42920662778406704,-0.2558349757168046,10000,500
wikipedia,0.4138775939142856,-0.22798995498744876,10000,500
wikipedia,0.6222781296717085,-0.28219123392884154,10000,500
wikipedia,0.5287786723538467,-0.2835795768531719,10000,500
wikipedia,0.6265949068566655,-0.2626933179008723,10000,500
wikipedia,0.463840447646251,-0.27519546626928526,10000,500
wikipedia,0.41845819974528575,-0.2908626972162276,10000,500
wikipedia,0.4753780501611874,-0.2411401893652252,10000,500
wikipedia,0.550236365417697,-0.25985697286481657,10000,500
wikipedia,0.6510424341884075,-0.22217359825718963,10000,500
wikipedia,0.6886261422237393,-0.2697586177496761,10000,500
wikipedia,0.6903111983458059,-0.24429606269848358,10000,500
wikipedia,0.3273846558418697,-0.2612865970267156,10000,500
wikipedia,0.5638836091002044,-0.2840801567473149,10000,500
wikipedia,0.48900468313826695,-0.2230186121000469,10000,500
wikipedia,0.4652077037363604,-0.2526379959527686,10000,500
wikipedia,0.4861505039152627,-0.2874740005676336,10000,500
wikipedia,0.6683367377542433,-0.29004499570900505,10000,500
wikipedia,0.3466972999375564,-0.2769698487924185,10000,500
wikipedia,0.2894458907949655,-0.2592026406150335,10000,500
wikipedia,0.4819287443867317,-0.23681896822090143,10000,500
wikipedia,0.48765199898940004,-0.2321104950575249,10000,500
wikipedia,0.6176954460360873,-0.2370590696406324,10000,500
wikipedia,0.38674604836539545,-0.23820268612542125,10000,500
wikipedia,0.44445103815434217,-0.22616077094416392,10000,500
wikipedia,0.5157329866619835,-0.28991099126290704,10000,500
wikipedia,0.39867555474441263,-0.22008105796779948,10000,500
wikipedia,0.4424968290743987,-0.23930770382955152,10000,500
wikipedia,0.6190094261880894,-0.24424201608864704,10000,500
wikipedia,0.6701453231843177,-0.23913041574474175,10000,500
wikipedia,0.3935985631599682,-0.28437471607268244,10000,500
wikipedia,0.4312195229198494,-0.2645019781231895,10000,500
wikipedia,0.4085874310408106,-0.2624874035131379,10000,500
wikipedia,0.48085795815391713,-0.28713701099889555,10000,500
wikipedia,0.44034337236121185,-0.24162607229477712,10000,500
wikipedia,0.5327063513719122,-0.2584575074225547,10000,500
wikipedia,0.3592953190446396,-0.2886336543452131,10000,500
wikipedia,0.6313224858291737,-0.22790629513195598,10000,500
wikipedia,0.3170493491584068,-0.24831371164968344,10000,500
wikipedia,0.7548082539920095,-0.24568996012570193,10000,500
wikipedia,0.5944653072163518,-0.23323661873145776,10000,500
wikipedia,0.5243652121979444,-0.24150459321068,10000,500
wikipedia,0.37544929121287074,-0.23428401116024106,10000,500
wikipedia,0.4298967878875142,-0.26562825744026736,10000,500
wikipedia,0.5036556628945539,-0.28891181756896195,10000,500
wikipedia,0.4292484028904517,-0.2328118144607986,10000,500
wikipedia,0.4956521239851435,-0.2545704443686611,10000,500
wikipedia,0.4084777608165483,-0.2835292470988153,10000,500
wikipedia,0.5079227254699699,-0.2980714377338755,10000,500
wikipedia,0.4250624441160113,-0.26800447926462057,10000,500
wikipedia,0.6258651034812263,-0.2675292733163699,10000,500
wikipedia,0.48219276981246545,-0.2372133136294547,10000,500
wikipedia,0.4379602644086165,-0.27143564031114314,10000,500
wikipedia,0.5350130635585464,-0.252490814145375,10000,500
wikipedia,0.46399338505599513,-0.26092022172379803,10000,500
wikipedia,0.5599531839526435,-0.29975228849414254,10000,500
wikipedia,0.49012837968437595,-0.28623459972585263,10000,500
wikipedia,0.4229591424681642,-0.23645625041115875,10000,500
wikipedia,0.5682983659669707,-0.2690197347603441,10000,500
wikipedia,0.6337517986970078,-0.23399933277158028,10000,500
wikipedia,0.594194560718786,-0.2885306443722703,10000,500
wikipedia,0.43925125178344093,-0.24365546901978588,10000,500
wikipedia,0.4377746739840207,-0.28058649194918317,10000,500
wikipedia,0.6329999664483362,-0.2566217505399865,10000,500
wikipedia,0.5609822386198815,-0.2630728050419109,10000,500
wikipedia,0.49119617085598427,-0.27310944485949434,10000,500
wikipedia,0.5818356834981309,-0.22192000829668806,10000,500
wikipedia,0.5585881696861913,-0.25112285057651335,10000,500
wikipedia,0.6665698314205195,-0.2856065293780991,10000,500
wikipedia,0.5255498678014916,-0.26927409433771454,10000,500
wikipedia,0.39374674807404336,-0.2704571515991972,10000,500
wikipedia,0.5588498740510187,-0.2907140325848714,10000,500
wikipedia,0.578382152284703,-0.2680258115113467,10000,500
wikipedia,0.5884539645418828,-0.2304793839810479,10000,500
wikipedia,0.4813276358246818,-0.23765255164716698,10000,500
wikipedia,0.650656259208225,-0.24033407952030422,10000,500
wikipedia,0.5406711615306385,-0.24704961386390034,10000,500
wikipedia,0.5784021094925197,-0.29936219732108266,10000,500
wikipedia,0.4910306701157242,-0.2578594864270152,10000,500
wikipedia,0.4168883193642648,-0.22707122855780068,10000,500
wikipedia,0.4786176133904947,-0.29472833045794805,10000,500
wikipedia,0.47697261577963923,-0.279655121480479,10000,500
wikipedia,0.45929440841653724,-0.23796218501258465,10000,500
wikipedia,0.5962054256759434,-0.22640820743562506,10000,500
wikipedia,0.5517972426158883,-0.24333302392702688,10000,500
wikipedia,0.6048880293810138,-0.26018190790984397,10000,500
wikipedia,0.4394651681091407,-0.24686238629841073,10000,500
wikipedia,0.4867989668681993,-0.2768100532211811,10000,500
wikipedia,0.33736364466207536,-0.26962013773603766,10000,500
wikipedia,0.5903801615501695,-0.2697392563102588,10000,500
wikipedia,0.5384008996002824,-0.29099153376483206,10000,500
wikipedia,0.35763159578391057,-0.28033807716857106,10000,500
wikipedia,0.5344831020114822,-0.2621943295873372,10000,500
wikipedia,0.6372466548504325,-0.24339489989824994,10000,500
wikipedia,0.6129188825467069,-0.24185238871304476,10000,500
wikipedia,0.49889220485646313,-0.24987656853870632,10000,500
wikipedia,0.4013451496192088,-0.2623664600713181,10000,500
wikipedia,0.5830822505283481,-0.2972533246873059,10000,500
wikipedia,0.3830421936832251,-0.2485054927474644,10000,500
wikipedia,0.6293199886374844,-0.2800904937591808,10000,500
wikipedia,0.40874801555306073,-0.22731493276932777,10000,500
wikipedia,0.647355464025406,-0.29861834468759846,10000,500
wikipedia,0.6237462103370592,-0.2384035286274197,10000,500
wikipedia,0.676440801645463,-0.25843202259808984,10000,500
wikipedia,0.3710857560942033,-0.24161809588279373,10000,500
wikipedia,0.6254008671249707,-0.25468468108934034,10000,500
wikipedia,0.483362284012815,-0.26436841555107227,10000,500
wikipedia,0.49568929875700085,-0.22078112871984934,10000,500
wikipedia,0.6233476774144877,-0.22369796954308319,10000,500
wikipedia,0.6002546549243071,-0.226414168996385,10000,500
wikipedia,0.36583960115766406,-0.22001720669409186,10000,500
wikipedia,0.4846294115138166,-0.2723558031296519,10000,500
wikipedia,0.5255979607915648,-0.27608840796351575,10000,500
wikipedia,0.6980413120849144,-0.24235365728828212,10000,500
wikipedia,0.5586780722914674,-0.2723205381626775,10000,500
wikipedia,0.4523315837248184,-0.2863895336048321,10000,500
wikipedia,0.37932767089161123,-0.26137757171090115,10000,500
wikipedia,0.4703402660606675,-0.2442392244996661,10000,500
wikipedia,0.5687497717407456,-0.2946391080329565,10000,500
wikipedia,0.46964151760860584,-0.28132693121552427,10000,500
wikipedia,0.5295107776242696,-0.2688497724352075,10000,500
wikipedia,0.2898840572854506,-0.25190939476964264,10000,500
wikipedia,0.6727472054057271,-0.25346173367644204,10000,500
wikipedia,0.5258954637720864,-0.27560898718919763,10000,500
wikipedia,0.37542193025377696,-0.2937310040880395,10000,500
wikipedia,0.5944762722590518,-0.293932724828922,10000,500
wikipedia,0.5361148176321129,-0.2871009207149469,10000,500
wikipedia,0.32429710833681924,-0.22176062907967875,10000,500
wikipedia,0.5254225794863331,-0.2627566687050312,10000,500
wikipedia,0.55400087884218,-0.2811688793735049,10000,500
wikipedia,0.4424513303847807,-0.2297067807955353,10000,500
wikipedia,0.4387700908762938,-0.24618821453631248,10000,500
wikipedia,0.3042704058837422,-0.2572486628565923,10000,500
wikipedia,0.5860823323262535,-0.25811575491748506,10000,500
wikipedia,0.4169054370463132,-0.2683362010677917,10000,500
wikipedia,0.3661514712111068,-0.27683523638613267,10000,500
wikipedia,0.36390816234201684,-0.23570409365099002,10000,500
wikipedia,0.47613999715098354,-0.29570104315037105,10000,500
wikipedia,0.4618160074877249,-0.25634684696125104,10000,500
wikipedia,0.3603370169382259,-0.25122999564013027,10000,500
wikipedia,0.6387254406440815,-0.27133046263785465,10000,500
wikipedia,0.4959270780092349,-0.29103352667652876,10000,500
wikipedia,0.5803926356551277,-0.27857579307690405,10000,500
wikipedia,0.50117588298405,-0.2641514432690597,10000,500
wikipedia,0.5335671713962942,-0.23546005027828126,10000,500
wikipedia,0.6236048235944399,-0.2321826018974552,10000,500
wikipedia,0.5539715547243526,-0.22096593159498448,10000,500
wikipedia,0.6272104930703346,-0.29256107887258903,10000,500
wikipedia,0.6206055992621582,-0.24535069019701924,10000,500
wikipedia,0.4564786511732769,-0.29784924045879935,10000,500
wikipedia,0.5501285216384915,-0.24237176266277083,10000,500
wikipedia,0.4018586807803686,-0.2924492429170205,10000,500
wikipedia,0.6125551638921178,-0.2835941653039331,10000,500
book,0.419678281026491,-0.2865795550026604,171,171
book,0.5618660059916731,-0.27679264320216984,171,171
book,0.42532911005178614,-0.22434585439662919,171,171
book,0.6407061818803677,-0.2628459752340446,171,171
book,0.5453487916535731,-0.23124968622764416,171,171
book,0.5049940563170077,-0.2616774706802931,171,171
book,0.5043499811146861,-0.26941901068345603,171,171
book,0.5355380930688105,-0.23272585209750493,171,171
book,0.4151492361370003,-0.239771898751835,171,171
book,0.5260110027292331,-0.23423631768994155,171,171
book,0.3850989234538123,-0.22349098762014785,171,171
book,0.48935204436134316,-0.22778396560620143,171,171
book,0.6204978776910982,-0.27299714994901597,171,171
book,0.5037694878158785,-0.293814840527472,171,171
book,0.4644358362721138,-0.2285069933345398,171,171
book,0.5410908806892356,-0.22524834108267433,171,171
book,0.6384476716581986,-0.2936574370722146,171,171
book,0.5222661714793781,-0.2792806245884159,171,171
book,0.5429740586633007,-0.24084933907853961,171,171
book,0.4582560071097065,-0.28108925711008065,171,171
book,0.5898988838663668,-0.22744554185731705,171,171
book,0.4088480764625812,-0.24935609781002815,171,171
book,0.4523213187402789,-0.25798717924398695,171,171
book,0.5022415932419426,-0.28223800575460034,171,171
book,0.6063723015142478,-0.2796108143312811,171,171
book,0.4900308468965401,-0.27910966457264885,171,171
book,0.4807907484551108,-0.2485609796542056,171,171
book,0.500840148920631,-0.2523734363405439,171,171
book,0.4324009989540404,-0.24013680807485174,171,171
book,0.5667164626225099,-0.22991461225266907,171,171
book,0.4792126519441968,-0.2615082628616022,171,171
book,0.5183930981988627,-0.28748076765178626,171,171
book,0.4878559286555732,-0.22533770490110927,171,171
book,0.5606062958615621,-0.27671670337624865,171,171
book,0.48261602978029217,-0.24482497089552704,171,171
book,0.43562240591767154,-0.2680796257840731,171,171
book,0.47419398783920086,-0.2635868140858424,171,171
book,0.37190681711231843,-0.22868971092392648,171,171
book,0.47860128549833875,-0.22913542557647404,171,171
book,0.4622337345080763,-0.22095426048562256,171,171
book,0.5320226313116644,-0.23473853059791297,171,171
book,0.39901602663341523,-0.25696242458860696,171,171
book,0.5253763412905049,-0.24736447437957892,171,171
book,0.5256330956476589,-0.27299737340514885,171,171
book,0.6041457427854623,-0.24118029872963107,171,171
book,0.40571394381672743,-0.28675880555991495,171,171
book,0.4614448181877333,-0.28073219499286467,171,171
book,0.5037638206043547,-0.2927652283191891,171,171
book,0.48739021648461306,-0.261878076407094,171,171
book,0.572116220723221,-0.2614360075501629,171,171
book,0.4207171280994403,-0.28624166104692034,171,171
book,0.4381674833902799,-0.260912251890103,171,171
book,0.48505962162432237,-0.2295199680957543,171,171
book,0.5589668554939585,-0.28312005753645475,171,171
book,0.6198938934360864,-0.2652439985601967,171,171
book,0.595211050201618,-0.2383546825393783,171,171
book,0.5579270476238702,-0.28710893450017005,171,171
book,0.3819973937909079,-0.255354297301446,171,171
book,0.5342655103668535,-0.24546510819149497,171,171
book,0.4790756903862575,-0.2989431228300873,171,171
book,0.49899283182703785,-0.29603629976499557,171,171
book,0.6119660007732552,-0.2750034203391287,171,171
book,0.4898486303476345,-0.25328714632487886,171,171
book,0.5389631372409415,-0.2850033434895693,171,171
book,0.36749435085638743,-0.2770912421260657,171,171
book,0.5703402454829556,-0.278818608960162,171,171
book,0.45718924734753086,-0.2865784912615247,171,171
book,0.5119655733052468,-0.2406091952936032,171,171
book,0.5335623889997999,-0.28629400363619856,171,171
book,0.5577288588862629,-0.292397239697136,171,171
book,0.6052761111173958,-0.2843202628643651,171,171
book,0.5875236991312547,-0.2626021211768669,171,171
book,0.514626806639799,-0.274484057760893,171,171
book,0.5685855507172681,-0.2991901954333336,171,171
book,0.5263236973517994,-0.23885884340991678,171,171
book,0.3934779030005694,-0.29238326385308616,171,171
book,0.5167800640362813,-0.2251719772675443,171,171
book,0.40255659036663866,-0.2934117478004011,171,171
book,0.5435616211921122,-0.23677755802057304,171,171
book,0.4443020607807875,-0.25999299983177626,171,171
book,0.5643655972522581,-0.2288231599776709,171,171
book,0.630875715546068,-0.22977208723297365,171,171
book,0.6315701829641459,-0.26942384622547005,171,171
book,0.49570678322704664,-0.244939247624502,171,171
book,0.4925108990525134,-0.27230160982388635,171,171
book,0.4792359714098528,-0.280255772216381,171,171
book,0.5447252523242011,-0.2711843383301617,171,171
book,0.5916626149542512,-0.2317945172782175,171,171
book,0.569226265758412,-0.27200748506833883,171,171
book,0.5262011665720244,-0.2783362047980854,171,171
book,0.415245161246047,-0.2903374036208458,171,171
book,0.5656511832835024,-0.2936778240351064,171,171
book,0.497075207681566,-0.29509259701076146,171,171
book,0.5968885537635541,-0.23850606134434138,171,171
book,0.447592674533608,-0.2668918287856166,171,171
book,0.4970738704856421,-0.25761800078657376,171,171
book,0.46496913913276305,-0.29401965931855634,171,171
book,0.5502389384526138,-0.2736261632057589,171,171
book,0.48460691599116723,-0.2600400059538647,171,171
book,0.4601642906438281,-0.23625701687923745,171,171
book,0.5553484752479767,-0.24936442360669722,171,171
book,0.5889870308691373,-0.25332892163223003,171,171
book,0.5526944364767155,-0.27681848035944273,171,171
book,0.5247718801043244,-0.2736261578964515,171,171
book,0.5179730176423449,-0.28034583364436527,171,171
book,0.3956050376158039,-0.22060808649325542,171,171
book,0.48418713162490157,-0.22160091364357393,171,171
book,0.3676577201809215,-0.262002050799123,171,171
book,0.5236582530827366,-0.2921015812711659,171,171
book,0.5773396456374188,-0.26878090220343126,171,171
book,0.5268790911461185,-0.254071345085137,171,171
book,0.5625549737095393,-0.25738365837208743,171,171
book,0.41955820605397065,-0.2869267890631485,171,171
book,0.4284615705588276,-0.2533397785566569,171,171
book,0.5814100115538094,-0.26672696173881233,171,171
book,0.47422482905588376,-0.2998259473017007,171,171
book,0.48830624573196413,-0.2878601379728097,171,171
book,0.5931223521481115,-0.2536524013592777,171,171
book,0.5848774594368049,-0.25120184512963417,171,171
book,0.5679132321161144,-0.28508958356793807,171,171
book,0.4856262883810977,-0.2816388400295959,171,171
book,0.5802994853797189,-0.2585771000759106,171,171
book,0.5387280439554517,-0.2955707569809898,171,171
book,0.46165242564996883,-0.29555814806682756,171,171
book,0.5185343635982097,-0.28396068669088814,171,171
book,0.5853930861043396,-0.29281034106488973,171,171
book,0.5595843973935228,-0.2581035694741595,171,171
book,0.5259589484685661,-0.22632402586058264,171,171
book,0.6102855241253929,-0.26799635242639014,171,171
book,0.5025605644888683,-0.2874764033838924,171,171
book,0.47807054720437997,-0.22285872399091478,171,171
book,0.426824258893599,-0.24707201067153198,171,171
book,0.5362236798473631,-0.29153901656879583,171,171
book,0.6307472227796633,-0.25326748544739797,171,171
book,0.5605987967052719,-0.2667715773983137,171,171
book,0.5904158796439605,-0.2666611606568237,171,171
book,0.5479198008921162,-0.28357764089329085,171,171
book,0.5521469001069972,-0.294674821118851,171,171
book,0.3714820673628459,-0.2836214257677331,171,171
book,0.4825494582202786,-0.2922071699130902,171,171
book,0.4713783188071764,-0.2866821600729363,171,171
book,0.5038026115917106,-0.28897879105203905,171,171
book,0.3865262419540451,-0.22428812535042847,171,171
book,0.5751356630817642,-0.28167635104056327,171,171
book,0.5529868144947616,-0.24432511227264692,171,171
book,0.37123098167770574,-0.22067711275012902,171,171
book,0.5553849451399154,-0.2522165833661827,171,171
book,0.6018413783224185,-0.25637147782587133,171,171
book,0.502393398668856,-0.2548728768529415,171,171
book,0.5144525299538494,-0.23519427446730123,171,171
book,0.5224974670744817,-0.2967246692623256,171,171
book,0.43056216603866443,-0.282595963938458,171,171
book,0.4553445161726778,-0.2797899648085863,171,171
book,0.4372644106842463,-0.26491228962144675,171,171
book,0.42730038554167676,-0.2622065537216888,171,171
book,0.6499906669041134,-0.28728629431063707,171,171
book,0.46654962902480096,-0.24441251746624643,171,171
book,0.4845419391529969,-0.2447139483781119,171,171
book,0.6181650356428515,-0.25856529717290816,171,171
book,0.47411624111246287,-0.2546643978424182,171,171
book,0.5196463956494806,-0.2844415475384654,171,171
book,0.4880010258084558,-0.22766090149129145,171,171
book,0.4974101890651089,-0.2775324832739124,171,171
book,0.3965820783274955,-0.2397694594905463,171,171
book,0.523922256311317,-0.22397333126985752,171,171
book,0.5798896422291445,-0.2801177905469944,171,171
book,0.3802719032348735,-0.24293674410509442,171,171
book,0.5133886941230393,-0.29920031445440287,171,171
book,0.4290412405976414,-0.2540389315811403,171,171
book,0.3965368451874432,-0.2956159057038473,171,171
book,0.5363246099913777,-0.2628351898979502,171,171
stackexchange,0.5040978835222831,-0.24151588610406827,10000,500
stackexchange,0.4940572454164279,-0.2971271265505378,10000,500
stackexchange,0.5159450230154256,-0.2659580273263873,10000,500
stackexchange,0.6846632159162913,-0.25920348246505515,10000,500
stackexchange,0.620371186411657,-0.28950007148414514,10000,500
stackexchange,0.5928855520652835,-0.2879370034967721,10000,500
stackexchange,0.5003859703883783,-0.2788381939086957,10000,500
stackexchange,0.5881847438041489,-0.22045233724959779,10000,500
stackexchange,0.6185362587644542,-0.23428219698116867,10000,500
stackexchange,0.6037874063201747,-0.27600400686550913,10000,500
stackexchange,0.5441711324781401,-0.261234400250546,10000,500
stackexchange,0.5583236950697504,-0.2661973737188577,10000,500
stackexchange,0.761607032761695,-0.23839234532711778,10000,500
stackexchange,0.5663370562906627,-0.22699468470827538,10000,500
stackexchange,0.6563047238870812,-0.2979967103802779,10000,500
stackexchange,0.5216597504324579,-0.2767150376432153,10000,500
stackexchange,0.5872252363378404,-0.2616586919922885,10000,500
stackexchange,0.5706440029581892,-0.2879034424153901,10000,500
stackexchange,0.4625374110581705,-0.2701778660446845,10000,500
stackexchange,0.5706820550661471,-0.24648802059837188,10000,500
stackexchange,0.5988516836987319,-0.2284397003237955,10000,500
stackexchange,0.6336897608275787,-0.22473542621583234,10000,500
stackexchange,0.49828383510095453,-0.2331510099523547,10000,500
stackexchange,0.41749685690807875,-0.2544648484496791,10000,500
stackexchange,0.6330494075893578,-0.2637987375487593,10000,500
stackexchange,0.5647094765567211,-0.23390448979836193,10000,500
stackexchange,0.4334318444237101,-0.25538012530796045,10000,500
stackexchange,0.7064128366626066,-0.27322593538970297,10000,500
stackexchange,0.6978591538057968,-0.2911522170459358,10000,500
stackexchange,0.53593670691285,-0.2480723683600496,10000,500
stackexchange,0.5830211815598503,-0.22975649570301998,10000,500
stackexchange,0.4681337577402502,-0.26877501200143317,10000,500
stackexchange,0.5703131879348196,-0.27179122631986025,10000,500
stackexchange,0.5829218675284175,-0.2813692984244427,10000,500
stackexchange,0.5552430696575252,-0.26607926008159577,10000,500
stackexchange,0.6028939907984733,-0.24477968467781475,10000,500
stackexchange,0.5999690401368521,-0.28725741123630116,10000,500
stackexchange,0.45802389506177177,-0.2909528471640692,10000,500
stackexchange,0.5484525969019397,-0.2737786602077056,10000,500
stackexchange,0.6173307688065849,-0.2793162412060601,10000,500
stackexchange,0.6743950829635323,-0.26705634273522294,10000,500
stackexchange,0.6716372751808521,-0.24715990699614476,10000,500
stackexchange,0.44484242986558764,-0.22320955519348504,10000,500
stackexchange,0.5863348852931521,-0.26056414112366094,10000,500
stackexchange,0.6128101264463407,-0.26819300743617575,10000,500
stackexchange,0.5704832051408132,-0.2204865727454181,10000,500
stackexchange,0.5080261366736363,-0.2715402631152756,10000,500
stackexchange,0.602884133558686,-0.2868317283972444,10000,500
stackexchange,0.5595807152490098,-0.22086310291011368,10000,500
stackexchange,0.657729612427606,-0.24701436737511095,10000,500
stackexchange,0.6096033808179611,-0.27173885509549683,10000,500
stackexchange,0.45264452889471496,-0.2508318133100801,10000,500
stackexchange,0.6672527181255677,-0.29221969652984636,10000,500
stackexchange,0.5837901818475053,-0.2886730948794495,10000,500
stackexchange,0.4998796684141162,-0.2643763036648799,10000,500
stackexchange,0.5721654537364277,-0.24398064295626143,10000,500
stackexchange,0.4685109153077538,-0.2352084151882729,10000,500
stackexchange,0.5629542502375322,-0.29620846676563894,10000,500
stackexchange,0.5339640898514633,-0.24384504984571231,10000,500
stackexchange,0.6886267020244741,-0.2788612904801314,10000,500
stackexchange,0.42964530108899357,-0.26657499877412055,10000,500
stackexchange,0.5128179607641867,-0.27628732867797995,10000,500
stackexchange,0.6807147206515223,-0.23152848293359102,10000,500
stackexchange,0.6095947997239968,-0.23462143749893477,10000,500
stackexchange,0.5634245387442733,-0.23009134304976736,10000,500
stackexchange,0.5448509894694189,-0.24071185143883714,10000,500
stackexchange,0.5077263997398036,-0.29886556821437915,10000,500
stackexchange,0.6216270055291291,-0.24577933404009744,10000,500
stackexchange,0.5506347354598523,-0.2736428916416129,10000,500
stackexchange,0.5614667348114993,-0.22422744658313626,10000,500
stackexchange,0.5766838614874775,-0.2511583655856044,10000,500
stackexchange,0.5555260175572808,-0.2872139142789092,10000,500
stackexchange,0.4673799548698902,-0.2320292403636942,10000,500
stackexchange,0.5318647049842772,-0.26617586122339715,10000,500
stackexchange,0.6932848637982121,-0.2728515497841225,10000,500
stackexchange,0.6701341941993182,-0.23879309844547386,10000,500
stackexchange,0.6280038664679207,-0.2496261895117995,10000,500
stackexchange,0.6289073627974293,-0.2874461376949342,10000,500
stackexchange,0.4161202490448132,-0.2639466327010031,10000,500
stackexchange,0.6008548182374797,-0.25941546145432315,10000,500
stackexchange,0.5990271265066747,-0.2404783187989375,10000,500
stackexchange,0.7307322237598856,-0.23744159681622967,10000,500
stackexchange,0.4085022696991062,-0.24557045494438728,10000,500
stackexchange,0.4672174479685928,-0.22351274964546827,10000,500
stackexchange,0.5750776276304355,-0.2879885041077421,10000,500
stackexchange,0.5173894999046431,-0.2589624749661187,10000,500
stackexchange,0.5767740060310819,-0.2864065154673681,10000,500
stackexchange,0.6395587450699814,-0.25661268986895264,10000,500
stackexchange,0.5453462747005802,-0.2838311665840153,10000,500
stackexchange,0.5386976658394163,-0.2564089659058228,10000,500
stackexchange,0.6768708384275375,-0.24303698210710134,10000,500
stackexchange,0.4807999717605216,-0.24048571445347933,10000,500
stackexchange,0.5204433418344169,-0.22557524930594308,10000,500
stackexchange,0.555864745809566,-0.24381382665438023,10000,500
stackexchange,0.6783941385555317,-0.290043142485195,10000,500
stackexchange,0.5030700776061588,-0.24822218200936874,10000,500
stackexchange,0.5616903353379593,-0.2757163359928991,10000,500
stackexchange,0.48565738734853675,-0.24562330233815222,10000,500
stackexchange,0.5469743521164583,-0.24093926097005045,10000,500
stackexchange,0.6624075078240974,-0.2259726032876761,10000,500
stackexchange,0.655126847718044,-0.2856717239888508,10000,500
stackexchange,0.5827866075586134,-0.2918890489924681,10000,500
stackexchange,0.5078723013914632,-0.298290154068039,10000,500
stackexchange,0.5652033683965584,-0.2901214764881446,10000,500
stackexchange,0.6336436223970241,-0.2819200814375048,10000,500
stackexchange,0.6124684605520494,-0.2866039655755584,10000,500
stackexchange,0.5346882286403082,-0.2654695923572304,10000,500
stackexchange,0.5674516295085361,-0.22000596475960676,10000,500
stackexchange,0.5796240118942355,-0.2601081515656638,10000,500
stackexchange,0.6536308397614474,-0.2873480253156648,10000,500
stackexchange,0.3600777340215815,-0.27764660280683656,10000,500
stackexchange,0.6241028028315874,-0.29667030157058055,10000,500
stackexchange,0.5290944942170082,-0.23633713008134055,10000,500
stackexchange,0.6616944994067672,-0.22578976928701955,10000,500
stackexchange,0.5983850725698312,-0.2891611331788252,10000,500
stackexchange,0.5498471527003718,-0.23785517062631809,10000,500
stackexchange,0.5242834529627506,-0.24758680764312418,10000,500
stackexchange,0.5615496153784653,-0.26818591987696805,10000,500
stackexchange,0.6421966200508753,-0.28851953336105746,10000,500
stackexchange,0.4846095836366053,-0.23498630517158756,10000,500
stackexchange,0.639005383388171,-0.23247116007697094,10000,500
stackexchange,0.6733526378595704,-0.2736493237108497,10000,500
stackexchange,0.48443406453370147,-0.24529624996323376,10000,500
stackexchange,0.6364909690378895,-0.26278647084362916,10000,500
stackexchange,0.6229688297569544,-0.2569922729580389,10000,500
stackexchange,0.5294810827538805,-0.22890930723723774,10000,500
stackexchange,0.7346722612614363,-0.22067417898916158,10000,500
stackexchange,0.607083281198343,-0.2979009977252583,10000,500
stackexchange,0.4484137541653885,-0.22625014127323523,10000,500
stackexchange,0.6377828146882457,-0.25054497089908306,10000,500
stackexchange,0.4509321825508098,-0.2883031961599261,10000,500
stackexchange,0.4954178981039776,-0.2610604620885594,10000,500
stackexchange,0.36631100165267394,-0.2300339845825355,10000,500
stackexchange,0.6178137764424954,-0.2649956221514291,10000,500
stackexchange,0.5276235993040161,-0.2989655091502962,10000,500
stackexchange,0.5420070955766436,-0.2393417513880224,10000,500
stackexchange,0.6081979804274893,-0.254629195499495,10000,500
stackexchange,0.6511615112033567,-0.22998495368520971,10000,500
stackexchange,0.4555664005991641,-0.2798418502975437,10000,500
stackexchange,0.5463414193201706,-0.28923833933182097,10000,500
stackexchange,0.556412859720392,-0.2850775738684129,10000,500
stackexchange,0.5772737666309464,-0.24837520255005652,10000,500
stackexchange,0.507529005471735,-0.2990533209611661,10000,500
stackexchange,0.656720806029343,-0.2572071898477565,10000,500
stackexchange,0.4865299316800747,-0.2566355000344964,10000,500
stackexchange,0.5286882993298762,-0.27335283790741915,10000,500
stackexchange,0.5012013875904205,-0.2895927745090851,10000,500
stackexchange,0.6448067995229232,-0.24901678172990427,10000,500
stackexchange,0.6264554824235771,-0.24335140619944787,10000,500
stackexchange,0.5544486256773979,-0.2744529583850044,10000,500
stackexchange,0.6319404363669782,-0.2305603421224879,10000,500
stackexchange,0.5104647667618153,-0.2265622125534797,10000,500
stackexchange,0.4932946440833194,-0.22215280468007087,10000,500
stackexchange,0.6440432679011727,-0.24965534066347422,10000,500
stackexchange,0.518017502020806,-0.2946526557395307,10000,500
stackexchange,0.5950884335158688,-0.2513402291996737,10000,500
stackexchange,0.5161076213669323,-0.24695251294233744,10000,500
stackexchange,0.5052221866496229,-0.28539985653881256,10000,500
stackexchange,0.49165148739219766,-0.22280562451952093,10000,500
stackexchange,0.5975385312932481,-0.22268847180184426,10000,500
stackexchange,0.44027704491952707,-0.24621451942761508,10000,500
stackexchange,0.4923411413242384,-0.2526095816138934,10000,500
stackexchange,0.5009716843893942,-0.29787551364977954,10000,500
stackexchange,0.49325369976990185,-0.2313059696871828,10000,500
stackexchange,0.6157948463064221,-0.25018754487134853,10000,500
stackexchange,0.48059350992950883,-0.23371695902954645,10000,500
stackexchange,0.5354423920145838,-0.22040404458514035,10000,500
stackexchange,0.4952648476650596,-0.2444650474100941,10000,500
stackexchange,0.3593242114144804,-0.26276057416407833,10000,500
stackexchange,0.6574697407083587,-0.2751408478322538,10000,500
stackexchange,0.5476789402523733,-0.22583462188411282,10000,500
stackexchange,0.5207860253042693,-0.270145566909729,10000,500
stackexchange,0.6073404485410825,-0.2654363013875635,10000,500
stackexchange,0.7048093834950643,-0.2251504631149404,10000,500
stackexchange,0.6113703570249867,-0.29748482682065547,10000,500
stackexchange,0.6168069104968165,-0.2748918160249668,10000,500
stackexchange,0.5363694955408926,-0.22726946372798823,10000,500
stackexchange,0.6219569500343826,-0.22121624353102304,10000,500
stackexchange,0.6728769618134093,-0.29347217889649935,10000,500
stackexchange,0.5106814751698879,-0.2517401593316579,10000,500
stackexchange,0.5993272285262792,-0.28537133922989866,10000,500
stackexchange,0.6082517493712214,-0.27522715209423676,10000,500
stackexchange,0.5349273621419934,-0.26112188120233504,10000,500
stackexchange,0.5312086266656252,-0.22693943686000995,10000,500
stackexchange,0.4157189254414978,-0.24323331144457672,10000,500
stackexchange,0.5353238052680523,-0.28605236053529215,10000,500
stackexchange,0.48069838942864906,-0.2726583800358277,10000,500
stackexchange,0.538082160026237,-0.267441392811013,10000,500
stackexchange,0.6150207296626131,-0.24931450452104642,10000,500
stackexchange,0.5788002464620947,-0.2399928519884471,10000,500
stackexchange,0.519463052190026,-0.29496138831763574,10000,500
stackexchange,0.5445817747032565,-0.2765706544370469,10000,500
stackexchange,0.5608598028886482,-0.29836494074093656,10000,500
stackexchange,0.7046127787194385,-0.26499842082536734,10000,500
stackexchange,0.416153126278339,-0.24807224426025837,10000,500
stackexchange,0.5351396908696999,-0.2274464755036466,10000,500
stackexchange,0.5443350954989838,-0.2543872092891554,10000,500
stackexchange,0.5108188265025334,-0.27730319981305745,10000,500
stackexchange,0.49632014548262465,-0.23154728628066698,10000,500
stackexchange,0.521420154966037,-0.288621099899801,10000,500
stackexchange,0.46551888978667455,-0.2614543497683802,10000,500
stackexchange,0.7269188380044118,-0.2212466974773179,10000,500
stackexchange,0.6396234703055402,-0.22543327659262186,10000,500
stackexchange,0.6281228360391137,-0.2275545125838127,10000,500
stackexchange,0.5296340642899237,-0.2932361984355321,10000,500
stackexchange,0.6367636663006896,-0.29147691768003386,10000,500
stackexchange,0.5551701043341992,-0.24654111887418054,10000,500
stackexchange,0.6612045691182509,-0.2966420389179015,10000,500
stackexchange,0.5832846925748617,-0.22074390019823198,10000,500
stackexchange,0.6480096818767088,-0.24721051208092,10000,500
stackexchange,0.4358391221074963,-0.293532128334897,10000,500
stackexchange,0.4824314574983535,-0.26539713912045937,10000,500
stackexchange,0.46781900986478125,-0.24837512804436992,10000,500
stackexchange,0.4941330715277955,-0.27047130097244176,10000,500
stackexchange,0.5692055394100809,-0.2662808620101967,10000,500
stackexchange,0.6199077698208976,-0.26595681213584754,10000,500
stackexchange,0.5791956436307162,-0.2646602307361022,10000,500
stackexchange,0.5555360709727658,-0.28927773031783927,10000,500
stackexchange,0.5822829353169272,-0.2906507643537261,10000,500
stackexchange,0.5130689086337462,-0.22031458072715332,10000,500
stackexchange,0.5208299203364017,-0.24376523364891636,10000,500
stackexchange,0.49233637052383167,-0.268867830289103,10000,500
stackexchange,0.5341288823880262,-0.2809210743395164,10000,500
stackexchange,0.5547763003260886,-0.2485096988295083,10000,500
stackexchange,0.5785942244294573,-0.26958493885520574,10000,500
stackexchange,0.52290088259764,-0.24909697225795494,10000,500
stackexchange,0.5477586717153289,-0.22358871868842456,10000,500
stackexchange,0.4784585449607409,-0.2857681463914577,10000,500
stackexchange,0.5095531952754446,-0.26928024414017204,10000,500
stackexchange,0.48646226951362886,-0.24310492172487455,10000,500
stackexchange,0.7307089640562072,-0.26852824973667844,10000,500
stackexchange,0.5352881182587107,-0.2790761835386013,10000,500
stackexchange,0.627920348392653,-0.2698902693637809,10000,500
stackexchange,0.5949748302763164,-0.2715278332518565,10000,500
stackexchange,0.5650261411314634,-0.25549849806472147,10000,500
stackexchange,0.5398707641873701,-0.27069136371359165,10000,500
stackexchange,0.5781143535023527,-0.24114375529149898,10000,500
stackexchange,0.6133155790325728,-0.283011247149001,10000,500
stackexchange,0.6147876703096591,-0.27807640429309016,10000,500
stackexchange,0.5983979169505731,-0.2581553829302965,10000,500
stackexchange,0.5350997731103714,-0.222398411023439,10000,500
stackexchange,0.5547674967709233,-0.2790827772448494,10000,500
stackexchange,0.5200298922101877,-0.24273720647511088,10000,500
stackexchange,0.4305517037819614,-0.26248135899928043,10000,500
stackexchange,0.5758330427230096,-0.2795025420907049,10000,500
stackexchange,0.5868042167170278,-0.22017672305519853,10000,500
stackexchange,0.6338749074390252,-0.2356478235699007,10000,500
stackexchange,0.6081550796700314,-0.2282439469074579,10000,500
stackexchange,0.3967574924594976,-0.2753361192835049,10000,500
stackexchange,0.5462018170447287,-0.26422229919695756,10000,500
stackexchange,0.5698348631528571,-0.231744048384595,10000,500
stackexchange,0.6140391443263884,-0.2603224697261746,10000,500
stackexchange,0.50595592709908,-0.2599682390881444,10000,500
stackexchange,0.6717863431952322,-0.27425764857559154,10000,500
stackexchange,0.5303966495810276,-0.2627889781966632,10000,500
stackexchange,0.6994380973633509,-0.2200629145082813,10000,500
stackexchange,0.6387742888522168,-0.26301884031197653,10000,500
stackexchange,0.6475494725067535,-0.2461894525374233,10000,500
stackexchange,0.7523092145444379,-0.26475406643291477,10000,500
stackexchange,0.5765712958180815,-0.25064937700425144,10000,500
stackexchange,0.5183531386019907,-0.22129802046498875,10000,500
stackexchange,0.5547892137307134,-0.2742988300026926,10000,500
stackexchange,0.6341663584647839,-0.2844869903564976,10000,500
stackexchange,0.5527357181849275,-0.22345006317231791,10000,500
stackexchange,0.561771968112803,-0.2684009455272679,10000,500
stackexchange,0.5649110507674914,-0.22780986962511035,10000,500
stackexchange,0.6401389479902012,-0.2379115586749348,10000,500
stackexchange,0.49806532404970955,-0.25755510231239337,10000,500
stackexchange,0.5843098451537829,-0.2840829682348809,10000,500
stackexchange,0.5737587957753074,-0.2556308640889437,10000,500
stackexchange,0.4866860574404181,-0.24578492442071503,10000,500
stackexchange,0.49475826954990004,-0.29193820089152456,10000,500
stackexchange,0.7182214108332317,-0.26244788037795347,10000,500
stackexchange,0.5576123853226012,-0.2550191700148251,10000,500
stackexchange,0.5486605287186956,-0.2867696470565384,10000,500
stackexchange,0.6178826509169209,-0.2741300987290017,10000,500
stackexchange,0.4904795691102099,-0.23700062939064048,10000,500
stackexchange,0.4360463065226591,-0.2939866337201332,10000,500
stackexchange,0.4855466483342453,-0.23061267834094618,10000,500
stackexchange,0.5685854292274286,-0.27086465317487424,10000,500
stackexchange,0.6009686118510832,-0.28284603967124555,10000,500
stackexchange,0.5013560264013618,-0.24671203523246793,10000,500
stackexchange,0.5068239958847153,-0.2703155920188196,10000,500
stackexchange,0.45827663058322327,-0.22738566144462835,10000,500
stackexchange,0.4703572724095829,-0.28314291436034744,10000,500
stackexchange,0.6417523186168043,-0.25356496986384675,10000,500
stackexchange,0.6383951941477891,-0.2889393745438882,10000,500
stackexchange,0.5629785413851716,-0.22115116127507267,10000,500
stackexchange,0.6064791100759052,-0.2535686845139521,10000,500
stackexchange,0.652758929322291,-0.25274546133005876,10000,500
stackexchange,0.5387939139031632,-0.28190114646990266,10000,500
stackexchange,0.49174907502475734,-0.22898050029175104,10000,500
stackexchange,0.4749496681087905,-0.28800865778881996,10000,500
stackexchange,0.5930441256497538,-0.267727080544104,10000,500
stackexchange,0.4706483552848336,-0.22774059377424727,10000,500
stackexchange,0.5687272155973616,-0.25920611052053794,10000,500
stackexchange,0.6013988965642745,-0.2765664451544113,10000,500
stackexchange,0.4641308658989452,-0.2501485719628963,10000,500
stackexchange,0.632762669271717,-0.24860913773395485,10000,500
stackexchange,0.38649835915391223,-0.24129418274693276,10000,500
stackexchange,0.6380568070724071,-0.27916311834637253,10000,500
stackexchange,0.5140035778807802,-0.28566311587570925,10000,500
stackexchange,0.48035767602494533,-0.2282758646270672,10000,500
stackexchange,0.6236708375996585,-0.22155360992980805,10000,500
stackexchange,0.5592346881410466,-0.23943568005646765,10000,500
stackexchange,0.5437976590260118,-0.26590549296884264,10000,500
stackexchange,0.6629731023902797,-0.26614407539332763,10000,500
stackexchange,0.6457447371030319,-0.2659200607245268,10000,500
stackexchange,0.45392789917146353,-0.22643979822527388,10000,500
stackexchange,0.572229517237764,-0.24589465611094985,10000,500
stackexchange,0.5201818784739473,-0.2549444917590003,10000,500
stackexchange,0.614764160061409,-0.25340325158063914,10000,500
stackexchange,0.5906177531638093,-0.2865111338028198,10000,500
stackexchange,0.5282074580404249,-0.26694033495388464,10000,500
stackexchange,0.5234383429556616,-0.27454024924856557,10000,500
stackexchange,0.6565124614749861,-0.23357036011656385,10000,500
stackexchange,0.4372911358569377,-0.2968767932362289,10000,500
stackexchange,0.5073392719797273,-0.29415063675594455,10000,500
stackexchange,0.3677812862433,-0.29538462422028183,10000,500
stackexchange,0.6519135999099814,-0.2692498667020808,10000,500
stackexchange,0.459922788449216,-0.2364474317322062,10000,500
stackexchange,0.5408894079101725,-0.25607783792636574,10000,500
stackexchange,0.5481577058528153,-0.24377860766030768,10000,500
stackexchange,0.546180041426289,-0.28190185775888854,10000,500
stackexchange,0.5070250911093162,-0.222263347064862,10000,500
stackexchange,0.5626328064940338,-0.232574252043575,10000,500
stackexchange,0.5099455980098637,-0.2778755369739063,10000,500
stackexchange,0.48089222531062426,-0.282794304452041,10000,500
stackexchange,0.46667094325799746,-0.2717175889619954,10000,500
stackexchange,0.6025966441246273,-0.28003895132549456,10000,500
stackexchange,0.4219242951035377,-0.2753090800436601,10000,500
stackexchange,0.4918736581848952,-0.23173874281121726,10000,500
stackexchange,0.5955695812580999,-0.25081508343280823,10000,500
stackexchange,0.5969830174092884,-0.28858688580826364,10000,500
stackexchange,0.5464530808543844,-0.2833826696502323,10000,500
stackexchange,0.5865212558150701,-0.22116068579249004,10000,500
stackexchange,0.6201398162831759,-0.28790511903187477,10000,500
stackexchange,0.4530078194796938,-0.29743961650593953,10000,500
stackexchange,0.7061045604047957,-0.26647349664725706,10000,500
stackexchange,0.6099399841582265,-0.24771490602831117,10000,500
stackexchange,0.5935198172298376,-0.24343655757626387,10000,500
stackexchange,0.5704749453972608,-0.2655983484846375,10000,500
stackexchange,0.5441139142043918,-0.2909634677483608,10000,500
stackexchange,0.6351081881624177,-0.2493208878258616,10000,500
stackexchange,0.5072665835729554,-0.2735504019699938,10000,500
stackexchange,0.5010587042993334,-0.24063647699550067,10000,500
stackexchange,0.6501614984478653,-0.22371905917016757,10000,500
stackexchange,0.47999366781186864,-0.2819230455578699,10000,500
stackexchange,0.655443721896088,-0.24940342271980467,10000,500
stackexchange,0.6615615722339934,-0.2621614036781494,10000,500
stackexchange,0.5267105201832701,-0.25609106468475246,10000,500
stackexchange,0.6461873703319491,-0.29485372812014826,10000,500
stackexchange,0.6267966026589258,-0.27989578785194164,10000,500
stackexchange,0.5865197348855774,-0.29673008804273127,10000,500
stackexchange,0.6486561104381313,-0.2650274788118281,10000,500
stackexchange,0.4925182149142338,-0.28909385243706937,10000,500
stackexchange,0.47436618587437307,-0.2929734241374491,10000,500
stackexchange,0.48687842931942427,-0.22741724871307528,10000,500
stackexchange,0.5411336054263433,-0.2709273413954272,10000,500
stackexchange,0.524849211370836,-0.2577198096614583,10000,500
stackexchange,0.6843526862251001,-0.2833309136421818,10000,500
stackexchange,0.5675916539866781,-0.294181159406913,10000,500
stackexchange,0.6820899975527466,-0.229606672498591,10000,500
stackexchange,0.5771575774271306,-0.22031772240654576,10000,500
stackexchange,0.5482411448147204,-0.299157454455032,10000,500
stackexchange,0.6529191753289452,-0.2489221758469684,10000,500
stackexchange,0.4955712968040763,-0.2752956918842948,10000,500
stackexchange,0.4870001794605076,-0.25738169475324507,10000,500
stackexchange,0.4873558299526611,-0.29678274823397094,10000,500
stackexchange,0.5143453471009483,-0.266746856796593,10000,500
stackexchange,0.450165830242684,-0.2570412446524218,10000,500
stackexchange,0.5993594112221006,-0.2390319439818508,10000,500
stackexchange,0.6255270928775113,-0.247857503156774,10000,500
stackexchange,0.6397489616581888,-0.23721548069456644,10000,500
stackexchange,0.6808242489811072,-0.23496411122057725,10000,500
stackexchange,0.5623518586172931,-0.248190327952339,10000,500
stackexchange,0.6605202135413887,-0.26208575257312866,10000,500
stackexchange,0.5674134110645379,-0.29727970295224193,10000,500
stackexchange,0.4700140953038222,-0.272270885624178,10000,500
stackexchange,0.6539154629444731,-0.29246091152130343,10000,500
stackexchange,0.6212625186895018,-0.2713548410196777,10000,500
stackexchange,0.5875282004853498,-0.2557780173560217,10000,500
stackexchange,0.6285740260068182,-0.2971240431066159,10000,500
stackexchange,0.6016959676691881,-0.2643672278680326,10000,500
stackexchange,0.599366039539776,-0.2898213254175051,10000,500
stackexchange,0.6569819613828907,-0.22591521107827542,10000,500
stackexchange,0.6045152499367734,-0.28785699406877435,10000,500
stackexchange,0.6054119679808646,-0.2599749298002806,10000,500
stackexchange,0.5220253621484268,-0.28313641883154383,10000,500
stackexchange,0.5783022214405105,-0.22612659330430113,10000,500
stackexchange,0.5745444508938372,-0.260889202876062,10000,500
stackexchange,0.45782733241606277,-0.2465985631761779,10000,500
stackexchange,0.6195411686683385,-0.22958297651471432,10000,500
stackexchange,0.5680345156277429,-0.29301554985218364,10000,500
stackexchange,0.5197327155279516,-0.22301414207495146,10000,500
stackexchange,0.4253629689129818,-0.2337683877378306,10000,500
stackexchange,0.5590074929084807,-0.23528824771564386,10000,500
stackexchange,0.3995053429397979,-0.22913013272242866,10000,500
stackexchange,0.48043284698839395,-0.25646837606406897,10000,500
stackexchange,0.4561648769648173,-0.2664145456359191,10000,500
stackexchange,0.568631449194376,-0.22328192925923668,10000,500
stackexchange,0.6272618067902306,-0.2688189744425129,10000,500
stackexchange,0.6234780057482024,-0.22546489858737734,10000,500
stackexchange,0.6299196077865504,-0.2830879204918765,10000,500
stackexchange,0.6395372162127267,-0.23767779302380054,10000,500
stackexchange,0.5261299274132716,-0.2794855507472751,10000,500
stackexchange,0.4833025095466537,-0.29772100625849135,10000,500
stackexchange,0.5886884087583022,-0.22299791365324237,10000,500
stackexchange,0.6309628269619936,-0.25330927369127676,10000,500
stackexchange,0.5781530784590097,-0.29115696334264973,10000,500
stackexchange,0.5582710645315954,-0.297374164980738,10000,500
stackexchange,0.5865086993478089,-0.2475884250072694,10000,500
stackexchange,0.5106445861398601,-0.2604824590480746,10000,500
stackexchange,0.4428814495861972,-0.23018731918839502,10000,500
stackexchange,0.466460340933921,-0.24905573574080483,10000,500
stackexchange,0.47093816361737967,-0.2956337597610994,10000,500
stackexchange,0.5439358310364251,-0.281372957620848,10000,500
stackexchange,0.587519514954942,-0.26689971038281446,10000,500
stackexchange,0.5788168843320752,-0.2205736505295192,10000,500
stackexchange,0.6364161950924672,-0.23505145569704167,10000,500
stackexchange,0.5615528907353977,-0.27240518728079505,10000,500
stackexchange,0.5045017262820536,-0.2572173738853363,10000,500
stackexchange,0.5906541844044686,-0.2912513924603099,10000,500
stackexchange,0.606572162678545,-0.27154079167379247,10000,500
stackexchange,0.682407773886523,-0.24898706140501975,10000,500
stackexchange,0.643825314715075,-0.24471369438637958,10000,500
stackexchange,0.6076358608667913,-0.26709699853843477,10000,500
stackexchange,0.6517507863039389,-0.22699847598048253,10000,500
stackexchange,0.5580732220040099,-0.25221482441550264,10000,500
stackexchange,0.6205359545679147,-0.24687593486717538,10000,500
stackexchange,0.4615637026624399,-0.2488100579479242,10000,500
stackexchange,0.452763130298385,-0.2808820781936406,10000,500
stackexchange,0.5123919685238116,-0.2918973434129902,10000,500
stackexchange,0.6324563543491004,-0.2619356527938538,10000,500
stackexchange,0.7375258076633421,-0.23366542122672412,10000,500
stackexchange,0.5637259048543519,-0.2615909269194882,10000,500
stackexchange,0.573966292425969,-0.25951294543943776,10000,500
stackexchange,0.5835769263381523,-0.2434129535279776,10000,500
stackexchange,0.569972458373586,-0.23543446990904823,10000,500
stackexchange,0.5142185891128515,-0.2916663043099605,10000,500
stackexchange,0.5262957005152417,-0.229609546711039,10000,500
stackexchange,0.4619753924974441,-0.2999835203627043,10000,500
stackexchange,0.6141709216665746,-0.29698791155416404,10000,500
stackexchange,0.5452442908463123,-0.24953496025963062,10000,500
stackexchange,0.551096789609176,-0.25797415296383325,10000,500
stackexchange,0.5224809122638939,-0.282713938586589,10000,500
stackexchange,0.6212074213075047,-0.2201691818877244,10000,500
stackexchange,0.5172829472523546,-0.2240825966104802,10000,500
stackexchange,0.7055328563511515,-0.25435899234243986,10000,500
stackexchange,0.4491855404765278,-0.25851555381405594,10000,500
stackexchange,0.6694447687732009,-0.28910189853769686,10000,500
stackexchange,0.4976309799963352,-0.23788938228035147,10000,500
stackexchange,0.5912351591982812,-0.2764607629119638,10000,500
stackexchange,0.514111417396421,-0.22520728529851267,10000,500
stackexchange,0.5515341062129558,-0.22904459732540575,10000,500
stackexchange,0.598418034197159,-0.2916642686576571,10000,500
stackexchange,0.5323388297757682,-0.28858870208033277,10000,500
stackexchange,0.541856993977731,-0.23905920461793495,10000,500
stackexchange,0.48879268919545227,-0.2654385204974491,10000,500
stackexchange,0.5293614337914374,-0.238393864990799,10000,500
stackexchange,0.5144632189059102,-0.2314066341362448,10000,500
stackexchange,0.5580621079096365,-0.23564903853540217,10000,500
stackexchange,0.5398126269400476,-0.22510014955669916,10000,500
stackexchange,0.5083662431217586,-0.23443611572197837,10000,500
stackexchange,0.5399496052322231,-0.2521990946740283,10000,500
stackexchange,0.5273895647861517,-0.29542269424536766,10000,500
stackexchange,0.5311187731052194,-0.25031776906116404,10000,500
stackexchange,0.6560796743018794,-0.24727457750324738,10000,500
stackexchange,0.5254990496536436,-0.2720633333928319,10000,500
stackexchange,0.4141505014060983,-0.26892001503917273,10000,500
stackexchange,0.7803934438292008,-0.2472003863102738,10000,500
stackexchange,0.6811790959534283,-0.2415564199549686,10000,500
stackexchange,0.6432038766849246,-0.22047718040287423,10000,500
stackexchange,0.6977362840042004,-0.2840745729545823,10000,500
stackexchange,0.5243609960839408,-0.25717698179257686,10000,500
stackexchange,0.6939846423330518,-0.26462067995985894,10000,500
stackexchange,0.5603065192857895,-0.22221841381474444,10000,500
stackexchange,0.6067320020412746,-0.22412050293597596,10000,500
stackexchange,0.6478013722207692,-0.24942804852867714,10000,500
stackexchange,0.7072118553777624,-0.2925134917779874,10000,500
stackexchange,0.5421749711525842,-0.22430448303956468,10000,500
stackexchange,0.5624959419949562,-0.27296657903930266,10000,500
stackexchange,0.5048475729923834,-0.2611684061775161,10000,500
stackexchange,0.49898557743483113,-0.2831454210003966,10000,500
stackexchange,0.642240016736344,-0.23368276099806998,10000,500
stackexchange,0.5644304026862631,-0.24022899301908393,10000,500
stackexchange,0.5151325714040642,-0.283790107588473,10000,500
stackexchange,0.5853635891995288,-0.2717882081740292,10000,500
stackexchange,0.6673306414876421,-0.2982422086724071,10000,500
stackexchange,0.564605078138619,-0.23567736023552144,10000,500
stackexchange,0.6018732916589022,-0.24866908041157443,10000,500
stackexchange,0.6937357595925413,-0.28017057998210465,10000,500
stackexchange,0.6410858538041848,-0.24988826241379425,10000,500
stackexchange,0.5813388326855089,-0.2734879191379705,10000,500
stackexchange,0.5208897874061565,-0.2940089627478136,10000,500
stackexchange,0.5254392333014357,-0.27159162590906205,10000,500
stackexchange,0.5372146008175712,-0.2454253018824501,10000,500
stackexchange,0.6910653161882081,-0.25846624220672587,10000,500
stackexchange,0.6993907859721764,-0.23653377854962215,10000,500
stackexchange,0.5753914191556877,-0.2307917397798055,10000,500
arxiv,0.5709197000783083,-0.2470530626765061,17523,500
arxiv,0.6140730133637258,-0.27695299226817616,17523,500
arxiv,0.5355727930458657,-0.2837024535596475,17523,500
arxiv,0.6194342854015847,-0.27250560738053775,17523,500
arxiv,0.546992260585442,-0.2372248672083448,17523,500
arxiv,0.8112261654092244,-0.26006360940650375,17523,500
arxiv,0.5519524449140463,-0.2916875974760431,17523,500
arxiv,0.7889438057740199,-0.27480022889351186,17523,500
arxiv,0.6077820432520349,-0.22583085128522418,17523,500
arxiv,0.4471638236930947,-0.23287718326028584,17523,500
arxiv,0.5469098137185948,-0.2850287473517969,17523,500
arxiv,0.5691458233981861,-0.22318942615769216,17523,500
arxiv,0.5092705993444048,-0.29606588220972707,17523,500
arxiv,0.7830950985854161,-0.2912916133220666,17523,500
arxiv,0.573323150195342,-0.2786279905338772,17523,500
arxiv,0.5254141136555679,-0.2314363279344002,17523,500
arxiv,0.8112998085683671,-0.22195407412807902,17523,500
arxiv,0.5570800178501547,-0.2643864953874198,17523,500
arxiv,0.5016271095131986,-0.27783617582296316,17523,500
arxiv,0.5723991540734501,-0.2578855214088799,17523,500
arxiv,0.5621203954697354,-0.243483316825862,17523,500
arxiv,0.6207870838677404,-0.2885361428533007,17523,500
arxiv,0.7678521119640952,-0.29567909367481704,17523,500
arxiv,0.5192677988341876,-0.29725770654633515,17523,500
arxiv,0.517093113750363,-0.22061795721797522,17523,500
arxiv,0.5711567781415378,-0.26076533574364535,17523,500
arxiv,0.5826234167493284,-0.22173973309061923,17523,500
arxiv,0.6395349132649504,-0.2517054645962513,17523,500
arxiv,0.5801025564703601,-0.27749591211994085,17523,500
arxiv,0.8086042255793818,-0.2773619984135824,17523,500
arxiv,0.5377674673165159,-0.26390217248346476,17523,500
arxiv,0.5048740588179064,-0.29454005241212794,17523,500
arxiv,0.6250740003798604,-0.27959086500593777,17523,500
arxiv,0.517965968504265,-0.28394519437230914,17523,500
arxiv,0.5254314783217203,-0.24056724380475247,17523,500
arxiv,0.5858245492548315,-0.2563539306954942,17523,500
arxiv,0.5487739425724836,-0.24869981316750758,17523,500
arxiv,0.5933533550849974,-0.297401281208032,17523,500
arxiv,0.5325213497506138,-0.2673693015572263,17523,500
arxiv,0.676394129334824,-0.25836369349845406,17523,500
arxiv,0.5982165767553278,-0.243435306459225,17523,500
arxiv,0.5848747847054343,-0.22987729982972702,17523,500
arxiv,0.5355442933062218,-0.2685819557493684,17523,500
arxiv,0.5415842570503459,-0.2693742599353654,17523,500
arxiv,0.554029015276639,-0.2912404102424463,17523,500
arxiv,0.5114446986069805,-0.24019673109585238,17523,500
arxiv,0.5317581548754714,-0.288654921778587,17523,500
arxiv,0.4605647971578935,-0.27390286749215775,17523,500
arxiv,0.5947260473662349,-0.28095853479456584,17523,500
arxiv,0.5571010559791,-0.28053000352708807,17523,500
arxiv,0.5941402817810976,-0.22514595095813342,17523,500
arxiv,0.6277955280324747,-0.25557678456393806,17523,500
arxiv,0.5453621579706366,-0.2947247164767178,17523,500
arxiv,0.5122267904658206,-0.2515567810035462,17523,500
arxiv,0.5390750450801935,-0.27360487513263904,17523,500
arxiv,0.5658766726980392,-0.256452205481828,17523,500
arxiv,0.6032257755262714,-0.2854668729966507,17523,500
arxiv,0.5679332984241491,-0.25841958077334554,17523,500
arxiv,0.7958048396802488,-0.22465977175494434,17523,500
arxiv,0.4598134889875607,-0.2853138849950075,17523,500
arxiv,0.5918885366051543,-0.2594922641144276,17523,500
arxiv,0.5791199252301769,-0.2940278403660207,17523,500
arxiv,0.5892020571673094,-0.2309007440942467,17523,500
arxiv,0.5226153573267642,-0.2836440757688827,17523,500
arxiv,0.6710660736188012,-0.2306685990489064,17523,500
arxiv,0.574893912012228,-0.2515500575161747,17523,500
arxiv,0.49565574006782065,-0.2856559689619694,17523,500
arxiv,0.7746998741082182,-0.24117807947251396,17523,500
arxiv,0.5720208652195289,-0.28411749152006577,17523,500
arxiv,0.6095270128388286,-0.2246197002787362,17523,500
arxiv,0.7827906334281809,-0.27433005552452894,17523,500
arxiv,0.5312629705085177,-0.2372308100155725,17523,500
arxiv,0.6101053640093468,-0.27185487807333986,17523,500
arxiv,0.6038078507970837,-0.26716282232785893,17523,500
arxiv,0.5401859806208584,-0.2209946598923366,17523,500
arxiv,0.6294067799741614,-0.24701688986679768,17523,500
arxiv,0.6304445870955077,-0.24196067156364223,17523,500
arxiv,0.5630235957718639,-0.27015868629211925,17523,500
arxiv,0.48311135407248285,-0.24511798644824573,17523,500
arxiv,0.47876671115677205,-0.2927030877501146,17523,500
arxiv,0.5327285664112928,-0.2920518531688328,17523,500
arxiv,0.5335223788491965,-0.22764189560370637,17523,500
arxiv,0.548988002564541,-0.27346037021458586,17523,500
arxiv,0.49820546333060045,-0.2801759962032727,17523,500
arxiv,0.5956874018387481,-0.2310737004247042,17523,500
arxiv,0.558364982113327,-0.2507374695190056,17523,500
arxiv,0.6169261959094665,-0.24117620092051084,17523,500
arxiv,0.43350638788122187,-0.22423016564615517,17523,500
arxiv,0.6269557255693203,-0.24860035871042407,17523,500
arxiv,0.5111785286924183,-0.283956992796672,17523,500
arxiv,0.784469355727065,-0.27225878506245804,17523,500
arxiv,0.7976931133117496,-0.2957717798960562,17523,500
arxiv,0.6109302377014864,-0.24592757342516727,17523,500
arxiv,0.6108376462554062,-0.22215219652626,17523,500
arxiv,0.808141582858706,-0.2440280292542885,17523,500
arxiv,0.5870583702002035,-0.2260710619878043,17523,500
arxiv,0.5838951002045095,-0.24323496332639022,17523,500
arxiv,0.6183006719013916,-0.27595382884930214,17523,500
arxiv,0.558948562903601,-0.23035251025835243,17523,500
arxiv,0.5296400525303424,-0.266904714724447,17523,500
arxiv,0.5769722961431376,-0.2672401231624057,17523,500
arxiv,0.5229450110962695,-0.26885059870930705,17523,500
arxiv,0.5226005495158704,-0.28531194467633075,17523,500
arxiv,0.81043457905421,-0.2743938689240268,17523,500
arxiv,0.6027756938069763,-0.2432739802594205,17523,500
arxiv,0.5422227658707144,-0.2903921853165907,17523,500
arxiv,0.5999557569854164,-0.23959484789228785,17523,500
arxiv,0.6973902912947111,-0.23329091677796743,17523,500
arxiv,0.6609858855063975,-0.26587536495374614,17523,500
arxiv,0.5901830933864611,-0.2352349296031151,17523,500
arxiv,0.5425408540249689,-0.29183067095618864,17523,500
arxiv,0.5014166651316531,-0.2438542152097569,17523,500
arxiv,0.5973622633630601,-0.2728353076239435,17523,500
arxiv,0.5630851722388723,-0.26679818260243726,17523,500
arxiv,0.49284533878349046,-0.2695436788204703,17523,500
arxiv,0.5179422351485045,-0.28278491264685957,17523,500
arxiv,0.5276599383148806,-0.22419271558976275,17523,500
arxiv,0.5770407106405889,-0.29478757511034925,17523,500
arxiv,0.4054318704720855,-0.22847661158341487,17523,500
arxiv,0.46813565525261724,-0.26943373178609886,17523,500
arxiv,0.5497159309041194,-0.2859487458902753,17523,500
arxiv,0.511929340433256,-0.2518434560280507,17523,500
arxiv,0.5434279757054838,-0.27079457960347947,17523,500
arxiv,0.5349333584704519,-0.24875586806475403,17523,500
arxiv,0.5815299459963061,-0.26636884833615,17523,500
arxiv,0.6046663478805873,-0.2255233181232122,17523,500
arxiv,0.5903223193860907,-0.23012192399063958,17523,500
arxiv,0.5705426843173214,-0.2976424749536002,17523,500
arxiv,0.5657424600297841,-0.24449262430653623,17523,500
arxiv,0.5579933840281301,-0.23426852063474957,17523,500
arxiv,0.5926528888351712,-0.24274263501609267,17523,500
arxiv,0.5881411341043875,-0.28449821046280327,17523,500
arxiv,0.590645667789612,-0.27960271920543106,17523,500
arxiv,0.5351007628748319,-0.289927150339379,17523,500
arxiv,0.5162975613248107,-0.27834332965332886,17523,500
arxiv,0.5400472655792068,-0.2576844166352105,17523,500
arxiv,0.5504566791732657,-0.2714156653441543,17523,500
arxiv,0.502760217008662,-0.26651805788304916,17523,500
arxiv,0.6178409167752253,-0.28603185808462844,17523,500
arxiv,0.798596124334662,-0.22577792678056718,17523,500
arxiv,0.5644879852569815,-0.27542270687618503,17523,500
arxiv,0.5503442295598602,-0.23694148002222315,17523,500
arxiv,0.5563280638460661,-0.22091417279779885,17523,500
arxiv,0.6256382154149754,-0.2789587541870259,17523,500
arxiv,0.5074260344327726,-0.25256813977449466,17523,500
arxiv,0.572847143057864,-0.23127974442182586,17523,500
arxiv,0.5918622637852652,-0.2598806800186436,17523,500
arxiv,0.511283774637203,-0.26444348369175075,17523,500
arxiv,0.603618960821339,-0.23949911056856354,17523,500
arxiv,0.5002951750871901,-0.24616034186165228,17523,500
arxiv,0.5444516129225956,-0.2813449438697244,17523,500
arxiv,0.7900976592454324,-0.26424208198202026,17523,500
arxiv,0.5324064738400021,-0.2829652491620468,17523,500
arxiv,0.5366788433790747,-0.2519752127504311,17523,500
arxiv,0.478031006849198,-0.29556049549306346,17523,500
arxiv,0.5754526017990224,-0.2723177597217882,17523,500
arxiv,0.6562339165522061,-0.2990781143718569,17523,500
arxiv,0.5105318379021139,-0.23553989197538505,17523,500
arxiv,0.589542574860282,-0.2248572713998983,17523,500
arxiv,0.589971539562244,-0.2990809575241499,17523,500
arxiv,0.522921226153131,-0.22176476839360837,17523,500
arxiv,0.4160693810821524,-0.22918513919965705,17523,500
arxiv,0.5146258247432314,-0.2978040091782039,17523,500
arxiv,0.5448817815565471,-0.2713304418082505,17523,500
arxiv,0.47403555839691275,-0.2360950340550687,17523,500
arxiv,0.5876248576662302,-0.2318123497188426,17523,500
arxiv,0.5565639959740408,-0.2934618281141772,17523,500
arxiv,0.7848780257380611,-0.2367186809787607,17523,500
arxiv,0.518441805955151,-0.26346090028888935,17523,500
arxiv,0.5601587484410735,-0.2934743222026631,17523,500
arxiv,0.5717340618397541,-0.2619578796327853,17523,500
arxiv,0.5891446949966406,-0.25205878536358844,17523,500
arxiv,0.4363902079101032,-0.27847718494590323,17523,500
arxiv,0.5503197938530873,-0.28085531322572843,17523,500
arxiv,0.48275035825438095,-0.23702077881185202,17523,500
arxiv,0.6099681388752787,-0.29939617215128894,17523,500
arxiv,0.6240506095416298,-0.2809522667222846,17523,500
arxiv,0.5706921449080369,-0.25104286486872174,17523,500
arxiv,0.6449817729937674,-0.2509366323339511,17523,500
arxiv,0.5589039176994726,-0.273294288866346,17523,500
arxiv,0.801483523752636,-0.25087464577922464,17523,500
arxiv,0.7917001305975726,-0.25197630409450905,17523,500
arxiv,0.5498670533158313,-0.2212620579155472,17523,500
arxiv,0.5710920607734133,-0.2648379931211627,17523,500
arxiv,0.5673000787122225,-0.244806048338117,17523,500
arxiv,0.6358301838714284,-0.23632405597381304,17523,500
arxiv,0.5183175594056872,-0.25025578563831574,17523,500
arxiv,0.5131421853312197,-0.25466417877622655,17523,500
arxiv,0.5863778157865704,-0.27610114648734235,17523,500
arxiv,0.5968062882320686,-0.2618686366036552,17523,500
arxiv,0.46814806447654755,-0.25419482469579735,17523,500
arxiv,0.7838788865352534,-0.26204855135398425,17523,500
arxiv,0.5178809119324332,-0.2767208849009595,17523,500
arxiv,0.7943576092245397,-0.23350482930360328,17523,500
arxiv,0.784263909202814,-0.2440312649433423,17523,500
arxiv,0.522793845445463,-0.22872075546691883,17523,500
arxiv,0.5900885460574417,-0.2955333593019586,17523,500
arxiv,0.5554178731746562,-0.2451131579209175,17523,500
arxiv,0.5716288166702826,-0.25206379032914483,17523,500
arxiv,0.6031978946667509,-0.25231317627309646,17523,500
arxiv,0.5727514392078874,-0.22954488881815072,17523,500
arxiv,0.5684366540886088,-0.2434187001516369,17523,500
arxiv,0.7807955737858104,-0.29633307548776183,17523,500
arxiv,0.5718976239989665,-0.247475069402309,17523,500
arxiv,0.5616988421586393,-0.2247923548602291,17523,500
arxiv,0.6248258813502579,-0.24909809602152014,17523,500
arxiv,0.7921800954000262,-0.26346828072999684,17523,500
arxiv,0.8238546794412254,-0.24364194371812986,17523,500
arxiv,0.5011788112838824,-0.2700024862525532,17523,500
arxiv,0.49456663434808734,-0.2511200192936354,17523,500
arxiv,0.7923947253489347,-0.2691639715348046,17523,500
arxiv,0.6091354894153073,-0.2963832925632183,17523,500
arxiv,0.557627336257296,-0.2700181454840474,17523,500
arxiv,0.5555370584435871,-0.27970145855506545,17523,500
arxiv,0.6191062460275921,-0.22392546042640443,17523,500
arxiv,0.6336422585017305,-0.23909521378370702,17523,500
arxiv,0.5783050570874391,-0.2969913062381194,17523,500
arxiv,0.532416219364898,-0.26213090169882197,17523,500
arxiv,0.6093586881455709,-0.23844951213782656,17523,500
arxiv,0.5877967043455443,-0.2785324038123238,17523,500
arxiv,0.8031832867605776,-0.2468055972583047,17523,500
arxiv,0.638225044241399,-0.2899164118825395,17523,500
arxiv,0.5686956618670934,-0.2542308545869018,17523,500
arxiv,0.6087219575613622,-0.284140347324731,17523,500
arxiv,0.5680589963232495,-0.2407307707932595,17523,500
arxiv,0.5834978916624324,-0.23528316375791838,17523,500
arxiv,0.5911716454123978,-0.2562595935735773,17523,500
arxiv,0.484106118352678,-0.27717753695471053,17523,500
arxiv,0.5370757631317234,-0.2958697111282664,17523,500
arxiv,0.7850048508395783,-0.2742355615642727,17523,500
arxiv,0.5303891796779798,-0.29930129551896206,17523,500
arxiv,0.5216836031405648,-0.23552535232537458,17523,500
arxiv,0.5717971097118303,-0.2767442822640123,17523,500
arxiv,0.5483971486345872,-0.22729464216342823,17523,500
arxiv,0.49820489773734355,-0.2865448382380083,17523,500
arxiv,0.5357875562997458,-0.2360510750614299,17523,500
arxiv,0.5721759360261398,-0.29396325085145314,17523,500
arxiv,0.5747130183707247,-0.22905303535132177,17523,500
arxiv,0.5215550369287296,-0.24888689352411988,17523,500
arxiv,0.5736729123552814,-0.29748009989012997,17523,500
arxiv,0.5805446938837358,-0.23043121922816845,17523,500
arxiv,0.578740759595176,-0.23993362127240347,17523,500
arxiv,0.5661037696717732,-0.24140907895070313,17523,500
arxiv,0.5811701633480189,-0.26072761222260127,17523,500
arxiv,0.5576929191232204,-0.2920686398401972,17523,500
arxiv,0.5387903955943164,-0.29428337523054515,17523,500
arxiv,0.6104886634735744,-0.2676504034322309,17523,500
arxiv,0.5635717099635607,-0.28530057791271074,17523,500
arxiv,0.5031644863046029,-0.28685823616616685,17523,500
arxiv,0.5046119082355273,-0.29270376815007226,17523,500
arxiv,0.5536107552161246,-0.24841110813646466,17523,500
arxiv,0.5734916129713487,-0.2465684083887672,17523,500
arxiv,0.5751179256491609,-0.2571245287075101,17523,500
arxiv,0.5437294201557685,-0.25768343279559536,17523,500
arxiv,0.562947627196812,-0.2600636056335205,17523,500
arxiv,0.5318617561474125,-0.23489738033811097,17523,500
arxiv,0.5339404505305503,-0.24994736556771807,17523,500
arxiv,0.5316328775088297,-0.27389463045035156,17523,500
arxiv,0.5632426494818,-0.23056219993757526,17523,500
arxiv,0.5749242307509947,-0.2556934644965031,17523,500
arxiv,0.5667415718216687,-0.25057099043517533,17523,500
arxiv,0.5089129730350626,-0.2676441653941379,17523,500
arxiv,0.6110635388418032,-0.29874128663230615,17523,500
arxiv,0.5267514218500231,-0.2540523572560354,17523,500
arxiv,0.7914283695533345,-0.22794476883566478,17523,500
arxiv,0.5858987638444784,-0.26471178598182005,17523,500
arxiv,0.506292672246576,-0.2802400785771793,17523,500
arxiv,0.5528207387730395,-0.243298056311849,17523,500
arxiv,0.5190212987195911,-0.2371861553614078,17523,500
arxiv,0.5313201162091226,-0.29558361949924955,17523,500
arxiv,0.5063161694388472,-0.28915280371241486,17523,500
arxiv,0.5267118766676911,-0.29158172721342884,17523,500
arxiv,0.5509610946546067,-0.2901261071709891,17523,500
arxiv,0.5670882669204459,-0.24786943161506364,17523,500
arxiv,0.5562767312100979,-0.2719577435673349,17523,500
arxiv,0.5086798290288099,-0.2982615965560848,17523,500
arxiv,0.5299902215208772,-0.2973697295787753,17523,500
arxiv,0.5831412287883622,-0.28451088580805217,17523,500
arxiv,0.8133166755303962,-0.2971861736676513,17523,500
arxiv,0.577880572056314,-0.2802135113758681,17523,500
arxiv,0.5228744859545107,-0.287037818015528,17523,500
arxiv,0.6060455370966229,-0.2278808325085841,17523,500
arxiv,0.5900148169053592,-0.24667857501740864,17523,500
arxiv,0.8011300774836196,-0.286479827942458,17523,500
arxiv,0.529004772508512,-0.2894699989172221,17523,500
arxiv,0.4714580714684506,-0.29475879308134423,17523,500
arxiv,0.6061707821544011,-0.26051042730215923,17523,500
arxiv,0.6013241738727417,-0.28451667784634155,17523,500
arxiv,0.536875766723288,-0.29283748119844866,17523,500
arxiv,0.5267054284221475,-0.2618528655275846,17523,500
arxiv,0.5274548759176783,-0.2929302887748955,17523,500
arxiv,0.5225466484995465,-0.2204225244141329,17523,500
arxiv,0.6191243332446494,-0.2209735726203188,17523,500
arxiv,0.6255835702898228,-0.2823881036750925,17523,500
arxiv,0.5562541373743046,-0.2773555065574606,17523,500
arxiv,0.49158984578982806,-0.2332407817318437,17523,500
arxiv,0.547919704359692,-0.270690045724314,17523,500
arxiv,0.5158212430595506,-0.23024518102469593,17523,500
arxiv,0.538705557503211,-0.23045816009920903,17523,500
arxiv,0.6204149984155352,-0.2575731070339488,17523,500
arxiv,0.531508315356039,-0.24833883348362978,17523,500
arxiv,0.49879631159607085,-0.26601986949868767,17523,500
arxiv,0.5667339536714479,-0.2898652838891703,17523,500
arxiv,0.5717897719592238,-0.28306799306988456,17523,500
arxiv,0.5115112457708075,-0.22225966751350978,17523,500
arxiv,0.6070753727659011,-0.25400956280328973,17523,500
arxiv,0.5614272101913481,-0.27310225065645727,17523,500
arxiv,0.7811369026904403,-0.28327093990948726,17523,500
arxiv,0.46620436120743236,-0.24973658785565211,17523,500
arxiv,0.5242472111734019,-0.2591849379023974,17523,500
arxiv,0.8058689462921801,-0.2507479161209069,17523,500
arxiv,0.5413787581767713,-0.2765467307159784,17523,500
arxiv,0.4928732883295745,-0.27526661649976353,17523,500
arxiv,0.6176867257686379,-0.23838870243821036,17523,500
arxiv,0.5804918827885679,-0.26693971322485066,17523,500
arxiv,0.602500273695205,-0.2824025269788396,17523,500
arxiv,0.5265239541634676,-0.2630505709925265,17523,500
arxiv,0.597573094804092,-0.26233824791458266,17523,500
arxiv,0.5645719754315601,-0.26145811884931264,17523,500
arxiv,0.5065697303072861,-0.29772499790794943,17523,500
arxiv,0.793569303672483,-0.23606228975277038,17523,500
arxiv,0.6123640758241633,-0.29347834546793733,17523,500
arxiv,0.548452413490008,-0.25737865607201293,17523,500
arxiv,0.5464353716054822,-0.22579579858229293,17523,500
arxiv,0.5939658442978091,-0.2610348488620823,17523,500
arxiv,0.5725480592419375,-0.29733690393633666,17523,500
arxiv,0.6536915583743885,-0.22334564732169704,17523,500
arxiv,0.6101074121980891,-0.28861734655088866,17523,500
arxiv,0.5981893737223092,-0.2771476728480289,17523,500
arxiv,0.5891179128715232,-0.23218594935572445,17523,500
arxiv,0.5724261834717612,-0.2775402841539444,17523,500
arxiv,0.5538712951612743,-0.24709056523337927,17523,500
arxiv,0.5330841408254333,-0.23221142052957133,17523,500
arxiv,0.808833907074142,-0.2858039231786169,17523,500
arxiv,0.5861244707067529,-0.22821154666946003,17523,500
arxiv,0.5928384352024574,-0.26952609587896303,17523,500
arxiv,0.5225212577241071,-0.2872605610069044,17523,500
arxiv,0.5598214981311889,-0.29427676256422,17523,500
arxiv,0.5393996236326521,-0.2773341429781486,17523,500
arxiv,0.7911817381186362,-0.22051003953912968,17523,500
arxiv,0.602384116809499,-0.2828646204308536,17523,500
arxiv,0.599327927746981,-0.2795408459866311,17523,500
arxiv,0.5600580358371949,-0.27598919321019155,17523,500
arxiv,0.5329588930606816,-0.2565974059935797,17523,500
arxiv,0.5806575750064729,-0.22912270164985615,17523,500
arxiv,0.5695688278881894,-0.25166694091797337,17523,500
arxiv,0.6301418080388416,-0.26476777630022263,17523,500
arxiv,0.5919566777278744,-0.25577700354686816,17523,500
arxiv,0.610881490261568,-0.24279950016981636,17523,500
arxiv,0.5484453505420633,-0.2631647809971468,17523,500
arxiv,0.5372309539308585,-0.2895322309183237,17523,500
arxiv,0.5935017602015158,-0.2337770186769052,17523,500
arxiv,0.5657463141051046,-0.23801865474920822,17523,500
arxiv,0.554683413605246,-0.27991885227729973,17523,500
arxiv,0.5791180661797234,-0.24034476065691376,17523,500
arxiv,0.5937090831689856,-0.2316274616199085,17523,500
arxiv,0.5100131060421262,-0.2938300713005998,17523,500
arxiv,0.7846884601122442,-0.28698076620605517,17523,500
arxiv,0.5620846184861885,-0.23513032685134416,17523,500
arxiv,0.5050315303153109,-0.2513488880664738,17523,500
arxiv,0.5752799282608949,-0.25227461367876414,17523,500
arxiv,0.5301939613185833,-0.2332881920272707,17523,500
arxiv,0.5228062398460366,-0.2266522376238243,17523,500
arxiv,0.5506152033132576,-0.26527509243765873,17523,500
arxiv,0.5932595521576179,-0.2991412304979427,17523,500
arxiv,0.7814234763559632,-0.26462378891843974,17523,500
arxiv,0.5135608621312298,-0.24001752482527314,17523,500
arxiv,0.5675761041569806,-0.24792037831244446,17523,500
arxiv,0.5189533572056086,-0.22454134219332095,17523,500
arxiv,0.5590521564600553,-0.24821087700067904,17523,500
arxiv,0.5160469028285862,-0.25250713225167287,17523,500
arxiv,0.5731096812591822,-0.24630711487810153,17523,500
arxiv,0.590002767896252,-0.28238685174914013,17523,500
arxiv,0.6784535560285826,-0.29228645371515344,17523,500
arxiv,0.4919151781022174,-0.27818225528752655,17523,500
arxiv,0.5322807669162091,-0.28709839911235585,17523,500
arxiv,0.5477186398131821,-0.25449377585130417,17523,500
arxiv,0.6169534473729016,-0.27712533840305115,17523,500
arxiv,0.5556218354336178,-0.2868893958034047,17523,500
arxiv,0.5520893597158084,-0.2988143181245889,17523,500
arxiv,0.4271592499261049,-0.23485371447899878,17523,500
arxiv,0.610476456569512,-0.2674910514659547,17523,500
arxiv,0.6096698156455653,-0.2481912324260343,17523,500
arxiv,0.5521952263227315,-0.24128597785304506,17523,500
arxiv,0.5269749466595107,-0.25828911008604305,17523,500
arxiv,0.5656866701686104,-0.2904434362160659,17523,500
arxiv,0.6224685002839911,-0.2623880132281388,17523,500
arxiv,0.5992972179984837,-0.2391731791118425,17523,500
arxiv,0.5909306854867998,-0.2987979317171216,17523,500
arxiv,0.5258579050176414,-0.25763866991987483,17523,500
arxiv,0.5084093031309072,-0.24806990572818827,17523,500
arxiv,0.5912372062349922,-0.23397216557158557,17523,500
arxiv,0.8320040339598914,-0.29742616174323394,17523,500
arxiv,0.5757951741121343,-0.23600597462301698,17523,500
arxiv,0.5388677003671345,-0.2954245315413021,17523,500
arxiv,0.608116572245159,-0.2733141870329907,17523,500
arxiv,0.5490608510713585,-0.2929704790165547,17523,500
arxiv,0.5613923185768208,-0.22768332853200063,17523,500
arxiv,0.5546062333175353,-0.2675116131625688,17523,500
arxiv,0.8119714211904493,-0.2842888636784192,17523,500
arxiv,0.4894702706213634,-0.2732128582201299,17523,500
arxiv,0.5622191842699283,-0.25562117408382296,17523,500
arxiv,0.5801319067321237,-0.2232690019702363,17523,500
arxiv,0.5881329173548775,-0.2587299132966833,17523,500
arxiv,0.5498591177985516,-0.24235036529258475,17523,500
arxiv,0.8184940294440589,-0.28584369587505887,17523,500
arxiv,0.5478724157190322,-0.29474186729460283,17523,500
arxiv,0.45429204787639854,-0.26035933051153737,17523,500
arxiv,0.8145599920427204,-0.2519697099974803,17523,500
arxiv,0.5362424109368374,-0.26809366337659163,17523,500
arxiv,0.6124720237616936,-0.23451710755548816,17523,500
arxiv,0.5739409217111717,-0.2241861030476341,17523,500
arxiv,0.5134442703285929,-0.23513445630540136,17523,500
arxiv,0.6296389828436266,-0.2750386258091194,17523,500
arxiv,0.6105167517361934,-0.2908201301668421,17523,500
arxiv,0.5070400652363841,-0.27320938388139904,17523,500
arxiv,0.5291605280770078,-0.2856308740758084,17523,500
arxiv,0.8087342702759164,-0.2581718636997708,17523,500
arxiv,0.52983297962488,-0.27151590766078,17523,500
arxiv,0.5468620399096651,-0.28595190876316817,17523,500
arxiv,0.5079345507778357,-0.26548678547583643,17523,500
arxiv,0.5334813552718279,-0.23885086203654904,17523,500
arxiv,0.5141829481927049,-0.29656435801118214,17523,500
arxiv,0.7777287623432895,-0.2870921094315438,17523,500
arxiv,0.7810264715190757,-0.22594227819033524,17523,500
arxiv,0.7243451085947611,-0.27705559762585663,17523,500
arxiv,0.815301918658175,-0.2671970551159631,17523,500
arxiv,0.5426734306080282,-0.29827618579801835,17523,500
arxiv,0.5404599382269034,-0.2815733653343324,17523,500
arxiv,0.5816512757816226,-0.2617262330964288,17523,500
arxiv,0.43615127165098067,-0.2892353040972693,17523,500
arxiv,0.5383851896249696,-0.2717749069719463,17523,500
arxiv,0.5094436852835831,-0.24242747968166378,17523,500
arxiv,0.6153079829072291,-0.25822349823263735,17523,500
arxiv,0.595830925054109,-0.27995242270048204,17523,500
arxiv,0.5473481465508276,-0.25129236008796724,17523,500
arxiv,0.5862945944834945,-0.29385313584828887,17523,500
arxiv,0.5368425844304021,-0.2739037416415236,17523,500
arxiv,0.7807951999958124,-0.2747110108819129,17523,500
arxiv,0.5913605627706622,-0.24354353139450377,17523,500
arxiv,0.5517448764103021,-0.27947340356363704,17523,500
arxiv,0.5565077674883867,-0.2860702132107914,17523,500
arxiv,0.814990596952849,-0.2928459276289465,17523,500
arxiv,0.4822540988930446,-0.2213139743716596,17523,500
arxiv,0.5367419966497139,-0.22202986141691178,17523,500
arxiv,0.49544175036048105,-0.2658060122698415,17523,500
arxiv,0.5920800368687246,-0.2484332792606392,17523,500
arxiv,0.779174966915319,-0.29791057416721756,17523,500
arxiv,0.5560037142103565,-0.2289888338920446,17523,500
arxiv,0.7943103319816074,-0.2627994805052276,17523,500
arxiv,0.7885728440103553,-0.27421123498464406,17523,500
arxiv,0.5432982157753672,-0.2816082960044438,17523,500
arxiv,0.5739845934208364,-0.23889762676785004,17523,500
arxiv,0.5875707318573761,-0.24804407778030818,17523,500
arxiv,0.495689441303712,-0.24711045692321076,17523,500
arxiv,0.5944333547552805,-0.22481803765881145,17523,500
arxiv,0.5277088501400649,-0.264745319016204,17523,500
arxiv,0.573287143106914,-0.22110105980824485,17523,500
arxiv,0.5972394130663352,-0.2643176660651263,17523,500
arxiv,0.5381367086915723,-0.24183118604904888,17523,500
arxiv,0.5362886698680575,-0.2689656287237295,17523,500
arxiv,0.5700957011806745,-0.23946210295247805,17523,500
arxiv,0.5973987329288073,-0.23244290624982578,17523,500
arxiv,0.6076202638643746,-0.23721776991051657,17523,500
arxiv,0.5752379474707541,-0.2724564780756598,17523,500
arxiv,0.5891530817175857,-0.24391452753912676,17523,500
arxiv,0.6079978014021492,-0.22768425422425415,17523,500
arxiv,0.5836798216767589,-0.24606424316931141,17523,500
arxiv,0.5684690409326456,-0.2210800631252116,17523,500
arxiv,0.559870666072827,-0.22562590199371568,17523,500
arxiv,0.529713568249902,-0.22886024157246357,17523,500
arxiv,0.5533926210422438,-0.22285267716893237,17523,500
arxiv,0.5831351861765145,-0.2630493626368148,17523,500
arxiv,0.8138010745869707,-0.2255692358309893,17523,500
arxiv,0.579758080056975,-0.2767517059545666,17523,500
arxiv,0.5745173777776722,-0.298652162201389,17523,500
arxiv,0.545969321677629,-0.22277978890083167,17523,500
arxiv,0.7722048179614215,-0.2990257641810116,17523,500
arxiv,0.5688526730179573,-0.2828052708008893,17523,500
arxiv,0.6048515575857732,-0.2740717240173644,17523,500
arxiv,0.5964065118982228,-0.24484584249599384,17523,500
arxiv,0.5610539999744797,-0.2717981406769071,17523,500
arxiv,0.5595906586547762,-0.23116545290385657,17523,500
arxiv,0.540793760482883,-0.23779814149390177,17523,500
arxiv,0.6114715602718281,-0.26072959139445323,17523,500
arxiv,0.5050327968493852,-0.2603612446806063,17523,500
arxiv,0.5071951808277635,-0.24303944977836728,17523,500
arxiv,0.512279632043985,-0.25696750871946716,17523,500
arxiv,0.6909415968375242,-0.2974183088608816,17523,500
arxiv,0.5280107109322616,-0.22963450380257128,17523,500
arxiv,0.5373673321485664,-0.2981837901670139,17523,500
arxiv,0.5582654822601567,-0.2649922868487125,17523,500
arxiv,0.6024174227886026,-0.25534642644516997,17523,500
arxiv,0.6079412985985214,-0.2522583747232397,17523,500
arxiv,0.5940535371979857,-0.2818357425039824,17523,500
arxiv,0.562708468118301,-0.2729692210260305,17523,500
arxiv,0.6327644233580635,-0.2520292652704035,17523,500
arxiv,0.5620285094961581,-0.2572291552115029,17523,500
arxiv,0.585036520069236,-0.29621576432565305,17523,500
arxiv,0.5910590791806718,-0.23618611124304406,17523,500
commoncrawl,0.5577049423505942,-0.2655759238954035,9640,500
commoncrawl,0.6760393320427589,-0.25030403734171697,9640,500
commoncrawl,0.6670201065886254,-0.28120479954989036,9640,500
commoncrawl,0.6451444055764763,-0.25982360804787724,9640,500
commoncrawl,0.6719887869064294,-0.22446872888367608,9640,500
commoncrawl,0.636373809501796,-0.2945894296354094,9640,500
commoncrawl,0.6405674526261111,-0.2586842483064992,9640,500
commoncrawl,0.6277892070164393,-0.27362771674526054,9640,500
commoncrawl,0.7000942208118333,-0.25419346684033306,9640,500
commoncrawl,0.5977080284378393,-0.26729762182673206,9640,500
commoncrawl,0.5704584222146787,-0.28682313970343576,9640,500
commoncrawl,0.48052335452039346,-0.25261913543673825,9640,500
commoncrawl,0.4421341647889129,-0.2956920510893514,9640,500
commoncrawl,0.6058539707279321,-0.2207002114150512,9640,500
commoncrawl,0.7302084217579354,-0.2268794415607301,9640,500
commoncrawl,0.596756132081812,-0.260720979405345,9640,500
commoncrawl,0.6898659690337225,-0.23027324943508123,9640,500
commoncrawl,0.465156298366591,-0.2980465054575567,9640,500
commoncrawl,0.7120397059177841,-0.2497739518735743,9640,500
commoncrawl,0.7122163163616027,-0.2658653742016202,9640,500
commoncrawl,0.7163685375509481,-0.29213804927640974,9640,500
commoncrawl,0.5898026778891853,-0.2284418056644023,9640,500
commoncrawl,0.5574313356877059,-0.28083244940912305,9640,500
commoncrawl,0.570742459590381,-0.22446833544831046,9640,500
commoncrawl,0.5374062324260773,-0.22778107255090152,9640,500
commoncrawl,0.6224487570793903,-0.23355252930074774,9640,500
commoncrawl,0.520142793995335,-0.2592289463184096,9640,500
commoncrawl,0.5466901482328964,-0.2652559810449559,9640,500
commoncrawl,0.43704533019089553,-0.25505229053726636,9640,500
commoncrawl,0.527657918698565,-0.2736073263958941,9640,500
commoncrawl,0.7366114499318894,-0.2930519289492581,9640,500
commoncrawl,0.7094601701026411,-0.2203658524934239,9640,500
commoncrawl,0.6164389820796254,-0.26092423817233573,9640,500
commoncrawl,0.686519246336193,-0.2602221133173214,9640,500
commoncrawl,0.5939387514695824,-0.25594388954304126,9640,500
commoncrawl,0.6518712357251938,-0.2537896992806616,9640,500
commoncrawl,0.5148940996806635,-0.24943110575252203,9640,500
commoncrawl,0.6164488766588173,-0.26575337912221186,9640,500
commoncrawl,0.7089923690911755,-0.2666502003632284,9640,500
commoncrawl,0.6830946065391822,-0.23371939139681783,9640,500
commoncrawl,0.4972773547980858,-0.22144833671448627,9640,500
commoncrawl,0.6517711477336768,-0.2815393318061184,9640,500
commoncrawl,0.5134995029514535,-0.29419167128997353,9640,500
commoncrawl,0.6321318025507012,-0.2819692690026394,9640,500
commoncrawl,0.3590340136351908,-0.295573776014528,9640,500
commoncrawl,0.5196222210248307,-0.2894769386593347,9640,500
commoncrawl,0.7253066152386485,-0.2660072911466379,9640,500
commoncrawl,0.7019351170139727,-0.230008660273872,9640,500
commoncrawl,0.6834843970837196,-0.2463209084580024,9640,500
commoncrawl,0.6982747696372916,-0.25313960988845197,9640,500
commoncrawl,0.40882263559786985,-0.2965425735102274,9640,500
commoncrawl,0.6905953790919372,-0.2818090292497829,9640,500
commoncrawl,0.4809002846690088,-0.25068429420100924,9640,500
commoncrawl,0.6059534082471301,-0.23936742066908445,9640,500
commoncrawl,0.5758137402012407,-0.2958988941775538,9640,500
commoncrawl,0.666172161448912,-0.2694602214145824,9640,500
commoncrawl,0.5777745815336132,-0.269634002134347,9640,500
commoncrawl,0.6626971575420647,-0.2809717797163287,9640,500
commoncrawl,0.5716129857496768,-0.236463282992876,9640,500
commoncrawl,0.5467708895245871,-0.25626788855285204,9640,500
commoncrawl,0.591233831125307,-0.2724277285931399,9640,500
commoncrawl,0.5583018202917469,-0.2500985660538227,9640,500
commoncrawl,0.6487565628430588,-0.2914201282950828,9640,500
commoncrawl,0.6040926847213337,-0.2482200136038803,9640,500
commoncrawl,0.6275580407663965,-0.24356516549922247,9640,500
commoncrawl,0.7242244377472639,-0.28242271246776074,9640,500
commoncrawl,0.4674405850917034,-0.26737569047770227,9640,500
commoncrawl,0.6006173285137157,-0.24544893540853538,9640,500
commoncrawl,0.6630124129986295,-0.23915328624183815,9640,500
commoncrawl,0.6181657383022241,-0.2763850002152374,9640,500
commoncrawl,0.5918945623282366,-0.24139828427550447,9640,500
commoncrawl,0.6234129428320905,-0.282321908706814,9640,500
commoncrawl,0.704420230529566,-0.28416119191680106,9640,500
commoncrawl,0.38342975341652175,-0.23133404000965196,9640,500
commoncrawl,0.5537449927895575,-0.22173453715787572,9640,500
commoncrawl,0.6199811137066089,-0.28968169324438886,9640,500
commoncrawl,0.5887897059582906,-0.26771861590112306,9640,500
commoncrawl,0.6286596789369205,-0.24455665442928595,9640,500
commoncrawl,0.6597264783510017,-0.2500332541073334,9640,500
commoncrawl,0.44837936398699607,-0.22381599907817384,9640,500
commoncrawl,0.6106598101586533,-0.23154043666162416,9640,500
commoncrawl,0.4046736969520969,-0.2875619712752837,9640,500
commoncrawl,0.5158984495367414,-0.28014290230360994,9640,500
commoncrawl,0.6810763270336843,-0.26237603123340186,9640,500
commoncrawl,0.6712434545487027,-0.2750893763433067,9640,500
commoncrawl,0.5739621312019842,-0.2911916863438767,9640,500
commoncrawl,0.7294030934650674,-0.2674671417825618,9640,500
commoncrawl,0.46817660624686164,-0.2206685256605399,9640,500
commoncrawl,0.6014834922349167,-0.24207219061940424,9640,500
commoncrawl,0.28413702173060934,-0.28568567577508946,9640,500
commoncrawl,0.528923161883521,-0.27435848338987856,9640,500
commoncrawl,0.6176847461868438,-0.2458770033015252,9640,500
commoncrawl,0.5152727272059129,-0.2600300130146975,9640,500
commoncrawl,0.5896664421540592,-0.27866914314727925,9640,500
commoncrawl,0.7332846219604464,-0.2672995721253958,9640,500
commoncrawl,0.6394517911956348,-0.2555064805844048,9640,500
commoncrawl,0.6134110524640766,-0.2599895236994639,9640,500
commoncrawl,0.5357063647635915,-0.23235009285301472,9640,500
commoncrawl,0.7097197372777213,-0.22510214702151898,9640,500
commoncrawl,0.5417947729847487,-0.23201289244695533,9640,500
commoncrawl,0.5687200404163886,-0.2913050156531651,9640,500
commoncrawl,0.5381879100520544,-0.2957842062780337,9640,500
commoncrawl,0.5558968503957122,-0.2654669672829352,9640,500
commoncrawl,0.652373933867019,-0.2444533528565071,9640,500
commoncrawl,0.5509006804476809,-0.2527744758794666,9640,500
commoncrawl,0.6379828054158996,-0.23825774349653497,9640,500
commoncrawl,0.5821986934061613,-0.2510043678935754,9640,500
commoncrawl,0.425293800866851,-0.22058798007410382,9640,500
commoncrawl,0.6017211033420884,-0.2906641823781749,9640,500
commoncrawl,0.574880808097872,-0.23855855705014767,9640,500
commoncrawl,0.6279039359058798,-0.297150052504003,9640,500
commoncrawl,0.7800984124392226,-0.2961591733264094,9640,500
commoncrawl,0.6029921735641369,-0.2892232655421994,9640,500
commoncrawl,0.6410016379188381,-0.22755177191593642,9640,500
commoncrawl,0.6635833506373984,-0.26436593560142135,9640,500
commoncrawl,0.6016569185419167,-0.22979756136167592,9640,500
commoncrawl,0.6860715515881455,-0.28288985308851816,9640,500
commoncrawl,0.6449844451614045,-0.23690094644481893,9640,500
commoncrawl,0.6095081140413197,-0.24761419296336284,9640,500
commoncrawl,0.6355559884232429,-0.25251770974170834,9640,500
commoncrawl,0.6718340795507528,-0.2943770874302233,9640,500
commoncrawl,0.6668813785964708,-0.2892975997448556,9640,500
commoncrawl,0.49148597859846943,-0.23030766418276655,9640,500
commoncrawl,0.6070279576732059,-0.2545729289993844,9640,500
commoncrawl,0.6454137697000978,-0.22090944976370014,9640,500
commoncrawl,0.5830331409701895,-0.224087794867167,9640,500
commoncrawl,0.4036030814443149,-0.23423546988080807,9640,500
commoncrawl,0.4917815648038449,-0.2742382914996769,9640,500
commoncrawl,0.5641928330959993,-0.29416573796052514,9640,500
commoncrawl,0.5809270516508651,-0.22779730843065887,9640,500
commoncrawl,0.5865740076238103,-0.2584427588124012,9640,500
commoncrawl,0.6529885512711381,-0.23347670146877175,9640,500
commoncrawl,0.4532765197671214,-0.2220476537666281,9640,500
commoncrawl,0.6891610852999724,-0.27028318634688764,9640,500
commoncrawl,0.49649366025493064,-0.2906474242022218,9640,500
commoncrawl,0.6287743111129829,-0.2784059820535014,9640,500
commoncrawl,0.6385310160027184,-0.2852857336752244,9640,500
commoncrawl,0.6183216743070628,-0.2782136871678839,9640,500
commoncrawl,0.468769681916352,-0.23051872464607795,9640,500
commoncrawl,0.6263960313200411,-0.28439015668616224,9640,500
commoncrawl,0.7421124833104857,-0.24470366551003075,9640,500
commoncrawl,0.651799953921155,-0.22923333466555385,9640,500
commoncrawl,0.6010342666976691,-0.28296259667533663,9640,500
commoncrawl,0.6872061644973921,-0.24084993430391868,9640,500
commoncrawl,0.4902990658609677,-0.27878593901114845,9640,500
commoncrawl,0.6483914664328969,-0.2881957231294339,9640,500
commoncrawl,0.7048868629247789,-0.23080112555139787,9640,500
commoncrawl,0.5165758277753317,-0.29923558688780844,9640,500
commoncrawl,0.5621773246344234,-0.235613438387608,9640,500
commoncrawl,0.6269343128850375,-0.22001137617185695,9640,500
commoncrawl,0.6349178065878005,-0.26684861195125875,9640,500
commoncrawl,0.6240750271326279,-0.22325637123936032,9640,500
commoncrawl,0.6741179546865111,-0.24856848284126012,9640,500
commoncrawl,0.7239138496829318,-0.2978891725428735,9640,500
commoncrawl,0.5466493204136035,-0.25541807927383187,9640,500
commoncrawl,0.5598798549057606,-0.24814793909502206,9640,500
commoncrawl,0.6804624283261351,-0.26196883445504604,9640,500
commoncrawl,0.6231296982623504,-0.29995137990231424,9640,500
commoncrawl,0.6778008902343707,-0.28001178714864894,9640,500
commoncrawl,0.5439483965326343,-0.2618501301701228,9640,500
commoncrawl,0.7051734567470161,-0.2783127058671416,9640,500
commoncrawl,0.4498435935954374,-0.2693367380984969,9640,500
commoncrawl,0.7079590168686094,-0.2606928002665134,9640,500
commoncrawl,0.6627671290600554,-0.22002020696413224,9640,500
commoncrawl,0.6129499040257904,-0.2865483111279826,9640,500
commoncrawl,0.6110930137439934,-0.2371048556513355,9640,500
commoncrawl,0.6194656201926069,-0.2810692343629789,9640,500
commoncrawl,0.7513379716349126,-0.24225787976579863,9640,500
commoncrawl,0.5642904584359663,-0.2830794440645865,9640,500
commoncrawl,0.34728807839878467,-0.24464652898949257,9640,500
commoncrawl,0.5601327593521169,-0.23076420062816505,9640,500
commoncrawl,0.6178687440228481,-0.2796551316708473,9640,500
commoncrawl,0.6210334478240014,-0.2835891620687515,9640,500
commoncrawl,0.6998361298215187,-0.22334609196959196,9640,500
commoncrawl,0.637919873786031,-0.2507214491484151,9640,500
commoncrawl,0.619909217003244,-0.26999125359465614,9640,500
commoncrawl,0.6621991023784639,-0.23552782235715697,9640,500
commoncrawl,0.6376591060770268,-0.2434259980764963,9640,500
commoncrawl,0.555721497707699,-0.23774513068729036,9640,500
commoncrawl,0.6282686118797911,-0.2966995920255883,9640,500
commoncrawl,0.5690802072746545,-0.23005540463543858,9640,500
commoncrawl,0.5895849820712147,-0.22509637655487055,9640,500
commoncrawl,0.7252815587586494,-0.2337306964169143,9640,500
commoncrawl,0.6664324005664005,-0.22083546441386825,9640,500
commoncrawl,0.6713790858650504,-0.2846776162078814,9640,500
commoncrawl,0.5914966043177425,-0.2308009510617004,9640,500
commoncrawl,0.64983772106072,-0.2735674270059581,9640,500
commoncrawl,0.6161032671843049,-0.2795499334021535,9640,500
commoncrawl,0.6581168921121813,-0.26189856643611437,9640,500
commoncrawl,0.6522319208581693,-0.29922862228882935,9640,500
commoncrawl,0.4617415996131834,-0.2622174216478733,9640,500
commoncrawl,0.6017383160047116,-0.24809787158803367,9640,500
commoncrawl,0.6722738303224827,-0.23515554689747217,9640,500
commoncrawl,0.5910211882592634,-0.2315324101875296,9640,500
commoncrawl,0.37707439697964984,-0.24976412331961434,9640,500
commoncrawl,0.42443032850456014,-0.26308438378169813,9640,500
commoncrawl,0.5271766197581845,-0.2523173341269808,9640,500
commoncrawl,0.7248778493043835,-0.24554869998957368,9640,500
commoncrawl,0.6400192926322663,-0.2523721566179635,9640,500
commoncrawl,0.585065237461061,-0.26128956564903855,9640,500
commoncrawl,0.7129237724848053,-0.2901531581036852,9640,500
commoncrawl,0.4676971854928049,-0.2887195763796535,9640,500
commoncrawl,0.6898597502465825,-0.2745171713675859,9640,500
commoncrawl,0.5532088428760017,-0.2632586199244538,9640,500
commoncrawl,0.6980817310213566,-0.23428830411076854,9640,500
commoncrawl,0.6738856198506218,-0.25342998062180244,9640,500
commoncrawl,0.5808788509662834,-0.2786819694845006,9640,500
commoncrawl,0.6360288518670167,-0.22694915848464553,9640,500
commoncrawl,0.5949054209456232,-0.2832997077807055,9640,500
commoncrawl,0.53956465182069,-0.25079069678860283,9640,500
commoncrawl,0.7343022702563676,-0.23108388618484366,9640,500
commoncrawl,0.6247679830859841,-0.22148503347469956,9640,500
commoncrawl,0.656213520715494,-0.29950606619592296,9640,500
commoncrawl,0.6243580494390383,-0.2678187181588525,9640,500
commoncrawl,0.5921687022380195,-0.23814527782949846,9640,500
commoncrawl,0.7170329158138964,-0.2582491588331134,9640,500
commoncrawl,0.7117707799971005,-0.28143948661420637,9640,500
commoncrawl,0.6692229561265621,-0.25044469912572526,9640,500
commoncrawl,0.6074489203720976,-0.2783890507108827,9640,500
commoncrawl,0.6531929279354061,-0.23180126039391444,9640,500
commoncrawl,0.4865861772703613,-0.23805690271781454,9640,500
commoncrawl,0.5658938084761449,-0.2834491040126017,9640,500
commoncrawl,0.7799984982753909,-0.2780086172986168,9640,500
commoncrawl,0.47701367865950495,-0.2691388946478823,9640,500
commoncrawl,0.6153342358256675,-0.2627850656699151,9640,500
commoncrawl,0.574930808991019,-0.2954264827391514,9640,500
commoncrawl,0.6764379460546748,-0.2945373957992143,9640,500
commoncrawl,0.5479118396269796,-0.25950532698536444,9640,500
commoncrawl,0.6388010489877308,-0.27510250662012176,9640,500
commoncrawl,0.5443913370523913,-0.22077136097295455,9640,500
commoncrawl,0.6482334030033916,-0.23441905428975957,9640,500
commoncrawl,0.6342110512290642,-0.273457044194476,9640,500
commoncrawl,0.6333883668558523,-0.28005872525723563,9640,500
commoncrawl,0.6513866965188975,-0.28363725319765476,9640,500
commoncrawl,0.645768352693554,-0.2873833081041901,9640,500
commoncrawl,0.6575318275350133,-0.236925273732201,9640,500
commoncrawl,0.6610804811677796,-0.2920815555484479,9640,500
commoncrawl,0.5299154462409839,-0.26405761614036843,9640,500
commoncrawl,0.6826524450937425,-0.2634209166589547,9640,500
commoncrawl,0.48426925665023834,-0.2843806147904517,9640,500
commoncrawl,0.5070137806989653,-0.2719015328877775,9640,500
commoncrawl,0.6364380084464617,-0.26572936621014676,9640,500
commoncrawl,0.6740673370125413,-0.2339930368329908,9640,500
commoncrawl,0.6224815679877408,-0.2919894949562241,9640,500
commoncrawl,0.6762139975947558,-0.27798418091974214,9640,500
commoncrawl,0.4526904385516036,-0.24529060001475256,9640,500
commoncrawl,0.494255162089838,-0.2889874634257483,9640,500
commoncrawl,0.6618575768964121,-0.25134885109378163,9640,500
commoncrawl,0.6059925215581375,-0.27848628363393724,9640,500
commoncrawl,0.3402317004063806,-0.29291644371267145,9640,500
commoncrawl,0.6402379334196243,-0.27862241672599297,9640,500
commoncrawl,0.6348810163432382,-0.22042650845628453,9640,500
commoncrawl,0.6138567959994579,-0.2709873781107052,9640,500
commoncrawl,0.6537183634403244,-0.2835259855466142,9640,500
commoncrawl,0.6900839592579928,-0.2996822786910348,9640,500
commoncrawl,0.6482644339889307,-0.28492669446652086,9640,500
commoncrawl,0.6079262008034136,-0.2566841064089087,9640,500
commoncrawl,0.6318879372221611,-0.24962426176890087,9640,500
commoncrawl,0.6006715222677776,-0.2607855071110402,9640,500
commoncrawl,0.6207327136969226,-0.2611106597497286,9640,500
commoncrawl,0.5527022914747812,-0.2703430376226988,9640,500
commoncrawl,0.7238723385135529,-0.2375896108256207,9640,500
commoncrawl,0.6206607321497379,-0.2780450618349408,9640,500
commoncrawl,0.6815534452013519,-0.29384057885185844,9640,500
commoncrawl,0.5783089959042085,-0.2757708822410104,9640,500
commoncrawl,0.6206006280647676,-0.26298995111673484,9640,500
commoncrawl,0.5307027120534749,-0.2361009807711577,9640,500
commoncrawl,0.6581846480914942,-0.27100611807846703,9640,500
commoncrawl,0.6426833358187468,-0.26874921871959667,9640,500
commoncrawl,0.6118971871649949,-0.2918145040295828,9640,500
commoncrawl,0.6344188147531834,-0.2721417105871786,9640,500
commoncrawl,0.6444684519166072,-0.28057431468614746,9640,500
commoncrawl,0.6621510489422853,-0.2625550926946456,9640,500
commoncrawl,0.6855389789655455,-0.25938658902965184,9640,500
commoncrawl,0.7002854725599532,-0.2864587986504594,9640,500
commoncrawl,0.5363837287691704,-0.2312998478764685,9640,500
commoncrawl,0.5994734459653769,-0.28733939398780894,9640,500
commoncrawl,0.6188662828057259,-0.23857942446480848,9640,500
commoncrawl,0.6189127438674298,-0.24415816342243113,9640,500
commoncrawl,0.6479569239522649,-0.25137834811533183,9640,500
commoncrawl,0.6468655706558921,-0.22130969528496333,9640,500
commoncrawl,0.7226964322926166,-0.29576298443160975,9640,500
commoncrawl,0.609183263259282,-0.2802114109943855,9640,500
commoncrawl,0.5709398711039146,-0.2571845570325956,9640,500
commoncrawl,0.6937981796540788,-0.26739436865547295,9640,500
commoncrawl,0.5832815101073422,-0.26961911983953823,9640,500
commoncrawl,0.5781556068832379,-0.28395122288032953,9640,500
commoncrawl,0.7746441154912235,-0.25003754908281794,9640,500
commoncrawl,0.7157293303644003,-0.27969594520038515,9640,500
commoncrawl,0.5497546250869076,-0.2572250575280399,9640,500
commoncrawl,0.5696763281371794,-0.23552492799684305,9640,500
commoncrawl,0.6289903877832161,-0.2589201260891129,9640,500
commoncrawl,0.6359049431702803,-0.27398051753702624,9640,500
commoncrawl,0.7118559374141944,-0.23956905546162416,9640,500
commoncrawl,0.6808999886605799,-0.22709120203344663,9640,500
commoncrawl,0.6375370968346811,-0.2215039191049235,9640,500
commoncrawl,0.6670686544633464,-0.29309271134671017,9640,500
commoncrawl,0.6003248738719649,-0.2362942249981343,9640,500
commoncrawl,0.6483527479160983,-0.2696261615708553,9640,500
commoncrawl,0.7140533223846743,-0.22178917060642095,9640,500
commoncrawl,0.6922550006969195,-0.22271857724405675,9640,500
commoncrawl,0.6651897978574224,-0.2461852040596718,9640,500
commoncrawl,0.594424143102868,-0.2637541923555202,9640,500
commoncrawl,0.6805558076817636,-0.2850877574513284,9640,500
commoncrawl,0.6335432893077994,-0.22106753991754713,9640,500
commoncrawl,0.5043311644491761,-0.2248700094679879,9640,500
commoncrawl,0.6372531299466329,-0.27934175373773856,9640,500
commoncrawl,0.5939093653200779,-0.2947216739983547,9640,500
commoncrawl,0.611570876711915,-0.23751756751314185,9640,500
commoncrawl,0.626554898608328,-0.28704742799876326,9640,500
commoncrawl,0.699004577859335,-0.285818164937487,9640,500
commoncrawl,0.5480281432762591,-0.2862893826215283,9640,500
commoncrawl,0.589300516603316,-0.2311514803458204,9640,500
commoncrawl,0.5570077312569072,-0.22707127257102805,9640,500
commoncrawl,0.716413003766816,-0.29507130221634803,9640,500
commoncrawl,0.5831940685352273,-0.241647697726793,9640,500
commoncrawl,0.5348714069836612,-0.25475385255835153,9640,500
commoncrawl,0.4585043698127443,-0.24475007786317032,9640,500
commoncrawl,0.5550256609550283,-0.26442716439036384,9640,500
commoncrawl,0.6553701434599345,-0.2667110660199604,9640,500
commoncrawl,0.6078537837893575,-0.2668759482687761,9640,500
commoncrawl,0.7210347620877648,-0.2595365287418856,9640,500
commoncrawl,0.5523545639808451,-0.27217758917146384,9640,500
commoncrawl,0.6238883407227365,-0.24551851384737894,9640,500
commoncrawl,0.42596628131058234,-0.2689471395200001,9640,500
commoncrawl,0.5521802498877812,-0.29472690141467556,9640,500
commoncrawl,0.5567783113433717,-0.28405336252057434,9640,500
commoncrawl,0.5118408865510784,-0.2939113591340659,9640,500
commoncrawl,0.7466292669892542,-0.255379226372164,9640,500
commoncrawl,0.6875861538101571,-0.26957347987722585,9640,500
commoncrawl,0.6550335008370268,-0.229393216060983,9640,500
commoncrawl,0.6509105522890934,-0.2812591597256938,9640,500
commoncrawl,0.5993913355452416,-0.2833778222106275,9640,500
commoncrawl,0.6117408811570872,-0.2962583667584132,9640,500
commoncrawl,0.46822673904767953,-0.22754330541402487,9640,500
commoncrawl,0.6761796998169081,-0.2416458817321941,9640,500
commoncrawl,0.5982339001041047,-0.23562797198947333,9640,500
commoncrawl,0.7076602411566701,-0.2719064411354922,9640,500
commoncrawl,0.6487600998993085,-0.282415545323361,9640,500
commoncrawl,0.7195051390019929,-0.2944917681928329,9640,500
commoncrawl,0.6617934790043343,-0.23034981726175746,9640,500
commoncrawl,0.6918428809008321,-0.28966814648624695,9640,500
commoncrawl,0.6799015472053298,-0.24383708787121103,9640,500
commoncrawl,0.6083363147998833,-0.235703089702276,9640,500
commoncrawl,0.6021262640536713,-0.24843043637026221,9640,500
commoncrawl,0.6925809638760778,-0.29597710276696076,9640,500
commoncrawl,0.7387838634266752,-0.2528353341523329,9640,500
commoncrawl,0.6489692192695337,-0.29831153624044093,9640,500
commoncrawl,0.6722774303512251,-0.22072046260918732,9640,500
commoncrawl,0.661283756274949,-0.2883764567934486,9640,500
commoncrawl,0.6240527109531462,-0.2452204750375083,9640,500
commoncrawl,0.5140064479673909,-0.23138682700281793,9640,500
commoncrawl,0.5243490270751832,-0.2807262534886175,9640,500
commoncrawl,0.5835817554332247,-0.2678795050176512,9640,500
commoncrawl,0.6552411941715548,-0.2396292766786101,9640,500
commoncrawl,0.6956176198575361,-0.2650445630466204,9640,500
commoncrawl,0.5590690255747763,-0.2684915102666694,9640,500
commoncrawl,0.6543189628630127,-0.2756574237001655,9640,500
commoncrawl,0.6690123450687798,-0.28552151630223527,9640,500
commoncrawl,0.6858214235608385,-0.22233546490222128,9640,500
commoncrawl,0.7100737699734626,-0.22021871946897176,9640,500
commoncrawl,0.5410559201858833,-0.22734123858874689,9640,500
commoncrawl,0.5509935666800831,-0.29563938292699327,9640,500
commoncrawl,0.6563058630367802,-0.22777681970906394,9640,500
commoncrawl,0.4059969913447275,-0.2760984252257798,9640,500
commoncrawl,0.6041297762332458,-0.2935162798441986,9640,500
commoncrawl,0.6522573877290483,-0.2859687002969806,9640,500
commoncrawl,0.5344511141721123,-0.22234098206362127,9640,500
commoncrawl,0.6615852375029615,-0.27142381579402175,9640,500
commoncrawl,0.5892479735077805,-0.29022523746074874,9640,500
commoncrawl,0.6202139592722016,-0.2659270885455415,9640,500
commoncrawl,0.5062066248751875,-0.26586594652373374,9640,500
commoncrawl,0.6649016921106481,-0.2903733781954682,9640,500
commoncrawl,0.6444111006832998,-0.2266605395443237,9640,500
commoncrawl,0.6304820261686421,-0.2479341988364898,9640,500
commoncrawl,0.7034615271427052,-0.2629224693172886,9640,500
commoncrawl,0.6892293879383317,-0.24284172689829162,9640,500
commoncrawl,0.6938466865218691,-0.24044942606625622,9640,500
commoncrawl,0.6142628175563553,-0.24356623451646478,9640,500
commoncrawl,0.607153661353524,-0.2538269547464506,9640,500
commoncrawl,0.6825404306237578,-0.23184818511438893,9640,500
commoncrawl,0.5736152898973016,-0.27726955609853554,9640,500
commoncrawl,0.6431542380383578,-0.24098830387239764,9640,500
commoncrawl,0.39986028498642995,-0.22342607875472975,9640,500
commoncrawl,0.5015563144159704,-0.2772881444519131,9640,500
commoncrawl,0.5717795768238372,-0.24448153371792508,9640,500
commoncrawl,0.626544897434365,-0.27464521355428684,9640,500
commoncrawl,0.5648827387007829,-0.2235304517683544,9640,500
commoncrawl,0.7087306653431412,-0.2568418080462692,9640,500
commoncrawl,0.6951027117951878,-0.23850051909878944,9640,500
commoncrawl,0.5295702785682141,-0.24689477884054373,9640,500
commoncrawl,0.48630657467738636,-0.2825816539601287,9640,500
commoncrawl,0.6400791425700466,-0.223296779219328,9640,500
commoncrawl,0.5977472722373616,-0.2536647782996548,9640,500
commoncrawl,0.7248397566678555,-0.28601534846149673,9640,500
commoncrawl,0.5845296086832683,-0.2569512652423515,9640,500
commoncrawl,0.6951016882082619,-0.2869177893351671,9640,500
commoncrawl,0.5790107683103678,-0.2861143629035544,9640,500
commoncrawl,0.718363568441925,-0.23050371479199677,9640,500
commoncrawl,0.5188614146263516,-0.28815892660172443,9640,500
commoncrawl,0.4939706693231252,-0.22404924386608904,9640,500
commoncrawl,0.5687613643671199,-0.2526010633801061,9640,500
commoncrawl,0.6345495235598455,-0.2858303621115589,9640,500
commoncrawl,0.4924374417143856,-0.22599891351247342,9640,500
commoncrawl,0.6444823544541349,-0.2974556634493941,9640,500
commoncrawl,0.49214506700291366,-0.252237026505448,9640,500
commoncrawl,0.6128481913208981,-0.2551117640784162,9640,500
commoncrawl,0.5983966810850896,-0.24086390519150394,9640,500
commoncrawl,0.4458379207850694,-0.25317882535701713,9640,500
commoncrawl,0.6794361758525365,-0.23307990403789325,9640,500
commoncrawl,0.6089701314615049,-0.23050503357477098,9640,500
commoncrawl,0.5333999745022692,-0.25267432905976006,9640,500
commoncrawl,0.6033392780016039,-0.23152658282386518,9640,500
commoncrawl,0.5996375069841302,-0.22823719806556497,9640,500
commoncrawl,0.6430713370164182,-0.27025212983232316,9640,500
commoncrawl,0.6726308520300152,-0.22892933689538114,9640,500
commoncrawl,0.4899363392851681,-0.25679993949891705,9640,500
commoncrawl,0.6334816351552232,-0.24642871950338324,9640,500
commoncrawl,0.4016891672081844,-0.2999065437492427,9640,500
commoncrawl,0.6212272132520001,-0.2221428558950908,9640,500
commoncrawl,0.5835522646368848,-0.2966674036897562,9640,500
commoncrawl,0.6516645987052742,-0.24590156674863473,9640,500
commoncrawl,0.6725671304721442,-0.2697947983759328,9640,500
commoncrawl,0.7119199681403436,-0.2580899899706576,9640,500
commoncrawl,0.4407242600456936,-0.25139437592342156,9640,500
commoncrawl,0.4776382399042588,-0.22119105102430994,9640,500
commoncrawl,0.5890554721567146,-0.22132668421328922,9640,500
commoncrawl,0.7167229128539301,-0.26517011354123404,9640,500
commoncrawl,0.660533283281341,-0.2238665897456369,9640,500
commoncrawl,0.584294740627657,-0.2523617293442784,9640,500
commoncrawl,0.6460586275345463,-0.22949442850192414,9640,500
commoncrawl,0.5603625315216115,-0.28303962171229596,9640,500
commoncrawl,0.6847559957148305,-0.2509430635728305,9640,500
commoncrawl,0.4780204908032043,-0.2567532908013351,9640,500
commoncrawl,0.6120560701641953,-0.2537460025577163,9640,500
commoncrawl,0.5792925273992842,-0.27443573963662987,9640,500
commoncrawl,0.5633150926076825,-0.2488832270582914,9640,500
commoncrawl,0.5642046808174641,-0.23345342075304684,9640,500
commoncrawl,0.5044037348953788,-0.28285557061486344,9640,500
commoncrawl,0.5165451778671378,-0.2530654713515712,9640,500
commoncrawl,0.516934769331935,-0.2649141666231344,9640,500
commoncrawl,0.5855279489648523,-0.28676197529991293,9640,500
commoncrawl,0.5575646552860156,-0.22000023078195566,9640,500
commoncrawl,0.5628556666373602,-0.29951075600238825,9640,500
commoncrawl,0.7607387650908245,-0.2873851614796064,9640,500
commoncrawl,0.5645080938749978,-0.25861942572028374,9640,500
commoncrawl,0.7101274609505802,-0.27611386494543516,9640,500
commoncrawl,0.6384072903621644,-0.2702094570207299,9640,500
commoncrawl,0.6253429146636884,-0.2510715764200299,9640,500
commoncrawl,0.5797043546030773,-0.24977012917795374,9640,500
commoncrawl,0.4934525733098887,-0.2204482438675154,9640,500
commoncrawl,0.7140297749708422,-0.2719995673120296,9640,500
commoncrawl,0.6123999171198563,-0.28782759916459194,9640,500
commoncrawl,0.5205362766440297,-0.2532264438908362,9640,500
commoncrawl,0.6518870455090363,-0.2479481418225905,9640,500
commoncrawl,0.6895962934627744,-0.2223926065170943,9640,500
commoncrawl,0.6328772188480067,-0.26960377013929326,9640,500
commoncrawl,0.5514876755099702,-0.24212010396150008,9640,500
commoncrawl,0.4759979762228996,-0.2262350827183403,9640,500
commoncrawl,0.7266070933882351,-0.2538435611220633,9640,500
commoncrawl,0.5808416931902192,-0.26085543373557,9640,500
commoncrawl,0.6383149651159743,-0.2670747794810765,9640,500
commoncrawl,0.676322716440185,-0.25384452477546127,9640,500
commoncrawl,0.647672838901195,-0.26245271560265515,9640,500
commoncrawl,0.5000589191931625,-0.26144487049601023,9640,500
commoncrawl,0.6158277710544742,-0.24910599591462787,9640,500
commoncrawl,0.5087967925436886,-0.2840070568660368,9640,500
commoncrawl,0.6528969811390353,-0.24342340286497205,9640,500
commoncrawl,0.5166348516937589,-0.2898448474065544,9640,500
commoncrawl,0.5938362580083953,-0.2566953955910125,9640,500
commoncrawl,0.5955983538363603,-0.2268041229253248,9640,500
commoncrawl,0.6365527427811665,-0.2846604256638144,9640,500
commoncrawl,0.426381332882457,-0.2358465471241713,9640,500
commoncrawl,0.565657321731863,-0.26167455607518314,9640,500
commoncrawl,0.6378305428024068,-0.2794978618408889,9640,500
commoncrawl,0.5483317057562778,-0.22423746251815108,9640,500
commoncrawl,0.5822483070724511,-0.2391400138303208,9640,500
commoncrawl,0.5832030822036904,-0.28990538442989694,9640,500
commoncrawl,0.6886808775787929,-0.29837745567401863,9640,500
commoncrawl,0.6805062051397819,-0.2723040119952167,9640,500
commoncrawl,0.37345618809689596,-0.2447509661734538,9640,500
commoncrawl,0.7009465498709655,-0.23106195287249082,9640,500
commoncrawl,0.482863015587668,-0.2907834923016877,9640,500
commoncrawl,0.6493797823167167,-0.25635747785231977,9640,500
commoncrawl,0.6876981772453478,-0.28512524985495186,9640,500
commoncrawl,0.4483797486910882,-0.22462248606662177,9640,500
commoncrawl,0.5980791336246444,-0.29225133367390715,9640,500
commoncrawl,0.7175937628210216,-0.2562850635486662,9640,500
commoncrawl,0.6713932917015896,-0.26410069796090163,9640,500
commoncrawl,0.7028501354888836,-0.23526368046027923,9640,500
commoncrawl,0.5919420127882151,-0.2604629620395159,9640,500
commoncrawl,0.5593493216860825,-0.23932062778174507,9640,500
commoncrawl,0.6508893112993144,-0.2638375912624466,9640,500
commoncrawl,0.24857510048431292,-0.2313941995131652,9640,500
commoncrawl,0.6651228662306437,-0.23177921823495312,9640,500
commoncrawl,0.7044319304525134,-0.22885818752337714,9640,500
commoncrawl,0.6521719131889859,-0.2473986551804798,9640,500
commoncrawl,0.5365801284716627,-0.2363048466221654,9640,500
commoncrawl,0.5586469818277214,-0.22864597366574232,9640,500
commoncrawl,0.6183173845742123,-0.2721760642832543,9640,500
c4,0.7238210238888867,-0.25935656730790435,10000,500
c4,0.6984147349945532,-0.2685425253721525,10000,500
c4,0.7374598029677414,-0.2502072548264475,10000,500
c4,0.4925855696440212,-0.2427024198021083,10000,500
c4,0.6963679896879539,-0.23101510836465472,10000,500
c4,0.6235261199152053,-0.23951206151622992,10000,500
c4,0.4258760380423013,-0.2809197729990486,10000,500
c4,0.591770012744387,-0.2537592694103117,10000,500
c4,0.6339690232084527,-0.2253747353906353,10000,500
c4,0.64730950227857,-0.28424008031464604,10000,500
c4,0.5870247689344044,-0.28677548414978077,10000,500
c4,0.6750200098515788,-0.24619073975721587,10000,500
c4,0.677190232630337,-0.2482887573498312,10000,500
c4,0.5405809294521392,-0.2558433457540067,10000,500
c4,0.5421345235749949,-0.29075352472151816,10000,500
c4,0.6251037506666991,-0.26991160282607063,10000,500
c4,0.6153484711590738,-0.26922803732180556,10000,500
c4,0.7190574774693607,-0.23238525453145217,10000,500
c4,0.4885920259340703,-0.27483703109822,10000,500
c4,0.5642862597003695,-0.2266499621527499,10000,500
c4,0.5480553228053047,-0.25437906019150347,10000,500
c4,0.7722822323061137,-0.2896175491083845,10000,500
c4,0.6390227405212547,-0.2729241615734281,10000,500
c4,0.8002688799251312,-0.26069635015957976,10000,500
c4,0.4597778643442825,-0.24377963770086064,10000,500
c4,0.546937440552336,-0.2905910188275749,10000,500
c4,0.5936817761332,-0.24020234964565593,10000,500
c4,0.5816998612854924,-0.2773952866834117,10000,500
c4,0.5830292667905332,-0.2856188651809128,10000,500
c4,0.6458144981277456,-0.29327006298385633,10000,500
c4,0.4611226172673522,-0.2437336192921315,10000,500
c4,0.5857078894192618,-0.294983202371274,10000,500
c4,0.6284120242006703,-0.2670049809075907,10000,500
c4,0.6533396300017094,-0.2552961758836615,10000,500
c4,0.7287773091017826,-0.2663974590955611,10000,500
c4,0.7346840686083982,-0.29671977787187787,10000,500
c4,0.6241381640705879,-0.24395330594882936,10000,500
c4,0.4979063716548356,-0.24643129409743636,10000,500
c4,0.6627757381709514,-0.2934956486555496,10000,500
c4,0.7305866370384435,-0.22946666828616472,10000,500
c4,0.47398138061274403,-0.27317482771229895,10000,500
c4,0.6431831005883053,-0.29563191950876067,10000,500
c4,0.5151370919488215,-0.22440000826290146,10000,500
c4,0.4681406563740979,-0.25592900807333485,10000,500
c4,0.628342658701723,-0.24095916332292117,10000,500
c4,0.7289262488679249,-0.2893543880631492,10000,500
c4,0.7207747281721351,-0.22022848972045528,10000,500
c4,0.7008516923949438,-0.28048788615055076,10000,500
c4,0.676364646409968,-0.222565388440915,10000,500
c4,0.6326015482162244,-0.24155974962116203,10000,500
c4,0.6592992524099952,-0.25331950746769455,10000,500
c4,0.8076585746286444,-0.2937348876939398,10000,500
c4,0.6160919626162565,-0.29241544556376503,10000,500
c4,0.5980870104347492,-0.28786515464284446,10000,500
c4,0.619387959442008,-0.25843521814344533,10000,500
c4,0.6100021672606878,-0.25236594484704017,10000,500
c4,0.5724477936537213,-0.2999586135686515,10000,500
c4,0.4869250980715855,-0.27694989226988603,10000,500
c4,0.5159990607562779,-0.22649492883834932,10000,500
c4,0.6290193764130974,-0.23404752418153443,10000,500
c4,0.5877611966454283,-0.28002018290862507,10000,500
c4,0.5843092844254942,-0.23622233619244187,10000,500
c4,0.7303958436303294,-0.2914718009363577,10000,500
c4,0.6329158504831428,-0.28267540405036085,10000,500
c4,0.7726416877862428,-0.2966726874881897,10000,500
c4,0.4680656262300296,-0.24656406864023617,10000,500
c4,0.593476762181574,-0.23236377412981069,10000,500
c4,0.7176504979532394,-0.23533845974392426,10000,500
c4,0.707849411382097,-0.26594193648716263,10000,500
c4,0.6687350846099689,-0.2688729488620015,10000,500
c4,0.6554166339084337,-0.2597912285666798,10000,500
c4,0.4887504692828285,-0.28183786801250554,10000,500
c4,0.6788648831174149,-0.2933522626949821,10000,500
c4,0.6507069715962053,-0.24478714054126122,10000,500
c4,0.6594329212536483,-0.28067858485669805,10000,500
c4,0.5810673433097606,-0.29601591566100594,10000,500
c4,0.665658998059105,-0.28232481661425113,10000,500
c4,0.7834907155989957,-0.24530737651255963,10000,500
c4,0.6217922568754913,-0.2701274605146832,10000,500
c4,0.6903294446918496,-0.260560663879657,10000,500
c4,0.6619953685023925,-0.28024641135427814,10000,500
c4,0.579443230656406,-0.26296323999946014,10000,500
c4,0.6632661942252517,-0.27930779421593693,10000,500
c4,0.608584865498722,-0.2843656886970508,10000,500
c4,0.655636865891839,-0.25348018586068755,10000,500
c4,0.6447861201520674,-0.27565993150719537,10000,500
c4,0.6670714412189152,-0.2779323053443638,10000,500
c4,0.73724105361626,-0.26756103744140863,10000,500
c4,0.6331601763223057,-0.27443492101913974,10000,500
c4,0.6458812442028997,-0.27245966991207243,10000,500
c4,0.5403699204092479,-0.26534452773590067,10000,500
c4,0.6122211724741036,-0.2965312825336391,10000,500
c4,0.6013374176315358,-0.23579840381507988,10000,500
c4,0.5451513402624002,-0.2661941621749159,10000,500
c4,0.6428920708792865,-0.2984759416248523,10000,500
c4,0.7596810675128214,-0.2694480474041678,10000,500
c4,0.6754388366646186,-0.27591078781809025,10000,500
c4,0.6371808853307044,-0.26539640875414844,10000,500
c4,0.5499026835702304,-0.2525489272277018,10000,500
c4,0.5467979403234636,-0.275797138793193,10000,500
c4,0.6531799370777815,-0.2815833837083699,10000,500
c4,0.7292730185199123,-0.24770045886771833,10000,500
c4,0.6056483112394282,-0.23095486809061905,10000,500
c4,0.5753889544177124,-0.256862630083915,10000,500
c4,0.6130141306884804,-0.22791714574899663,10000,500
c4,0.5198984990546676,-0.2534950321095813,10000,500
c4,0.4621876891667403,-0.2618081026407078,10000,500
c4,0.6867210184336384,-0.23351530948490223,10000,500
c4,0.7605029364453304,-0.27447902815877234,10000,500
c4,0.7220715340376669,-0.2740328747398616,10000,500
c4,0.6047950353183411,-0.22599640200043947,10000,500
c4,0.6316254700254794,-0.26700126820784814,10000,500
c4,0.40371971782796967,-0.2640716075935194,10000,500
c4,0.597367224079987,-0.22097426454568517,10000,500
c4,0.7384752143091069,-0.2876871282659975,10000,500
c4,0.46017669631022445,-0.2788301158922373,10000,500
c4,0.7019284963035135,-0.2337285625399576,10000,500
c4,0.695250627088097,-0.28363029134058426,10000,500
c4,0.604057440431915,-0.2974669560355375,10000,500
c4,0.5485323341871425,-0.24393515577853958,10000,500
c4,0.705734000486964,-0.26094816039734386,10000,500
c4,0.7433791801628176,-0.22158968892992933,10000,500
c4,0.5855510646623536,-0.27399262840686633,10000,500
c4,0.6759947445499547,-0.2694339612384886,10000,500
c4,0.5571320575489633,-0.29794053238560386,10000,500
c4,0.7261487567800369,-0.2700235075883808,10000,500
c4,0.6545351560420485,-0.24446722394107617,10000,500
c4,0.562545566660104,-0.22140007063201197,10000,500
c4,0.6946745452724188,-0.24665806359808692,10000,500
c4,0.6111971886260191,-0.2773052629815795,10000,500
c4,0.513377078860702,-0.24454999605576017,10000,500
c4,0.5542140807476426,-0.295620407160977,10000,500
c4,0.5480907805075617,-0.24074591853820684,10000,500
c4,0.4944181613392301,-0.29922839377134963,10000,500
c4,0.5947257500054012,-0.266605293980067,10000,500
c4,0.607971484008546,-0.2543269384280494,10000,500
c4,0.6609367019127455,-0.27123610624940653,10000,500
c4,0.726249189896641,-0.2704833641424,10000,500
c4,0.6274410015689517,-0.27950824375146766,10000,500
c4,0.637467419964383,-0.24918625229337038,10000,500
c4,0.6811225699537213,-0.22326910721036283,10000,500
c4,0.7775458248709931,-0.24693750251220606,10000,500
c4,0.6566619696639371,-0.24662651471166522,10000,500
c4,0.6082139489250429,-0.27499756766154,10000,500
c4,0.5299000992714127,-0.29578506586278774,10000,500
c4,0.5702523042702242,-0.252102883261294,10000,500
c4,0.6073590590952986,-0.24897416645834633,10000,500
c4,0.4998630659119733,-0.2725730359429412,10000,500
c4,0.5240236485405559,-0.2492296666402653,10000,500
c4,0.6954804515316698,-0.24813070219280572,10000,500
c4,0.6188647745363838,-0.2577762714523997,10000,500
c4,0.6895576080770788,-0.2451099289985611,10000,500
c4,0.6389845853678142,-0.25792122005082213,10000,500
c4,0.5740018137465299,-0.26160128939231375,10000,500
c4,0.5315695631146373,-0.2560692999934313,10000,500
c4,0.6226281491206928,-0.2693641157342689,10000,500
c4,0.5993563633742143,-0.23409638584610615,10000,500
c4,0.7274579768443264,-0.2553996796752071,10000,500
c4,0.5678853534474976,-0.25385346986947965,10000,500
c4,0.6693329018807173,-0.25814803053455354,10000,500
c4,0.6367149508973984,-0.22827758842278545,10000,500
c4,0.5473809125274304,-0.2606674859097407,10000,500
c4,0.6324350524707082,-0.296577197954035,10000,500
c4,0.6539087355006876,-0.25895179422123527,10000,500
c4,0.5181233020756271,-0.2808716570603764,10000,500
c4,0.7666134292052037,-0.2586791559734276,10000,500
c4,0.5692883557544733,-0.27697435586789076,10000,500
c4,0.488483717133179,-0.2691037983934828,10000,500
c4,0.3971807849871516,-0.2610130543173351,10000,500
c4,0.5350209076475724,-0.2992886517845953,10000,500
c4,0.5334018573084024,-0.2799529833995561,10000,500
c4,0.7136057731699738,-0.2479549747614374,10000,500
c4,0.5604497292566997,-0.28789094911514146,10000,500
c4,0.6317223478809928,-0.27196626905694915,10000,500
c4,0.5742756377261387,-0.24011967903608383,10000,500
c4,0.5251446282968628,-0.26359038691823855,10000,500
c4,0.7103037799234453,-0.2824052244136378,10000,500
c4,0.6613471840992703,-0.22563130214633825,10000,500
c4,0.654997797631461,-0.2645706530184258,10000,500
c4,0.7057490650525173,-0.28963493698555104,10000,500
c4,0.6609097356595359,-0.27230172510932377,10000,500
c4,0.5814261302116377,-0.24320231372471987,10000,500
c4,0.6283484513030203,-0.23507599539565732,10000,500
c4,0.47131470912424966,-0.28634780905574564,10000,500
c4,0.7406675595133161,-0.26687418144977487,10000,500
c4,0.4745615451162262,-0.24043220445493502,10000,500
c4,0.632543984544333,-0.22708979417057176,10000,500
c4,0.6872354166380102,-0.25019755707430946,10000,500
c4,0.5954835508599253,-0.24926601145079819,10000,500
c4,0.45126279570846045,-0.22928018228203703,10000,500
c4,0.691506856614818,-0.24845183612626232,10000,500
c4,0.7187461626714983,-0.2414461027163664,10000,500
c4,0.6688517358573413,-0.23793383575741564,10000,500
c4,0.49634361721995424,-0.24232339163594885,10000,500
c4,0.46303610203440904,-0.25575812945569615,10000,500
c4,0.6389238120531852,-0.23939618896516832,10000,500
c4,0.7605591474975645,-0.23578535011370594,10000,500
c4,0.6780128994722006,-0.2898905835474109,10000,500
c4,0.6034985204561669,-0.22260094672940012,10000,500
c4,0.6491893926560377,-0.2902883675212666,10000,500
c4,0.44237563692880116,-0.23050640563239183,10000,500
c4,0.6812581353543679,-0.24605251880436663,10000,500
c4,0.6650224718512892,-0.271008580817547,10000,500
c4,0.5141854670593535,-0.22979927273334136,10000,500
c4,0.5892597594770504,-0.281810536100165,10000,500
c4,0.657690587888532,-0.27339577248144364,10000,500
c4,0.7483795788006035,-0.24553574234633857,10000,500
c4,0.6445579747301784,-0.28339894243207553,10000,500
c4,0.7133958260670872,-0.2637511108068296,10000,500
c4,0.5829015175470457,-0.23611898054475794,10000,500
c4,0.5151654090538587,-0.2958679924528874,10000,500
c4,0.500129001893985,-0.2321900799374208,10000,500
c4,0.6566831952368194,-0.2293272760085721,10000,500
c4,0.38126723272478,-0.2870336272794573,10000,500
c4,0.6252884059641561,-0.29407777777309935,10000,500
c4,0.5397414167153423,-0.29638508360368143,10000,500
c4,0.5488126264116591,-0.2775104581701377,10000,500
c4,0.6569416405268773,-0.2620990556584065,10000,500
c4,0.7191932712825176,-0.28127322882782607,10000,500
c4,0.5480002858071111,-0.2253742380261914,10000,500
c4,0.6876689579545229,-0.2802268280236576,10000,500
c4,0.6718432753543844,-0.2468060867187271,10000,500
c4,0.6439131781872983,-0.231714719238866,10000,500
c4,0.7042663379963183,-0.23800577202278217,10000,500
c4,0.5091646031070778,-0.25776945375423593,10000,500
c4,0.5865866343048464,-0.29505396000575373,10000,500
c4,0.5567862997490419,-0.2201496113022881,10000,500
c4,0.6588663480797543,-0.2778803314509433,10000,500
c4,0.5701130373999025,-0.2323549408116583,10000,500
c4,0.5652934927848152,-0.2288493523870881,10000,500
c4,0.7180543655950695,-0.2695391695715624,10000,500
c4,0.606692998980783,-0.25153929728325314,10000,500
c4,0.6630750000675867,-0.24279451395214735,10000,500
c4,0.5197855346816855,-0.2232841543662264,10000,500
c4,0.6782706009232867,-0.22800980728557724,10000,500
c4,0.5740173516752929,-0.28920913762557116,10000,500
c4,0.6037706859425358,-0.2474503171442874,10000,500
c4,0.7405701387374694,-0.24549868361359325,10000,500
c4,0.5826828645123407,-0.24497341770913766,10000,500
c4,0.7576922816673735,-0.23303739086294673,10000,500
c4,0.6801426836806669,-0.2275213807044486,10000,500
c4,0.7069018290966067,-0.26161143813677445,10000,500
c4,0.6082486081878681,-0.27974534242680105,10000,500
c4,0.46287374901922823,-0.2819017412640092,10000,500
c4,0.44826478650852797,-0.2754400210565148,10000,500
c4,0.6095370333051181,-0.26680755790353283,10000,500
c4,0.6753789511148146,-0.2588834015214444,10000,500
c4,0.5026194884687267,-0.2419815864751041,10000,500
c4,0.6373954889519808,-0.23613404109616853,10000,500
c4,0.5010472210159191,-0.23322347821393824,10000,500
c4,0.6306662754456123,-0.24281727233920708,10000,500
c4,0.7199556829267598,-0.26979018564101864,10000,500
c4,0.5740885827588789,-0.23199075514158918,10000,500
c4,0.6091818100037774,-0.2595947196760255,10000,500
c4,0.6612984829020445,-0.2763985230612486,10000,500
c4,0.5438202737738331,-0.24784411480028234,10000,500
c4,0.7054062483227255,-0.2960904534133295,10000,500
c4,0.5093118636328768,-0.22839079190040626,10000,500
c4,0.3589265787702068,-0.28446305480080736,10000,500
c4,0.6582832736529106,-0.2916306651794501,10000,500
c4,0.6188786794649155,-0.2779876246158758,10000,500
c4,0.6990679963167543,-0.2461270934136773,10000,500
c4,0.5951932713238256,-0.2328859412128194,10000,500
c4,0.6510166448683192,-0.26348638018191795,10000,500
c4,0.6595818824142596,-0.28823531437878214,10000,500
c4,0.5592755198689219,-0.28056186311705655,10000,500
c4,0.5999702818912258,-0.2937780569207921,10000,500
c4,0.7307873214828671,-0.29938183199202306,10000,500
c4,0.5804886224018458,-0.23012447443170453,10000,500
c4,0.4326384959926589,-0.26691518490106403,10000,500
c4,0.7070013616029307,-0.22820879155258886,10000,500
c4,0.6227186401890554,-0.25531612655843217,10000,500
c4,0.6741035830633171,-0.2938007628180396,10000,500
c4,0.5976138126223501,-0.2428112957194988,10000,500
c4,0.5457145940046636,-0.23844356285953056,10000,500
c4,0.7924675059378946,-0.26546294796451736,10000,500
c4,0.6001825168735242,-0.22934942319838028,10000,500
c4,0.5349607852314568,-0.26060427586091306,10000,500
c4,0.6133965016241387,-0.23540800814288138,10000,500
c4,0.6955281386705618,-0.23502371622673818,10000,500
c4,0.5706728603920637,-0.24850044844607322,10000,500
c4,0.6769122567753139,-0.23784550954250636,10000,500
c4,0.6433263195614958,-0.2487818183052664,10000,500
c4,0.42251494816629614,-0.23798961757362053,10000,500
c4,0.6086093686818403,-0.26560118465254046,10000,500
c4,0.6699794477516483,-0.29527233342690856,10000,500
c4,0.6515703276570262,-0.25140436502308866,10000,500
c4,0.5761562516716341,-0.285320092186853,10000,500
c4,0.5479327382709549,-0.29741837981502817,10000,500
c4,0.6243361081852552,-0.23402687459793617,10000,500
c4,0.4935349002982112,-0.2347533577745902,10000,500
c4,0.42597262636308014,-0.2832580773420464,10000,500
c4,0.6105602200961128,-0.2687461488384497,10000,500
c4,0.7318118463468518,-0.2425200024932159,10000,500
c4,0.6384537936381816,-0.23641242131820578,10000,500
c4,0.3933303507600331,-0.2725039059479488,10000,500
c4,0.6030428993584102,-0.23516239839791298,10000,500
c4,0.5850002726698836,-0.25218923632147133,10000,500
c4,0.5829283580415919,-0.23717341950752802,10000,500
c4,0.4537253848290936,-0.28798726099720623,10000,500
c4,0.6139600470328997,-0.23433068719505917,10000,500
c4,0.7927743014768002,-0.22273168509675978,10000,500
c4,0.6277360308400494,-0.26782398633767923,10000,500
c4,0.5207410140542847,-0.26286723504020465,10000,500
c4,0.6989564173934996,-0.29984424658888614,10000,500
c4,0.6162552511774317,-0.27427354572505575,10000,500
c4,0.5063422256552957,-0.29741295639866216,10000,500
c4,0.7520950060587801,-0.2435996863153784,10000,500
c4,0.7073868363112357,-0.2961226766529037,10000,500
c4,0.6626365021102455,-0.2497952882293838,10000,500
c4,0.6583451329683365,-0.2584404083908591,10000,500
c4,0.6575481085248386,-0.2677394058615796,10000,500
c4,0.5380794221684392,-0.24745237507238857,10000,500
c4,0.4124211983217311,-0.26306700553941403,10000,500
c4,0.623286119475456,-0.2561048806998842,10000,500
c4,0.6472695989847996,-0.2723952317000874,10000,500
c4,0.6793615073610209,-0.22419612691289614,10000,500
c4,0.4148192374718346,-0.2567236931091799,10000,500
c4,0.6709496329868955,-0.23192284740531838,10000,500
c4,0.46479603807836634,-0.24326657626921092,10000,500
c4,0.6665707020913818,-0.2298140003362174,10000,500
c4,0.729577203014333,-0.22440291998507308,10000,500
c4,0.7185234391397674,-0.28809486154774355,10000,500
c4,0.5022628124382782,-0.2888593887968164,10000,500
c4,0.6150960709723101,-0.28085242741869854,10000,500
c4,0.6467222880288163,-0.2543619677352692,10000,500
c4,0.6844226724330342,-0.2217452255230561,10000,500
c4,0.5272903421733846,-0.23578037763124263,10000,500
c4,0.7331579409801254,-0.22451029871661865,10000,500
c4,0.6847639702633452,-0.23490076910371827,10000,500
c4,0.5758589736020147,-0.2771837677438454,10000,500
c4,0.5446123368497068,-0.28018172491752663,10000,500
c4,0.6559330124681051,-0.2552905584205443,10000,500
c4,0.5292195534085913,-0.2841147203244758,10000,500
c4,0.6562009320986713,-0.2570826799567252,10000,500
c4,0.7188035861475575,-0.2798192166125156,10000,500
c4,0.5412791787417875,-0.28802805593738456,10000,500
c4,0.6161483996769502,-0.29633544624971647,10000,500
c4,0.6704523043853168,-0.27877502776125956,10000,500
c4,0.5315698306917358,-0.23653437798486288,10000,500
c4,0.6230403045226101,-0.2822610315184931,10000,500
c4,0.5816304069050734,-0.23260409625922124,10000,500
c4,0.439247130412303,-0.25773580433586807,10000,500
c4,0.7041173450728255,-0.28099928067597935,10000,500
c4,0.535591405277893,-0.2707139100458942,10000,500
c4,0.6549572454654008,-0.28078959336456644,10000,500
c4,0.4720388261758456,-0.26711951682228985,10000,500
c4,0.6617074826053242,-0.2808158488755825,10000,500
c4,0.5909149379397691,-0.24556967570001495,10000,500
c4,0.5393782351007073,-0.23114960739771898,10000,500
c4,0.40412285942645054,-0.2613217660493067,10000,500
c4,0.58276056396113,-0.2726819568218259,10000,500
c4,0.6083274583057778,-0.2445727426914546,10000,500
c4,0.6645880654697522,-0.2974174038796159,10000,500
c4,0.4684993912410366,-0.25507296594147066,10000,500
c4,0.507568995242943,-0.2930125439590667,10000,500
c4,0.7503187670998297,-0.2818722564608621,10000,500
c4,0.6300386371147404,-0.22914404998588733,10000,500
c4,0.550080343118978,-0.2661930892975923,10000,500
c4,0.664985264509846,-0.28419365094819055,10000,500
c4,0.57471601145043,-0.23919582637216333,10000,500
c4,0.5492459466917448,-0.2971038914504614,10000,500
c4,0.5969176455275637,-0.26375058384753125,10000,500
c4,0.6655979222848571,-0.2542816672777471,10000,500
c4,0.5934491501764586,-0.2462289456232873,10000,500
c4,0.5619473525696239,-0.2963675749275328,10000,500
c4,0.5970281161147563,-0.2589613707865272,10000,500
c4,0.5144146872937443,-0.23305984584371223,10000,500
c4,0.5757870437171109,-0.22307954574387034,10000,500
c4,0.5757328952126884,-0.26818200037329537,10000,500
c4,0.6152467620135026,-0.23457670242495013,10000,500
c4,0.5641768269740116,-0.27294925041503404,10000,500
c4,0.6388983311408477,-0.24558164761556778,10000,500
c4,0.6404031567220759,-0.23439918919523733,10000,500
c4,0.49705839839404453,-0.2980837331182399,10000,500
c4,0.7365883506452658,-0.260409727015148,10000,500
c4,0.5766603136605469,-0.2694613387694722,10000,500
c4,0.5216406013886581,-0.2779955619704296,10000,500
c4,0.7139867690704224,-0.2821093266081962,10000,500
c4,0.6309655253418599,-0.23419689512648822,10000,500
c4,0.6505607229176402,-0.24796095749782363,10000,500
c4,0.5592651406179314,-0.25767773309336306,10000,500
c4,0.5539939954829395,-0.24347330606532053,10000,500
c4,0.47905574817109586,-0.22399897883529085,10000,500
c4,0.6486359654537517,-0.2594754401231328,10000,500
c4,0.6514289663925097,-0.2944160066037416,10000,500
c4,0.5401408654349523,-0.28018655238911233,10000,500
c4,0.6106627174123589,-0.2395996466757565,10000,500
c4,0.5920735498004356,-0.2664671743898734,10000,500
c4,0.6359383983677447,-0.2207675729296487,10000,500
c4,0.47788406180619447,-0.2756205484028434,10000,500
c4,0.6365143253019726,-0.2575472944023991,10000,500
c4,0.5317026903394969,-0.26537649472226915,10000,500
c4,0.7200986278952515,-0.291372098092968,10000,500
c4,0.6496934927599447,-0.29197401659242767,10000,500
c4,0.38461407033771133,-0.2720991851954373,10000,500
c4,0.6518964388229835,-0.24752602219248876,10000,500
c4,0.6339434432410169,-0.22844645968914956,10000,500
c4,0.614435885410925,-0.26269543833300235,10000,500
c4,0.6097652893586821,-0.2403219397031307,10000,500
c4,0.752854157591612,-0.27686018965900316,10000,500
c4,0.5740853885563068,-0.29195889247785967,10000,500
c4,0.4888657725501423,-0.28472935808238714,10000,500
c4,0.4295722841220681,-0.2494939812874742,10000,500
c4,0.6349250597373117,-0.22007327814874625,10000,500
c4,0.49984250914184003,-0.2729548224300058,10000,500
c4,0.6102612817575523,-0.2636596878263832,10000,500
c4,0.6391829134642734,-0.2774474769824526,10000,500
c4,0.6030386008424775,-0.22952627934198225,10000,500
c4,0.6533571111756411,-0.2449791920693762,10000,500
c4,0.5924537594852495,-0.24284224092051743,10000,500
c4,0.6347804520765254,-0.2942065206586423,10000,500
c4,0.7033247197812157,-0.2526766186706977,10000,500
c4,0.5131312216445685,-0.2363083137762435,10000,500
c4,0.6404995928081268,-0.23660674453622205,10000,500
c4,0.7125011944393366,-0.24332651871315575,10000,500
c4,0.7551947784631275,-0.2596012814814929,10000,500
c4,0.6226753171100028,-0.278147546828175,10000,500
c4,0.5383858214805899,-0.23135422665590086,10000,500
c4,0.4511617451548393,-0.2875216283852292,10000,500
c4,0.5377384932808436,-0.28397937098570436,10000,500
c4,0.7296844167678531,-0.2655806506596091,10000,500
c4,0.5251941287794283,-0.23222344042333617,10000,500
c4,0.6058575621755583,-0.2668587183285506,10000,500
c4,0.5726937428843009,-0.23091938443993865,10000,500
c4,0.7037195524522736,-0.23735335810070818,10000,500
c4,0.76317937265303,-0.2849601079670099,10000,500
c4,0.5381164097852346,-0.2539316323180138,10000,500
c4,0.6355353722769876,-0.2490903257371162,10000,500
c4,0.5596398351697494,-0.25248904222258284,10000,500
c4,0.6827298663600747,-0.2600950304128346,10000,500
c4,0.6294955716501951,-0.2991226273037421,10000,500
c4,0.5187289890137954,-0.2722349229279956,10000,500
c4,0.7536418930700306,-0.28802402196850524,10000,500
c4,0.6765658731388221,-0.27911725019611183,10000,500
c4,0.6494341285224821,-0.2926410196704801,10000,500
c4,0.666425228305223,-0.2664611937221622,10000,500
c4,0.6579797823239707,-0.29869368975925725,10000,500
c4,0.5903687374323243,-0.2576468937158184,10000,500
c4,0.5135460839573106,-0.23311815748775983,10000,500
c4,0.4872249019241119,-0.27348184316480467,10000,500
c4,0.5674493995082273,-0.22180569966880997,10000,500
c4,0.6700880913395475,-0.23553422041401798,10000,500
c4,0.6814947420843518,-0.27617475439672773,10000,500
c4,0.6536068628868505,-0.2947978954258298,10000,500
c4,0.5419892553711511,-0.2539188499777193,10000,500
c4,0.567734018604491,-0.23527574395804496,10000,500
c4,0.635122221911952,-0.2771741347820556,10000,500
c4,0.6956753619555411,-0.29106619665317035,10000,500
c4,0.5491428510672043,-0.25980583911944377,10000,500
c4,0.7148485963052953,-0.24500861314289896,10000,500
c4,0.7617399222052641,-0.27806465425269133,10000,500
c4,0.5958836216916623,-0.25179981391381046,10000,500
c4,0.6115212114375994,-0.25742014622725895,10000,500
c4,0.6646454140351389,-0.2975126991834739,10000,500
c4,0.627756002762732,-0.26367724714877994,10000,500
c4,0.6611426174620598,-0.2835720070125565,10000,500
c4,0.6852393249059534,-0.22125009127549083,10000,500
c4,0.7193561224517535,-0.2525159540474514,10000,500
c4,0.6299276565696109,-0.2445295752410067,10000,500
c4,0.6922745190841072,-0.28103293541107477,10000,500
c4,0.5483270712921804,-0.22223237097931042,10000,500
c4,0.6488989337586542,-0.23184347577241315,10000,500
c4,0.6751696427737668,-0.28491251293808567,10000,500
c4,0.701341906009343,-0.25709651436349407,10000,500
c4,0.5069022147013903,-0.2665986179271365,10000,500
c4,0.6680581793230617,-0.26588145976787675,10000,500
c4,0.5704739555536775,-0.2459314794131479,10000,500
c4,0.7389054916789373,-0.26131781769864376,10000,500
c4,0.6677460993481728,-0.2260006342356446,10000,500
c4,0.6212803135874633,-0.28746787774271404,10000,500
c4,0.41584899374104856,-0.23315678626368802,10000,500
c4,0.6088803825074248,-0.22564373895550432,10000,500
c4,0.5232406289334696,-0.25366084411351286,10000,500
c4,0.7161428603813895,-0.262124407601004,10000,500
c4,0.759099898615692,-0.254999766465234,10000,500
c4,0.6197052505973822,-0.24740088510740205,10000,500
c4,0.5607065108901862,-0.2428177876509992,10000,500
c4,0.5039905813600422,-0.27149678258988064,10000,500
c4,0.6982895910990613,-0.25433129077391065,10000,500
c4,0.5703282843625294,-0.24322560708631497,10000,500
c4,0.7154951360234947,-0.26746907790119456,10000,500
c4,0.6651889459919884,-0.25679107054695194,10000,500
c4,0.6320200902436974,-0.26094715781024885,10000,500
c4,0.731566741463735,-0.22783101969034578,10000,500
c4,0.6671966239626923,-0.24688547975833708,10000,500
c4,0.6390564498805368,-0.22451842837352715,10000,500
c4,0.4846288045538132,-0.22447584306736137,10000,500
c4,0.6010653272968653,-0.28602779727020894,10000,500
c4,0.5307747846346434,-0.2687438283998431,10000,500
c4,0.6356537023540417,-0.29185707095555447,10000,500
c4,0.5553821134856007,-0.2860674818132111,10000,500
c4,0.7267958951507527,-0.29198061019820026,10000,500
c4,0.6392511027981294,-0.29423774267886127,10000,500
c4,0.5933896323173715,-0.22049409206120912,10000,500
c4,0.6885124438863601,-0.24221869436435423,10000,500
c4,0.7035181017945928,-0.2859029654896033,10000,500
c4,0.6279809291691575,-0.26669848015668035,10000,500
c4,0.6694820091605216,-0.22859366708775092,10000,500
c4,0.5439193032478213,-0.24728768977389945,10000,500
