source_row,Model,model_version_id,kept_source_row,action,reason
0,0-hero/Matter-0.2-7B-DPO,0heromatter027bdpo|7.242|posttrained,0,kept_aggregated,"same normalized model, parameter, type and submission date"
1,01-ai/Yi-1.5-34B,01aiyi1534b|34.389|pretrained,1,kept_aggregated,"same normalized model, parameter, type and submission date"
2,01-ai/Yi-1.5-34B-32K,01aiyi1534b32k|34.389|pretrained,2,kept_aggregated,"same normalized model, parameter, type and submission date"
3,01-ai/Yi-1.5-34B-Chat,01aiyi1534bchat|34.389|posttrained,3,kept_aggregated,"same normalized model, parameter, type and submission date"
4,01-ai/Yi-1.5-34B-Chat-16K,01aiyi1534bchat16k|34.389|posttrained,4,kept_aggregated,"same normalized model, parameter, type and submission date"
5,01-ai/Yi-1.5-6B,01aiyi156b|6.061|pretrained,5,kept_aggregated,"same normalized model, parameter, type and submission date"
6,01-ai/Yi-1.5-6B-Chat,01aiyi156bchat|6.061|posttrained,6,kept_aggregated,"same normalized model, parameter, type and submission date"
7,01-ai/Yi-1.5-9B,01aiyi159b|8.829|pretrained,7,kept_aggregated,"same normalized model, parameter, type and submission date"
8,01-ai/Yi-1.5-9B-32K,01aiyi159b32k|8.829|pretrained,8,kept_aggregated,"same normalized model, parameter, type and submission date"
9,01-ai/Yi-1.5-9B-Chat,01aiyi159bchat|8.829|posttrained,9,kept_aggregated,"same normalized model, parameter, type and submission date"
10,01-ai/Yi-1.5-9B-Chat-16K,01aiyi159bchat16k|8.829|posttrained,10,kept_aggregated,"same normalized model, parameter, type and submission date"
11,01-ai/Yi-34B,01aiyi34b|34.389|pretrained,11,kept_aggregated,"same normalized model, parameter, type and submission date"
12,01-ai/Yi-34B-200K,01aiyi34b200k|34.389|pretrained,12,kept_aggregated,"same normalized model, parameter, type and submission date"
13,01-ai/Yi-34B-Chat,01aiyi34bchat|34.389|posttrained,13,kept_aggregated,"same normalized model, parameter, type and submission date"
14,01-ai/Yi-6B,01aiyi6b|6.061|pretrained,14,kept_aggregated,"same normalized model, parameter, type and submission date"
15,01-ai/Yi-6B-200K,01aiyi6b200k|6.061|pretrained,15,kept_aggregated,"same normalized model, parameter, type and submission date"
16,01-ai/Yi-6B-Chat,01aiyi6bchat|6.061|posttrained,16,kept_aggregated,"same normalized model, parameter, type and submission date"
17,01-ai/Yi-9B,01aiyi9b|8.829|pretrained,17,kept_aggregated,"same normalized model, parameter, type and submission date"
18,01-ai/Yi-9B-200K,01aiyi9b200k|8.829|pretrained,18,kept_aggregated,"same normalized model, parameter, type and submission date"
19,01-ai/Yi-Coder-9B-Chat,01aiyicoder9bchat|8.829|posttrained,19,kept_aggregated,"same normalized model, parameter, type and submission date"
20,1-800-LLMs/Qwen-2.5-14B-Hindi,1800llmsqwen2514bhindi|14.77|posttrained,20,kept_aggregated,"same normalized model, parameter, type and submission date"
21,1-800-LLMs/Qwen-2.5-14B-Hindi-Custom-Instruct,1800llmsqwen2514bhindicustominstruct|14.77|posttrained,21,kept_aggregated,"same normalized model, parameter, type and submission date"
22,1024m/PHI-4-Hindi,1024mphi4hindi|14.66|posttrained,22,kept_aggregated,"same normalized model, parameter, type and submission date"
23,1024m/QWEN-14B-B100,1024mqwen14bb100|14.77|posttrained,23,kept_aggregated,"same normalized model, parameter, type and submission date"
24,152334H/miqu-1-70b-sf,152334hmiqu170bsf|68.977|posttrained,24,kept_aggregated,"same normalized model, parameter, type and submission date"
25,1TuanPham/T-VisStar-7B-v0.1,1tuanphamtvisstar7bv01|7.294|posttrained,25,kept_aggregated,"same normalized model, parameter, type and submission date"
26,1TuanPham/T-VisStar-v0.1,1tuanphamtvisstarv01|7.294|posttrained,26,kept_aggregated,"same normalized model, parameter, type and submission date"
27,3rd-Degree-Burn/L-3.1-Science-Writer-8B,3rddegreeburnl31sciencewriter8b|8.03|posttrained,27,kept_aggregated,"same normalized model, parameter, type and submission date"
28,3rd-Degree-Burn/Llama-3.1-8B-Squareroot,3rddegreeburnllama318bsquareroot|8.03|merge,28,kept_aggregated,"same normalized model, parameter, type and submission date"
29,3rd-Degree-Burn/Llama-3.1-8B-Squareroot-v1,3rddegreeburnllama318bsquarerootv1|8.03|merge,29,kept_aggregated,"same normalized model, parameter, type and submission date"
30,3rd-Degree-Burn/Llama-Squared-8B,3rddegreeburnllamasquared8b|8.03|posttrained,30,kept_aggregated,"same normalized model, parameter, type and submission date"
31,4season/final_model_test_v2,4seasonfinalmodeltestv2|21.421|posttrained,31,kept_aggregated,"same normalized model, parameter, type and submission date"
32,AALF/FuseChat-Llama-3.1-8B-Instruct-preview,aalffusechatllama318binstructpreview|8.03|posttrained,32,kept_aggregated,"same normalized model, parameter, type and submission date"
33,AALF/FuseChat-Llama-3.1-8B-SFT-preview,aalffusechatllama318bsftpreview|8.03|posttrained,33,kept_aggregated,"same normalized model, parameter, type and submission date"
34,AALF/gemma-2-27b-it-SimPO-37K,aalfgemma227bitsimpo37k|27.227|posttrained,34,kept_aggregated,"same normalized model, parameter, type and submission date"
35,AALF/gemma-2-27b-it-SimPO-37K-100steps,aalfgemma227bitsimpo37k100steps|27.227|posttrained,35,kept_aggregated,"same normalized model, parameter, type and submission date"
36,AELLM/gemma-2-aeria-infinity-9b,aellmgemma2aeriainfinity9b|9.242|merge,36,kept_aggregated,"same normalized model, parameter, type and submission date"
37,AELLM/gemma-2-lyco-infinity-9b,aellmgemma2lycoinfinity9b|10.159|posttrained,37,kept_aggregated,"same normalized model, parameter, type and submission date"
38,AGI-0/Art-v0-3B,agi0artv03b|3.086|posttrained,38,kept_aggregated,"same normalized model, parameter, type and submission date"
39,AGI-0/Artificium-llama3.1-8B-001,agi0artificiumllama318b001|8.03|posttrained,39,kept_aggregated,"same normalized model, parameter, type and submission date"
40,AGI-0/smartllama3.1-8B-001,agi0smartllama318b001|8.03|posttrained,40,kept_aggregated,"same normalized model, parameter, type and submission date"
41,AI-MO/NuminaMath-7B-CoT,aimonuminamath7bcot|6.91|posttrained,41,kept_aggregated,"same normalized model, parameter, type and submission date"
42,AI-MO/NuminaMath-7B-TIR,aimonuminamath7btir|6.91|posttrained,42,kept_aggregated,"same normalized model, parameter, type and submission date"
43,AI-Sweden-Models/Llama-3-8B-instruct,aiswedenmodelsllama38binstruct|8.03|posttrained,43,kept_aggregated,"same normalized model, parameter, type and submission date"
44,AI-Sweden-Models/gpt-sw3-40b,aiswedenmodelsgptsw340b|39.927|pretrained,44,kept_aggregated,"same normalized model, parameter, type and submission date"
45,AI4free/Dhanishtha,ai4freedhanishtha|1.777|pretrained,45,kept_aggregated,"same normalized model, parameter, type and submission date"
46,AI4free/t2,ai4freet2|7.613|merge,46,kept_aggregated,"same normalized model, parameter, type and submission date"
47,AIDC-AI/Marco-o1,aidcaimarcoo1|7.616|posttrained,47,kept_aggregated,"same normalized model, parameter, type and submission date"
48,Aashraf995/Creative-7B-nerd,aashraf995creative7bnerd|7.616|merge,48,kept_aggregated,"same normalized model, parameter, type and submission date"
49,Aashraf995/Gemma-Evo-10B,aashraf995gemmaevo10b|10.159|merge,49,kept_aggregated,"same normalized model, parameter, type and submission date"
50,Aashraf995/Qwen-Evo-7B,aashraf995qwenevo7b|7.616|merge,50,kept_aggregated,"same normalized model, parameter, type and submission date"
51,Aashraf995/QwenStock-14B,aashraf995qwenstock14b|14.766|merge,51,kept_aggregated,"same normalized model, parameter, type and submission date"
52,AbacusResearch/Jallabi-34B,abacusresearchjallabi34b|34.389|merge,52,kept_aggregated,"same normalized model, parameter, type and submission date"
53,Ahdoot/StructuredThinker-v0.3-MoreStructure,ahdootstructuredthinkerv03morestructure|3.397|merge,53,kept_aggregated,"same normalized model, parameter, type and submission date"
54,Ahdoot/Test_StealthThinker,ahdootteststealththinker|3.086|posttrained,54,kept_aggregated,"same normalized model, parameter, type and submission date"
55,AicoresSecurity/Cybernet-Sec-3B-R1-V0,aicoressecuritycybernetsec3br1v0|3.213|posttrained,55,kept_aggregated,"same normalized model, parameter, type and submission date"
56,AicoresSecurity/Cybernet-Sec-3B-R1-V0-Coder,aicoressecuritycybernetsec3br1v0coder|3.213|posttrained,56,kept_aggregated,"same normalized model, parameter, type and submission date"
57,AicoresSecurity/Cybernet-Sec-3B-R1-V1,aicoressecuritycybernetsec3br1v1|3.213|posttrained,57,kept_aggregated,"same normalized model, parameter, type and submission date"
58,AicoresSecurity/Cybernet-Sec-3B-R1-V1.1,aicoressecuritycybernetsec3br1v11|3.213|posttrained,58,kept_aggregated,"same normalized model, parameter, type and submission date"
59,Alepach/notHumpback-M0,alepachnothumpbackm0|3.213|posttrained,59,kept_aggregated,"same normalized model, parameter, type and submission date"
60,Alepach/notHumpback-M1,alepachnothumpbackm1|3.213|posttrained,60,kept_aggregated,"same normalized model, parameter, type and submission date"
61,Alepach/notHumpback-M1-v2,alepachnothumpbackm1v2|3.213|posttrained,61,kept_aggregated,"same normalized model, parameter, type and submission date"
62,Alibaba-NLP/gte-Qwen2-7B-instruct,alibabanlpgteqwen27binstruct|7.613|posttrained,62,kept_aggregated,"same normalized model, parameter, type and submission date"
63,Alsebay/Qwen2.5-7B-test-novelist,alsebayqwen257btestnovelist|7.616|posttrained,63,kept_aggregated,"same normalized model, parameter, type and submission date"
64,Amaorynho/BBAI2006,amaorynhobbai2006|1.09|merge,64,kept_aggregated,"same normalized model, parameter, type and submission date"
65,Amaorynho/BBAI270V4,amaorynhobbai270v4|7.616|merge,65,kept_aggregated,"same normalized model, parameter, type and submission date"
66,Amaorynho/BBAIIFEV1,amaorynhobbaiifev1|8.03|merge,66,kept_aggregated,"same normalized model, parameter, type and submission date"
67,Amaorynho/BBAI_375,amaorynhobbai375|1.09|merge,67,kept_aggregated,"same normalized model, parameter, type and submission date"
68,Amu/t1-1.5B,amut115b|1.777|posttrained,68,kept_aggregated,"same normalized model, parameter, type and submission date"
69,Amu/t1-3B,amut13b|3.397|posttrained,69,kept_aggregated,"same normalized model, parameter, type and submission date"
70,ArliAI/ArliAI-RPMax-12B-v1.1,arliaiarliairpmax12bv11|12.248|posttrained,70,kept_aggregated,"same normalized model, parameter, type and submission date"
71,ArliAI/Llama-3.1-8B-ArliAI-RPMax-v1.1,arliaillama318barliairpmaxv11|8.03|posttrained,71,kept_aggregated,"same normalized model, parameter, type and submission date"
72,Arthur-LAGACHERIE/Precis-1B-Instruct,arthurlagacherieprecis1binstruct|1.236|posttrained,72,kept_aggregated,"same normalized model, parameter, type and submission date"
73,Artples/L-MChat-7b,artpleslmchat7b|7.242|merge,73,kept_aggregated,"same normalized model, parameter, type and submission date"
74,Artples/L-MChat-Small,artpleslmchatsmall|2.78|merge,74,kept_aggregated,"same normalized model, parameter, type and submission date"
75,Aryanne/QwentileSwap,aryanneqwentileswap|32.764|merge,75,kept_aggregated,"same normalized model, parameter, type and submission date"
76,Aryanne/SHBA,aryanneshba|8.03|merge,76,kept_aggregated,"same normalized model, parameter, type and submission date"
77,Aryanne/SuperHeart,aryannesuperheart|8.03|merge,77,kept_aggregated,"same normalized model, parameter, type and submission date"
78,AtAndDev/Qwen2.5-1.5B-continuous-learnt,atanddevqwen2515bcontinuouslearnt|1.544|posttrained,78,kept_aggregated,"same normalized model, parameter, type and submission date"
79,AtAndDev/Qwen2.5-1.5B-continuous-learnt,atanddevqwen2515bcontinuouslearnt|1.544|posttrained,79,kept_aggregated,"same normalized model, parameter, type and submission date"
80,Ateron/Glowing-Forest-12B,ateronglowingforest12b|12.248|merge,80,kept_aggregated,"same normalized model, parameter, type and submission date"
81,Ateron/Lotus-Magpic,ateronlotusmagpic|12.248|merge,81,kept_aggregated,"same normalized model, parameter, type and submission date"
82,Ateron/Way_of_MagPicaro,ateronwayofmagpicaro|12.248|merge,82,kept_aggregated,"same normalized model, parameter, type and submission date"
83,AuraIndustries/Aura-4B,auraindustriesaura4b|4.513|posttrained,83,kept_aggregated,"same normalized model, parameter, type and submission date"
84,AuraIndustries/Aura-8B,auraindustriesaura8b|8.03|posttrained,84,kept_aggregated,"same normalized model, parameter, type and submission date"
85,AuraIndustries/Aura-MoE-2x4B,auraindustriesauramoe2x4b|7.231|posttrained,85,kept_aggregated,"same normalized model, parameter, type and submission date"
86,AuraIndustries/Aura-MoE-2x4B-v2,auraindustriesauramoe2x4bv2|7.231|posttrained,86,kept_aggregated,"same normalized model, parameter, type and submission date"
87,Aurel9/testmerge-7b,aurel9testmerge7b|7.242|merge,87,kept_aggregated,"same normalized model, parameter, type and submission date"
88,Ayush-Singh/Llama1B-sft-2,ayushsinghllama1bsft2|1.236|posttrained,88,kept_aggregated,"same normalized model, parameter, type and submission date"
89,Azure99/Blossom-V6-14B,azure99blossomv614b|14.77|posttrained,89,kept_aggregated,"same normalized model, parameter, type and submission date"
90,Azure99/Blossom-V6-7B,azure99blossomv67b|7.616|posttrained,90,kept_aggregated,"same normalized model, parameter, type and submission date"
91,Azure99/blossom-v5-32b,azure99blossomv532b|32.512|posttrained,91,kept_aggregated,"same normalized model, parameter, type and submission date"
92,Azure99/blossom-v5-llama3-8b,azure99blossomv5llama38b|8.03|posttrained,92,kept_aggregated,"same normalized model, parameter, type and submission date"
93,Azure99/blossom-v5.1-34b,azure99blossomv5134b|34.389|posttrained,93,kept_aggregated,"same normalized model, parameter, type and submission date"
94,Azure99/blossom-v5.1-9b,azure99blossomv519b|8.829|posttrained,94,kept_aggregated,"same normalized model, parameter, type and submission date"
95,BAAI/Gemma2-9B-IT-Simpo-Infinity-Preference,baaigemma29bitsimpoinfinitypreference|9.242|posttrained,95,kept_aggregated,"same normalized model, parameter, type and submission date"
96,BAAI/Infinity-Instruct-3M-0613-Llama3-70B,baaiinfinityinstruct3m0613llama370b|70.554|posttrained,96,kept_aggregated,"same normalized model, parameter, type and submission date"
97,BAAI/Infinity-Instruct-3M-0613-Mistral-7B,baaiinfinityinstruct3m0613mistral7b|7.242|posttrained,97,kept_aggregated,"same normalized model, parameter, type and submission date"
98,BAAI/Infinity-Instruct-3M-0625-Llama3-70B,baaiinfinityinstruct3m0625llama370b|70.554|posttrained,98,kept_aggregated,"same normalized model, parameter, type and submission date"
99,BAAI/Infinity-Instruct-3M-0625-Llama3-8B,baaiinfinityinstruct3m0625llama38b|8.03|posttrained,99,kept_aggregated,"same normalized model, parameter, type and submission date"
100,BAAI/Infinity-Instruct-3M-0625-Mistral-7B,baaiinfinityinstruct3m0625mistral7b|7.242|posttrained,100,kept_aggregated,"same normalized model, parameter, type and submission date"
101,BAAI/Infinity-Instruct-3M-0625-Qwen2-7B,baaiinfinityinstruct3m0625qwen27b|7.616|posttrained,101,kept_aggregated,"same normalized model, parameter, type and submission date"
102,BAAI/Infinity-Instruct-3M-0625-Yi-1.5-9B,baaiinfinityinstruct3m0625yi159b|8.829|posttrained,102,kept_aggregated,"same normalized model, parameter, type and submission date"
103,BAAI/Infinity-Instruct-7M-0729-Llama3_1-8B,baaiinfinityinstruct7m0729llama318b|8.03|posttrained,103,kept_aggregated,"same normalized model, parameter, type and submission date"
104,BAAI/Infinity-Instruct-7M-0729-mistral-7B,baaiinfinityinstruct7m0729mistral7b|7.242|posttrained,104,kept_aggregated,"same normalized model, parameter, type and submission date"
105,BAAI/Infinity-Instruct-7M-Gen-Llama3_1-70B,baaiinfinityinstruct7mgenllama3170b|70.554|posttrained,105,kept_aggregated,"same normalized model, parameter, type and submission date"
106,BAAI/Infinity-Instruct-7M-Gen-Llama3_1-8B,baaiinfinityinstruct7mgenllama318b|8.03|posttrained,106,kept_aggregated,"same normalized model, parameter, type and submission date"
107,BAAI/Infinity-Instruct-7M-Gen-mistral-7B,baaiinfinityinstruct7mgenmistral7b|7.242|posttrained,107,kept_aggregated,"same normalized model, parameter, type and submission date"
108,BAAI/OPI-Llama-3.1-8B-Instruct,baaiopillama318binstruct|8.03|posttrained,108,kept_aggregated,"same normalized model, parameter, type and submission date"
109,BEE-spoke-data/Meta-Llama-3-8Bee,beespokedatametallama38bee|8.03|posttrained,109,kept_aggregated,"same normalized model, parameter, type and submission date"
110,BEE-spoke-data/smol_llama-101M-GQA,beespokedatasmolllama101mgqa|0.101|pretrained,110,kept_aggregated,"same normalized model, parameter, type and submission date"
111,BEE-spoke-data/smol_llama-220M-GQA,beespokedatasmolllama220mgqa|0.218|pretrained,111,kept_aggregated,"same normalized model, parameter, type and submission date"
112,BEE-spoke-data/smol_llama-220M-GQA-fineweb_edu,beespokedatasmolllama220mgqafinewebedu|0.218|pretrained,112,kept_aggregated,"same normalized model, parameter, type and submission date"
113,BEE-spoke-data/smol_llama-220M-openhermes,beespokedatasmolllama220mopenhermes|0.218|posttrained,113,kept_aggregated,"same normalized model, parameter, type and submission date"
114,BEE-spoke-data/tFINE-900m-e16-d32-flan,beespokedatatfine900me16d32flan|0.887|posttrained,114,kept_aggregated,"same normalized model, parameter, type and submission date"
115,BEE-spoke-data/tFINE-900m-e16-d32-flan-infinity-instruct-7m-T2T_en-1024,beespokedatatfine900me16d32flaninfinityinstruct7mt2ten1024|0.887|posttrained,115,kept_aggregated,"same normalized model, parameter, type and submission date"
116,BEE-spoke-data/tFINE-900m-e16-d32-instruct_2e,beespokedatatfine900me16d32instruct2e|0.887|posttrained,116,kept_aggregated,"same normalized model, parameter, type and submission date"
117,BEE-spoke-data/tFINE-900m-instruct-orpo,beespokedatatfine900minstructorpo|0.887|posttrained,117,kept_aggregated,"same normalized model, parameter, type and submission date"
118,BSC-LT/salamandra-7b,bscltsalamandra7b|7.768|pretrained,118,kept_aggregated,"same normalized model, parameter, type and submission date"
119,BSC-LT/salamandra-7b-instruct,bscltsalamandra7binstruct|7.768|pretrained,119,kept_aggregated,"same normalized model, parameter, type and submission date"
120,Ba2han/Llama-Phi-3_DoRA,ba2hanllamaphi3dora|3.821|posttrained,120,kept_aggregated,"same normalized model, parameter, type and submission date"
121,Baptiste-HUVELLE-10/LeTriomphant2.2_ECE_iLAB,baptistehuvelle10letriomphant22eceilab|72.706|merge,121,kept_aggregated,"same normalized model, parameter, type and submission date"
122,BenevolenceMessiah/Qwen2.5-72B-2x-Instruct-TIES-v1.0,benevolencemessiahqwen2572b2xinstructtiesv10|72.7|merge,122,kept_aggregated,"same normalized model, parameter, type and submission date"
123,BenevolenceMessiah/Yi-Coder-9B-Chat-Instruct-TIES-MoE-v1.0,benevolencemessiahyicoder9bchatinstructtiesmoev10|28.309|merge,123,kept_aggregated,"same normalized model, parameter, type and submission date"
124,BlackBeenie/Bloslain-8B-v0.2,blackbeeniebloslain8bv02|8.03|merge,124,kept_aggregated,"same normalized model, parameter, type and submission date"
125,BlackBeenie/Llama-3.1-8B-OpenO1-SFT-v0.1,blackbeeniellama318bopeno1sftv01|8.03|posttrained,125,kept_aggregated,"same normalized model, parameter, type and submission date"
126,BlackBeenie/Llama-3.1-8B-pythonic-passthrough-merge,blackbeeniellama318bpythonicpassthroughmerge|20.245|merge,126,kept_aggregated,"same normalized model, parameter, type and submission date"
127,BlackBeenie/Neos-Gemma-2-9b,blackbeenieneosgemma29b|9.242|posttrained,127,kept_aggregated,"same normalized model, parameter, type and submission date"
128,BlackBeenie/Neos-Llama-3.1-8B,blackbeenieneosllama318b|8.03|posttrained,128,kept_aggregated,"same normalized model, parameter, type and submission date"
129,BlackBeenie/Neos-Llama-3.1-base,blackbeenieneosllama31base|4.65|posttrained,129,kept_aggregated,"same normalized model, parameter, type and submission date"
130,BlackBeenie/Neos-Phi-3-14B-v0.1,blackbeenieneosphi314bv01|13.96|posttrained,130,kept_aggregated,"same normalized model, parameter, type and submission date"
131,BlackBeenie/llama-3-luminous-merged,blackbeeniellama3luminousmerged|8.03|merge,131,kept_aggregated,"same normalized model, parameter, type and submission date"
132,BlackBeenie/llama-3.1-8B-Galore-openassistant-guanaco,blackbeeniellama318bgaloreopenassistantguanaco|8.03|posttrained,132,kept_aggregated,"same normalized model, parameter, type and submission date"
133,Bllossom/llama-3.2-Korean-Bllossom-AICA-5B,bllossomllama32koreanbllossomaica5b|5.199|posttrained,133,kept_aggregated,"same normalized model, parameter, type and submission date"
134,BoltMonkey/DreadMix,boltmonkeydreadmix|8.03|merge,134,kept_aggregated,"same normalized model, parameter, type and submission date"
135,BoltMonkey/NeuralDaredevil-SuperNova-Lite-7B-DARETIES-abliterated,boltmonkeyneuraldaredevilsupernovalite7bdaretiesabliterated|8.03|merge,135,kept_aggregated,"same normalized model, parameter, type and submission date"
136,BoltMonkey/NeuralDaredevil-SuperNova-Lite-7B-DARETIES-abliterated,boltmonkeyneuraldaredevilsupernovalite7bdaretiesabliterated|8.03|posttrained,136,kept_aggregated,"same normalized model, parameter, type and submission date"
137,BoltMonkey/SuperNeuralDreadDevil-8b,boltmonkeysuperneuraldreaddevil8b|8.03|merge,137,kept_aggregated,"same normalized model, parameter, type and submission date"
138,BrainWave-ML/llama3.2-3B-maths-orpo,brainwavemlllama323bmathsorpo|3.0|posttrained,138,kept_aggregated,"same normalized model, parameter, type and submission date"
139,BramVanroy/GEITje-7B-ultra,bramvanroygeitje7bultra|7.242|posttrained,139,kept_aggregated,"same normalized model, parameter, type and submission date"
140,BramVanroy/fietje-2,bramvanroyfietje2|2.78|pretrained,140,kept_aggregated,"same normalized model, parameter, type and submission date"
141,BramVanroy/fietje-2-chat,bramvanroyfietje2chat|2.775|posttrained,141,kept_aggregated,"same normalized model, parameter, type and submission date"
142,BramVanroy/fietje-2-instruct,bramvanroyfietje2instruct|2.775|posttrained,142,kept_aggregated,"same normalized model, parameter, type and submission date"
143,CYFRAGOVPL/Llama-PLLuM-8B-base,cyfragovplllamapllum8bbase|8.03|pretrained,143,kept_aggregated,"same normalized model, parameter, type and submission date"
144,CYFRAGOVPL/Llama-PLLuM-8B-chat,cyfragovplllamapllum8bchat|8.03|posttrained,144,kept_aggregated,"same normalized model, parameter, type and submission date"
145,CYFRAGOVPL/PLLuM-12B-base,cyfragovplpllum12bbase|12.248|pretrained,145,kept_aggregated,"same normalized model, parameter, type and submission date"
146,CYFRAGOVPL/PLLuM-12B-chat,cyfragovplpllum12bchat|12.248|posttrained,146,kept_aggregated,"same normalized model, parameter, type and submission date"
147,CYFRAGOVPL/PLLuM-12B-nc-base,cyfragovplpllum12bncbase|12.248|pretrained,147,kept_aggregated,"same normalized model, parameter, type and submission date"
148,CYFRAGOVPL/PLLuM-12B-nc-chat,cyfragovplpllum12bncchat|12.248|posttrained,148,kept_aggregated,"same normalized model, parameter, type and submission date"
149,CarrotAI/Llama-3.2-Rabbit-Ko-3B-Instruct,carrotaillama32rabbitko3binstruct|3.213|posttrained,149,kept_aggregated,"same normalized model, parameter, type and submission date"
150,CarrotAI/Llama-3.2-Rabbit-Ko-3B-Instruct-2412,carrotaillama32rabbitko3binstruct2412|3.213|posttrained,150,kept_aggregated,"same normalized model, parameter, type and submission date"
151,Casual-Autopsy/L3-Umbral-Mind-RP-v2.0-8B,casualautopsyl3umbralmindrpv208b|8.03|merge,151,kept_aggregated,"same normalized model, parameter, type and submission date"
152,CausalLM/14B,causallm14b|14.0|posttrained,152,kept_aggregated,"same normalized model, parameter, type and submission date"
153,CausalLM/34b-beta,causallm34bbeta|34.389|posttrained,153,kept_aggregated,"same normalized model, parameter, type and submission date"
154,CausalLM/preview-1-hf,causallmpreview1hf|9.543|posttrained,154,kept_aggregated,"same normalized model, parameter, type and submission date"
155,Changgil/K2S3-14b-v0.2,changgilk2s314bv02|14.352|posttrained,155,kept_aggregated,"same normalized model, parameter, type and submission date"
156,Changgil/K2S3-v0.1,changgilk2s3v01|14.352|posttrained,156,kept_aggregated,"same normalized model, parameter, type and submission date"
157,ClaudioItaly/Albacus,claudioitalyalbacus|8.987|merge,157,kept_aggregated,"same normalized model, parameter, type and submission date"
158,ClaudioItaly/Book-Gut12B,claudioitalybookgut12b|12.248|merge,158,kept_aggregated,"same normalized model, parameter, type and submission date"
159,ClaudioItaly/Evolutionstory-7B-v2.2,claudioitalyevolutionstory7bv22|7.242|merge,159,kept_aggregated,"same normalized model, parameter, type and submission date"
160,ClaudioItaly/intelligence-cod-rag-7b-v3,claudioitalyintelligencecodrag7bv3|7.616|posttrained,160,kept_aggregated,"same normalized model, parameter, type and submission date"
161,CohereForAI/aya-23-35B,cohereforaiaya2335b|34.981|posttrained,161,kept_aggregated,"same normalized model, parameter, type and submission date"
162,CohereForAI/aya-23-8B,cohereforaiaya238b|8.028|posttrained,162,kept_aggregated,"same normalized model, parameter, type and submission date"
163,CohereForAI/aya-expanse-32b,cohereforaiayaexpanse32b|32.296|posttrained,163,kept_aggregated,"same normalized model, parameter, type and submission date"
164,CohereForAI/aya-expanse-8b,cohereforaiayaexpanse8b|8.028|posttrained,164,kept_aggregated,"same normalized model, parameter, type and submission date"
165,CohereForAI/c4ai-command-r-plus,cohereforaic4aicommandrplus|103.811|posttrained,165,kept_aggregated,"same normalized model, parameter, type and submission date"
166,CohereForAI/c4ai-command-r-plus-08-2024,cohereforaic4aicommandrplus082024|103.811|posttrained,166,kept_aggregated,"same normalized model, parameter, type and submission date"
167,CohereForAI/c4ai-command-r-v01,cohereforaic4aicommandrv01|34.981|posttrained,167,kept_aggregated,"same normalized model, parameter, type and submission date"
168,CohereForAI/c4ai-command-r7b-12-2024,cohereforaic4aicommandr7b122024|8.028|posttrained,168,kept_aggregated,"same normalized model, parameter, type and submission date"
169,Columbia-NLP/LION-Gemma-2b-dpo-v1.0,columbianlpliongemma2bdpov10|2.506|posttrained,170,replaced_same_version_date,"same normalized model, parameter, type and submission date"
170,Columbia-NLP/LION-Gemma-2b-dpo-v1.0,columbianlpliongemma2bdpov10|2.506|posttrained,170,kept_aggregated,"same normalized model, parameter, type and submission date"
171,Columbia-NLP/LION-Gemma-2b-odpo-v1.0,columbianlpliongemma2bodpov10|2.506|posttrained,171,kept_aggregated,"same normalized model, parameter, type and submission date"
172,Columbia-NLP/LION-Gemma-2b-sft-v1.0,columbianlpliongemma2bsftv10|2.506|posttrained,172,kept_aggregated,"same normalized model, parameter, type and submission date"
173,Columbia-NLP/LION-LLaMA-3-8b-dpo-v1.0,columbianlplionllama38bdpov10|8.03|posttrained,173,kept_aggregated,"same normalized model, parameter, type and submission date"
174,Columbia-NLP/LION-LLaMA-3-8b-odpo-v1.0,columbianlplionllama38bodpov10|8.03|posttrained,174,kept_aggregated,"same normalized model, parameter, type and submission date"
175,Columbia-NLP/LION-LLaMA-3-8b-sft-v1.0,columbianlplionllama38bsftv10|8.03|posttrained,175,kept_aggregated,"same normalized model, parameter, type and submission date"
176,CombinHorizon/Josiefied-abliteratedV4-Qwen2.5-14B-Inst-BaseMerge-TIES,combinhorizonjosiefiedabliteratedv4qwen2514binstbasemergeties|14.77|merge,176,kept_aggregated,"same normalized model, parameter, type and submission date"
177,CombinHorizon/Rombos-Qwen2.5-7B-Inst-BaseMerge-TIES,combinhorizonrombosqwen257binstbasemergeties|7.616|merge,177,kept_aggregated,"same normalized model, parameter, type and submission date"
178,CombinHorizon/YiSM-blossom5.1-34B-SLERP,combinhorizonyismblossom5134bslerp|34.389|merge,178,kept_aggregated,"same normalized model, parameter, type and submission date"
179,CombinHorizon/huihui-ai-abliterated-Qwen2.5-32B-Inst-BaseMerge-TIES,combinhorizonhuihuiaiabliteratedqwen2532binstbasemergeties|32.764|merge,179,kept_aggregated,"same normalized model, parameter, type and submission date"
180,CombinHorizon/huihui-ai-abliteratedV2-Qwen2.5-14B-Inst-BaseMerge-TIES,combinhorizonhuihuiaiabliteratedv2qwen2514binstbasemergeties|14.77|merge,180,kept_aggregated,"same normalized model, parameter, type and submission date"
181,CombinHorizon/zetasepic-abliteratedV2-Qwen2.5-32B-Inst-BaseMerge-TIES,combinhorizonzetasepicabliteratedv2qwen2532binstbasemergeties|32.764|merge,181,kept_aggregated,"same normalized model, parameter, type and submission date"
182,ContactDoctor/Bio-Medical-3B-CoT-012025,contactdoctorbiomedical3bcot012025|3.085|posttrained,182,kept_aggregated,"same normalized model, parameter, type and submission date"
183,ContactDoctor/Bio-Medical-Llama-3-8B,contactdoctorbiomedicalllama38b|4.015|posttrained,183,kept_aggregated,"same normalized model, parameter, type and submission date"
184,CoolSpring/Qwen2-0.5B-Abyme,coolspringqwen205babyme|0.494|posttrained,184,kept_aggregated,"same normalized model, parameter, type and submission date"
185,CoolSpring/Qwen2-0.5B-Abyme-merge2,coolspringqwen205babymemerge2|0.63|merge,185,kept_aggregated,"same normalized model, parameter, type and submission date"
186,CoolSpring/Qwen2-0.5B-Abyme-merge3,coolspringqwen205babymemerge3|0.63|merge,186,kept_aggregated,"same normalized model, parameter, type and submission date"
187,Corianas/Neural-Mistral-7B,corianasneuralmistral7b|7.242|posttrained,187,kept_aggregated,"same normalized model, parameter, type and submission date"
188,Corianas/Quokka_2.7b,corianasquokka27b|2.786|posttrained,188,kept_aggregated,"same normalized model, parameter, type and submission date"
189,Corianas/llama-3-reactor,corianasllama3reactor|nan|posttrained,189,kept_aggregated,"same normalized model, parameter, type and submission date"
190,CortexLM/btlm-7b-base-v0.2,cortexlmbtlm7bbasev02|6.885|pretrained,190,kept_aggregated,"same normalized model, parameter, type and submission date"
191,Cran-May/SCE-2-24B,cranmaysce224b|23.572|posttrained,191,kept_aggregated,"same normalized model, parameter, type and submission date"
192,Cran-May/SCE-3-24B,cranmaysce324b|23.572|posttrained,192,kept_aggregated,"same normalized model, parameter, type and submission date"
193,Cran-May/T.E-8.1,cranmayte81|7.616|posttrained,193,kept_aggregated,"same normalized model, parameter, type and submission date"
194,Cran-May/merge_model_20250308_2,cranmaymergemodel202503082|14.766|merge,194,kept_aggregated,"same normalized model, parameter, type and submission date"
195,Cran-May/merge_model_20250308_3,cranmaymergemodel202503083|14.766|merge,195,kept_aggregated,"same normalized model, parameter, type and submission date"
196,Cran-May/merge_model_20250308_4,cranmaymergemodel202503084|14.766|merge,196,kept_aggregated,"same normalized model, parameter, type and submission date"
197,Cran-May/tempmotacilla-cinerea-0308,cranmaytempmotacillacinerea0308|14.766|posttrained,197,kept_aggregated,"same normalized model, parameter, type and submission date"
198,CreitinGameplays/Llama-3.1-8B-R1-v0.1,creitingameplaysllama318br1v01|8.03|posttrained,198,kept_aggregated,"same normalized model, parameter, type and submission date"
199,CultriX/Qwen2.5-14B-Broca,cultrixqwen2514bbroca|14.766|merge,199,kept_aggregated,"same normalized model, parameter, type and submission date"
200,CultriX/Qwen2.5-14B-BrocaV9,cultrixqwen2514bbrocav9|14.766|merge,200,kept_aggregated,"same normalized model, parameter, type and submission date"
201,CultriX/Qwen2.5-14B-Brocav3,cultrixqwen2514bbrocav3|14.766|merge,201,kept_aggregated,"same normalized model, parameter, type and submission date"
202,CultriX/Qwen2.5-14B-Brocav6,cultrixqwen2514bbrocav6|14.766|merge,202,kept_aggregated,"same normalized model, parameter, type and submission date"
203,CultriX/Qwen2.5-14B-Brocav7,cultrixqwen2514bbrocav7|14.766|posttrained,203,kept_aggregated,"same normalized model, parameter, type and submission date"
204,CultriX/Qwen2.5-14B-Emerged,cultrixqwen2514bemerged|14.766|merge,204,kept_aggregated,"same normalized model, parameter, type and submission date"
205,CultriX/Qwen2.5-14B-Emergedv3,cultrixqwen2514bemergedv3|14.766|merge,205,kept_aggregated,"same normalized model, parameter, type and submission date"
206,CultriX/Qwen2.5-14B-FinalMerge,cultrixqwen2514bfinalmerge|14.766|merge,206,kept_aggregated,"same normalized model, parameter, type and submission date"
207,CultriX/Qwen2.5-14B-Hyper,cultrixqwen2514bhyper|14.766|merge,207,kept_aggregated,"same normalized model, parameter, type and submission date"
208,CultriX/Qwen2.5-14B-HyperMarck-dl,cultrixqwen2514bhypermarckdl|14.766|merge,208,kept_aggregated,"same normalized model, parameter, type and submission date"
209,CultriX/Qwen2.5-14B-Hyperionv3,cultrixqwen2514bhyperionv3|14.766|merge,209,kept_aggregated,"same normalized model, parameter, type and submission date"
210,CultriX/Qwen2.5-14B-Hyperionv4,cultrixqwen2514bhyperionv4|14.766|merge,210,kept_aggregated,"same normalized model, parameter, type and submission date"
211,CultriX/Qwen2.5-14B-Hyperionv5,cultrixqwen2514bhyperionv5|14.766|merge,211,kept_aggregated,"same normalized model, parameter, type and submission date"
212,CultriX/Qwen2.5-14B-MegaMerge-pt2,cultrixqwen2514bmegamergept2|14.766|merge,212,kept_aggregated,"same normalized model, parameter, type and submission date"
213,CultriX/Qwen2.5-14B-MergeStock,cultrixqwen2514bmergestock|14.766|merge,213,kept_aggregated,"same normalized model, parameter, type and submission date"
214,CultriX/Qwen2.5-14B-ReasoningMerge,cultrixqwen2514breasoningmerge|14.766|merge,214,kept_aggregated,"same normalized model, parameter, type and submission date"
215,CultriX/Qwen2.5-14B-Ultimav2,cultrixqwen2514bultimav2|14.766|merge,215,kept_aggregated,"same normalized model, parameter, type and submission date"
216,CultriX/Qwen2.5-14B-Unity,cultrixqwen2514bunity|14.766|merge,216,kept_aggregated,"same normalized model, parameter, type and submission date"
217,CultriX/Qwen2.5-14B-Wernicke,cultrixqwen2514bwernicke|14.77|merge,217,kept_aggregated,"same normalized model, parameter, type and submission date"
218,CultriX/Qwen2.5-14B-Wernicke-SFT,cultrixqwen2514bwernickesft|14.77|posttrained,218,kept_aggregated,"same normalized model, parameter, type and submission date"
219,CultriX/Qwen2.5-14B-Wernicke-SLERP,cultrixqwen2514bwernickeslerp|14.491|merge,219,kept_aggregated,"same normalized model, parameter, type and submission date"
220,CultriX/Qwen2.5-14B-Wernickev3,cultrixqwen2514bwernickev3|14.766|merge,220,kept_aggregated,"same normalized model, parameter, type and submission date"
221,CultriX/Qwen2.5-14B-partialmergept1,cultrixqwen2514bpartialmergept1|14.766|merge,221,kept_aggregated,"same normalized model, parameter, type and submission date"
222,CultriX/Qwenfinity-2.5-14B,cultrixqwenfinity2514b|14.766|merge,222,kept_aggregated,"same normalized model, parameter, type and submission date"
223,CultriX/Qwestion-14B,cultrixqwestion14b|14.766|merge,223,kept_aggregated,"same normalized model, parameter, type and submission date"
224,CultriX/SeQwence-14B,cultrixseqwence14b|14.766|posttrained,224,kept_aggregated,"same normalized model, parameter, type and submission date"
225,CultriX/SeQwence-14B-EvolMerge,cultrixseqwence14bevolmerge|14.766|merge,225,kept_aggregated,"same normalized model, parameter, type and submission date"
226,CultriX/SeQwence-14B-EvolMergev1,cultrixseqwence14bevolmergev1|14.766|merge,226,kept_aggregated,"same normalized model, parameter, type and submission date"
227,CultriX/SeQwence-14B-v5,cultrixseqwence14bv5|14.766|merge,227,kept_aggregated,"same normalized model, parameter, type and submission date"
228,CultriX/SeQwence-14Bv1,cultrixseqwence14bv1|14.766|merge,228,kept_aggregated,"same normalized model, parameter, type and submission date"
229,CultriX/SeQwence-14Bv2,cultrixseqwence14bv2|14.766|merge,229,kept_aggregated,"same normalized model, parameter, type and submission date"
230,CultriX/SeQwence-14Bv3,cultrixseqwence14bv3|14.766|merge,230,kept_aggregated,"same normalized model, parameter, type and submission date"
231,DRXD1000/Atlas-7B,drxd1000atlas7b|7.768|posttrained,231,kept_aggregated,"same normalized model, parameter, type and submission date"
232,DRXD1000/Phoenix-7B,drxd1000phoenix7b|7.242|posttrained,232,kept_aggregated,"same normalized model, parameter, type and submission date"
233,DUAL-GPO/zephyr-7b-ipo-0k-15k-i1,dualgpozephyr7bipo0k15ki1|14.483|posttrained,233,kept_aggregated,"same normalized model, parameter, type and submission date"
234,DZgas/GIGABATEMAN-7B,dzgasgigabateman7b|7.242|merge,234,kept_aggregated,"same normalized model, parameter, type and submission date"
235,Daemontatox/AetherDrake-SFT,daemontatoxaetherdrakesft|8.03|posttrained,235,kept_aggregated,"same normalized model, parameter, type and submission date"
236,Daemontatox/AetherSett,daemontatoxaethersett|7.616|posttrained,236,kept_aggregated,"same normalized model, parameter, type and submission date"
237,Daemontatox/AetherTOT,daemontatoxaethertot|10.67|posttrained,237,kept_aggregated,"same normalized model, parameter, type and submission date"
238,Daemontatox/AetherTOT,daemontatoxaethertot|10.67|excluded_other,238,kept_aggregated,"same normalized model, parameter, type and submission date"
239,Daemontatox/AetherUncensored,daemontatoxaetheruncensored|8.03|posttrained,239,kept_aggregated,"same normalized model, parameter, type and submission date"
240,Daemontatox/Cogito-MIS,daemontatoxcogitomis|23.572|posttrained,240,kept_aggregated,"same normalized model, parameter, type and submission date"
241,Daemontatox/CogitoDistil,daemontatoxcogitodistil|7.616|posttrained,241,kept_aggregated,"same normalized model, parameter, type and submission date"
242,Daemontatox/CogitoZ,daemontatoxcogitoz|32.764|posttrained,242,kept_aggregated,"same normalized model, parameter, type and submission date"
243,Daemontatox/CogitoZ14,daemontatoxcogitoz14|14.77|posttrained,243,kept_aggregated,"same normalized model, parameter, type and submission date"
244,Daemontatox/DocumentCogito,daemontatoxdocumentcogito|10.67|excluded_other,244,kept_aggregated,"same normalized model, parameter, type and submission date"
245,Daemontatox/DocumentCogito,daemontatoxdocumentcogito|10.67|excluded_other,245,kept_aggregated,"same normalized model, parameter, type and submission date"
246,Daemontatox/Llama3.3-70B-CogniLink,daemontatoxllama3370bcognilink|70.554|posttrained,246,kept_aggregated,"same normalized model, parameter, type and submission date"
247,Daemontatox/Llama_cot,daemontatoxllamacot|10.67|excluded_other,247,kept_aggregated,"same normalized model, parameter, type and submission date"
248,Daemontatox/MawaredT1,daemontatoxmawaredt1|7.616|posttrained,248,kept_aggregated,"same normalized model, parameter, type and submission date"
249,Daemontatox/Mini_QwQ,daemontatoxminiqwq|7.616|posttrained,249,kept_aggregated,"same normalized model, parameter, type and submission date"
250,Daemontatox/NemoR,daemontatoxnemor|6.124|posttrained,250,kept_aggregated,"same normalized model, parameter, type and submission date"
251,Daemontatox/PathFinderAI2.0,daemontatoxpathfinderai20|32.764|posttrained,251,kept_aggregated,"same normalized model, parameter, type and submission date"
252,Daemontatox/PathFinderAi3.0,daemontatoxpathfinderai30|32.764|posttrained,252,kept_aggregated,"same normalized model, parameter, type and submission date"
253,Daemontatox/PathfinderAI,daemontatoxpathfinderai|32.764|posttrained,253,kept_aggregated,"same normalized model, parameter, type and submission date"
254,Daemontatox/PathfinderAI,daemontatoxpathfinderai|32.764|posttrained,254,kept_aggregated,"same normalized model, parameter, type and submission date"
255,Daemontatox/Phi-4-COT,daemontatoxphi4cot|14.66|posttrained,255,kept_aggregated,"same normalized model, parameter, type and submission date"
256,Daemontatox/PixelParse_AI,daemontatoxpixelparseai|10.67|excluded_other,256,kept_aggregated,"same normalized model, parameter, type and submission date"
257,Daemontatox/RA2.0,daemontatoxra20|7.616|posttrained,257,kept_aggregated,"same normalized model, parameter, type and submission date"
258,Daemontatox/RA_Reasoner,daemontatoxrareasoner|10.306|posttrained,258,kept_aggregated,"same normalized model, parameter, type and submission date"
259,Daemontatox/RA_Reasoner2.0,daemontatoxrareasoner20|10.306|posttrained,259,kept_aggregated,"same normalized model, parameter, type and submission date"
260,Daemontatox/ReasonTest,daemontatoxreasontest|3.808|posttrained,260,kept_aggregated,"same normalized model, parameter, type and submission date"
261,Daemontatox/Research_PathfinderAI,daemontatoxresearchpathfinderai|1.777|posttrained,261,kept_aggregated,"same normalized model, parameter, type and submission date"
262,Daemontatox/SphinX,daemontatoxsphinx|7.616|posttrained,262,kept_aggregated,"same normalized model, parameter, type and submission date"
263,Daemontatox/Sphinx2.0,daemontatoxsphinx20|14.77|posttrained,263,kept_aggregated,"same normalized model, parameter, type and submission date"
264,Daemontatox/TinySphinx,daemontatoxtinysphinx|0.247|posttrained,264,kept_aggregated,"same normalized model, parameter, type and submission date"
265,Daemontatox/TinySphinx2.0,daemontatoxtinysphinx20|0.247|posttrained,265,kept_aggregated,"same normalized model, parameter, type and submission date"
266,Daemontatox/Zirel-7B-Math,daemontatoxzirel7bmath|7.616|posttrained,266,kept_aggregated,"same normalized model, parameter, type and submission date"
267,Daemontatox/Zirel_1.5,daemontatoxzirel15|1.544|posttrained,267,kept_aggregated,"same normalized model, parameter, type and submission date"
268,Daemontatox/mini-Cogito-R1,daemontatoxminicogitor1|1.777|posttrained,268,kept_aggregated,"same normalized model, parameter, type and submission date"
269,Daemontatox/mini_Pathfinder,daemontatoxminipathfinder|7.616|posttrained,269,kept_aggregated,"same normalized model, parameter, type and submission date"
270,Dampfinchen/Llama-3.1-8B-Ultra-Instruct,dampfinchenllama318bultrainstruct|8.03|merge,270,kept_aggregated,"same normalized model, parameter, type and submission date"
271,Danielbrdz/Barcenas-10b,danielbrdzbarcenas10b|10.306|posttrained,271,kept_aggregated,"same normalized model, parameter, type and submission date"
272,Danielbrdz/Barcenas-14b-Phi-3-medium-ORPO,danielbrdzbarcenas14bphi3mediumorpo|13.96|posttrained,272,kept_aggregated,"same normalized model, parameter, type and submission date"
273,Danielbrdz/Barcenas-14b-phi-4,danielbrdzbarcenas14bphi4|14.66|posttrained,273,kept_aggregated,"same normalized model, parameter, type and submission date"
274,Danielbrdz/Barcenas-14b-phi-4-v2,danielbrdzbarcenas14bphi4v2|14.66|posttrained,274,kept_aggregated,"same normalized model, parameter, type and submission date"
275,Danielbrdz/Barcenas-3b-GRPO,danielbrdzbarcenas3bgrpo|3.213|posttrained,275,kept_aggregated,"same normalized model, parameter, type and submission date"
276,Danielbrdz/Barcenas-Llama3-8b-ORPO,danielbrdzbarcenasllama38borpo|8.03|posttrained,276,kept_aggregated,"same normalized model, parameter, type and submission date"
277,Danielbrdz/Barcenas-R1-Qwen-1.5b,danielbrdzbarcenasr1qwen15b|1.777|posttrained,277,kept_aggregated,"same normalized model, parameter, type and submission date"
278,Dans-DiscountModels/12b-mn-dans-reasoning-test-2,dansdiscountmodels12bmndansreasoningtest2|12.248|posttrained,278,kept_aggregated,"same normalized model, parameter, type and submission date"
279,Dans-DiscountModels/12b-mn-dans-reasoning-test-3,dansdiscountmodels12bmndansreasoningtest3|12.248|posttrained,279,kept_aggregated,"same normalized model, parameter, type and submission date"
280,Dans-DiscountModels/Dans-Instruct-CoreCurriculum-12b-ChatML,dansdiscountmodelsdansinstructcorecurriculum12bchatml|12.248|posttrained,280,kept_aggregated,"same normalized model, parameter, type and submission date"
281,Dans-DiscountModels/Dans-Instruct-Mix-8b-ChatML,dansdiscountmodelsdansinstructmix8bchatml|8.03|posttrained,281,kept_aggregated,"same normalized model, parameter, type and submission date"
282,Dans-DiscountModels/Dans-Instruct-Mix-8b-ChatML-V0.1.0,dansdiscountmodelsdansinstructmix8bchatmlv010|8.03|posttrained,282,kept_aggregated,"same normalized model, parameter, type and submission date"
283,Dans-DiscountModels/Dans-Instruct-Mix-8b-ChatML-V0.1.1,dansdiscountmodelsdansinstructmix8bchatmlv011|8.03|posttrained,283,kept_aggregated,"same normalized model, parameter, type and submission date"
284,Dans-DiscountModels/Dans-Instruct-Mix-8b-ChatML-V0.2.0,dansdiscountmodelsdansinstructmix8bchatmlv020|8.03|posttrained,284,kept_aggregated,"same normalized model, parameter, type and submission date"
285,Dans-DiscountModels/Mistral-7b-v0.3-Test-E0.7,dansdiscountmodelsmistral7bv03teste07|7.0|posttrained,285,kept_aggregated,"same normalized model, parameter, type and submission date"
286,Dans-DiscountModels/mistral-7b-test-merged,dansdiscountmodelsmistral7btestmerged|7.0|posttrained,286,kept_aggregated,"same normalized model, parameter, type and submission date"
287,Darkknight535/OpenCrystal-12B-L3,darkknight535opencrystal12bl3|11.52|merge,287,kept_aggregated,"same normalized model, parameter, type and submission date"
288,DavidAU/DeepHermes-3-Llama-3-8B-Preview-16.5B-Brainstorm,davidaudeephermes3llama38bpreview165bbrainstorm|16.537|posttrained,288,kept_aggregated,"same normalized model, parameter, type and submission date"
289,DavidAU/DeepSeek-BlackRoot-R1-Distill-Llama-3.1-8B,davidaudeepseekblackrootr1distillllama318b|8.03|posttrained,289,kept_aggregated,"same normalized model, parameter, type and submission date"
290,DavidAU/DeepSeek-Grand-Horror-SMB-R1-Distill-Llama-3.1-16B,davidaudeepseekgrandhorrorsmbr1distillllama3116b|15.664|posttrained,290,kept_aggregated,"same normalized model, parameter, type and submission date"
291,DavidAU/DeepSeek-MOE-4X8B-R1-Distill-Llama-3.1-Deep-Thinker-Uncensored-24B,davidaudeepseekmoe4x8br1distillllama31deepthinkeruncensored24b|24.942|posttrained,291,kept_aggregated,"same normalized model, parameter, type and submission date"
292,DavidAU/DeepSeek-MOE-4X8B-R1-Distill-Llama-3.1-Mad-Scientist-24B,davidaudeepseekmoe4x8br1distillllama31madscientist24b|24.942|posttrained,292,kept_aggregated,"same normalized model, parameter, type and submission date"
293,DavidAU/DeepSeek-R1-Distill-Qwen-25.5B-Brainstorm,davidaudeepseekr1distillqwen255bbrainstorm|25.506|posttrained,293,kept_aggregated,"same normalized model, parameter, type and submission date"
294,DavidAU/DeepSeek-V2-Grand-Horror-SMB-R1-Distill-Llama-3.1-Uncensored-16.5B,davidaudeepseekv2grandhorrorsmbr1distillllama31uncensored165b|16.537|posttrained,294,kept_aggregated,"same normalized model, parameter, type and submission date"
295,DavidAU/DeepThought-MOE-8X3B-R1-Llama-3.2-Reasoning-18B,davidaudeepthoughtmoe8x3br1llama32reasoning18b|18.405|posttrained,295,kept_aggregated,"same normalized model, parameter, type and submission date"
296,DavidAU/Gemma-The-Writer-9B,davidaugemmathewriter9b|10.159|merge,296,kept_aggregated,"same normalized model, parameter, type and submission date"
297,DavidAU/Gemma-The-Writer-DEADLINE-10B,davidaugemmathewriterdeadline10b|10.952|merge,297,kept_aggregated,"same normalized model, parameter, type and submission date"
298,DavidAU/Gemma-The-Writer-J.GutenBerg-10B,davidaugemmathewriterjgutenberg10b|10.034|merge,298,kept_aggregated,"same normalized model, parameter, type and submission date"
299,DavidAU/Gemma-The-Writer-Mighty-Sword-9B,davidaugemmathewritermightysword9b|10.159|merge,299,kept_aggregated,"same normalized model, parameter, type and submission date"
300,DavidAU/Gemma-The-Writer-N-Restless-Quill-10B-Uncensored,davidaugemmathewriternrestlessquill10buncensored|10.034|merge,300,kept_aggregated,"same normalized model, parameter, type and submission date"
301,DavidAU/L3-DARKEST-PLANET-16.5B,davidaul3darkestplanet165b|16.537|merge,301,kept_aggregated,"same normalized model, parameter, type and submission date"
302,DavidAU/L3-Dark-Planet-8B,davidaul3darkplanet8b|8.03|posttrained,302,kept_aggregated,"same normalized model, parameter, type and submission date"
303,DavidAU/L3-Jamet-12.2B-MK.V-Blackroot-Instruct,davidaul3jamet122bmkvblackrootinstruct|12.174|posttrained,303,kept_aggregated,"same normalized model, parameter, type and submission date"
304,DavidAU/L3-Lumimaid-12.2B-v0.1-OAS-Instruct,davidaul3lumimaid122bv01oasinstruct|12.174|posttrained,304,kept_aggregated,"same normalized model, parameter, type and submission date"
305,DavidAU/L3-SMB-Instruct-12.2B-F32,davidaul3smbinstruct122bf32|12.174|posttrained,305,kept_aggregated,"same normalized model, parameter, type and submission date"
306,DavidAU/L3-Stheno-Maid-Blackroot-Grand-HORROR-16B,davidaul3sthenomaidblackrootgrandhorror16b|16.537|posttrained,306,kept_aggregated,"same normalized model, parameter, type and submission date"
307,DavidAU/L3-Stheno-v3.2-12.2B-Instruct,davidaul3sthenov32122binstruct|12.174|posttrained,307,kept_aggregated,"same normalized model, parameter, type and submission date"
308,DavidAU/L3.1-Dark-Planet-SpinFire-Uncensored-8B,davidaul31darkplanetspinfireuncensored8b|8.03|merge,308,kept_aggregated,"same normalized model, parameter, type and submission date"
309,DavidAU/L3.1-MOE-2X8B-Deepseek-DeepHermes-e32-uncensored-abliterated-13.7B,davidaul31moe2x8bdeepseekdeephermese32uncensoredabliterated137b|13.668|posttrained,309,kept_aggregated,"same normalized model, parameter, type and submission date"
310,DavidAU/Qwen2.5-MOE-2X1.5B-DeepSeek-Uncensored-Censored-4B,davidauqwen25moe2x15bdeepseekuncensoredcensored4b|4.089|posttrained,310,kept_aggregated,"same normalized model, parameter, type and submission date"
311,DavidAU/Qwen2.5-MOE-2X7B-DeepSeek-Abliterated-Censored-19B,davidauqwen25moe2x7bdeepseekabliteratedcensored19b|19.022|posttrained,311,kept_aggregated,"same normalized model, parameter, type and submission date"
312,DavidAU/Qwen2.5-MOE-6x1.5B-DeepSeek-Reasoning-e32,davidauqwen25moe6x15bdeepseekreasoninge32|8.714|posttrained,312,kept_aggregated,"same normalized model, parameter, type and submission date"
313,Davidsv/SUONG-1,davidsvsuong1|2.879|merge,313,kept_aggregated,"same normalized model, parameter, type and submission date"
314,DavieLion/Llama-3.2-1B-SPIN-iter0,davielionllama321bspiniter0|1.236|posttrained,315,replaced_same_version_date,"same normalized model, parameter, type and submission date"
315,DavieLion/Llama-3.2-1B-SPIN-iter0,davielionllama321bspiniter0|1.236|posttrained,315,kept_aggregated,"same normalized model, parameter, type and submission date"
316,DavieLion/Llama-3.2-1B-SPIN-iter1,davielionllama321bspiniter1|1.236|posttrained,316,kept_aggregated,"same normalized model, parameter, type and submission date"
317,DavieLion/Llama-3.2-1B-SPIN-iter2,davielionllama321bspiniter2|1.236|posttrained,317,kept_aggregated,"same normalized model, parameter, type and submission date"
318,DavieLion/Llama-3.2-1B-SPIN-iter3,davielionllama321bspiniter3|1.236|posttrained,319,replaced_same_version_date,"same normalized model, parameter, type and submission date"
319,DavieLion/Llama-3.2-1B-SPIN-iter3,davielionllama321bspiniter3|1.236|posttrained,319,kept_aggregated,"same normalized model, parameter, type and submission date"
320,DavieLion/Lllma-3.2-1B,davielionlllma321b|1.236|posttrained,320,kept_aggregated,"same normalized model, parameter, type and submission date"
321,DebateLabKIT/Llama-3.1-Argunaut-1-8B-SFT,debatelabkitllama31argunaut18bsft|8.03|posttrained,321,kept_aggregated,"same normalized model, parameter, type and submission date"
322,Deci/DeciLM-7B,decidecilm7b|7.044|pretrained,322,kept_aggregated,"same normalized model, parameter, type and submission date"
323,Deci/DeciLM-7B-instruct,decidecilm7binstruct|7.044|posttrained,323,kept_aggregated,"same normalized model, parameter, type and submission date"
324,DeepAutoAI/Explore_Llama-3.1-8B-Inst,deepautoaiexplorellama318binst|8.03|merge,324,kept_aggregated,"same normalized model, parameter, type and submission date"
325,DeepAutoAI/Explore_Llama-3.2-1B-Inst,deepautoaiexplorellama321binst|1.236|merge,325,kept_aggregated,"same normalized model, parameter, type and submission date"
326,DeepAutoAI/Explore_Llama-3.2-1B-Inst_v0,deepautoaiexplorellama321binstv0|1.236|merge,326,kept_aggregated,"same normalized model, parameter, type and submission date"
327,DeepAutoAI/Explore_Llama-3.2-1B-Inst_v1,deepautoaiexplorellama321binstv1|1.236|merge,327,kept_aggregated,"same normalized model, parameter, type and submission date"
328,DeepAutoAI/Explore_Llama-3.2-1B-Inst_v1.1,deepautoaiexplorellama321binstv11|1.236|merge,328,kept_aggregated,"same normalized model, parameter, type and submission date"
329,DeepAutoAI/causal_gpt2,deepautoaicausalgpt2|0.124|merge,329,kept_aggregated,"same normalized model, parameter, type and submission date"
330,DeepAutoAI/d2nwg_Llama-3.1-8B-Instruct-v0.0,deepautoaid2nwgllama318binstructv00|8.03|merge,330,kept_aggregated,"same normalized model, parameter, type and submission date"
331,DeepAutoAI/d2nwg_causal_gpt2,deepautoaid2nwgcausalgpt2|0.124|merge,331,kept_aggregated,"same normalized model, parameter, type and submission date"
332,DeepAutoAI/d2nwg_causal_gpt2_v1,deepautoaid2nwgcausalgpt2v1|0.124|merge,332,kept_aggregated,"same normalized model, parameter, type and submission date"
333,DeepAutoAI/ldm_soup_Llama-3.1-8B-Inst,deepautoaildmsoupllama318binst|8.03|merge,333,kept_aggregated,"same normalized model, parameter, type and submission date"
334,DeepAutoAI/ldm_soup_Llama-3.1-8B-Instruct-v0.0,deepautoaildmsoupllama318binstructv00|8.03|merge,334,kept_aggregated,"same normalized model, parameter, type and submission date"
335,DeepAutoAI/ldm_soup_Llama-3.1-8B-Instruct-v0.1,deepautoaildmsoupllama318binstructv01|8.03|merge,335,kept_aggregated,"same normalized model, parameter, type and submission date"
336,DeepMount00/Lexora-Lite-3B,deepmount00lexoralite3b|3.086|posttrained,336,kept_aggregated,"same normalized model, parameter, type and submission date"
337,DeepMount00/Lexora-Lite-3B_v2,deepmount00lexoralite3bv2|3.086|posttrained,337,kept_aggregated,"same normalized model, parameter, type and submission date"
338,DeepMount00/Lexora-Medium-7B,deepmount00lexoramedium7b|7.616|posttrained,338,kept_aggregated,"same normalized model, parameter, type and submission date"
339,DeepMount00/Llama-3-8b-Ita,deepmount00llama38bita|8.03|posttrained,339,kept_aggregated,"same normalized model, parameter, type and submission date"
340,DeepMount00/Llama-3.1-8b-ITA,deepmount00llama318bita|8.03|posttrained,340,kept_aggregated,"same normalized model, parameter, type and submission date"
341,DeepMount00/Llama-3.1-8b-Ita,deepmount00llama318bita|0.0|excluded_other,341,kept_aggregated,"same normalized model, parameter, type and submission date"
342,DeepMount00/Llama-3.1-Distilled,deepmount00llama31distilled|8.03|posttrained,342,kept_aggregated,"same normalized model, parameter, type and submission date"
343,DeepMount00/Qwen2-1.5B-Ita,deepmount00qwen215bita|1.544|posttrained,343,kept_aggregated,"same normalized model, parameter, type and submission date"
344,DeepMount00/Qwen2-1.5B-Ita_v2,deepmount00qwen215bitav2|1.544|posttrained,344,kept_aggregated,"same normalized model, parameter, type and submission date"
345,DeepMount00/Qwen2-1.5B-Ita_v3,deepmount00qwen215bitav3|1.544|posttrained,345,kept_aggregated,"same normalized model, parameter, type and submission date"
346,DeepMount00/Qwen2-1.5B-Ita_v5,deepmount00qwen215bitav5|1.544|posttrained,346,kept_aggregated,"same normalized model, parameter, type and submission date"
347,DeepMount00/Qwen2-1.5B-Ita_v6,deepmount00qwen215bitav6|1.497|merge,347,kept_aggregated,"same normalized model, parameter, type and submission date"
348,DeepMount00/Qwen2.5-7B-Instruct-MathCoder,deepmount00qwen257binstructmathcoder|7.616|posttrained,348,kept_aggregated,"same normalized model, parameter, type and submission date"
349,DeepMount00/mergekit-ties-okvgjfz,deepmount00mergekittiesokvgjfz|7.616|posttrained,349,kept_aggregated,"same normalized model, parameter, type and submission date"
350,Delta-Vector/Baldur-8B,deltavectorbaldur8b|8.0|posttrained,350,kept_aggregated,"same normalized model, parameter, type and submission date"
351,Delta-Vector/Control-8B,deltavectorcontrol8b|8.03|posttrained,351,kept_aggregated,"same normalized model, parameter, type and submission date"
352,Delta-Vector/Control-8B-V1.1,deltavectorcontrol8bv11|8.03|posttrained,352,kept_aggregated,"same normalized model, parameter, type and submission date"
353,Delta-Vector/Darkens-8B,deltavectordarkens8b|8.414|posttrained,353,kept_aggregated,"same normalized model, parameter, type and submission date"
354,Delta-Vector/Henbane-7b-attempt2,deltavectorhenbane7battempt2|7.0|posttrained,354,kept_aggregated,"same normalized model, parameter, type and submission date"
355,Delta-Vector/Odin-9B,deltavectorodin9b|9.242|posttrained,355,kept_aggregated,"same normalized model, parameter, type and submission date"
356,Delta-Vector/Tor-8B,deltavectortor8b|8.414|posttrained,356,kept_aggregated,"same normalized model, parameter, type and submission date"
357,DevQuasar/DevQuasar-R1-Uncensored-Llama-8B,devquasardevquasarr1uncensoredllama8b|8.03|merge,357,kept_aggregated,"same normalized model, parameter, type and submission date"
358,Dongwei/DeepSeek-R1-Distill-Qwen-7B-GRPO,dongweideepseekr1distillqwen7bgrpo|7.616|posttrained,358,kept_aggregated,"same normalized model, parameter, type and submission date"
359,DoppelReflEx/L3-8B-R1-WolfCore,doppelreflexl38br1wolfcore|8.03|merge,359,kept_aggregated,"same normalized model, parameter, type and submission date"
360,DoppelReflEx/L3-8B-R1-WolfCore-V1.5-test,doppelreflexl38br1wolfcorev15test|8.03|merge,360,kept_aggregated,"same normalized model, parameter, type and submission date"
361,DoppelReflEx/L3-8B-WolfCore,doppelreflexl38bwolfcore|8.03|merge,361,kept_aggregated,"same normalized model, parameter, type and submission date"
362,DoppelReflEx/MN-12B-FoxFrame-test,doppelreflexmn12bfoxframetest|12.248|merge,362,kept_aggregated,"same normalized model, parameter, type and submission date"
363,DoppelReflEx/MN-12B-FoxFrame2-test,doppelreflexmn12bfoxframe2test|12.248|merge,363,kept_aggregated,"same normalized model, parameter, type and submission date"
364,DoppelReflEx/MN-12B-FoxFrame3-test,doppelreflexmn12bfoxframe3test|12.248|merge,364,kept_aggregated,"same normalized model, parameter, type and submission date"
365,DoppelReflEx/MN-12B-Kakigori,doppelreflexmn12bkakigori|12.248|merge,365,kept_aggregated,"same normalized model, parameter, type and submission date"
366,DoppelReflEx/MN-12B-LilithFrame,doppelreflexmn12blilithframe|12.248|posttrained,366,kept_aggregated,"same normalized model, parameter, type and submission date"
367,DoppelReflEx/MN-12B-LilithFrame,doppelreflexmn12blilithframe|12.248|merge,367,kept_aggregated,"same normalized model, parameter, type and submission date"
368,DoppelReflEx/MN-12B-LilithFrame-Experiment-2,doppelreflexmn12blilithframeexperiment2|12.248|merge,368,kept_aggregated,"same normalized model, parameter, type and submission date"
369,DoppelReflEx/MN-12B-LilithFrame-Experiment-3,doppelreflexmn12blilithframeexperiment3|12.248|merge,369,kept_aggregated,"same normalized model, parameter, type and submission date"
370,DoppelReflEx/MN-12B-LilithFrame-Experiment-4,doppelreflexmn12blilithframeexperiment4|12.248|merge,370,kept_aggregated,"same normalized model, parameter, type and submission date"
371,DoppelReflEx/MN-12B-Mimicore-GreenSnake,doppelreflexmn12bmimicoregreensnake|12.248|merge,371,kept_aggregated,"same normalized model, parameter, type and submission date"
372,DoppelReflEx/MN-12B-Mimicore-Nocturne,doppelreflexmn12bmimicorenocturne|12.248|merge,372,kept_aggregated,"same normalized model, parameter, type and submission date"
373,DoppelReflEx/MN-12B-Mimicore-Orochi,doppelreflexmn12bmimicoreorochi|12.248|merge,373,kept_aggregated,"same normalized model, parameter, type and submission date"
374,DoppelReflEx/MN-12B-Mimicore-Orochi-v2-Experiment,doppelreflexmn12bmimicoreorochiv2experiment|12.248|merge,374,kept_aggregated,"same normalized model, parameter, type and submission date"
375,DoppelReflEx/MN-12B-Mimicore-Orochi-v3-Experiment,doppelreflexmn12bmimicoreorochiv3experiment|12.248|merge,375,kept_aggregated,"same normalized model, parameter, type and submission date"
376,DoppelReflEx/MN-12B-Mimicore-Orochi-v4-Experiment,doppelreflexmn12bmimicoreorochiv4experiment|12.248|merge,376,kept_aggregated,"same normalized model, parameter, type and submission date"
377,DoppelReflEx/MN-12B-Mimicore-WhiteSnake,doppelreflexmn12bmimicorewhitesnake|12.248|merge,377,kept_aggregated,"same normalized model, parameter, type and submission date"
378,DoppelReflEx/MN-12B-Mimicore-WhiteSnake-v2-Experiment-1,doppelreflexmn12bmimicorewhitesnakev2experiment1|12.248|merge,378,kept_aggregated,"same normalized model, parameter, type and submission date"
379,DoppelReflEx/MN-12B-Mimicore-WhiteSnake-v2-Experiment-2,doppelreflexmn12bmimicorewhitesnakev2experiment2|12.248|merge,379,kept_aggregated,"same normalized model, parameter, type and submission date"
380,DoppelReflEx/MN-12B-Mimicore-WhiteSnake-v2-Experiment-3,doppelreflexmn12bmimicorewhitesnakev2experiment3|12.248|merge,380,kept_aggregated,"same normalized model, parameter, type and submission date"
381,DoppelReflEx/MN-12B-Mimicore-WhiteSnake-v2-Experiment-4,doppelreflexmn12bmimicorewhitesnakev2experiment4|12.248|merge,381,kept_aggregated,"same normalized model, parameter, type and submission date"
382,DoppelReflEx/MN-12B-Unleashed-Twilight,doppelreflexmn12bunleashedtwilight|12.248|merge,382,kept_aggregated,"same normalized model, parameter, type and submission date"
383,DoppelReflEx/MN-12B-WolFrame,doppelreflexmn12bwolframe|12.248|merge,383,kept_aggregated,"same normalized model, parameter, type and submission date"
384,DoppelReflEx/MiniusLight-24B,doppelreflexminiuslight24b|23.572|merge,384,kept_aggregated,"same normalized model, parameter, type and submission date"
385,DoppelReflEx/MiniusLight-24B-test,doppelreflexminiuslight24btest|23.572|merge,385,kept_aggregated,"same normalized model, parameter, type and submission date"
386,DoppelReflEx/MiniusLight-24B-v1b-test,doppelreflexminiuslight24bv1btest|23.572|merge,386,kept_aggregated,"same normalized model, parameter, type and submission date"
387,DoppelReflEx/MiniusLight-24B-v1c-test,doppelreflexminiuslight24bv1ctest|23.572|merge,387,kept_aggregated,"same normalized model, parameter, type and submission date"
388,DoppelReflEx/MiniusLight-24B-v1d-test,doppelreflexminiuslight24bv1dtest|23.572|merge,388,kept_aggregated,"same normalized model, parameter, type and submission date"
389,DreadPoor/Again-8B-Model_Stock,dreadpooragain8bmodelstock|4.015|merge,389,kept_aggregated,"same normalized model, parameter, type and submission date"
390,DreadPoor/Alita99-8B-LINEAR,dreadpooralita998blinear|8.03|merge,390,kept_aggregated,"same normalized model, parameter, type and submission date"
391,DreadPoor/AnotherTest,dreadpooranothertest|8.03|merge,391,kept_aggregated,"same normalized model, parameter, type and submission date"
392,DreadPoor/Aspire-8B-model_stock,dreadpooraspire8bmodelstock|8.03|merge,392,kept_aggregated,"same normalized model, parameter, type and submission date"
393,DreadPoor/Aspire_1.3-8B_model-stock,dreadpooraspire138bmodelstock|8.03|merge,393,kept_aggregated,"same normalized model, parameter, type and submission date"
394,DreadPoor/Aspire_V2-8B-Model_Stock,dreadpooraspirev28bmodelstock|8.03|merge,394,kept_aggregated,"same normalized model, parameter, type and submission date"
395,DreadPoor/Aspire_V2.1-8B-Model_Stock,dreadpooraspirev218bmodelstock|8.03|merge,395,kept_aggregated,"same normalized model, parameter, type and submission date"
396,DreadPoor/Aspire_V2_ALT-8B-Model_Stock,dreadpooraspirev2alt8bmodelstock|8.03|merge,396,kept_aggregated,"same normalized model, parameter, type and submission date"
397,DreadPoor/Aspire_V2_ALT_ROW-8B-Model_Stock,dreadpooraspirev2altrow8bmodelstock|8.03|merge,397,kept_aggregated,"same normalized model, parameter, type and submission date"
398,DreadPoor/Aspire_V3-8B-Model_Stock,dreadpooraspirev38bmodelstock|8.03|merge,398,kept_aggregated,"same normalized model, parameter, type and submission date"
399,DreadPoor/Aspire_V4-8B-Model_Stock,dreadpooraspirev48bmodelstock|8.03|merge,399,kept_aggregated,"same normalized model, parameter, type and submission date"
400,DreadPoor/Aspire_V4_ALT-8B-Model_Stock,dreadpooraspirev4alt8bmodelstock|8.03|merge,400,kept_aggregated,"same normalized model, parameter, type and submission date"
401,DreadPoor/Asymmetric_Linearity-8B-Model_Stock,dreadpoorasymmetriclinearity8bmodelstock|4.015|merge,401,kept_aggregated,"same normalized model, parameter, type and submission date"
402,DreadPoor/Aurora_faustus-8B-LINEAR,dreadpooraurorafaustus8blinear|8.03|merge,402,kept_aggregated,"same normalized model, parameter, type and submission date"
403,DreadPoor/Aurora_faustus-8B-LORABLATED,dreadpooraurorafaustus8blorablated|8.03|merge,403,kept_aggregated,"same normalized model, parameter, type and submission date"
404,DreadPoor/Aurora_faustus-8B-LORABLATED_ALT,dreadpooraurorafaustus8blorablatedalt|8.03|merge,404,kept_aggregated,"same normalized model, parameter, type and submission date"
405,DreadPoor/Autumn_Dawn-8B-LINEAR,dreadpoorautumndawn8blinear|8.03|merge,405,kept_aggregated,"same normalized model, parameter, type and submission date"
406,DreadPoor/BaeZel-8B-LINEAR,dreadpoorbaezel8blinear|8.03|merge,406,kept_aggregated,"same normalized model, parameter, type and submission date"
407,DreadPoor/BaeZel-8B-Model_Stock,dreadpoorbaezel8bmodelstock|8.03|merge,407,kept_aggregated,"same normalized model, parameter, type and submission date"
408,DreadPoor/BaeZel_V2-8B-Model_Stock,dreadpoorbaezelv28bmodelstock|8.03|merge,408,kept_aggregated,"same normalized model, parameter, type and submission date"
409,DreadPoor/BaeZel_V2_ALT-8B-Model_Stock,dreadpoorbaezelv2alt8bmodelstock|8.03|merge,409,kept_aggregated,"same normalized model, parameter, type and submission date"
410,DreadPoor/BaeZel_V3-8B-Model_Stock,dreadpoorbaezelv38bmodelstock|8.03|merge,410,kept_aggregated,"same normalized model, parameter, type and submission date"
411,DreadPoor/Blunt_Edge-8B-SLERP,dreadpoorbluntedge8bslerp|8.03|merge,411,kept_aggregated,"same normalized model, parameter, type and submission date"
412,DreadPoor/BulkUp,dreadpoorbulkup|8.03|merge,412,kept_aggregated,"same normalized model, parameter, type and submission date"
413,DreadPoor/Cadence-8B-LINEAR,dreadpoorcadence8blinear|8.03|merge,413,kept_aggregated,"same normalized model, parameter, type and submission date"
414,DreadPoor/Caelid-8B-Model_Stock,dreadpoorcaelid8bmodelstock|8.03|merge,414,kept_aggregated,"same normalized model, parameter, type and submission date"
415,DreadPoor/Casuar-9B-Model_Stock,dreadpoorcasuar9bmodelstock|9.242|merge,415,kept_aggregated,"same normalized model, parameter, type and submission date"
416,DreadPoor/Condensed_Milk-8B-Model_Stock,dreadpoorcondensedmilk8bmodelstock|8.03|merge,416,kept_aggregated,"same normalized model, parameter, type and submission date"
417,DreadPoor/CoolerCoder-8B-LINEAR,dreadpoorcoolercoder8blinear|8.03|merge,417,kept_aggregated,"same normalized model, parameter, type and submission date"
418,DreadPoor/Damasteel-8B-LINEAR,dreadpoordamasteel8blinear|8.03|merge,418,kept_aggregated,"same normalized model, parameter, type and submission date"
419,DreadPoor/Dearly_Beloved-8B-TIES,dreadpoordearlybeloved8bties|8.03|merge,419,kept_aggregated,"same normalized model, parameter, type and submission date"
420,DreadPoor/Decayed-8B-LINEAR,dreadpoordecayed8blinear|8.03|merge,420,kept_aggregated,"same normalized model, parameter, type and submission date"
421,DreadPoor/Derivative-8B-Model_Stock,dreadpoorderivative8bmodelstock|8.03|merge,421,kept_aggregated,"same normalized model, parameter, type and submission date"
422,DreadPoor/Derivative_V2-8B-Model_Stock,dreadpoorderivativev28bmodelstock|8.03|merge,422,kept_aggregated,"same normalized model, parameter, type and submission date"
423,DreadPoor/Derivative_V2_ALT-8B-Model_Stock,dreadpoorderivativev2alt8bmodelstock|8.03|merge,423,kept_aggregated,"same normalized model, parameter, type and submission date"
424,DreadPoor/Derivative_V3-8B-Model_Stock,dreadpoorderivativev38bmodelstock|8.03|merge,424,kept_aggregated,"same normalized model, parameter, type and submission date"
425,DreadPoor/Elusive_Dragon_Heart-8B-LINEAR,dreadpoorelusivedragonheart8blinear|4.015|merge,425,kept_aggregated,"same normalized model, parameter, type and submission date"
426,DreadPoor/Emu_Eggs-9B-Model_Stock,dreadpooremueggs9bmodelstock|9.242|merge,426,kept_aggregated,"same normalized model, parameter, type and submission date"
427,DreadPoor/Eunoia_Vespera-8B-LINEAR,dreadpooreunoiavespera8blinear|8.03|merge,427,kept_aggregated,"same normalized model, parameter, type and submission date"
428,DreadPoor/Fu_sion_HA-8B-SLERP,dreadpoorfusionha8bslerp|8.03|merge,428,kept_aggregated,"same normalized model, parameter, type and submission date"
429,DreadPoor/HOT_STINKING_GARBAGE,dreadpoorhotstinkinggarbage|8.03|merge,429,kept_aggregated,"same normalized model, parameter, type and submission date"
430,DreadPoor/H_the_eighth-8B-LINEAR,dreadpoorhtheeighth8blinear|8.03|merge,430,kept_aggregated,"same normalized model, parameter, type and submission date"
431,DreadPoor/Happy_New_Year-8B-Model_Stock,dreadpoorhappynewyear8bmodelstock|8.03|merge,431,kept_aggregated,"same normalized model, parameter, type and submission date"
432,DreadPoor/Heart_Stolen-8B-Model_Stock,dreadpoorheartstolen8bmodelstock|8.03|merge,432,kept_aggregated,"same normalized model, parameter, type and submission date"
433,DreadPoor/Heart_Stolen-ALT-8B-Model_Stock,dreadpoorheartstolenalt8bmodelstock|8.03|merge,433,kept_aggregated,"same normalized model, parameter, type and submission date"
434,DreadPoor/Here_We_Go_Again-8B-SLERP,dreadpoorherewegoagain8bslerp|4.015|merge,434,kept_aggregated,"same normalized model, parameter, type and submission date"
435,DreadPoor/Howdy-8B-LINEAR,dreadpoorhowdy8blinear|8.03|merge,435,kept_aggregated,"same normalized model, parameter, type and submission date"
436,DreadPoor/Incidental-8B-Model_Stock,dreadpoorincidental8bmodelstock|8.03|merge,436,kept_aggregated,"same normalized model, parameter, type and submission date"
437,DreadPoor/Irina-8B-model_stock,dreadpooririna8bmodelstock|8.03|merge,437,kept_aggregated,"same normalized model, parameter, type and submission date"
438,DreadPoor/Kindling-8B-Model_Stock,dreadpoorkindling8bmodelstock|8.03|merge,438,kept_aggregated,"same normalized model, parameter, type and submission date"
439,DreadPoor/L3.1-BaeZel-8B-Della,dreadpoorl31baezel8bdella|8.03|merge,439,kept_aggregated,"same normalized model, parameter, type and submission date"
440,DreadPoor/Laughing_Stock-8B-Model_Stock,dreadpoorlaughingstock8bmodelstock|8.03|merge,440,kept_aggregated,"same normalized model, parameter, type and submission date"
441,DreadPoor/Lava_Lamp-8B-SLERP,dreadpoorlavalamp8bslerp|8.03|merge,441,kept_aggregated,"same normalized model, parameter, type and submission date"
442,DreadPoor/LemonP-8B-Model_Stock,dreadpoorlemonp8bmodelstock|8.03|merge,442,kept_aggregated,"same normalized model, parameter, type and submission date"
443,DreadPoor/Lydia_of_Whiterun-8B-LINEAR,dreadpoorlydiaofwhiterun8blinear|8.03|merge,443,kept_aggregated,"same normalized model, parameter, type and submission date"
444,DreadPoor/Matryoshka-8B-LINEAR,dreadpoormatryoshka8blinear|8.03|merge,444,kept_aggregated,"same normalized model, parameter, type and submission date"
445,DreadPoor/Mercury_In_Retrograde-8b-Model-Stock,dreadpoormercuryinretrograde8bmodelstock|8.03|merge,445,kept_aggregated,"same normalized model, parameter, type and submission date"
446,DreadPoor/Minthy-8B-Model_Stock,dreadpoorminthy8bmodelstock|8.03|merge,446,kept_aggregated,"same normalized model, parameter, type and submission date"
447,DreadPoor/Minthy_ALT-8B-Model_Stock,dreadpoorminthyalt8bmodelstock|8.03|merge,447,kept_aggregated,"same normalized model, parameter, type and submission date"
448,DreadPoor/Minthy_V2-8B-Model_Stock,dreadpoorminthyv28bmodelstock|8.03|merge,448,kept_aggregated,"same normalized model, parameter, type and submission date"
449,DreadPoor/Minus_Penus-8B-Model_Stock,dreadpoorminuspenus8bmodelstock|8.03|merge,449,kept_aggregated,"same normalized model, parameter, type and submission date"
450,DreadPoor/Morphing-8B-Model_Stock,dreadpoormorphing8bmodelstock|8.03|merge,450,kept_aggregated,"same normalized model, parameter, type and submission date"
451,DreadPoor/Not_Even_My_Final_Form-8B-Model_Stock,dreadpoornotevenmyfinalform8bmodelstock|8.03|merge,451,kept_aggregated,"same normalized model, parameter, type and submission date"
452,DreadPoor/Nother_One-8B-Model_Stock,dreadpoornotherone8bmodelstock|8.03|merge,452,kept_aggregated,"same normalized model, parameter, type and submission date"
453,DreadPoor/Noxis-8B-LINEAR,dreadpoornoxis8blinear|8.03|merge,453,kept_aggregated,"same normalized model, parameter, type and submission date"
454,DreadPoor/Nullsworn-12B-LINEAR,dreadpoornullsworn12blinear|12.248|merge,454,kept_aggregated,"same normalized model, parameter, type and submission date"
455,DreadPoor/Nwah-8B-Model_Stock,dreadpoornwah8bmodelstock|8.03|merge,455,kept_aggregated,"same normalized model, parameter, type and submission date"
456,DreadPoor/ONeil-model_stock-8B,dreadpooroneilmodelstock8b|8.03|merge,456,kept_aggregated,"same normalized model, parameter, type and submission date"
457,DreadPoor/Oh_Boy-8B-LINEAR,dreadpoorohboy8blinear|8.03|merge,457,kept_aggregated,"same normalized model, parameter, type and submission date"
458,DreadPoor/OrangeJ-8B-Model_Stock,dreadpoororangej8bmodelstock|8.03|merge,458,kept_aggregated,"same normalized model, parameter, type and submission date"
459,DreadPoor/Promissum_Mane-8B-LINEAR,dreadpoorpromissummane8blinear|8.03|merge,459,kept_aggregated,"same normalized model, parameter, type and submission date"
460,DreadPoor/Promissum_Mane-8B-LINEAR-lorablated,dreadpoorpromissummane8blinearlorablated|8.03|merge,460,kept_aggregated,"same normalized model, parameter, type and submission date"
461,DreadPoor/RPMash-8B-Model_Stock,dreadpoorrpmash8bmodelstock|8.03|merge,461,kept_aggregated,"same normalized model, parameter, type and submission date"
462,DreadPoor/RPMash_V3-8B-Model_Stock,dreadpoorrpmashv38bmodelstock|8.03|merge,462,kept_aggregated,"same normalized model, parameter, type and submission date"
463,DreadPoor/Rusted_Gold-8B-LINEAR,dreadpoorrustedgold8blinear|8.03|merge,463,kept_aggregated,"same normalized model, parameter, type and submission date"
464,DreadPoor/Rusted_Platinum-8B-LINEAR,dreadpoorrustedplatinum8blinear|8.03|merge,464,kept_aggregated,"same normalized model, parameter, type and submission date"
465,DreadPoor/Rusted_Platinum-8B-Model_Stock,dreadpoorrustedplatinum8bmodelstock|8.03|merge,465,kept_aggregated,"same normalized model, parameter, type and submission date"
466,DreadPoor/Sellen-8B-model_stock,dreadpoorsellen8bmodelstock|8.03|merge,466,kept_aggregated,"same normalized model, parameter, type and submission date"
467,DreadPoor/Something-8B-Model_Stock,dreadpoorsomething8bmodelstock|8.03|merge,467,kept_aggregated,"same normalized model, parameter, type and submission date"
468,DreadPoor/Spring_Dusk-8B-SCE,dreadpoorspringdusk8bsce|8.03|merge,468,kept_aggregated,"same normalized model, parameter, type and submission date"
469,DreadPoor/Summer_Dawn-8B-SCE,dreadpoorsummerdawn8bsce|8.03|merge,469,kept_aggregated,"same normalized model, parameter, type and submission date"
470,DreadPoor/Summer_Dusk-8B-TIES,dreadpoorsummerdusk8bties|8.03|merge,470,kept_aggregated,"same normalized model, parameter, type and submission date"
471,DreadPoor/Summer_Rain-8B-SCE,dreadpoorsummerrain8bsce|8.03|merge,471,kept_aggregated,"same normalized model, parameter, type and submission date"
472,DreadPoor/Summer_Rain-8B-TIES,dreadpoorsummerrain8bties|8.03|merge,472,kept_aggregated,"same normalized model, parameter, type and submission date"
473,DreadPoor/Sun-8B-Model_Stock,dreadpoorsun8bmodelstock|8.03|merge,473,kept_aggregated,"same normalized model, parameter, type and submission date"
474,DreadPoor/Sweetened_Condensed_Milk-8B-Model_Stock,dreadpoorsweetenedcondensedmilk8bmodelstock|8.03|merge,474,kept_aggregated,"same normalized model, parameter, type and submission date"
475,DreadPoor/TEST02-Ignore,dreadpoortest02ignore|8.03|merge,475,kept_aggregated,"same normalized model, parameter, type and submission date"
476,DreadPoor/TEST03-ignore,dreadpoortest03ignore|8.03|merge,476,kept_aggregated,"same normalized model, parameter, type and submission date"
477,DreadPoor/TEST06-ignore,dreadpoortest06ignore|8.03|merge,477,kept_aggregated,"same normalized model, parameter, type and submission date"
478,DreadPoor/TEST07-ignore,dreadpoortest07ignore|8.03|merge,478,kept_aggregated,"same normalized model, parameter, type and submission date"
479,DreadPoor/TEST08-ignore,dreadpoortest08ignore|8.03|merge,479,kept_aggregated,"same normalized model, parameter, type and submission date"
480,DreadPoor/Trinas_Nectar-8B-model_stock,dreadpoortrinasnectar8bmodelstock|8.03|merge,480,kept_aggregated,"same normalized model, parameter, type and submission date"
481,DreadPoor/UNTESTED-VENN_1.2-8B-Model_Stock,dreadpooruntestedvenn128bmodelstock|4.015|merge,481,kept_aggregated,"same normalized model, parameter, type and submission date"
482,DreadPoor/VENN_1.2-8B-Model_Stock,dreadpoorvenn128bmodelstock|4.015|merge,482,kept_aggregated,"same normalized model, parameter, type and submission date"
483,DreadPoor/WIP-Acacia-8B-Model_Stock,dreadpoorwipacacia8bmodelstock|8.03|merge,483,kept_aggregated,"same normalized model, parameter, type and submission date"
484,DreadPoor/WIP_Damascus-8B-TIES,dreadpoorwipdamascus8bties|8.03|merge,484,kept_aggregated,"same normalized model, parameter, type and submission date"
485,DreadPoor/Wannabe-8B-Model_Stock,dreadpoorwannabe8bmodelstock|8.03|merge,485,kept_aggregated,"same normalized model, parameter, type and submission date"
486,DreadPoor/What_A_Thrill-8B-Model_Stock,dreadpoorwhatathrill8bmodelstock|8.03|merge,486,kept_aggregated,"same normalized model, parameter, type and submission date"
487,DreadPoor/Winter-8B-SCE,dreadpoorwinter8bsce|8.03|merge,487,kept_aggregated,"same normalized model, parameter, type and submission date"
488,DreadPoor/Winter_Dawn-8B-TIES,dreadpoorwinterdawn8bties|8.03|merge,488,kept_aggregated,"same normalized model, parameter, type and submission date"
489,DreadPoor/Winter_Dusk-8B-TIES,dreadpoorwinterdusk8bties|8.03|merge,489,kept_aggregated,"same normalized model, parameter, type and submission date"
490,DreadPoor/Winter_Night-8B-Model_Stock,dreadpoorwinternight8bmodelstock|8.03|merge,490,kept_aggregated,"same normalized model, parameter, type and submission date"
491,DreadPoor/Yafune-8B-Model_Stock,dreadpooryafune8bmodelstock|8.03|merge,491,kept_aggregated,"same normalized model, parameter, type and submission date"
492,DreadPoor/Yearn_V3-8B-Model_Stock,dreadpooryearnv38bmodelstock|8.03|merge,492,kept_aggregated,"same normalized model, parameter, type and submission date"
493,DreadPoor/ZEUS-8B-V17-Abliterated_ALT,dreadpoorzeus8bv17abliteratedalt|8.03|merge,493,kept_aggregated,"same normalized model, parameter, type and submission date"
494,DreadPoor/Zelus-8B-Model_Stock,dreadpoorzelus8bmodelstock|8.03|merge,494,kept_aggregated,"same normalized model, parameter, type and submission date"
495,DreadPoor/Zelus_V2-8B-Model_Stock,dreadpoorzelusv28bmodelstock|8.03|merge,495,kept_aggregated,"same normalized model, parameter, type and submission date"
496,DreadPoor/felix_dies-mistral-7B-model_stock,dreadpoorfelixdiesmistral7bmodelstock|7.242|merge,496,kept_aggregated,"same normalized model, parameter, type and submission date"
497,DreadPoor/hakuchido-8B-MODEL_STOCK,dreadpoorhakuchido8bmodelstock|8.03|merge,497,kept_aggregated,"same normalized model, parameter, type and submission date"
498,DreadPoor/ichor-8B-Model_Stock,dreadpoorichor8bmodelstock|8.03|merge,498,kept_aggregated,"same normalized model, parameter, type and submission date"
499,DreadPoor/ichor_1.1-8B-Model_Stock,dreadpoorichor118bmodelstock|8.03|merge,499,kept_aggregated,"same normalized model, parameter, type and submission date"
500,DreadPoor/inexpertus-8B-Model_Stock,dreadpoorinexpertus8bmodelstock|8.03|merge,500,kept_aggregated,"same normalized model, parameter, type and submission date"
501,DreadPoor/inexpertus_1.1-8B-LINEAR,dreadpoorinexpertus118blinear|8.03|merge,501,kept_aggregated,"same normalized model, parameter, type and submission date"
502,DreadPoor/inexpertus_1.2-8B-LINEAR,dreadpoorinexpertus128blinear|8.03|merge,502,kept_aggregated,"same normalized model, parameter, type and submission date"
503,DreadPoor/mergekit-nuslerp-nqzkedi,dreadpoormergekitnuslerpnqzkedi|8.03|merge,503,kept_aggregated,"same normalized model, parameter, type and submission date"
504,DreadPoor/remember_to_breathe-8b-Model-Stock,dreadpoorremembertobreathe8bmodelstock|8.03|merge,504,kept_aggregated,"same normalized model, parameter, type and submission date"
505,DreadPoor/test,dreadpoortest|8.03|merge,505,kept_aggregated,"same normalized model, parameter, type and submission date"
506,DreadPoor/test_ALT,dreadpoortestalt|8.03|merge,506,kept_aggregated,"same normalized model, parameter, type and submission date"
507,DreadPoor/tests_pending-do_not_use_yet,dreadpoortestspendingdonotuseyet|8.03|merge,507,kept_aggregated,"same normalized model, parameter, type and submission date"
508,ECE-ILAB-PRYMMAL/ILAB-Merging-3B-V2,eceilabprymmalilabmerging3bv2|3.821|merge,508,kept_aggregated,"same normalized model, parameter, type and submission date"
509,EVA-UNIT-01/EVA-Qwen2.5-14B-v0.2,evaunit01evaqwen2514bv02|14.77|posttrained,509,kept_aggregated,"same normalized model, parameter, type and submission date"
510,EVA-UNIT-01/EVA-Qwen2.5-72B-v0.2,evaunit01evaqwen2572bv02|72.706|posttrained,510,kept_aggregated,"same normalized model, parameter, type and submission date"
511,Edgerunners/meta-llama-3-8b-instruct-hf-ortho-baukit-34fail-3000total-bf16,edgerunnersmetallama38binstructhforthobaukit34fail3000totalbf16|8.03|posttrained,511,kept_aggregated,"same normalized model, parameter, type and submission date"
512,EleutherAI/gpt-j-6b,eleutheraigptj6b|6.0|pretrained,512,kept_aggregated,"same normalized model, parameter, type and submission date"
513,EleutherAI/gpt-neo-1.3B,eleutheraigptneo13b|1.366|pretrained,513,kept_aggregated,"same normalized model, parameter, type and submission date"
514,EleutherAI/gpt-neo-125m,eleutheraigptneo125m|0.15|pretrained,514,kept_aggregated,"same normalized model, parameter, type and submission date"
515,EleutherAI/gpt-neo-2.7B,eleutheraigptneo27b|2.718|pretrained,515,kept_aggregated,"same normalized model, parameter, type and submission date"
516,EleutherAI/gpt-neox-20b,eleutheraigptneox20b|20.739|pretrained,516,kept_aggregated,"same normalized model, parameter, type and submission date"
517,EleutherAI/pythia-1.4b,eleutheraipythia14b|1.515|pretrained,517,kept_aggregated,"same normalized model, parameter, type and submission date"
518,EleutherAI/pythia-12b,eleutheraipythia12b|12.0|pretrained,518,kept_aggregated,"same normalized model, parameter, type and submission date"
519,EleutherAI/pythia-160m,eleutheraipythia160m|0.213|pretrained,519,kept_aggregated,"same normalized model, parameter, type and submission date"
520,EleutherAI/pythia-1b,eleutheraipythia1b|1.079|pretrained,520,kept_aggregated,"same normalized model, parameter, type and submission date"
521,EleutherAI/pythia-2.8b,eleutheraipythia28b|2.909|pretrained,521,kept_aggregated,"same normalized model, parameter, type and submission date"
522,EleutherAI/pythia-410m,eleutheraipythia410m|0.506|pretrained,522,kept_aggregated,"same normalized model, parameter, type and submission date"
523,EleutherAI/pythia-6.9b,eleutheraipythia69b|6.9|pretrained,523,kept_aggregated,"same normalized model, parameter, type and submission date"
524,Enno-Ai/EnnoAi-Pro-French-Llama-3-8B-v0.4,ennoaiennoaiprofrenchllama38bv04|8.031|posttrained,524,kept_aggregated,"same normalized model, parameter, type and submission date"
525,Enno-Ai/EnnoAi-Pro-Llama-3-8B,ennoaiennoaiprollama38b|8.031|posttrained,525,kept_aggregated,"same normalized model, parameter, type and submission date"
526,Enno-Ai/EnnoAi-Pro-Llama-3-8B-v0.3,ennoaiennoaiprollama38bv03|8.03|posttrained,526,kept_aggregated,"same normalized model, parameter, type and submission date"
527,Enno-Ai/EnnoAi-Pro-Llama-3.1-8B-v0.9,ennoaiennoaiprollama318bv09|8.03|posttrained,527,kept_aggregated,"same normalized model, parameter, type and submission date"
528,EnnoAi/EnnoAi-7B-French-Instruct-202502,ennoaiennoai7bfrenchinstruct202502|7.456|posttrained,528,kept_aggregated,"same normalized model, parameter, type and submission date"
529,EnnoAi/EnnoAi-Pro-Llama-3.1-8B-v1.0,ennoaiennoaiprollama318bv10|8.03|posttrained,529,kept_aggregated,"same normalized model, parameter, type and submission date"
530,Epiculous/Azure_Dusk-v0.2,epiculousazureduskv02|12.248|posttrained,530,kept_aggregated,"same normalized model, parameter, type and submission date"
531,Epiculous/Crimson_Dawn-v0.2,epiculouscrimsondawnv02|12.248|posttrained,531,kept_aggregated,"same normalized model, parameter, type and submission date"
532,Epiculous/NovaSpark,epiculousnovaspark|8.03|posttrained,532,kept_aggregated,"same normalized model, parameter, type and submission date"
533,Epiculous/Violet_Twilight-v0.2,epiculousviolettwilightv02|12.248|merge,533,kept_aggregated,"same normalized model, parameter, type and submission date"
534,EpistemeAI/Alpaca-Llama3.1-8B,epistemeaialpacallama318b|8.0|posttrained,534,kept_aggregated,"same normalized model, parameter, type and submission date"
535,EpistemeAI/Athena-gemma-2-2b-it,epistemeaiathenagemma22bit|2.0|posttrained,535,kept_aggregated,"same normalized model, parameter, type and submission date"
536,EpistemeAI/Athena-gemma-2-2b-it-Philos,epistemeaiathenagemma22bitphilos|2.0|posttrained,536,kept_aggregated,"same normalized model, parameter, type and submission date"
537,EpistemeAI/Athene-codegemma-2-7b-it-alpaca-v1.3,epistemeaiathenecodegemma27bitalpacav13|7.0|posttrained,537,kept_aggregated,"same normalized model, parameter, type and submission date"
538,EpistemeAI/DeepPhi-3.5-mini-instruct,epistemeaideepphi35miniinstruct|3.821|posttrained,538,kept_aggregated,"same normalized model, parameter, type and submission date"
539,EpistemeAI/DeepThinkers-Phi4,epistemeaideepthinkersphi4|14.66|posttrained,539,kept_aggregated,"same normalized model, parameter, type and submission date"
540,EpistemeAI/FineLlama3.1-8B-Instruct,epistemeaifinellama318binstruct|14.483|posttrained,540,kept_aggregated,"same normalized model, parameter, type and submission date"
541,EpistemeAI/Fireball-12B,epistemeaifireball12b|12.248|posttrained,541,kept_aggregated,"same normalized model, parameter, type and submission date"
542,EpistemeAI/Fireball-12B-v1.13a-philosophers,epistemeaifireball12bv113aphilosophers|12.0|posttrained,542,kept_aggregated,"same normalized model, parameter, type and submission date"
543,EpistemeAI/Fireball-Alpaca-Llama-3.1-8B-Philos-DPO-200,epistemeaifireballalpacallama318bphilosdpo200|8.0|posttrained,543,kept_aggregated,"same normalized model, parameter, type and submission date"
544,EpistemeAI/Fireball-Alpaca-Llama3.1.07-8B-Philos-Math-KTO-beta,epistemeaifireballalpacallama31078bphilosmathktobeta|8.0|posttrained,544,kept_aggregated,"same normalized model, parameter, type and submission date"
545,EpistemeAI/Fireball-Alpaca-Llama3.1.08-8B-Philos-C-R2,epistemeaifireballalpacallama31088bphiloscr2|8.0|posttrained,545,kept_aggregated,"same normalized model, parameter, type and submission date"
546,EpistemeAI/Fireball-Meta-Llama-3.1-8B-Instruct-0.001-128K-auto,epistemeaifireballmetallama318binstruct0001128kauto|8.0|posttrained,546,kept_aggregated,"same normalized model, parameter, type and submission date"
547,EpistemeAI/Fireball-Meta-Llama-3.1-8B-Instruct-Agent-0.003-128K,epistemeaifireballmetallama318binstructagent0003128k|8.0|posttrained,547,kept_aggregated,"same normalized model, parameter, type and submission date"
548,EpistemeAI/Fireball-Meta-Llama-3.1-8B-Instruct-Agent-0.003-128K-code,epistemeaifireballmetallama318binstructagent0003128kcode|8.0|posttrained,548,kept_aggregated,"same normalized model, parameter, type and submission date"
549,EpistemeAI/Fireball-Meta-Llama-3.1-8B-Instruct-Agent-0.003-128K-code-ds,epistemeaifireballmetallama318binstructagent0003128kcodeds|8.0|posttrained,549,kept_aggregated,"same normalized model, parameter, type and submission date"
550,EpistemeAI/Fireball-Meta-Llama-3.1-8B-Instruct-Agent-0.003-128K-code-ds-auto,epistemeaifireballmetallama318binstructagent0003128kcodedsauto|8.03|posttrained,550,kept_aggregated,"same normalized model, parameter, type and submission date"
551,EpistemeAI/Fireball-Meta-Llama-3.1-8B-Instruct-Agent-0.003-128K-code-ds-auto,epistemeaifireballmetallama318binstructagent0003128kcodedsauto|8.03|posttrained,551,kept_aggregated,"same normalized model, parameter, type and submission date"
552,EpistemeAI/Fireball-Meta-Llama-3.1-8B-Instruct-Agent-0.004-128K-code-COT,epistemeaifireballmetallama318binstructagent0004128kcodecot|8.0|posttrained,552,kept_aggregated,"same normalized model, parameter, type and submission date"
553,EpistemeAI/Fireball-Meta-Llama-3.1-8B-Instruct-Agent-0.004-128K-code-ds-auto,epistemeaifireballmetallama318binstructagent0004128kcodedsauto|8.0|posttrained,553,kept_aggregated,"same normalized model, parameter, type and submission date"
554,EpistemeAI/Fireball-Meta-Llama-3.1-8B-Instruct-Math,epistemeaifireballmetallama318binstructmath|8.03|posttrained,554,kept_aggregated,"same normalized model, parameter, type and submission date"
555,EpistemeAI/Fireball-Meta-Llama-3.2-8B-Instruct-agent-003-128k-code-DPO,epistemeaifireballmetallama328binstructagent003128kcodedpo|8.0|posttrained,555,kept_aggregated,"same normalized model, parameter, type and submission date"
556,EpistemeAI/Fireball-Mistral-Nemo-Base-2407-v1-DPO2,epistemeaifireballmistralnemobase2407v1dpo2|12.248|posttrained,556,kept_aggregated,"same normalized model, parameter, type and submission date"
557,EpistemeAI/Fireball-R1-Llama-3.1-8B,epistemeaifireballr1llama318b|8.03|posttrained,557,kept_aggregated,"same normalized model, parameter, type and submission date"
558,EpistemeAI/Fireball-R1-Llama-3.1-8B-Medical-COT,epistemeaifireballr1llama318bmedicalcot|8.03|posttrained,558,kept_aggregated,"same normalized model, parameter, type and submission date"
559,EpistemeAI/Fireball-R1.1-Llama-3.1-8B,epistemeaifireballr11llama318b|8.03|posttrained,559,kept_aggregated,"same normalized model, parameter, type and submission date"
560,EpistemeAI/Llama-3.2-3B-Agent007-Coder,epistemeaillama323bagent007coder|3.0|posttrained,560,kept_aggregated,"same normalized model, parameter, type and submission date"
561,EpistemeAI/Mistral-Nemo-Instruct-12B-Philosophy-Math,epistemeaimistralnemoinstruct12bphilosophymath|12.248|posttrained,561,kept_aggregated,"same normalized model, parameter, type and submission date"
562,EpistemeAI/OpenReasoner-Llama-3.2-3B-rs1.0,epistemeaiopenreasonerllama323brs10|3.213|posttrained,562,kept_aggregated,"same normalized model, parameter, type and submission date"
563,EpistemeAI/Polypsyche-Llama-3.1-8B-Instruct-Agent-0.003-128K-code-ds-auto-Empathy,epistemeaipolypsychellama318binstructagent0003128kcodedsautoempathy|8.0|posttrained,563,kept_aggregated,"same normalized model, parameter, type and submission date"
564,EpistemeAI/Polypsyche-Llama-3.1-8B-Instruct-Agent-0.003-128K-code-ds-auto-Logic,epistemeaipolypsychellama318binstructagent0003128kcodedsautologic|8.03|posttrained,564,kept_aggregated,"same normalized model, parameter, type and submission date"
565,EpistemeAI/Polypsyche-Llama-3.1-8B-Instruct-Agent-0.003-128K-code-ds-auto-divergent,epistemeaipolypsychellama318binstructagent0003128kcodedsautodivergent|8.03|posttrained,565,kept_aggregated,"same normalized model, parameter, type and submission date"
566,EpistemeAI/Reasoning-Llama-3.1-CoT-RE1-NMT,epistemeaireasoningllama31cotre1nmt|8.03|posttrained,566,kept_aggregated,"same normalized model, parameter, type and submission date"
567,EpistemeAI/Reasoning-Llama-3.1-CoT-RE1-NMT-V2-ORPO,epistemeaireasoningllama31cotre1nmtv2orpo|8.03|posttrained,567,kept_aggregated,"same normalized model, parameter, type and submission date"
568,EpistemeAI/Reasoning-Llama-3.2-1B-Instruct-v1.2,epistemeaireasoningllama321binstructv12|1.236|posttrained,568,kept_aggregated,"same normalized model, parameter, type and submission date"
569,EpistemeAI/Reasoning-Llama-3.2-1B-Instruct-v1.3,epistemeaireasoningllama321binstructv13|1.236|posttrained,569,kept_aggregated,"same normalized model, parameter, type and submission date"
570,EpistemeAI/Reasoning-Llama-3.2-3B-Math-Instruct-RE1,epistemeaireasoningllama323bmathinstructre1|3.213|posttrained,570,kept_aggregated,"same normalized model, parameter, type and submission date"
571,EpistemeAI/Reasoning-Llama-3.2-3B-Math-Instruct-RE1-ORPO,epistemeaireasoningllama323bmathinstructre1orpo|3.213|posttrained,571,kept_aggregated,"same normalized model, parameter, type and submission date"
572,EpistemeAI/ReasoningCore-1.0-3B-Instruct-r01-Reflect-Math,epistemeaireasoningcore103binstructr01reflectmath|3.213|posttrained,572,kept_aggregated,"same normalized model, parameter, type and submission date"
573,EpistemeAI/ReasoningCore-3B-0,epistemeaireasoningcore3b0|3.213|posttrained,573,kept_aggregated,"same normalized model, parameter, type and submission date"
574,EpistemeAI/ReasoningCore-3B-Instruct-r01-Reflect,epistemeaireasoningcore3binstructr01reflect|3.213|posttrained,574,kept_aggregated,"same normalized model, parameter, type and submission date"
575,EpistemeAI/ReasoningCore-3B-R01,epistemeaireasoningcore3br01|3.213|posttrained,575,kept_aggregated,"same normalized model, parameter, type and submission date"
576,EpistemeAI/ReasoningCore-3B-RE1-V2,epistemeaireasoningcore3bre1v2|3.213|posttrained,576,kept_aggregated,"same normalized model, parameter, type and submission date"
577,EpistemeAI/ReasoningCore-3B-RE1-V2A,epistemeaireasoningcore3bre1v2a|3.213|posttrained,577,kept_aggregated,"same normalized model, parameter, type and submission date"
578,EpistemeAI/ReasoningCore-3B-RE1-V2B,epistemeaireasoningcore3bre1v2b|3.213|posttrained,578,kept_aggregated,"same normalized model, parameter, type and submission date"
579,EpistemeAI/ReasoningCore-3B-RE1-V2C,epistemeaireasoningcore3bre1v2c|3.213|posttrained,579,kept_aggregated,"same normalized model, parameter, type and submission date"
580,EpistemeAI/ReasoningCore-3B-T1-V1,epistemeaireasoningcore3bt1v1|3.213|posttrained,580,kept_aggregated,"same normalized model, parameter, type and submission date"
581,EpistemeAI/ReasoningCore-3B-T1_1,epistemeaireasoningcore3bt11|3.213|posttrained,581,kept_aggregated,"same normalized model, parameter, type and submission date"
582,EpistemeAI2/Athene-codegemma-2-7b-it-alpaca-v1.2,epistemeai2athenecodegemma27bitalpacav12|7.0|posttrained,582,kept_aggregated,"same normalized model, parameter, type and submission date"
583,EpistemeAI2/Fireball-12B-v1.2,epistemeai2fireball12bv12|12.0|posttrained,583,kept_aggregated,"same normalized model, parameter, type and submission date"
584,EpistemeAI2/Fireball-Alpaca-Llama3.1-8B-Philos,epistemeai2fireballalpacallama318bphilos|8.0|posttrained,584,kept_aggregated,"same normalized model, parameter, type and submission date"
585,EpistemeAI2/Fireball-Alpaca-Llama3.1.01-8B-Philos,epistemeai2fireballalpacallama31018bphilos|8.0|posttrained,585,kept_aggregated,"same normalized model, parameter, type and submission date"
586,EpistemeAI2/Fireball-Alpaca-Llama3.1.03-8B-Philos,epistemeai2fireballalpacallama31038bphilos|8.0|posttrained,586,kept_aggregated,"same normalized model, parameter, type and submission date"
587,EpistemeAI2/Fireball-Alpaca-Llama3.1.04-8B-Philos,epistemeai2fireballalpacallama31048bphilos|8.0|posttrained,587,kept_aggregated,"same normalized model, parameter, type and submission date"
588,EpistemeAI2/Fireball-Alpaca-Llama3.1.06-8B-Philos-dpo,epistemeai2fireballalpacallama31068bphilosdpo|8.0|posttrained,588,kept_aggregated,"same normalized model, parameter, type and submission date"
589,EpistemeAI2/Fireball-Alpaca-Llama3.1.07-8B-Philos-Math,epistemeai2fireballalpacallama31078bphilosmath|8.0|posttrained,589,kept_aggregated,"same normalized model, parameter, type and submission date"
590,EpistemeAI2/Fireball-Alpaca-Llama3.1.08-8B-C-R1-KTO-Reflection,epistemeai2fireballalpacallama31088bcr1ktoreflection|8.0|posttrained,590,kept_aggregated,"same normalized model, parameter, type and submission date"
591,EpistemeAI2/Fireball-Alpaca-Llama3.1.08-8B-Philos-C-R1,epistemeai2fireballalpacallama31088bphiloscr1|8.0|posttrained,591,kept_aggregated,"same normalized model, parameter, type and submission date"
592,EpistemeAI2/Fireball-Llama-3.1-8B-Philos-Reflection,epistemeai2fireballllama318bphilosreflection|8.0|posttrained,592,kept_aggregated,"same normalized model, parameter, type and submission date"
593,EpistemeAI2/Fireball-MathMistral-Nemo-Base-2407-v2dpo,epistemeai2fireballmathmistralnemobase2407v2dpo|11.58|posttrained,593,kept_aggregated,"same normalized model, parameter, type and submission date"
594,EpistemeAI2/Fireball-Meta-Llama-3.1-8B-Instruct-Agent-0.003-128K-code-math,epistemeai2fireballmetallama318binstructagent0003128kcodemath|8.0|posttrained,594,kept_aggregated,"same normalized model, parameter, type and submission date"
595,EpistemeAI2/Fireball-Meta-Llama-3.1-8B-Instruct-Agent-0.005-128K-code-COT,epistemeai2fireballmetallama318binstructagent0005128kcodecot|8.0|posttrained,595,kept_aggregated,"same normalized model, parameter, type and submission date"
596,EpistemeAI2/Fireball-Phi-3-medium-4k-inst-Philos,epistemeai2fireballphi3medium4kinstphilos|13.96|posttrained,596,kept_aggregated,"same normalized model, parameter, type and submission date"
597,Eric111/CatunaMayo,eric111catunamayo|7.242|posttrained,597,kept_aggregated,"same normalized model, parameter, type and submission date"
598,Eric111/CatunaMayo-DPO,eric111catunamayodpo|7.242|posttrained,598,kept_aggregated,"same normalized model, parameter, type and submission date"
599,Etherll/Chocolatine-3B-Instruct-DPO-Revised-Ties,etherllchocolatine3binstructdporevisedties|3.821|posttrained,599,kept_aggregated,"same normalized model, parameter, type and submission date"
600,Etherll/Chocolatine-3B-Instruct-DPO-Revised-Ties-v2,etherllchocolatine3binstructdporevisedtiesv2|3.821|posttrained,600,kept_aggregated,"same normalized model, parameter, type and submission date"
601,Etherll/Herplete-LLM-Llama-3.1-8b,etherllherpletellmllama318b|8.03|posttrained,601,kept_aggregated,"same normalized model, parameter, type and submission date"
602,Etherll/Herplete-LLM-Llama-3.1-8b,etherllherpletellmllama318b|8.03|posttrained,602,kept_aggregated,"same normalized model, parameter, type and submission date"
603,Etherll/Herplete-LLM-Llama-3.1-8b-Ties,etherllherpletellmllama318bties|8.03|posttrained,603,kept_aggregated,"same normalized model, parameter, type and submission date"
604,Etherll/Qwen2.5-7B-della-test,etherllqwen257bdellatest|7.616|merge,604,kept_aggregated,"same normalized model, parameter, type and submission date"
605,Etherll/Qwen2.5-Coder-7B-Instruct-Ties,etherllqwen25coder7binstructties|7.616|posttrained,605,kept_aggregated,"same normalized model, parameter, type and submission date"
606,Etherll/Replete-LLM-V3-Llama-3.1-8b,etherllrepletellmv3llama318b|8.03|posttrained,606,kept_aggregated,"same normalized model, parameter, type and submission date"
607,Etherll/SuperHermes,etherllsuperhermes|8.03|posttrained,607,kept_aggregated,"same normalized model, parameter, type and submission date"
608,Eurdem/Defne-llama3.1-8B,eurdemdefnellama318b|8.03|posttrained,608,kept_aggregated,"same normalized model, parameter, type and submission date"
609,FINGU-AI/Chocolatine-Fusion-14B,finguaichocolatinefusion14b|8.367|merge,609,kept_aggregated,"same normalized model, parameter, type and submission date"
610,FINGU-AI/L3-8B,finguail38b|8.03|merge,610,kept_aggregated,"same normalized model, parameter, type and submission date"
611,FINGU-AI/Phi-4-RRStock,finguaiphi4rrstock|6.652|merge,611,kept_aggregated,"same normalized model, parameter, type and submission date"
612,FINGU-AI/Q-Small-3B,finguaiqsmall3b|3.086|merge,612,kept_aggregated,"same normalized model, parameter, type and submission date"
613,FINGU-AI/QwQ-Buddy-32B-Alpha,finguaiqwqbuddy32balpha|19.662|merge,613,kept_aggregated,"same normalized model, parameter, type and submission date"
614,FINGU-AI/RomboUltima-32B,finguairomboultima32b|17.645|merge,614,kept_aggregated,"same normalized model, parameter, type and submission date"
615,FINGU-AI/Ultimos-32B,finguaiultimos32b|9.604|merge,615,kept_aggregated,"same normalized model, parameter, type and submission date"
616,FallenMerick/Chewy-Lemon-Cookie-11B,fallenmerickchewylemoncookie11b|10.732|merge,616,kept_aggregated,"same normalized model, parameter, type and submission date"
617,Felladrin/Llama-160M-Chat-v1,felladrinllama160mchatv1|0.162|posttrained,617,kept_aggregated,"same normalized model, parameter, type and submission date"
618,Felladrin/Minueza-32M-UltraChat,felladrinminueza32multrachat|0.033|posttrained,618,kept_aggregated,"same normalized model, parameter, type and submission date"
619,FlofloB/100k_fineweb_continued_pretraining_Qwen2.5-0.5B-Instruct_Unsloth_merged_16bit,floflob100kfinewebcontinuedpretrainingqwen2505binstructunslothmerged16bit|0.5|pretrained,619,kept_aggregated,"same normalized model, parameter, type and submission date"
620,FlofloB/10k_continued_pretraining_Phi-3-mini-4k-instruct_Unsloth_merged_16bit,floflob10kcontinuedpretrainingphi3mini4kinstructunslothmerged16bit|16.0|pretrained,620,kept_aggregated,"same normalized model, parameter, type and submission date"
621,FlofloB/10k_continued_pretraining_Qwen2.5-0.5B-Instruct_Unsloth_merged_16bit,floflob10kcontinuedpretrainingqwen2505binstructunslothmerged16bit|0.5|pretrained,621,kept_aggregated,"same normalized model, parameter, type and submission date"
622,FlofloB/40k_continued_pretraining_Qwen2.5-0.5B-Instruct_Unsloth_merged_16bit,floflob40kcontinuedpretrainingqwen2505binstructunslothmerged16bit|0.5|pretrained,622,kept_aggregated,"same normalized model, parameter, type and submission date"
623,FlofloB/83k_continued_pretraining_Qwen2.5-0.5B-Instruct_Unsloth_merged_16bit,floflob83kcontinuedpretrainingqwen2505binstructunslothmerged16bit|0.5|pretrained,623,kept_aggregated,"same normalized model, parameter, type and submission date"
624,FlofloB/smollm2-135M_pretrained_1000k_fineweb,floflobsmollm2135mpretrained1000kfineweb|0.135|pretrained,624,kept_aggregated,"same normalized model, parameter, type and submission date"
625,FlofloB/smollm2-135M_pretrained_1000k_fineweb_uncovai_human_removed,floflobsmollm2135mpretrained1000kfinewebuncovaihumanremoved|0.135|pretrained,625,kept_aggregated,"same normalized model, parameter, type and submission date"
626,FlofloB/smollm2-135M_pretrained_1000k_fineweb_uncovai_selected,floflobsmollm2135mpretrained1000kfinewebuncovaiselected|0.135|pretrained,626,kept_aggregated,"same normalized model, parameter, type and submission date"
627,FlofloB/smollm2-135M_pretrained_1200k_fineweb,floflobsmollm2135mpretrained1200kfineweb|0.135|pretrained,627,kept_aggregated,"same normalized model, parameter, type and submission date"
628,FlofloB/smollm2-135M_pretrained_1200k_fineweb_uncovai_human_removed,floflobsmollm2135mpretrained1200kfinewebuncovaihumanremoved|0.135|pretrained,628,kept_aggregated,"same normalized model, parameter, type and submission date"
629,FlofloB/smollm2-135M_pretrained_1200k_fineweb_uncovai_selected,floflobsmollm2135mpretrained1200kfinewebuncovaiselected|0.135|pretrained,629,kept_aggregated,"same normalized model, parameter, type and submission date"
630,FlofloB/smollm2-135M_pretrained_1400k_fineweb,floflobsmollm2135mpretrained1400kfineweb|0.135|pretrained,630,kept_aggregated,"same normalized model, parameter, type and submission date"
631,FlofloB/smollm2-135M_pretrained_1400k_fineweb_uncovai_human_removed,floflobsmollm2135mpretrained1400kfinewebuncovaihumanremoved|0.135|pretrained,631,kept_aggregated,"same normalized model, parameter, type and submission date"
632,FlofloB/smollm2-135M_pretrained_1400k_fineweb_uncovai_selected,floflobsmollm2135mpretrained1400kfinewebuncovaiselected|0.135|pretrained,632,kept_aggregated,"same normalized model, parameter, type and submission date"
633,FlofloB/smollm2-135M_pretrained_200k_fineweb_uncovai_human_removed,floflobsmollm2135mpretrained200kfinewebuncovaihumanremoved|0.135|pretrained,633,kept_aggregated,"same normalized model, parameter, type and submission date"
634,FlofloB/smollm2-135M_pretrained_200k_fineweb_uncovai_selected,floflobsmollm2135mpretrained200kfinewebuncovaiselected|0.135|pretrained,634,kept_aggregated,"same normalized model, parameter, type and submission date"
635,FlofloB/smollm2-135M_pretrained_400k_fineweb,floflobsmollm2135mpretrained400kfineweb|0.135|pretrained,635,kept_aggregated,"same normalized model, parameter, type and submission date"
636,FlofloB/smollm2-135M_pretrained_400k_fineweb_uncovai_human_removed,floflobsmollm2135mpretrained400kfinewebuncovaihumanremoved|0.135|pretrained,636,kept_aggregated,"same normalized model, parameter, type and submission date"
637,FlofloB/smollm2-135M_pretrained_400k_fineweb_uncovai_selected,floflobsmollm2135mpretrained400kfinewebuncovaiselected|0.135|pretrained,637,kept_aggregated,"same normalized model, parameter, type and submission date"
638,FlofloB/smollm2-135M_pretrained_600k_fineweb,floflobsmollm2135mpretrained600kfineweb|0.135|pretrained,638,kept_aggregated,"same normalized model, parameter, type and submission date"
639,FlofloB/smollm2-135M_pretrained_600k_fineweb_uncovai_human_removed,floflobsmollm2135mpretrained600kfinewebuncovaihumanremoved|0.135|pretrained,639,kept_aggregated,"same normalized model, parameter, type and submission date"
640,FlofloB/smollm2-135M_pretrained_600k_fineweb_uncovai_selected,floflobsmollm2135mpretrained600kfinewebuncovaiselected|0.135|pretrained,640,kept_aggregated,"same normalized model, parameter, type and submission date"
641,FlofloB/smollm2-135M_pretrained_800k_fineweb,floflobsmollm2135mpretrained800kfineweb|0.135|pretrained,641,kept_aggregated,"same normalized model, parameter, type and submission date"
642,FlofloB/smollm2-135M_pretrained_800k_fineweb_uncovai_human_removed,floflobsmollm2135mpretrained800kfinewebuncovaihumanremoved|0.135|pretrained,642,kept_aggregated,"same normalized model, parameter, type and submission date"
643,FlofloB/smollm2-135M_pretrained_800k_fineweb_uncovai_selected,floflobsmollm2135mpretrained800kfinewebuncovaiselected|0.135|pretrained,643,kept_aggregated,"same normalized model, parameter, type and submission date"
644,FlofloB/smollm2_pretrained_200k_fineweb,floflobsmollm2pretrained200kfineweb|0.135|pretrained,644,kept_aggregated,"same normalized model, parameter, type and submission date"
645,FlofloB/test_continued_pretraining_Phi-3-mini-4k-instruct_Unsloth_merged_16bit,floflobtestcontinuedpretrainingphi3mini4kinstructunslothmerged16bit|16.0|pretrained,645,kept_aggregated,"same normalized model, parameter, type and submission date"
646,FuJhen/ft-openhermes-25-mistral-7b-irca-dpo-pairs,fujhenftopenhermes25mistral7bircadpopairs|14.483|posttrained,646,kept_aggregated,"same normalized model, parameter, type and submission date"
647,FuJhen/mistral-instruct-7B-DPO,fujhenmistralinstruct7bdpo|14.496|posttrained,647,kept_aggregated,"same normalized model, parameter, type and submission date"
648,FuJhen/mistral_7b_v0.1_structedData_e2e,fujhenmistral7bv01structeddatae2e|7.0|posttrained,648,kept_aggregated,"same normalized model, parameter, type and submission date"
649,FuJhen/mistral_7b_v0.1_structedData_viggo,fujhenmistral7bv01structeddataviggo|14.483|posttrained,649,kept_aggregated,"same normalized model, parameter, type and submission date"
650,FuseAI/FuseChat-7B-v2.0,fuseaifusechat7bv20|7.242|posttrained,650,kept_aggregated,"same normalized model, parameter, type and submission date"
651,FuseAI/FuseChat-Llama-3.1-8B-Instruct,fuseaifusechatllama318binstruct|8.03|posttrained,651,kept_aggregated,"same normalized model, parameter, type and submission date"
652,FuseAI/FuseChat-Llama-3.2-3B-Instruct,fuseaifusechatllama323binstruct|3.213|posttrained,652,kept_aggregated,"same normalized model, parameter, type and submission date"
653,FuseAI/FuseChat-Qwen-2.5-7B-Instruct,fuseaifusechatqwen257binstruct|7.616|posttrained,653,kept_aggregated,"same normalized model, parameter, type and submission date"
654,GalrionSoftworks/MN-LooseCannon-12B-v1,galrionsoftworksmnloosecannon12bv1|12.248|merge,654,kept_aggregated,"same normalized model, parameter, type and submission date"
655,GalrionSoftworks/MagnusIntellectus-12B-v1,galrionsoftworksmagnusintellectus12bv1|12.248|merge,655,kept_aggregated,"same normalized model, parameter, type and submission date"
656,GenVRadmin/AryaBhatta-GemmaOrca-2-Merged,genvradminaryabhattagemmaorca2merged|8.538|posttrained,656,kept_aggregated,"same normalized model, parameter, type and submission date"
657,GenVRadmin/AryaBhatta-GemmaOrca-Merged,genvradminaryabhattagemmaorcamerged|8.538|posttrained,657,kept_aggregated,"same normalized model, parameter, type and submission date"
658,GenVRadmin/AryaBhatta-GemmaUltra-Merged,genvradminaryabhattagemmaultramerged|8.538|posttrained,658,kept_aggregated,"same normalized model, parameter, type and submission date"
659,GenVRadmin/llama38bGenZ_Vikas-Merged,genvradminllama38bgenzvikasmerged|8.03|posttrained,659,kept_aggregated,"same normalized model, parameter, type and submission date"
660,GoToCompany/gemma2-9b-cpt-sahabatai-v1-instruct,gotocompanygemma29bcptsahabataiv1instruct|9.242|posttrained,660,kept_aggregated,"same normalized model, parameter, type and submission date"
661,GoToCompany/llama3-8b-cpt-sahabatai-v1-instruct,gotocompanyllama38bcptsahabataiv1instruct|8.03|posttrained,661,kept_aggregated,"same normalized model, parameter, type and submission date"
662,Goekdeniz-Guelmez/Josiefied-Qwen2.5-0.5B-Instruct-abliterated-v1,goekdenizguelmezjosiefiedqwen2505binstructabliteratedv1|0.63|posttrained,663,replaced_same_version_date,"same normalized model, parameter, type and submission date"
663,Goekdeniz-Guelmez/Josiefied-Qwen2.5-0.5B-Instruct-abliterated-v1,goekdenizguelmezjosiefiedqwen2505binstructabliteratedv1|0.63|posttrained,663,kept_aggregated,"same normalized model, parameter, type and submission date"
664,Goekdeniz-Guelmez/Josiefied-Qwen2.5-1.5B-Instruct-abliterated-v1,goekdenizguelmezjosiefiedqwen2515binstructabliteratedv1|1.777|posttrained,664,kept_aggregated,"same normalized model, parameter, type and submission date"
665,Goekdeniz-Guelmez/Josiefied-Qwen2.5-1.5B-Instruct-abliterated-v2,goekdenizguelmezjosiefiedqwen2515binstructabliteratedv2|1.544|posttrained,665,kept_aggregated,"same normalized model, parameter, type and submission date"
666,Goekdeniz-Guelmez/Josiefied-Qwen2.5-1.5B-Instruct-abliterated-v3,goekdenizguelmezjosiefiedqwen2515binstructabliteratedv3|1.544|posttrained,666,kept_aggregated,"same normalized model, parameter, type and submission date"
667,Goekdeniz-Guelmez/Josiefied-Qwen2.5-14B-Instruct-abliterated-v4,goekdenizguelmezjosiefiedqwen2514binstructabliteratedv4|14.77|posttrained,667,kept_aggregated,"same normalized model, parameter, type and submission date"
668,Goekdeniz-Guelmez/Josiefied-Qwen2.5-7B-Instruct-abliterated-v2,goekdenizguelmezjosiefiedqwen257binstructabliteratedv2|7.616|posttrained,668,kept_aggregated,"same normalized model, parameter, type and submission date"
669,Goekdeniz-Guelmez/j.o.s.i.e.v4o-1.5b-dpo-stage1-v1,goekdenizguelmezjosiev4o15bdpostage1v1|1.544|posttrained,669,kept_aggregated,"same normalized model, parameter, type and submission date"
670,Goekdeniz-Guelmez/josie-3b-v6.0,goekdenizguelmezjosie3bv60|3.086|posttrained,670,kept_aggregated,"same normalized model, parameter, type and submission date"
671,Goekdeniz-Guelmez/josie-7b-v6.0,goekdenizguelmezjosie7bv60|7.616|posttrained,671,kept_aggregated,"same normalized model, parameter, type and submission date"
672,Goekdeniz-Guelmez/josie-7b-v6.0-step2000,goekdenizguelmezjosie7bv60step2000|7.616|posttrained,673,replaced_same_version_date,"same normalized model, parameter, type and submission date"
673,Goekdeniz-Guelmez/josie-7b-v6.0-step2000,goekdenizguelmezjosie7bv60step2000|7.616|posttrained,673,kept_aggregated,"same normalized model, parameter, type and submission date"
674,GreenNode/GreenNode-small-9B-it,greennodegreennodesmall9bit|9.242|pretrained,674,kept_aggregated,"same normalized model, parameter, type and submission date"
675,GritLM/GritLM-7B-KTO,gritlmgritlm7bkto|7.242|posttrained,675,kept_aggregated,"same normalized model, parameter, type and submission date"
676,GritLM/GritLM-8x7B-KTO,gritlmgritlm8x7bkto|46.703|posttrained,676,kept_aggregated,"same normalized model, parameter, type and submission date"
677,Groq/Llama-3-Groq-8B-Tool-Use,groqllama3groq8btooluse|8.03|posttrained,677,kept_aggregated,"same normalized model, parameter, type and submission date"
678,Gryphe/Pantheon-RP-1.0-8b-Llama-3,gryphepantheonrp108bllama3|8.03|posttrained,678,kept_aggregated,"same normalized model, parameter, type and submission date"
679,Gryphe/Pantheon-RP-1.5-12b-Nemo,gryphepantheonrp1512bnemo|12.248|posttrained,679,kept_aggregated,"same normalized model, parameter, type and submission date"
680,Gryphe/Pantheon-RP-1.6-12b-Nemo,gryphepantheonrp1612bnemo|12.248|posttrained,680,kept_aggregated,"same normalized model, parameter, type and submission date"
681,Gryphe/Pantheon-RP-1.6-12b-Nemo-KTO,gryphepantheonrp1612bnemokto|12.248|posttrained,681,kept_aggregated,"same normalized model, parameter, type and submission date"
682,Gryphe/Pantheon-RP-Pure-1.6.2-22b-Small,gryphepantheonrppure16222bsmall|22.247|posttrained,682,kept_aggregated,"same normalized model, parameter, type and submission date"
683,GuilhermeNaturaUmana/Nature-Reason-1.2-reallysmall,guilhermenaturaumananaturereason12reallysmall|7.616|posttrained,684,replaced_same_version_date,"same normalized model, parameter, type and submission date"
684,GuilhermeNaturaUmana/Nature-Reason-1.2-reallysmall,guilhermenaturaumananaturereason12reallysmall|7.616|posttrained,684,kept_aggregated,"same normalized model, parameter, type and submission date"
685,Gunulhona/Gemma-Ko-Merge,gunulhonagemmakomerge|10.159|posttrained,685,kept_aggregated,"same normalized model, parameter, type and submission date"
686,Gunulhona/Gemma-Ko-Merge-PEFT,gunulhonagemmakomergepeft|20.318|posttrained,686,kept_aggregated,"same normalized model, parameter, type and submission date"
687,Gunulhona/Gemma-Ko-Merge-PEFT,gunulhonagemmakomergepeft|20.318|posttrained,687,kept_aggregated,"same normalized model, parameter, type and submission date"
688,HPAI-BSC/Llama3-Aloe-8B-Alpha,hpaibscllama3aloe8balpha|8.03|posttrained,688,kept_aggregated,"same normalized model, parameter, type and submission date"
689,HPAI-BSC/Llama3.1-Aloe-Beta-8B,hpaibscllama31aloebeta8b|8.03|posttrained,689,kept_aggregated,"same normalized model, parameter, type and submission date"
690,HPAI-BSC/Qwen2.5-Aloe-Beta-7B,hpaibscqwen25aloebeta7b|7.616|posttrained,690,kept_aggregated,"same normalized model, parameter, type and submission date"
691,HarbingerX/Zeitgeist-3b-V1,harbingerxzeitgeist3bv1|3.213|posttrained,691,kept_aggregated,"same normalized model, parameter, type and submission date"
692,HarbingerX/Zeitgeist-3b-V1.2,harbingerxzeitgeist3bv12|3.213|posttrained,692,kept_aggregated,"same normalized model, parameter, type and submission date"
693,Hastagaras/L3.2-JametMini-3B-MK.III,hastagarasl32jametmini3bmkiii|3.213|posttrained,693,kept_aggregated,"same normalized model, parameter, type and submission date"
694,Hastagaras/Llama-3.1-Jamet-8B-MK.I,hastagarasllama31jamet8bmki|8.03|posttrained,694,kept_aggregated,"same normalized model, parameter, type and submission date"
695,Hastagaras/Zabuza-8B-Llama-3.1,hastagaraszabuza8bllama31|8.03|merge,695,kept_aggregated,"same normalized model, parameter, type and submission date"
696,HelpingAI/Cipher-20B,helpingaicipher20b|20.551|posttrained,696,kept_aggregated,"same normalized model, parameter, type and submission date"
697,HelpingAI/Dhanishtha-Large,helpingaidhanishthalarge|7.613|posttrained,697,kept_aggregated,"same normalized model, parameter, type and submission date"
698,HelpingAI/Priya-10B,helpingaipriya10b|10.211|pretrained,698,kept_aggregated,"same normalized model, parameter, type and submission date"
699,HelpingAI/Priya-3B,helpingaipriya3b|2.81|pretrained,699,kept_aggregated,"same normalized model, parameter, type and submission date"
700,HeraiHench/DeepSeek-R1-Qwen-Coder-8B,heraihenchdeepseekr1qwencoder8b|8.164|merge,700,kept_aggregated,"same normalized model, parameter, type and submission date"
701,HeraiHench/Double-Down-Qwen-Math-7B,heraihenchdoubledownqwenmath7b|7.616|merge,701,kept_aggregated,"same normalized model, parameter, type and submission date"
702,HeraiHench/Marge-Qwen-Math-7B,heraihenchmargeqwenmath7b|7.616|merge,702,kept_aggregated,"same normalized model, parameter, type and submission date"
703,HeraiHench/Phi-4-slerp-ReasoningRP-14B,heraihenchphi4slerpreasoningrp14b|9.207|merge,703,kept_aggregated,"same normalized model, parameter, type and submission date"
704,HiroseKoichi/Llama-Salad-4x8B-V3,hirosekoichillamasalad4x8bv3|24.942|merge,704,kept_aggregated,"same normalized model, parameter, type and submission date"
705,HoangHa/Pensez-Llama3.1-8B,hoanghapensezllama318b|8.03|posttrained,705,kept_aggregated,"same normalized model, parameter, type and submission date"
706,HuggingFaceH4/zephyr-7b-alpha,huggingfaceh4zephyr7balpha|7.242|posttrained,706,kept_aggregated,"same normalized model, parameter, type and submission date"
707,HuggingFaceH4/zephyr-7b-beta,huggingfaceh4zephyr7bbeta|7.242|posttrained,707,kept_aggregated,"same normalized model, parameter, type and submission date"
708,HuggingFaceH4/zephyr-7b-gemma-v0.1,huggingfaceh4zephyr7bgemmav01|8.538|posttrained,708,kept_aggregated,"same normalized model, parameter, type and submission date"
709,HuggingFaceH4/zephyr-orpo-141b-A35b-v0.1,huggingfaceh4zephyrorpo141ba35bv01|140.621|posttrained,709,kept_aggregated,"same normalized model, parameter, type and submission date"
710,HuggingFaceTB/SmolLM-1.7B,huggingfacetbsmollm17b|1.71|pretrained,710,kept_aggregated,"same normalized model, parameter, type and submission date"
711,HuggingFaceTB/SmolLM-1.7B-Instruct,huggingfacetbsmollm17binstruct|1.71|posttrained,711,kept_aggregated,"same normalized model, parameter, type and submission date"
712,HuggingFaceTB/SmolLM-135M,huggingfacetbsmollm135m|0.13|pretrained,712,kept_aggregated,"same normalized model, parameter, type and submission date"
713,HuggingFaceTB/SmolLM-135M-Instruct,huggingfacetbsmollm135minstruct|0.135|posttrained,713,kept_aggregated,"same normalized model, parameter, type and submission date"
714,HuggingFaceTB/SmolLM-360M,huggingfacetbsmollm360m|0.36|pretrained,714,kept_aggregated,"same normalized model, parameter, type and submission date"
715,HuggingFaceTB/SmolLM-360M-Instruct,huggingfacetbsmollm360minstruct|0.362|posttrained,715,kept_aggregated,"same normalized model, parameter, type and submission date"
716,HuggingFaceTB/SmolLM2-1.7B,huggingfacetbsmollm217b|1.71|pretrained,716,kept_aggregated,"same normalized model, parameter, type and submission date"
717,HuggingFaceTB/SmolLM2-1.7B-Instruct,huggingfacetbsmollm217binstruct|1.711|posttrained,717,kept_aggregated,"same normalized model, parameter, type and submission date"
718,HuggingFaceTB/SmolLM2-135M,huggingfacetbsmollm2135m|0.135|pretrained,718,kept_aggregated,"same normalized model, parameter, type and submission date"
719,HuggingFaceTB/SmolLM2-135M-Instruct,huggingfacetbsmollm2135minstruct|0.135|posttrained,719,kept_aggregated,"same normalized model, parameter, type and submission date"
720,HuggingFaceTB/SmolLM2-135M-Instruct,huggingfacetbsmollm2135minstruct|0.135|posttrained,720,kept_aggregated,"same normalized model, parameter, type and submission date"
721,HuggingFaceTB/SmolLM2-360M,huggingfacetbsmollm2360m|0.36|pretrained,721,kept_aggregated,"same normalized model, parameter, type and submission date"
722,HuggingFaceTB/SmolLM2-360M-Instruct,huggingfacetbsmollm2360minstruct|0.362|posttrained,722,kept_aggregated,"same normalized model, parameter, type and submission date"
723,HuggingFaceTB/SmolLM2-360M-Instruct,huggingfacetbsmollm2360minstruct|0.36|posttrained,723,kept_aggregated,"same normalized model, parameter, type and submission date"
724,HumanLLMs/Humanish-LLama3-8B-Instruct,humanllmshumanishllama38binstruct|8.03|posttrained,724,kept_aggregated,"same normalized model, parameter, type and submission date"
725,HumanLLMs/Humanish-Mistral-Nemo-Instruct-2407,humanllmshumanishmistralnemoinstruct2407|12.248|posttrained,725,kept_aggregated,"same normalized model, parameter, type and submission date"
726,HumanLLMs/Humanish-Qwen2.5-7B-Instruct,humanllmshumanishqwen257binstruct|7.616|posttrained,726,kept_aggregated,"same normalized model, parameter, type and submission date"
727,IDEA-CCNL/Ziya-LLaMA-13B-v1,ideaccnlziyallama13bv1|13.0|posttrained,727,kept_aggregated,"same normalized model, parameter, type and submission date"
728,INSAIT-Institute/BgGPT-Gemma-2-27B-IT-v1.0,insaitinstitutebggptgemma227bitv10|27.227|pretrained,728,kept_aggregated,"same normalized model, parameter, type and submission date"
729,IlyaGusev/gemma-2-2b-it-abliterated,ilyagusevgemma22bitabliterated|2.614|posttrained,729,kept_aggregated,"same normalized model, parameter, type and submission date"
730,IlyaGusev/gemma-2-9b-it-abliterated,ilyagusevgemma29bitabliterated|9.242|posttrained,730,kept_aggregated,"same normalized model, parameter, type and submission date"
731,Infinirc/Infinirc-Llama3-8B-2G-Release-v1.0,infinircinfinircllama38b2greleasev10|8.03|posttrained,731,kept_aggregated,"same normalized model, parameter, type and submission date"
732,Intel/neural-chat-7b-v3,intelneuralchat7bv3|7.0|posttrained,732,kept_aggregated,"same normalized model, parameter, type and submission date"
733,Intel/neural-chat-7b-v3-1,intelneuralchat7bv31|7.242|posttrained,733,kept_aggregated,"same normalized model, parameter, type and submission date"
734,Intel/neural-chat-7b-v3-2,intelneuralchat7bv32|7.0|posttrained,734,kept_aggregated,"same normalized model, parameter, type and submission date"
735,Intel/neural-chat-7b-v3-3,intelneuralchat7bv33|7.0|posttrained,735,kept_aggregated,"same normalized model, parameter, type and submission date"
736,IntervitensInc/internlm2_5-20b-llamafied,intervitensincinternlm2520bllamafied|19.861|pretrained,736,kept_aggregated,"same normalized model, parameter, type and submission date"
737,Invalid-Null/PeiYangMe-0.5,invalidnullpeiyangme05|6.061|posttrained,737,kept_aggregated,"same normalized model, parameter, type and submission date"
738,Invalid-Null/PeiYangMe-0.7,invalidnullpeiyangme07|6.061|posttrained,738,kept_aggregated,"same normalized model, parameter, type and submission date"
739,Isaak-Carter/JOSIEv4o-8b-stage1-v4,isaakcarterjosiev4o8bstage1v4|8.03|posttrained,740,replaced_same_version_date,"same normalized model, parameter, type and submission date"
740,Isaak-Carter/JOSIEv4o-8b-stage1-v4,isaakcarterjosiev4o8bstage1v4|8.03|posttrained,740,kept_aggregated,"same normalized model, parameter, type and submission date"
741,Isaak-Carter/Josiefied-Qwen2.5-7B-Instruct-abliterated,isaakcarterjosiefiedqwen257binstructabliterated|7.616|posttrained,741,kept_aggregated,"same normalized model, parameter, type and submission date"
742,Isaak-Carter/Josiefied-Qwen2.5-7B-Instruct-abliterated-v2,isaakcarterjosiefiedqwen257binstructabliteratedv2|7.616|posttrained,742,kept_aggregated,"same normalized model, parameter, type and submission date"
743,J-LAB/Thynk_orpo,jlabthynkorpo|3.086|posttrained,743,kept_aggregated,"same normalized model, parameter, type and submission date"
744,JackFram/llama-160m,jackframllama160m|0.162|pretrained,744,kept_aggregated,"same normalized model, parameter, type and submission date"
745,JackFram/llama-68m,jackframllama68m|0.068|pretrained,745,kept_aggregated,"same normalized model, parameter, type and submission date"
746,Jacoby746/Casual-Magnum-34B,jacoby746casualmagnum34b|34.389|posttrained,746,kept_aggregated,"same normalized model, parameter, type and submission date"
747,Jacoby746/Inf-Silent-Kunoichi-v0.1-2x7B,jacoby746infsilentkunoichiv012x7b|12.879|merge,747,kept_aggregated,"same normalized model, parameter, type and submission date"
748,Jacoby746/Inf-Silent-Kunoichi-v0.2-2x7B,jacoby746infsilentkunoichiv022x7b|12.879|merge,748,kept_aggregated,"same normalized model, parameter, type and submission date"
749,Jacoby746/Proto-Athena-4x7B,jacoby746protoathena4x7b|24.154|merge,749,kept_aggregated,"same normalized model, parameter, type and submission date"
750,Jacoby746/Proto-Athena-v0.2-4x7B,jacoby746protoathenav024x7b|24.154|merge,750,kept_aggregated,"same normalized model, parameter, type and submission date"
751,Jacoby746/Proto-Harpy-Blazing-Light-v0.1-2x7B,jacoby746protoharpyblazinglightv012x7b|12.879|merge,751,kept_aggregated,"same normalized model, parameter, type and submission date"
752,Jacoby746/Proto-Harpy-Spark-v0.1-7B,jacoby746protoharpysparkv017b|7.242|merge,752,kept_aggregated,"same normalized model, parameter, type and submission date"
753,JayHyeon/Qwen-0.5B-DPO-1epoch,jayhyeonqwen05bdpo1epoch|0.494|posttrained,753,kept_aggregated,"same normalized model, parameter, type and submission date"
754,JayHyeon/Qwen-0.5B-DPO-5epoch,jayhyeonqwen05bdpo5epoch|0.494|posttrained,754,kept_aggregated,"same normalized model, parameter, type and submission date"
755,JayHyeon/Qwen-0.5B-IRPO-1epoch,jayhyeonqwen05birpo1epoch|0.494|posttrained,755,kept_aggregated,"same normalized model, parameter, type and submission date"
756,JayHyeon/Qwen-0.5B-IRPO-5epoch,jayhyeonqwen05birpo5epoch|0.494|posttrained,756,kept_aggregated,"same normalized model, parameter, type and submission date"
757,JayHyeon/Qwen-0.5B-eDPO-1epoch,jayhyeonqwen05bedpo1epoch|0.494|posttrained,757,kept_aggregated,"same normalized model, parameter, type and submission date"
758,JayHyeon/Qwen-0.5B-eDPO-5epoch,jayhyeonqwen05bedpo5epoch|0.494|posttrained,758,kept_aggregated,"same normalized model, parameter, type and submission date"
759,JayHyeon/Qwen2.5-0.5B-Instruct-SFT,jayhyeonqwen2505binstructsft|0.63|posttrained,759,kept_aggregated,"same normalized model, parameter, type and submission date"
760,JayHyeon/Qwen2.5-0.5B-Instruct-SFT-DPO-1epoch_v1,jayhyeonqwen2505binstructsftdpo1epochv1|0.494|posttrained,760,kept_aggregated,"same normalized model, parameter, type and submission date"
761,JayHyeon/Qwen2.5-0.5B-Instruct-SFT-IRPO-1epoch_v1,jayhyeonqwen2505binstructsftirpo1epochv1|0.494|posttrained,761,kept_aggregated,"same normalized model, parameter, type and submission date"
762,JayHyeon/Qwen2.5-0.5B-Instruct-SFT-MDPO-1epoch_v1,jayhyeonqwen2505binstructsftmdpo1epochv1|0.494|posttrained,762,kept_aggregated,"same normalized model, parameter, type and submission date"
763,JayHyeon/Qwen2.5-0.5B-SFT,jayhyeonqwen2505bsft|0.63|posttrained,763,kept_aggregated,"same normalized model, parameter, type and submission date"
764,JayHyeon/Qwen2.5-0.5B-SFT-1e-4,jayhyeonqwen2505bsft1e4|0.63|posttrained,764,kept_aggregated,"same normalized model, parameter, type and submission date"
765,JayHyeon/Qwen2.5-0.5B-SFT-1e-4-2ep,jayhyeonqwen2505bsft1e42ep|0.63|posttrained,765,kept_aggregated,"same normalized model, parameter, type and submission date"
766,JayHyeon/Qwen2.5-0.5B-SFT-1e-4-3ep,jayhyeonqwen2505bsft1e43ep|0.63|posttrained,766,kept_aggregated,"same normalized model, parameter, type and submission date"
767,JayHyeon/Qwen2.5-0.5B-SFT-1e-4-5ep,jayhyeonqwen2505bsft1e45ep|0.63|posttrained,767,kept_aggregated,"same normalized model, parameter, type and submission date"
768,JayHyeon/Qwen2.5-0.5B-SFT-1e-5,jayhyeonqwen2505bsft1e5|0.63|posttrained,768,kept_aggregated,"same normalized model, parameter, type and submission date"
769,JayHyeon/Qwen2.5-0.5B-SFT-1e-5-2ep,jayhyeonqwen2505bsft1e52ep|0.63|posttrained,769,kept_aggregated,"same normalized model, parameter, type and submission date"
770,JayHyeon/Qwen2.5-0.5B-SFT-1e-5-3ep,jayhyeonqwen2505bsft1e53ep|0.63|posttrained,770,kept_aggregated,"same normalized model, parameter, type and submission date"
771,JayHyeon/Qwen2.5-0.5B-SFT-1e-5-5ep,jayhyeonqwen2505bsft1e55ep|0.63|posttrained,771,kept_aggregated,"same normalized model, parameter, type and submission date"
772,JayHyeon/Qwen2.5-0.5B-SFT-2e-4,jayhyeonqwen2505bsft2e4|0.63|posttrained,772,kept_aggregated,"same normalized model, parameter, type and submission date"
773,JayHyeon/Qwen2.5-0.5B-SFT-2e-4-2ep,jayhyeonqwen2505bsft2e42ep|0.63|posttrained,773,kept_aggregated,"same normalized model, parameter, type and submission date"
774,JayHyeon/Qwen2.5-0.5B-SFT-2e-4-3ep,jayhyeonqwen2505bsft2e43ep|0.63|posttrained,774,kept_aggregated,"same normalized model, parameter, type and submission date"
775,JayHyeon/Qwen2.5-0.5B-SFT-2e-4-5ep,jayhyeonqwen2505bsft2e45ep|0.63|posttrained,775,kept_aggregated,"same normalized model, parameter, type and submission date"
776,JayHyeon/Qwen2.5-0.5B-SFT-2e-5,jayhyeonqwen2505bsft2e5|0.63|posttrained,776,kept_aggregated,"same normalized model, parameter, type and submission date"
777,JayHyeon/Qwen2.5-0.5B-SFT-2e-5-2ep,jayhyeonqwen2505bsft2e52ep|0.63|posttrained,777,kept_aggregated,"same normalized model, parameter, type and submission date"
778,JayHyeon/Qwen2.5-0.5B-SFT-2e-5-2ep-DPOP_3e-7-3ep_0alp_5lam,jayhyeonqwen2505bsft2e52epdpop3e73ep0alp5lam|0.63|posttrained,778,kept_aggregated,"same normalized model, parameter, type and submission date"
779,JayHyeon/Qwen2.5-0.5B-SFT-2e-5-2ep-DPOP_5e-6-1ep_0alp_5lam,jayhyeonqwen2505bsft2e52epdpop5e61ep0alp5lam|0.494|posttrained,779,kept_aggregated,"same normalized model, parameter, type and submission date"
780,JayHyeon/Qwen2.5-0.5B-SFT-2e-5-2ep-DPOP_5e-6-2ep_0alp_5lam,jayhyeonqwen2505bsft2e52epdpop5e62ep0alp5lam|0.494|posttrained,780,kept_aggregated,"same normalized model, parameter, type and submission date"
781,JayHyeon/Qwen2.5-0.5B-SFT-2e-5-2ep-DPOP_5e-6-3ep_0alp_5lam,jayhyeonqwen2505bsft2e52epdpop5e63ep0alp5lam|0.63|posttrained,781,kept_aggregated,"same normalized model, parameter, type and submission date"
782,JayHyeon/Qwen2.5-0.5B-SFT-2e-5-2ep-DPOP_5e-7-1ep_0alp_5lam,jayhyeonqwen2505bsft2e52epdpop5e71ep0alp5lam|0.494|posttrained,782,kept_aggregated,"same normalized model, parameter, type and submission date"
783,JayHyeon/Qwen2.5-0.5B-SFT-2e-5-2ep-DPOP_5e-7-2ep_0alp_5lam,jayhyeonqwen2505bsft2e52epdpop5e72ep0alp5lam|0.494|posttrained,783,kept_aggregated,"same normalized model, parameter, type and submission date"
784,JayHyeon/Qwen2.5-0.5B-SFT-2e-5-2ep-DPOP_5e-7-3ep_0alp_5lam,jayhyeonqwen2505bsft2e52epdpop5e73ep0alp5lam|0.63|posttrained,784,kept_aggregated,"same normalized model, parameter, type and submission date"
785,JayHyeon/Qwen2.5-0.5B-SFT-2e-5-2ep-DPO_1e-6-1ep_0alp_0lam,jayhyeonqwen2505bsft2e52epdpo1e61ep0alp0lam|0.494|posttrained,785,kept_aggregated,"same normalized model, parameter, type and submission date"
786,JayHyeon/Qwen2.5-0.5B-SFT-2e-5-2ep-DPO_1e-6-2ep_0alp_0lam,jayhyeonqwen2505bsft2e52epdpo1e62ep0alp0lam|0.494|posttrained,786,kept_aggregated,"same normalized model, parameter, type and submission date"
787,JayHyeon/Qwen2.5-0.5B-SFT-2e-5-2ep-DPO_1e-6-3ep_0alp_0lam,jayhyeonqwen2505bsft2e52epdpo1e63ep0alp0lam|0.63|posttrained,787,kept_aggregated,"same normalized model, parameter, type and submission date"
788,JayHyeon/Qwen2.5-0.5B-SFT-2e-5-2ep-DPO_1e-7-2ep_0alp_0lam,jayhyeonqwen2505bsft2e52epdpo1e72ep0alp0lam|0.494|posttrained,788,kept_aggregated,"same normalized model, parameter, type and submission date"
789,JayHyeon/Qwen2.5-0.5B-SFT-2e-5-2ep-DPO_1e-7-3ep_0alp_0lam,jayhyeonqwen2505bsft2e52epdpo1e73ep0alp0lam|0.63|posttrained,789,kept_aggregated,"same normalized model, parameter, type and submission date"
790,JayHyeon/Qwen2.5-0.5B-SFT-2e-5-2ep-DPO_2e-6-1ep_0alp_0lam,jayhyeonqwen2505bsft2e52epdpo2e61ep0alp0lam|0.494|posttrained,790,kept_aggregated,"same normalized model, parameter, type and submission date"
791,JayHyeon/Qwen2.5-0.5B-SFT-2e-5-2ep-DPO_2e-6-2ep_0alp_0lam,jayhyeonqwen2505bsft2e52epdpo2e62ep0alp0lam|0.494|posttrained,791,kept_aggregated,"same normalized model, parameter, type and submission date"
792,JayHyeon/Qwen2.5-0.5B-SFT-2e-5-2ep-DPO_2e-6-3ep_0alp_0lam,jayhyeonqwen2505bsft2e52epdpo2e63ep0alp0lam|0.63|posttrained,792,kept_aggregated,"same normalized model, parameter, type and submission date"
793,JayHyeon/Qwen2.5-0.5B-SFT-2e-5-2ep-DPO_3e-6-1ep_0alp_0lam,jayhyeonqwen2505bsft2e52epdpo3e61ep0alp0lam|0.494|posttrained,793,kept_aggregated,"same normalized model, parameter, type and submission date"
794,JayHyeon/Qwen2.5-0.5B-SFT-2e-5-2ep-DPO_3e-6-2ep_0alp_0lam,jayhyeonqwen2505bsft2e52epdpo3e62ep0alp0lam|0.494|posttrained,794,kept_aggregated,"same normalized model, parameter, type and submission date"
795,JayHyeon/Qwen2.5-0.5B-SFT-2e-5-2ep-DPO_3e-6-3ep_0alp_0lam,jayhyeonqwen2505bsft2e52epdpo3e63ep0alp0lam|0.63|posttrained,795,kept_aggregated,"same normalized model, parameter, type and submission date"
796,JayHyeon/Qwen2.5-0.5B-SFT-2e-5-2ep-DPO_3e-7-3ep_0alp_0lam,jayhyeonqwen2505bsft2e52epdpo3e73ep0alp0lam|0.63|posttrained,796,kept_aggregated,"same normalized model, parameter, type and submission date"
797,JayHyeon/Qwen2.5-0.5B-SFT-2e-5-2ep-DPO_5e-6-1ep_0alp_0lam,jayhyeonqwen2505bsft2e52epdpo5e61ep0alp0lam|0.494|posttrained,797,kept_aggregated,"same normalized model, parameter, type and submission date"
798,JayHyeon/Qwen2.5-0.5B-SFT-2e-5-2ep-DPO_5e-6-2ep_0alp_0lam,jayhyeonqwen2505bsft2e52epdpo5e62ep0alp0lam|0.494|posttrained,798,kept_aggregated,"same normalized model, parameter, type and submission date"
799,JayHyeon/Qwen2.5-0.5B-SFT-2e-5-2ep-DPO_5e-6-3ep_0alp_0lam,jayhyeonqwen2505bsft2e52epdpo5e63ep0alp0lam|0.63|posttrained,799,kept_aggregated,"same normalized model, parameter, type and submission date"
800,JayHyeon/Qwen2.5-0.5B-SFT-2e-5-2ep-DPO_5e-7_1ep_0alp_0lam,jayhyeonqwen2505bsft2e52epdpo5e71ep0alp0lam|0.494|posttrained,800,kept_aggregated,"same normalized model, parameter, type and submission date"
801,JayHyeon/Qwen2.5-0.5B-SFT-2e-5-2ep-DPO_5e-7_2ep_0alp_0lam,jayhyeonqwen2505bsft2e52epdpo5e72ep0alp0lam|0.494|posttrained,801,kept_aggregated,"same normalized model, parameter, type and submission date"
802,JayHyeon/Qwen2.5-0.5B-SFT-2e-5-2ep-DPO_5e-7_3ep_0alp_0lam,jayhyeonqwen2505bsft2e52epdpo5e73ep0alp0lam|0.494|posttrained,802,kept_aggregated,"same normalized model, parameter, type and submission date"
803,JayHyeon/Qwen2.5-0.5B-SFT-2e-5-2ep-DPO_7e-7_1ep_0alp_0lam,jayhyeonqwen2505bsft2e52epdpo7e71ep0alp0lam|0.494|posttrained,803,kept_aggregated,"same normalized model, parameter, type and submission date"
804,JayHyeon/Qwen2.5-0.5B-SFT-2e-5-2ep-DPO_7e-7_2ep_0alp_0lam,jayhyeonqwen2505bsft2e52epdpo7e72ep0alp0lam|0.494|posttrained,804,kept_aggregated,"same normalized model, parameter, type and submission date"
805,JayHyeon/Qwen2.5-0.5B-SFT-2e-5-2ep-DPO_7e-7_3ep_0alp_0lam,jayhyeonqwen2505bsft2e52epdpo7e73ep0alp0lam|0.494|posttrained,805,kept_aggregated,"same normalized model, parameter, type and submission date"
806,JayHyeon/Qwen2.5-0.5B-SFT-2e-5-2ep-IRPO_1e-7-1ep_1alp_0lam,jayhyeonqwen2505bsft2e52epirpo1e71ep1alp0lam|0.494|posttrained,806,kept_aggregated,"same normalized model, parameter, type and submission date"
807,JayHyeon/Qwen2.5-0.5B-SFT-2e-5-2ep-IRPO_1e-7-2ep_1alp_0lam,jayhyeonqwen2505bsft2e52epirpo1e72ep1alp0lam|0.494|posttrained,807,kept_aggregated,"same normalized model, parameter, type and submission date"
808,JayHyeon/Qwen2.5-0.5B-SFT-2e-5-2ep-IRPO_1e-7-3ep_1alp_0lam,jayhyeonqwen2505bsft2e52epirpo1e73ep1alp0lam|0.63|posttrained,808,kept_aggregated,"same normalized model, parameter, type and submission date"
809,JayHyeon/Qwen2.5-0.5B-SFT-2e-5-2ep-IRPO_3e-7-3ep_1alp_0lam,jayhyeonqwen2505bsft2e52epirpo3e73ep1alp0lam|0.63|posttrained,809,kept_aggregated,"same normalized model, parameter, type and submission date"
810,JayHyeon/Qwen2.5-0.5B-SFT-2e-5-2ep-IRPO_5e-6-1ep_1alp_0lam,jayhyeonqwen2505bsft2e52epirpo5e61ep1alp0lam|0.494|posttrained,810,kept_aggregated,"same normalized model, parameter, type and submission date"
811,JayHyeon/Qwen2.5-0.5B-SFT-2e-5-2ep-IRPO_5e-6-2ep_1alp_0lam,jayhyeonqwen2505bsft2e52epirpo5e62ep1alp0lam|0.494|posttrained,811,kept_aggregated,"same normalized model, parameter, type and submission date"
812,JayHyeon/Qwen2.5-0.5B-SFT-2e-5-2ep-IRPO_5e-6-3ep_1alp_0lam,jayhyeonqwen2505bsft2e52epirpo5e63ep1alp0lam|0.63|posttrained,812,kept_aggregated,"same normalized model, parameter, type and submission date"
813,JayHyeon/Qwen2.5-0.5B-SFT-2e-5-2ep-IRPO_5e-7-1ep_1alp_0lam,jayhyeonqwen2505bsft2e52epirpo5e71ep1alp0lam|0.494|posttrained,813,kept_aggregated,"same normalized model, parameter, type and submission date"
814,JayHyeon/Qwen2.5-0.5B-SFT-2e-5-2ep-IRPO_5e-7-2ep_1alp_0lam,jayhyeonqwen2505bsft2e52epirpo5e72ep1alp0lam|0.494|posttrained,814,kept_aggregated,"same normalized model, parameter, type and submission date"
815,JayHyeon/Qwen2.5-0.5B-SFT-2e-5-2ep-IRPO_5e-7-3ep_1alp_0lam,jayhyeonqwen2505bsft2e52epirpo5e73ep1alp0lam|0.63|posttrained,815,kept_aggregated,"same normalized model, parameter, type and submission date"
816,JayHyeon/Qwen2.5-0.5B-SFT-2e-5-2ep-MDPO_0.5_1e-7-1ep_0alp_0lam,jayhyeonqwen2505bsft2e52epmdpo051e71ep0alp0lam|0.494|posttrained,816,kept_aggregated,"same normalized model, parameter, type and submission date"
817,JayHyeon/Qwen2.5-0.5B-SFT-2e-5-2ep-MDPO_0.5_1e-7-2ep_0alp_0lam,jayhyeonqwen2505bsft2e52epmdpo051e72ep0alp0lam|0.494|posttrained,817,kept_aggregated,"same normalized model, parameter, type and submission date"
818,JayHyeon/Qwen2.5-0.5B-SFT-2e-5-2ep-MDPO_0.5_1e-7-3ep_0alp_0lam,jayhyeonqwen2505bsft2e52epmdpo051e73ep0alp0lam|0.63|posttrained,818,kept_aggregated,"same normalized model, parameter, type and submission date"
819,JayHyeon/Qwen2.5-0.5B-SFT-2e-5-2ep-MDPO_1e-6-3ep_0alp_0lam,jayhyeonqwen2505bsft2e52epmdpo1e63ep0alp0lam|0.63|posttrained,819,kept_aggregated,"same normalized model, parameter, type and submission date"
820,JayHyeon/Qwen2.5-0.5B-SFT-2e-5-2ep-MDPO_1e-6_1ep_0alp_0lam,jayhyeonqwen2505bsft2e52epmdpo1e61ep0alp0lam|0.494|posttrained,820,kept_aggregated,"same normalized model, parameter, type and submission date"
821,JayHyeon/Qwen2.5-0.5B-SFT-2e-5-2ep-MDPO_1e-6_2ep_0alp_0lam,jayhyeonqwen2505bsft2e52epmdpo1e62ep0alp0lam|0.494|posttrained,821,kept_aggregated,"same normalized model, parameter, type and submission date"
822,JayHyeon/Qwen2.5-0.5B-SFT-2e-5-2ep-MDPO_2e-6-3ep_0alp_0lam,jayhyeonqwen2505bsft2e52epmdpo2e63ep0alp0lam|0.63|posttrained,822,kept_aggregated,"same normalized model, parameter, type and submission date"
823,JayHyeon/Qwen2.5-0.5B-SFT-2e-5-2ep-MDPO_2e-6_1ep_0alp_0lam,jayhyeonqwen2505bsft2e52epmdpo2e61ep0alp0lam|0.494|posttrained,823,kept_aggregated,"same normalized model, parameter, type and submission date"
824,JayHyeon/Qwen2.5-0.5B-SFT-2e-5-2ep-MDPO_2e-6_2ep_0alp_0lam,jayhyeonqwen2505bsft2e52epmdpo2e62ep0alp0lam|0.494|posttrained,824,kept_aggregated,"same normalized model, parameter, type and submission date"
825,JayHyeon/Qwen2.5-0.5B-SFT-2e-5-2ep-MDPO_3e-6-1ep_0alp_0lam,jayhyeonqwen2505bsft2e52epmdpo3e61ep0alp0lam|0.494|posttrained,825,kept_aggregated,"same normalized model, parameter, type and submission date"
826,JayHyeon/Qwen2.5-0.5B-SFT-2e-5-2ep-MDPO_3e-6-2ep_0alp_0lam,jayhyeonqwen2505bsft2e52epmdpo3e62ep0alp0lam|0.494|posttrained,826,kept_aggregated,"same normalized model, parameter, type and submission date"
827,JayHyeon/Qwen2.5-0.5B-SFT-2e-5-2ep-MDPO_3e-6-3ep_0alp_0lam,jayhyeonqwen2505bsft2e52epmdpo3e63ep0alp0lam|0.63|posttrained,827,kept_aggregated,"same normalized model, parameter, type and submission date"
828,JayHyeon/Qwen2.5-0.5B-SFT-2e-5-2ep-MDPO_5e-6-1ep_0alp_0lam,jayhyeonqwen2505bsft2e52epmdpo5e61ep0alp0lam|0.494|posttrained,828,kept_aggregated,"same normalized model, parameter, type and submission date"
829,JayHyeon/Qwen2.5-0.5B-SFT-2e-5-2ep-MDPO_5e-6-2ep_0alp_0lam,jayhyeonqwen2505bsft2e52epmdpo5e62ep0alp0lam|0.494|posttrained,829,kept_aggregated,"same normalized model, parameter, type and submission date"
830,JayHyeon/Qwen2.5-0.5B-SFT-2e-5-2ep-MDPO_5e-6-3ep_0alp_0lam,jayhyeonqwen2505bsft2e52epmdpo5e63ep0alp0lam|0.63|posttrained,830,kept_aggregated,"same normalized model, parameter, type and submission date"
831,JayHyeon/Qwen2.5-0.5B-SFT-2e-5-2ep-MDPO_5e-7-3ep_0alp_0lam,jayhyeonqwen2505bsft2e52epmdpo5e73ep0alp0lam|0.63|posttrained,831,kept_aggregated,"same normalized model, parameter, type and submission date"
832,JayHyeon/Qwen2.5-0.5B-SFT-2e-5-2ep-MDPO_5e-7_1ep_0alp_0lam,jayhyeonqwen2505bsft2e52epmdpo5e71ep0alp0lam|0.494|posttrained,832,kept_aggregated,"same normalized model, parameter, type and submission date"
833,JayHyeon/Qwen2.5-0.5B-SFT-2e-5-2ep-MDPO_5e-7_2ep_0alp_0lam,jayhyeonqwen2505bsft2e52epmdpo5e72ep0alp0lam|0.494|posttrained,833,kept_aggregated,"same normalized model, parameter, type and submission date"
834,JayHyeon/Qwen2.5-0.5B-SFT-2e-5-2ep-MDPO_7e-7-3ep_0alp_0lam,jayhyeonqwen2505bsft2e52epmdpo7e73ep0alp0lam|0.63|posttrained,834,kept_aggregated,"same normalized model, parameter, type and submission date"
835,JayHyeon/Qwen2.5-0.5B-SFT-2e-5-2ep-MDPO_7e-7_1ep_0alp_0lam,jayhyeonqwen2505bsft2e52epmdpo7e71ep0alp0lam|0.494|posttrained,835,kept_aggregated,"same normalized model, parameter, type and submission date"
836,JayHyeon/Qwen2.5-0.5B-SFT-2e-5-2ep-MDPO_7e-7_2ep_0alp_0lam,jayhyeonqwen2505bsft2e52epmdpo7e72ep0alp0lam|0.494|posttrained,836,kept_aggregated,"same normalized model, parameter, type and submission date"
837,JayHyeon/Qwen2.5-0.5B-SFT-2e-5-3ep,jayhyeonqwen2505bsft2e53ep|0.63|posttrained,837,kept_aggregated,"same normalized model, parameter, type and submission date"
838,JayHyeon/Qwen2.5-0.5B-SFT-2e-5-5ep,jayhyeonqwen2505bsft2e55ep|0.63|posttrained,838,kept_aggregated,"same normalized model, parameter, type and submission date"
839,JayHyeon/Qwen2.5-0.5B-SFT-2e-5-5ep-MDPO_5e-7_3ep_0alp_0lam,jayhyeonqwen2505bsft2e55epmdpo5e73ep0alp0lam|0.63|posttrained,839,kept_aggregated,"same normalized model, parameter, type and submission date"
840,JayHyeon/Qwen2.5-0.5B-SFT-2e-5-5ep-MDPO_5e-7_3ep_0alp_0lam_1ep,jayhyeonqwen2505bsft2e55epmdpo5e73ep0alp0lam1ep|0.494|posttrained,840,kept_aggregated,"same normalized model, parameter, type and submission date"
841,JayHyeon/Qwen2.5-0.5B-SFT-2e-5-5ep-MDPO_5e-7_3ep_0alp_0lam_2ep,jayhyeonqwen2505bsft2e55epmdpo5e73ep0alp0lam2ep|0.494|posttrained,841,kept_aggregated,"same normalized model, parameter, type and submission date"
842,JayHyeon/Qwen2.5-0.5B-SFT-2e-5-5ep-MDPO_7e-7_3ep_0alp_0lam,jayhyeonqwen2505bsft2e55epmdpo7e73ep0alp0lam|0.63|posttrained,842,kept_aggregated,"same normalized model, parameter, type and submission date"
843,JayHyeon/Qwen2.5-0.5B-SFT-2e-5-5ep-MDPO_7e-7_3ep_0alp_0lam_1ep,jayhyeonqwen2505bsft2e55epmdpo7e73ep0alp0lam1ep|0.494|posttrained,843,kept_aggregated,"same normalized model, parameter, type and submission date"
844,JayHyeon/Qwen2.5-0.5B-SFT-2e-5-5ep-MDPO_7e-7_3ep_0alp_0lam_2ep,jayhyeonqwen2505bsft2e55epmdpo7e73ep0alp0lam2ep|0.494|posttrained,844,kept_aggregated,"same normalized model, parameter, type and submission date"
845,JayHyeon/Qwen2.5-0.5B-SFT-5e-5,jayhyeonqwen2505bsft5e5|0.63|posttrained,845,kept_aggregated,"same normalized model, parameter, type and submission date"
846,JayHyeon/Qwen2.5-0.5B-SFT-5e-5-2ep,jayhyeonqwen2505bsft5e52ep|0.63|posttrained,846,kept_aggregated,"same normalized model, parameter, type and submission date"
847,JayHyeon/Qwen2.5-0.5B-SFT-5e-5-3ep,jayhyeonqwen2505bsft5e53ep|0.63|posttrained,847,kept_aggregated,"same normalized model, parameter, type and submission date"
848,JayHyeon/Qwen2.5-0.5B-SFT-5e-5-5ep,jayhyeonqwen2505bsft5e55ep|0.63|posttrained,848,kept_aggregated,"same normalized model, parameter, type and submission date"
849,JayHyeon/Qwen2.5-0.5B-SFT-7e-5,jayhyeonqwen2505bsft7e5|0.63|posttrained,849,kept_aggregated,"same normalized model, parameter, type and submission date"
850,JayHyeon/Qwen2.5-0.5B-SFT-7e-5-2ep,jayhyeonqwen2505bsft7e52ep|0.63|posttrained,850,kept_aggregated,"same normalized model, parameter, type and submission date"
851,JayHyeon/Qwen2.5-0.5B-SFT-7e-5-3ep,jayhyeonqwen2505bsft7e53ep|0.63|posttrained,851,kept_aggregated,"same normalized model, parameter, type and submission date"
852,JayHyeon/Qwen2.5-0.5B-SFT-7e-5-5ep,jayhyeonqwen2505bsft7e55ep|0.63|posttrained,852,kept_aggregated,"same normalized model, parameter, type and submission date"
853,JayHyeon/Qwen2.5-0.5B-SFT-DPO-1epoch_v1,jayhyeonqwen2505bsftdpo1epochv1|0.494|posttrained,853,kept_aggregated,"same normalized model, parameter, type and submission date"
854,JayHyeon/Qwen2.5-0.5B-SFT-MDPO-1epoch_v1,jayhyeonqwen2505bsftmdpo1epochv1|0.494|posttrained,854,kept_aggregated,"same normalized model, parameter, type and submission date"
855,JayHyeon/Qwen_0.5-DPOP_1e-6-3ep_0alp_5lam,jayhyeonqwen05dpop1e63ep0alp5lam|0.63|posttrained,855,kept_aggregated,"same normalized model, parameter, type and submission date"
856,JayHyeon/Qwen_0.5-DPOP_1e-7-3ep_0alp_5lam,jayhyeonqwen05dpop1e73ep0alp5lam|0.63|posttrained,856,kept_aggregated,"same normalized model, parameter, type and submission date"
857,JayHyeon/Qwen_0.5-DPOP_3e-6-1ep_0alp_5lam,jayhyeonqwen05dpop3e61ep0alp5lam|0.494|posttrained,857,kept_aggregated,"same normalized model, parameter, type and submission date"
858,JayHyeon/Qwen_0.5-DPOP_3e-6-2ep_0alp_5lam,jayhyeonqwen05dpop3e62ep0alp5lam|0.494|posttrained,858,kept_aggregated,"same normalized model, parameter, type and submission date"
859,JayHyeon/Qwen_0.5-DPOP_3e-6-3ep_0alp_5lam,jayhyeonqwen05dpop3e63ep0alp5lam|0.63|posttrained,859,kept_aggregated,"same normalized model, parameter, type and submission date"
860,JayHyeon/Qwen_0.5-DPOP_3e-7-1ep_0alp_5lam,jayhyeonqwen05dpop3e71ep0alp5lam|0.494|posttrained,860,kept_aggregated,"same normalized model, parameter, type and submission date"
861,JayHyeon/Qwen_0.5-DPOP_3e-7-2ep_0alp_5lam,jayhyeonqwen05dpop3e72ep0alp5lam|0.494|posttrained,861,kept_aggregated,"same normalized model, parameter, type and submission date"
862,JayHyeon/Qwen_0.5-DPOP_3e-7-3ep_0alp_5lam,jayhyeonqwen05dpop3e73ep0alp5lam|0.63|posttrained,862,kept_aggregated,"same normalized model, parameter, type and submission date"
863,JayHyeon/Qwen_0.5-DPOP_5e-7-1ep_0alp_5lam,jayhyeonqwen05dpop5e71ep0alp5lam|0.494|posttrained,863,kept_aggregated,"same normalized model, parameter, type and submission date"
864,JayHyeon/Qwen_0.5-DPOP_5e-7-2ep_0alp_5lam,jayhyeonqwen05dpop5e72ep0alp5lam|0.494|posttrained,864,kept_aggregated,"same normalized model, parameter, type and submission date"
865,JayHyeon/Qwen_0.5-DPOP_5e-7-3ep_0alp_5lam,jayhyeonqwen05dpop5e73ep0alp5lam|0.63|posttrained,865,kept_aggregated,"same normalized model, parameter, type and submission date"
866,JayHyeon/Qwen_0.5-DPO_1e-6-3ep_0alp_0lam,jayhyeonqwen05dpo1e63ep0alp0lam|0.63|posttrained,866,kept_aggregated,"same normalized model, parameter, type and submission date"
867,JayHyeon/Qwen_0.5-DPO_1e-7-3ep_0alp_0lam,jayhyeonqwen05dpo1e73ep0alp0lam|0.63|posttrained,867,kept_aggregated,"same normalized model, parameter, type and submission date"
868,JayHyeon/Qwen_0.5-DPO_3e-6-1ep_0alp_0lam,jayhyeonqwen05dpo3e61ep0alp0lam|0.494|posttrained,868,kept_aggregated,"same normalized model, parameter, type and submission date"
869,JayHyeon/Qwen_0.5-DPO_3e-6-2ep_0alp_0lam,jayhyeonqwen05dpo3e62ep0alp0lam|0.494|posttrained,869,kept_aggregated,"same normalized model, parameter, type and submission date"
870,JayHyeon/Qwen_0.5-DPO_3e-6-3ep_0alp_0lam,jayhyeonqwen05dpo3e63ep0alp0lam|0.63|posttrained,870,kept_aggregated,"same normalized model, parameter, type and submission date"
871,JayHyeon/Qwen_0.5-DPO_3e-7-1ep_0alp_0lam,jayhyeonqwen05dpo3e71ep0alp0lam|0.494|posttrained,871,kept_aggregated,"same normalized model, parameter, type and submission date"
872,JayHyeon/Qwen_0.5-DPO_3e-7-2ep_0alp_0lam,jayhyeonqwen05dpo3e72ep0alp0lam|0.494|posttrained,872,kept_aggregated,"same normalized model, parameter, type and submission date"
873,JayHyeon/Qwen_0.5-DPO_3e-7-3ep_0alp_0lam,jayhyeonqwen05dpo3e73ep0alp0lam|0.63|posttrained,873,kept_aggregated,"same normalized model, parameter, type and submission date"
874,JayHyeon/Qwen_0.5-DPO_5e-7-1ep_0alp_0lam,jayhyeonqwen05dpo5e71ep0alp0lam|0.63|posttrained,874,kept_aggregated,"same normalized model, parameter, type and submission date"
875,JayHyeon/Qwen_0.5-DPO_5e-7-2ep_0alp_0lam,jayhyeonqwen05dpo5e72ep0alp0lam|0.494|posttrained,875,kept_aggregated,"same normalized model, parameter, type and submission date"
876,JayHyeon/Qwen_0.5-DPO_5e-7-3ep_0alp_0lam,jayhyeonqwen05dpo5e73ep0alp0lam|0.63|posttrained,876,kept_aggregated,"same normalized model, parameter, type and submission date"
877,JayHyeon/Qwen_0.5-IPO_5e-7-1ep_0alp_0lam,jayhyeonqwen05ipo5e71ep0alp0lam|0.63|posttrained,877,kept_aggregated,"same normalized model, parameter, type and submission date"
878,JayHyeon/Qwen_0.5-IPO_5e-7-3ep_0alp_0lam,jayhyeonqwen05ipo5e73ep0alp0lam|0.63|posttrained,878,kept_aggregated,"same normalized model, parameter, type and submission date"
879,JayHyeon/Qwen_0.5-IRPO_1e-6-3ep_1alp_0lam,jayhyeonqwen05irpo1e63ep1alp0lam|0.63|posttrained,879,kept_aggregated,"same normalized model, parameter, type and submission date"
880,JayHyeon/Qwen_0.5-IRPO_1e-7-3ep_1alp_0lam,jayhyeonqwen05irpo1e73ep1alp0lam|0.63|posttrained,880,kept_aggregated,"same normalized model, parameter, type and submission date"
881,JayHyeon/Qwen_0.5-IRPO_3e-6-1ep_1alp_0lam,jayhyeonqwen05irpo3e61ep1alp0lam|0.494|posttrained,881,kept_aggregated,"same normalized model, parameter, type and submission date"
882,JayHyeon/Qwen_0.5-IRPO_3e-6-2ep_1alp_0lam,jayhyeonqwen05irpo3e62ep1alp0lam|0.494|posttrained,882,kept_aggregated,"same normalized model, parameter, type and submission date"
883,JayHyeon/Qwen_0.5-IRPO_3e-6-3ep_1alp_0lam,jayhyeonqwen05irpo3e63ep1alp0lam|0.63|posttrained,883,kept_aggregated,"same normalized model, parameter, type and submission date"
884,JayHyeon/Qwen_0.5-IRPO_3e-7-1ep_1alp_0lam,jayhyeonqwen05irpo3e71ep1alp0lam|0.494|posttrained,884,kept_aggregated,"same normalized model, parameter, type and submission date"
885,JayHyeon/Qwen_0.5-IRPO_3e-7-3ep_1alp_0lam,jayhyeonqwen05irpo3e73ep1alp0lam|0.63|posttrained,885,kept_aggregated,"same normalized model, parameter, type and submission date"
886,JayHyeon/Qwen_0.5-IRPO_5e-7-1ep_1alp_0lam,jayhyeonqwen05irpo5e71ep1alp0lam|0.494|posttrained,886,kept_aggregated,"same normalized model, parameter, type and submission date"
887,JayHyeon/Qwen_0.5-IRPO_5e-7-2ep_1alp_0lam,jayhyeonqwen05irpo5e72ep1alp0lam|0.494|posttrained,887,kept_aggregated,"same normalized model, parameter, type and submission date"
888,JayHyeon/Qwen_0.5-IRPO_5e-7-3ep_1alp_0lam,jayhyeonqwen05irpo5e73ep1alp0lam|0.63|posttrained,888,kept_aggregated,"same normalized model, parameter, type and submission date"
889,JayHyeon/Qwen_0.5-MDPO_0.1_3e-6-3ep_0alp_0lam,jayhyeonqwen05mdpo013e63ep0alp0lam|0.63|posttrained,889,kept_aggregated,"same normalized model, parameter, type and submission date"
890,JayHyeon/Qwen_0.5-MDPO_0.1_5e-7-3ep_0alp_0lam,jayhyeonqwen05mdpo015e73ep0alp0lam|0.63|posttrained,890,kept_aggregated,"same normalized model, parameter, type and submission date"
891,JayHyeon/Qwen_0.5-MDPO_0.3_3e-6-3ep_0alp_0lam,jayhyeonqwen05mdpo033e63ep0alp0lam|0.63|posttrained,891,kept_aggregated,"same normalized model, parameter, type and submission date"
892,JayHyeon/Qwen_0.5-MDPO_0.3_5e-7-3ep_0alp_0lam,jayhyeonqwen05mdpo035e73ep0alp0lam|0.63|posttrained,892,kept_aggregated,"same normalized model, parameter, type and submission date"
893,JayHyeon/Qwen_0.5-MDPO_0.5_1e-5-3ep_0alp_0lam,jayhyeonqwen05mdpo051e53ep0alp0lam|0.63|posttrained,893,kept_aggregated,"same normalized model, parameter, type and submission date"
894,JayHyeon/Qwen_0.5-MDPO_0.5_3e-7-1ep_0alp_0lam,jayhyeonqwen05mdpo053e71ep0alp0lam|0.494|posttrained,894,kept_aggregated,"same normalized model, parameter, type and submission date"
895,JayHyeon/Qwen_0.5-MDPO_0.5_3e-7-2ep_0alp_0lam,jayhyeonqwen05mdpo053e72ep0alp0lam|0.494|posttrained,895,kept_aggregated,"same normalized model, parameter, type and submission date"
896,JayHyeon/Qwen_0.5-MDPO_0.5_3e-7-3ep_0alp_0lam,jayhyeonqwen05mdpo053e73ep0alp0lam|0.63|posttrained,896,kept_aggregated,"same normalized model, parameter, type and submission date"
897,JayHyeon/Qwen_0.5-MDPO_0.5_4e-6-3ep_0alp_0lam,jayhyeonqwen05mdpo054e63ep0alp0lam|0.63|posttrained,897,kept_aggregated,"same normalized model, parameter, type and submission date"
898,JayHyeon/Qwen_0.5-MDPO_0.5_6e-6-3ep_0alp_0lam,jayhyeonqwen05mdpo056e63ep0alp0lam|0.63|posttrained,898,kept_aggregated,"same normalized model, parameter, type and submission date"
899,JayHyeon/Qwen_0.5-MDPO_0.5_7e-6-3ep_0alp_0lam,jayhyeonqwen05mdpo057e63ep0alp0lam|0.63|posttrained,899,kept_aggregated,"same normalized model, parameter, type and submission date"
900,JayHyeon/Qwen_0.5-MDPO_0.5_7e-7-3ep_0alp_0lam,jayhyeonqwen05mdpo057e73ep0alp0lam|0.63|posttrained,900,kept_aggregated,"same normalized model, parameter, type and submission date"
901,JayHyeon/Qwen_0.5-MDPO_0.7_3e-6-3ep_0alp_0lam,jayhyeonqwen05mdpo073e63ep0alp0lam|0.63|posttrained,901,kept_aggregated,"same normalized model, parameter, type and submission date"
902,JayHyeon/Qwen_0.5-MDPO_0.7_5e-7-3ep_0alp_0lam,jayhyeonqwen05mdpo075e73ep0alp0lam|0.63|posttrained,902,kept_aggregated,"same normalized model, parameter, type and submission date"
903,JayHyeon/Qwen_0.5-MDPO_0.9_5e-7-3ep_0alp_0lam,jayhyeonqwen05mdpo095e73ep0alp0lam|0.63|posttrained,903,kept_aggregated,"same normalized model, parameter, type and submission date"
904,JayHyeon/Qwen_0.5-VDPO_3e-6-1ep_3vpo_const,jayhyeonqwen05vdpo3e61ep3vpoconst|0.63|posttrained,904,kept_aggregated,"same normalized model, parameter, type and submission date"
905,JayHyeon/Qwen_0.5-VDPO_5e-7-1ep_0alp_0lam,jayhyeonqwen05vdpo5e71ep0alp0lam|0.63|posttrained,905,kept_aggregated,"same normalized model, parameter, type and submission date"
906,JayHyeon/Qwen_0.5-VDPO_5e-7-1ep_10vpo_const,jayhyeonqwen05vdpo5e71ep10vpoconst|0.63|posttrained,906,kept_aggregated,"same normalized model, parameter, type and submission date"
907,JayHyeon/Qwen_0.5-VDPO_5e-7-1ep_1vpo_const,jayhyeonqwen05vdpo5e71ep1vpoconst|0.63|posttrained,907,kept_aggregated,"same normalized model, parameter, type and submission date"
908,JayHyeon/Qwen_0.5-VDPO_5e-7-1ep_3vpo_const,jayhyeonqwen05vdpo5e71ep3vpoconst|0.63|posttrained,908,kept_aggregated,"same normalized model, parameter, type and submission date"
909,JayHyeon/Qwen_0.5-VDPO_5e-7-3ep_0alp_0lam,jayhyeonqwen05vdpo5e73ep0alp0lam|0.63|posttrained,909,kept_aggregated,"same normalized model, parameter, type and submission date"
910,JayHyeon/Qwen_0.5-VDPO_5e-7-3ep_1vpo_const,jayhyeonqwen05vdpo5e73ep1vpoconst|0.63|posttrained,910,kept_aggregated,"same normalized model, parameter, type and submission date"
911,JayHyeon/Qwen_0.5-VDPO_5e-7-3ep_3vpo_const,jayhyeonqwen05vdpo5e73ep3vpoconst|0.63|posttrained,911,kept_aggregated,"same normalized model, parameter, type and submission date"
912,JayHyeon/Qwen_0.5-VIPO_5e-7-1ep_0alp_0lam,jayhyeonqwen05vipo5e71ep0alp0lam|0.63|posttrained,912,kept_aggregated,"same normalized model, parameter, type and submission date"
913,JayHyeon/Qwen_0.5-VIPO_5e-7-1ep_10vpo_const,jayhyeonqwen05vipo5e71ep10vpoconst|0.63|posttrained,913,kept_aggregated,"same normalized model, parameter, type and submission date"
914,JayHyeon/Qwen_0.5-VIPO_5e-7-1ep_1vpo_const,jayhyeonqwen05vipo5e71ep1vpoconst|0.63|posttrained,914,kept_aggregated,"same normalized model, parameter, type and submission date"
915,JayHyeon/Qwen_0.5-VIPO_5e-7-1ep_30vpo_const,jayhyeonqwen05vipo5e71ep30vpoconst|0.63|posttrained,915,kept_aggregated,"same normalized model, parameter, type and submission date"
916,JayHyeon/Qwen_0.5-VIPO_5e-7-1ep_3vpo_const,jayhyeonqwen05vipo5e71ep3vpoconst|0.63|posttrained,916,kept_aggregated,"same normalized model, parameter, type and submission date"
917,JayHyeon/Qwen_0.5-VIPO_5e-7-3ep_0alp_0lam,jayhyeonqwen05vipo5e73ep0alp0lam|0.63|posttrained,917,kept_aggregated,"same normalized model, parameter, type and submission date"
918,JayHyeon/Qwen_0.5-VIPO_5e-7-3ep_10vpo_const,jayhyeonqwen05vipo5e73ep10vpoconst|0.63|posttrained,918,kept_aggregated,"same normalized model, parameter, type and submission date"
919,JayHyeon/Qwen_0.5-VIPO_5e-7-3ep_1vpo_const,jayhyeonqwen05vipo5e73ep1vpoconst|0.63|posttrained,919,kept_aggregated,"same normalized model, parameter, type and submission date"
920,JayHyeon/Qwen_0.5-VIPO_5e-7-3ep_30vpo_const,jayhyeonqwen05vipo5e73ep30vpoconst|0.63|posttrained,920,kept_aggregated,"same normalized model, parameter, type and submission date"
921,JayHyeon/Qwen_0.5-VIPO_5e-7-3ep_3vpo_const,jayhyeonqwen05vipo5e73ep3vpoconst|0.63|posttrained,921,kept_aggregated,"same normalized model, parameter, type and submission date"
922,JayHyeon/Qwen_0.5-cDPO_5e-7-3ep_0vpo_const_0.1,jayhyeonqwen05cdpo5e73ep0vpoconst01|0.63|posttrained,922,kept_aggregated,"same normalized model, parameter, type and submission date"
923,JayHyeon/Qwen_0.5-cDPO_5e-7-3ep_0vpo_const_0.3,jayhyeonqwen05cdpo5e73ep0vpoconst03|0.63|posttrained,923,kept_aggregated,"same normalized model, parameter, type and submission date"
924,JayHyeon/Qwen_0.5-rDPO_3e-6-1ep_0vpo_const_0.1,jayhyeonqwen05rdpo3e61ep0vpoconst01|0.63|posttrained,924,kept_aggregated,"same normalized model, parameter, type and submission date"
925,JayHyeon/Qwen_0.5-rDPO_5e-7-3ep_0vpo_const_0.1,jayhyeonqwen05rdpo5e73ep0vpoconst01|0.63|posttrained,925,kept_aggregated,"same normalized model, parameter, type and submission date"
926,JayHyeon/Qwen_0.5-rDPO_5e-7-3ep_0vpo_const_0.3,jayhyeonqwen05rdpo5e73ep0vpoconst03|0.63|posttrained,926,kept_aggregated,"same normalized model, parameter, type and submission date"
927,Jimmy19991222/Llama-3-Instruct-8B-SimPO-v0.2,jimmy19991222llama3instruct8bsimpov02|8.03|posttrained,927,kept_aggregated,"same normalized model, parameter, type and submission date"
928,Jimmy19991222/llama-3-8b-instruct-gapo-v2-bert-f1-beta10-gamma0.3-lr1.0e-6-1minus-rerun,jimmy19991222llama38binstructgapov2bertf1beta10gamma03lr10e61minusrerun|8.03|posttrained,928,kept_aggregated,"same normalized model, parameter, type and submission date"
929,Jimmy19991222/llama-3-8b-instruct-gapo-v2-bert_f1-beta10-gamma0.3-lr1.0e-6-scale-log,jimmy19991222llama38binstructgapov2bertf1beta10gamma03lr10e6scalelog|8.03|posttrained,929,kept_aggregated,"same normalized model, parameter, type and submission date"
930,Jimmy19991222/llama-3-8b-instruct-gapo-v2-bert_p-beta10-gamma0.3-lr1.0e-6-scale-log,jimmy19991222llama38binstructgapov2bertpbeta10gamma03lr10e6scalelog|8.03|posttrained,930,kept_aggregated,"same normalized model, parameter, type and submission date"
931,Jimmy19991222/llama-3-8b-instruct-gapo-v2-bleu-beta0.1-no-length-scale-gamma0.4,jimmy19991222llama38binstructgapov2bleubeta01nolengthscalegamma04|8.03|posttrained,931,kept_aggregated,"same normalized model, parameter, type and submission date"
932,Jimmy19991222/llama-3-8b-instruct-gapo-v2-rouge2-beta10-1minus-gamma0.3-rerun,jimmy19991222llama38binstructgapov2rouge2beta101minusgamma03rerun|8.03|posttrained,932,kept_aggregated,"same normalized model, parameter, type and submission date"
933,Jimmy19991222/llama-3-8b-instruct-gapo-v2-rouge2-beta10-gamma0.3-lr1.0e-6-scale-log,jimmy19991222llama38binstructgapov2rouge2beta10gamma03lr10e6scalelog|8.03|posttrained,933,kept_aggregated,"same normalized model, parameter, type and submission date"
934,Jimmy19991222/llama-3-8b-instruct-gapo-v2-rougeL-beta10-gamma0.3-lr1.0e-6-scale-log,jimmy19991222llama38binstructgapov2rougelbeta10gamma03lr10e6scalelog|8.03|posttrained,934,kept_aggregated,"same normalized model, parameter, type and submission date"
935,Joseph717171/Hermes-3-Llama-3.1-8B_TIES_with_Base_Embeds_Initialized_to_Special_Instruct_Toks_dtypeF32,joseph717171hermes3llama318btieswithbaseembedsinitializedtospecialinstructtoksdtypef32|8.03|posttrained,935,kept_aggregated,"same normalized model, parameter, type and submission date"
936,Joseph717171/Llama-3.1-SuperNova-8B-Lite_TIES_with_Base,joseph717171llama31supernova8blitetieswithbase|8.03|posttrained,936,kept_aggregated,"same normalized model, parameter, type and submission date"
937,Josephgflowers/Cinder-Phi-2-V1-F16-gguf,josephgflowerscinderphi2v1f16gguf|2.78|posttrained,937,kept_aggregated,"same normalized model, parameter, type and submission date"
938,Josephgflowers/Differential-Attention-Liquid-Metal-Tinyllama,josephgflowersdifferentialattentionliquidmetaltinyllama|1.1|posttrained,938,kept_aggregated,"same normalized model, parameter, type and submission date"
939,Josephgflowers/TinyLlama-Cinder-Agent-v1,josephgflowerstinyllamacinderagentv1|1.1|posttrained,939,kept_aggregated,"same normalized model, parameter, type and submission date"
940,Josephgflowers/TinyLlama-v1.1-Cinders-World,josephgflowerstinyllamav11cindersworld|1.1|posttrained,940,kept_aggregated,"same normalized model, parameter, type and submission date"
941,Josephgflowers/TinyLlama_v1.1_math_code-world-test-1,josephgflowerstinyllamav11mathcodeworldtest1|1.1|posttrained,941,kept_aggregated,"same normalized model, parameter, type and submission date"
942,Josephgflowers/Tinyllama-STEM-Cinder-Agent-v1,josephgflowerstinyllamastemcinderagentv1|1.1|posttrained,942,kept_aggregated,"same normalized model, parameter, type and submission date"
943,Josephgflowers/Tinyllama-r1,josephgflowerstinyllamar1|1.1|posttrained,943,kept_aggregated,"same normalized model, parameter, type and submission date"
944,JungZoona/T3Q-Qwen2.5-14B-Instruct-1M-e3,jungzoonat3qqwen2514binstruct1me3|0.0|excluded_other,944,kept_aggregated,"same normalized model, parameter, type and submission date"
945,JungZoona/T3Q-qwen2.5-14b-v1.0-e3,jungzoonat3qqwen2514bv10e3|14.77|posttrained,945,kept_aggregated,"same normalized model, parameter, type and submission date"
946,Junhoee/Qwen-Megumin,junhoeeqwenmegumin|15.231|posttrained,946,kept_aggregated,"same normalized model, parameter, type and submission date"
947,KSU-HW-SEC/Llama3-70b-SVA-FT-1415,ksuhwsecllama370bsvaft1415|70.554|posttrained,947,kept_aggregated,"same normalized model, parameter, type and submission date"
948,KSU-HW-SEC/Llama3-70b-SVA-FT-500,ksuhwsecllama370bsvaft500|70.554|posttrained,948,kept_aggregated,"same normalized model, parameter, type and submission date"
949,KSU-HW-SEC/Llama3-70b-SVA-FT-final,ksuhwsecllama370bsvaftfinal|70.554|posttrained,949,kept_aggregated,"same normalized model, parameter, type and submission date"
950,KSU-HW-SEC/Llama3.1-70b-SVA-FT-1000step,ksuhwsecllama3170bsvaft1000step|70.554|posttrained,950,kept_aggregated,"same normalized model, parameter, type and submission date"
951,Khetterman/DarkAtom-12B-v3,khettermandarkatom12bv3|12.248|merge,951,kept_aggregated,"same normalized model, parameter, type and submission date"
952,Khetterman/Kosmos-8B-v1,khettermankosmos8bv1|8.03|merge,952,kept_aggregated,"same normalized model, parameter, type and submission date"
953,Kimargin/GPT-NEO-1.3B-wiki,kimargingptneo13bwiki|1.316|posttrained,953,kept_aggregated,"same normalized model, parameter, type and submission date"
954,KingNish/Qwen2.5-0.5b-Test-ft,kingnishqwen2505btestft|0.494|posttrained,954,kept_aggregated,"same normalized model, parameter, type and submission date"
955,KingNish/Reasoning-0.5b,kingnishreasoning05b|0.494|posttrained,955,kept_aggregated,"same normalized model, parameter, type and submission date"
956,KingNish/Reasoning-Llama-3b-v0.1,kingnishreasoningllama3bv01|3.213|posttrained,956,kept_aggregated,"same normalized model, parameter, type and submission date"
957,KingNish/qwen-1b-continued,kingnishqwen1bcontinued|1.277|pretrained,957,kept_aggregated,"same normalized model, parameter, type and submission date"
958,KingNish/qwen-1b-continued-v2,kingnishqwen1bcontinuedv2|1.277|pretrained,958,kept_aggregated,"same normalized model, parameter, type and submission date"
959,KingNish/qwen-1b-continued-v2.1,kingnishqwen1bcontinuedv21|1.277|pretrained,959,kept_aggregated,"same normalized model, parameter, type and submission date"
960,KingNish/qwen-1b-continued-v2.2,kingnishqwen1bcontinuedv22|1.277|pretrained,960,kept_aggregated,"same normalized model, parameter, type and submission date"
961,Kquant03/CognitiveFusion2-4x7B-BF16,kquant03cognitivefusion24x7bbf16|24.154|merge,961,kept_aggregated,"same normalized model, parameter, type and submission date"
962,Kquant03/L3-Pneuma-8B,kquant03l3pneuma8b|8.03|posttrained,962,kept_aggregated,"same normalized model, parameter, type and submission date"
963,Krystalan/DRT-o1-14B,krystalandrto114b|14.77|posttrained,963,kept_aggregated,"same normalized model, parameter, type and submission date"
964,Krystalan/DRT-o1-7B,krystalandrto17b|7.616|merge,964,kept_aggregated,"same normalized model, parameter, type and submission date"
965,Kukedlc/NeuralExperiment-7b-MagicCoder-v7.5,kukedlcneuralexperiment7bmagiccoderv75|7.242|posttrained,965,kept_aggregated,"same normalized model, parameter, type and submission date"
966,Kukedlc/NeuralLLaMa-3-8b-DT-v0.1,kukedlcneuralllama38bdtv01|8.03|merge,966,kept_aggregated,"same normalized model, parameter, type and submission date"
967,Kukedlc/NeuralLLaMa-3-8b-ORPO-v0.3,kukedlcneuralllama38borpov03|8.03|posttrained,967,kept_aggregated,"same normalized model, parameter, type and submission date"
968,Kukedlc/NeuralSynthesis-7B-v0.1,kukedlcneuralsynthesis7bv01|7.242|merge,968,kept_aggregated,"same normalized model, parameter, type and submission date"
969,Kukedlc/NeuralSynthesis-7B-v0.3,kukedlcneuralsynthesis7bv03|7.242|merge,969,kept_aggregated,"same normalized model, parameter, type and submission date"
970,Kukedlc/NeuralSynthesis-7b-v0.4-slerp,kukedlcneuralsynthesis7bv04slerp|7.242|merge,970,kept_aggregated,"same normalized model, parameter, type and submission date"
971,Kukedlc/Qwen-2.5-7b-Spanish-o1-CoT,kukedlcqwen257bspanisho1cot|7.616|posttrained,971,kept_aggregated,"same normalized model, parameter, type and submission date"
972,Kumar955/Hemanth-llm,kumar955hemanthllm|7.242|merge,972,kept_aggregated,"same normalized model, parameter, type and submission date"
973,L-RAGE/3_PRYMMAL-ECE-7B-SLERP-V1,lrage3prymmalece7bslerpv1|1.777|merge,973,kept_aggregated,"same normalized model, parameter, type and submission date"
974,LEESM/llama-2-7b-hf-lora-oki100p,leesmllama27bhfloraoki100p|6.738|posttrained,974,kept_aggregated,"same normalized model, parameter, type and submission date"
975,LEESM/llama-2-7b-hf-lora-oki10p,leesmllama27bhfloraoki10p|6.738|posttrained,975,kept_aggregated,"same normalized model, parameter, type and submission date"
976,LEESM/llama-3-8b-bnb-4b-kowiki231101,leesmllama38bbnb4bkowiki231101|8.03|posttrained,976,kept_aggregated,"same normalized model, parameter, type and submission date"
977,LEESM/llama-3-Korean-Bllossom-8B-trexlab-oki10p,leesmllama3koreanbllossom8btrexlaboki10p|8.03|posttrained,977,kept_aggregated,"same normalized model, parameter, type and submission date"
978,LGAI-EXAONE/EXAONE-3.0-7.8B-Instruct,lgaiexaoneexaone3078binstruct|7.8|posttrained,978,kept_aggregated,"same normalized model, parameter, type and submission date"
979,LGAI-EXAONE/EXAONE-3.5-2.4B-Instruct,lgaiexaoneexaone3524binstruct|2.405|posttrained,979,kept_aggregated,"same normalized model, parameter, type and submission date"
980,LGAI-EXAONE/EXAONE-3.5-32B-Instruct,lgaiexaoneexaone3532binstruct|32.003|posttrained,980,kept_aggregated,"same normalized model, parameter, type and submission date"
981,LGAI-EXAONE/EXAONE-3.5-7.8B-Instruct,lgaiexaoneexaone3578binstruct|7.818|posttrained,981,kept_aggregated,"same normalized model, parameter, type and submission date"
982,LLM360/K2,llm360k2|65.286|pretrained,982,kept_aggregated,"same normalized model, parameter, type and submission date"
983,LLM360/K2-Chat,llm360k2chat|65.286|posttrained,983,kept_aggregated,"same normalized model, parameter, type and submission date"
984,LLM4Binary/llm4decompile-1.3b-v2,llm4binaryllm4decompile13bv2|1.346|posttrained,984,kept_aggregated,"same normalized model, parameter, type and submission date"
985,Lambent/qwen2.5-reinstruct-alternate-lumen-14B,lambentqwen25reinstructalternatelumen14b|14.766|merge,985,kept_aggregated,"same normalized model, parameter, type and submission date"
986,Langboat/Mengzi3-8B-Chat,langboatmengzi38bchat|8.03|posttrained,986,kept_aggregated,"same normalized model, parameter, type and submission date"
987,Lawnakk/BBA100,lawnakkbba100|7.616|merge,987,kept_aggregated,"same normalized model, parameter, type and submission date"
988,Lawnakk/BBALAW1,lawnakkbbalaw1|7.616|merge,988,kept_aggregated,"same normalized model, parameter, type and submission date"
989,Lawnakk/BBALAW1.0,lawnakkbbalaw10|4.353|merge,989,kept_aggregated,"same normalized model, parameter, type and submission date"
990,Lawnakk/BBALAW1.2,lawnakkbbalaw12|4.353|merge,990,kept_aggregated,"same normalized model, parameter, type and submission date"
991,Lawnakk/BBALAW1.3,lawnakkbbalaw13|4.353|merge,991,kept_aggregated,"same normalized model, parameter, type and submission date"
992,Lawnakk/BBALAW1.6,lawnakkbbalaw16|7.616|merge,992,kept_aggregated,"same normalized model, parameter, type and submission date"
993,Lawnakk/BBALAW1.61,lawnakkbbalaw161|7.616|merge,993,kept_aggregated,"same normalized model, parameter, type and submission date"
994,Lawnakk/BBALAW1.62,lawnakkbbalaw162|7.616|merge,994,kept_aggregated,"same normalized model, parameter, type and submission date"
995,Lawnakk/BBALAW1.63,lawnakkbbalaw163|7.613|merge,995,kept_aggregated,"same normalized model, parameter, type and submission date"
996,Lawnakk/BBALAW1.64,lawnakkbbalaw164|7.616|merge,996,kept_aggregated,"same normalized model, parameter, type and submission date"
997,LenguajeNaturalAI/leniachat-gemma-2b-v0,lenguajenaturalaileniachatgemma2bv0|2.506|posttrained,997,kept_aggregated,"same normalized model, parameter, type and submission date"
998,LenguajeNaturalAI/leniachat-qwen2-1.5B-v0,lenguajenaturalaileniachatqwen215bv0|1.543|posttrained,998,kept_aggregated,"same normalized model, parameter, type and submission date"
999,LeroyDyer/CheckPoint_A,leroydyercheckpointa|7.242|posttrained,999,kept_aggregated,"same normalized model, parameter, type and submission date"
1000,LeroyDyer/CheckPoint_B,leroydyercheckpointb|7.242|posttrained,1000,kept_aggregated,"same normalized model, parameter, type and submission date"
1001,LeroyDyer/CheckPoint_C,leroydyercheckpointc|7.242|posttrained,1001,kept_aggregated,"same normalized model, parameter, type and submission date"
1002,LeroyDyer/CheckPoint_R1,leroydyercheckpointr1|7.242|posttrained,1002,kept_aggregated,"same normalized model, parameter, type and submission date"
1003,LeroyDyer/LCARS_AI_001,leroydyerlcarsai001|7.242|posttrained,1003,kept_aggregated,"same normalized model, parameter, type and submission date"
1004,LeroyDyer/LCARS_AI_1x4_003_SuperAI,leroydyerlcarsai1x4003superai|24.154|posttrained,1004,kept_aggregated,"same normalized model, parameter, type and submission date"
1005,LeroyDyer/LCARS_AI_StarTrek_Computer,leroydyerlcarsaistartrekcomputer|7.242|posttrained,1005,kept_aggregated,"same normalized model, parameter, type and submission date"
1006,LeroyDyer/LCARS_TOP_SCORE,leroydyerlcarstopscore|7.242|posttrained,1006,kept_aggregated,"same normalized model, parameter, type and submission date"
1007,LeroyDyer/Mixtral_AI_SwahiliTron_7b,leroydyermixtralaiswahilitron7b|7.242|posttrained,1007,kept_aggregated,"same normalized model, parameter, type and submission date"
1008,LeroyDyer/SpydazWebAI_Human_AGI,leroydyerspydazwebaihumanagi|7.242|merge,1008,kept_aggregated,"same normalized model, parameter, type and submission date"
1009,LeroyDyer/SpydazWebAI_Human_AGI_001,leroydyerspydazwebaihumanagi001|7.242|posttrained,1009,kept_aggregated,"same normalized model, parameter, type and submission date"
1010,LeroyDyer/SpydazWeb_AI_CyberTron_Ultra_7b,leroydyerspydazwebaicybertronultra7b|7.242|posttrained,1010,kept_aggregated,"same normalized model, parameter, type and submission date"
1011,LeroyDyer/SpydazWeb_AI_HumanAGI_001_M2,leroydyerspydazwebaihumanagi001m2|7.242|merge,1011,kept_aggregated,"same normalized model, parameter, type and submission date"
1012,LeroyDyer/SpydazWeb_AI_HumanAGI_002,leroydyerspydazwebaihumanagi002|7.242|posttrained,1012,kept_aggregated,"same normalized model, parameter, type and submission date"
1013,LeroyDyer/SpydazWeb_AI_HumanAI_001,leroydyerspydazwebaihumanai001|7.242|posttrained,1013,kept_aggregated,"same normalized model, parameter, type and submission date"
1014,LeroyDyer/SpydazWeb_AI_HumanAI_006,leroydyerspydazwebaihumanai006|7.242|posttrained,1014,kept_aggregated,"same normalized model, parameter, type and submission date"
1015,LeroyDyer/SpydazWeb_AI_HumanAI_007,leroydyerspydazwebaihumanai007|7.242|posttrained,1015,kept_aggregated,"same normalized model, parameter, type and submission date"
1016,LeroyDyer/SpydazWeb_AI_HumanAI_009_CHAT,leroydyerspydazwebaihumanai009chat|7.242|posttrained,1016,kept_aggregated,"same normalized model, parameter, type and submission date"
1017,LeroyDyer/SpydazWeb_AI_HumanAI_010_CHAT,leroydyerspydazwebaihumanai010chat|7.242|posttrained,1017,kept_aggregated,"same normalized model, parameter, type and submission date"
1018,LeroyDyer/SpydazWeb_AI_HumanAI_011_INSTRUCT,leroydyerspydazwebaihumanai011instruct|7.242|posttrained,1018,kept_aggregated,"same normalized model, parameter, type and submission date"
1019,LeroyDyer/SpydazWeb_AI_HumanAI_011_INSTRUCT_ML,leroydyerspydazwebaihumanai011instructml|7.242|merge,1019,kept_aggregated,"same normalized model, parameter, type and submission date"
1020,LeroyDyer/SpydazWeb_AI_HumanAI_011_INSTRUCT_ML_r1,leroydyerspydazwebaihumanai011instructmlr1|7.242|merge,1020,kept_aggregated,"same normalized model, parameter, type and submission date"
1021,LeroyDyer/SpydazWeb_AI_HumanAI_012_INSTRUCT_IA,leroydyerspydazwebaihumanai012instructia|7.242|posttrained,1022,replaced_same_version_date,"same normalized model, parameter, type and submission date"
1022,LeroyDyer/SpydazWeb_AI_HumanAI_012_INSTRUCT_IA,leroydyerspydazwebaihumanai012instructia|7.242|posttrained,1022,kept_aggregated,"same normalized model, parameter, type and submission date"
1023,LeroyDyer/SpydazWeb_AI_HumanAI_012_INSTRUCT_MX,leroydyerspydazwebaihumanai012instructmx|7.242|merge,1023,kept_aggregated,"same normalized model, parameter, type and submission date"
1024,LeroyDyer/SpydazWeb_AI_HumanAI_012_INSTRUCT_XA,leroydyerspydazwebaihumanai012instructxa|7.242|posttrained,1025,replaced_same_version_date,"same normalized model, parameter, type and submission date"
1025,LeroyDyer/SpydazWeb_AI_HumanAI_012_INSTRUCT_XA,leroydyerspydazwebaihumanai012instructxa|7.242|posttrained,1025,kept_aggregated,"same normalized model, parameter, type and submission date"
1026,LeroyDyer/SpydazWeb_AI_HumanAI_RP,leroydyerspydazwebaihumanairp|7.242|posttrained,1026,kept_aggregated,"same normalized model, parameter, type and submission date"
1027,LeroyDyer/SpydazWeb_AI_HumanAI_TextVision,leroydyerspydazwebaihumanaitextvision|7.242|posttrained,1027,kept_aggregated,"same normalized model, parameter, type and submission date"
1028,LeroyDyer/SpydazWeb_HumanAI_M1,leroydyerspydazwebhumanaim1|7.242|merge,1028,kept_aggregated,"same normalized model, parameter, type and submission date"
1029,LeroyDyer/SpydazWeb_HumanAI_M2,leroydyerspydazwebhumanaim2|7.242|merge,1029,kept_aggregated,"same normalized model, parameter, type and submission date"
1030,LeroyDyer/SpydazWeb_HumanAI_M3,leroydyerspydazwebhumanaim3|7.242|merge,1030,kept_aggregated,"same normalized model, parameter, type and submission date"
1031,LeroyDyer/_Spydaz_Web_AI_12,leroydyerspydazwebai12|7.242|posttrained,1031,kept_aggregated,"same normalized model, parameter, type and submission date"
1032,LeroyDyer/_Spydaz_Web_AI_14,leroydyerspydazwebai14|7.242|posttrained,1032,kept_aggregated,"same normalized model, parameter, type and submission date"
1033,LeroyDyer/_Spydaz_Web_AI_AGI_R1_001,leroydyerspydazwebaiagir1001|7.242|posttrained,1033,kept_aggregated,"same normalized model, parameter, type and submission date"
1034,LeroyDyer/_Spydaz_Web_AI_AGI_R1_002,leroydyerspydazwebaiagir1002|7.242|posttrained,1034,kept_aggregated,"same normalized model, parameter, type and submission date"
1035,LeroyDyer/_Spydaz_Web_AI_AGI_R1_MUSR,leroydyerspydazwebaiagir1musr|7.242|posttrained,1035,kept_aggregated,"same normalized model, parameter, type and submission date"
1036,LeroyDyer/_Spydaz_Web_AI_AGI_R1_MasterCoder,leroydyerspydazwebaiagir1mastercoder|7.242|posttrained,1036,kept_aggregated,"same normalized model, parameter, type and submission date"
1037,LeroyDyer/_Spydaz_Web_AI_AGI_R1_Math_001,leroydyerspydazwebaiagir1math001|7.242|posttrained,1037,kept_aggregated,"same normalized model, parameter, type and submission date"
1038,LeroyDyer/_Spydaz_Web_AI_AGI_R1_Math_003,leroydyerspydazwebaiagir1math003|7.242|posttrained,1038,kept_aggregated,"same normalized model, parameter, type and submission date"
1039,LeroyDyer/_Spydaz_Web_AI_AGI_R1_Math_AdvancedStudent,leroydyerspydazwebaiagir1mathadvancedstudent|7.242|posttrained,1039,kept_aggregated,"same normalized model, parameter, type and submission date"
1040,LeroyDyer/_Spydaz_Web_AI_AGI_R1_Math_Student,leroydyerspydazwebaiagir1mathstudent|7.242|posttrained,1040,kept_aggregated,"same normalized model, parameter, type and submission date"
1041,LeroyDyer/_Spydaz_Web_AI_AGI_R1_Math_Teacher,leroydyerspydazwebaiagir1mathteacher|7.242|posttrained,1041,kept_aggregated,"same normalized model, parameter, type and submission date"
1042,LeroyDyer/_Spydaz_Web_AI_AGI_R1_OmG_001,leroydyerspydazwebaiagir1omg001|7.242|posttrained,1042,kept_aggregated,"same normalized model, parameter, type and submission date"
1043,LeroyDyer/_Spydaz_Web_AI_AGI_R1_OmG_002,leroydyerspydazwebaiagir1omg002|7.242|posttrained,1043,kept_aggregated,"same normalized model, parameter, type and submission date"
1044,LeroyDyer/_Spydaz_Web_AI_AGI_R1_OmG_Coder,leroydyerspydazwebaiagir1omgcoder|7.242|posttrained,1044,kept_aggregated,"same normalized model, parameter, type and submission date"
1045,LeroyDyer/_Spydaz_Web_AI_AGI_R1_OmG_Math,leroydyerspydazwebaiagir1omgmath|7.242|posttrained,1045,kept_aggregated,"same normalized model, parameter, type and submission date"
1046,LeroyDyer/_Spydaz_Web_AI_AGI_R1_OmG_MathMaster,leroydyerspydazwebaiagir1omgmathmaster|7.242|posttrained,1046,kept_aggregated,"same normalized model, parameter, type and submission date"
1047,LeroyDyer/_Spydaz_Web_AI_AGI_R1_Student_Coder,leroydyerspydazwebaiagir1studentcoder|7.242|posttrained,1047,kept_aggregated,"same normalized model, parameter, type and submission date"
1048,LeroyDyer/_Spydaz_Web_AI_AGI_R1_Teacher_Coder,leroydyerspydazwebaiagir1teachercoder|7.242|posttrained,1048,kept_aggregated,"same normalized model, parameter, type and submission date"
1049,LeroyDyer/_Spydaz_Web_AI_AGI_R1_Top_Student,leroydyerspydazwebaiagir1topstudent|7.242|merge,1049,kept_aggregated,"same normalized model, parameter, type and submission date"
1050,LeroyDyer/_Spydaz_Web_AI_AGI_R1_X1,leroydyerspydazwebaiagir1x1|7.242|merge,1050,kept_aggregated,"same normalized model, parameter, type and submission date"
1051,LeroyDyer/_Spydaz_Web_AI_AGI_R1_X2,leroydyerspydazwebaiagir1x2|7.242|merge,1051,kept_aggregated,"same normalized model, parameter, type and submission date"
1052,LeroyDyer/_Spydaz_Web_AI_AGI_RP_R1,leroydyerspydazwebaiagirpr1|7.242|posttrained,1052,kept_aggregated,"same normalized model, parameter, type and submission date"
1053,LeroyDyer/_Spydaz_Web_AI_BIBLE_002,leroydyerspydazwebaibible002|7.242|posttrained,1053,kept_aggregated,"same normalized model, parameter, type and submission date"
1054,LeroyDyer/_Spydaz_Web_AI_ChatML_002,leroydyerspydazwebaichatml002|7.242|posttrained,1054,kept_aggregated,"same normalized model, parameter, type and submission date"
1055,LeroyDyer/_Spydaz_Web_AI_ChatQA,leroydyerspydazwebaichatqa|7.242|posttrained,1055,kept_aggregated,"same normalized model, parameter, type and submission date"
1056,LeroyDyer/_Spydaz_Web_AI_ChatQA_003,leroydyerspydazwebaichatqa003|7.242|posttrained,1056,kept_aggregated,"same normalized model, parameter, type and submission date"
1057,LeroyDyer/_Spydaz_Web_AI_TEMP_,leroydyerspydazwebaitemp|7.242|merge,1057,kept_aggregated,"same normalized model, parameter, type and submission date"
1058,LeroyDyer/_Spydaz_Web_AI_Top_Teacher_,leroydyerspydazwebaitopteacher|7.242|merge,1058,kept_aggregated,"same normalized model, parameter, type and submission date"
1059,LightningRodLabs/Flashlight-v1.0,lightningrodlabsflashlightv10|14.66|posttrained,1059,kept_aggregated,"same normalized model, parameter, type and submission date"
1060,LightningRodLabs/Flashlight-v1.1,lightningrodlabsflashlightv11|14.66|posttrained,1060,kept_aggregated,"same normalized model, parameter, type and submission date"
1061,LightningRodLabs/Flashlight-v1.2,lightningrodlabsflashlightv12|14.766|posttrained,1061,kept_aggregated,"same normalized model, parameter, type and submission date"
1062,Lil-R/2_PRYMMAL-ECE-2B-SLERP-V1,lilr2prymmalece2bslerpv1|2.614|merge,1062,kept_aggregated,"same normalized model, parameter, type and submission date"
1063,Lil-R/2_PRYMMAL-ECE-2B-SLERP-V2,lilr2prymmalece2bslerpv2|2.614|merge,1063,kept_aggregated,"same normalized model, parameter, type and submission date"
1064,Lil-R/2_PRYMMAL-ECE-7B-SLERP,lilr2prymmalece7bslerp|7.616|merge,1064,kept_aggregated,"same normalized model, parameter, type and submission date"
1065,Lil-R/2_PRYMMAL-ECE-7B-SLERP-V1,lilr2prymmalece7bslerpv1|7.616|merge,1065,kept_aggregated,"same normalized model, parameter, type and submission date"
1066,Lil-R/2_PRYMMAL-ECE-7B-SLERP-V2,lilr2prymmalece7bslerpv2|7.616|merge,1066,kept_aggregated,"same normalized model, parameter, type and submission date"
1067,Lil-R/2_PRYMMAL-ECE-7B-SLERP-V3,lilr2prymmalece7bslerpv3|7.616|merge,1067,kept_aggregated,"same normalized model, parameter, type and submission date"
1068,Lil-R/PRYMMAL-ECE-1B-SLERP-V1,lilrprymmalece1bslerpv1|1.777|merge,1068,kept_aggregated,"same normalized model, parameter, type and submission date"
1069,Lil-R/PRYMMAL-ECE-7B-SLERP-V8,lilrprymmalece7bslerpv8|7.616|merge,1069,kept_aggregated,"same normalized model, parameter, type and submission date"
1070,LilRg/10PRYMMAL-3B-slerp,lilrg10prymmal3bslerp|3.821|merge,1070,kept_aggregated,"same normalized model, parameter, type and submission date"
1071,LilRg/ECE-1B-merge-PRYMMAL,lilrgece1bmergeprymmal|1.777|merge,1071,kept_aggregated,"same normalized model, parameter, type and submission date"
1072,LilRg/ECE_Finetunning,lilrgecefinetunning|16.061|posttrained,1072,kept_aggregated,"same normalized model, parameter, type and submission date"
1073,LilRg/PRYMMAL-6B-slerp,lilrgprymmal6bslerp|3.293|merge,1073,kept_aggregated,"same normalized model, parameter, type and submission date"
1074,LilRg/PRYMMAL-ECE-7B-SLERP-V3,lilrgprymmalece7bslerpv3|7.616|merge,1074,kept_aggregated,"same normalized model, parameter, type and submission date"
1075,LilRg/PRYMMAL-ECE-7B-SLERP-V4,lilrgprymmalece7bslerpv4|7.616|merge,1075,kept_aggregated,"same normalized model, parameter, type and submission date"
1076,LilRg/PRYMMAL-ECE-7B-SLERP-V5,lilrgprymmalece7bslerpv5|7.616|merge,1076,kept_aggregated,"same normalized model, parameter, type and submission date"
1077,LilRg/PRYMMAL-ECE-7B-SLERP-V6,lilrgprymmalece7bslerpv6|7.616|merge,1077,kept_aggregated,"same normalized model, parameter, type and submission date"
1078,LilRg/PRYMMAL-ECE-7B-SLERP-V7,lilrgprymmalece7bslerpv7|7.616|merge,1078,kept_aggregated,"same normalized model, parameter, type and submission date"
1079,LilRg/PRYMMAL-slerp-Merge,lilrgprymmalslerpmerge|3.821|merge,1079,kept_aggregated,"same normalized model, parameter, type and submission date"
1080,LimYeri/CodeMind-Llama3-8B-unsloth_v2-merged,limyericodemindllama38bunslothv2merged|8.03|posttrained,1080,kept_aggregated,"same normalized model, parameter, type and submission date"
1081,LimYeri/CodeMind-Llama3-8B-unsloth_v3-merged,limyericodemindllama38bunslothv3merged|8.03|posttrained,1081,kept_aggregated,"same normalized model, parameter, type and submission date"
1082,LimYeri/CodeMind-Llama3-8B-unsloth_v4-one-DPO-merged,limyericodemindllama38bunslothv4onedpomerged|8.03|posttrained,1082,kept_aggregated,"same normalized model, parameter, type and submission date"
1083,LimYeri/CodeMind-Llama3-8B-unsloth_v4-one-merged,limyericodemindllama38bunslothv4onemerged|8.03|posttrained,1083,kept_aggregated,"same normalized model, parameter, type and submission date"
1084,LimYeri/CodeMind-Llama3.1-8B-unsloth-merged,limyericodemindllama318bunslothmerged|8.03|posttrained,1084,kept_aggregated,"same normalized model, parameter, type and submission date"
1085,Locutusque/CollectiveLM-Falcon-3-7B,locutusquecollectivelmfalcon37b|7.456|posttrained,1085,kept_aggregated,"same normalized model, parameter, type and submission date"
1086,Locutusque/Hercules-6.0-Llama-3.1-8B,locutusquehercules60llama318b|8.03|posttrained,1086,kept_aggregated,"same normalized model, parameter, type and submission date"
1087,Locutusque/Hercules-6.1-Llama-3.1-8B,locutusquehercules61llama318b|8.03|posttrained,1087,kept_aggregated,"same normalized model, parameter, type and submission date"
1088,Locutusque/Llama-3-NeuralHercules-5.0-8B,locutusquellama3neuralhercules508b|8.03|posttrained,1088,kept_aggregated,"same normalized model, parameter, type and submission date"
1089,Locutusque/Llama-3-Yggdrasil-2.0-8B,locutusquellama3yggdrasil208b|8.03|merge,1089,kept_aggregated,"same normalized model, parameter, type and submission date"
1090,Locutusque/TinyMistral-248M-v2.5,locutusquetinymistral248mv25|0.248|pretrained,1090,kept_aggregated,"same normalized model, parameter, type and submission date"
1091,Luni/StarDust-12b-v1,lunistardust12bv1|12.248|merge,1091,kept_aggregated,"same normalized model, parameter, type and submission date"
1092,Luni/StarDust-12b-v2,lunistardust12bv2|12.248|merge,1092,kept_aggregated,"same normalized model, parameter, type and submission date"
1093,Lunzima/NQLSG-Qwen2.5-14B-MegaFusion-v3,lunzimanqlsgqwen2514bmegafusionv3|14.766|merge,1093,kept_aggregated,"same normalized model, parameter, type and submission date"
1094,Lunzima/NQLSG-Qwen2.5-14B-MegaFusion-v4,lunzimanqlsgqwen2514bmegafusionv4|14.766|posttrained,1094,kept_aggregated,"same normalized model, parameter, type and submission date"
1095,Lunzima/NQLSG-Qwen2.5-14B-MegaFusion-v5,lunzimanqlsgqwen2514bmegafusionv5|14.766|posttrained,1095,kept_aggregated,"same normalized model, parameter, type and submission date"
1096,Lunzima/NQLSG-Qwen2.5-14B-MegaFusion-v6,lunzimanqlsgqwen2514bmegafusionv6|14.766|posttrained,1096,kept_aggregated,"same normalized model, parameter, type and submission date"
1097,Lunzima/NQLSG-Qwen2.5-14B-MegaFusion-v6-cpt,lunzimanqlsgqwen2514bmegafusionv6cpt|14.766|posttrained,1097,kept_aggregated,"same normalized model, parameter, type and submission date"
1098,Lunzima/NQLSG-Qwen2.5-14B-MegaFusion-v7,lunzimanqlsgqwen2514bmegafusionv7|14.766|merge,1098,kept_aggregated,"same normalized model, parameter, type and submission date"
1099,Lunzima/NQLSG-Qwen2.5-14B-MegaFusion-v7-rebase,lunzimanqlsgqwen2514bmegafusionv7rebase|14.766|merge,1099,kept_aggregated,"same normalized model, parameter, type and submission date"
1100,Lunzima/NQLSG-Qwen2.5-14B-MegaFusion-v8,lunzimanqlsgqwen2514bmegafusionv8|14.766|merge,1100,kept_aggregated,"same normalized model, parameter, type and submission date"
1101,Lunzima/NQLSG-Qwen2.5-14B-MegaFusion-v8.5,lunzimanqlsgqwen2514bmegafusionv85|14.766|merge,1101,kept_aggregated,"same normalized model, parameter, type and submission date"
1102,Lunzima/NQLSG-Qwen2.5-14B-MegaFusion-v8.6,lunzimanqlsgqwen2514bmegafusionv86|14.766|merge,1102,kept_aggregated,"same normalized model, parameter, type and submission date"
1103,Lunzima/NQLSG-Qwen2.5-14B-MegaFusion-v8.7,lunzimanqlsgqwen2514bmegafusionv87|14.766|merge,1103,kept_aggregated,"same normalized model, parameter, type and submission date"
1104,Lunzima/NQLSG-Qwen2.5-14B-MegaFusion-v8.8,lunzimanqlsgqwen2514bmegafusionv88|14.766|merge,1104,kept_aggregated,"same normalized model, parameter, type and submission date"
1105,Lunzima/NQLSG-Qwen2.5-14B-MegaFusion-v8.9,lunzimanqlsgqwen2514bmegafusionv89|14.766|merge,1105,kept_aggregated,"same normalized model, parameter, type and submission date"
1106,Lunzima/NQLSG-Qwen2.5-14B-MegaFusion-v9,lunzimanqlsgqwen2514bmegafusionv9|14.766|merge,1106,kept_aggregated,"same normalized model, parameter, type and submission date"
1107,Lunzima/NQLSG-Qwen2.5-14B-MegaFusion-v9-stock,lunzimanqlsgqwen2514bmegafusionv9stock|14.766|merge,1107,kept_aggregated,"same normalized model, parameter, type and submission date"
1108,Lunzima/NQLSG-Qwen2.5-14B-MegaFusion-v9.1,lunzimanqlsgqwen2514bmegafusionv91|14.766|merge,1108,kept_aggregated,"same normalized model, parameter, type and submission date"
1109,Lunzima/NQLSG-Qwen2.5-14B-MegaFusion-v9.2,lunzimanqlsgqwen2514bmegafusionv92|14.766|merge,1109,kept_aggregated,"same normalized model, parameter, type and submission date"
1110,Lunzima/NQLSG-Qwen2.5-14B-OriginalFusion,lunzimanqlsgqwen2514boriginalfusion|14.766|merge,1110,kept_aggregated,"same normalized model, parameter, type and submission date"
1111,Lyte/Llama-3.1-8B-Instruct-Reasoner-1o1_v0.3,lytellama318binstructreasoner1o1v03|8.0|posttrained,1111,kept_aggregated,"same normalized model, parameter, type and submission date"
1112,Lyte/Llama-3.2-1B-Instruct-COT-RL-Expriement1-EP04,lytellama321binstructcotrlexpriement1ep04|1.236|posttrained,1112,kept_aggregated,"same normalized model, parameter, type and submission date"
1113,Lyte/Llama-3.2-3B-Overthinker,lytellama323boverthinker|3.213|posttrained,1113,kept_aggregated,"same normalized model, parameter, type and submission date"
1114,M4-ai/TinyMistral-248M-v3,m4aitinymistral248mv3|0.248|pretrained,1114,kept_aggregated,"same normalized model, parameter, type and submission date"
1115,MEscriva/ECE-PRYMMAL-0.5B-FT-V5-MUSR-Mathis,mescrivaeceprymmal05bftv5musrmathis|0.63|posttrained,1115,kept_aggregated,"same normalized model, parameter, type and submission date"
1116,MLP-KTLim/llama-3-Korean-Bllossom-8B,mlpktlimllama3koreanbllossom8b|8.03|posttrained,1116,kept_aggregated,"same normalized model, parameter, type and submission date"
1117,MTSAIR/Cotype-Nano,mtsaircotypenano|1.544|posttrained,1117,kept_aggregated,"same normalized model, parameter, type and submission date"
1118,MTSAIR/MultiVerse_70B,mtsairmultiverse70b|72.289|posttrained,1118,kept_aggregated,"same normalized model, parameter, type and submission date"
1119,Magpie-Align/Llama-3-8B-Magpie-Align-SFT-v0.1,magpiealignllama38bmagpiealignsftv01|8.03|posttrained,1119,kept_aggregated,"same normalized model, parameter, type and submission date"
1120,Magpie-Align/Llama-3-8B-Magpie-Align-SFT-v0.3,magpiealignllama38bmagpiealignsftv03|8.03|posttrained,1120,kept_aggregated,"same normalized model, parameter, type and submission date"
1121,Magpie-Align/Llama-3-8B-Magpie-Align-v0.1,magpiealignllama38bmagpiealignv01|8.03|posttrained,1122,replaced_same_version_date,"same normalized model, parameter, type and submission date"
1122,Magpie-Align/Llama-3-8B-Magpie-Align-v0.1,magpiealignllama38bmagpiealignv01|8.03|posttrained,1122,kept_aggregated,"same normalized model, parameter, type and submission date"
1123,Magpie-Align/Llama-3-8B-Magpie-Align-v0.3,magpiealignllama38bmagpiealignv03|8.03|posttrained,1123,kept_aggregated,"same normalized model, parameter, type and submission date"
1124,Magpie-Align/Llama-3.1-8B-Magpie-Align-SFT-v0.1,magpiealignllama318bmagpiealignsftv01|8.03|posttrained,1124,kept_aggregated,"same normalized model, parameter, type and submission date"
1125,Magpie-Align/Llama-3.1-8B-Magpie-Align-v0.1,magpiealignllama318bmagpiealignv01|8.03|posttrained,1125,kept_aggregated,"same normalized model, parameter, type and submission date"
1126,Magpie-Align/MagpieLM-8B-Chat-v0.1,magpiealignmagpielm8bchatv01|8.03|posttrained,1126,kept_aggregated,"same normalized model, parameter, type and submission date"
1127,Magpie-Align/MagpieLM-8B-SFT-v0.1,magpiealignmagpielm8bsftv01|8.03|posttrained,1127,kept_aggregated,"same normalized model, parameter, type and submission date"
1128,MagusCorp/grpo_lora_enem_llama3_7b,maguscorpgrpoloraenemllama37b|8.03|merge,1128,kept_aggregated,"same normalized model, parameter, type and submission date"
1129,ManoloPueblo/ContentCuisine_1-7B-slerp,manolopueblocontentcuisine17bslerp|7.242|merge,1129,kept_aggregated,"same normalized model, parameter, type and submission date"
1130,ManoloPueblo/LLM_MERGE_CC2,manolopueblollmmergecc2|7.242|merge,1130,kept_aggregated,"same normalized model, parameter, type and submission date"
1131,ManoloPueblo/LLM_MERGE_CC3,manolopueblollmmergecc3|7.242|merge,1131,kept_aggregated,"same normalized model, parameter, type and submission date"
1132,MarinaraSpaghetti/NemoReRemix-12B,marinaraspaghettinemoreremix12b|12.248|merge,1132,kept_aggregated,"same normalized model, parameter, type and submission date"
1133,MarinaraSpaghetti/Nemomix-v4.0-12B,marinaraspaghettinemomixv4012b|12.248|merge,1133,kept_aggregated,"same normalized model, parameter, type and submission date"
1134,Marsouuu/MiniMathExpert-2_61B-ECE-PRYMMAL-Martial,marsouuuminimathexpert261beceprymmalmartial|2.614|merge,1134,kept_aggregated,"same normalized model, parameter, type and submission date"
1135,Marsouuu/MiniQwenMathExpert-ECE-PRYMMAL-Martial,marsouuuminiqwenmathexperteceprymmalmartial|1.777|merge,1135,kept_aggregated,"same normalized model, parameter, type and submission date"
1136,Marsouuu/MistralBase-4x7B-MoE-ECE-PRYMMAL-Martial,marsouuumistralbase4x7bmoeeceprymmalmartial|24.16|merge,1136,kept_aggregated,"same normalized model, parameter, type and submission date"
1137,Marsouuu/general3B-ECE-PRYMMAL-Martial,marsouuugeneral3beceprymmalmartial|3.821|merge,1137,kept_aggregated,"same normalized model, parameter, type and submission date"
1138,Marsouuu/general3Bv2-ECE-PRYMMAL-Martial,marsouuugeneral3bv2eceprymmalmartial|7.616|posttrained,1138,kept_aggregated,"same normalized model, parameter, type and submission date"
1139,Marsouuu/lareneg1_78B-ECE-PRYMMAL-Martial,marsouuulareneg178beceprymmalmartial|1.777|merge,1139,kept_aggregated,"same normalized model, parameter, type and submission date"
1140,Marsouuu/lareneg3B-ECE-PRYMMAL-Martial,marsouuulareneg3beceprymmalmartial|3.821|merge,1140,kept_aggregated,"same normalized model, parameter, type and submission date"
1141,Marsouuu/lareneg3Bv2-ECE-PRYMMAL-Martial,marsouuulareneg3bv2eceprymmalmartial|7.616|merge,1141,kept_aggregated,"same normalized model, parameter, type and submission date"
1142,MaziyarPanahi/Calme-4x7B-MoE-v0.1,maziyarpanahicalme4x7bmoev01|24.154|merge,1142,kept_aggregated,"same normalized model, parameter, type and submission date"
1143,MaziyarPanahi/Calme-4x7B-MoE-v0.2,maziyarpanahicalme4x7bmoev02|24.154|merge,1143,kept_aggregated,"same normalized model, parameter, type and submission date"
1144,MaziyarPanahi/Llama-3-70B-Instruct-v0.1,maziyarpanahillama370binstructv01|70.554|posttrained,1144,kept_aggregated,"same normalized model, parameter, type and submission date"
1145,MaziyarPanahi/Llama-3-8B-Instruct-v0.10,maziyarpanahillama38binstructv010|8.03|posttrained,1145,kept_aggregated,"same normalized model, parameter, type and submission date"
1146,MaziyarPanahi/Llama-3-8B-Instruct-v0.8,maziyarpanahillama38binstructv08|8.03|posttrained,1146,kept_aggregated,"same normalized model, parameter, type and submission date"
1147,MaziyarPanahi/Llama-3-8B-Instruct-v0.9,maziyarpanahillama38binstructv09|8.03|posttrained,1147,kept_aggregated,"same normalized model, parameter, type and submission date"
1148,MaziyarPanahi/Qwen1.5-MoE-A2.7B-Wikihow,maziyarpanahiqwen15moea27bwikihow|14.316|posttrained,1148,kept_aggregated,"same normalized model, parameter, type and submission date"
1149,MaziyarPanahi/Qwen2-7B-Instruct-v0.1,maziyarpanahiqwen27binstructv01|7.616|posttrained,1149,kept_aggregated,"same normalized model, parameter, type and submission date"
1150,MaziyarPanahi/Qwen2-7B-Instruct-v0.8,maziyarpanahiqwen27binstructv08|7.616|posttrained,1150,kept_aggregated,"same normalized model, parameter, type and submission date"
1151,MaziyarPanahi/calme-2.1-llama3.1-70b,maziyarpanahicalme21llama3170b|70.554|posttrained,1151,kept_aggregated,"same normalized model, parameter, type and submission date"
1152,MaziyarPanahi/calme-2.1-phi3-4b,maziyarpanahicalme21phi34b|3.821|posttrained,1152,kept_aggregated,"same normalized model, parameter, type and submission date"
1153,MaziyarPanahi/calme-2.1-phi3.5-4b,maziyarpanahicalme21phi354b|3.821|posttrained,1153,kept_aggregated,"same normalized model, parameter, type and submission date"
1154,MaziyarPanahi/calme-2.1-qwen2-72b,maziyarpanahicalme21qwen272b|72.699|posttrained,1154,kept_aggregated,"same normalized model, parameter, type and submission date"
1155,MaziyarPanahi/calme-2.1-qwen2-7b,maziyarpanahicalme21qwen27b|7.616|posttrained,1155,kept_aggregated,"same normalized model, parameter, type and submission date"
1156,MaziyarPanahi/calme-2.1-qwen2.5-72b,maziyarpanahicalme21qwen2572b|72.7|posttrained,1156,kept_aggregated,"same normalized model, parameter, type and submission date"
1157,MaziyarPanahi/calme-2.1-rys-78b,maziyarpanahicalme21rys78b|77.965|posttrained,1157,kept_aggregated,"same normalized model, parameter, type and submission date"
1158,MaziyarPanahi/calme-2.2-llama3-70b,maziyarpanahicalme22llama370b|70.554|posttrained,1158,kept_aggregated,"same normalized model, parameter, type and submission date"
1159,MaziyarPanahi/calme-2.2-llama3.1-70b,maziyarpanahicalme22llama3170b|70.554|posttrained,1159,kept_aggregated,"same normalized model, parameter, type and submission date"
1160,MaziyarPanahi/calme-2.2-phi3-4b,maziyarpanahicalme22phi34b|3.821|posttrained,1160,kept_aggregated,"same normalized model, parameter, type and submission date"
1161,MaziyarPanahi/calme-2.2-qwen2-72b,maziyarpanahicalme22qwen272b|72.706|posttrained,1161,kept_aggregated,"same normalized model, parameter, type and submission date"
1162,MaziyarPanahi/calme-2.2-qwen2-7b,maziyarpanahicalme22qwen27b|7.616|posttrained,1162,kept_aggregated,"same normalized model, parameter, type and submission date"
1163,MaziyarPanahi/calme-2.2-qwen2.5-72b,maziyarpanahicalme22qwen2572b|72.7|posttrained,1163,kept_aggregated,"same normalized model, parameter, type and submission date"
1164,MaziyarPanahi/calme-2.2-rys-78b,maziyarpanahicalme22rys78b|77.965|posttrained,1164,kept_aggregated,"same normalized model, parameter, type and submission date"
1165,MaziyarPanahi/calme-2.3-llama3-70b,maziyarpanahicalme23llama370b|70.554|posttrained,1165,kept_aggregated,"same normalized model, parameter, type and submission date"
1166,MaziyarPanahi/calme-2.3-llama3.1-70b,maziyarpanahicalme23llama3170b|70.554|posttrained,1166,kept_aggregated,"same normalized model, parameter, type and submission date"
1167,MaziyarPanahi/calme-2.3-phi3-4b,maziyarpanahicalme23phi34b|3.821|posttrained,1167,kept_aggregated,"same normalized model, parameter, type and submission date"
1168,MaziyarPanahi/calme-2.3-qwen2-72b,maziyarpanahicalme23qwen272b|72.706|posttrained,1168,kept_aggregated,"same normalized model, parameter, type and submission date"
1169,MaziyarPanahi/calme-2.3-qwen2-7b,maziyarpanahicalme23qwen27b|7.616|posttrained,1169,kept_aggregated,"same normalized model, parameter, type and submission date"
1170,MaziyarPanahi/calme-2.3-rys-78b,maziyarpanahicalme23rys78b|77.965|posttrained,1170,kept_aggregated,"same normalized model, parameter, type and submission date"
1171,MaziyarPanahi/calme-2.4-llama3-70b,maziyarpanahicalme24llama370b|70.554|posttrained,1171,kept_aggregated,"same normalized model, parameter, type and submission date"
1172,MaziyarPanahi/calme-2.4-qwen2-7b,maziyarpanahicalme24qwen27b|7.616|posttrained,1172,kept_aggregated,"same normalized model, parameter, type and submission date"
1173,MaziyarPanahi/calme-2.4-rys-78b,maziyarpanahicalme24rys78b|77.965|posttrained,1173,kept_aggregated,"same normalized model, parameter, type and submission date"
1174,MaziyarPanahi/calme-2.5-qwen2-7b,maziyarpanahicalme25qwen27b|7.616|posttrained,1174,kept_aggregated,"same normalized model, parameter, type and submission date"
1175,MaziyarPanahi/calme-2.6-qwen2-7b,maziyarpanahicalme26qwen27b|7.616|posttrained,1175,kept_aggregated,"same normalized model, parameter, type and submission date"
1176,MaziyarPanahi/calme-2.7-qwen2-7b,maziyarpanahicalme27qwen27b|7.616|posttrained,1176,kept_aggregated,"same normalized model, parameter, type and submission date"
1177,MaziyarPanahi/calme-3.1-baguette-3b,maziyarpanahicalme31baguette3b|3.085|posttrained,1177,kept_aggregated,"same normalized model, parameter, type and submission date"
1178,MaziyarPanahi/calme-3.1-instruct-3b,maziyarpanahicalme31instruct3b|3.085|posttrained,1178,kept_aggregated,"same normalized model, parameter, type and submission date"
1179,MaziyarPanahi/calme-3.1-instruct-78b,maziyarpanahicalme31instruct78b|77.965|posttrained,1179,kept_aggregated,"same normalized model, parameter, type and submission date"
1180,MaziyarPanahi/calme-3.1-llamaloi-3b,maziyarpanahicalme31llamaloi3b|3.213|posttrained,1180,kept_aggregated,"same normalized model, parameter, type and submission date"
1181,MaziyarPanahi/calme-3.2-baguette-3b,maziyarpanahicalme32baguette3b|3.085|posttrained,1181,kept_aggregated,"same normalized model, parameter, type and submission date"
1182,MaziyarPanahi/calme-3.2-instruct-3b,maziyarpanahicalme32instruct3b|3.086|posttrained,1182,kept_aggregated,"same normalized model, parameter, type and submission date"
1183,MaziyarPanahi/calme-3.2-instruct-78b,maziyarpanahicalme32instruct78b|77.965|posttrained,1183,kept_aggregated,"same normalized model, parameter, type and submission date"
1184,MaziyarPanahi/calme-3.3-baguette-3b,maziyarpanahicalme33baguette3b|3.086|posttrained,1184,kept_aggregated,"same normalized model, parameter, type and submission date"
1185,MaziyarPanahi/calme-3.3-instruct-3b,maziyarpanahicalme33instruct3b|3.086|posttrained,1185,kept_aggregated,"same normalized model, parameter, type and submission date"
1186,Minami-su/Amara-o1-7B-Qwen,minamisuamarao17bqwen|7.616|posttrained,1186,kept_aggregated,"same normalized model, parameter, type and submission date"
1187,Minami-su/Amara-o2-7B-Qwen,minamisuamarao27bqwen|7.616|posttrained,1187,kept_aggregated,"same normalized model, parameter, type and submission date"
1188,Minami-su/test-7B-00,minamisutest7b00|7.616|posttrained,1188,kept_aggregated,"same normalized model, parameter, type and submission date"
1189,Minami-su/test-7B-01,minamisutest7b01|7.616|posttrained,1189,kept_aggregated,"same normalized model, parameter, type and submission date"
1190,Minami-su/test-v2-7B-00,minamisutestv27b00|7.616|posttrained,1190,kept_aggregated,"same normalized model, parameter, type and submission date"
1191,ModelCloud/Llama-3.2-1B-Instruct-gptqmodel-4bit-vortex-v1,modelcloudllama321binstructgptqmodel4bitvortexv1|5.453|posttrained,1191,kept_aggregated,"same normalized model, parameter, type and submission date"
1192,ModelSpace/GemmaX2-28-9B-v0.1,modelspacegemmax2289bv01|10.159|posttrained,1192,kept_aggregated,"same normalized model, parameter, type and submission date"
1193,MoonRide/Llama-3.2-3B-Khelavaster,moonridellama323bkhelavaster|3.607|merge,1193,kept_aggregated,"same normalized model, parameter, type and submission date"
1194,Mostafa8Mehrabi/llama-3.2-1b-Insomnia-ChatBot-merged,mostafa8mehrabillama321binsomniachatbotmerged|1.236|merge,1194,kept_aggregated,"same normalized model, parameter, type and submission date"
1195,MrRobotoAI/MrRoboto-ProLong-8b-v4i,mrrobotoaimrrobotoprolong8bv4i|4.015|merge,1195,kept_aggregated,"same normalized model, parameter, type and submission date"
1196,MrRobotoAI/MrRoboto-ProLongBASE-pt8-unaligned-8b,mrrobotoaimrrobotoprolongbasept8unaligned8b|4.015|merge,1196,kept_aggregated,"same normalized model, parameter, type and submission date"
1197,MultivexAI/Gladiator-Mini-Exp-1211-3B,multivexaigladiatorminiexp12113b|3.213|posttrained,1197,kept_aggregated,"same normalized model, parameter, type and submission date"
1198,MultivexAI/Gladiator-Mini-Exp-1221-3B-Instruct,multivexaigladiatorminiexp12213binstruct|3.213|posttrained,1198,kept_aggregated,"same normalized model, parameter, type and submission date"
1199,MultivexAI/Gladiator-Mini-Exp-1221-3B-Instruct-V2,multivexaigladiatorminiexp12213binstructv2|3.213|posttrained,1199,kept_aggregated,"same normalized model, parameter, type and submission date"
1200,MultivexAI/Gladiator-Mini-Exp-1222-3B-Instruct,multivexaigladiatorminiexp12223binstruct|3.213|posttrained,1200,kept_aggregated,"same normalized model, parameter, type and submission date"
1201,MultivexAI/Phi-3.5-Mini-Instruct-MultiVex-v0.25-GGUF,multivexaiphi35miniinstructmultivexv025gguf|3.821|posttrained,1201,kept_aggregated,"same normalized model, parameter, type and submission date"
1202,Mxode/NanoLM-0.3B-Instruct-v1,mxodenanolm03binstructv1|0.315|posttrained,1202,kept_aggregated,"same normalized model, parameter, type and submission date"
1203,Mxode/NanoLM-0.3B-Instruct-v1.1,mxodenanolm03binstructv11|0.315|posttrained,1203,kept_aggregated,"same normalized model, parameter, type and submission date"
1204,Mxode/NanoLM-0.3B-Instruct-v2,mxodenanolm03binstructv2|0.315|posttrained,1204,kept_aggregated,"same normalized model, parameter, type and submission date"
1205,Mxode/NanoLM-1B-Instruct-v1.1,mxodenanolm1binstructv11|1.076|posttrained,1205,kept_aggregated,"same normalized model, parameter, type and submission date"
1206,Mxode/NanoLM-1B-Instruct-v2,mxodenanolm1binstructv2|1.076|posttrained,1206,kept_aggregated,"same normalized model, parameter, type and submission date"
1207,NAPS-ai/naps-gemma-2-27b-v-0.1.0,napsainapsgemma227bv010|27.227|posttrained,1208,replaced_same_version_date,"same normalized model, parameter, type and submission date"
1208,NAPS-ai/naps-gemma-2-27b-v0.1.0,napsainapsgemma227bv010|27.227|posttrained,1208,kept_aggregated,"same normalized model, parameter, type and submission date"
1209,NAPS-ai/naps-llama-3_1-8b-instruct-v0.3,napsainapsllama318binstructv03|8.03|posttrained,1209,kept_aggregated,"same normalized model, parameter, type and submission date"
1210,NAPS-ai/naps-llama-3_1-8b-instruct-v0.4,napsainapsllama318binstructv04|8.03|posttrained,1210,kept_aggregated,"same normalized model, parameter, type and submission date"
1211,NAPS-ai/naps-llama-3_1-instruct-v0.5.0,napsainapsllama31instructv050|8.03|posttrained,1211,kept_aggregated,"same normalized model, parameter, type and submission date"
1212,NAPS-ai/naps-llama-3_1_instruct-v0.6.0,napsainapsllama31instructv060|8.03|posttrained,1212,kept_aggregated,"same normalized model, parameter, type and submission date"
1213,NAPS-ai/naps-llama3.1-70B-v0.2-fp16,napsainapsllama3170bv02fp16|70.761|posttrained,1213,kept_aggregated,"same normalized model, parameter, type and submission date"
1214,NCSOFT/Llama-VARCO-8B-Instruct,ncsoftllamavarco8binstruct|8.03|posttrained,1214,kept_aggregated,"same normalized model, parameter, type and submission date"
1215,NJS26/NJS_777,njs26njs777|10.362|merge,1215,kept_aggregated,"same normalized model, parameter, type and submission date"
1216,NLPark/AnFeng_v3.1-Avocet,nlparkanfengv31avocet|34.393|posttrained,1216,kept_aggregated,"same normalized model, parameter, type and submission date"
1217,NLPark/B-and-W_Flycatcher-3AD1E,nlparkbandwflycatcher3ad1e|14.77|posttrained,1217,kept_aggregated,"same normalized model, parameter, type and submission date"
1218,NLPark/Shi-Ci-Robin-Test_3AD80,nlparkshicirobintest3ad80|70.554|posttrained,1218,kept_aggregated,"same normalized model, parameter, type and submission date"
1219,NTQAI/NxMobileLM-1.5B-SFT,ntqainxmobilelm15bsft|1.544|posttrained,1219,kept_aggregated,"same normalized model, parameter, type and submission date"
1220,NTQAI/Nxcode-CQ-7B-orpo,ntqainxcodecq7borpo|7.25|posttrained,1220,kept_aggregated,"same normalized model, parameter, type and submission date"
1221,NYTK/PULI-GPTrio,nytkpuligptrio|7.673|pretrained,1221,kept_aggregated,"same normalized model, parameter, type and submission date"
1222,NYTK/PULI-LlumiX-32K,nytkpulillumix32k|6.738|pretrained,1222,kept_aggregated,"same normalized model, parameter, type and submission date"
1223,Naveenpoliasetty/llama3-8B-V2,naveenpoliasettyllama38bv2|8.03|posttrained,1223,kept_aggregated,"same normalized model, parameter, type and submission date"
1224,NbAiLab/nb-llama-3.1-8B-Instruct,nbailabnbllama318binstruct|8.03|posttrained,1224,kept_aggregated,"same normalized model, parameter, type and submission date"
1225,NbAiLab/nb-llama-3.1-8B-sft,nbailabnbllama318bsft|8.03|posttrained,1225,kept_aggregated,"same normalized model, parameter, type and submission date"
1226,Nekochu/Llama-3.1-8B-German-ORPO,nekochullama318bgermanorpo|8.03|posttrained,1226,kept_aggregated,"same normalized model, parameter, type and submission date"
1227,Nekochu/Llama-3.1-8B-french-DPO,nekochullama318bfrenchdpo|8.03|posttrained,1227,kept_aggregated,"same normalized model, parameter, type and submission date"
1228,Nekochu/Luminia-13B-v3,nekochuluminia13bv3|13.016|posttrained,1228,kept_aggregated,"same normalized model, parameter, type and submission date"
1229,Nekochu/Luminia-8B-RP,nekochuluminia8brp|8.03|posttrained,1229,kept_aggregated,"same normalized model, parameter, type and submission date"
1230,NeverSleep/Lumimaid-v0.2-12B,neversleeplumimaidv0212b|12.248|posttrained,1230,kept_aggregated,"same normalized model, parameter, type and submission date"
1231,NeverSleep/Lumimaid-v0.2-8B,neversleeplumimaidv028b|8.03|posttrained,1231,kept_aggregated,"same normalized model, parameter, type and submission date"
1232,Nexesenex/Dolphin3.0-Llama3.1-1B-abliterated,nexesenexdolphin30llama311babliterated|1.236|merge,1232,kept_aggregated,"same normalized model, parameter, type and submission date"
1233,Nexesenex/Llama_3.1_8b_DeepDive_3_Prev_v1.0,nexesenexllama318bdeepdive3prevv10|8.03|merge,1233,kept_aggregated,"same normalized model, parameter, type and submission date"
1234,Nexesenex/Llama_3.1_8b_DeepDive_3_R1_Prev_v1.0,nexesenexllama318bdeepdive3r1prevv10|8.03|merge,1234,kept_aggregated,"same normalized model, parameter, type and submission date"
1235,Nexesenex/Llama_3.1_8b_DobHerWild_R1_v1.1R,nexesenexllama318bdobherwildr1v11r|8.03|merge,1235,kept_aggregated,"same normalized model, parameter, type and submission date"
1236,Nexesenex/Llama_3.1_8b_DoberWild_v2.01,nexesenexllama318bdoberwildv201|8.031|merge,1236,kept_aggregated,"same normalized model, parameter, type and submission date"
1237,Nexesenex/Llama_3.1_8b_DoberWild_v2.02,nexesenexllama318bdoberwildv202|8.03|merge,1237,kept_aggregated,"same normalized model, parameter, type and submission date"
1238,Nexesenex/Llama_3.1_8b_DoberWild_v2.03,nexesenexllama318bdoberwildv203|8.03|merge,1238,kept_aggregated,"same normalized model, parameter, type and submission date"
1239,Nexesenex/Llama_3.1_8b_DodoWild_v2.01,nexesenexllama318bdodowildv201|8.031|merge,1239,kept_aggregated,"same normalized model, parameter, type and submission date"
1240,Nexesenex/Llama_3.1_8b_DodoWild_v2.02,nexesenexllama318bdodowildv202|8.03|merge,1240,kept_aggregated,"same normalized model, parameter, type and submission date"
1241,Nexesenex/Llama_3.1_8b_DodoWild_v2.03,nexesenexllama318bdodowildv203|8.03|merge,1241,kept_aggregated,"same normalized model, parameter, type and submission date"
1242,Nexesenex/Llama_3.1_8b_DodoWild_v2.10,nexesenexllama318bdodowildv210|8.03|merge,1242,kept_aggregated,"same normalized model, parameter, type and submission date"
1243,Nexesenex/Llama_3.1_8b_Dolermed_R1_V1.01,nexesenexllama318bdolermedr1v101|8.03|merge,1243,kept_aggregated,"same normalized model, parameter, type and submission date"
1244,Nexesenex/Llama_3.1_8b_Dolermed_R1_V1.03,nexesenexllama318bdolermedr1v103|8.03|merge,1244,kept_aggregated,"same normalized model, parameter, type and submission date"
1245,Nexesenex/Llama_3.1_8b_Dolermed_V1.01,nexesenexllama318bdolermedv101|8.031|merge,1245,kept_aggregated,"same normalized model, parameter, type and submission date"
1246,Nexesenex/Llama_3.1_8b_Dolerstormed_V1.04,nexesenexllama318bdolerstormedv104|8.03|merge,1246,kept_aggregated,"same normalized model, parameter, type and submission date"
1247,Nexesenex/Llama_3.1_8b_Hermedash_R1_V1.04,nexesenexllama318bhermedashr1v104|8.03|merge,1247,kept_aggregated,"same normalized model, parameter, type and submission date"
1248,Nexesenex/Llama_3.1_8b_Hermedive_R1_V1.01,nexesenexllama318bhermediver1v101|8.03|merge,1248,kept_aggregated,"same normalized model, parameter, type and submission date"
1249,Nexesenex/Llama_3.1_8b_Hermedive_R1_V1.03,nexesenexllama318bhermediver1v103|8.03|merge,1249,kept_aggregated,"same normalized model, parameter, type and submission date"
1250,Nexesenex/Llama_3.1_8b_Hermedive_V1.01,nexesenexllama318bhermedivev101|8.031|merge,1250,kept_aggregated,"same normalized model, parameter, type and submission date"
1251,Nexesenex/Llama_3.1_8b_Mediver_V1.01,nexesenexllama318bmediverv101|8.031|merge,1251,kept_aggregated,"same normalized model, parameter, type and submission date"
1252,Nexesenex/Llama_3.1_8b_Medusa_v1.01,nexesenexllama318bmedusav101|8.031|merge,1252,kept_aggregated,"same normalized model, parameter, type and submission date"
1253,Nexesenex/Llama_3.1_8b_Smarteaz_0.2_R1,nexesenexllama318bsmarteaz02r1|8.03|merge,1253,kept_aggregated,"same normalized model, parameter, type and submission date"
1254,Nexesenex/Llama_3.1_8b_Smarteaz_V1.01,nexesenexllama318bsmarteazv101|8.03|merge,1254,kept_aggregated,"same normalized model, parameter, type and submission date"
1255,Nexesenex/Llama_3.1_8b_Stormeder_v1.04,nexesenexllama318bstormederv104|8.03|merge,1255,kept_aggregated,"same normalized model, parameter, type and submission date"
1256,Nexesenex/Llama_3.1_8b_Typhoon_v1.03,nexesenexllama318btyphoonv103|8.03|merge,1256,kept_aggregated,"same normalized model, parameter, type and submission date"
1257,Nexesenex/Llama_3.2_1b_AquaSyn_0.1,nexesenexllama321baquasyn01|1.498|merge,1257,kept_aggregated,"same normalized model, parameter, type and submission date"
1258,Nexesenex/Llama_3.2_1b_AquaSyn_0.11,nexesenexllama321baquasyn011|1.498|merge,1258,kept_aggregated,"same normalized model, parameter, type and submission date"
1259,Nexesenex/Llama_3.2_1b_Dolto_0.1,nexesenexllama321bdolto01|1.498|merge,1259,kept_aggregated,"same normalized model, parameter, type and submission date"
1260,Nexesenex/Llama_3.2_1b_Odyssea_V1,nexesenexllama321bodysseav1|1.498|merge,1260,kept_aggregated,"same normalized model, parameter, type and submission date"
1261,Nexesenex/Llama_3.2_1b_Odyssea_V1.01,nexesenexllama321bodysseav101|1.498|merge,1261,kept_aggregated,"same normalized model, parameter, type and submission date"
1262,Nexesenex/Llama_3.2_1b_OpenTree_R1_0.1,nexesenexllama321bopentreer101|1.498|merge,1262,kept_aggregated,"same normalized model, parameter, type and submission date"
1263,Nexesenex/Llama_3.2_1b_OrcaSun_V1,nexesenexllama321borcasunv1|1.498|merge,1263,kept_aggregated,"same normalized model, parameter, type and submission date"
1264,Nexesenex/Llama_3.2_1b_RandomLego_RP_R1_0.1,nexesenexllama321brandomlegorpr101|1.498|merge,1264,kept_aggregated,"same normalized model, parameter, type and submission date"
1265,Nexesenex/Llama_3.2_1b_SunOrca_V1,nexesenexllama321bsunorcav1|1.498|merge,1265,kept_aggregated,"same normalized model, parameter, type and submission date"
1266,Nexesenex/Llama_3.2_1b_Sydonia_0.1,nexesenexllama321bsydonia01|1.498|merge,1266,kept_aggregated,"same normalized model, parameter, type and submission date"
1267,Nexesenex/Llama_3.2_1b_Syneridol_0.2,nexesenexllama321bsyneridol02|1.498|merge,1267,kept_aggregated,"same normalized model, parameter, type and submission date"
1268,Nexesenex/Llama_3.2_1b_Synopsys_0.1,nexesenexllama321bsynopsys01|1.498|merge,1268,kept_aggregated,"same normalized model, parameter, type and submission date"
1269,Nexesenex/Llama_3.2_1b_Synopsys_0.11,nexesenexllama321bsynopsys011|1.498|merge,1269,kept_aggregated,"same normalized model, parameter, type and submission date"
1270,Nexesenex/Llama_3.2_3b_Kermes_v1,nexesenexllama323bkermesv1|3.213|merge,1270,kept_aggregated,"same normalized model, parameter, type and submission date"
1271,Nexesenex/Llama_3.2_3b_Kermes_v2,nexesenexllama323bkermesv2|3.213|merge,1271,kept_aggregated,"same normalized model, parameter, type and submission date"
1272,Nexesenex/Llama_3.2_3b_Kermes_v2.1,nexesenexllama323bkermesv21|3.213|merge,1272,kept_aggregated,"same normalized model, parameter, type and submission date"
1273,Nexesenex/Nemotron_W_4b_Halo_0.1,nexesenexnemotronw4bhalo01|4.513|merge,1273,kept_aggregated,"same normalized model, parameter, type and submission date"
1274,Nexesenex/Nemotron_W_4b_MagLight_0.1,nexesenexnemotronw4bmaglight01|4.513|merge,1274,kept_aggregated,"same normalized model, parameter, type and submission date"
1275,Nexesenex/Qwen_2.5_3b_Smarteaz_0.01a,nexesenexqwen253bsmarteaz001a|3.085|merge,1275,kept_aggregated,"same normalized model, parameter, type and submission date"
1276,Nexesenex/pankajmathur_orca_mini_v9_6_1B-instruct-Abliterated-LPL,nexesenexpankajmathurorcaminiv961binstructabliteratedlpl|1.236|merge,1276,kept_aggregated,"same normalized model, parameter, type and submission date"
1277,Nexusflow/NexusRaven-V2-13B,nexusflownexusravenv213b|13.0|posttrained,1277,kept_aggregated,"same normalized model, parameter, type and submission date"
1278,NikolaSigmoid/AceMath-1.5B-Instruct-1epoch,nikolasigmoidacemath15binstruct1epoch|1.791|posttrained,1278,kept_aggregated,"same normalized model, parameter, type and submission date"
1279,NikolaSigmoid/AceMath-1.5B-Instruct-dolphin-r1-200,nikolasigmoidacemath15binstructdolphinr1200|0.928|posttrained,1279,kept_aggregated,"same normalized model, parameter, type and submission date"
1280,NikolaSigmoid/DeepSeek-R1-Distill-Qwen-1.5B-500,nikolasigmoiddeepseekr1distillqwen15b500|1.157|posttrained,1280,kept_aggregated,"same normalized model, parameter, type and submission date"
1281,NikolaSigmoid/acemath-200,nikolasigmoidacemath200|1.791|posttrained,1281,kept_aggregated,"same normalized model, parameter, type and submission date"
1282,NikolaSigmoid/phi-4-14b,nikolasigmoidphi414b|14.704|posttrained,1282,kept_aggregated,"same normalized model, parameter, type and submission date"
1283,NikolaSigmoid/phi-4-1steps,nikolasigmoidphi41steps|14.704|posttrained,1283,kept_aggregated,"same normalized model, parameter, type and submission date"
1284,NikolaSigmoid/phi-4-300steps,nikolasigmoidphi4300steps|14.704|posttrained,1284,kept_aggregated,"same normalized model, parameter, type and submission date"
1285,Nitral-AI/Captain-Eris-BMO_Violent-GRPO-v0.420,nitralaicaptainerisbmoviolentgrpov0420|12.248|merge,1285,kept_aggregated,"same normalized model, parameter, type and submission date"
1286,Nitral-AI/Captain-Eris_BMO-Violent-12B,nitralaicaptainerisbmoviolent12b|12.248|merge,1286,kept_aggregated,"same normalized model, parameter, type and submission date"
1287,Nitral-AI/Captain-Eris_Violet-GRPO-v0.420,nitralaicaptainerisvioletgrpov0420|12.248|posttrained,1287,kept_aggregated,"same normalized model, parameter, type and submission date"
1288,Nitral-AI/Captain-Eris_Violet-V0.420-12B,nitralaicaptainerisvioletv042012b|12.248|merge,1288,kept_aggregated,"same normalized model, parameter, type and submission date"
1289,Nitral-AI/Captain_BMO-12B,nitralaicaptainbmo12b|12.248|posttrained,1289,kept_aggregated,"same normalized model, parameter, type and submission date"
1290,Nitral-AI/Hathor_Stable-v0.2-L3-8B,nitralaihathorstablev02l38b|8.03|posttrained,1290,kept_aggregated,"same normalized model, parameter, type and submission date"
1291,Nitral-AI/Hathor_Tahsin-L3-8B-v0.85,nitralaihathortahsinl38bv085|8.03|posttrained,1291,kept_aggregated,"same normalized model, parameter, type and submission date"
1292,Nitral-AI/Nera_Noctis-12B,nitralaineranoctis12b|12.248|posttrained,1292,kept_aggregated,"same normalized model, parameter, type and submission date"
1293,Nohobby/MS-Schisandra-22B-v0.1,nohobbymsschisandra22bv01|22.247|merge,1293,kept_aggregated,"same normalized model, parameter, type and submission date"
1294,Nohobby/MS-Schisandra-22B-v0.2,nohobbymsschisandra22bv02|22.247|merge,1294,kept_aggregated,"same normalized model, parameter, type and submission date"
1295,Norquinal/Alpha,norquinalalpha|8.03|posttrained,1295,kept_aggregated,"same normalized model, parameter, type and submission date"
1296,Norquinal/Bravo,norquinalbravo|8.03|posttrained,1296,kept_aggregated,"same normalized model, parameter, type and submission date"
1297,Norquinal/Charlie,norquinalcharlie|8.03|posttrained,1297,kept_aggregated,"same normalized model, parameter, type and submission date"
1298,Norquinal/Delta,norquinaldelta|8.03|posttrained,1298,kept_aggregated,"same normalized model, parameter, type and submission date"
1299,Norquinal/Echo,norquinalecho|8.03|posttrained,1299,kept_aggregated,"same normalized model, parameter, type and submission date"
1300,Norquinal/Foxtrot,norquinalfoxtrot|8.03|posttrained,1300,kept_aggregated,"same normalized model, parameter, type and submission date"
1301,Norquinal/Golf,norquinalgolf|8.03|posttrained,1301,kept_aggregated,"same normalized model, parameter, type and submission date"
1302,Norquinal/Hotel,norquinalhotel|8.03|posttrained,1302,kept_aggregated,"same normalized model, parameter, type and submission date"
1303,NotASI/FineTome-Llama3.2-1B-0929,notasifinetomellama321b0929|1.236|posttrained,1303,kept_aggregated,"same normalized model, parameter, type and submission date"
1304,NotASI/FineTome-Llama3.2-3B-1002,notasifinetomellama323b1002|3.0|posttrained,1304,kept_aggregated,"same normalized model, parameter, type and submission date"
1305,NotASI/FineTome-v1.5-Llama3.2-1B-1007,notasifinetomev15llama321b1007|1.236|posttrained,1305,kept_aggregated,"same normalized model, parameter, type and submission date"
1306,NotASI/FineTome-v1.5-Llama3.2-3B-1007,notasifinetomev15llama323b1007|3.213|posttrained,1306,kept_aggregated,"same normalized model, parameter, type and submission date"
1307,NousResearch/DeepHermes-3-Mistral-24B-Preview,nousresearchdeephermes3mistral24bpreview|23.572|posttrained,1307,kept_aggregated,"same normalized model, parameter, type and submission date"
1308,NousResearch/Hermes-2-Pro-Llama-3-8B,nousresearchhermes2prollama38b|8.031|posttrained,1308,kept_aggregated,"same normalized model, parameter, type and submission date"
1309,NousResearch/Hermes-2-Pro-Mistral-7B,nousresearchhermes2promistral7b|7.242|posttrained,1309,kept_aggregated,"same normalized model, parameter, type and submission date"
1310,NousResearch/Hermes-2-Theta-Llama-3-8B,nousresearchhermes2thetallama38b|8.03|posttrained,1310,kept_aggregated,"same normalized model, parameter, type and submission date"
1311,NousResearch/Hermes-3-Llama-3.1-70B,nousresearchhermes3llama3170b|70.554|posttrained,1311,kept_aggregated,"same normalized model, parameter, type and submission date"
1312,NousResearch/Hermes-3-Llama-3.1-8B,nousresearchhermes3llama318b|8.03|posttrained,1312,kept_aggregated,"same normalized model, parameter, type and submission date"
1313,NousResearch/Hermes-3-Llama-3.2-3B,nousresearchhermes3llama323b|3.213|posttrained,1313,kept_aggregated,"same normalized model, parameter, type and submission date"
1314,NousResearch/Nous-Hermes-2-Mistral-7B-DPO,nousresearchnoushermes2mistral7bdpo|7.242|posttrained,1314,kept_aggregated,"same normalized model, parameter, type and submission date"
1315,NousResearch/Nous-Hermes-2-Mixtral-8x7B-DPO,nousresearchnoushermes2mixtral8x7bdpo|46.703|posttrained,1315,kept_aggregated,"same normalized model, parameter, type and submission date"
1316,NousResearch/Nous-Hermes-2-Mixtral-8x7B-SFT,nousresearchnoushermes2mixtral8x7bsft|46.703|posttrained,1316,kept_aggregated,"same normalized model, parameter, type and submission date"
1317,NousResearch/Nous-Hermes-2-SOLAR-10.7B,nousresearchnoushermes2solar107b|10.732|posttrained,1317,kept_aggregated,"same normalized model, parameter, type and submission date"
1318,NousResearch/Nous-Hermes-llama-2-7b,nousresearchnoushermesllama27b|6.738|posttrained,1318,kept_aggregated,"same normalized model, parameter, type and submission date"
1319,NousResearch/Yarn-Llama-2-13b-128k,nousresearchyarnllama213b128k|13.0|pretrained,1319,kept_aggregated,"same normalized model, parameter, type and submission date"
1320,NousResearch/Yarn-Llama-2-7b-128k,nousresearchyarnllama27b128k|7.0|pretrained,1320,kept_aggregated,"same normalized model, parameter, type and submission date"
1321,NousResearch/Yarn-Llama-2-7b-64k,nousresearchyarnllama27b64k|7.0|pretrained,1321,kept_aggregated,"same normalized model, parameter, type and submission date"
1322,NousResearch/Yarn-Mistral-7b-128k,nousresearchyarnmistral7b128k|7.0|pretrained,1322,kept_aggregated,"same normalized model, parameter, type and submission date"
1323,NousResearch/Yarn-Mistral-7b-64k,nousresearchyarnmistral7b64k|7.0|pretrained,1323,kept_aggregated,"same normalized model, parameter, type and submission date"
1324,NousResearch/Yarn-Solar-10b-32k,nousresearchyarnsolar10b32k|10.0|pretrained,1324,kept_aggregated,"same normalized model, parameter, type and submission date"
1325,NousResearch/Yarn-Solar-10b-64k,nousresearchyarnsolar10b64k|10.0|pretrained,1325,kept_aggregated,"same normalized model, parameter, type and submission date"
1326,Novaciano/ASTAROTH-3.2-1B,novacianoastaroth321b|1.498|merge,1326,kept_aggregated,"same normalized model, parameter, type and submission date"
1327,Novaciano/BLAST_PROCESSING-3.2-1B,novacianoblastprocessing321b|1.498|merge,1327,kept_aggregated,"same normalized model, parameter, type and submission date"
1328,Novaciano/Cerberus-3.2-1B,novacianocerberus321b|1.236|merge,1328,kept_aggregated,"same normalized model, parameter, type and submission date"
1329,Novaciano/Cultist-3.2-1B,novacianocultist321b|1.498|merge,1329,kept_aggregated,"same normalized model, parameter, type and submission date"
1330,Novaciano/FuseChat-3.2-1B-GRPO_Creative_RP,novacianofusechat321bgrpocreativerp|1.236|merge,1330,kept_aggregated,"same normalized model, parameter, type and submission date"
1331,Novaciano/Fusetrix-3.2-1B-GRPO_RP_Creative,novacianofusetrix321bgrporpcreative|1.236|merge,1331,kept_aggregated,"same normalized model, parameter, type and submission date"
1332,Novaciano/Fusetrix-Dolphin-3.2-1B-GRPO_Creative_RP,novacianofusetrixdolphin321bgrpocreativerp|1.236|merge,1332,kept_aggregated,"same normalized model, parameter, type and submission date"
1333,Novaciano/HarmfulProject-3.2-1B,novacianoharmfulproject321b|1.498|merge,1333,kept_aggregated,"same normalized model, parameter, type and submission date"
1334,Novaciano/LEWD-Mental-Cultist-3.2-1B,novacianolewdmentalcultist321b|1.498|merge,1334,kept_aggregated,"same normalized model, parameter, type and submission date"
1335,Novaciano/La_Mejor_Mezcla-3.2-1B,novacianolamejormezcla321b|1.498|merge,1335,kept_aggregated,"same normalized model, parameter, type and submission date"
1336,Novaciano/Sigil-Of-Satan-3.2-1B,novacianosigilofsatan321b|1.498|merge,1336,kept_aggregated,"same normalized model, parameter, type and submission date"
1337,NucleusAI/nucleus-22B-token-500B,nucleusainucleus22btoken500b|21.828|pretrained,1337,kept_aggregated,"same normalized model, parameter, type and submission date"
1338,NyxKrage/Microsoft_Phi-4,nyxkragemicrosoftphi4|14.66|posttrained,1338,kept_aggregated,"same normalized model, parameter, type and submission date"
1339,OEvortex/Emotional-llama-8B,oevortexemotionalllama8b|8.03|merge,1339,kept_aggregated,"same normalized model, parameter, type and submission date"
1340,OEvortex/HelpingAI-15B,oevortexhelpingai15b|15.323|pretrained,1340,kept_aggregated,"same normalized model, parameter, type and submission date"
1341,OEvortex/HelpingAI-3B-reloaded,oevortexhelpingai3breloaded|2.81|pretrained,1341,kept_aggregated,"same normalized model, parameter, type and submission date"
1342,OEvortex/HelpingAI2-9B,oevortexhelpingai29b|8.903|pretrained,1342,kept_aggregated,"same normalized model, parameter, type and submission date"
1343,OEvortex/HelpingAI2.5-10B,oevortexhelpingai2510b|10.211|pretrained,1343,kept_aggregated,"same normalized model, parameter, type and submission date"
1344,OliveiraJLT/Sagui-7B-Instruct-v0.1,oliveirajltsagui7binstructv01|6.738|posttrained,1344,kept_aggregated,"same normalized model, parameter, type and submission date"
1345,Omkar1102/code-yi,omkar1102codeyi|2.084|merge,1345,kept_aggregated,"same normalized model, parameter, type and submission date"
1346,Omkar1102/code-yi,omkar1102codeyi|2.084|posttrained,1346,kept_aggregated,"same normalized model, parameter, type and submission date"
1347,OmnicromsBrain/NeuralStar_FusionWriter_4x7b,omnicromsbrainneuralstarfusionwriter4x7b|24.154|merge,1347,kept_aggregated,"same normalized model, parameter, type and submission date"
1348,OnlyCheeini/greesychat-turbo,onlycheeinigreesychatturbo|8.03|posttrained,1348,kept_aggregated,"same normalized model, parameter, type and submission date"
1349,Open-Orca/Mistral-7B-OpenOrca,openorcamistral7bopenorca|7.0|posttrained,1349,kept_aggregated,"same normalized model, parameter, type and submission date"
1350,OpenAssistant/oasst-sft-1-pythia-12b,openassistantoasstsft1pythia12b|12.0|posttrained,1350,kept_aggregated,"same normalized model, parameter, type and submission date"
1351,OpenBuddy/openbuddy-falcon3-10b-v24.2-131k,openbuddyopenbuddyfalcon310bv242131k|10.34|posttrained,1351,kept_aggregated,"same normalized model, parameter, type and submission date"
1352,OpenBuddy/openbuddy-llama3-70b-v21.2-32k,openbuddyopenbuddyllama370bv21232k|70.554|posttrained,1352,kept_aggregated,"same normalized model, parameter, type and submission date"
1353,OpenBuddy/openbuddy-llama3-8b-v21.1-8k,openbuddyopenbuddyllama38bv2118k|8.03|posttrained,1353,kept_aggregated,"same normalized model, parameter, type and submission date"
1354,OpenBuddy/openbuddy-llama3-8b-v21.2-32k,openbuddyopenbuddyllama38bv21232k|8.03|posttrained,1354,kept_aggregated,"same normalized model, parameter, type and submission date"
1355,OpenBuddy/openbuddy-llama3.1-70b-v22.1-131k,openbuddyopenbuddyllama3170bv221131k|70.554|posttrained,1355,kept_aggregated,"same normalized model, parameter, type and submission date"
1356,OpenBuddy/openbuddy-llama3.1-8b-v22.2-131k,openbuddyopenbuddyllama318bv222131k|8.03|posttrained,1356,kept_aggregated,"same normalized model, parameter, type and submission date"
1357,OpenBuddy/openbuddy-llama3.1-8b-v22.3-131k,openbuddyopenbuddyllama318bv223131k|8.03|posttrained,1357,kept_aggregated,"same normalized model, parameter, type and submission date"
1358,OpenBuddy/openbuddy-llama3.2-1b-v23.1-131k,openbuddyopenbuddyllama321bv231131k|1.498|posttrained,1358,kept_aggregated,"same normalized model, parameter, type and submission date"
1359,OpenBuddy/openbuddy-llama3.2-3b-v23.2-131k,openbuddyopenbuddyllama323bv232131k|3.607|posttrained,1359,kept_aggregated,"same normalized model, parameter, type and submission date"
1360,OpenBuddy/openbuddy-llama3.3-70b-v24.1-131k,openbuddyopenbuddyllama3370bv241131k|70.554|posttrained,1360,kept_aggregated,"same normalized model, parameter, type and submission date"
1361,OpenBuddy/openbuddy-mixtral-7bx8-v18.1-32k,openbuddyopenbuddymixtral7bx8v18132k|46.741|posttrained,1361,kept_aggregated,"same normalized model, parameter, type and submission date"
1362,OpenBuddy/openbuddy-nemotron-70b-v23.1-131k,openbuddyopenbuddynemotron70bv231131k|70.554|posttrained,1362,kept_aggregated,"same normalized model, parameter, type and submission date"
1363,OpenBuddy/openbuddy-nemotron-70b-v23.2-131k,openbuddyopenbuddynemotron70bv232131k|70.554|posttrained,1363,kept_aggregated,"same normalized model, parameter, type and submission date"
1364,OpenBuddy/openbuddy-qwen2.5llamaify-14b-v23.1-200k,openbuddyopenbuddyqwen25llamaify14bv231200k|14.77|posttrained,1364,kept_aggregated,"same normalized model, parameter, type and submission date"
1365,OpenBuddy/openbuddy-qwen2.5llamaify-14b-v23.3-200k,openbuddyopenbuddyqwen25llamaify14bv233200k|14.77|posttrained,1365,kept_aggregated,"same normalized model, parameter, type and submission date"
1366,OpenBuddy/openbuddy-qwen2.5llamaify-7b-v23.1-200k,openbuddyopenbuddyqwen25llamaify7bv231200k|7.615|posttrained,1366,kept_aggregated,"same normalized model, parameter, type and submission date"
1367,OpenBuddy/openbuddy-qwq-32b-v24.1-200k,openbuddyopenbuddyqwq32bv241200k|32.764|posttrained,1367,kept_aggregated,"same normalized model, parameter, type and submission date"
1368,OpenBuddy/openbuddy-qwq-32b-v24.2-200k,openbuddyopenbuddyqwq32bv242200k|32.764|posttrained,1368,kept_aggregated,"same normalized model, parameter, type and submission date"
1369,OpenBuddy/openbuddy-yi1.5-34b-v21.3-32k,openbuddyopenbuddyyi1534bv21332k|34.407|posttrained,1369,kept_aggregated,"same normalized model, parameter, type and submission date"
1370,OpenBuddy/openbuddy-zero-14b-v22.3-32k,openbuddyopenbuddyzero14bv22332k|14.022|posttrained,1370,kept_aggregated,"same normalized model, parameter, type and submission date"
1371,OpenBuddy/openbuddy-zero-3b-v21.2-32k,openbuddyopenbuddyzero3bv21232k|4.769|posttrained,1371,kept_aggregated,"same normalized model, parameter, type and submission date"
1372,OpenBuddy/openbuddy-zero-56b-v21.2-32k,openbuddyopenbuddyzero56bv21232k|56.707|merge,1372,kept_aggregated,"same normalized model, parameter, type and submission date"
1373,OpenGenerativeAI/Bifrost,opengenerativeaibifrost|14.66|posttrained,1373,kept_aggregated,"same normalized model, parameter, type and submission date"
1374,OpenGenerativeAI/Bifrost-14B,opengenerativeaibifrost14b|14.66|posttrained,1374,kept_aggregated,"same normalized model, parameter, type and submission date"
1375,OpenLLM-France/Lucie-7B,openllmfrancelucie7b|6.707|pretrained,1375,kept_aggregated,"same normalized model, parameter, type and submission date"
1376,OpenLLM-France/Lucie-7B-Instruct,openllmfrancelucie7binstruct|6.707|posttrained,1376,kept_aggregated,"same normalized model, parameter, type and submission date"
1377,OpenLLM-France/Lucie-7B-Instruct-human-data,openllmfrancelucie7binstructhumandata|6.707|posttrained,1377,kept_aggregated,"same normalized model, parameter, type and submission date"
1378,OpenLLM-France/Lucie-7B-Instruct-v1.1,openllmfrancelucie7binstructv11|6.707|posttrained,1378,kept_aggregated,"same normalized model, parameter, type and submission date"
1379,OpenLeecher/llama3-8b-lima,openleecherllama38blima|8.03|posttrained,1379,kept_aggregated,"same normalized model, parameter, type and submission date"
1380,OpenScholar/Llama-3.1_OpenScholar-8B,openscholarllama31openscholar8b|8.0|posttrained,1380,kept_aggregated,"same normalized model, parameter, type and submission date"
1381,Orenguteng/Llama-3.1-8B-Lexi-Uncensored,orengutengllama318blexiuncensored|8.03|posttrained,1381,kept_aggregated,"same normalized model, parameter, type and submission date"
1382,Orenguteng/Llama-3.1-8B-Lexi-Uncensored-V2,orengutengllama318blexiuncensoredv2|8.03|posttrained,1382,kept_aggregated,"same normalized model, parameter, type and submission date"
1383,Orion-zhen/Qwen2.5-7B-Instruct-Uncensored,orionzhenqwen257binstructuncensored|7.616|posttrained,1383,kept_aggregated,"same normalized model, parameter, type and submission date"
1384,Orion-zhen/phi-4-abliterated,orionzhenphi4abliterated|14.66|posttrained,1384,kept_aggregated,"same normalized model, parameter, type and submission date"
1385,P0x0/Astra-v1-12B,p0x0astrav112b|12.248|posttrained,1385,kept_aggregated,"same normalized model, parameter, type and submission date"
1386,PJMixers/LLaMa-3-CursedStock-v2.0-8B,pjmixersllama3cursedstockv208b|8.03|merge,1386,kept_aggregated,"same normalized model, parameter, type and submission date"
1387,PJMixers-Dev/L3.2-Instruct-Thinking-v0.1-1B,pjmixersdevl32instructthinkingv011b|1.236|posttrained,1387,kept_aggregated,"same normalized model, parameter, type and submission date"
1388,PJMixers-Dev/LLaMa-3.1-Instruct-Interleaved-Zeroed-13B,pjmixersdevllama31instructinterleavedzeroed13b|13.047|posttrained,1388,kept_aggregated,"same normalized model, parameter, type and submission date"
1389,PJMixers-Dev/LLaMa-3.1-RomboTiesTest-8B,pjmixersdevllama31rombotiestest8b|4.015|merge,1389,kept_aggregated,"same normalized model, parameter, type and submission date"
1390,PJMixers-Dev/LLaMa-3.1-RomboTiesTest2-8B,pjmixersdevllama31rombotiestest28b|4.015|merge,1390,kept_aggregated,"same normalized model, parameter, type and submission date"
1391,PJMixers-Dev/LLaMa-3.2-Instruct-JankMix-v0.1-SFT-3B,pjmixersdevllama32instructjankmixv01sft3b|3.213|posttrained,1391,kept_aggregated,"same normalized model, parameter, type and submission date"
1392,PJMixers-Dev/LLaMa-3.2-Instruct-JankMix-v0.2-SFT-3B,pjmixersdevllama32instructjankmixv02sft3b|3.213|posttrained,1392,kept_aggregated,"same normalized model, parameter, type and submission date"
1393,PJMixers-Dev/LLaMa-3.2-Instruct-JankMix-v0.2-SFT-HailMary-v0.1-KTO-3B,pjmixersdevllama32instructjankmixv02sfthailmaryv01kto3b|3.213|posttrained,1393,kept_aggregated,"same normalized model, parameter, type and submission date"
1394,PJMixers-Dev/LLaMa-3.2-Instruct-JankMixBread-v0.1-3B,pjmixersdevllama32instructjankmixbreadv013b|3.213|merge,1394,kept_aggregated,"same normalized model, parameter, type and submission date"
1395,PJMixers-Dev/Qwen2.5-RomboTiesTest-7B,pjmixersdevqwen25rombotiestest7b|3.808|merge,1395,kept_aggregated,"same normalized model, parameter, type and submission date"
1396,Parissa3/test-model,parissa3testmodel|7.242|merge,1396,kept_aggregated,"same normalized model, parameter, type and submission date"
1397,Pinkstack/PARM-V1.5-base-QwQ-Qwen-2.5-o1-3B,pinkstackparmv15baseqwqqwen25o13b|3.086|posttrained,1397,kept_aggregated,"same normalized model, parameter, type and submission date"
1398,Pinkstack/SuperThoughts-CoT-14B-16k-o1-QwQ,pinkstacksuperthoughtscot14b16ko1qwq|14.66|posttrained,1398,kept_aggregated,"same normalized model, parameter, type and submission date"
1399,Pinkstack/Superthoughts-lite-1.8B-experimental-o1,pinkstacksuperthoughtslite18bexperimentalo1|1.812|pretrained,1399,kept_aggregated,"same normalized model, parameter, type and submission date"
1400,Pinkstack/Superthoughts-lite-v1,pinkstacksuperthoughtslitev1|1.711|posttrained,1400,kept_aggregated,"same normalized model, parameter, type and submission date"
1401,PocketDoc/Dans-Instruct-CoreCurriculum-12b,pocketdocdansinstructcorecurriculum12b|12.0|posttrained,1401,kept_aggregated,"same normalized model, parameter, type and submission date"
1402,PocketDoc/Dans-PersonalityEngine-V1.1.0-12b,pocketdocdanspersonalityenginev11012b|12.248|posttrained,1402,kept_aggregated,"same normalized model, parameter, type and submission date"
1403,PocketDoc/Dans-PersonalityEngine-V1.2.0-24b,pocketdocdanspersonalityenginev12024b|23.572|posttrained,1403,kept_aggregated,"same normalized model, parameter, type and submission date"
1404,PocketDoc/Dans-PersonalityEngine-v1.0.0-8b,pocketdocdanspersonalityenginev1008b|8.03|posttrained,1404,kept_aggregated,"same normalized model, parameter, type and submission date"
1405,PocketDoc/Dans-SakuraKaze-V1.0.0-12b,pocketdocdanssakurakazev10012b|12.248|posttrained,1405,kept_aggregated,"same normalized model, parameter, type and submission date"
1406,PowerInfer/SmallThinker-3B-Preview,powerinfersmallthinker3bpreview|3.397|posttrained,1406,kept_aggregated,"same normalized model, parameter, type and submission date"
1407,PranavHarshan/LaMistral-V4,pranavharshanlamistralv4|8.03|posttrained,1407,kept_aggregated,"same normalized model, parameter, type and submission date"
1408,PranavHarshan/MedNarra-X1,pranavharshanmednarrax1|8.03|posttrained,1408,kept_aggregated,"same normalized model, parameter, type and submission date"
1409,Pretergeek/OpenChat-3.5-0106_10.7B_48Layers-Appended,pretergeekopenchat350106107b48layersappended|10.732|merge,1409,kept_aggregated,"same normalized model, parameter, type and submission date"
1410,Pretergeek/OpenChat-3.5-0106_10.7B_48Layers-Interleaved,pretergeekopenchat350106107b48layersinterleaved|10.732|posttrained,1410,kept_aggregated,"same normalized model, parameter, type and submission date"
1411,Pretergeek/OpenChat-3.5-0106_32K-PoSE,pretergeekopenchat35010632kpose|7.242|posttrained,1411,kept_aggregated,"same normalized model, parameter, type and submission date"
1412,Pretergeek/OpenChat-3.5-0106_8.11B_36Layers-Appended,pretergeekopenchat350106811b36layersappended|8.114|merge,1412,kept_aggregated,"same normalized model, parameter, type and submission date"
1413,Pretergeek/OpenChat-3.5-0106_8.11B_36Layers-Interleaved,pretergeekopenchat350106811b36layersinterleaved|8.114|posttrained,1413,kept_aggregated,"same normalized model, parameter, type and submission date"
1414,Pretergeek/OpenChat-3.5-0106_8.99B_40Layers-Appended,pretergeekopenchat350106899b40layersappended|8.987|merge,1414,kept_aggregated,"same normalized model, parameter, type and submission date"
1415,Pretergeek/OpenChat-3.5-0106_8.99B_40Layers-Interleaved,pretergeekopenchat350106899b40layersinterleaved|8.987|posttrained,1415,kept_aggregated,"same normalized model, parameter, type and submission date"
1416,Pretergeek/OpenChat-3.5-0106_9.86B_44Layers-Appended,pretergeekopenchat350106986b44layersappended|9.859|merge,1416,kept_aggregated,"same normalized model, parameter, type and submission date"
1417,Pretergeek/openchat-3.5-0106_Rebased_Mistral-7B-v0.2,pretergeekopenchat350106rebasedmistral7bv02|7.242|posttrained,1417,kept_aggregated,"same normalized model, parameter, type and submission date"
1418,PrimeIntellect/INTELLECT-1,primeintellectintellect1|10.211|pretrained,1418,kept_aggregated,"same normalized model, parameter, type and submission date"
1419,PrimeIntellect/INTELLECT-1,primeintellectintellect1|10.211|pretrained,1419,kept_aggregated,"same normalized model, parameter, type and submission date"
1420,PrimeIntellect/INTELLECT-1-Instruct,primeintellectintellect1instruct|10.211|posttrained,1420,kept_aggregated,"same normalized model, parameter, type and submission date"
1421,PuxAI/LUA_model,puxailuamodel|7.386|posttrained,1421,kept_aggregated,"same normalized model, parameter, type and submission date"
1422,PygmalionAI/pygmalion-6b,pygmalionaipygmalion6b|6.0|posttrained,1422,kept_aggregated,"same normalized model, parameter, type and submission date"
1423,Q-bert/MetaMath-1B,qbertmetamath1b|1.236|posttrained,1423,kept_aggregated,"same normalized model, parameter, type and submission date"
1424,Quazim0t0/1up-14b,quazim0t01up14b|14.66|merge,1424,kept_aggregated,"same normalized model, parameter, type and submission date"
1425,Quazim0t0/Adamant-14B-sce,quazim0t0adamant14bsce|14.66|merge,1425,kept_aggregated,"same normalized model, parameter, type and submission date"
1426,Quazim0t0/Alice-14B,quazim0t0alice14b|14.66|merge,1426,kept_aggregated,"same normalized model, parameter, type and submission date"
1427,Quazim0t0/Alien-CoT-14B-sce,quazim0t0aliencot14bsce|14.66|merge,1427,kept_aggregated,"same normalized model, parameter, type and submission date"
1428,Quazim0t0/Aura-8B-Linear,quazim0t0aura8blinear|8.03|merge,1428,kept_aggregated,"same normalized model, parameter, type and submission date"
1429,Quazim0t0/Casa-14b-sce,quazim0t0casa14bsce|14.66|posttrained,1429,kept_aggregated,"same normalized model, parameter, type and submission date"
1430,Quazim0t0/Casa-14b-sce,quazim0t0casa14bsce|14.66|merge,1430,kept_aggregated,"same normalized model, parameter, type and submission date"
1431,Quazim0t0/Charlie-8B-Linear,quazim0t0charlie8blinear|8.03|merge,1431,kept_aggregated,"same normalized model, parameter, type and submission date"
1432,Quazim0t0/Chromatic-8b-sce,quazim0t0chromatic8bsce|8.03|merge,1432,kept_aggregated,"same normalized model, parameter, type and submission date"
1433,Quazim0t0/CoT_Phi,quazim0t0cotphi|14.66|merge,1433,kept_aggregated,"same normalized model, parameter, type and submission date"
1434,Quazim0t0/Dyson-14b,quazim0t0dyson14b|14.66|merge,1434,kept_aggregated,"same normalized model, parameter, type and submission date"
1435,Quazim0t0/Edu-14B-Linear,quazim0t0edu14blinear|14.66|merge,1435,kept_aggregated,"same normalized model, parameter, type and submission date"
1436,Quazim0t0/Fugazi14b,quazim0t0fugazi14b|14.66|merge,1436,kept_aggregated,"same normalized model, parameter, type and submission date"
1437,Quazim0t0/GZA-14B-sce,quazim0t0gza14bsce|14.66|merge,1437,kept_aggregated,"same normalized model, parameter, type and submission date"
1438,Quazim0t0/Geedorah-14B,quazim0t0geedorah14b|14.66|merge,1438,kept_aggregated,"same normalized model, parameter, type and submission date"
1439,Quazim0t0/GivingTree-8b-sce,quazim0t0givingtree8bsce|8.03|merge,1439,kept_aggregated,"same normalized model, parameter, type and submission date"
1440,Quazim0t0/GuiltySpark-14B-ties,quazim0t0guiltyspark14bties|14.66|merge,1440,kept_aggregated,"same normalized model, parameter, type and submission date"
1441,Quazim0t0/Halo-14B-sce,quazim0t0halo14bsce|14.66|merge,1441,kept_aggregated,"same normalized model, parameter, type and submission date"
1442,Quazim0t0/Heretic1.5b,quazim0t0heretic15b|1.73|merge,1442,kept_aggregated,"same normalized model, parameter, type and submission date"
1443,Quazim0t0/Hyde-14b-sce,quazim0t0hyde14bsce|14.66|merge,1443,kept_aggregated,"same normalized model, parameter, type and submission date"
1444,Quazim0t0/Imagine-v0.5-16bit,quazim0t0imaginev0516bit|14.66|posttrained,1444,kept_aggregated,"same normalized model, parameter, type and submission date"
1445,Quazim0t0/Imbue-14b,quazim0t0imbue14b|14.66|merge,1445,kept_aggregated,"same normalized model, parameter, type and submission date"
1446,Quazim0t0/Insom,quazim0t0insom|14.66|merge,1446,kept_aggregated,"same normalized model, parameter, type and submission date"
1447,Quazim0t0/InspectorDeck-14B-sce,quazim0t0inspectordeck14bsce|14.66|merge,1447,kept_aggregated,"same normalized model, parameter, type and submission date"
1448,Quazim0t0/Jekyl-8b-sce,quazim0t0jekyl8bsce|8.03|merge,1448,kept_aggregated,"same normalized model, parameter, type and submission date"
1449,Quazim0t0/Jigsaw-14B-Linear,quazim0t0jigsaw14blinear|14.66|merge,1449,kept_aggregated,"same normalized model, parameter, type and submission date"
1450,Quazim0t0/Katana-8b-sce,quazim0t0katana8bsce|8.03|merge,1450,kept_aggregated,"same normalized model, parameter, type and submission date"
1451,Quazim0t0/Knot-CoT-14B-sce,quazim0t0knotcot14bsce|14.66|merge,1451,kept_aggregated,"same normalized model, parameter, type and submission date"
1452,Quazim0t0/Lineage-14B,quazim0t0lineage14b|14.66|merge,1452,kept_aggregated,"same normalized model, parameter, type and submission date"
1453,Quazim0t0/Lo-Phi-14b,quazim0t0lophi14b|14.66|merge,1453,kept_aggregated,"same normalized model, parameter, type and submission date"
1454,Quazim0t0/Loke-14B-sce,quazim0t0loke14bsce|14.66|merge,1454,kept_aggregated,"same normalized model, parameter, type and submission date"
1455,Quazim0t0/MFDOOM-14B,quazim0t0mfdoom14b|14.66|merge,1455,kept_aggregated,"same normalized model, parameter, type and submission date"
1456,Quazim0t0/MFGRIMM-14B,quazim0t0mfgrimm14b|14.66|merge,1456,kept_aggregated,"same normalized model, parameter, type and submission date"
1457,Quazim0t0/Math_Phi4_Reason,quazim0t0mathphi4reason|14.66|merge,1457,kept_aggregated,"same normalized model, parameter, type and submission date"
1458,Quazim0t0/Mithril-14B-sce,quazim0t0mithril14bsce|14.66|merge,1458,kept_aggregated,"same normalized model, parameter, type and submission date"
1459,Quazim0t0/Mononoke-14B-sce,quazim0t0mononoke14bsce|14.66|merge,1459,kept_aggregated,"same normalized model, parameter, type and submission date"
1460,Quazim0t0/Motion-8B-Linear,quazim0t0motion8blinear|8.03|merge,1460,kept_aggregated,"same normalized model, parameter, type and submission date"
1461,Quazim0t0/Mouse-9B,quazim0t0mouse9b|9.207|merge,1461,kept_aggregated,"same normalized model, parameter, type and submission date"
1462,Quazim0t0/Nova-14b-sce,quazim0t0nova14bsce|14.66|posttrained,1462,kept_aggregated,"same normalized model, parameter, type and submission date"
1463,Quazim0t0/NovaScotia-14b-stock,quazim0t0novascotia14bstock|14.66|merge,1463,kept_aggregated,"same normalized model, parameter, type and submission date"
1464,Quazim0t0/ODB-14B-sce,quazim0t0odb14bsce|0.0|excluded_other,1464,kept_aggregated,"same normalized model, parameter, type and submission date"
1465,Quazim0t0/ODB-14b-sce,quazim0t0odb14bsce|14.66|merge,1465,kept_aggregated,"same normalized model, parameter, type and submission date"
1466,Quazim0t0/Oasis-14B-ties,quazim0t0oasis14bties|14.66|merge,1466,kept_aggregated,"same normalized model, parameter, type and submission date"
1467,Quazim0t0/Origami-14B-sce,quazim0t0origami14bsce|14.66|merge,1467,kept_aggregated,"same normalized model, parameter, type and submission date"
1468,Quazim0t0/Phi4.Turn.R1Distill.16bit,quazim0t0phi4turnr1distill16bit|14.66|posttrained,1468,kept_aggregated,"same normalized model, parameter, type and submission date"
1469,Quazim0t0/Phi4.Turn.R1Distill_v1.5.1-Tensors,quazim0t0phi4turnr1distillv151tensors|14.66|posttrained,1469,kept_aggregated,"same normalized model, parameter, type and submission date"
1470,Quazim0t0/Phi4Basis-14B-sce,quazim0t0phi4basis14bsce|14.66|merge,1470,kept_aggregated,"same normalized model, parameter, type and submission date"
1471,Quazim0t0/Ponder-14B-linear,quazim0t0ponder14blinear|14.66|merge,1471,kept_aggregated,"same normalized model, parameter, type and submission date"
1472,Quazim0t0/RZA-14B-sce,quazim0t0rza14bsce|14.66|merge,1472,kept_aggregated,"same normalized model, parameter, type and submission date"
1473,Quazim0t0/Rosemary-14b,quazim0t0rosemary14b|14.66|merge,1473,kept_aggregated,"same normalized model, parameter, type and submission date"
1474,Quazim0t0/Rune-14b,quazim0t0rune14b|14.66|merge,1474,kept_aggregated,"same normalized model, parameter, type and submission date"
1475,Quazim0t0/SZA-14B-sce,quazim0t0sza14bsce|14.66|merge,1475,kept_aggregated,"same normalized model, parameter, type and submission date"
1476,Quazim0t0/Sake-20b,quazim0t0sake20b|21.475|merge,1476,kept_aggregated,"same normalized model, parameter, type and submission date"
1477,Quazim0t0/Spok-14b-sce,quazim0t0spok14bsce|14.66|merge,1477,kept_aggregated,"same normalized model, parameter, type and submission date"
1478,Quazim0t0/Sumatra-20b,quazim0t0sumatra20b|21.475|merge,1478,kept_aggregated,"same normalized model, parameter, type and submission date"
1479,Quazim0t0/SuperNova14b,quazim0t0supernova14b|14.66|merge,1479,kept_aggregated,"same normalized model, parameter, type and submission date"
1480,Quazim0t0/TB0-8B-sce,quazim0t0tb08bsce|8.03|merge,1480,kept_aggregated,"same normalized model, parameter, type and submission date"
1481,Quazim0t0/TBL-8B-sce,quazim0t0tbl8bsce|8.03|merge,1481,kept_aggregated,"same normalized model, parameter, type and submission date"
1482,Quazim0t0/ThinkPhi1.1-Tensors,quazim0t0thinkphi11tensors|14.66|posttrained,1482,kept_aggregated,"same normalized model, parameter, type and submission date"
1483,Quazim0t0/Venti-20b,quazim0t0venti20b|21.475|merge,1483,kept_aggregated,"same normalized model, parameter, type and submission date"
1484,Quazim0t0/Venti-Blend-sce,quazim0t0ventiblendsce|21.475|merge,1484,kept_aggregated,"same normalized model, parameter, type and submission date"
1485,Quazim0t0/Vine-14b-sce,quazim0t0vine14bsce|14.66|merge,1485,kept_aggregated,"same normalized model, parameter, type and submission date"
1486,Quazim0t0/Wendy-14B,quazim0t0wendy14b|14.66|merge,1486,kept_aggregated,"same normalized model, parameter, type and submission date"
1487,Quazim0t0/Wu-14b-sce,quazim0t0wu14bsce|14.66|merge,1487,kept_aggregated,"same normalized model, parameter, type and submission date"
1488,Quazim0t0/bloom-14b-stock,quazim0t0bloom14bstock|14.66|merge,1488,kept_aggregated,"same normalized model, parameter, type and submission date"
1489,Quazim0t0/caramel-14B,quazim0t0caramel14b|14.66|merge,1489,kept_aggregated,"same normalized model, parameter, type and submission date"
1490,Quazim0t0/graphite-14b-sce,quazim0t0graphite14bsce|14.66|merge,1490,kept_aggregated,"same normalized model, parameter, type and submission date"
1491,Quazim0t0/mocha-14B,quazim0t0mocha14b|14.66|merge,1491,kept_aggregated,"same normalized model, parameter, type and submission date"
1492,Quazim0t0/mosaic-14b-sce,quazim0t0mosaic14bsce|14.66|merge,1492,kept_aggregated,"same normalized model, parameter, type and submission date"
1493,Quazim0t0/tesseract-14b-stock,quazim0t0tesseract14bstock|14.66|merge,1493,kept_aggregated,"same normalized model, parameter, type and submission date"
1494,Quazim0t0/time-14b-stock,quazim0t0time14bstock|14.66|merge,1494,kept_aggregated,"same normalized model, parameter, type and submission date"
1495,Qwen/QwQ-32B,qwenqwq32b|32.764|posttrained,1495,kept_aggregated,"same normalized model, parameter, type and submission date"
1496,Qwen/QwQ-32B-Preview,qwenqwq32bpreview|32.764|posttrained,1496,kept_aggregated,"same normalized model, parameter, type and submission date"
1497,Qwen/Qwen1.5-0.5B,qwenqwen1505b|0.62|pretrained,1497,kept_aggregated,"same normalized model, parameter, type and submission date"
1498,Qwen/Qwen1.5-0.5B-Chat,qwenqwen1505bchat|0.62|posttrained,1498,kept_aggregated,"same normalized model, parameter, type and submission date"
1499,Qwen/Qwen1.5-1.8B,qwenqwen1518b|1.837|pretrained,1499,kept_aggregated,"same normalized model, parameter, type and submission date"
1500,Qwen/Qwen1.5-1.8B-Chat,qwenqwen1518bchat|1.837|posttrained,1500,kept_aggregated,"same normalized model, parameter, type and submission date"
1501,Qwen/Qwen1.5-110B,qwenqwen15110b|111.21|pretrained,1501,kept_aggregated,"same normalized model, parameter, type and submission date"
1502,Qwen/Qwen1.5-110B-Chat,qwenqwen15110bchat|111.21|posttrained,1502,kept_aggregated,"same normalized model, parameter, type and submission date"
1503,Qwen/Qwen1.5-14B,qwenqwen1514b|14.167|pretrained,1503,kept_aggregated,"same normalized model, parameter, type and submission date"
1504,Qwen/Qwen1.5-14B-Chat,qwenqwen1514bchat|14.167|posttrained,1504,kept_aggregated,"same normalized model, parameter, type and submission date"
1505,Qwen/Qwen1.5-32B,qwenqwen1532b|32.512|pretrained,1505,kept_aggregated,"same normalized model, parameter, type and submission date"
1506,Qwen/Qwen1.5-32B-Chat,qwenqwen1532bchat|32.512|posttrained,1506,kept_aggregated,"same normalized model, parameter, type and submission date"
1507,Qwen/Qwen1.5-4B,qwenqwen154b|3.95|pretrained,1507,kept_aggregated,"same normalized model, parameter, type and submission date"
1508,Qwen/Qwen1.5-4B-Chat,qwenqwen154bchat|3.95|posttrained,1508,kept_aggregated,"same normalized model, parameter, type and submission date"
1509,Qwen/Qwen1.5-7B,qwenqwen157b|7.721|pretrained,1509,kept_aggregated,"same normalized model, parameter, type and submission date"
1510,Qwen/Qwen1.5-7B-Chat,qwenqwen157bchat|7.721|posttrained,1510,kept_aggregated,"same normalized model, parameter, type and submission date"
1511,Qwen/Qwen1.5-MoE-A2.7B,qwenqwen15moea27b|14.316|pretrained,1511,kept_aggregated,"same normalized model, parameter, type and submission date"
1512,Qwen/Qwen1.5-MoE-A2.7B-Chat,qwenqwen15moea27bchat|14.316|posttrained,1512,kept_aggregated,"same normalized model, parameter, type and submission date"
1513,Qwen/Qwen2-0.5B,qwenqwen205b|0.494|pretrained,1513,kept_aggregated,"same normalized model, parameter, type and submission date"
1514,Qwen/Qwen2-0.5B-Instruct,qwenqwen205binstruct|0.494|posttrained,1514,kept_aggregated,"same normalized model, parameter, type and submission date"
1515,Qwen/Qwen2-1.5B,qwenqwen215b|1.544|pretrained,1515,kept_aggregated,"same normalized model, parameter, type and submission date"
1516,Qwen/Qwen2-1.5B-Instruct,qwenqwen215binstruct|1.544|posttrained,1516,kept_aggregated,"same normalized model, parameter, type and submission date"
1517,Qwen/Qwen2-57B-A14B,qwenqwen257ba14b|57.409|pretrained,1517,kept_aggregated,"same normalized model, parameter, type and submission date"
1518,Qwen/Qwen2-57B-A14B-Instruct,qwenqwen257ba14binstruct|57.409|posttrained,1518,kept_aggregated,"same normalized model, parameter, type and submission date"
1519,Qwen/Qwen2-72B,qwenqwen272b|72.706|pretrained,1519,kept_aggregated,"same normalized model, parameter, type and submission date"
1520,Qwen/Qwen2-72B-Instruct,qwenqwen272binstruct|72.706|posttrained,1520,kept_aggregated,"same normalized model, parameter, type and submission date"
1521,Qwen/Qwen2-7B,qwenqwen27b|7.616|pretrained,1521,kept_aggregated,"same normalized model, parameter, type and submission date"
1522,Qwen/Qwen2-7B-Instruct,qwenqwen27binstruct|7.616|posttrained,1522,kept_aggregated,"same normalized model, parameter, type and submission date"
1523,Qwen/Qwen2-Math-72B-Instruct,qwenqwen2math72binstruct|72.706|posttrained,1523,kept_aggregated,"same normalized model, parameter, type and submission date"
1524,Qwen/Qwen2-Math-7B,qwenqwen2math7b|7.616|posttrained,1524,kept_aggregated,"same normalized model, parameter, type and submission date"
1525,Qwen/Qwen2-VL-72B-Instruct,qwenqwen2vl72binstruct|73.406|excluded_other,1525,kept_aggregated,"same normalized model, parameter, type and submission date"
1526,Qwen/Qwen2-VL-7B-Instruct,qwenqwen2vl7binstruct|8.291|excluded_other,1526,kept_aggregated,"same normalized model, parameter, type and submission date"
1527,Qwen/Qwen2.5-0.5B,qwenqwen2505b|0.5|pretrained,1527,kept_aggregated,"same normalized model, parameter, type and submission date"
1528,Qwen/Qwen2.5-0.5B-Instruct,qwenqwen2505binstruct|0.5|posttrained,1528,kept_aggregated,"same normalized model, parameter, type and submission date"
1529,Qwen/Qwen2.5-0.5B-Instruct,qwenqwen2505binstruct|0.494|posttrained,1529,kept_aggregated,"same normalized model, parameter, type and submission date"
1530,Qwen/Qwen2.5-1.5B,qwenqwen2515b|1.5|pretrained,1530,kept_aggregated,"same normalized model, parameter, type and submission date"
1531,Qwen/Qwen2.5-1.5B-Instruct,qwenqwen2515binstruct|1.5|posttrained,1531,kept_aggregated,"same normalized model, parameter, type and submission date"
1532,Qwen/Qwen2.5-14B,qwenqwen2514b|14.77|pretrained,1532,kept_aggregated,"same normalized model, parameter, type and submission date"
1533,Qwen/Qwen2.5-14B-Instruct,qwenqwen2514binstruct|14.77|posttrained,1533,kept_aggregated,"same normalized model, parameter, type and submission date"
1534,Qwen/Qwen2.5-14B-Instruct-1M,qwenqwen2514binstruct1m|14.77|posttrained,1534,kept_aggregated,"same normalized model, parameter, type and submission date"
1535,Qwen/Qwen2.5-32B,qwenqwen2532b|32.764|pretrained,1535,kept_aggregated,"same normalized model, parameter, type and submission date"
1536,Qwen/Qwen2.5-32B-Instruct,qwenqwen2532binstruct|32.764|posttrained,1536,kept_aggregated,"same normalized model, parameter, type and submission date"
1537,Qwen/Qwen2.5-3B,qwenqwen253b|3.086|pretrained,1537,kept_aggregated,"same normalized model, parameter, type and submission date"
1538,Qwen/Qwen2.5-3B-Instruct,qwenqwen253binstruct|3.0|posttrained,1538,kept_aggregated,"same normalized model, parameter, type and submission date"
1539,Qwen/Qwen2.5-72B,qwenqwen2572b|72.706|pretrained,1539,kept_aggregated,"same normalized model, parameter, type and submission date"
1540,Qwen/Qwen2.5-72B-Instruct,qwenqwen2572binstruct|72.706|posttrained,1540,kept_aggregated,"same normalized model, parameter, type and submission date"
1541,Qwen/Qwen2.5-7B,qwenqwen257b|7.616|pretrained,1541,kept_aggregated,"same normalized model, parameter, type and submission date"
1542,Qwen/Qwen2.5-7B-Instruct,qwenqwen257binstruct|7.616|posttrained,1542,kept_aggregated,"same normalized model, parameter, type and submission date"
1543,Qwen/Qwen2.5-7B-Instruct-1M,qwenqwen257binstruct1m|7.616|posttrained,1543,kept_aggregated,"same normalized model, parameter, type and submission date"
1544,Qwen/Qwen2.5-Coder-14B,qwenqwen25coder14b|14.77|pretrained,1544,kept_aggregated,"same normalized model, parameter, type and submission date"
1545,Qwen/Qwen2.5-Coder-14B-Instruct,qwenqwen25coder14binstruct|14.77|posttrained,1545,kept_aggregated,"same normalized model, parameter, type and submission date"
1546,Qwen/Qwen2.5-Coder-32B,qwenqwen25coder32b|32.764|pretrained,1546,kept_aggregated,"same normalized model, parameter, type and submission date"
1547,Qwen/Qwen2.5-Coder-32B-Instruct,qwenqwen25coder32binstruct|32.764|posttrained,1547,kept_aggregated,"same normalized model, parameter, type and submission date"
1548,Qwen/Qwen2.5-Coder-7B,qwenqwen25coder7b|7.616|pretrained,1548,kept_aggregated,"same normalized model, parameter, type and submission date"
1549,Qwen/Qwen2.5-Coder-7B-Instruct,qwenqwen25coder7binstruct|7.616|posttrained,1550,replaced_same_version_date,"same normalized model, parameter, type and submission date"
1550,Qwen/Qwen2.5-Coder-7B-Instruct,qwenqwen25coder7binstruct|7.616|posttrained,1550,kept_aggregated,"same normalized model, parameter, type and submission date"
1551,Qwen/Qwen2.5-Math-1.5B-Instruct,qwenqwen25math15binstruct|1.544|posttrained,1551,kept_aggregated,"same normalized model, parameter, type and submission date"
1552,Qwen/Qwen2.5-Math-72B-Instruct,qwenqwen25math72binstruct|72.706|posttrained,1552,kept_aggregated,"same normalized model, parameter, type and submission date"
1553,Qwen/Qwen2.5-Math-7B,qwenqwen25math7b|7.616|pretrained,1553,kept_aggregated,"same normalized model, parameter, type and submission date"
1554,Qwen/Qwen2.5-Math-7B-Instruct,qwenqwen25math7binstruct|7.0|posttrained,1554,kept_aggregated,"same normalized model, parameter, type and submission date"
1555,RDson/WomboCombo-R1-Coder-14B-Preview,rdsonwombocombor1coder14bpreview|14.77|merge,1555,kept_aggregated,"same normalized model, parameter, type and submission date"
1556,RESMPDEV/EVA-Qwen2.5-1.5B-FRFR,resmpdevevaqwen2515bfrfr|1.544|posttrained,1556,kept_aggregated,"same normalized model, parameter, type and submission date"
1557,RESMPDEV/Qwen2-Wukong-0.5B,resmpdevqwen2wukong05b|0.63|posttrained,1557,kept_aggregated,"same normalized model, parameter, type and submission date"
1558,RLHFlow/ArmoRM-Llama3-8B-v0.1,rlhflowarmormllama38bv01|7.511|posttrained,1558,kept_aggregated,"same normalized model, parameter, type and submission date"
1559,RLHFlow/LLaMA3-iterative-DPO-final,rlhflowllama3iterativedpofinal|8.03|posttrained,1559,kept_aggregated,"same normalized model, parameter, type and submission date"
1560,RWKV/rwkv-raven-14b,rwkvrwkvraven14b|14.0|posttrained,1560,kept_aggregated,"same normalized model, parameter, type and submission date"
1561,Rakuten/RakutenAI-2.0-mini-instruct,rakutenrakutenai20miniinstruct|1.535|posttrained,1561,kept_aggregated,"same normalized model, parameter, type and submission date"
1562,Rakuten/RakutenAI-7B,rakutenrakutenai7b|7.373|posttrained,1562,kept_aggregated,"same normalized model, parameter, type and submission date"
1563,Rakuten/RakutenAI-7B-chat,rakutenrakutenai7bchat|7.373|posttrained,1563,kept_aggregated,"same normalized model, parameter, type and submission date"
1564,Replete-AI/L3-Pneuma-8B,repleteail3pneuma8b|8.03|posttrained,1564,kept_aggregated,"same normalized model, parameter, type and submission date"
1565,Replete-AI/L3.1-Pneuma-8B,repleteail31pneuma8b|8.03|posttrained,1565,kept_aggregated,"same normalized model, parameter, type and submission date"
1566,Replete-AI/Llama3-8B-Instruct-Replete-Adapted,repleteaillama38binstructrepleteadapted|8.0|posttrained,1566,kept_aggregated,"same normalized model, parameter, type and submission date"
1567,Replete-AI/Replete-Coder-Instruct-8b-Merged,repleteairepletecoderinstruct8bmerged|8.03|merge,1567,kept_aggregated,"same normalized model, parameter, type and submission date"
1568,Replete-AI/Replete-Coder-Llama3-8B,repleteairepletecoderllama38b|8.03|posttrained,1568,kept_aggregated,"same normalized model, parameter, type and submission date"
1569,Replete-AI/Replete-Coder-Qwen2-1.5b,repleteairepletecoderqwen215b|1.544|posttrained,1569,kept_aggregated,"same normalized model, parameter, type and submission date"
1570,Replete-AI/Replete-LLM-Qwen2-7b,repleteairepletellmqwen27b|7.616|posttrained,1571,replaced_same_version_date,"same normalized model, parameter, type and submission date"
1571,Replete-AI/Replete-LLM-Qwen2-7b,repleteairepletellmqwen27b|7.616|posttrained,1571,kept_aggregated,"same normalized model, parameter, type and submission date"
1572,Replete-AI/Replete-LLM-Qwen2-7b_Beta-Preview,repleteairepletellmqwen27bbetapreview|7.616|posttrained,1572,kept_aggregated,"same normalized model, parameter, type and submission date"
1573,Replete-AI/Replete-LLM-V2-Llama-3.1-8b,repleteairepletellmv2llama318b|8.03|posttrained,1573,kept_aggregated,"same normalized model, parameter, type and submission date"
1574,RezVortex/JAJUKA-WEWILLNEVERFORGETYOU-3B,rezvortexjajukawewillneverforgetyou3b|3.213|merge,1574,kept_aggregated,"same normalized model, parameter, type and submission date"
1575,RezVortex/Jajuka-3b,rezvortexjajuka3b|3.213|merge,1575,kept_aggregated,"same normalized model, parameter, type and submission date"
1576,Ro-xe/FMixIA-7B-DARE-0,roxefmixia7bdare0|7.242|merge,1576,kept_aggregated,"same normalized model, parameter, type and submission date"
1577,Ro-xe/FMixIA-7B-SLERP-27,roxefmixia7bslerp27|7.242|merge,1577,kept_aggregated,"same normalized model, parameter, type and submission date"
1578,Ro-xe/FMixIA-7B-TIES-1,roxefmixia7bties1|7.242|merge,1578,kept_aggregated,"same normalized model, parameter, type and submission date"
1579,Ro-xe/FMixIA-FrankenMerge-9.5B-PT-9,roxefmixiafrankenmerge95bpt9|14.141|merge,1579,kept_aggregated,"same normalized model, parameter, type and submission date"
1580,Rombo-Org/Rombo-LLM-V2.5-Qwen-7b,romboorgrombollmv25qwen7b|7.616|merge,1580,kept_aggregated,"same normalized model, parameter, type and submission date"
1581,RubielLabarta/LogoS-7Bx2-MoE-13B-v0.2,rubiellabartalogos7bx2moe13bv02|12.879|merge,1581,kept_aggregated,"same normalized model, parameter, type and submission date"
1582,SaisExperiments/Evil-Alpaca-3B-L3.2,saisexperimentsevilalpaca3bl32|3.213|posttrained,1582,kept_aggregated,"same normalized model, parameter, type and submission date"
1583,SaisExperiments/Gemma-2-2B-Opus-Instruct,saisexperimentsgemma22bopusinstruct|2.614|posttrained,1583,kept_aggregated,"same normalized model, parameter, type and submission date"
1584,SaisExperiments/Gemma-2-2B-Stheno-Filtered,saisexperimentsgemma22bsthenofiltered|2.614|posttrained,1584,kept_aggregated,"same normalized model, parameter, type and submission date"
1585,SaisExperiments/Not-So-Small-Alpaca-24B,saisexperimentsnotsosmallalpaca24b|23.572|posttrained,1585,kept_aggregated,"same normalized model, parameter, type and submission date"
1586,SaisExperiments/QwOwO-7B-V1,saisexperimentsqwowo7bv1|7.616|posttrained,1586,kept_aggregated,"same normalized model, parameter, type and submission date"
1587,SaisExperiments/RightSheep-Llama3.2-3B,saisexperimentsrightsheepllama323b|3.213|posttrained,1587,kept_aggregated,"same normalized model, parameter, type and submission date"
1588,Sakalti/Anemoi-3B,sakaltianemoi3b|3.397|posttrained,1588,kept_aggregated,"same normalized model, parameter, type and submission date"
1589,Sakalti/Euphrates-14B,sakaltieuphrates14b|14.77|merge,1589,kept_aggregated,"same normalized model, parameter, type and submission date"
1590,Sakalti/Llama3.2-3B-Uranus-1,sakaltillama323buranus1|3.213|posttrained,1590,kept_aggregated,"same normalized model, parameter, type and submission date"
1591,Sakalti/Magro-7B-v1.1,sakaltimagro7bv11|7.242|merge,1591,kept_aggregated,"same normalized model, parameter, type and submission date"
1592,Sakalti/Neptuno-3B,sakaltineptuno3b|3.397|posttrained,1592,kept_aggregated,"same normalized model, parameter, type and submission date"
1593,Sakalti/Neptuno-Alpha,sakaltineptunoalpha|3.397|posttrained,1593,kept_aggregated,"same normalized model, parameter, type and submission date"
1594,Sakalti/Oxyge1-33B,sakaltioxyge133b|32.764|posttrained,1594,kept_aggregated,"same normalized model, parameter, type and submission date"
1595,Sakalti/Phi3.5-Comets-3.8B,sakaltiphi35comets38b|3.821|merge,1595,kept_aggregated,"same normalized model, parameter, type and submission date"
1596,Sakalti/Qwen2.5-1B-Instruct,sakaltiqwen251binstruct|0.988|posttrained,1596,kept_aggregated,"same normalized model, parameter, type and submission date"
1597,Sakalti/QwenTest-7,sakaltiqwentest7|0.988|posttrained,1597,kept_aggregated,"same normalized model, parameter, type and submission date"
1598,Sakalti/SJT-0.5B,sakaltisjt05b|0.63|posttrained,1598,kept_aggregated,"same normalized model, parameter, type and submission date"
1599,Sakalti/SJT-1.5B-Alpha,sakaltisjt15balpha|1.777|posttrained,1599,kept_aggregated,"same normalized model, parameter, type and submission date"
1600,Sakalti/SJT-1.5B-Alpha-1.1,sakaltisjt15balpha11|1.777|posttrained,1600,kept_aggregated,"same normalized model, parameter, type and submission date"
1601,Sakalti/SJT-1.7B,sakaltisjt17b|1.684|posttrained,1601,kept_aggregated,"same normalized model, parameter, type and submission date"
1602,Sakalti/SJT-14B,sakaltisjt14b|14.766|merge,1602,kept_aggregated,"same normalized model, parameter, type and submission date"
1603,Sakalti/SJT-2.4B,sakaltisjt24b|2.432|posttrained,1603,kept_aggregated,"same normalized model, parameter, type and submission date"
1604,Sakalti/SJT-24B-Alpha,sakaltisjt24balpha|24.125|posttrained,1604,kept_aggregated,"same normalized model, parameter, type and submission date"
1605,Sakalti/SJT-2B,sakaltisjt2b|2.614|posttrained,1605,kept_aggregated,"same normalized model, parameter, type and submission date"
1606,Sakalti/SJT-2B-V1.1,sakaltisjt2bv11|2.614|posttrained,1606,kept_aggregated,"same normalized model, parameter, type and submission date"
1607,Sakalti/SJT-3.7B,sakaltisjt37b|3.783|posttrained,1607,kept_aggregated,"same normalized model, parameter, type and submission date"
1608,Sakalti/SJT-4B,sakaltisjt4b|3.821|posttrained,1608,kept_aggregated,"same normalized model, parameter, type and submission date"
1609,Sakalti/SJT-7.5B,sakaltisjt75b|7.456|posttrained,1609,kept_aggregated,"same normalized model, parameter, type and submission date"
1610,Sakalti/SJT-7B-V1.1,sakaltisjt7bv11|7.613|posttrained,1610,kept_aggregated,"same normalized model, parameter, type and submission date"
1611,Sakalti/SJT-7B-V1.1-Multilingal,sakaltisjt7bv11multilingal|7.613|posttrained,1611,kept_aggregated,"same normalized model, parameter, type and submission date"
1612,Sakalti/SJT-8B,sakaltisjt8b|8.548|posttrained,1612,kept_aggregated,"same normalized model, parameter, type and submission date"
1613,Sakalti/SJT-8B-V1.1,sakaltisjt8bv11|8.545|posttrained,1613,kept_aggregated,"same normalized model, parameter, type and submission date"
1614,Sakalti/SJT-900M,sakaltisjt900m|0.899|posttrained,1614,kept_aggregated,"same normalized model, parameter, type and submission date"
1615,Sakalti/SJT-Moe2x7.5B,sakaltisjtmoe2x75b|13.401|posttrained,1615,kept_aggregated,"same normalized model, parameter, type and submission date"
1616,Sakalti/SJTPass-2,sakaltisjtpass2|0.63|posttrained,1616,kept_aggregated,"same normalized model, parameter, type and submission date"
1617,Sakalti/SJTPass-4,sakaltisjtpass4|1.167|posttrained,1617,kept_aggregated,"same normalized model, parameter, type and submission date"
1618,Sakalti/SJTPass-5,sakaltisjtpass5|0.809|posttrained,1618,kept_aggregated,"same normalized model, parameter, type and submission date"
1619,Sakalti/Saba-Passthrough-2,sakaltisabapassthrough2|3.087|merge,1619,kept_aggregated,"same normalized model, parameter, type and submission date"
1620,Sakalti/Saba1-1.8B,sakaltisaba118b|1.777|posttrained,1620,kept_aggregated,"same normalized model, parameter, type and submission date"
1621,Sakalti/Saba1-7B,sakaltisaba17b|7.616|posttrained,1621,kept_aggregated,"same normalized model, parameter, type and submission date"
1622,Sakalti/Saba1.5-1.5B,sakaltisaba1515b|1.544|posttrained,1622,kept_aggregated,"same normalized model, parameter, type and submission date"
1623,Sakalti/Saba1.5-Pro-3B,sakaltisaba15pro3b|2.9|merge,1623,kept_aggregated,"same normalized model, parameter, type and submission date"
1624,Sakalti/Saba2-14B-Preview,sakaltisaba214bpreview|14.77|merge,1624,kept_aggregated,"same normalized model, parameter, type and submission date"
1625,Sakalti/Saba2-3B,sakaltisaba23b|3.086|posttrained,1625,kept_aggregated,"same normalized model, parameter, type and submission date"
1626,Sakalti/Sailor-japanese,sakaltisailorjapanese|0.494|posttrained,1626,kept_aggregated,"same normalized model, parameter, type and submission date"
1627,Sakalti/Saka-1.5B,sakaltisaka15b|1.777|posttrained,1627,kept_aggregated,"same normalized model, parameter, type and submission date"
1628,Sakalti/Saka-14B,sakaltisaka14b|14.766|posttrained,1628,kept_aggregated,"same normalized model, parameter, type and submission date"
1629,Sakalti/Saka-24B,sakaltisaka24b|23.572|posttrained,1629,kept_aggregated,"same normalized model, parameter, type and submission date"
1630,Sakalti/Saka-7.2B,sakaltisaka72b|7.292|posttrained,1630,kept_aggregated,"same normalized model, parameter, type and submission date"
1631,Sakalti/Saka-7.6B,sakaltisaka76b|7.616|posttrained,1631,kept_aggregated,"same normalized model, parameter, type and submission date"
1632,Sakalti/SakaMoe-3x1.6B-Instruct,sakaltisakamoe3x16binstruct|1.572|posttrained,1632,kept_aggregated,"same normalized model, parameter, type and submission date"
1633,Sakalti/SakalFusion-7B-Alpha,sakaltisakalfusion7balpha|7.616|posttrained,1633,kept_aggregated,"same normalized model, parameter, type and submission date"
1634,Sakalti/SakalFusion-7B-Beta,sakaltisakalfusion7bbeta|7.613|merge,1634,kept_aggregated,"same normalized model, parameter, type and submission date"
1635,Sakalti/Tara-3.8B-v1.1,sakaltitara38bv11|3.821|posttrained,1635,kept_aggregated,"same normalized model, parameter, type and submission date"
1636,Sakalti/light-1.1-3B,sakaltilight113b|3.086|posttrained,1636,kept_aggregated,"same normalized model, parameter, type and submission date"
1637,Sakalti/light-3B,sakaltilight3b|3.397|merge,1637,kept_aggregated,"same normalized model, parameter, type and submission date"
1638,Sakalti/light-3b-beta,sakaltilight3bbeta|3.397|posttrained,1638,kept_aggregated,"same normalized model, parameter, type and submission date"
1639,Sakalti/light-7b-beta,sakaltilight7bbeta|7.616|posttrained,1639,kept_aggregated,"same normalized model, parameter, type and submission date"
1640,Sakalti/llama-3-yanyuedao-8b-instruct,sakaltillama3yanyuedao8binstruct|8.03|merge,1640,kept_aggregated,"same normalized model, parameter, type and submission date"
1641,Sakalti/magro-7B,sakaltimagro7b|7.242|posttrained,1641,kept_aggregated,"same normalized model, parameter, type and submission date"
1642,Sakalti/mergekit-01,sakaltimergekit01|7.616|posttrained,1642,kept_aggregated,"same normalized model, parameter, type and submission date"
1643,Sakalti/mergekit-della_linear-vmeykci,sakaltimergekitdellalinearvmeykci|7.613|posttrained,1643,kept_aggregated,"same normalized model, parameter, type and submission date"
1644,Sakalti/model-3,sakaltimodel3|7.616|posttrained,1644,kept_aggregated,"same normalized model, parameter, type and submission date"
1645,Sakalti/qwen2.5-2.3B,sakaltiqwen2523b|2.339|posttrained,1645,kept_aggregated,"same normalized model, parameter, type and submission date"
1646,Sakalti/tara-3.8B,sakaltitara38b|3.821|posttrained,1646,kept_aggregated,"same normalized model, parameter, type and submission date"
1647,Sakalti/ultiima-14B,sakaltiultiima14b|14.77|posttrained,1647,kept_aggregated,"same normalized model, parameter, type and submission date"
1648,Sakalti/ultiima-14B-v0.2,sakaltiultiima14bv02|14.766|posttrained,1648,kept_aggregated,"same normalized model, parameter, type and submission date"
1649,Sakalti/ultiima-14B-v0.3,sakaltiultiima14bv03|14.766|posttrained,1649,kept_aggregated,"same normalized model, parameter, type and submission date"
1650,Sakalti/ultiima-14B-v0.4,sakaltiultiima14bv04|14.766|posttrained,1650,kept_aggregated,"same normalized model, parameter, type and submission date"
1651,Sakalti/ultiima-32B,sakaltiultiima32b|32.764|merge,1651,kept_aggregated,"same normalized model, parameter, type and submission date"
1652,Sakalti/ultiima-72B,sakaltiultiima72b|72.706|posttrained,1652,kept_aggregated,"same normalized model, parameter, type and submission date"
1653,Sakalti/ultiima-72B-v1.5,sakaltiultiima72bv15|72.706|posttrained,1653,kept_aggregated,"same normalized model, parameter, type and submission date"
1654,Salesforce/LLaMA-3-8B-SFR-Iterative-DPO-R,salesforcellama38bsfriterativedpor|8.03|posttrained,1654,kept_aggregated,"same normalized model, parameter, type and submission date"
1655,SanjiWatsuki/Kunoichi-DPO-v2-7B,sanjiwatsukikunoichidpov27b|7.242|posttrained,1655,kept_aggregated,"same normalized model, parameter, type and submission date"
1656,SanjiWatsuki/Silicon-Maid-7B,sanjiwatsukisiliconmaid7b|7.242|merge,1656,kept_aggregated,"same normalized model, parameter, type and submission date"
1657,Sao10K/70B-L3.3-Cirrus-x1,sao10k70bl33cirrusx1|70.554|posttrained,1657,kept_aggregated,"same normalized model, parameter, type and submission date"
1658,Sao10K/Fimbulvetr-11B-v2,sao10kfimbulvetr11bv2|10.732|posttrained,1658,kept_aggregated,"same normalized model, parameter, type and submission date"
1659,Sao10K/L3-70B-Euryale-v2.1,sao10kl370beuryalev21|70.554|posttrained,1659,kept_aggregated,"same normalized model, parameter, type and submission date"
1660,Sao10K/L3-70B-Euryale-v2.1,sao10kl370beuryalev21|70.554|posttrained,1660,kept_aggregated,"same normalized model, parameter, type and submission date"
1661,Sao10K/L3-8B-Lunaris-v1,sao10kl38blunarisv1|8.03|merge,1661,kept_aggregated,"same normalized model, parameter, type and submission date"
1662,Sao10K/L3-8B-Niitama-v1,sao10kl38bniitamav1|8.03|posttrained,1662,kept_aggregated,"same normalized model, parameter, type and submission date"
1663,Sao10K/L3-8B-Stheno-v3.2,sao10kl38bsthenov32|8.03|posttrained,1663,kept_aggregated,"same normalized model, parameter, type and submission date"
1664,Sao10K/L3-8B-Stheno-v3.3-32K,sao10kl38bsthenov3332k|8.03|posttrained,1664,kept_aggregated,"same normalized model, parameter, type and submission date"
1665,Sao10K/MN-12B-Lyra-v3,sao10kmn12blyrav3|12.248|posttrained,1665,kept_aggregated,"same normalized model, parameter, type and submission date"
1666,Saxo/Linkbricks-Horizon-AI-Avengers-V1-32B,saxolinkbrickshorizonaiavengersv132b|32.76|posttrained,1666,kept_aggregated,"same normalized model, parameter, type and submission date"
1667,Saxo/Linkbricks-Horizon-AI-Avengers-V2-32B,saxolinkbrickshorizonaiavengersv232b|32.76|posttrained,1667,kept_aggregated,"same normalized model, parameter, type and submission date"
1668,Saxo/Linkbricks-Horizon-AI-Avengers-V3-32B,saxolinkbrickshorizonaiavengersv332b|32.764|posttrained,1668,kept_aggregated,"same normalized model, parameter, type and submission date"
1669,Saxo/Linkbricks-Horizon-AI-Avengers-V4-32B,saxolinkbrickshorizonaiavengersv432b|32.764|posttrained,1669,kept_aggregated,"same normalized model, parameter, type and submission date"
1670,Saxo/Linkbricks-Horizon-AI-Avengers-V5-32B,saxolinkbrickshorizonaiavengersv532b|32.764|posttrained,1670,kept_aggregated,"same normalized model, parameter, type and submission date"
1671,Saxo/Linkbricks-Horizon-AI-Avengers-V6-32B,saxolinkbrickshorizonaiavengersv632b|32.76|posttrained,1671,kept_aggregated,"same normalized model, parameter, type and submission date"
1672,Saxo/Linkbricks-Horizon-AI-Korean-Avengers-V2-27B,saxolinkbrickshorizonaikoreanavengersv227b|27.227|posttrained,1672,kept_aggregated,"same normalized model, parameter, type and submission date"
1673,Saxo/Linkbricks-Horizon-AI-Korean-Avengers-V3-27B,saxolinkbrickshorizonaikoreanavengersv327b|27.227|posttrained,1673,kept_aggregated,"same normalized model, parameter, type and submission date"
1674,Saxo/Linkbricks-Horizon-AI-Korean-Superb-22B,saxolinkbrickshorizonaikoreansuperb22b|22.247|posttrained,1674,kept_aggregated,"same normalized model, parameter, type and submission date"
1675,Saxo/Linkbricks-Horizon-AI-Korean-Superb-27B,saxolinkbrickshorizonaikoreansuperb27b|27.227|posttrained,1675,kept_aggregated,"same normalized model, parameter, type and submission date"
1676,Saxo/Linkbricks-Horizon-AI-Superb-27B,saxolinkbrickshorizonaisuperb27b|27.227|posttrained,1676,kept_aggregated,"same normalized model, parameter, type and submission date"
1677,SeaLLMs/SeaLLM-7B-v2,seallmsseallm7bv2|7.376|posttrained,1677,kept_aggregated,"same normalized model, parameter, type and submission date"
1678,SeaLLMs/SeaLLM-7B-v2.5,seallmsseallm7bv25|8.538|posttrained,1678,kept_aggregated,"same normalized model, parameter, type and submission date"
1679,SeaLLMs/SeaLLMs-v3-7B-Chat,seallmsseallmsv37bchat|7.616|posttrained,1679,kept_aggregated,"same normalized model, parameter, type and submission date"
1680,SenseLLM/ReflectionCoder-CL-34B,sensellmreflectioncodercl34b|33.744|posttrained,1680,kept_aggregated,"same normalized model, parameter, type and submission date"
1681,SenseLLM/ReflectionCoder-DS-33B,sensellmreflectioncoderds33b|33.34|posttrained,1681,kept_aggregated,"same normalized model, parameter, type and submission date"
1682,SentientAGI/Dobby-Mini-Leashed-Llama-3.1-8B,sentientagidobbyminileashedllama318b|8.03|posttrained,1682,kept_aggregated,"same normalized model, parameter, type and submission date"
1683,SentientAGI/Dobby-Mini-Unhinged-Llama-3.1-8B,sentientagidobbyminiunhingedllama318b|8.03|posttrained,1683,kept_aggregated,"same normalized model, parameter, type and submission date"
1684,SeppeV/SmolLM_pretrained_with_sft_trained_with_1pc_data_on_a_preference_dpo,seppevsmollmpretrainedwithsfttrainedwith1pcdataonapreferencedpo|0.135|posttrained,1684,kept_aggregated,"same normalized model, parameter, type and submission date"
1685,Sharathhebbar24/SSH_355M,sharathhebbar24ssh355m|0.355|posttrained,1685,kept_aggregated,"same normalized model, parameter, type and submission date"
1686,Sharathhebbar24/chat_gpt2_dpo,sharathhebbar24chatgpt2dpo|0.124|posttrained,1686,kept_aggregated,"same normalized model, parameter, type and submission date"
1687,Shreyash2010/Uma-4x4B-Instruct-v0.1,shreyash2010uma4x4binstructv01|3.821|merge,1687,kept_aggregated,"same normalized model, parameter, type and submission date"
1688,Sicarius-Prototyping/Brainy_LLAMA,sicariusprototypingbrainyllama|8.03|posttrained,1688,kept_aggregated,"same normalized model, parameter, type and submission date"
1689,Sicarius-Prototyping/Micropenis_1B,sicariusprototypingmicropenis1b|0.618|posttrained,1689,kept_aggregated,"same normalized model, parameter, type and submission date"
1690,Sicarius-Prototyping/bacon_and_food,sicariusprototypingbaconandfood|8.03|posttrained,1690,kept_aggregated,"same normalized model, parameter, type and submission date"
1691,SicariusSicariiStuff/2B-ad,sicariussicariistuff2bad|3.204|posttrained,1691,kept_aggregated,"same normalized model, parameter, type and submission date"
1692,SicariusSicariiStuff/2B_or_not_2B,sicariussicariistuff2bornot2b|2.506|posttrained,1692,kept_aggregated,"same normalized model, parameter, type and submission date"
1693,SicariusSicariiStuff/Dusk_Rainbow,sicariussicariistuffduskrainbow|8.03|posttrained,1693,kept_aggregated,"same normalized model, parameter, type and submission date"
1694,SicariusSicariiStuff/Eximius_Persona_5B,sicariussicariistuffeximiuspersona5b|5.821|merge,1694,kept_aggregated,"same normalized model, parameter, type and submission date"
1695,SicariusSicariiStuff/Impish_LLAMA_3B,sicariussicariistuffimpishllama3b|3.213|posttrained,1695,kept_aggregated,"same normalized model, parameter, type and submission date"
1696,SicariusSicariiStuff/Impish_Mind_8B,sicariussicariistuffimpishmind8b|8.03|posttrained,1696,kept_aggregated,"same normalized model, parameter, type and submission date"
1697,SicariusSicariiStuff/Impish_QWEN_14B-1M,sicariussicariistuffimpishqwen14b1m|14.77|posttrained,1697,kept_aggregated,"same normalized model, parameter, type and submission date"
1698,SicariusSicariiStuff/Impish_QWEN_7B-1M,sicariussicariistuffimpishqwen7b1m|7.616|posttrained,1698,kept_aggregated,"same normalized model, parameter, type and submission date"
1699,SicariusSicariiStuff/LLAMA-3_8B_Unaligned_BETA,sicariussicariistuffllama38bunalignedbeta|8.03|posttrained,1699,kept_aggregated,"same normalized model, parameter, type and submission date"
1700,SicariusSicariiStuff/Phi-Line_14B,sicariussicariistuffphiline14b|14.66|posttrained,1700,kept_aggregated,"same normalized model, parameter, type and submission date"
1701,SicariusSicariiStuff/Phi-lthy4,sicariussicariistuffphilthy4|11.933|posttrained,1701,kept_aggregated,"same normalized model, parameter, type and submission date"
1702,SicariusSicariiStuff/Qwen2.5-14B_Uncencored,sicariussicariistuffqwen2514buncencored|14.0|posttrained,1702,kept_aggregated,"same normalized model, parameter, type and submission date"
1703,SicariusSicariiStuff/Qwen2.5-14B_Uncensored,sicariussicariistuffqwen2514buncensored|14.0|posttrained,1703,kept_aggregated,"same normalized model, parameter, type and submission date"
1704,SicariusSicariiStuff/Qwen2.5-14B_Uncensored_Instruct,sicariussicariistuffqwen2514buncensoredinstruct|14.77|posttrained,1704,kept_aggregated,"same normalized model, parameter, type and submission date"
1705,SicariusSicariiStuff/Redemption_Wind_24B,sicariussicariistuffredemptionwind24b|23.572|posttrained,1705,kept_aggregated,"same normalized model, parameter, type and submission date"
1706,SicariusSicariiStuff/Winged_Imp_8B,sicariussicariistuffwingedimp8b|8.03|merge,1706,kept_aggregated,"same normalized model, parameter, type and submission date"
1707,SicariusSicariiStuff/Wingless_Imp_8B,sicariussicariistuffwinglessimp8b|8.03|posttrained,1707,kept_aggregated,"same normalized model, parameter, type and submission date"
1708,SicariusSicariiStuff/Zion_Alpha,sicariussicariistuffzionalpha|7.242|posttrained,1708,kept_aggregated,"same normalized model, parameter, type and submission date"
1709,SicariusSicariiStuff/dn_ep02,sicariussicariistuffdnep02|8.03|posttrained,1709,kept_aggregated,"same normalized model, parameter, type and submission date"
1710,SkyOrbis/SKY-Ko-Llama3.1-8B-lora,skyorbisskykollama318blora|8.03|posttrained,1710,kept_aggregated,"same normalized model, parameter, type and submission date"
1711,SkyOrbis/SKY-Ko-Llama3.1-8B-lora-epoch1,skyorbisskykollama318bloraepoch1|8.03|posttrained,1711,kept_aggregated,"same normalized model, parameter, type and submission date"
1712,SkyOrbis/SKY-Ko-Llama3.2-1B-lora-epoch3,skyorbisskykollama321bloraepoch3|1.236|posttrained,1712,kept_aggregated,"same normalized model, parameter, type and submission date"
1713,SkyOrbis/SKY-Ko-Llama3.2-1B-lora-epoch5,skyorbisskykollama321bloraepoch5|1.236|posttrained,1713,kept_aggregated,"same normalized model, parameter, type and submission date"
1714,SkyOrbis/SKY-Ko-Llama3.2-1B-lora-v2-epoch3,skyorbisskykollama321blorav2epoch3|1.236|posttrained,1714,kept_aggregated,"same normalized model, parameter, type and submission date"
1715,SkyOrbis/SKY-Ko-Llama3.2-1B-lora-v2-epoch5,skyorbisskykollama321blorav2epoch5|1.236|posttrained,1715,kept_aggregated,"same normalized model, parameter, type and submission date"
1716,SkyOrbis/SKY-Ko-Llama3.2-3B-lora-epoch1,skyorbisskykollama323bloraepoch1|3.213|posttrained,1716,kept_aggregated,"same normalized model, parameter, type and submission date"
1717,SkyOrbis/SKY-Ko-Llama3.2-3B-lora-epoch2,skyorbisskykollama323bloraepoch2|3.213|posttrained,1717,kept_aggregated,"same normalized model, parameter, type and submission date"
1718,SkyOrbis/SKY-Ko-Llama3.2-3B-lora-epoch3,skyorbisskykollama323bloraepoch3|3.213|posttrained,1718,kept_aggregated,"same normalized model, parameter, type and submission date"
1719,SkyOrbis/SKY-Ko-Qwen2.5-3B-Instruct,skyorbisskykoqwen253binstruct|3.086|posttrained,1719,kept_aggregated,"same normalized model, parameter, type and submission date"
1720,SkyOrbis/SKY-Ko-Qwen2.5-7B-Instruct-SFT-step-15000,skyorbisskykoqwen257binstructsftstep15000|7.616|posttrained,1720,kept_aggregated,"same normalized model, parameter, type and submission date"
1721,SkyOrbis/SKY-Ko-Qwen2.5-7B-Instruct-SFT-step-5000,skyorbisskykoqwen257binstructsftstep5000|7.616|posttrained,1721,kept_aggregated,"same normalized model, parameter, type and submission date"
1722,Skywork/Skywork-Reward-Gemma-2-27B-v0.2,skyworkskyworkrewardgemma227bv02|27.227|posttrained,1722,kept_aggregated,"same normalized model, parameter, type and submission date"
1723,Skywork/Skywork-o1-Open-Llama-3.1-8B,skyworkskyworko1openllama318b|8.03|posttrained,1723,kept_aggregated,"same normalized model, parameter, type and submission date"
1724,Solshine/Brimful-merged-replete,solshinebrimfulmergedreplete|12.277|merge,1724,kept_aggregated,"same normalized model, parameter, type and submission date"
1725,Solshine/Llama-3-1-big-thoughtful-passthrough-merge-2,solshinellama31bigthoughtfulpassthroughmerge2|18.5|merge,1725,kept_aggregated,"same normalized model, parameter, type and submission date"
1726,Sorawiz/Gemma-9B-Base,sorawizgemma9bbase|10.159|merge,1726,kept_aggregated,"same normalized model, parameter, type and submission date"
1727,Sorawiz/Gemma-Creative-9B-Base,sorawizgemmacreative9bbase|10.159|merge,1727,kept_aggregated,"same normalized model, parameter, type and submission date"
1728,Sourjayon/DeepSeek-R1-8b-Sify,sourjayondeepseekr18bsify|8.03|posttrained,1728,kept_aggregated,"same normalized model, parameter, type and submission date"
1729,Sourjayon/DeepSeek-R1-ForumNXT,sourjayondeepseekr1forumnxt|1.777|posttrained,1729,kept_aggregated,"same normalized model, parameter, type and submission date"
1730,SpaceYL/ECE_Poirot,spaceylecepoirot|1.544|merge,1730,kept_aggregated,"same normalized model, parameter, type and submission date"
1731,Spestly/Athena-1-3B,spestlyathena13b|3.086|posttrained,1731,kept_aggregated,"same normalized model, parameter, type and submission date"
1732,Spestly/Atlas-Pro-1.5B-Preview,spestlyatlaspro15bpreview|1.777|posttrained,1732,kept_aggregated,"same normalized model, parameter, type and submission date"
1733,Spestly/Atlas-Pro-7B-Preview,spestlyatlaspro7bpreview|7.616|posttrained,1733,kept_aggregated,"same normalized model, parameter, type and submission date"
1734,Stark2008/GutenLaserPi,stark2008gutenlaserpi|7.242|merge,1734,kept_aggregated,"same normalized model, parameter, type and submission date"
1735,Stark2008/LayleleFlamPi,stark2008layleleflampi|7.242|merge,1735,kept_aggregated,"same normalized model, parameter, type and submission date"
1736,Stark2008/VisFlamCat,stark2008visflamcat|7.242|merge,1736,kept_aggregated,"same normalized model, parameter, type and submission date"
1737,Steelskull/L3.3-MS-Nevoria-70b,steelskulll33msnevoria70b|70.554|merge,1737,kept_aggregated,"same normalized model, parameter, type and submission date"
1738,Steelskull/L3.3-Nevoria-R1-70b,steelskulll33nevoriar170b|70.554|merge,1738,kept_aggregated,"same normalized model, parameter, type and submission date"
1739,StelleX/Qwen2.5_Math_7B_Cot,stellexqwen25math7bcot|7.616|posttrained,1739,kept_aggregated,"same normalized model, parameter, type and submission date"
1740,StelleX/Vorisatex-7B-preview,stellexvorisatex7bpreview|7.613|posttrained,1740,kept_aggregated,"same normalized model, parameter, type and submission date"
1741,SultanR/SmolTulu-1.7b-Instruct,sultanrsmoltulu17binstruct|1.711|posttrained,1741,kept_aggregated,"same normalized model, parameter, type and submission date"
1742,SultanR/SmolTulu-1.7b-Reinforced,sultanrsmoltulu17breinforced|1.711|posttrained,1742,kept_aggregated,"same normalized model, parameter, type and submission date"
1743,SultanR/SmolTulu-1.7b-it-v0,sultanrsmoltulu17bitv0|1.711|posttrained,1743,kept_aggregated,"same normalized model, parameter, type and submission date"
1744,Supichi/BBA-123,supichibba123|17.161|posttrained,1744,kept_aggregated,"same normalized model, parameter, type and submission date"
1745,Supichi/BBA99,supichibba99|17.161|posttrained,1745,kept_aggregated,"same normalized model, parameter, type and submission date"
1746,Supichi/BBAIK29,supichibbaik29|7.616|merge,1746,kept_aggregated,"same normalized model, parameter, type and submission date"
1747,Supichi/BBAI_135_Gemma,supichibbai135gemma|19.3|merge,1747,kept_aggregated,"same normalized model, parameter, type and submission date"
1748,Supichi/BBAI_250_Xia0_gZ,supichibbai250xia0gz|7.616|merge,1748,kept_aggregated,"same normalized model, parameter, type and submission date"
1749,Supichi/BBAI_275_Tsunami_gZ,supichibbai275tsunamigz|7.616|merge,1749,kept_aggregated,"same normalized model, parameter, type and submission date"
1750,Supichi/BBAI_525_Tsu_gZ_Xia0,supichibbai525tsugzxia0|7.616|merge,1750,kept_aggregated,"same normalized model, parameter, type and submission date"
1751,Supichi/BBAI_78B_Calme_3_1_Ties,supichibbai78bcalme31ties|27.06|merge,1751,kept_aggregated,"same normalized model, parameter, type and submission date"
1752,Supichi/BBAI_QWEEN_V000000_LUMEN_14B,supichibbaiqweenv000000lumen14b|10.366|posttrained,1752,kept_aggregated,"same normalized model, parameter, type and submission date"
1753,Supichi/HF_TOKEN,supichihftoken|17.161|merge,1753,kept_aggregated,"same normalized model, parameter, type and submission date"
1754,Supichi/NJS26,supichinjs26|7.242|merge,1754,kept_aggregated,"same normalized model, parameter, type and submission date"
1755,Svak/MN-12B-Inferor-v0.0,svakmn12binferorv00|12.248|merge,1755,kept_aggregated,"same normalized model, parameter, type and submission date"
1756,Svak/MN-12B-Inferor-v0.1,svakmn12binferorv01|12.248|merge,1756,kept_aggregated,"same normalized model, parameter, type and submission date"
1757,Syed-Hasan-8503/Phi-3-mini-4K-instruct-cpo-simpo,syedhasan8503phi3mini4kinstructcposimpo|3.821|posttrained,1757,kept_aggregated,"same normalized model, parameter, type and submission date"
1758,T145/KRONOS-8B-V1-P1,t145kronos8bv1p1|8.03|posttrained,1758,kept_aggregated,"same normalized model, parameter, type and submission date"
1759,T145/KRONOS-8B-V1-P2,t145kronos8bv1p2|8.03|posttrained,1759,kept_aggregated,"same normalized model, parameter, type and submission date"
1760,T145/KRONOS-8B-V1-P3,t145kronos8bv1p3|8.03|posttrained,1760,kept_aggregated,"same normalized model, parameter, type and submission date"
1761,T145/KRONOS-8B-V2,t145kronos8bv2|8.03|posttrained,1761,kept_aggregated,"same normalized model, parameter, type and submission date"
1762,T145/KRONOS-8B-V3,t145kronos8bv3|8.03|posttrained,1762,kept_aggregated,"same normalized model, parameter, type and submission date"
1763,T145/KRONOS-8B-V4,t145kronos8bv4|8.03|posttrained,1763,kept_aggregated,"same normalized model, parameter, type and submission date"
1764,T145/KRONOS-8B-V5,t145kronos8bv5|8.03|posttrained,1764,kept_aggregated,"same normalized model, parameter, type and submission date"
1765,T145/KRONOS-8B-V6,t145kronos8bv6|8.03|posttrained,1765,kept_aggregated,"same normalized model, parameter, type and submission date"
1766,T145/KRONOS-8B-V7,t145kronos8bv7|4.015|posttrained,1766,kept_aggregated,"same normalized model, parameter, type and submission date"
1767,T145/KRONOS-8B-V8,t145kronos8bv8|8.03|merge,1767,kept_aggregated,"same normalized model, parameter, type and submission date"
1768,T145/KRONOS-8B-V9,t145kronos8bv9|8.03|merge,1768,kept_aggregated,"same normalized model, parameter, type and submission date"
1769,T145/Llama-3.1-8B-Instruct-Zeus,t145llama318binstructzeus|8.03|posttrained,1769,kept_aggregated,"same normalized model, parameter, type and submission date"
1770,T145/Llama-3.1-8B-Zeus,t145llama318bzeus|8.03|posttrained,1770,kept_aggregated,"same normalized model, parameter, type and submission date"
1771,T145/Meta-Llama-3.1-8B-Instruct-TIES,t145metallama318binstructties|8.03|posttrained,1771,kept_aggregated,"same normalized model, parameter, type and submission date"
1772,T145/ZEUS-8B-V10,t145zeus8bv10|8.03|posttrained,1772,kept_aggregated,"same normalized model, parameter, type and submission date"
1773,T145/ZEUS-8B-V11,t145zeus8bv11|8.03|posttrained,1773,kept_aggregated,"same normalized model, parameter, type and submission date"
1774,T145/ZEUS-8B-V12,t145zeus8bv12|8.03|posttrained,1774,kept_aggregated,"same normalized model, parameter, type and submission date"
1775,T145/ZEUS-8B-V13,t145zeus8bv13|8.03|posttrained,1775,kept_aggregated,"same normalized model, parameter, type and submission date"
1776,T145/ZEUS-8B-V13-abliterated,t145zeus8bv13abliterated|8.03|posttrained,1776,kept_aggregated,"same normalized model, parameter, type and submission date"
1777,T145/ZEUS-8B-V14,t145zeus8bv14|8.03|posttrained,1777,kept_aggregated,"same normalized model, parameter, type and submission date"
1778,T145/ZEUS-8B-V15,t145zeus8bv15|4.015|posttrained,1778,kept_aggregated,"same normalized model, parameter, type and submission date"
1779,T145/ZEUS-8B-V16,t145zeus8bv16|8.03|merge,1779,kept_aggregated,"same normalized model, parameter, type and submission date"
1780,T145/ZEUS-8B-V17,t145zeus8bv17|8.03|merge,1780,kept_aggregated,"same normalized model, parameter, type and submission date"
1781,T145/ZEUS-8B-V17-abliterated,t145zeus8bv17abliterated|7.594|merge,1781,kept_aggregated,"same normalized model, parameter, type and submission date"
1782,T145/ZEUS-8B-V17-abliterated-V2,t145zeus8bv17abliteratedv2|8.03|merge,1782,kept_aggregated,"same normalized model, parameter, type and submission date"
1783,T145/ZEUS-8B-V17-abliterated-V4,t145zeus8bv17abliteratedv4|8.03|posttrained,1783,kept_aggregated,"same normalized model, parameter, type and submission date"
1784,T145/ZEUS-8B-V18,t145zeus8bv18|8.03|merge,1784,kept_aggregated,"same normalized model, parameter, type and submission date"
1785,T145/ZEUS-8B-V19,t145zeus8bv19|8.03|merge,1785,kept_aggregated,"same normalized model, parameter, type and submission date"
1786,T145/ZEUS-8B-V2,t145zeus8bv2|8.03|posttrained,1786,kept_aggregated,"same normalized model, parameter, type and submission date"
1787,T145/ZEUS-8B-V2-ORPO,t145zeus8bv2orpo|4.015|posttrained,1787,kept_aggregated,"same normalized model, parameter, type and submission date"
1788,T145/ZEUS-8B-V2-abliterated,t145zeus8bv2abliterated|8.03|posttrained,1788,kept_aggregated,"same normalized model, parameter, type and submission date"
1789,T145/ZEUS-8B-V20,t145zeus8bv20|8.03|merge,1789,kept_aggregated,"same normalized model, parameter, type and submission date"
1790,T145/ZEUS-8B-V21,t145zeus8bv21|8.03|merge,1790,kept_aggregated,"same normalized model, parameter, type and submission date"
1791,T145/ZEUS-8B-V22,t145zeus8bv22|8.03|merge,1791,kept_aggregated,"same normalized model, parameter, type and submission date"
1792,T145/ZEUS-8B-V23,t145zeus8bv23|8.03|merge,1792,kept_aggregated,"same normalized model, parameter, type and submission date"
1793,T145/ZEUS-8B-V24,t145zeus8bv24|8.03|merge,1793,kept_aggregated,"same normalized model, parameter, type and submission date"
1794,T145/ZEUS-8B-V25,t145zeus8bv25|8.03|merge,1794,kept_aggregated,"same normalized model, parameter, type and submission date"
1795,T145/ZEUS-8B-V26,t145zeus8bv26|8.03|merge,1795,kept_aggregated,"same normalized model, parameter, type and submission date"
1796,T145/ZEUS-8B-V27,t145zeus8bv27|8.03|merge,1796,kept_aggregated,"same normalized model, parameter, type and submission date"
1797,T145/ZEUS-8B-V28,t145zeus8bv28|8.03|merge,1797,kept_aggregated,"same normalized model, parameter, type and submission date"
1798,T145/ZEUS-8B-V29,t145zeus8bv29|8.03|merge,1798,kept_aggregated,"same normalized model, parameter, type and submission date"
1799,T145/ZEUS-8B-V2L1,t145zeus8bv2l1|8.03|posttrained,1799,kept_aggregated,"same normalized model, parameter, type and submission date"
1800,T145/ZEUS-8B-V2L2,t145zeus8bv2l2|8.03|posttrained,1800,kept_aggregated,"same normalized model, parameter, type and submission date"
1801,T145/ZEUS-8B-V3,t145zeus8bv3|8.03|posttrained,1801,kept_aggregated,"same normalized model, parameter, type and submission date"
1802,T145/ZEUS-8B-V30,t145zeus8bv30|8.03|merge,1802,kept_aggregated,"same normalized model, parameter, type and submission date"
1803,T145/ZEUS-8B-V4,t145zeus8bv4|8.03|posttrained,1803,kept_aggregated,"same normalized model, parameter, type and submission date"
1804,T145/ZEUS-8B-V6,t145zeus8bv6|8.03|posttrained,1804,kept_aggregated,"same normalized model, parameter, type and submission date"
1805,T145/ZEUS-8B-V7,t145zeus8bv7|8.03|posttrained,1805,kept_aggregated,"same normalized model, parameter, type and submission date"
1806,T145/ZEUS-8B-V8,t145zeus8bv8|8.03|posttrained,1806,kept_aggregated,"same normalized model, parameter, type and submission date"
1807,T145/ZEUS-8B-V9,t145zeus8bv9|8.03|posttrained,1807,kept_aggregated,"same normalized model, parameter, type and submission date"
1808,T145/qwen-2.5-3B-merge-test,t145qwen253bmergetest|3.397|posttrained,1808,kept_aggregated,"same normalized model, parameter, type and submission date"
1809,THUDM/glm-4-9b,thudmglm49b|9.0|pretrained,1809,kept_aggregated,"same normalized model, parameter, type and submission date"
1810,THUDM/glm-4-9b-chat,thudmglm49bchat|9.0|posttrained,1810,kept_aggregated,"same normalized model, parameter, type and submission date"
1811,THUDM/glm-4-9b-chat-1m,thudmglm49bchat1m|9.484|posttrained,1811,kept_aggregated,"same normalized model, parameter, type and submission date"
1812,THUDM/glm-4-9b-chat-1m-hf,thudmglm49bchat1mhf|9.484|posttrained,1812,kept_aggregated,"same normalized model, parameter, type and submission date"
1813,THUDM/glm-4-9b-chat-hf,thudmglm49bchathf|9.4|posttrained,1813,kept_aggregated,"same normalized model, parameter, type and submission date"
1814,TIGER-Lab/AceCodeRM-7B,tigerlabacecoderm7b|7.616|posttrained,1814,kept_aggregated,"same normalized model, parameter, type and submission date"
1815,TIGER-Lab/AceCoder-Qwen2.5-7B-Ins-Rule,tigerlabacecoderqwen257binsrule|7.616|posttrained,1815,kept_aggregated,"same normalized model, parameter, type and submission date"
1816,TIGER-Lab/AceCoder-Qwen2.5-Coder-7B-Base-Rule,tigerlabacecoderqwen25coder7bbaserule|7.616|posttrained,1816,kept_aggregated,"same normalized model, parameter, type and submission date"
1817,TIGER-Lab/AceCoder-Qwen2.5-Coder-7B-Ins-Rule,tigerlabacecoderqwen25coder7binsrule|7.616|posttrained,1817,kept_aggregated,"same normalized model, parameter, type and submission date"
1818,TIGER-Lab/MAmmoTH2-7B-Plus,tigerlabmammoth27bplus|7.242|posttrained,1818,kept_aggregated,"same normalized model, parameter, type and submission date"
1819,TIGER-Lab/Qwen2.5-Math-7B-CFT,tigerlabqwen25math7bcft|7.616|posttrained,1819,kept_aggregated,"same normalized model, parameter, type and submission date"
1820,TTTXXX01/Mistral-7B-Base-SimPO2-5e-7,tttxxx01mistral7bbasesimpo25e7|7.242|posttrained,1820,kept_aggregated,"same normalized model, parameter, type and submission date"
1821,Tarek07/Progenitor-V1.1-LLaMa-70B,tarek07progenitorv11llama70b|70.554|merge,1821,kept_aggregated,"same normalized model, parameter, type and submission date"
1822,Tarek07/Thalassic-Alpha-LLaMa-70B,tarek07thalassicalphallama70b|70.554|merge,1822,kept_aggregated,"same normalized model, parameter, type and submission date"
1823,TeeZee/DoubleBagel-57B-v1.0,teezeedoublebagel57bv10|56.703|merge,1823,kept_aggregated,"same normalized model, parameter, type and submission date"
1824,Telugu-LLM-Labs/Indic-gemma-2b-finetuned-sft-Navarasa-2.0,telugullmlabsindicgemma2bfinetunedsftnavarasa20|2.506|posttrained,1824,kept_aggregated,"same normalized model, parameter, type and submission date"
1825,Telugu-LLM-Labs/Indic-gemma-7b-finetuned-sft-Navarasa-2.0,telugullmlabsindicgemma7bfinetunedsftnavarasa20|8.538|posttrained,1825,kept_aggregated,"same normalized model, parameter, type and submission date"
1826,TencentARC/LLaMA-Pro-8B,tencentarcllamapro8b|8.357|posttrained,1826,kept_aggregated,"same normalized model, parameter, type and submission date"
1827,TencentARC/LLaMA-Pro-8B-Instruct,tencentarcllamapro8binstruct|8.357|posttrained,1827,kept_aggregated,"same normalized model, parameter, type and submission date"
1828,TencentARC/MetaMath-Mistral-Pro,tencentarcmetamathmistralpro|8.987|posttrained,1828,kept_aggregated,"same normalized model, parameter, type and submission date"
1829,TencentARC/Mistral_Pro_8B_v0.1,tencentarcmistralpro8bv01|8.987|posttrained,1829,kept_aggregated,"same normalized model, parameter, type and submission date"
1830,TheDrummer/Cydonia-22B-v1.2,thedrummercydonia22bv12|22.247|posttrained,1830,kept_aggregated,"same normalized model, parameter, type and submission date"
1831,TheDrummer/Gemmasutra-9B-v1,thedrummergemmasutra9bv1|10.159|merge,1831,kept_aggregated,"same normalized model, parameter, type and submission date"
1832,TheDrummer/Gemmasutra-Mini-2B-v1,thedrummergemmasutramini2bv1|2.614|posttrained,1832,kept_aggregated,"same normalized model, parameter, type and submission date"
1833,TheDrummer/Llama-3SOME-8B-v2,thedrummerllama3some8bv2|8.03|posttrained,1833,kept_aggregated,"same normalized model, parameter, type and submission date"
1834,TheDrummer/Ministrations-8B-v1,thedrummerministrations8bv1|8.02|posttrained,1834,kept_aggregated,"same normalized model, parameter, type and submission date"
1835,TheDrummer/Rocinante-12B-v1,thedrummerrocinante12bv1|12.248|posttrained,1835,kept_aggregated,"same normalized model, parameter, type and submission date"
1836,TheDrummer/Tiger-Gemma-9B-v1,thedrummertigergemma9bv1|9.242|posttrained,1836,kept_aggregated,"same normalized model, parameter, type and submission date"
1837,TheDrummer/Tiger-Gemma-9B-v2,thedrummertigergemma9bv2|9.242|posttrained,1837,kept_aggregated,"same normalized model, parameter, type and submission date"
1838,TheDrummer/Tiger-Gemma-9B-v3,thedrummertigergemma9bv3|9.242|posttrained,1838,kept_aggregated,"same normalized model, parameter, type and submission date"
1839,TheDrunkenSnail/Daughter-of-Rhodia-12B,thedrunkensnaildaughterofrhodia12b|12.248|merge,1839,kept_aggregated,"same normalized model, parameter, type and submission date"
1840,TheDrunkenSnail/Mother-of-Rhodia-12B,thedrunkensnailmotherofrhodia12b|12.248|merge,1840,kept_aggregated,"same normalized model, parameter, type and submission date"
1841,TheDrunkenSnail/Son-of-Rhodia,thedrunkensnailsonofrhodia|12.248|merge,1841,kept_aggregated,"same normalized model, parameter, type and submission date"
1842,TheHierophant/Underground-Cognitive-V0.3-test,thehierophantundergroundcognitivev03test|10.732|merge,1842,kept_aggregated,"same normalized model, parameter, type and submission date"
1843,TheTsar1209/nemo-carpmuscle-v0.1,thetsar1209nemocarpmusclev01|12.248|posttrained,1843,kept_aggregated,"same normalized model, parameter, type and submission date"
1844,TheTsar1209/qwen-carpmuscle-r-v0.3,thetsar1209qwencarpmusclerv03|14.766|posttrained,1844,kept_aggregated,"same normalized model, parameter, type and submission date"
1845,TheTsar1209/qwen-carpmuscle-v0.1,thetsar1209qwencarpmusclev01|14.77|posttrained,1845,kept_aggregated,"same normalized model, parameter, type and submission date"
1846,TheTsar1209/qwen-carpmuscle-v0.2,thetsar1209qwencarpmusclev02|14.77|posttrained,1846,kept_aggregated,"same normalized model, parameter, type and submission date"
1847,TheTsar1209/qwen-carpmuscle-v0.3,thetsar1209qwencarpmusclev03|14.77|posttrained,1847,kept_aggregated,"same normalized model, parameter, type and submission date"
1848,TheTsar1209/qwen-carpmuscle-v0.4,thetsar1209qwencarpmusclev04|14.77|posttrained,1848,kept_aggregated,"same normalized model, parameter, type and submission date"
1849,TheTsar1209/qwen-carpmuscle-v0.4.1,thetsar1209qwencarpmusclev041|14.77|posttrained,1849,kept_aggregated,"same normalized model, parameter, type and submission date"
1850,Tijmen2/cosmosage-v3,tijmen2cosmosagev3|8.03|posttrained,1850,kept_aggregated,"same normalized model, parameter, type and submission date"
1851,TinyLlama/TinyLlama-1.1B-Chat-v0.1,tinyllamatinyllama11bchatv01|1.1|posttrained,1851,kept_aggregated,"same normalized model, parameter, type and submission date"
1852,TinyLlama/TinyLlama-1.1B-Chat-v0.5,tinyllamatinyllama11bchatv05|1.1|posttrained,1852,kept_aggregated,"same normalized model, parameter, type and submission date"
1853,TinyLlama/TinyLlama-1.1B-Chat-v0.6,tinyllamatinyllama11bchatv06|1.1|posttrained,1853,kept_aggregated,"same normalized model, parameter, type and submission date"
1854,TinyLlama/TinyLlama-1.1B-Chat-v1.0,tinyllamatinyllama11bchatv10|1.1|posttrained,1854,kept_aggregated,"same normalized model, parameter, type and submission date"
1855,TinyLlama/TinyLlama-1.1B-intermediate-step-1431k-3T,tinyllamatinyllama11bintermediatestep1431k3t|1.1|pretrained,1855,kept_aggregated,"same normalized model, parameter, type and submission date"
1856,TinyLlama/TinyLlama_v1.1,tinyllamatinyllamav11|1.1|pretrained,1856,kept_aggregated,"same normalized model, parameter, type and submission date"
1857,ToastyPigeon/Sto-vo-kor-12B,toastypigeonstovokor12b|12.248|posttrained,1857,kept_aggregated,"same normalized model, parameter, type and submission date"
1858,Trappu/Magnum-Picaro-0.7-v2-12b,trappumagnumpicaro07v212b|12.248|merge,1858,kept_aggregated,"same normalized model, parameter, type and submission date"
1859,Trappu/Nemo-Picaro-12B,trappunemopicaro12b|12.248|posttrained,1859,kept_aggregated,"same normalized model, parameter, type and submission date"
1860,Tremontaine/L3-12B-Lunaris-v1,tremontainel312blunarisv1|11.52|posttrained,1860,kept_aggregated,"same normalized model, parameter, type and submission date"
1861,Triangle104/Annunaki-12b,triangle104annunaki12b|12.248|merge,1861,kept_aggregated,"same normalized model, parameter, type and submission date"
1862,Triangle104/BigTalker-Lite-8B,triangle104bigtalkerlite8b|8.03|merge,1862,kept_aggregated,"same normalized model, parameter, type and submission date"
1863,Triangle104/Chatty-Harry_V2.0,triangle104chattyharryv20|12.248|merge,1863,kept_aggregated,"same normalized model, parameter, type and submission date"
1864,Triangle104/Chatty-Harry_V3.0,triangle104chattyharryv30|12.248|merge,1864,kept_aggregated,"same normalized model, parameter, type and submission date"
1865,Triangle104/Chronos-Prism_V1.0,triangle104chronosprismv10|12.248|merge,1865,kept_aggregated,"same normalized model, parameter, type and submission date"
1866,Triangle104/DS-Distilled-Hermes-Llama-3.1,triangle104dsdistilledhermesllama31|8.03|merge,1866,kept_aggregated,"same normalized model, parameter, type and submission date"
1867,Triangle104/DS-Distilled-Hermes-Llama-3.1_TIES,triangle104dsdistilledhermesllama31ties|8.03|merge,1867,kept_aggregated,"same normalized model, parameter, type and submission date"
1868,Triangle104/DS-R1-Distill-Q2.5-10B-Harmony,triangle104dsr1distillq2510bharmony|10.366|merge,1868,kept_aggregated,"same normalized model, parameter, type and submission date"
1869,Triangle104/DS-R1-Distill-Q2.5-14B-Harmony_V0.1,triangle104dsr1distillq2514bharmonyv01|14.77|merge,1869,kept_aggregated,"same normalized model, parameter, type and submission date"
1870,Triangle104/DS-R1-Distill-Q2.5-7B-RP,triangle104dsr1distillq257brp|7.616|merge,1870,kept_aggregated,"same normalized model, parameter, type and submission date"
1871,Triangle104/DS-R1-Llama-8B-Harmony,triangle104dsr1llama8bharmony|8.03|merge,1871,kept_aggregated,"same normalized model, parameter, type and submission date"
1872,Triangle104/DSR1-Distill-Llama-Lit-8B,triangle104dsr1distillllamalit8b|8.03|merge,1872,kept_aggregated,"same normalized model, parameter, type and submission date"
1873,Triangle104/DSR1-Distill-Qwen-7B-RP,triangle104dsr1distillqwen7brp|7.613|merge,1873,kept_aggregated,"same normalized model, parameter, type and submission date"
1874,Triangle104/Dark-Chivalry_V1.0,triangle104darkchivalryv10|8.03|merge,1874,kept_aggregated,"same normalized model, parameter, type and submission date"
1875,Triangle104/Distilled-DarkPlanet-Allades-8B,triangle104distilleddarkplanetallades8b|8.03|merge,1875,kept_aggregated,"same normalized model, parameter, type and submission date"
1876,Triangle104/Distilled-DarkPlanet-Allades-8B_TIES,triangle104distilleddarkplanetallades8bties|8.03|merge,1876,kept_aggregated,"same normalized model, parameter, type and submission date"
1877,Triangle104/Distilled-Whiskey-8b,triangle104distilledwhiskey8b|8.03|merge,1877,kept_aggregated,"same normalized model, parameter, type and submission date"
1878,Triangle104/Dolphin3-Llama3.2-Smart,triangle104dolphin3llama32smart|3.213|merge,1878,kept_aggregated,"same normalized model, parameter, type and submission date"
1879,Triangle104/Gemmadevi-Stock-10B,triangle104gemmadevistock10b|10.159|merge,1879,kept_aggregated,"same normalized model, parameter, type and submission date"
1880,Triangle104/Hermes-Llama-3.2-CoT,triangle104hermesllama32cot|3.213|merge,1880,kept_aggregated,"same normalized model, parameter, type and submission date"
1881,Triangle104/Hermes-Llama-3.2-CoT-Summary,triangle104hermesllama32cotsummary|3.213|merge,1881,kept_aggregated,"same normalized model, parameter, type and submission date"
1882,Triangle104/Hermes3-L3.1-DirtyHarry-8B,triangle104hermes3l31dirtyharry8b|8.03|merge,1882,kept_aggregated,"same normalized model, parameter, type and submission date"
1883,Triangle104/Herodotos-14B,triangle104herodotos14b|14.77|merge,1883,kept_aggregated,"same normalized model, parameter, type and submission date"
1884,Triangle104/Herodotos-14B_V0.1,triangle104herodotos14bv01|14.77|merge,1884,kept_aggregated,"same normalized model, parameter, type and submission date"
1885,Triangle104/L3.1-8B-Dusky-Ink,triangle104l318bduskyink|8.03|merge,1885,kept_aggregated,"same normalized model, parameter, type and submission date"
1886,Triangle104/L3.1-8B-Dusky-Ink_v0.r1,triangle104l318bduskyinkv0r1|8.03|merge,1886,kept_aggregated,"same normalized model, parameter, type and submission date"
1887,Triangle104/LThreePointOne-8B-HermesBlackroot,triangle104lthreepointone8bhermesblackroot|8.03|merge,1887,kept_aggregated,"same normalized model, parameter, type and submission date"
1888,Triangle104/LThreePointOne-8B-HermesInk,triangle104lthreepointone8bhermesink|8.03|merge,1888,kept_aggregated,"same normalized model, parameter, type and submission date"
1889,Triangle104/Llama3.1-Allades-Lit-8b,triangle104llama31alladeslit8b|8.03|merge,1889,kept_aggregated,"same normalized model, parameter, type and submission date"
1890,Triangle104/Llama3.1-cc-Lit-8b,triangle104llama31cclit8b|8.03|merge,1890,kept_aggregated,"same normalized model, parameter, type and submission date"
1891,Triangle104/Minerva-1.5b,triangle104minerva15b|1.777|merge,1891,kept_aggregated,"same normalized model, parameter, type and submission date"
1892,Triangle104/Minerva-1.5b_V0.2,triangle104minerva15bv02|1.777|merge,1892,kept_aggregated,"same normalized model, parameter, type and submission date"
1893,Triangle104/Minerva-10b,triangle104minerva10b|10.067|merge,1893,kept_aggregated,"same normalized model, parameter, type and submission date"
1894,Triangle104/Minerva-14b,triangle104minerva14b|14.77|merge,1894,kept_aggregated,"same normalized model, parameter, type and submission date"
1895,Triangle104/Minerva-14b-V0.1,triangle104minerva14bv01|14.77|posttrained,1895,kept_aggregated,"same normalized model, parameter, type and submission date"
1896,Triangle104/Minerva-7b,triangle104minerva7b|7.616|merge,1896,kept_aggregated,"same normalized model, parameter, type and submission date"
1897,Triangle104/Minerva-8b,triangle104minerva8b|7.248|posttrained,1897,kept_aggregated,"same normalized model, parameter, type and submission date"
1898,Triangle104/Mistral-Redemption-Arc,triangle104mistralredemptionarc|23.572|merge,1898,kept_aggregated,"same normalized model, parameter, type and submission date"
1899,Triangle104/Mistral-Small-24b-Harmony,triangle104mistralsmall24bharmony|23.572|merge,1899,kept_aggregated,"same normalized model, parameter, type and submission date"
1900,Triangle104/Pans_Gutenbergum_V0.1,triangle104pansgutenbergumv01|12.248|merge,1900,kept_aggregated,"same normalized model, parameter, type and submission date"
1901,Triangle104/Pans_Gutenbergum_V0.2,triangle104pansgutenbergumv02|12.248|merge,1901,kept_aggregated,"same normalized model, parameter, type and submission date"
1902,Triangle104/Pantheon_ChatWaifu_V0.2,triangle104pantheonchatwaifuv02|12.248|merge,1902,kept_aggregated,"same normalized model, parameter, type and submission date"
1903,Triangle104/Phi-4-AbliteratedRP,triangle104phi4abliteratedrp|14.66|merge,1903,kept_aggregated,"same normalized model, parameter, type and submission date"
1904,Triangle104/Phi4-RP-o1,triangle104phi4rpo1|14.66|merge,1904,kept_aggregated,"same normalized model, parameter, type and submission date"
1905,Triangle104/Phi4-RP-o1-Ablit,triangle104phi4rpo1ablit|14.66|merge,1905,kept_aggregated,"same normalized model, parameter, type and submission date"
1906,Triangle104/Porpoise-R1-Llama3.2-3b,triangle104porpoiser1llama323b|3.213|merge,1906,kept_aggregated,"same normalized model, parameter, type and submission date"
1907,Triangle104/Q2.5-14B-Instruct-1M-Harmony,triangle104q2514binstruct1mharmony|14.77|merge,1907,kept_aggregated,"same normalized model, parameter, type and submission date"
1908,Triangle104/Q2.5-AthensCOT,triangle104q25athenscot|7.616|posttrained,1908,kept_aggregated,"same normalized model, parameter, type and submission date"
1909,Triangle104/Q2.5-CodeR1-3B,triangle104q25coder13b|3.085|merge,1909,kept_aggregated,"same normalized model, parameter, type and submission date"
1910,Triangle104/Q2.5-EVACOT-7b,triangle104q25evacot7b|7.616|merge,1910,kept_aggregated,"same normalized model, parameter, type and submission date"
1911,Triangle104/Q2.5-EvaHumane-RP,triangle104q25evahumanerp|7.616|merge,1911,kept_aggregated,"same normalized model, parameter, type and submission date"
1912,Triangle104/Q2.5-Humane-RP,triangle104q25humanerp|7.616|merge,1912,kept_aggregated,"same normalized model, parameter, type and submission date"
1913,Triangle104/Q2.5-Instruct-1M_Harmony,triangle104q25instruct1mharmony|7.616|merge,1913,kept_aggregated,"same normalized model, parameter, type and submission date"
1914,Triangle104/Q2.5-R1-3B,triangle104q25r13b|3.085|merge,1914,kept_aggregated,"same normalized model, parameter, type and submission date"
1915,Triangle104/Q2.5-R1-7B,triangle104q25r17b|7.613|merge,1915,kept_aggregated,"same normalized model, parameter, type and submission date"
1916,Triangle104/Robo-Gutenberg_V1.0,triangle104robogutenbergv10|14.77|merge,1916,kept_aggregated,"same normalized model, parameter, type and submission date"
1917,Triangle104/Rocinante-Prism_V2.0,triangle104rocinanteprismv20|12.248|merge,1917,kept_aggregated,"same normalized model, parameter, type and submission date"
1918,Triangle104/Rocinante-Prism_V2.1,triangle104rocinanteprismv21|12.248|merge,1918,kept_aggregated,"same normalized model, parameter, type and submission date"
1919,Triangle104/RomboHermes3-R1-Llama3.2-3b,triangle104rombohermes3r1llama323b|3.213|merge,1919,kept_aggregated,"same normalized model, parameter, type and submission date"
1920,Triangle104/Rombos-Novasky-7B_V1c,triangle104rombosnovasky7bv1c|7.616|merge,1920,kept_aggregated,"same normalized model, parameter, type and submission date"
1921,Triangle104/Set-70b,triangle104set70b|70.554|merge,1921,kept_aggregated,"same normalized model, parameter, type and submission date"
1922,Tsunami-th/Tsunami-0.5-7B-Instruct,tsunamithtsunami057binstruct|7.616|posttrained,1922,kept_aggregated,"same normalized model, parameter, type and submission date"
1923,Tsunami-th/Tsunami-0.5x-7B-Instruct,tsunamithtsunami05x7binstruct|7.616|posttrained,1923,kept_aggregated,"same normalized model, parameter, type and submission date"
1924,Tsunami-th/Tsunami-1.0-14B-Instruct,tsunamithtsunami1014binstruct|14.77|posttrained,1924,kept_aggregated,"same normalized model, parameter, type and submission date"
1925,Tsunami-th/Tsunami-1.0-7B-Instruct,tsunamithtsunami107binstruct|7.616|posttrained,1925,kept_aggregated,"same normalized model, parameter, type and submission date"
1926,UCLA-AGI/Gemma-2-9B-It-SPPO-Iter1,uclaagigemma29bitsppoiter1|9.242|posttrained,1926,kept_aggregated,"same normalized model, parameter, type and submission date"
1927,UCLA-AGI/Gemma-2-9B-It-SPPO-Iter2,uclaagigemma29bitsppoiter2|9.242|posttrained,1927,kept_aggregated,"same normalized model, parameter, type and submission date"
1928,UCLA-AGI/Gemma-2-9B-It-SPPO-Iter3,uclaagigemma29bitsppoiter3|9.242|posttrained,1928,kept_aggregated,"same normalized model, parameter, type and submission date"
1929,UCLA-AGI/Llama-3-Instruct-8B-SPPO-Iter1,uclaagillama3instruct8bsppoiter1|8.03|posttrained,1929,kept_aggregated,"same normalized model, parameter, type and submission date"
1930,UCLA-AGI/Llama-3-Instruct-8B-SPPO-Iter2,uclaagillama3instruct8bsppoiter2|8.0|posttrained,1930,kept_aggregated,"same normalized model, parameter, type and submission date"
1931,UCLA-AGI/Llama-3-Instruct-8B-SPPO-Iter3,uclaagillama3instruct8bsppoiter3|8.03|posttrained,1931,kept_aggregated,"same normalized model, parameter, type and submission date"
1932,UCLA-AGI/Llama-3-Instruct-8B-SPPO-Iter3,uclaagillama3instruct8bsppoiter3|8.03|posttrained,1932,kept_aggregated,"same normalized model, parameter, type and submission date"
1933,UCLA-AGI/Mistral7B-PairRM-SPPO,uclaagimistral7bpairrmsppo|7.242|posttrained,1933,kept_aggregated,"same normalized model, parameter, type and submission date"
1934,UCLA-AGI/Mistral7B-PairRM-SPPO-Iter1,uclaagimistral7bpairrmsppoiter1|7.242|posttrained,1934,kept_aggregated,"same normalized model, parameter, type and submission date"
1935,UCLA-AGI/Mistral7B-PairRM-SPPO-Iter2,uclaagimistral7bpairrmsppoiter2|7.242|posttrained,1935,kept_aggregated,"same normalized model, parameter, type and submission date"
1936,UCLA-AGI/Mistral7B-PairRM-SPPO-Iter3,uclaagimistral7bpairrmsppoiter3|7.242|posttrained,1936,kept_aggregated,"same normalized model, parameter, type and submission date"
1937,UKzExecution/LlamaExecutor-8B-3.0.5,ukzexecutionllamaexecutor8b305|8.03|merge,1937,kept_aggregated,"same normalized model, parameter, type and submission date"
1938,Unbabel/TowerInstruct-Mistral-7B-v0.2,unbabeltowerinstructmistral7bv02|7.242|posttrained,1938,kept_aggregated,"same normalized model, parameter, type and submission date"
1939,Undi95/MG-FinalMix-72B,undi95mgfinalmix72b|72.706|posttrained,1939,kept_aggregated,"same normalized model, parameter, type and submission date"
1940,Undi95/Phi4-abliterated,undi95phi4abliterated|14.66|posttrained,1940,kept_aggregated,"same normalized model, parameter, type and submission date"
1941,V3N0M/Jenna-Tiny-2.0,v3n0mjennatiny20|0.631|posttrained,1941,kept_aggregated,"same normalized model, parameter, type and submission date"
1942,VAGOsolutions/Llama-3-SauerkrautLM-70b-Instruct,vagosolutionsllama3sauerkrautlm70binstruct|70.554|posttrained,1942,kept_aggregated,"same normalized model, parameter, type and submission date"
1943,VAGOsolutions/Llama-3-SauerkrautLM-8b-Instruct,vagosolutionsllama3sauerkrautlm8binstruct|8.03|posttrained,1943,kept_aggregated,"same normalized model, parameter, type and submission date"
1944,VAGOsolutions/Llama-3.1-SauerkrautLM-70b-Instruct,vagosolutionsllama31sauerkrautlm70binstruct|70.554|posttrained,1944,kept_aggregated,"same normalized model, parameter, type and submission date"
1945,VAGOsolutions/Llama-3.1-SauerkrautLM-8b-Instruct,vagosolutionsllama31sauerkrautlm8binstruct|8.03|posttrained,1945,kept_aggregated,"same normalized model, parameter, type and submission date"
1946,VAGOsolutions/SauerkrautLM-1.5b,vagosolutionssauerkrautlm15b|1.544|posttrained,1946,kept_aggregated,"same normalized model, parameter, type and submission date"
1947,VAGOsolutions/SauerkrautLM-7b-HerO,vagosolutionssauerkrautlm7bhero|7.242|posttrained,1947,kept_aggregated,"same normalized model, parameter, type and submission date"
1948,VAGOsolutions/SauerkrautLM-7b-LaserChat,vagosolutionssauerkrautlm7blaserchat|7.242|posttrained,1948,kept_aggregated,"same normalized model, parameter, type and submission date"
1949,VAGOsolutions/SauerkrautLM-Gemma-2b,vagosolutionssauerkrautlmgemma2b|2.506|posttrained,1949,kept_aggregated,"same normalized model, parameter, type and submission date"
1950,VAGOsolutions/SauerkrautLM-Gemma-7b,vagosolutionssauerkrautlmgemma7b|8.538|posttrained,1950,kept_aggregated,"same normalized model, parameter, type and submission date"
1951,VAGOsolutions/SauerkrautLM-Mixtral-8x7B-Instruct,vagosolutionssauerkrautlmmixtral8x7binstruct|46.703|posttrained,1951,kept_aggregated,"same normalized model, parameter, type and submission date"
1952,VAGOsolutions/SauerkrautLM-Nemo-12b-Instruct,vagosolutionssauerkrautlmnemo12binstruct|12.248|posttrained,1952,kept_aggregated,"same normalized model, parameter, type and submission date"
1953,VAGOsolutions/SauerkrautLM-Phi-3-medium,vagosolutionssauerkrautlmphi3medium|13.96|posttrained,1953,kept_aggregated,"same normalized model, parameter, type and submission date"
1954,VAGOsolutions/SauerkrautLM-SOLAR-Instruct,vagosolutionssauerkrautlmsolarinstruct|10.732|posttrained,1954,kept_aggregated,"same normalized model, parameter, type and submission date"
1955,VAGOsolutions/SauerkrautLM-gemma-2-2b-it,vagosolutionssauerkrautlmgemma22bit|2.614|posttrained,1955,kept_aggregated,"same normalized model, parameter, type and submission date"
1956,VAGOsolutions/SauerkrautLM-gemma-2-9b-it,vagosolutionssauerkrautlmgemma29bit|9.242|posttrained,1956,kept_aggregated,"same normalized model, parameter, type and submission date"
1957,VAGOsolutions/SauerkrautLM-v2-14b-DPO,vagosolutionssauerkrautlmv214bdpo|14.77|posttrained,1957,kept_aggregated,"same normalized model, parameter, type and submission date"
1958,VAGOsolutions/SauerkrautLM-v2-14b-SFT,vagosolutionssauerkrautlmv214bsft|14.77|posttrained,1958,kept_aggregated,"same normalized model, parameter, type and submission date"
1959,VIRNECT/llama-3-Korean-8B,virnectllama3korean8b|8.03|posttrained,1960,replaced_same_version_date,"same normalized model, parameter, type and submission date"
1960,VIRNECT/llama-3-Korean-8B,virnectllama3korean8b|8.03|posttrained,1960,kept_aggregated,"same normalized model, parameter, type and submission date"
1961,VIRNECT/llama-3-Korean-8B-r-v-0.1,virnectllama3korean8brv01|16.061|posttrained,1961,kept_aggregated,"same normalized model, parameter, type and submission date"
1962,ValiantLabs/Llama3-70B-Fireplace,valiantlabsllama370bfireplace|70.554|posttrained,1962,kept_aggregated,"same normalized model, parameter, type and submission date"
1963,ValiantLabs/Llama3-70B-ShiningValiant2,valiantlabsllama370bshiningvaliant2|70.554|posttrained,1963,kept_aggregated,"same normalized model, parameter, type and submission date"
1964,ValiantLabs/Llama3.1-70B-ShiningValiant2,valiantlabsllama3170bshiningvaliant2|70.554|posttrained,1964,kept_aggregated,"same normalized model, parameter, type and submission date"
1965,ValiantLabs/Llama3.1-8B-Cobalt,valiantlabsllama318bcobalt|8.03|posttrained,1965,kept_aggregated,"same normalized model, parameter, type and submission date"
1966,ValiantLabs/Llama3.1-8B-Cobalt,valiantlabsllama318bcobalt|8.03|posttrained,1966,kept_aggregated,"same normalized model, parameter, type and submission date"
1967,ValiantLabs/Llama3.1-8B-Enigma,valiantlabsllama318benigma|8.03|posttrained,1967,kept_aggregated,"same normalized model, parameter, type and submission date"
1968,ValiantLabs/Llama3.1-8B-Esper2,valiantlabsllama318besper2|8.03|posttrained,1968,kept_aggregated,"same normalized model, parameter, type and submission date"
1969,ValiantLabs/Llama3.1-8B-Fireplace2,valiantlabsllama318bfireplace2|8.03|posttrained,1969,kept_aggregated,"same normalized model, parameter, type and submission date"
1970,ValiantLabs/Llama3.1-8B-Fireplace2,valiantlabsllama318bfireplace2|8.03|posttrained,1970,kept_aggregated,"same normalized model, parameter, type and submission date"
1971,ValiantLabs/Llama3.1-8B-ShiningValiant2,valiantlabsllama318bshiningvaliant2|8.03|posttrained,1971,kept_aggregated,"same normalized model, parameter, type and submission date"
1972,ValiantLabs/Llama3.1-8B-ShiningValiant2,valiantlabsllama318bshiningvaliant2|8.03|posttrained,1972,kept_aggregated,"same normalized model, parameter, type and submission date"
1973,ValiantLabs/Llama3.2-3B-Enigma,valiantlabsllama323benigma|3.213|posttrained,1973,kept_aggregated,"same normalized model, parameter, type and submission date"
1974,ValiantLabs/Llama3.2-3B-Esper2,valiantlabsllama323besper2|3.213|posttrained,1974,kept_aggregated,"same normalized model, parameter, type and submission date"
1975,ValiantLabs/Llama3.2-3B-ShiningValiant2,valiantlabsllama323bshiningvaliant2|3.213|posttrained,1975,kept_aggregated,"same normalized model, parameter, type and submission date"
1976,Vikhrmodels/Vikhr-Llama3.1-8B-Instruct-R-21-09-24,vikhrmodelsvikhrllama318binstructr210924|8.03|posttrained,1976,kept_aggregated,"same normalized model, parameter, type and submission date"
1977,Vikhrmodels/Vikhr-Nemo-12B-Instruct-R-21-09-24,vikhrmodelsvikhrnemo12binstructr210924|12.248|posttrained,1977,kept_aggregated,"same normalized model, parameter, type and submission date"
1978,Weyaxi/Bagel-Hermes-2x34B,weyaxibagelhermes2x34b|60.814|posttrained,1978,kept_aggregated,"same normalized model, parameter, type and submission date"
1979,Weyaxi/Bagel-Hermes-34B-Slerp,weyaxibagelhermes34bslerp|34.389|merge,1979,kept_aggregated,"same normalized model, parameter, type and submission date"
1980,Weyaxi/Einstein-v4-7B,weyaxieinsteinv47b|7.242|posttrained,1980,kept_aggregated,"same normalized model, parameter, type and submission date"
1981,Weyaxi/Einstein-v6.1-Llama3-8B,weyaxieinsteinv61llama38b|8.03|posttrained,1981,kept_aggregated,"same normalized model, parameter, type and submission date"
1982,Weyaxi/Einstein-v6.1-developed-by-Weyaxi-Llama3-8B,weyaxieinsteinv61developedbyweyaxillama38b|8.03|posttrained,1982,kept_aggregated,"same normalized model, parameter, type and submission date"
1983,Weyaxi/Einstein-v7-Qwen2-7B,weyaxieinsteinv7qwen27b|7.616|posttrained,1983,kept_aggregated,"same normalized model, parameter, type and submission date"
1984,Weyaxi/Einstein-v8-Llama3.2-1B,weyaxieinsteinv8llama321b|1.236|posttrained,1984,kept_aggregated,"same normalized model, parameter, type and submission date"
1985,Weyaxi/SauerkrautLM-UNA-SOLAR-Instruct,weyaxisauerkrautlmunasolarinstruct|10.732|posttrained,1985,kept_aggregated,"same normalized model, parameter, type and submission date"
1986,WizardLMTeam/WizardLM-13B-V1.0,wizardlmteamwizardlm13bv10|13.0|posttrained,1986,kept_aggregated,"same normalized model, parameter, type and submission date"
1987,WizardLMTeam/WizardLM-13B-V1.2,wizardlmteamwizardlm13bv12|13.0|posttrained,1987,kept_aggregated,"same normalized model, parameter, type and submission date"
1988,WizardLMTeam/WizardLM-70B-V1.0,wizardlmteamwizardlm70bv10|70.0|posttrained,1988,kept_aggregated,"same normalized model, parameter, type and submission date"
1989,Wladastic/Mini-Think-Base-1B,wladasticminithinkbase1b|1.236|pretrained,1989,kept_aggregated,"same normalized model, parameter, type and submission date"
1990,Xclbr7/Arcanum-12b,xclbr7arcanum12b|12.248|posttrained,1990,kept_aggregated,"same normalized model, parameter, type and submission date"
1991,Xclbr7/Hyena-12b,xclbr7hyena12b|12.248|posttrained,1991,kept_aggregated,"same normalized model, parameter, type and submission date"
1992,Xclbr7/caliburn-12b,xclbr7caliburn12b|12.248|posttrained,1992,kept_aggregated,"same normalized model, parameter, type and submission date"
1993,Xclbr7/caliburn-v2-12b,xclbr7caliburnv212b|12.248|posttrained,1993,kept_aggregated,"same normalized model, parameter, type and submission date"
1994,Xiaojian9992024/Llama3.2-1B-THREADRIPPER,xiaojian9992024llama321bthreadripper|1.236|merge,1994,kept_aggregated,"same normalized model, parameter, type and submission date"
1995,Xiaojian9992024/Llama3.2-1B-THREADRIPPER-v0.2,xiaojian9992024llama321bthreadripperv02|1.236|merge,1995,kept_aggregated,"same normalized model, parameter, type and submission date"
1996,Xiaojian9992024/Phi-4-Megatron-Empathetic,xiaojian9992024phi4megatronempathetic|14.66|merge,1996,kept_aggregated,"same normalized model, parameter, type and submission date"
1997,Xiaojian9992024/Phi-4-mini-UNOFFICAL,xiaojian9992024phi4miniunoffical|3.754|merge,1997,kept_aggregated,"same normalized model, parameter, type and submission date"
1998,Xiaojian9992024/Qwen2.5-7B-MS-Destroyer,xiaojian9992024qwen257bmsdestroyer|7.613|merge,1998,kept_aggregated,"same normalized model, parameter, type and submission date"
1999,Xiaojian9992024/Qwen2.5-Dyanka-7B-Preview,xiaojian9992024qwen25dyanka7bpreview|7.616|merge,1999,kept_aggregated,"same normalized model, parameter, type and submission date"
2000,Xiaojian9992024/Qwen2.5-Dyanka-7B-Preview-v0.2,xiaojian9992024qwen25dyanka7bpreviewv02|7.616|merge,2000,kept_aggregated,"same normalized model, parameter, type and submission date"
2001,Xiaojian9992024/Qwen2.5-THREADRIPPER-Medium-Censored,xiaojian9992024qwen25threadrippermediumcensored|14.77|merge,2001,kept_aggregated,"same normalized model, parameter, type and submission date"
2002,Xiaojian9992024/Qwen2.5-THREADRIPPER-Small,xiaojian9992024qwen25threadrippersmall|7.616|merge,2002,kept_aggregated,"same normalized model, parameter, type and submission date"
2003,Xiaojian9992024/Qwen2.5-THREADRIPPER-Small-AnniversaryEdition,xiaojian9992024qwen25threadrippersmallanniversaryedition|7.616|merge,2003,kept_aggregated,"same normalized model, parameter, type and submission date"
2004,Xiaojian9992024/Qwen2.5-Ultra-1.5B-25.02-Exp,xiaojian9992024qwen25ultra15b2502exp|1.544|merge,2004,kept_aggregated,"same normalized model, parameter, type and submission date"
2005,Xiaojian9992024/Reflection-L3.2-JametMiniMix-3B,xiaojian9992024reflectionl32jametminimix3b|3.213|merge,2005,kept_aggregated,"same normalized model, parameter, type and submission date"
2006,Xkev/Llama-3.2V-11B-cot,xkevllama32v11bcot|10.67|excluded_other,2006,kept_aggregated,"same normalized model, parameter, type and submission date"
2007,YOYO-AI/Qwen2.5-14B-1M-YOYO-V3,yoyoaiqwen2514b1myoyov3|14.766|merge,2007,kept_aggregated,"same normalized model, parameter, type and submission date"
2008,YOYO-AI/Qwen2.5-14B-YOYO-0505,yoyoaiqwen2514byoyo0505|14.77|merge,2008,kept_aggregated,"same normalized model, parameter, type and submission date"
2009,YOYO-AI/Qwen2.5-14B-YOYO-0510-v2,yoyoaiqwen2514byoyo0510v2|14.77|merge,2009,kept_aggregated,"same normalized model, parameter, type and submission date"
2010,YOYO-AI/Qwen2.5-14B-YOYO-0805,yoyoaiqwen2514byoyo0805|14.77|merge,2010,kept_aggregated,"same normalized model, parameter, type and submission date"
2011,YOYO-AI/Qwen2.5-14B-YOYO-1005,yoyoaiqwen2514byoyo1005|14.77|merge,2011,kept_aggregated,"same normalized model, parameter, type and submission date"
2012,YOYO-AI/Qwen2.5-14B-YOYO-1005-v2,yoyoaiqwen2514byoyo1005v2|14.77|merge,2012,kept_aggregated,"same normalized model, parameter, type and submission date"
2013,YOYO-AI/Qwen2.5-14B-YOYO-1010,yoyoaiqwen2514byoyo1010|14.77|merge,2014,replaced_same_version_date,"same normalized model, parameter, type and submission date"
2014,YOYO-AI/Qwen2.5-14B-YOYO-1010,yoyoaiqwen2514byoyo1010|14.77|merge,2014,kept_aggregated,"same normalized model, parameter, type and submission date"
2015,YOYO-AI/Qwen2.5-14B-YOYO-1010-v2,yoyoaiqwen2514byoyo1010v2|14.77|merge,2015,kept_aggregated,"same normalized model, parameter, type and submission date"
2016,YOYO-AI/Qwen2.5-14B-YOYO-SCE,yoyoaiqwen2514byoyosce|14.77|merge,2016,kept_aggregated,"same normalized model, parameter, type and submission date"
2017,YOYO-AI/Qwen2.5-14B-YOYO-V4,yoyoaiqwen2514byoyov4|14.766|merge,2017,kept_aggregated,"same normalized model, parameter, type and submission date"
2018,YOYO-AI/Qwen2.5-14B-YOYO-V4-p1,yoyoaiqwen2514byoyov4p1|14.766|merge,2018,kept_aggregated,"same normalized model, parameter, type and submission date"
2019,YOYO-AI/Qwen2.5-14B-YOYO-V4-p2,yoyoaiqwen2514byoyov4p2|14.766|merge,2019,kept_aggregated,"same normalized model, parameter, type and submission date"
2020,YOYO-AI/Qwen2.5-14B-YOYO-latest,yoyoaiqwen2514byoyolatest|14.77|merge,2020,kept_aggregated,"same normalized model, parameter, type and submission date"
2021,YOYO-AI/Qwen2.5-14B-YOYO-latest-V2,yoyoaiqwen2514byoyolatestv2|14.766|merge,2021,kept_aggregated,"same normalized model, parameter, type and submission date"
2022,YOYO-AI/Qwen2.5-14B-it-restore,yoyoaiqwen2514bitrestore|14.766|merge,2022,kept_aggregated,"same normalized model, parameter, type and submission date"
2023,YOYO-AI/Qwen2.5-7B-it-restore,yoyoaiqwen257bitrestore|7.613|merge,2023,kept_aggregated,"same normalized model, parameter, type and submission date"
2024,YOYO-AI/Qwen2.5-Coder-14B-YOYO-1010,yoyoaiqwen25coder14byoyo1010|14.77|merge,2024,kept_aggregated,"same normalized model, parameter, type and submission date"
2025,YOYO-AI/ZYH-LLM-Qwen2.5-14B,yoyoaizyhllmqwen2514b|14.77|merge,2025,kept_aggregated,"same normalized model, parameter, type and submission date"
2026,YOYO-AI/ZYH-LLM-Qwen2.5-14B-V2,yoyoaizyhllmqwen2514bv2|14.766|merge,2026,kept_aggregated,"same normalized model, parameter, type and submission date"
2027,YOYO-AI/ZYH-LLM-Qwen2.5-14B-V3,yoyoaizyhllmqwen2514bv3|14.766|merge,2027,kept_aggregated,"same normalized model, parameter, type and submission date"
2028,YOYO-AI/ZYH-LLM-Qwen2.5-14B-V4,yoyoaizyhllmqwen2514bv4|14.766|merge,2028,kept_aggregated,"same normalized model, parameter, type and submission date"
2029,Yash21/TinyYi-7B-Test,yash21tinyyi7btest|6.061|pretrained,2029,kept_aggregated,"same normalized model, parameter, type and submission date"
2030,Youlln/1PARAMMYL-8B-ModelStock,youlln1parammyl8bmodelstock|8.03|merge,2030,kept_aggregated,"same normalized model, parameter, type and submission date"
2031,Youlln/2PRYMMAL-Yi1.5-6B-SLERP,youlln2prymmalyi156bslerp|6.061|merge,2031,kept_aggregated,"same normalized model, parameter, type and submission date"
2032,Youlln/3PRYMMAL-PHI3-3B-SLERP,youlln3prymmalphi33bslerp|3.0|merge,2032,kept_aggregated,"same normalized model, parameter, type and submission date"
2033,Youlln/4PRYMMAL-GEMMA2-9B-SLERP,youlln4prymmalgemma29bslerp|9.242|merge,2033,kept_aggregated,"same normalized model, parameter, type and submission date"
2034,Youlln/ECE-MIRAGE-1-12B,youllnecemirage112b|15.21|merge,2034,kept_aggregated,"same normalized model, parameter, type and submission date"
2035,Youlln/ECE-MIRAGE-1-15B,youllnecemirage115b|15.21|posttrained,2035,kept_aggregated,"same normalized model, parameter, type and submission date"
2036,Youlln/ECE-PRYMMAL-0.5B-FT-V3,youllneceprymmal05bftv3|0.494|posttrained,2036,kept_aggregated,"same normalized model, parameter, type and submission date"
2037,Youlln/ECE-PRYMMAL-0.5B-FT-V3-MUSR,youllneceprymmal05bftv3musr|0.494|posttrained,2037,kept_aggregated,"same normalized model, parameter, type and submission date"
2038,Youlln/ECE-PRYMMAL-0.5B-FT-V4-MUSR,youllneceprymmal05bftv4musr|0.494|posttrained,2038,kept_aggregated,"same normalized model, parameter, type and submission date"
2039,Youlln/ECE-PRYMMAL-0.5B-SLERP-V2,youllneceprymmal05bslerpv2|0.494|merge,2039,kept_aggregated,"same normalized model, parameter, type and submission date"
2040,Youlln/ECE-PRYMMAL-0.5B-SLERP-V3,youllneceprymmal05bslerpv3|0.494|merge,2040,kept_aggregated,"same normalized model, parameter, type and submission date"
2041,Youlln/ECE-PRYMMAL-YL-1B-SLERP-V1,youllneceprymmalyl1bslerpv1|1.544|merge,2041,kept_aggregated,"same normalized model, parameter, type and submission date"
2042,Youlln/ECE-PRYMMAL-YL-1B-SLERP-V2,youllneceprymmalyl1bslerpv2|1.544|merge,2042,kept_aggregated,"same normalized model, parameter, type and submission date"
2043,Youlln/ECE-PRYMMAL-YL-7B-SLERP-V4,youllneceprymmalyl7bslerpv4|7.616|merge,2043,kept_aggregated,"same normalized model, parameter, type and submission date"
2044,Youlln/ECE-PRYMMAL0.5-FT,youllneceprymmal05ft|0.494|posttrained,2044,kept_aggregated,"same normalized model, parameter, type and submission date"
2045,Youlln/ECE-PRYMMAL0.5B-Youri,youllneceprymmal05byouri|0.63|merge,2045,kept_aggregated,"same normalized model, parameter, type and submission date"
2046,Youlln/ECE-PRYMMAL1B-FT-V1,youllneceprymmal1bftv1|1.544|posttrained,2046,kept_aggregated,"same normalized model, parameter, type and submission date"
2047,Youlln/ECE-Qwen0.5B-FT-V2,youllneceqwen05bftv2|0.494|posttrained,2047,kept_aggregated,"same normalized model, parameter, type and submission date"
2048,Youlln/ECE.EIFFEIL.ia-0.5B-SLERP,youllneceeiffeilia05bslerp|0.63|merge,2048,kept_aggregated,"same normalized model, parameter, type and submission date"
2049,YoungPanda/qwenqwen,youngpandaqwenqwen|14.316|posttrained,2049,kept_aggregated,"same normalized model, parameter, type and submission date"
2050,Yuma42/KangalKhan-RawRuby-7B,yuma42kangalkhanrawruby7b|7.242|merge,2050,kept_aggregated,"same normalized model, parameter, type and submission date"
2051,Yuma42/Llama3.1-IgneousIguana-8B,yuma42llama31igneousiguana8b|8.03|merge,2051,kept_aggregated,"same normalized model, parameter, type and submission date"
2052,Yuma42/Llama3.1-SuperHawk-8B,yuma42llama31superhawk8b|8.03|merge,2052,kept_aggregated,"same normalized model, parameter, type and submission date"
2053,Z1-Coder/Z1-Coder-7B,z1coderz1coder7b|7.613|posttrained,2053,kept_aggregated,"same normalized model, parameter, type and submission date"
2054,ZHLiu627/zephyr-7b-gemma-dpo-avg,zhliu627zephyr7bgemmadpoavg|8.538|posttrained,2054,kept_aggregated,"same normalized model, parameter, type and submission date"
2055,ZHLiu627/zephyr-7b-gemma-rpo-avg,zhliu627zephyr7bgemmarpoavg|8.538|posttrained,2055,kept_aggregated,"same normalized model, parameter, type and submission date"
2056,ZeroXClem/L3-Aspire-Heart-Matrix-8B,zeroxcleml3aspireheartmatrix8b|8.03|merge,2056,kept_aggregated,"same normalized model, parameter, type and submission date"
2057,ZeroXClem/Llama-3.1-8B-AthenaSky-MegaMix,zeroxclemllama318bathenaskymegamix|8.03|merge,2057,kept_aggregated,"same normalized model, parameter, type and submission date"
2058,ZeroXClem/Llama-3.1-8B-RainbowLight-EtherealMix,zeroxclemllama318brainbowlightetherealmix|8.03|merge,2058,kept_aggregated,"same normalized model, parameter, type and submission date"
2059,ZeroXClem/Llama-3.1-8B-SpecialTitanFusion,zeroxclemllama318bspecialtitanfusion|8.03|merge,2059,kept_aggregated,"same normalized model, parameter, type and submission date"
2060,ZeroXClem/Llama-3.1-8B-SuperNova-EtherealHermes,zeroxclemllama318bsupernovaetherealhermes|8.03|merge,2060,kept_aggregated,"same normalized model, parameter, type and submission date"
2061,ZeroXClem/Llama-3.1-8B-SuperTulu-LexiNova,zeroxclemllama318bsupertululexinova|8.03|merge,2061,kept_aggregated,"same normalized model, parameter, type and submission date"
2062,ZeroXClem/Qwen-2.5-Aether-SlerpFusion-7B,zeroxclemqwen25aetherslerpfusion7b|7.616|merge,2062,kept_aggregated,"same normalized model, parameter, type and submission date"
2063,ZeroXClem/Qwen2.5-7B-CelestialHarmony-1M,zeroxclemqwen257bcelestialharmony1m|7.613|merge,2063,kept_aggregated,"same normalized model, parameter, type and submission date"
2064,ZeroXClem/Qwen2.5-7B-HomerAnvita-NerdMix,zeroxclemqwen257bhomeranvitanerdmix|7.616|merge,2064,kept_aggregated,"same normalized model, parameter, type and submission date"
2065,ZeroXClem/Qwen2.5-7B-HomerCreative-Mix,zeroxclemqwen257bhomercreativemix|7.616|merge,2065,kept_aggregated,"same normalized model, parameter, type and submission date"
2066,ZeroXClem/Qwen2.5-7B-Qandora-CySec,zeroxclemqwen257bqandoracysec|7.616|posttrained,2066,kept_aggregated,"same normalized model, parameter, type and submission date"
2067,ZeusLabs/L3-Aethora-15B-V2,zeuslabsl3aethora15bv2|15.01|posttrained,2067,kept_aggregated,"same normalized model, parameter, type and submission date"
2068,ZhangShenao/SELM-Llama-3-8B-Instruct-iter-3,zhangshenaoselmllama38binstructiter3|8.03|posttrained,2068,kept_aggregated,"same normalized model, parameter, type and submission date"
2069,aaditya/Llama3-OpenBioLLM-70B,aadityallama3openbiollm70b|70.0|posttrained,2069,kept_aggregated,"same normalized model, parameter, type and submission date"
2070,abacusai/Dracarys-72B-Instruct,abacusaidracarys72binstruct|72.706|posttrained,2070,kept_aggregated,"same normalized model, parameter, type and submission date"
2071,abacusai/Liberated-Qwen1.5-14B,abacusailiberatedqwen1514b|14.0|posttrained,2071,kept_aggregated,"same normalized model, parameter, type and submission date"
2072,abacusai/Llama-3-Smaug-8B,abacusaillama3smaug8b|8.03|posttrained,2072,kept_aggregated,"same normalized model, parameter, type and submission date"
2073,abacusai/Smaug-34B-v0.1,abacusaismaug34bv01|34.389|posttrained,2073,kept_aggregated,"same normalized model, parameter, type and submission date"
2074,abacusai/Smaug-72B-v0.1,abacusaismaug72bv01|72.289|posttrained,2074,kept_aggregated,"same normalized model, parameter, type and submission date"
2075,abacusai/Smaug-Llama-3-70B-Instruct-32K,abacusaismaugllama370binstruct32k|70.554|posttrained,2075,kept_aggregated,"same normalized model, parameter, type and submission date"
2076,abacusai/Smaug-Mixtral-v0.1,abacusaismaugmixtralv01|46.703|posttrained,2076,kept_aggregated,"same normalized model, parameter, type and submission date"
2077,abacusai/Smaug-Qwen2-72B-Instruct,abacusaismaugqwen272binstruct|72.706|posttrained,2077,kept_aggregated,"same normalized model, parameter, type and submission date"
2078,abacusai/bigstral-12b-32k,abacusaibigstral12b32k|12.476|merge,2078,kept_aggregated,"same normalized model, parameter, type and submission date"
2079,abacusai/bigyi-15b,abacusaibigyi15b|15.058|merge,2079,kept_aggregated,"same normalized model, parameter, type and submission date"
2080,abhishek/autotrain-0tmgq-5tpbg,abhishekautotrain0tmgq5tpbg|0.135|posttrained,2080,kept_aggregated,"same normalized model, parameter, type and submission date"
2081,abhishek/autotrain-0tmgq-5tpbg,abhishekautotrain0tmgq5tpbg|0.135|posttrained,2081,kept_aggregated,"same normalized model, parameter, type and submission date"
2082,abhishek/autotrain-llama3-70b-orpo-v1,abhishekautotrainllama370borpov1|70.554|posttrained,2082,kept_aggregated,"same normalized model, parameter, type and submission date"
2083,abhishek/autotrain-llama3-70b-orpo-v2,abhishekautotrainllama370borpov2|70.554|posttrained,2083,kept_aggregated,"same normalized model, parameter, type and submission date"
2084,abhishek/autotrain-llama3-orpo-v2,abhishekautotrainllama3orpov2|8.03|posttrained,2084,kept_aggregated,"same normalized model, parameter, type and submission date"
2085,abhishek/autotrain-vr4a1-e5mms,abhishekautotrainvr4a1e5mms|16.061|posttrained,2085,kept_aggregated,"same normalized model, parameter, type and submission date"
2086,abideen/MedPhi-4-14B-v1,abideenmedphi414bv1|14.66|posttrained,2086,kept_aggregated,"same normalized model, parameter, type and submission date"
2087,adamo1139/Yi-34B-200K-AEZAKMI-v2,adamo1139yi34b200kaezakmiv2|34.389|posttrained,2087,kept_aggregated,"same normalized model, parameter, type and submission date"
2088,adriszmar/QAIMath-Qwen2.5-7B-TIES,adriszmarqaimathqwen257bties|7.616|merge,2089,replaced_same_version_date,"same normalized model, parameter, type and submission date"
2089,adriszmar/QAIMath-Qwen2.5-7B-TIES,adriszmarqaimathqwen257bties|7.616|merge,2089,kept_aggregated,"same normalized model, parameter, type and submission date"
2090,aevalone/distill_qw_test,aevalonedistillqwtest|7.616|posttrained,2090,kept_aggregated,"same normalized model, parameter, type and submission date"
2091,agentlans/Gemma2-9B-AdvancedFuse,agentlansgemma29badvancedfuse|9.242|merge,2091,kept_aggregated,"same normalized model, parameter, type and submission date"
2092,agentlans/Llama-3.2-1B-Instruct-CrashCourse12K,agentlansllama321binstructcrashcourse12k|1.236|posttrained,2092,kept_aggregated,"same normalized model, parameter, type and submission date"
2093,agentlans/Llama3.1-8B-drill,agentlansllama318bdrill|8.03|merge,2093,kept_aggregated,"same normalized model, parameter, type and submission date"
2094,agentlans/Llama3.1-Daredevilish,agentlansllama31daredevilish|8.03|merge,2094,kept_aggregated,"same normalized model, parameter, type and submission date"
2095,agentlans/Llama3.1-Daredevilish-Instruct,agentlansllama31daredevilishinstruct|8.03|merge,2095,kept_aggregated,"same normalized model, parameter, type and submission date"
2096,agentlans/Llama3.1-LexiHermes-SuperStorm,agentlansllama31lexihermessuperstorm|8.03|merge,2096,kept_aggregated,"same normalized model, parameter, type and submission date"
2097,agentlans/Llama3.1-SuperDeepFuse,agentlansllama31superdeepfuse|8.03|merge,2097,kept_aggregated,"same normalized model, parameter, type and submission date"
2098,agentlans/Llama3.1-SuperDeepFuse-CrashCourse12K,agentlansllama31superdeepfusecrashcourse12k|8.03|posttrained,2098,kept_aggregated,"same normalized model, parameter, type and submission date"
2099,agentlans/Qwen2.5-0.5B-Instruct-CrashCourse-dropout,agentlansqwen2505binstructcrashcoursedropout|0.494|posttrained,2099,kept_aggregated,"same normalized model, parameter, type and submission date"
2100,ahmeda335/13_outOf_32_pruned_layers_llama3.1-8b,ahmeda33513outof32prunedlayersllama318b|5.195|posttrained,2100,kept_aggregated,"same normalized model, parameter, type and submission date"
2101,ai21labs/Jamba-v0.1,ai21labsjambav01|51.57|pretrained,2101,kept_aggregated,"same normalized model, parameter, type and submission date"
2102,ai4bharat/Airavata,ai4bharatairavata|6.87|posttrained,2102,kept_aggregated,"same normalized model, parameter, type and submission date"
2103,aixonlab/Aether-12b,aixonlabaether12b|12.248|merge,2103,kept_aggregated,"same normalized model, parameter, type and submission date"
2104,aixonlab/Grey-12b,aixonlabgrey12b|12.248|merge,2104,kept_aggregated,"same normalized model, parameter, type and submission date"
2105,aixonlab/Zara-14b-v1.2,aixonlabzara14bv12|14.766|posttrained,2105,kept_aggregated,"same normalized model, parameter, type and submission date"
2106,akhadangi/Llama3.2.1B.0.01-First,akhadangillama321b001first|1.236|posttrained,2106,kept_aggregated,"same normalized model, parameter, type and submission date"
2107,akhadangi/Llama3.2.1B.0.01-Last,akhadangillama321b001last|1.236|posttrained,2107,kept_aggregated,"same normalized model, parameter, type and submission date"
2108,akhadangi/Llama3.2.1B.0.1-First,akhadangillama321b01first|1.236|posttrained,2108,kept_aggregated,"same normalized model, parameter, type and submission date"
2109,akhadangi/Llama3.2.1B.0.1-Last,akhadangillama321b01last|1.236|posttrained,2109,kept_aggregated,"same normalized model, parameter, type and submission date"
2110,akhadangi/Llama3.2.1B.BaseFiT,akhadangillama321bbasefit|1.236|posttrained,2110,kept_aggregated,"same normalized model, parameter, type and submission date"
2111,akjindal53244/Llama-3.1-Storm-8B,akjindal53244llama31storm8b|8.03|posttrained,2111,kept_aggregated,"same normalized model, parameter, type and submission date"
2112,akjindal53244/Llama-3.1-Storm-8B,akjindal53244llama31storm8b|8.03|posttrained,2112,kept_aggregated,"same normalized model, parameter, type and submission date"
2113,alcholjung/llama3_medical_tuned,alcholjungllama3medicaltuned|16.061|posttrained,2113,kept_aggregated,"same normalized model, parameter, type and submission date"
2114,allenai/Llama-3.1-Tulu-3-70B,allenaillama31tulu370b|70.554|posttrained,2115,replaced_same_version_date,"same normalized model, parameter, type and submission date"
2115,allenai/Llama-3.1-Tulu-3-70B,allenaillama31tulu370b|70.554|posttrained,2115,kept_aggregated,"same normalized model, parameter, type and submission date"
2116,allenai/Llama-3.1-Tulu-3-70B-DPO,allenaillama31tulu370bdpo|70.0|posttrained,2116,kept_aggregated,"same normalized model, parameter, type and submission date"
2117,allenai/Llama-3.1-Tulu-3-70B-SFT,allenaillama31tulu370bsft|70.554|posttrained,2117,kept_aggregated,"same normalized model, parameter, type and submission date"
2118,allenai/Llama-3.1-Tulu-3-8B,allenaillama31tulu38b|8.03|posttrained,2118,kept_aggregated,"same normalized model, parameter, type and submission date"
2119,allenai/Llama-3.1-Tulu-3-8B,allenaillama31tulu38b|8.03|posttrained,2119,kept_aggregated,"same normalized model, parameter, type and submission date"
2120,allenai/Llama-3.1-Tulu-3-8B-DPO,allenaillama31tulu38bdpo|8.0|posttrained,2120,kept_aggregated,"same normalized model, parameter, type and submission date"
2121,allenai/Llama-3.1-Tulu-3-8B-RM,allenaillama31tulu38brm|8.0|posttrained,2121,kept_aggregated,"same normalized model, parameter, type and submission date"
2122,allenai/Llama-3.1-Tulu-3-8B-SFT,allenaillama31tulu38bsft|8.03|posttrained,2122,kept_aggregated,"same normalized model, parameter, type and submission date"
2123,allenai/OLMo-1.7-7B-hf,allenaiolmo177bhf|0.0|excluded_other,2123,kept_aggregated,"same normalized model, parameter, type and submission date"
2124,allenai/OLMo-1B-hf,allenaiolmo1bhf|1.177|pretrained,2124,kept_aggregated,"same normalized model, parameter, type and submission date"
2125,allenai/OLMo-2-1124-7B-Instruct,allenaiolmo211247binstruct|7.299|posttrained,2125,kept_aggregated,"same normalized model, parameter, type and submission date"
2126,allenai/OLMo-7B-Instruct-hf,allenaiolmo7binstructhf|7.0|posttrained,2126,kept_aggregated,"same normalized model, parameter, type and submission date"
2127,allenai/OLMo-7B-hf,allenaiolmo7bhf|6.888|pretrained,2127,kept_aggregated,"same normalized model, parameter, type and submission date"
2128,allenai/OLMoE-1B-7B-0125-Instruct,allenaiolmoe1b7b0125instruct|6.919|pretrained,2128,kept_aggregated,"same normalized model, parameter, type and submission date"
2129,allenai/OLMoE-1B-7B-0924,allenaiolmoe1b7b0924|6.919|pretrained,2129,kept_aggregated,"same normalized model, parameter, type and submission date"
2130,allenai/OLMoE-1B-7B-0924-Instruct,allenaiolmoe1b7b0924instruct|6.919|posttrained,2130,kept_aggregated,"same normalized model, parameter, type and submission date"
2131,allknowingroger/Chocolatine-24B,allknowingrogerchocolatine24b|24.184|merge,2131,kept_aggregated,"same normalized model, parameter, type and submission date"
2132,allknowingroger/Gemma2Slerp1-2.6B,allknowingrogergemma2slerp126b|2.614|merge,2132,kept_aggregated,"same normalized model, parameter, type and submission date"
2133,allknowingroger/Gemma2Slerp1-27B,allknowingrogergemma2slerp127b|27.227|merge,2133,kept_aggregated,"same normalized model, parameter, type and submission date"
2134,allknowingroger/Gemma2Slerp2-2.6B,allknowingrogergemma2slerp226b|2.614|merge,2134,kept_aggregated,"same normalized model, parameter, type and submission date"
2135,allknowingroger/Gemma2Slerp2-27B,allknowingrogergemma2slerp227b|27.227|merge,2135,kept_aggregated,"same normalized model, parameter, type and submission date"
2136,allknowingroger/Gemma2Slerp3-27B,allknowingrogergemma2slerp327b|27.227|merge,2136,kept_aggregated,"same normalized model, parameter, type and submission date"
2137,allknowingroger/Gemma2Slerp4-27B,allknowingrogergemma2slerp427b|27.227|merge,2137,kept_aggregated,"same normalized model, parameter, type and submission date"
2138,allknowingroger/GemmaSlerp-9B,allknowingrogergemmaslerp9b|9.242|merge,2138,kept_aggregated,"same normalized model, parameter, type and submission date"
2139,allknowingroger/GemmaSlerp2-9B,allknowingrogergemmaslerp29b|9.242|merge,2139,kept_aggregated,"same normalized model, parameter, type and submission date"
2140,allknowingroger/GemmaSlerp4-10B,allknowingrogergemmaslerp410b|10.159|merge,2140,kept_aggregated,"same normalized model, parameter, type and submission date"
2141,allknowingroger/GemmaSlerp5-10B,allknowingrogergemmaslerp510b|10.159|merge,2141,kept_aggregated,"same normalized model, parameter, type and submission date"
2142,allknowingroger/GemmaStock1-27B,allknowingrogergemmastock127b|27.227|merge,2142,kept_aggregated,"same normalized model, parameter, type and submission date"
2143,allknowingroger/HomerSlerp1-7B,allknowingrogerhomerslerp17b|7.616|merge,2143,kept_aggregated,"same normalized model, parameter, type and submission date"
2144,allknowingroger/HomerSlerp2-7B,allknowingrogerhomerslerp27b|7.616|merge,2144,kept_aggregated,"same normalized model, parameter, type and submission date"
2145,allknowingroger/HomerSlerp3-7B,allknowingrogerhomerslerp37b|7.616|merge,2145,kept_aggregated,"same normalized model, parameter, type and submission date"
2146,allknowingroger/HomerSlerp4-7B,allknowingrogerhomerslerp47b|7.616|merge,2146,kept_aggregated,"same normalized model, parameter, type and submission date"
2147,allknowingroger/LimyQstar-7B-slerp,allknowingrogerlimyqstar7bslerp|7.242|merge,2147,kept_aggregated,"same normalized model, parameter, type and submission date"
2148,allknowingroger/Llama3.1-60B,allknowingrogerllama3160b|61.997|merge,2148,kept_aggregated,"same normalized model, parameter, type and submission date"
2149,allknowingroger/Marco-01-slerp1-7B,allknowingrogermarco01slerp17b|7.616|merge,2149,kept_aggregated,"same normalized model, parameter, type and submission date"
2150,allknowingroger/Meme-7B-slerp,allknowingrogermeme7bslerp|7.242|merge,2150,kept_aggregated,"same normalized model, parameter, type and submission date"
2151,allknowingroger/Ministral-8B-slerp,allknowingrogerministral8bslerp|7.248|merge,2151,kept_aggregated,"same normalized model, parameter, type and submission date"
2152,allknowingroger/MistralPhi3-11B,allknowingrogermistralphi311b|11.234|merge,2152,kept_aggregated,"same normalized model, parameter, type and submission date"
2153,allknowingroger/Mistralmash1-7B-s,allknowingrogermistralmash17bs|7.242|merge,2153,kept_aggregated,"same normalized model, parameter, type and submission date"
2154,allknowingroger/Mistralmash2-7B-s,allknowingrogermistralmash27bs|7.242|merge,2154,kept_aggregated,"same normalized model, parameter, type and submission date"
2155,allknowingroger/MixTAO-19B-pass,allknowingrogermixtao19bpass|19.188|merge,2155,kept_aggregated,"same normalized model, parameter, type and submission date"
2156,allknowingroger/MixTaoTruthful-13B-slerp,allknowingrogermixtaotruthful13bslerp|12.879|merge,2156,kept_aggregated,"same normalized model, parameter, type and submission date"
2157,allknowingroger/MultiCalm-7B-slerp,allknowingrogermulticalm7bslerp|7.242|merge,2157,kept_aggregated,"same normalized model, parameter, type and submission date"
2158,allknowingroger/MultiMash-12B-slerp,allknowingrogermultimash12bslerp|12.879|merge,2158,kept_aggregated,"same normalized model, parameter, type and submission date"
2159,allknowingroger/MultiMash10-13B-slerp,allknowingrogermultimash1013bslerp|12.879|merge,2159,kept_aggregated,"same normalized model, parameter, type and submission date"
2160,allknowingroger/MultiMash11-13B-slerp,allknowingrogermultimash1113bslerp|12.879|merge,2160,kept_aggregated,"same normalized model, parameter, type and submission date"
2161,allknowingroger/MultiMash2-12B-slerp,allknowingrogermultimash212bslerp|12.879|merge,2161,kept_aggregated,"same normalized model, parameter, type and submission date"
2162,allknowingroger/MultiMash5-12B-slerp,allknowingrogermultimash512bslerp|12.879|merge,2162,kept_aggregated,"same normalized model, parameter, type and submission date"
2163,allknowingroger/MultiMash6-12B-slerp,allknowingrogermultimash612bslerp|12.879|merge,2163,kept_aggregated,"same normalized model, parameter, type and submission date"
2164,allknowingroger/MultiMash7-12B-slerp,allknowingrogermultimash712bslerp|12.879|merge,2164,kept_aggregated,"same normalized model, parameter, type and submission date"
2165,allknowingroger/MultiMash8-13B-slerp,allknowingrogermultimash813bslerp|12.879|merge,2165,kept_aggregated,"same normalized model, parameter, type and submission date"
2166,allknowingroger/MultiMash9-13B-slerp,allknowingrogermultimash913bslerp|12.879|merge,2166,kept_aggregated,"same normalized model, parameter, type and submission date"
2167,allknowingroger/MultiMerge-7B-slerp,allknowingrogermultimerge7bslerp|7.242|merge,2167,kept_aggregated,"same normalized model, parameter, type and submission date"
2168,allknowingroger/Multimash3-12B-slerp,allknowingrogermultimash312bslerp|12.879|merge,2168,kept_aggregated,"same normalized model, parameter, type and submission date"
2169,allknowingroger/Multimerge-19B-pass,allknowingrogermultimerge19bpass|19.188|merge,2169,kept_aggregated,"same normalized model, parameter, type and submission date"
2170,allknowingroger/MultiverseEx26-7B-slerp,allknowingrogermultiverseex267bslerp|7.242|merge,2170,kept_aggregated,"same normalized model, parameter, type and submission date"
2171,allknowingroger/NeuralWestSeverus-7B-slerp,allknowingrogerneuralwestseverus7bslerp|7.242|merge,2171,kept_aggregated,"same normalized model, parameter, type and submission date"
2172,allknowingroger/Neuralcoven-7B-slerp,allknowingrogerneuralcoven7bslerp|7.242|merge,2172,kept_aggregated,"same normalized model, parameter, type and submission date"
2173,allknowingroger/Neuralmultiverse-7B-slerp,allknowingrogerneuralmultiverse7bslerp|7.242|merge,2173,kept_aggregated,"same normalized model, parameter, type and submission date"
2174,allknowingroger/Ph3della5-14B,allknowingrogerph3della514b|13.96|merge,2174,kept_aggregated,"same normalized model, parameter, type and submission date"
2175,allknowingroger/Ph3merge-14B,allknowingrogerph3merge14b|13.619|merge,2175,kept_aggregated,"same normalized model, parameter, type and submission date"
2176,allknowingroger/Ph3merge2-14B,allknowingrogerph3merge214b|13.619|merge,2176,kept_aggregated,"same normalized model, parameter, type and submission date"
2177,allknowingroger/Ph3merge3-14B,allknowingrogerph3merge314b|13.619|merge,2177,kept_aggregated,"same normalized model, parameter, type and submission date"
2178,allknowingroger/Ph3task1-14B,allknowingrogerph3task114b|13.96|merge,2178,kept_aggregated,"same normalized model, parameter, type and submission date"
2179,allknowingroger/Ph3task2-14B,allknowingrogerph3task214b|13.96|merge,2179,kept_aggregated,"same normalized model, parameter, type and submission date"
2180,allknowingroger/Ph3task3-14B,allknowingrogerph3task314b|13.96|merge,2180,kept_aggregated,"same normalized model, parameter, type and submission date"
2181,allknowingroger/Ph3unsloth-3B-slerp,allknowingrogerph3unsloth3bslerp|3.821|merge,2181,kept_aggregated,"same normalized model, parameter, type and submission date"
2182,allknowingroger/Phi3mash1-17B-pass,allknowingrogerphi3mash117bpass|16.687|merge,2182,kept_aggregated,"same normalized model, parameter, type and submission date"
2183,allknowingroger/Quen2-65B,allknowingrogerquen265b|63.923|merge,2183,kept_aggregated,"same normalized model, parameter, type and submission date"
2184,allknowingroger/Qwen2.5-42B-AGI,allknowingrogerqwen2542bagi|42.516|merge,2184,kept_aggregated,"same normalized model, parameter, type and submission date"
2185,allknowingroger/Qwen2.5-7B-task2,allknowingrogerqwen257btask2|7.616|merge,2185,kept_aggregated,"same normalized model, parameter, type and submission date"
2186,allknowingroger/Qwen2.5-7B-task3,allknowingrogerqwen257btask3|7.616|merge,2186,kept_aggregated,"same normalized model, parameter, type and submission date"
2187,allknowingroger/Qwen2.5-7B-task4,allknowingrogerqwen257btask4|7.616|merge,2187,kept_aggregated,"same normalized model, parameter, type and submission date"
2188,allknowingroger/Qwen2.5-7B-task7,allknowingrogerqwen257btask7|7.616|merge,2188,kept_aggregated,"same normalized model, parameter, type and submission date"
2189,allknowingroger/Qwen2.5-7B-task8,allknowingrogerqwen257btask8|7.616|merge,2189,kept_aggregated,"same normalized model, parameter, type and submission date"
2190,allknowingroger/Qwen2.5-slerp-14B,allknowingrogerqwen25slerp14b|14.77|merge,2190,kept_aggregated,"same normalized model, parameter, type and submission date"
2191,allknowingroger/QwenSlerp12-7B,allknowingrogerqwenslerp127b|7.616|merge,2191,kept_aggregated,"same normalized model, parameter, type and submission date"
2192,allknowingroger/QwenSlerp4-14B,allknowingrogerqwenslerp414b|14.766|merge,2192,kept_aggregated,"same normalized model, parameter, type and submission date"
2193,allknowingroger/QwenSlerp5-14B,allknowingrogerqwenslerp514b|14.766|merge,2193,kept_aggregated,"same normalized model, parameter, type and submission date"
2194,allknowingroger/QwenSlerp6-14B,allknowingrogerqwenslerp614b|14.766|merge,2194,kept_aggregated,"same normalized model, parameter, type and submission date"
2195,allknowingroger/QwenStock1-14B,allknowingrogerqwenstock114b|14.766|merge,2195,kept_aggregated,"same normalized model, parameter, type and submission date"
2196,allknowingroger/QwenStock2-14B,allknowingrogerqwenstock214b|14.766|merge,2196,kept_aggregated,"same normalized model, parameter, type and submission date"
2197,allknowingroger/QwenStock3-14B,allknowingrogerqwenstock314b|14.766|merge,2197,kept_aggregated,"same normalized model, parameter, type and submission date"
2198,allknowingroger/Qwenslerp2-14B,allknowingrogerqwenslerp214b|14.77|merge,2198,kept_aggregated,"same normalized model, parameter, type and submission date"
2199,allknowingroger/Qwenslerp2-7B,allknowingrogerqwenslerp27b|7.616|merge,2199,kept_aggregated,"same normalized model, parameter, type and submission date"
2200,allknowingroger/Qwenslerp3-14B,allknowingrogerqwenslerp314b|14.77|merge,2200,kept_aggregated,"same normalized model, parameter, type and submission date"
2201,allknowingroger/Qwenslerp3-7B,allknowingrogerqwenslerp37b|7.616|merge,2201,kept_aggregated,"same normalized model, parameter, type and submission date"
2202,allknowingroger/ROGERphi-7B-slerp,allknowingrogerrogerphi7bslerp|7.242|merge,2202,kept_aggregated,"same normalized model, parameter, type and submission date"
2203,allknowingroger/RogerMerge-7B-slerp,allknowingrogerrogermerge7bslerp|7.242|merge,2203,kept_aggregated,"same normalized model, parameter, type and submission date"
2204,allknowingroger/Rombos-LLM-V2.5-Qwen-42b,allknowingrogerrombosllmv25qwen42b|42.516|merge,2204,kept_aggregated,"same normalized model, parameter, type and submission date"
2205,allknowingroger/Strangecoven-7B-slerp,allknowingrogerstrangecoven7bslerp|7.242|merge,2205,kept_aggregated,"same normalized model, parameter, type and submission date"
2206,allknowingroger/Weirdslerp2-25B,allknowingrogerweirdslerp225b|25.204|merge,2206,kept_aggregated,"same normalized model, parameter, type and submission date"
2207,allknowingroger/WestlakeMaziyar-7B-slerp,allknowingrogerwestlakemaziyar7bslerp|7.242|merge,2207,kept_aggregated,"same normalized model, parameter, type and submission date"
2208,allknowingroger/YamMaths-7B-slerp,allknowingrogeryammaths7bslerp|7.242|merge,2208,kept_aggregated,"same normalized model, parameter, type and submission date"
2209,allknowingroger/Yi-1.5-34B,allknowingrogeryi1534b|34.389|merge,2209,kept_aggregated,"same normalized model, parameter, type and submission date"
2210,allknowingroger/Yi-blossom-40B,allknowingrogeryiblossom40b|18.769|merge,2210,kept_aggregated,"same normalized model, parameter, type and submission date"
2211,allknowingroger/Yibuddy-35B,allknowingrogeryibuddy35b|34.389|merge,2211,kept_aggregated,"same normalized model, parameter, type and submission date"
2212,allknowingroger/Yillama-40B,allknowingrogeryillama40b|34.389|merge,2212,kept_aggregated,"same normalized model, parameter, type and submission date"
2213,allknowingroger/Yislerp-34B,allknowingrogeryislerp34b|34.389|merge,2213,kept_aggregated,"same normalized model, parameter, type and submission date"
2214,allknowingroger/Yislerp2-34B,allknowingrogeryislerp234b|34.389|merge,2214,kept_aggregated,"same normalized model, parameter, type and submission date"
2215,allknowingroger/Yunconglong-13B-slerp,allknowingrogeryunconglong13bslerp|12.879|merge,2215,kept_aggregated,"same normalized model, parameter, type and submission date"
2216,allknowingroger/limyClown-7B-slerp,allknowingrogerlimyclown7bslerp|7.242|merge,2216,kept_aggregated,"same normalized model, parameter, type and submission date"
2217,allknowingroger/llama3-Jallabi-40B-s,allknowingrogerllama3jallabi40bs|18.769|merge,2217,kept_aggregated,"same normalized model, parameter, type and submission date"
2218,allknowingroger/llama3AnFeng-40B,allknowingrogerllama3anfeng40b|39.971|merge,2218,kept_aggregated,"same normalized model, parameter, type and submission date"
2219,allura-org/L3.1-8b-RP-Ink,alluraorgl318brpink|8.03|posttrained,2219,kept_aggregated,"same normalized model, parameter, type and submission date"
2220,allura-org/MN-12b-RP-Ink,alluraorgmn12brpink|12.248|posttrained,2220,kept_aggregated,"same normalized model, parameter, type and submission date"
2221,allura-org/MS-Meadowlark-22B,alluraorgmsmeadowlark22b|22.247|posttrained,2221,kept_aggregated,"same normalized model, parameter, type and submission date"
2222,allura-org/Mistral-Small-24b-Sertraline-0304,alluraorgmistralsmall24bsertraline0304|23.572|posttrained,2222,kept_aggregated,"same normalized model, parameter, type and submission date"
2223,allura-org/Mistral-Small-Sisyphus-24b-2503,alluraorgmistralsmallsisyphus24b2503|23.572|posttrained,2223,kept_aggregated,"same normalized model, parameter, type and submission date"
2224,allura-org/MoE-Girl-1BA-7BT,alluraorgmoegirl1ba7bt|6.919|posttrained,2224,kept_aggregated,"same normalized model, parameter, type and submission date"
2225,allura-org/TQ2.5-14B-Aletheia-v1,alluraorgtq2514baletheiav1|14.77|posttrained,2225,kept_aggregated,"same normalized model, parameter, type and submission date"
2226,allura-org/TQ2.5-14B-Neon-v1,alluraorgtq2514bneonv1|14.77|posttrained,2226,kept_aggregated,"same normalized model, parameter, type and submission date"
2227,allura-org/Teleut-7b,alluraorgteleut7b|7.616|posttrained,2227,kept_aggregated,"same normalized model, parameter, type and submission date"
2228,aloobun/Meta-Llama-3-7B-28Layers,aloobunmetallama37b28layers|7.158|posttrained,2228,kept_aggregated,"same normalized model, parameter, type and submission date"
2229,aloobun/d-SmolLM2-360M,aloobundsmollm2360m|0.362|posttrained,2229,kept_aggregated,"same normalized model, parameter, type and submission date"
2230,alpindale/WizardLM-2-8x22B,alpindalewizardlm28x22b|140.621|posttrained,2230,kept_aggregated,"same normalized model, parameter, type and submission date"
2231,alpindale/magnum-72b-v1,alpindalemagnum72bv1|72.706|posttrained,2231,kept_aggregated,"same normalized model, parameter, type and submission date"
2232,altomek/YiSM-34B-0rn,altomekyism34b0rn|34.389|merge,2232,kept_aggregated,"same normalized model, parameter, type and submission date"
2233,amazon/MegaBeam-Mistral-7B-300k,amazonmegabeammistral7b300k|7.242|posttrained,2233,kept_aggregated,"same normalized model, parameter, type and submission date"
2234,amd/AMD-Llama-135m,amdamdllama135m|0.135|posttrained,2234,kept_aggregated,"same normalized model, parameter, type and submission date"
2235,amd/AMD-Llama-135m,amdamdllama135m|0.134|pretrained,2235,kept_aggregated,"same normalized model, parameter, type and submission date"
2236,anakin87/gemma-2b-orpo,anakin87gemma2borpo|2.506|posttrained,2236,kept_aggregated,"same normalized model, parameter, type and submission date"
2237,anthracite-org/magnum-v1-72b,anthraciteorgmagnumv172b|72.706|posttrained,2237,kept_aggregated,"same normalized model, parameter, type and submission date"
2238,anthracite-org/magnum-v2-12b,anthraciteorgmagnumv212b|12.248|posttrained,2238,kept_aggregated,"same normalized model, parameter, type and submission date"
2239,anthracite-org/magnum-v2-72b,anthraciteorgmagnumv272b|72.706|posttrained,2239,kept_aggregated,"same normalized model, parameter, type and submission date"
2240,anthracite-org/magnum-v2.5-12b-kto,anthraciteorgmagnumv2512bkto|12.248|posttrained,2240,kept_aggregated,"same normalized model, parameter, type and submission date"
2241,anthracite-org/magnum-v3-27b-kto,anthraciteorgmagnumv327bkto|27.227|posttrained,2241,kept_aggregated,"same normalized model, parameter, type and submission date"
2242,anthracite-org/magnum-v3-34b,anthraciteorgmagnumv334b|34.389|posttrained,2242,kept_aggregated,"same normalized model, parameter, type and submission date"
2243,anthracite-org/magnum-v3-9b-chatml,anthraciteorgmagnumv39bchatml|9.242|posttrained,2243,kept_aggregated,"same normalized model, parameter, type and submission date"
2244,anthracite-org/magnum-v3-9b-customgemma2,anthraciteorgmagnumv39bcustomgemma2|9.242|posttrained,2244,kept_aggregated,"same normalized model, parameter, type and submission date"
2245,anthracite-org/magnum-v4-12b,anthraciteorgmagnumv412b|12.248|posttrained,2245,kept_aggregated,"same normalized model, parameter, type and submission date"
2246,anthracite-org/magnum-v4-22b,anthraciteorgmagnumv422b|22.247|posttrained,2246,kept_aggregated,"same normalized model, parameter, type and submission date"
2247,anthracite-org/magnum-v4-27b,anthraciteorgmagnumv427b|27.227|posttrained,2247,kept_aggregated,"same normalized model, parameter, type and submission date"
2248,anthracite-org/magnum-v4-9b,anthraciteorgmagnumv49b|9.242|posttrained,2248,kept_aggregated,"same normalized model, parameter, type and submission date"
2249,apple/DCLM-7B,appledclm7b|7.0|pretrained,2249,kept_aggregated,"same normalized model, parameter, type and submission date"
2250,appvoid/arco-2,appvoidarco2|0.514|merge,2250,kept_aggregated,"same normalized model, parameter, type and submission date"
2251,appvoid/arco-2-instruct,appvoidarco2instruct|0.514|merge,2251,kept_aggregated,"same normalized model, parameter, type and submission date"
2252,arcee-ai/Arcee-Blitz,arceeaiarceeblitz|23.572|posttrained,2252,kept_aggregated,"same normalized model, parameter, type and submission date"
2253,arcee-ai/Arcee-Maestro-7B-Preview,arceeaiarceemaestro7bpreview|7.613|posttrained,2253,kept_aggregated,"same normalized model, parameter, type and submission date"
2254,arcee-ai/Arcee-Nova,arceeaiarceenova|72.706|posttrained,2254,kept_aggregated,"same normalized model, parameter, type and submission date"
2255,arcee-ai/Arcee-Spark,arceeaiarceespark|7.616|posttrained,2256,replaced_same_version_date,"same normalized model, parameter, type and submission date"
2256,arcee-ai/Arcee-Spark,arceeaiarceespark|7.616|posttrained,2256,kept_aggregated,"same normalized model, parameter, type and submission date"
2257,arcee-ai/Llama-3.1-SuperNova-Lite,arceeaillama31supernovalite|8.03|posttrained,2257,kept_aggregated,"same normalized model, parameter, type and submission date"
2258,arcee-ai/Llama-Spark,arceeaillamaspark|8.03|posttrained,2258,kept_aggregated,"same normalized model, parameter, type and submission date"
2259,arcee-ai/SuperNova-Medius,arceeaisupernovamedius|14.77|posttrained,2259,kept_aggregated,"same normalized model, parameter, type and submission date"
2260,arcee-ai/Virtuoso-Lite,arceeaivirtuosolite|10.306|posttrained,2260,kept_aggregated,"same normalized model, parameter, type and submission date"
2261,arcee-ai/Virtuoso-Small,arceeaivirtuososmall|14.77|posttrained,2261,kept_aggregated,"same normalized model, parameter, type and submission date"
2262,arcee-ai/Virtuoso-Small-v2,arceeaivirtuososmallv2|14.766|posttrained,2262,kept_aggregated,"same normalized model, parameter, type and submission date"
2263,arcee-ai/raspberry-3B,arceeairaspberry3b|3.086|posttrained,2263,kept_aggregated,"same normalized model, parameter, type and submission date"
2264,argilla/notus-7b-v1,argillanotus7bv1|7.242|posttrained,2264,kept_aggregated,"same normalized model, parameter, type and submission date"
2265,argilla/notux-8x7b-v1,argillanotux8x7bv1|46.703|posttrained,2265,kept_aggregated,"same normalized model, parameter, type and submission date"
2266,argilla-warehouse/Llama-3.1-8B-MagPie-Ultra,argillawarehousellama318bmagpieultra|8.03|posttrained,2266,kept_aggregated,"same normalized model, parameter, type and submission date"
2267,arisin/orca-platypus-13B-slerp,arisinorcaplatypus13bslerp|13.016|merge,2267,kept_aggregated,"same normalized model, parameter, type and submission date"
2268,arshiaafshani/Arsh-V1,arshiaafshaniarshv1|13.96|posttrained,2268,kept_aggregated,"same normalized model, parameter, type and submission date"
2269,asharsha30/LLAMA_Harsha_8_B_ORDP_10k,asharsha30llamaharsha8bordp10k|8.03|posttrained,2269,kept_aggregated,"same normalized model, parameter, type and submission date"
2270,ashercn97/a1-v0.0.1,ashercn97a1v001|7.616|posttrained,2270,kept_aggregated,"same normalized model, parameter, type and submission date"
2271,ashercn97/a1-v002,ashercn97a1v002|7.616|posttrained,2271,kept_aggregated,"same normalized model, parameter, type and submission date"
2272,assskelad/smollm2-360M-sft_SmallThoughts,assskeladsmollm2360msftsmallthoughts|0.362|posttrained,2272,kept_aggregated,"same normalized model, parameter, type and submission date"
2273,athirdpath/Llama-3.1-Instruct_NSFW-pretrained_e1-plus_reddit,athirdpathllama31instructnsfwpretrainede1plusreddit|8.03|posttrained,2273,kept_aggregated,"same normalized model, parameter, type and submission date"
2274,automerger/YamshadowExperiment28-7B,automergeryamshadowexperiment287b|7.242|merge,2274,kept_aggregated,"same normalized model, parameter, type and submission date"
2275,avemio/GRAG-NEMO-12B-ORPO-HESSIAN-AI,avemiogragnemo12borpohessianai|12.248|posttrained,2275,kept_aggregated,"same normalized model, parameter, type and submission date"
2276,awnr/Mistral-7B-v0.1-signtensors-1-over-2,awnrmistral7bv01signtensors1over2|7.242|pretrained,2276,kept_aggregated,"same normalized model, parameter, type and submission date"
2277,awnr/Mistral-7B-v0.1-signtensors-1-over-4,awnrmistral7bv01signtensors1over4|7.0|pretrained,2277,kept_aggregated,"same normalized model, parameter, type and submission date"
2278,awnr/Mistral-7B-v0.1-signtensors-3-over-8,awnrmistral7bv01signtensors3over8|7.242|pretrained,2278,kept_aggregated,"same normalized model, parameter, type and submission date"
2279,awnr/Mistral-7B-v0.1-signtensors-5-over-16,awnrmistral7bv01signtensors5over16|7.242|pretrained,2279,kept_aggregated,"same normalized model, parameter, type and submission date"
2280,awnr/Mistral-7B-v0.1-signtensors-7-over-16,awnrmistral7bv01signtensors7over16|7.242|pretrained,2280,kept_aggregated,"same normalized model, parameter, type and submission date"
2281,aws-prototyping/MegaBeam-Mistral-7B-512k,awsprototypingmegabeammistral7b512k|7.242|posttrained,2281,kept_aggregated,"same normalized model, parameter, type and submission date"
2282,axolotl-ai-co/romulus-mistral-nemo-12b-simpo,axolotlaicoromulusmistralnemo12bsimpo|12.248|posttrained,2282,kept_aggregated,"same normalized model, parameter, type and submission date"
2283,baconnier/Napoleon_24B_V0.0,baconniernapoleon24bv00|23.572|posttrained,2283,kept_aggregated,"same normalized model, parameter, type and submission date"
2284,baconnier/Napoleon_24B_V0.2,baconniernapoleon24bv02|23.572|merge,2284,kept_aggregated,"same normalized model, parameter, type and submission date"
2285,baebee/7B-Cetacea,baebee7bcetacea|7.242|merge,2285,kept_aggregated,"same normalized model, parameter, type and submission date"
2286,baebee/mergekit-model_stock-nzjnheg,baebeemergekitmodelstocknzjnheg|7.616|merge,2286,kept_aggregated,"same normalized model, parameter, type and submission date"
2287,baebee/mergekit-ties-fnjenli,baebeemergekittiesfnjenli|7.616|merge,2287,kept_aggregated,"same normalized model, parameter, type and submission date"
2288,bamec66557/MISCHIEVOUS-12B,bamec66557mischievous12b|12.248|merge,2288,kept_aggregated,"same normalized model, parameter, type and submission date"
2289,bamec66557/MISCHIEVOUS-12B-Mix_0.1v,bamec66557mischievous12bmix01v|12.248|posttrained,2289,kept_aggregated,"same normalized model, parameter, type and submission date"
2290,bamec66557/MISCHIEVOUS-12B-Mix_0.2v,bamec66557mischievous12bmix02v|12.248|merge,2290,kept_aggregated,"same normalized model, parameter, type and submission date"
2291,bamec66557/MISCHIEVOUS-12B-Mix_0.3v,bamec66557mischievous12bmix03v|12.248|merge,2291,kept_aggregated,"same normalized model, parameter, type and submission date"
2292,bamec66557/MISCHIEVOUS-12B-Mix_0.4v,bamec66557mischievous12bmix04v|12.248|merge,2292,kept_aggregated,"same normalized model, parameter, type and submission date"
2293,bamec66557/MISCHIEVOUS-12B-Mix_0.5v,bamec66557mischievous12bmix05v|12.248|merge,2293,kept_aggregated,"same normalized model, parameter, type and submission date"
2294,bamec66557/MISCHIEVOUS-12B-Mix_0.6v,bamec66557mischievous12bmix06v|12.248|merge,2294,kept_aggregated,"same normalized model, parameter, type and submission date"
2295,bamec66557/MISCHIEVOUS-12B-Mix_III_IV_V,bamec66557mischievous12bmixiiiivv|12.248|merge,2295,kept_aggregated,"same normalized model, parameter, type and submission date"
2296,bamec66557/MISCHIEVOUS-12B-Mix_III_ex_V,bamec66557mischievous12bmixiiiexv|12.248|merge,2296,kept_aggregated,"same normalized model, parameter, type and submission date"
2297,bamec66557/MISCHIEVOUS-12B-Mix_Neo,bamec66557mischievous12bmixneo|12.248|posttrained,2297,kept_aggregated,"same normalized model, parameter, type and submission date"
2298,bamec66557/Mistral-Nemo-VICIOUS_MESH-12B-2407,bamec66557mistralnemoviciousmesh12b2407|12.248|merge,2298,kept_aggregated,"same normalized model, parameter, type and submission date"
2299,bamec66557/NameLess-12B-prob,bamec66557nameless12bprob|12.248|merge,2299,kept_aggregated,"same normalized model, parameter, type and submission date"
2300,bamec66557/VICIOUS_MESH-12B,bamec66557viciousmesh12b|6.124|merge,2300,kept_aggregated,"same normalized model, parameter, type and submission date"
2301,bamec66557/VICIOUS_MESH-12B-0.1v,bamec66557viciousmesh12b01v|6.124|merge,2301,kept_aggregated,"same normalized model, parameter, type and submission date"
2302,bamec66557/VICIOUS_MESH-12B-0.X.ver,bamec66557viciousmesh12b0xver|6.124|merge,2302,kept_aggregated,"same normalized model, parameter, type and submission date"
2303,bamec66557/VICIOUS_MESH-12B-ALPHA,bamec66557viciousmesh12balpha|12.248|posttrained,2303,kept_aggregated,"same normalized model, parameter, type and submission date"
2304,bamec66557/VICIOUS_MESH-12B-BETA,bamec66557viciousmesh12bbeta|12.248|merge,2304,kept_aggregated,"same normalized model, parameter, type and submission date"
2305,bamec66557/VICIOUS_MESH-12B-DELTA,bamec66557viciousmesh12bdelta|6.124|posttrained,2305,kept_aggregated,"same normalized model, parameter, type and submission date"
2306,bamec66557/VICIOUS_MESH-12B-DIGAMMA,bamec66557viciousmesh12bdigamma|6.124|merge,2306,kept_aggregated,"same normalized model, parameter, type and submission date"
2307,bamec66557/VICIOUS_MESH-12B-EPSILON,bamec66557viciousmesh12bepsilon|6.124|merge,2307,kept_aggregated,"same normalized model, parameter, type and submission date"
2308,bamec66557/VICIOUS_MESH-12B-GAMMA,bamec66557viciousmesh12bgamma|12.248|merge,2308,kept_aggregated,"same normalized model, parameter, type and submission date"
2309,bamec66557/VICIOUS_MESH-12B-NEMO,bamec66557viciousmesh12bnemo|12.248|posttrained,2309,kept_aggregated,"same normalized model, parameter, type and submission date"
2310,bamec66557/VICIOUS_MESH-12B-OMEGA,bamec66557viciousmesh12bomega|12.248|merge,2310,kept_aggregated,"same normalized model, parameter, type and submission date"
2311,bamec66557/VICIOUS_MESH-12B-UNION,bamec66557viciousmesh12bunion|6.124|merge,2311,kept_aggregated,"same normalized model, parameter, type and submission date"
2312,bamec66557/VICIOUS_MESH-12B_Razor,bamec66557viciousmesh12brazor|6.124|merge,2312,kept_aggregated,"same normalized model, parameter, type and submission date"
2313,bamec66557/mergekit-model_stock-zdaysvi,bamec66557mergekitmodelstockzdaysvi|6.124|posttrained,2313,kept_aggregated,"same normalized model, parameter, type and submission date"
2314,bamec66557/mergekit-ties-sinbkow,bamec66557mergekittiessinbkow|6.124|merge,2314,kept_aggregated,"same normalized model, parameter, type and submission date"
2315,belztjti/dffghgjh,belztjtidffghgjh|9.543|posttrained,2315,kept_aggregated,"same normalized model, parameter, type and submission date"
2316,belztjti/dtfgv,belztjtidtfgv|9.543|posttrained,2316,kept_aggregated,"same normalized model, parameter, type and submission date"
2317,benhaotang/phi4-qwq-sky-t1,benhaotangphi4qwqskyt1|14.66|merge,2317,kept_aggregated,"same normalized model, parameter, type and submission date"
2318,beomi/gemma-mling-7b,beomigemmamling7b|8.538|pretrained,2318,kept_aggregated,"same normalized model, parameter, type and submission date"
2319,beowolx/CodeNinja-1.0-OpenChat-7B,beowolxcodeninja10openchat7b|7.242|posttrained,2319,kept_aggregated,"same normalized model, parameter, type and submission date"
2320,berkeley-nest/Starling-LM-7B-alpha,berkeleyneststarlinglm7balpha|7.242|posttrained,2320,kept_aggregated,"same normalized model, parameter, type and submission date"
2321,bfuzzy1/Gunny,bfuzzy1gunny|3.213|posttrained,2321,kept_aggregated,"same normalized model, parameter, type and submission date"
2322,bfuzzy1/acheron,bfuzzy1acheron|0.514|merge,2322,kept_aggregated,"same normalized model, parameter, type and submission date"
2323,bfuzzy1/acheron-c,bfuzzy1acheronc|0.514|merge,2323,kept_aggregated,"same normalized model, parameter, type and submission date"
2324,bfuzzy1/acheron-d,bfuzzy1acherond|0.514|merge,2324,kept_aggregated,"same normalized model, parameter, type and submission date"
2325,bfuzzy1/acheron-m,bfuzzy1acheronm|0.514|posttrained,2325,kept_aggregated,"same normalized model, parameter, type and submission date"
2326,bfuzzy1/acheron-m1a-llama,bfuzzy1acheronm1allama|0.514|posttrained,2326,kept_aggregated,"same normalized model, parameter, type and submission date"
2327,bfuzzy1/llambses-1,bfuzzy1llambses1|7.242|merge,2327,kept_aggregated,"same normalized model, parameter, type and submission date"
2328,bhuvneshsaini/merged_model,bhuvneshsainimergedmodel|4.715|posttrained,2328,kept_aggregated,"same normalized model, parameter, type and submission date"
2329,bigcode/starcoder2-15b,bigcodestarcoder215b|15.958|pretrained,2329,kept_aggregated,"same normalized model, parameter, type and submission date"
2330,bigcode/starcoder2-3b,bigcodestarcoder23b|3.03|pretrained,2330,kept_aggregated,"same normalized model, parameter, type and submission date"
2331,bigcode/starcoder2-7b,bigcodestarcoder27b|7.174|pretrained,2331,kept_aggregated,"same normalized model, parameter, type and submission date"
2332,bigscience/bloom-1b1,bigsciencebloom1b1|1.065|pretrained,2332,kept_aggregated,"same normalized model, parameter, type and submission date"
2333,bigscience/bloom-1b7,bigsciencebloom1b7|1.722|pretrained,2333,kept_aggregated,"same normalized model, parameter, type and submission date"
2334,bigscience/bloom-3b,bigsciencebloom3b|3.003|pretrained,2334,kept_aggregated,"same normalized model, parameter, type and submission date"
2335,bigscience/bloom-560m,bigsciencebloom560m|0.559|pretrained,2335,kept_aggregated,"same normalized model, parameter, type and submission date"
2336,bigscience/bloom-7b1,bigsciencebloom7b1|7.069|pretrained,2336,kept_aggregated,"same normalized model, parameter, type and submission date"
2337,bluuwhale/L3-SthenoMaid-8B-V1,bluuwhalel3sthenomaid8bv1|8.03|merge,2337,kept_aggregated,"same normalized model, parameter, type and submission date"
2338,bond005/meno-tiny-0.1,bond005menotiny01|1.544|posttrained,2338,kept_aggregated,"same normalized model, parameter, type and submission date"
2339,bosonai/Higgs-Llama-3-70B,bosonaihiggsllama370b|70.554|posttrained,2339,kept_aggregated,"same normalized model, parameter, type and submission date"
2340,braindao/DeepSeek-R1-Distill-Qwen-1.5B-Blunt,braindaodeepseekr1distillqwen15bblunt|1.777|posttrained,2340,kept_aggregated,"same normalized model, parameter, type and submission date"
2341,braindao/DeepSeek-R1-Distill-Qwen-1.5B-Reflective,braindaodeepseekr1distillqwen15breflective|1.777|posttrained,2341,kept_aggregated,"same normalized model, parameter, type and submission date"
2342,braindao/DeepSeek-R1-Distill-Qwen-14B,braindaodeepseekr1distillqwen14b|14.77|posttrained,2342,kept_aggregated,"same normalized model, parameter, type and submission date"
2343,braindao/DeepSeek-R1-Distill-Qwen-14B-ABUB-ST,braindaodeepseekr1distillqwen14babubst|14.77|posttrained,2343,kept_aggregated,"same normalized model, parameter, type and submission date"
2344,braindao/DeepSeek-R1-Distill-Qwen-14B-Blunt,braindaodeepseekr1distillqwen14bblunt|14.77|posttrained,2344,kept_aggregated,"same normalized model, parameter, type and submission date"
2345,braindao/DeepSeek-R1-Distill-Qwen-14B-Blunt-Uncensored,braindaodeepseekr1distillqwen14bbluntuncensored|14.77|posttrained,2345,kept_aggregated,"same normalized model, parameter, type and submission date"
2346,braindao/DeepSeek-R1-Distill-Qwen-14B-Blunt-Uncensored-Blunt,braindaodeepseekr1distillqwen14bbluntuncensoredblunt|14.77|posttrained,2346,kept_aggregated,"same normalized model, parameter, type and submission date"
2347,braindao/DeepSeek-R1-Distill-Qwen-14B-Blunt-Uncensored-Blunt-Reflective,braindaodeepseekr1distillqwen14bbluntuncensoredbluntreflective|14.77|posttrained,2347,kept_aggregated,"same normalized model, parameter, type and submission date"
2348,braindao/DeepSeek-R1-Distill-Qwen-14B-Blunt-Uncensored-Reflective,braindaodeepseekr1distillqwen14bbluntuncensoredreflective|14.77|posttrained,2348,kept_aggregated,"same normalized model, parameter, type and submission date"
2349,braindao/DeepSeek-R1-Distill-Qwen-14B-Reflective,braindaodeepseekr1distillqwen14breflective|14.77|posttrained,2349,kept_aggregated,"same normalized model, parameter, type and submission date"
2350,braindao/DeepSeek-R1-Distill-Qwen-7B,braindaodeepseekr1distillqwen7b|7.616|posttrained,2350,kept_aggregated,"same normalized model, parameter, type and submission date"
2351,braindao/DeepSeek-R1-Distill-Qwen-7B-Blunt,braindaodeepseekr1distillqwen7bblunt|7.616|posttrained,2351,kept_aggregated,"same normalized model, parameter, type and submission date"
2352,braindao/DeepSeek-R1-Distill-Qwen-7B-ORPO-Uncensored,braindaodeepseekr1distillqwen7borpouncensored|7.616|posttrained,2352,kept_aggregated,"same normalized model, parameter, type and submission date"
2353,braindao/DeepSeek-R1-Distill-Qwen-7B-Reflective,braindaodeepseekr1distillqwen7breflective|7.616|posttrained,2353,kept_aggregated,"same normalized model, parameter, type and submission date"
2354,braindao/Qwen2.5-14B,braindaoqwen2514b|14.77|pretrained,2354,kept_aggregated,"same normalized model, parameter, type and submission date"
2355,braindao/Qwen2.5-14B-Instruct,braindaoqwen2514binstruct|14.77|posttrained,2355,kept_aggregated,"same normalized model, parameter, type and submission date"
2356,braindao/iq-code-evmind-0.5b,braindaoiqcodeevmind05b|0.494|posttrained,2356,kept_aggregated,"same normalized model, parameter, type and submission date"
2357,brgx53/3Bgeneral-ECE-PRYMMAL-Martial,brgx533bgeneraleceprymmalmartial|3.821|merge,2357,kept_aggregated,"same normalized model, parameter, type and submission date"
2358,brgx53/3Bgeneralv2-ECE-PRYMMAL-Martial,brgx533bgeneralv2eceprymmalmartial|3.0|merge,2358,kept_aggregated,"same normalized model, parameter, type and submission date"
2359,brgx53/3Blareneg-ECE-PRYMMAL-Martial,brgx533blarenegeceprymmalmartial|3.821|merge,2359,kept_aggregated,"same normalized model, parameter, type and submission date"
2360,brgx53/3Blarenegv2-ECE-PRYMMAL-Martial,brgx533blarenegv2eceprymmalmartial|7.616|merge,2360,kept_aggregated,"same normalized model, parameter, type and submission date"
2361,brgx53/Barracuda-PRYMMAL-ECE-TW3,brgx53barracudaprymmalecetw3|1.544|merge,2361,kept_aggregated,"same normalized model, parameter, type and submission date"
2362,brgx53/LaConfiance-PRYMMAL-ECE-TW3,brgx53laconfianceprymmalecetw3|1.777|merge,2362,kept_aggregated,"same normalized model, parameter, type and submission date"
2363,bunnycore/Best-Mix-Llama-3.1-8B,bunnycorebestmixllama318b|8.03|merge,2363,kept_aggregated,"same normalized model, parameter, type and submission date"
2364,bunnycore/Blabbertron-1.0,bunnycoreblabbertron10|7.613|merge,2364,kept_aggregated,"same normalized model, parameter, type and submission date"
2365,bunnycore/Blabbertron-1.1,bunnycoreblabbertron11|7.613|merge,2365,kept_aggregated,"same normalized model, parameter, type and submission date"
2366,bunnycore/CyberCore-Qwen-2.1-7B,bunnycorecybercoreqwen217b|7.616|merge,2366,kept_aggregated,"same normalized model, parameter, type and submission date"
2367,bunnycore/DeepQwen-3B-LCoT-SCE,bunnycoredeepqwen3blcotsce|3.396|merge,2367,kept_aggregated,"same normalized model, parameter, type and submission date"
2368,bunnycore/DeepSeek-R1-Distill-Qwen-7B-RRP-Ex,bunnycoredeepseekr1distillqwen7brrpex|7.616|posttrained,2368,kept_aggregated,"same normalized model, parameter, type and submission date"
2369,bunnycore/DeepThinker-7B-Sce-v1,bunnycoredeepthinker7bscev1|7.613|merge,2369,kept_aggregated,"same normalized model, parameter, type and submission date"
2370,bunnycore/DeepThinker-7B-Sce-v2,bunnycoredeepthinker7bscev2|7.613|merge,2370,kept_aggregated,"same normalized model, parameter, type and submission date"
2371,bunnycore/FuseCyberMix-Qwen-2.5-7B-Instruct,bunnycorefusecybermixqwen257binstruct|7.616|merge,2371,kept_aggregated,"same normalized model, parameter, type and submission date"
2372,bunnycore/FuseQwQen-7B,bunnycorefuseqwqen7b|7.616|merge,2372,kept_aggregated,"same normalized model, parameter, type and submission date"
2373,bunnycore/FwF-Qwen-7B-0.1,bunnycorefwfqwen7b01|7.616|merge,2373,kept_aggregated,"same normalized model, parameter, type and submission date"
2374,bunnycore/FwF-Qwen-7B-0.2,bunnycorefwfqwen7b02|7.616|merge,2374,kept_aggregated,"same normalized model, parameter, type and submission date"
2375,bunnycore/Gemma-2-2B-Smart,bunnycoregemma22bsmart|2.614|posttrained,2375,kept_aggregated,"same normalized model, parameter, type and submission date"
2376,bunnycore/Gemma2-9B-TitanFusion,bunnycoregemma29btitanfusion|10.159|merge,2376,kept_aggregated,"same normalized model, parameter, type and submission date"
2377,bunnycore/HyperLlama-3.1-8B,bunnycorehyperllama318b|8.03|merge,2377,kept_aggregated,"same normalized model, parameter, type and submission date"
2378,bunnycore/Llama-3.1-8B-TitanFusion-Mix,bunnycorellama318btitanfusionmix|8.03|merge,2378,kept_aggregated,"same normalized model, parameter, type and submission date"
2379,bunnycore/Llama-3.1-8B-TitanFusion-v3,bunnycorellama318btitanfusionv3|8.03|merge,2379,kept_aggregated,"same normalized model, parameter, type and submission date"
2380,bunnycore/Llama-3.2-3B-All-Mix,bunnycorellama323ballmix|3.607|merge,2380,kept_aggregated,"same normalized model, parameter, type and submission date"
2381,bunnycore/Llama-3.2-3B-Bespoke-Thought,bunnycorellama323bbespokethought|3.213|posttrained,2381,kept_aggregated,"same normalized model, parameter, type and submission date"
2382,bunnycore/Llama-3.2-3B-Booval,bunnycorellama323bbooval|3.213|posttrained,2382,kept_aggregated,"same normalized model, parameter, type and submission date"
2383,bunnycore/Llama-3.2-3B-Deep-Test,bunnycorellama323bdeeptest|1.803|merge,2383,kept_aggregated,"same normalized model, parameter, type and submission date"
2384,bunnycore/Llama-3.2-3B-Deep-Test,bunnycorellama323bdeeptest|3.607|merge,2384,kept_aggregated,"same normalized model, parameter, type and submission date"
2385,bunnycore/Llama-3.2-3B-Della,bunnycorellama323bdella|3.607|merge,2385,kept_aggregated,"same normalized model, parameter, type and submission date"
2386,bunnycore/Llama-3.2-3B-Long-Think,bunnycorellama323blongthink|3.213|posttrained,2386,kept_aggregated,"same normalized model, parameter, type and submission date"
2387,bunnycore/Llama-3.2-3B-Mix-Skill,bunnycorellama323bmixskill|3.607|posttrained,2387,kept_aggregated,"same normalized model, parameter, type and submission date"
2388,bunnycore/Llama-3.2-3B-ProdigyPlus,bunnycorellama323bprodigyplus|3.607|posttrained,2388,kept_aggregated,"same normalized model, parameter, type and submission date"
2389,bunnycore/Llama-3.2-3B-ProdigyPlusPlus,bunnycorellama323bprodigyplusplus|3.607|posttrained,2389,kept_aggregated,"same normalized model, parameter, type and submission date"
2390,bunnycore/Llama-3.2-3B-RP-DeepThink,bunnycorellama323brpdeepthink|3.607|merge,2390,kept_aggregated,"same normalized model, parameter, type and submission date"
2391,bunnycore/Llama-3.2-3B-RRStock,bunnycorellama323brrstock|3.607|merge,2391,kept_aggregated,"same normalized model, parameter, type and submission date"
2392,bunnycore/Llama-3.2-3B-ToxicKod,bunnycorellama323btoxickod|3.213|merge,2392,kept_aggregated,"same normalized model, parameter, type and submission date"
2393,bunnycore/Llama-3.2-3b-RP-Toxic-Fuse,bunnycorellama323brptoxicfuse|3.213|merge,2393,kept_aggregated,"same normalized model, parameter, type and submission date"
2394,bunnycore/Maestro-S1k-7B-Sce,bunnycoremaestros1k7bsce|7.613|merge,2394,kept_aggregated,"same normalized model, parameter, type and submission date"
2395,bunnycore/Phi-3.5-mini-TitanFusion-0.1,bunnycorephi35minititanfusion01|3.821|merge,2395,kept_aggregated,"same normalized model, parameter, type and submission date"
2396,bunnycore/Phi-4-Model-Stock,bunnycorephi4modelstock|14.66|merge,2396,kept_aggregated,"same normalized model, parameter, type and submission date"
2397,bunnycore/Phi-4-Model-Stock-v2,bunnycorephi4modelstockv2|14.66|merge,2397,kept_aggregated,"same normalized model, parameter, type and submission date"
2398,bunnycore/Phi-4-Model-Stock-v3,bunnycorephi4modelstockv3|14.66|merge,2398,kept_aggregated,"same normalized model, parameter, type and submission date"
2399,bunnycore/Phi-4-Model-Stock-v4,bunnycorephi4modelstockv4|14.66|merge,2399,kept_aggregated,"same normalized model, parameter, type and submission date"
2400,bunnycore/Phi-4-RP-v0,bunnycorephi4rpv0|14.66|merge,2400,kept_aggregated,"same normalized model, parameter, type and submission date"
2401,bunnycore/Phi-4-RR-Shoup,bunnycorephi4rrshoup|14.66|merge,2401,kept_aggregated,"same normalized model, parameter, type and submission date"
2402,bunnycore/Phi-4-RStock-v0.1,bunnycorephi4rstockv01|14.66|merge,2402,kept_aggregated,"same normalized model, parameter, type and submission date"
2403,bunnycore/Phi-4-ReasoningRP,bunnycorephi4reasoningrp|14.66|posttrained,2403,kept_aggregated,"same normalized model, parameter, type and submission date"
2404,bunnycore/Phi-4-Sce-exp-v0.1,bunnycorephi4sceexpv01|14.66|merge,2404,kept_aggregated,"same normalized model, parameter, type and submission date"
2405,bunnycore/Phi-4-Stock-Ex,bunnycorephi4stockex|14.66|merge,2405,kept_aggregated,"same normalized model, parameter, type and submission date"
2406,bunnycore/Phi-4-Stock-RP,bunnycorephi4stockrp|14.66|posttrained,2406,kept_aggregated,"same normalized model, parameter, type and submission date"
2407,bunnycore/Phi-4-Trim-Exp1,bunnycorephi4trimexp1|7.503|merge,2407,kept_aggregated,"same normalized model, parameter, type and submission date"
2408,bunnycore/Phi-Seek-4-Sce-V1,bunnycorephiseek4scev1|14.66|merge,2408,kept_aggregated,"same normalized model, parameter, type and submission date"
2409,bunnycore/Qandora-2.5-7B-Creative,bunnycoreqandora257bcreative|7.616|merge,2409,kept_aggregated,"same normalized model, parameter, type and submission date"
2410,bunnycore/QandoraExp-7B,bunnycoreqandoraexp7b|7.616|merge,2410,kept_aggregated,"same normalized model, parameter, type and submission date"
2411,bunnycore/QandoraExp-7B-Persona,bunnycoreqandoraexp7bpersona|7.616|merge,2411,kept_aggregated,"same normalized model, parameter, type and submission date"
2412,bunnycore/QandoraExp-7B-v2,bunnycoreqandoraexp7bv2|7.616|merge,2412,kept_aggregated,"same normalized model, parameter, type and submission date"
2413,bunnycore/QwQen-3B-LCoT,bunnycoreqwqen3blcot|3.397|merge,2413,kept_aggregated,"same normalized model, parameter, type and submission date"
2414,bunnycore/QwQen-3B-LCoT-R1,bunnycoreqwqen3blcotr1|3.085|posttrained,2414,kept_aggregated,"same normalized model, parameter, type and submission date"
2415,bunnycore/Qwen-2.5-7B-Deep-Sky-T1,bunnycoreqwen257bdeepskyt1|7.613|merge,2415,kept_aggregated,"same normalized model, parameter, type and submission date"
2416,bunnycore/Qwen-2.5-7B-Deep-Stock-v1,bunnycoreqwen257bdeepstockv1|7.613|merge,2416,kept_aggregated,"same normalized model, parameter, type and submission date"
2417,bunnycore/Qwen-2.5-7B-Deep-Stock-v4,bunnycoreqwen257bdeepstockv4|7.613|merge,2417,kept_aggregated,"same normalized model, parameter, type and submission date"
2418,bunnycore/Qwen-2.5-7B-Deep-Stock-v5,bunnycoreqwen257bdeepstockv5|7.613|merge,2418,kept_aggregated,"same normalized model, parameter, type and submission date"
2419,bunnycore/Qwen-2.5-7B-Exp-Sce,bunnycoreqwen257bexpsce|7.613|merge,2419,kept_aggregated,"same normalized model, parameter, type and submission date"
2420,bunnycore/Qwen-2.5-7B-R1-Stock,bunnycoreqwen257br1stock|7.613|merge,2420,kept_aggregated,"same normalized model, parameter, type and submission date"
2421,bunnycore/Qwen-2.5-7B-Stock-Deep-Bespoke,bunnycoreqwen257bstockdeepbespoke|7.613|merge,2421,kept_aggregated,"same normalized model, parameter, type and submission date"
2422,bunnycore/Qwen-2.5-7b-S1k,bunnycoreqwen257bs1k|7.613|posttrained,2422,kept_aggregated,"same normalized model, parameter, type and submission date"
2423,bunnycore/Qwen2.5-1.5B-Model-Stock,bunnycoreqwen2515bmodelstock|1.776|merge,2423,kept_aggregated,"same normalized model, parameter, type and submission date"
2424,bunnycore/Qwen2.5-3B-Model-Stock,bunnycoreqwen253bmodelstock|3.396|merge,2424,kept_aggregated,"same normalized model, parameter, type and submission date"
2425,bunnycore/Qwen2.5-3B-Model-Stock-v2,bunnycoreqwen253bmodelstockv2|3.396|merge,2425,kept_aggregated,"same normalized model, parameter, type and submission date"
2426,bunnycore/Qwen2.5-3B-Model-Stock-v3.1,bunnycoreqwen253bmodelstockv31|3.396|merge,2426,kept_aggregated,"same normalized model, parameter, type and submission date"
2427,bunnycore/Qwen2.5-3B-Model-Stock-v3.2,bunnycoreqwen253bmodelstockv32|3.396|posttrained,2427,kept_aggregated,"same normalized model, parameter, type and submission date"
2428,bunnycore/Qwen2.5-3B-Model-Stock-v4.1,bunnycoreqwen253bmodelstockv41|3.396|merge,2428,kept_aggregated,"same normalized model, parameter, type and submission date"
2429,bunnycore/Qwen2.5-3B-RP-Mix,bunnycoreqwen253brpmix|3.397|posttrained,2429,kept_aggregated,"same normalized model, parameter, type and submission date"
2430,bunnycore/Qwen2.5-3B-RP-Thinker,bunnycoreqwen253brpthinker|3.397|merge,2430,kept_aggregated,"same normalized model, parameter, type and submission date"
2431,bunnycore/Qwen2.5-3B-RP-Thinker-V2,bunnycoreqwen253brpthinkerv2|3.397|merge,2431,kept_aggregated,"same normalized model, parameter, type and submission date"
2432,bunnycore/Qwen2.5-7B-CyberRombos,bunnycoreqwen257bcyberrombos|7.616|merge,2432,kept_aggregated,"same normalized model, parameter, type and submission date"
2433,bunnycore/Qwen2.5-7B-Fuse-Exp,bunnycoreqwen257bfuseexp|7.616|merge,2433,kept_aggregated,"same normalized model, parameter, type and submission date"
2434,bunnycore/Qwen2.5-7B-Instruct-Fusion,bunnycoreqwen257binstructfusion|7.616|merge,2434,kept_aggregated,"same normalized model, parameter, type and submission date"
2435,bunnycore/Qwen2.5-7B-Instruct-Merge-Stock-v0.1,bunnycoreqwen257binstructmergestockv01|7.613|merge,2435,kept_aggregated,"same normalized model, parameter, type and submission date"
2436,bunnycore/Qwen2.5-7B-MixStock-Sce-V0.3,bunnycoreqwen257bmixstockscev03|7.613|posttrained,2436,kept_aggregated,"same normalized model, parameter, type and submission date"
2437,bunnycore/Qwen2.5-7B-MixStock-V0.1,bunnycoreqwen257bmixstockv01|7.613|merge,2437,kept_aggregated,"same normalized model, parameter, type and submission date"
2438,bunnycore/Qwen2.5-7B-R1-Bespoke-Stock,bunnycoreqwen257br1bespokestock|7.613|merge,2438,kept_aggregated,"same normalized model, parameter, type and submission date"
2439,bunnycore/Qwen2.5-7B-R1-Bespoke-Task,bunnycoreqwen257br1bespoketask|7.613|merge,2439,kept_aggregated,"same normalized model, parameter, type and submission date"
2440,bunnycore/Qwen2.5-7B-RRP-1M,bunnycoreqwen257brrp1m|7.613|posttrained,2440,kept_aggregated,"same normalized model, parameter, type and submission date"
2441,bunnycore/Qwen2.5-7B-RRP-1M-Thinker,bunnycoreqwen257brrp1mthinker|7.613|merge,2441,kept_aggregated,"same normalized model, parameter, type and submission date"
2442,bunnycore/Qwen2.5-7B-RRP-ID,bunnycoreqwen257brrpid|7.616|posttrained,2442,kept_aggregated,"same normalized model, parameter, type and submission date"
2443,bunnycore/Qwen2.5-7B-Sky-R1-Mini,bunnycoreqwen257bskyr1mini|7.616|merge,2443,kept_aggregated,"same normalized model, parameter, type and submission date"
2444,bunnycore/QwenMosaic-7B,bunnycoreqwenmosaic7b|7.616|merge,2444,kept_aggregated,"same normalized model, parameter, type and submission date"
2445,bunnycore/Smol-Llama-3.2-3B,bunnycoresmolllama323b|3.607|merge,2445,kept_aggregated,"same normalized model, parameter, type and submission date"
2446,bunnycore/SmolLM2-1.7-Persona,bunnycoresmollm217persona|1.711|posttrained,2446,kept_aggregated,"same normalized model, parameter, type and submission date"
2447,bunnycore/SmolLM2-1.7B-roleplay-lora,bunnycoresmollm217broleplaylora|3.423|posttrained,2447,kept_aggregated,"same normalized model, parameter, type and submission date"
2448,bunnycore/Tulu-3.1-8B-SuperNova,bunnycoretulu318bsupernova|8.03|merge,2448,kept_aggregated,"same normalized model, parameter, type and submission date"
2449,byroneverson/Mistral-Small-Instruct-2409-abliterated,byroneversonmistralsmallinstruct2409abliterated|22.247|posttrained,2449,kept_aggregated,"same normalized model, parameter, type and submission date"
2450,byroneverson/Yi-1.5-9B-Chat-16K-abliterated,byroneversonyi159bchat16kabliterated|8.829|posttrained,2450,kept_aggregated,"same normalized model, parameter, type and submission date"
2451,byroneverson/Yi-1.5-9B-Chat-abliterated,byroneversonyi159bchatabliterated|8.829|posttrained,2451,kept_aggregated,"same normalized model, parameter, type and submission date"
2452,c10x/Q-Pluse,c10xqpluse|7.616|merge,2452,kept_aggregated,"same normalized model, parameter, type and submission date"
2453,c10x/longthinker,c10xlongthinker|8.03|merge,2453,kept_aggregated,"same normalized model, parameter, type and submission date"
2454,carsenk/flippa-v6,carsenkflippav6|16.061|posttrained,2454,kept_aggregated,"same normalized model, parameter, type and submission date"
2455,carsenk/phi3.5_mini_exp_825_uncensored,carsenkphi35miniexp825uncensored|3.821|posttrained,2455,kept_aggregated,"same normalized model, parameter, type and submission date"
2456,cat-searcher/gemma-2-9b-it-sppo-iter-1,catsearchergemma29bitsppoiter1|9.242|posttrained,2456,kept_aggregated,"same normalized model, parameter, type and submission date"
2457,cat-searcher/gemma-2-9b-it-sppo-iter-1-evol-1,catsearchergemma29bitsppoiter1evol1|9.242|posttrained,2457,kept_aggregated,"same normalized model, parameter, type and submission date"
2458,cckm/tinymistral_950m,cckmtinymistral950m|0.955|pretrained,2458,kept_aggregated,"same normalized model, parameter, type and submission date"
2459,cgato/TheSalt-L3-8b-v0.3.2,cgatothesaltl38bv032|8.03|posttrained,2459,kept_aggregated,"same normalized model, parameter, type and submission date"
2460,chargoddard/prometheus-2-llama-3-8b,chargoddardprometheus2llama38b|8.03|posttrained,2460,kept_aggregated,"same normalized model, parameter, type and submission date"
2461,chujiezheng/Llama-3-Instruct-8B-SimPO-ExPO,chujiezhengllama3instruct8bsimpoexpo|8.03|posttrained,2461,kept_aggregated,"same normalized model, parameter, type and submission date"
2462,chujiezheng/Mistral7B-PairRM-SPPO-ExPO,chujiezhengmistral7bpairrmsppoexpo|7.242|posttrained,2462,kept_aggregated,"same normalized model, parameter, type and submission date"
2463,cjvt/GaMS-1B,cjvtgams1b|1.54|pretrained,2463,kept_aggregated,"same normalized model, parameter, type and submission date"
2464,cloudyu/Llama-3-70Bx2-MOE,cloudyullama370bx2moe|126.926|posttrained,2464,kept_aggregated,"same normalized model, parameter, type and submission date"
2465,cloudyu/Llama-3.2-3Bx4,cloudyullama323bx4|9.949|posttrained,2465,kept_aggregated,"same normalized model, parameter, type and submission date"
2466,cloudyu/Mixtral_11Bx2_MoE_19B,cloudyumixtral11bx2moe19b|19.188|posttrained,2466,kept_aggregated,"same normalized model, parameter, type and submission date"
2467,cloudyu/Mixtral_34Bx2_MoE_60B,cloudyumixtral34bx2moe60b|60.814|merge,2467,kept_aggregated,"same normalized model, parameter, type and submission date"
2468,cloudyu/Mixtral_7Bx2_MoE,cloudyumixtral7bx2moe|12.879|posttrained,2468,kept_aggregated,"same normalized model, parameter, type and submission date"
2469,cloudyu/S1-Llama-3.2-3Bx4-MoE,cloudyus1llama323bx4moe|9.555|posttrained,2469,kept_aggregated,"same normalized model, parameter, type and submission date"
2470,cloudyu/Yi-34Bx2-MoE-60B-DPO,cloudyuyi34bx2moe60bdpo|60.814|posttrained,2470,kept_aggregated,"same normalized model, parameter, type and submission date"
2471,cluebbers/Llama-3.1-8B-paraphrase-type-generation-apty-ipo,cluebbersllama318bparaphrasetypegenerationaptyipo|8.03|posttrained,2471,kept_aggregated,"same normalized model, parameter, type and submission date"
2472,cluebbers/Llama-3.1-8B-paraphrase-type-generation-apty-sigmoid,cluebbersllama318bparaphrasetypegenerationaptysigmoid|8.03|posttrained,2472,kept_aggregated,"same normalized model, parameter, type and submission date"
2473,cluebbers/Llama-3.1-8B-paraphrase-type-generation-etpc,cluebbersllama318bparaphrasetypegenerationetpc|8.03|posttrained,2473,kept_aggregated,"same normalized model, parameter, type and submission date"
2474,cognitivecomputations/Dolphin3.0-Llama3.1-8B,cognitivecomputationsdolphin30llama318b|8.03|posttrained,2474,kept_aggregated,"same normalized model, parameter, type and submission date"
2475,cognitivecomputations/Dolphin3.0-Llama3.2-1B,cognitivecomputationsdolphin30llama321b|1.236|posttrained,2475,kept_aggregated,"same normalized model, parameter, type and submission date"
2476,cognitivecomputations/Dolphin3.0-Qwen2.5-0.5B,cognitivecomputationsdolphin30qwen2505b|0.494|posttrained,2476,kept_aggregated,"same normalized model, parameter, type and submission date"
2477,cognitivecomputations/Dolphin3.0-R1-Mistral-24B,cognitivecomputationsdolphin30r1mistral24b|23.572|posttrained,2477,kept_aggregated,"same normalized model, parameter, type and submission date"
2478,cognitivecomputations/dolphin-2.9-llama3-8b,cognitivecomputationsdolphin29llama38b|8.03|posttrained,2478,kept_aggregated,"same normalized model, parameter, type and submission date"
2479,cognitivecomputations/dolphin-2.9.1-llama-3-70b,cognitivecomputationsdolphin291llama370b|70.554|posttrained,2479,kept_aggregated,"same normalized model, parameter, type and submission date"
2480,cognitivecomputations/dolphin-2.9.1-yi-1.5-34b,cognitivecomputationsdolphin291yi1534b|34.389|posttrained,2480,kept_aggregated,"same normalized model, parameter, type and submission date"
2481,cognitivecomputations/dolphin-2.9.1-yi-1.5-9b,cognitivecomputationsdolphin291yi159b|8.829|posttrained,2481,kept_aggregated,"same normalized model, parameter, type and submission date"
2482,cognitivecomputations/dolphin-2.9.2-Phi-3-Medium,cognitivecomputationsdolphin292phi3medium|nan|posttrained,2482,kept_aggregated,"same normalized model, parameter, type and submission date"
2483,cognitivecomputations/dolphin-2.9.2-Phi-3-Medium-abliterated,cognitivecomputationsdolphin292phi3mediumabliterated|13.96|posttrained,2483,kept_aggregated,"same normalized model, parameter, type and submission date"
2484,cognitivecomputations/dolphin-2.9.2-Phi-3-Medium-abliterated,cognitivecomputationsdolphin292phi3mediumabliterated|13.96|posttrained,2484,kept_aggregated,"same normalized model, parameter, type and submission date"
2485,cognitivecomputations/dolphin-2.9.2-qwen2-72b,cognitivecomputationsdolphin292qwen272b|72.0|posttrained,2485,kept_aggregated,"same normalized model, parameter, type and submission date"
2486,cognitivecomputations/dolphin-2.9.2-qwen2-7b,cognitivecomputationsdolphin292qwen27b|7.616|posttrained,2486,kept_aggregated,"same normalized model, parameter, type and submission date"
2487,cognitivecomputations/dolphin-2.9.3-Yi-1.5-34B-32k,cognitivecomputationsdolphin293yi1534b32k|34.0|posttrained,2487,kept_aggregated,"same normalized model, parameter, type and submission date"
2488,cognitivecomputations/dolphin-2.9.3-mistral-7B-32k,cognitivecomputationsdolphin293mistral7b32k|7.248|posttrained,2488,kept_aggregated,"same normalized model, parameter, type and submission date"
2489,cognitivecomputations/dolphin-2.9.3-mistral-nemo-12b,cognitivecomputationsdolphin293mistralnemo12b|12.248|posttrained,2489,kept_aggregated,"same normalized model, parameter, type and submission date"
2490,cognitivecomputations/dolphin-2.9.4-gemma2-2b,cognitivecomputationsdolphin294gemma22b|2.614|posttrained,2490,kept_aggregated,"same normalized model, parameter, type and submission date"
2491,cognitivecomputations/dolphin-2.9.4-llama3.1-8b,cognitivecomputationsdolphin294llama318b|8.03|posttrained,2491,kept_aggregated,"same normalized model, parameter, type and submission date"
2492,collaiborateorg/Collaiborator-MEDLLM-Llama-3-8B-v2,collaiborateorgcollaiboratormedllmllama38bv2|8.03|posttrained,2492,kept_aggregated,"same normalized model, parameter, type and submission date"
2493,cpayne1303/cp2024,cpayne1303cp2024|0.031|pretrained,2493,kept_aggregated,"same normalized model, parameter, type and submission date"
2494,cpayne1303/cp2024-instruct,cpayne1303cp2024instruct|0.031|pretrained,2494,kept_aggregated,"same normalized model, parameter, type and submission date"
2495,cpayne1303/llama-43m-beta,cpayne1303llama43mbeta|0.043|pretrained,2495,kept_aggregated,"same normalized model, parameter, type and submission date"
2496,cpayne1303/llama-43m-beta,cpayne1303llama43mbeta|0.043|pretrained,2496,kept_aggregated,"same normalized model, parameter, type and submission date"
2497,cpayne1303/smallcp2024,cpayne1303smallcp2024|0.002|pretrained,2497,kept_aggregated,"same normalized model, parameter, type and submission date"
2498,crestf411/MN-Slush,crestf411mnslush|12.248|pretrained,2498,kept_aggregated,"same normalized model, parameter, type and submission date"
2499,cstr/llama3.1-8b-spaetzle-v90,cstrllama318bspaetzlev90|8.03|merge,2499,kept_aggregated,"same normalized model, parameter, type and submission date"
2500,cyberagent/calm3-22b-chat,cyberagentcalm322bchat|22.543|posttrained,2500,kept_aggregated,"same normalized model, parameter, type and submission date"
2501,darkc0de/BuddyGlassNeverSleeps,darkc0debuddyglassneversleeps|8.03|posttrained,2501,kept_aggregated,"same normalized model, parameter, type and submission date"
2502,darkc0de/BuddyGlassUncensored2025.2,darkc0debuddyglassuncensored20252|10.306|posttrained,2502,kept_aggregated,"same normalized model, parameter, type and submission date"
2503,darkc0de/BuddyGlass_v0.3_Xortron7MethedUpSwitchedUp,darkc0debuddyglassv03xortron7methedupswitchedup|0.007|merge,2503,kept_aggregated,"same normalized model, parameter, type and submission date"
2504,databricks/dbrx-base,databricksdbrxbase|0.0|excluded_other,2504,kept_aggregated,"same normalized model, parameter, type and submission date"
2505,databricks/dbrx-instruct,databricksdbrxinstruct|131.597|posttrained,2505,kept_aggregated,"same normalized model, parameter, type and submission date"
2506,databricks/dolly-v1-6b,databricksdollyv16b|6.0|pretrained,2506,kept_aggregated,"same normalized model, parameter, type and submission date"
2507,databricks/dolly-v2-12b,databricksdollyv212b|12.0|posttrained,2507,kept_aggregated,"same normalized model, parameter, type and submission date"
2508,databricks/dolly-v2-3b,databricksdollyv23b|3.0|posttrained,2508,kept_aggregated,"same normalized model, parameter, type and submission date"
2509,databricks/dolly-v2-7b,databricksdollyv27b|7.0|posttrained,2509,kept_aggregated,"same normalized model, parameter, type and submission date"
2510,davidkim205/Rhea-72b-v0.5,davidkim205rhea72bv05|72.0|posttrained,2510,kept_aggregated,"same normalized model, parameter, type and submission date"
2511,davidkim205/nox-solar-10.7b-v4,davidkim205noxsolar107bv4|10.732|posttrained,2511,kept_aggregated,"same normalized model, parameter, type and submission date"
2512,deepseek-ai/DeepSeek-R1-Distill-Llama-70B,deepseekaideepseekr1distillllama70b|70.554|posttrained,2512,kept_aggregated,"same normalized model, parameter, type and submission date"
2513,deepseek-ai/DeepSeek-R1-Distill-Llama-8B,deepseekaideepseekr1distillllama8b|8.03|posttrained,2513,kept_aggregated,"same normalized model, parameter, type and submission date"
2514,deepseek-ai/DeepSeek-R1-Distill-Qwen-1.5B,deepseekaideepseekr1distillqwen15b|1.777|posttrained,2514,kept_aggregated,"same normalized model, parameter, type and submission date"
2515,deepseek-ai/DeepSeek-R1-Distill-Qwen-14B,deepseekaideepseekr1distillqwen14b|14.77|posttrained,2515,kept_aggregated,"same normalized model, parameter, type and submission date"
2516,deepseek-ai/DeepSeek-R1-Distill-Qwen-32B,deepseekaideepseekr1distillqwen32b|32.764|posttrained,2516,kept_aggregated,"same normalized model, parameter, type and submission date"
2517,deepseek-ai/DeepSeek-R1-Distill-Qwen-7B,deepseekaideepseekr1distillqwen7b|7.616|posttrained,2517,kept_aggregated,"same normalized model, parameter, type and submission date"
2518,deepseek-ai/deepseek-llm-67b-chat,deepseekaideepseekllm67bchat|67.0|posttrained,2518,kept_aggregated,"same normalized model, parameter, type and submission date"
2519,deepseek-ai/deepseek-llm-7b-base,deepseekaideepseekllm7bbase|7.0|pretrained,2519,kept_aggregated,"same normalized model, parameter, type and submission date"
2520,deepseek-ai/deepseek-llm-7b-chat,deepseekaideepseekllm7bchat|7.0|posttrained,2520,kept_aggregated,"same normalized model, parameter, type and submission date"
2521,deepseek-ai/deepseek-moe-16b-base,deepseekaideepseekmoe16bbase|16.376|pretrained,2521,kept_aggregated,"same normalized model, parameter, type and submission date"
2522,deepseek-ai/deepseek-moe-16b-chat,deepseekaideepseekmoe16bchat|16.376|posttrained,2522,kept_aggregated,"same normalized model, parameter, type and submission date"
2523,dfurman/CalmeRys-78B-Orpo-v0.1,dfurmancalmerys78borpov01|77.965|posttrained,2523,kept_aggregated,"same normalized model, parameter, type and submission date"
2524,dfurman/Llama-3-70B-Orpo-v0.1,dfurmanllama370borpov01|70.554|posttrained,2524,kept_aggregated,"same normalized model, parameter, type and submission date"
2525,dfurman/Llama-3-8B-Orpo-v0.1,dfurmanllama38borpov01|8.03|posttrained,2526,replaced_same_version_date,"same normalized model, parameter, type and submission date"
2526,dfurman/Llama-3-8B-Orpo-v0.1,dfurmanllama38borpov01|8.03|posttrained,2526,kept_aggregated,"same normalized model, parameter, type and submission date"
2527,dfurman/Qwen2-72B-Orpo-v0.1,dfurmanqwen272borpov01|72.699|posttrained,2527,kept_aggregated,"same normalized model, parameter, type and submission date"
2528,dicta-il/dictalm2.0,dictaildictalm20|7.251|pretrained,2528,kept_aggregated,"same normalized model, parameter, type and submission date"
2529,dicta-il/dictalm2.0-instruct,dictaildictalm20instruct|7.251|posttrained,2529,kept_aggregated,"same normalized model, parameter, type and submission date"
2530,distilbert/distilgpt2,distilbertdistilgpt2|0.088|pretrained,2530,kept_aggregated,"same normalized model, parameter, type and submission date"
2531,divyanshukunwar/SASTRI_1_9B,divyanshukunwarsastri19b|5.211|posttrained,2531,kept_aggregated,"same normalized model, parameter, type and submission date"
2532,djuna/G2-BigGSHT-27B-2,djunag2biggsht27b2|27.227|merge,2532,kept_aggregated,"same normalized model, parameter, type and submission date"
2533,djuna/G2-GSHT,djunag2gsht|10.159|merge,2533,kept_aggregated,"same normalized model, parameter, type and submission date"
2534,djuna/Gemma-2-gemmama-9b,djunagemma2gemmama9b|10.159|merge,2534,kept_aggregated,"same normalized model, parameter, type and submission date"
2535,djuna/L3.1-ForStHS,djunal31forsths|8.03|merge,2535,kept_aggregated,"same normalized model, parameter, type and submission date"
2536,djuna/L3.1-Promissum_Mane-8B-Della-1.5-calc,djunal31promissummane8bdella15calc|8.03|merge,2536,kept_aggregated,"same normalized model, parameter, type and submission date"
2537,djuna/L3.1-Promissum_Mane-8B-Della-calc,djunal31promissummane8bdellacalc|8.03|merge,2537,kept_aggregated,"same normalized model, parameter, type and submission date"
2538,djuna/L3.1-Purosani-2-8B,djunal31purosani28b|8.03|merge,2538,kept_aggregated,"same normalized model, parameter, type and submission date"
2539,djuna/L3.1-Suze-Vume-calc,djunal31suzevumecalc|8.03|merge,2539,kept_aggregated,"same normalized model, parameter, type and submission date"
2540,djuna/MN-Chinofun,djunamnchinofun|12.248|merge,2540,kept_aggregated,"same normalized model, parameter, type and submission date"
2541,djuna/MN-Chinofun-12B-2,djunamnchinofun12b2|12.248|merge,2541,kept_aggregated,"same normalized model, parameter, type and submission date"
2542,djuna/MN-Chinofun-12B-3,djunamnchinofun12b3|12.248|merge,2542,kept_aggregated,"same normalized model, parameter, type and submission date"
2543,djuna/MN-Chinofun-12B-4,djunamnchinofun12b4|12.248|merge,2543,kept_aggregated,"same normalized model, parameter, type and submission date"
2544,djuna/Q2.5-Partron-7B,djunaq25partron7b|7.613|merge,2544,kept_aggregated,"same normalized model, parameter, type and submission date"
2545,djuna/Q2.5-Veltha-14B,djunaq25veltha14b|14.766|merge,2545,kept_aggregated,"same normalized model, parameter, type and submission date"
2546,djuna/Q2.5-Veltha-14B-0.5,djunaq25veltha14b05|14.766|merge,2546,kept_aggregated,"same normalized model, parameter, type and submission date"
2547,djuna-test-lab/TEST-L3.2-ReWish-3B,djunatestlabtestl32rewish3b|3.213|merge,2547,kept_aggregated,"same normalized model, parameter, type and submission date"
2548,djuna-test-lab/TEST-L3.2-ReWish-3B-ties-w-base,djunatestlabtestl32rewish3btieswbase|3.213|merge,2548,kept_aggregated,"same normalized model, parameter, type and submission date"
2549,dnhkng/RYS-Medium,dnhkngrysmedium|18.731|pretrained,2549,kept_aggregated,"same normalized model, parameter, type and submission date"
2550,dnhkng/RYS-Llama-3-8B-Instruct,dnhkngrysllama38binstruct|8.248|posttrained,2550,kept_aggregated,"same normalized model, parameter, type and submission date"
2551,dnhkng/RYS-Llama-3-Huge-Instruct,dnhkngrysllama3hugeinstruct|99.646|posttrained,2551,kept_aggregated,"same normalized model, parameter, type and submission date"
2552,dnhkng/RYS-Llama-3-Large-Instruct,dnhkngrysllama3largeinstruct|73.976|posttrained,2552,kept_aggregated,"same normalized model, parameter, type and submission date"
2553,dnhkng/RYS-Llama-3.1-8B-Instruct,dnhkngrysllama318binstruct|8.685|posttrained,2553,kept_aggregated,"same normalized model, parameter, type and submission date"
2554,dnhkng/RYS-Llama3.1-Large,dnhkngrysllama31large|81.677|posttrained,2554,kept_aggregated,"same normalized model, parameter, type and submission date"
2555,dnhkng/RYS-Phi-3-medium-4k-instruct,dnhkngrysphi3medium4kinstruct|17.709|pretrained,2555,kept_aggregated,"same normalized model, parameter, type and submission date"
2556,dnhkng/RYS-XLarge,dnhkngrysxlarge|77.965|posttrained,2556,kept_aggregated,"same normalized model, parameter, type and submission date"
2557,dnhkng/RYS-XLarge-base,dnhkngrysxlargebase|77.972|posttrained,2557,kept_aggregated,"same normalized model, parameter, type and submission date"
2558,dnhkng/RYS-XLarge2,dnhkngrysxlarge2|77.965|posttrained,2558,kept_aggregated,"same normalized model, parameter, type and submission date"
2559,dreamgen/WizardLM-2-7B,dreamgenwizardlm27b|7.242|posttrained,2559,kept_aggregated,"same normalized model, parameter, type and submission date"
2560,dustinwloring1988/Reflexis-8b-chat-v1,dustinwloring1988reflexis8bchatv1|8.03|posttrained,2560,kept_aggregated,"same normalized model, parameter, type and submission date"
2561,dustinwloring1988/Reflexis-8b-chat-v2,dustinwloring1988reflexis8bchatv2|8.03|posttrained,2561,kept_aggregated,"same normalized model, parameter, type and submission date"
2562,dustinwloring1988/Reflexis-8b-chat-v3,dustinwloring1988reflexis8bchatv3|8.03|posttrained,2562,kept_aggregated,"same normalized model, parameter, type and submission date"
2563,dustinwloring1988/Reflexis-8b-chat-v4,dustinwloring1988reflexis8bchatv4|8.03|posttrained,2563,kept_aggregated,"same normalized model, parameter, type and submission date"
2564,dustinwloring1988/Reflexis-8b-chat-v5,dustinwloring1988reflexis8bchatv5|8.03|posttrained,2564,kept_aggregated,"same normalized model, parameter, type and submission date"
2565,dustinwloring1988/Reflexis-8b-chat-v6,dustinwloring1988reflexis8bchatv6|8.03|posttrained,2565,kept_aggregated,"same normalized model, parameter, type and submission date"
2566,dustinwloring1988/Reflexis-8b-chat-v7,dustinwloring1988reflexis8bchatv7|8.0|posttrained,2566,kept_aggregated,"same normalized model, parameter, type and submission date"
2567,duyhv1411/Llama-3.2-1B-en-vi,duyhv1411llama321benvi|1.236|posttrained,2567,kept_aggregated,"same normalized model, parameter, type and submission date"
2568,duyhv1411/Llama-3.2-3B-en-vi,duyhv1411llama323benvi|1.236|posttrained,2568,kept_aggregated,"same normalized model, parameter, type and submission date"
2569,dwikitheduck/gemma-2-2b-id,dwikitheduckgemma22bid|2.0|posttrained,2569,kept_aggregated,"same normalized model, parameter, type and submission date"
2570,dwikitheduck/gemma-2-2b-id-inst,dwikitheduckgemma22bidinst|2.0|posttrained,2570,kept_aggregated,"same normalized model, parameter, type and submission date"
2571,dwikitheduck/gemma-2-2b-id-instruct,dwikitheduckgemma22bidinstruct|2.0|posttrained,2571,kept_aggregated,"same normalized model, parameter, type and submission date"
2572,dwikitheduck/gen-inst-1,dwikitheduckgeninst1|14.77|posttrained,2572,kept_aggregated,"same normalized model, parameter, type and submission date"
2573,dwikitheduck/gen-try1,dwikitheduckgentry1|14.77|posttrained,2573,kept_aggregated,"same normalized model, parameter, type and submission date"
2574,dwikitheduck/gen-try1-notemp,dwikitheduckgentry1notemp|14.77|posttrained,2574,kept_aggregated,"same normalized model, parameter, type and submission date"
2575,dzakwan/dzakwan-MoE-4x7b-Beta,dzakwandzakwanmoe4x7bbeta|24.154|merge,2575,kept_aggregated,"same normalized model, parameter, type and submission date"
2576,ehristoforu/Falcon3-8B-Franken-Basestruct,ehristoforufalcon38bfrankenbasestruct|8.406|posttrained,2576,kept_aggregated,"same normalized model, parameter, type and submission date"
2577,ehristoforu/Falcon3-MoE-2x7B-Insruct,ehristoforufalcon3moe2x7binsruct|13.401|pretrained,2577,kept_aggregated,"same normalized model, parameter, type and submission date"
2578,ehristoforu/Gemma2-9B-it-psy10k-mental_health,ehristoforugemma29bitpsy10kmentalhealth|9.242|posttrained,2578,kept_aggregated,"same normalized model, parameter, type and submission date"
2579,ehristoforu/Gemma2-9b-it-train6,ehristoforugemma29bittrain6|9.242|posttrained,2579,kept_aggregated,"same normalized model, parameter, type and submission date"
2580,ehristoforu/HappyLlama1,ehristoforuhappyllama1|8.03|posttrained,2580,kept_aggregated,"same normalized model, parameter, type and submission date"
2581,ehristoforu/QwenQwen2.5-7B-IT,ehristoforuqwenqwen257bit|7.613|posttrained,2581,kept_aggregated,"same normalized model, parameter, type and submission date"
2582,ehristoforu/QwenQwen2.5-7B-IT-Dare,ehristoforuqwenqwen257bitdare|7.613|posttrained,2582,kept_aggregated,"same normalized model, parameter, type and submission date"
2583,ehristoforu/RQwen-v0.1,ehristoforurqwenv01|14.77|posttrained,2583,kept_aggregated,"same normalized model, parameter, type and submission date"
2584,ehristoforu/RQwen-v0.2,ehristoforurqwenv02|14.77|posttrained,2584,kept_aggregated,"same normalized model, parameter, type and submission date"
2585,ehristoforu/SoRu-0009,ehristoforusoru0009|0.494|posttrained,2585,kept_aggregated,"same normalized model, parameter, type and submission date"
2586,ehristoforu/coolqwen-3b-it,ehristoforucoolqwen3bit|3.085|posttrained,2586,kept_aggregated,"same normalized model, parameter, type and submission date"
2587,ehristoforu/della-70b-test-v1,ehristoforudella70btestv1|70.554|posttrained,2587,kept_aggregated,"same normalized model, parameter, type and submission date"
2588,ehristoforu/falcon3-ultraset,ehristoforufalcon3ultraset|7.456|posttrained,2588,kept_aggregated,"same normalized model, parameter, type and submission date"
2589,ehristoforu/fd-lora-merged-16x32,ehristoforufdloramerged16x32|1.776|posttrained,2589,kept_aggregated,"same normalized model, parameter, type and submission date"
2590,ehristoforu/fd-lora-merged-64x128,ehristoforufdloramerged64x128|1.777|posttrained,2590,kept_aggregated,"same normalized model, parameter, type and submission date"
2591,ehristoforu/fp4-14b-it-v1,ehristoforufp414bitv1|14.66|posttrained,2591,kept_aggregated,"same normalized model, parameter, type and submission date"
2592,ehristoforu/fp4-14b-v1-fix,ehristoforufp414bv1fix|14.66|posttrained,2592,kept_aggregated,"same normalized model, parameter, type and submission date"
2593,ehristoforu/fq2.5-7b-it-normalize_false,ehristoforufq257bitnormalizefalse|7.616|posttrained,2593,kept_aggregated,"same normalized model, parameter, type and submission date"
2594,ehristoforu/fq2.5-7b-it-normalize_true,ehristoforufq257bitnormalizetrue|7.616|posttrained,2594,kept_aggregated,"same normalized model, parameter, type and submission date"
2595,ehristoforu/frqwen2.5-from7b-duable4layers-it,ehristoforufrqwen25from7bduable4layersit|8.545|posttrained,2595,kept_aggregated,"same normalized model, parameter, type and submission date"
2596,ehristoforu/frqwen2.5-from7b-it,ehristoforufrqwen25from7bit|13.206|posttrained,2596,kept_aggregated,"same normalized model, parameter, type and submission date"
2597,ehristoforu/mllama-3.1-8b-instruct,ehristoforumllama318binstruct|8.03|merge,2597,kept_aggregated,"same normalized model, parameter, type and submission date"
2598,ehristoforu/mllama-3.1-8b-it,ehristoforumllama318bit|8.03|merge,2598,kept_aggregated,"same normalized model, parameter, type and submission date"
2599,ehristoforu/moremerge,ehristoforumoremerge|7.613|posttrained,2599,kept_aggregated,"same normalized model, parameter, type and submission date"
2600,ehristoforu/moremerge-upscaled,ehristoforumoremergeupscaled|8.545|posttrained,2600,kept_aggregated,"same normalized model, parameter, type and submission date"
2601,ehristoforu/phi-4-25b,ehristoforuphi425b|24.883|posttrained,2601,kept_aggregated,"same normalized model, parameter, type and submission date"
2602,ehristoforu/qwen2.5-test-32b-it,ehristoforuqwen25test32bit|32.764|posttrained,2602,kept_aggregated,"same normalized model, parameter, type and submission date"
2603,ehristoforu/qwen2.5-with-lora-think-3b-it,ehristoforuqwen25withlorathink3bit|3.086|posttrained,2603,kept_aggregated,"same normalized model, parameter, type and submission date"
2604,ehristoforu/rmoe-v1,ehristoforurmoev1|11.026|posttrained,2604,kept_aggregated,"same normalized model, parameter, type and submission date"
2605,ehristoforu/rufalcon3-3b-it,ehristoforurufalcon33bit|3.228|posttrained,2605,kept_aggregated,"same normalized model, parameter, type and submission date"
2606,ehristoforu/ruphi-4b,ehristoforuruphi4b|3.821|posttrained,2606,kept_aggregated,"same normalized model, parameter, type and submission date"
2607,ehristoforu/testq-32b,ehristoforutestq32b|56.165|posttrained,2607,kept_aggregated,"same normalized model, parameter, type and submission date"
2608,ehristoforu/tmoe,ehristoforutmoe|11.026|posttrained,2608,kept_aggregated,"same normalized model, parameter, type and submission date"
2609,ehristoforu/tmoe-v2,ehristoforutmoev2|11.026|posttrained,2609,kept_aggregated,"same normalized model, parameter, type and submission date"
2610,ehristoforu/trd-7b-it,ehristoforutrd7bit|7.613|posttrained,2610,kept_aggregated,"same normalized model, parameter, type and submission date"
2611,ehristoforu/ud-14b,ehristoforuud14b|14.766|posttrained,2611,kept_aggregated,"same normalized model, parameter, type and submission date"
2612,elinas/Chronos-Gold-12B-1.0,elinaschronosgold12b10|12.248|posttrained,2612,kept_aggregated,"same normalized model, parameter, type and submission date"
2613,ell44ot/gemma-2b-def,ell44otgemma2bdef|1.546|pretrained,2613,kept_aggregated,"same normalized model, parameter, type and submission date"
2614,euclaise/ReMask-3B,euclaiseremask3b|2.795|posttrained,2614,kept_aggregated,"same normalized model, parameter, type and submission date"
2615,eworojoshua/vas-01,eworojoshuavas01|7.616|merge,2615,kept_aggregated,"same normalized model, parameter, type and submission date"
2616,ewre324/Thinker-Llama-3.2-3B-Instruct-Reasoning,ewre324thinkerllama323binstructreasoning|3.213|posttrained,2616,kept_aggregated,"same normalized model, parameter, type and submission date"
2617,ewre324/Thinker-Qwen2.5-0.5B-Instruct-Reasoning,ewre324thinkerqwen2505binstructreasoning|0.494|posttrained,2617,kept_aggregated,"same normalized model, parameter, type and submission date"
2618,ewre324/Thinker-SmolLM2-135M-Instruct-Reasoning,ewre324thinkersmollm2135minstructreasoning|0.135|posttrained,2618,kept_aggregated,"same normalized model, parameter, type and submission date"
2619,ewre324/ewre324-R1-SmolLM2-135M-Distill,ewre324ewre324r1smollm2135mdistill|0.135|posttrained,2619,kept_aggregated,"same normalized model, parameter, type and submission date"
2620,experiment-llm/exp-3-q-r,experimentllmexp3qr|7.616|posttrained,2620,kept_aggregated,"same normalized model, parameter, type and submission date"
2621,facebook/opt-1.3b,facebookopt13b|1.3|pretrained,2621,kept_aggregated,"same normalized model, parameter, type and submission date"
2622,facebook/opt-30b,facebookopt30b|30.0|pretrained,2622,kept_aggregated,"same normalized model, parameter, type and submission date"
2623,failspy/Llama-3-8B-Instruct-MopeyMule,failspyllama38binstructmopeymule|8.03|posttrained,2623,kept_aggregated,"same normalized model, parameter, type and submission date"
2624,failspy/Llama-3-8B-Instruct-abliterated,failspyllama38binstructabliterated|8.03|posttrained,2624,kept_aggregated,"same normalized model, parameter, type and submission date"
2625,failspy/Meta-Llama-3-70B-Instruct-abliterated-v3.5,failspymetallama370binstructabliteratedv35|70.554|posttrained,2625,kept_aggregated,"same normalized model, parameter, type and submission date"
2626,failspy/Meta-Llama-3-8B-Instruct-abliterated-v3,failspymetallama38binstructabliteratedv3|8.03|posttrained,2626,kept_aggregated,"same normalized model, parameter, type and submission date"
2627,failspy/Phi-3-medium-4k-instruct-abliterated-v3,failspyphi3medium4kinstructabliteratedv3|13.96|posttrained,2627,kept_aggregated,"same normalized model, parameter, type and submission date"
2628,failspy/llama-3-70B-Instruct-abliterated,failspyllama370binstructabliterated|70.554|posttrained,2628,kept_aggregated,"same normalized model, parameter, type and submission date"
2629,fblgit/TheBeagle-v2beta-32B-MGS,fblgitthebeaglev2beta32bmgs|32.764|posttrained,2629,kept_aggregated,"same normalized model, parameter, type and submission date"
2630,fblgit/TheBeagle-v2beta-32B-MGS,fblgitthebeaglev2beta32bmgs|32.764|posttrained,2630,kept_aggregated,"same normalized model, parameter, type and submission date"
2631,fblgit/UNA-SimpleSmaug-34b-v1beta,fblgitunasimplesmaug34bv1beta|34.389|posttrained,2631,kept_aggregated,"same normalized model, parameter, type and submission date"
2632,fblgit/UNA-TheBeagle-7b-v1,fblgitunathebeagle7bv1|7.242|posttrained,2632,kept_aggregated,"same normalized model, parameter, type and submission date"
2633,fblgit/UNA-ThePitbull-21.4B-v2,fblgitunathepitbull214bv2|21.421|posttrained,2633,kept_aggregated,"same normalized model, parameter, type and submission date"
2634,fblgit/cybertron-v4-qw7B-MGS,fblgitcybertronv4qw7bmgs|7.616|posttrained,2634,kept_aggregated,"same normalized model, parameter, type and submission date"
2635,fblgit/cybertron-v4-qw7B-UNAMGS,fblgitcybertronv4qw7bunamgs|7.616|posttrained,2635,kept_aggregated,"same normalized model, parameter, type and submission date"
2636,fblgit/juanako-7b-UNA,fblgitjuanako7buna|7.242|posttrained,2636,kept_aggregated,"same normalized model, parameter, type and submission date"
2637,fblgit/miniclaus-qw1.5B-UNAMGS,fblgitminiclausqw15bunamgs|1.777|posttrained,2637,kept_aggregated,"same normalized model, parameter, type and submission date"
2638,fblgit/miniclaus-qw1.5B-UNAMGS-GRPO,fblgitminiclausqw15bunamgsgrpo|1.544|posttrained,2638,kept_aggregated,"same normalized model, parameter, type and submission date"
2639,fblgit/pancho-v1-qw25-3B-UNAMGS,fblgitpanchov1qw253bunamgs|3.397|pretrained,2639,kept_aggregated,"same normalized model, parameter, type and submission date"
2640,fblgit/una-cybertron-7b-v2-bf16,fblgitunacybertron7bv2bf16|7.242|posttrained,2640,kept_aggregated,"same normalized model, parameter, type and submission date"
2641,fhai50032/RolePlayLake-7B,fhai50032roleplaylake7b|7.242|posttrained,2641,kept_aggregated,"same normalized model, parameter, type and submission date"
2642,fhai50032/Unaligned-Thinker-PHI-4,fhai50032unalignedthinkerphi4|14.66|posttrained,2642,kept_aggregated,"same normalized model, parameter, type and submission date"
2643,flammenai/Llama3.1-Flammades-70B,flammenaillama31flammades70b|70.554|posttrained,2643,kept_aggregated,"same normalized model, parameter, type and submission date"
2644,flammenai/Mahou-1.2a-llama3-8B,flammenaimahou12allama38b|8.03|posttrained,2644,kept_aggregated,"same normalized model, parameter, type and submission date"
2645,flammenai/Mahou-1.2a-mistral-7B,flammenaimahou12amistral7b|7.242|posttrained,2645,kept_aggregated,"same normalized model, parameter, type and submission date"
2646,flammenai/Mahou-1.5-llama3.1-70B,flammenaimahou15llama3170b|70.554|posttrained,2646,kept_aggregated,"same normalized model, parameter, type and submission date"
2647,flammenai/Mahou-1.5-mistral-nemo-12B,flammenaimahou15mistralnemo12b|12.248|posttrained,2647,kept_aggregated,"same normalized model, parameter, type and submission date"
2648,flammenai/flammen15-gutenberg-DPO-v1-7B,flammenaiflammen15gutenbergdpov17b|7.242|posttrained,2648,kept_aggregated,"same normalized model, parameter, type and submission date"
2649,fluently-lm/FluentlyLM-Prinum,fluentlylmfluentlylmprinum|32.764|posttrained,2649,kept_aggregated,"same normalized model, parameter, type and submission date"
2650,fluently-lm/Llama-TI-8B,fluentlylmllamati8b|8.03|posttrained,2650,kept_aggregated,"same normalized model, parameter, type and submission date"
2651,fluently-lm/Llama-TI-8B-Instruct,fluentlylmllamati8binstruct|8.03|posttrained,2651,kept_aggregated,"same normalized model, parameter, type and submission date"
2652,fluently-sets/FalconThink3-10B-IT,fluentlysetsfalconthink310bit|10.306|posttrained,2652,kept_aggregated,"same normalized model, parameter, type and submission date"
2653,fluently-sets/reasoning-1-1k-demo,fluentlysetsreasoning11kdemo|14.77|posttrained,2653,kept_aggregated,"same normalized model, parameter, type and submission date"
2654,formulae/mita-elite-sce-gen1.1-v1-7b-2-26-2025-exp,formulaemitaelitescegen11v17b2262025exp|7.616|merge,2654,kept_aggregated,"same normalized model, parameter, type and submission date"
2655,formulae/mita-elite-v1.1-7b-2-25-2025,formulaemitaelitev117b2252025|7.616|merge,2655,kept_aggregated,"same normalized model, parameter, type and submission date"
2656,formulae/mita-elite-v1.1-gen2-7b-2-25-2025,formulaemitaelitev11gen27b2252025|7.616|merge,2656,kept_aggregated,"same normalized model, parameter, type and submission date"
2657,formulae/mita-elite-v1.2-7b-2-26-2025,formulaemitaelitev127b2262025|7.616|merge,2657,kept_aggregated,"same normalized model, parameter, type and submission date"
2658,formulae/mita-gen3-7b-2-26-2025,formulaemitagen37b2262025|7.616|merge,2658,kept_aggregated,"same normalized model, parameter, type and submission date"
2659,formulae/mita-gen3-v1.2-7b-2-26-2025,formulaemitagen3v127b2262025|7.616|merge,2659,kept_aggregated,"same normalized model, parameter, type and submission date"
2660,formulae/mita-math-v2.3-2-25-2025,formulaemitamathv232252025|7.616|merge,2660,kept_aggregated,"same normalized model, parameter, type and submission date"
2661,formulae/mita-v1-7b,formulaemitav17b|7.616|merge,2661,kept_aggregated,"same normalized model, parameter, type and submission date"
2662,formulae/mita-v1.1-7b-2-24-2025,formulaemitav117b2242025|7.616|merge,2662,kept_aggregated,"same normalized model, parameter, type and submission date"
2663,formulae/mita-v1.2-7b-2-24-2025,formulaemitav127b2242025|7.616|merge,2663,kept_aggregated,"same normalized model, parameter, type and submission date"
2664,frameai/Loxa-4B,frameailoxa4b|4.018|pretrained,2664,kept_aggregated,"same normalized model, parameter, type and submission date"
2665,freewheelin/free-evo-qwen72b-v0.8-re,freewheelinfreeevoqwen72bv08re|72.288|posttrained,2665,kept_aggregated,"same normalized model, parameter, type and submission date"
2666,freewheelin/free-solar-evo-v0.1,freewheelinfreesolarevov01|10.732|posttrained,2666,kept_aggregated,"same normalized model, parameter, type and submission date"
2667,freewheelin/free-solar-evo-v0.11,freewheelinfreesolarevov011|10.732|posttrained,2667,kept_aggregated,"same normalized model, parameter, type and submission date"
2668,freewheelin/free-solar-evo-v0.13,freewheelinfreesolarevov013|10.732|posttrained,2668,kept_aggregated,"same normalized model, parameter, type and submission date"
2669,fulim/FineLlama-3.1-8B,fulimfinellama318b|8.0|posttrained,2669,kept_aggregated,"same normalized model, parameter, type and submission date"
2670,gabrielmbmb/SmolLM-1.7B-Instruct-IFEval,gabrielmbmbsmollm17binstructifeval|1.711|posttrained,2670,kept_aggregated,"same normalized model, parameter, type and submission date"
2671,gaverfraxz/Meta-Llama-3.1-8B-Instruct-HalfAbliterated-DELLA,gaverfraxzmetallama318binstructhalfabliterateddella|8.03|merge,2671,kept_aggregated,"same normalized model, parameter, type and submission date"
2672,gaverfraxz/Meta-Llama-3.1-8B-Instruct-HalfAbliterated-TIES,gaverfraxzmetallama318binstructhalfabliteratedties|8.03|merge,2672,kept_aggregated,"same normalized model, parameter, type and submission date"
2673,gbueno86/Brinebreath-Llama-3.1-70B,gbueno86brinebreathllama3170b|70.554|merge,2673,kept_aggregated,"same normalized model, parameter, type and submission date"
2674,gbueno86/Meta-LLama-3-Cat-Smaug-LLama-70b,gbueno86metallama3catsmaugllama70b|70.554|merge,2674,kept_aggregated,"same normalized model, parameter, type and submission date"
2675,ghost-x/ghost-8b-beta-1608,ghostxghost8bbeta1608|8.03|posttrained,2675,kept_aggregated,"same normalized model, parameter, type and submission date"
2676,glaiveai/Reflection-Llama-3.1-70B,glaiveaireflectionllama3170b|69.5|posttrained,2676,kept_aggregated,"same normalized model, parameter, type and submission date"
2677,gmonsoon/SahabatAI-Llama-11B-Test,gmonsoonsahabataillama11btest|11.52|merge,2677,kept_aggregated,"same normalized model, parameter, type and submission date"
2678,gmonsoon/SahabatAI-MediChatIndo-8B-v1,gmonsoonsahabataimedichatindo8bv1|8.03|posttrained,2678,kept_aggregated,"same normalized model, parameter, type and submission date"
2679,gmonsoon/SahabatAI-Rebase-8B-Test,gmonsoonsahabatairebase8btest|8.03|posttrained,2679,kept_aggregated,"same normalized model, parameter, type and submission date"
2680,gmonsoon/StockSeaLLMs-7B-v1,gmonsoonstockseallms7bv1|7.616|posttrained,2680,kept_aggregated,"same normalized model, parameter, type and submission date"
2681,gmonsoon/gemma2-9b-sahabatai-v1-instruct-BaseTIES,gmonsoongemma29bsahabataiv1instructbaseties|9.242|merge,2681,kept_aggregated,"same normalized model, parameter, type and submission date"
2682,godlikehhd/alpaca_data_full_2,godlikehhdalpacadatafull2|1.544|posttrained,2682,kept_aggregated,"same normalized model, parameter, type and submission date"
2683,godlikehhd/alpaca_data_full_3B,godlikehhdalpacadatafull3b|3.086|posttrained,2683,kept_aggregated,"same normalized model, parameter, type and submission date"
2684,godlikehhd/alpaca_data_ifd_max_2600,godlikehhdalpacadataifdmax2600|1.544|posttrained,2684,kept_aggregated,"same normalized model, parameter, type and submission date"
2685,godlikehhd/alpaca_data_ifd_max_2600_3B,godlikehhdalpacadataifdmax26003b|3.086|posttrained,2685,kept_aggregated,"same normalized model, parameter, type and submission date"
2686,godlikehhd/alpaca_data_ifd_me_max_5200,godlikehhdalpacadataifdmemax5200|1.544|posttrained,2686,kept_aggregated,"same normalized model, parameter, type and submission date"
2687,godlikehhd/alpaca_data_ifd_min_2600,godlikehhdalpacadataifdmin2600|1.544|posttrained,2687,kept_aggregated,"same normalized model, parameter, type and submission date"
2688,godlikehhd/alpaca_data_ins_ans_max_5200,godlikehhdalpacadatainsansmax5200|1.544|posttrained,2688,kept_aggregated,"same normalized model, parameter, type and submission date"
2689,godlikehhd/alpaca_data_ins_max_5200,godlikehhdalpacadatainsmax5200|1.544|posttrained,2689,kept_aggregated,"same normalized model, parameter, type and submission date"
2690,godlikehhd/alpaca_data_ins_min_2600,godlikehhdalpacadatainsmin2600|1.544|posttrained,2690,kept_aggregated,"same normalized model, parameter, type and submission date"
2691,godlikehhd/alpaca_data_ins_min_5200,godlikehhdalpacadatainsmin5200|1.544|posttrained,2691,kept_aggregated,"same normalized model, parameter, type and submission date"
2692,godlikehhd/alpaca_data_sampled_ifd_5200,godlikehhdalpacadatasampledifd5200|1.544|posttrained,2692,kept_aggregated,"same normalized model, parameter, type and submission date"
2693,godlikehhd/alpaca_data_sampled_ifd_new_5200,godlikehhdalpacadatasampledifdnew5200|1.544|posttrained,2693,kept_aggregated,"same normalized model, parameter, type and submission date"
2694,godlikehhd/alpaca_data_score_max_0.1_2600,godlikehhdalpacadatascoremax012600|1.544|posttrained,2694,kept_aggregated,"same normalized model, parameter, type and submission date"
2695,godlikehhd/alpaca_data_score_max_0.3_2600,godlikehhdalpacadatascoremax032600|1.544|posttrained,2695,kept_aggregated,"same normalized model, parameter, type and submission date"
2696,godlikehhd/alpaca_data_score_max_0.7_2600,godlikehhdalpacadatascoremax072600|1.544|posttrained,2696,kept_aggregated,"same normalized model, parameter, type and submission date"
2697,godlikehhd/alpaca_data_score_max_2500,godlikehhdalpacadatascoremax2500|1.544|posttrained,2697,kept_aggregated,"same normalized model, parameter, type and submission date"
2698,godlikehhd/alpaca_data_score_max_2600_3B,godlikehhdalpacadatascoremax26003b|3.086|posttrained,2698,kept_aggregated,"same normalized model, parameter, type and submission date"
2699,godlikehhd/alpaca_data_score_max_5200,godlikehhdalpacadatascoremax5200|1.544|posttrained,2699,kept_aggregated,"same normalized model, parameter, type and submission date"
2700,godlikehhd/ifd_2500_qwen,godlikehhdifd2500qwen|1.544|posttrained,2700,kept_aggregated,"same normalized model, parameter, type and submission date"
2701,godlikehhd/ifd_new_correct_all_sample_2500_qwen,godlikehhdifdnewcorrectallsample2500qwen|1.544|posttrained,2701,kept_aggregated,"same normalized model, parameter, type and submission date"
2702,godlikehhd/ifd_new_correct_sample_2500_qwen,godlikehhdifdnewcorrectsample2500qwen|1.544|posttrained,2702,kept_aggregated,"same normalized model, parameter, type and submission date"
2703,godlikehhd/ifd_new_qwen_2500,godlikehhdifdnewqwen2500|1.544|posttrained,2703,kept_aggregated,"same normalized model, parameter, type and submission date"
2704,godlikehhd/qwen-2.5-1.5b-cherry,godlikehhdqwen2515bcherry|0.772|posttrained,2704,kept_aggregated,"same normalized model, parameter, type and submission date"
2705,godlikehhd/qwen_2.5-1.5b-cherry_new,godlikehhdqwen2515bcherrynew|1.544|posttrained,2705,kept_aggregated,"same normalized model, parameter, type and submission date"
2706,godlikehhd/qwen_full_data_alpaca,godlikehhdqwenfulldataalpaca|1.544|posttrained,2706,kept_aggregated,"same normalized model, parameter, type and submission date"
2707,godlikehhd/qwen_ins_ans_2500,godlikehhdqweninsans2500|1.544|posttrained,2707,kept_aggregated,"same normalized model, parameter, type and submission date"
2708,google/codegemma-1.1-2b,googlecodegemma112b|2.506|pretrained,2708,kept_aggregated,"same normalized model, parameter, type and submission date"
2709,google/flan-t5-base,googleflant5base|0.248|pretrained,2709,kept_aggregated,"same normalized model, parameter, type and submission date"
2710,google/flan-t5-large,googleflant5large|0.783|pretrained,2710,kept_aggregated,"same normalized model, parameter, type and submission date"
2711,google/flan-t5-small,googleflant5small|0.077|pretrained,2711,kept_aggregated,"same normalized model, parameter, type and submission date"
2712,google/flan-t5-xl,googleflant5xl|2.85|pretrained,2713,replaced_same_version_date,"same normalized model, parameter, type and submission date"
2713,google/flan-t5-xl,googleflant5xl|2.85|pretrained,2713,kept_aggregated,"same normalized model, parameter, type and submission date"
2714,google/flan-t5-xxl,googleflant5xxl|11.267|posttrained,2714,kept_aggregated,"same normalized model, parameter, type and submission date"
2715,google/flan-ul2,googleflanul2|19.46|pretrained,2715,kept_aggregated,"same normalized model, parameter, type and submission date"
2716,google/gemma-1.1-2b-it,googlegemma112bit|2.506|posttrained,2716,kept_aggregated,"same normalized model, parameter, type and submission date"
2717,google/gemma-1.1-7b-it,googlegemma117bit|8.538|posttrained,2717,kept_aggregated,"same normalized model, parameter, type and submission date"
2718,google/gemma-2-27b,googlegemma227b|27.227|pretrained,2718,kept_aggregated,"same normalized model, parameter, type and submission date"
2719,google/gemma-2-27b-it,googlegemma227bit|27.227|posttrained,2719,kept_aggregated,"same normalized model, parameter, type and submission date"
2720,google/gemma-2-2b,googlegemma22b|2.614|pretrained,2721,replaced_same_version_date,"same normalized model, parameter, type and submission date"
2721,google/gemma-2-2b,googlegemma22b|2.614|pretrained,2721,kept_aggregated,"same normalized model, parameter, type and submission date"
2722,google/gemma-2-2b-it,googlegemma22bit|2.614|posttrained,2722,kept_aggregated,"same normalized model, parameter, type and submission date"
2723,google/gemma-2-2b-jpn-it,googlegemma22bjpnit|2.614|pretrained,2723,kept_aggregated,"same normalized model, parameter, type and submission date"
2724,google/gemma-2-2b-jpn-it,googlegemma22bjpnit|2.614|posttrained,2724,kept_aggregated,"same normalized model, parameter, type and submission date"
2725,google/gemma-2-9b,googlegemma29b|9.0|pretrained,2725,kept_aggregated,"same normalized model, parameter, type and submission date"
2726,google/gemma-2-9b-it,googlegemma29bit|9.0|posttrained,2726,kept_aggregated,"same normalized model, parameter, type and submission date"
2727,google/gemma-2b,googlegemma2b|2.506|pretrained,2727,kept_aggregated,"same normalized model, parameter, type and submission date"
2728,google/gemma-2b-it,googlegemma2bit|2.506|posttrained,2728,kept_aggregated,"same normalized model, parameter, type and submission date"
2729,google/gemma-7b,googlegemma7b|8.538|pretrained,2729,kept_aggregated,"same normalized model, parameter, type and submission date"
2730,google/gemma-7b-it,googlegemma7bit|8.538|posttrained,2730,kept_aggregated,"same normalized model, parameter, type and submission date"
2731,google/mt5-base,googlemt5base|0.39|posttrained,2731,kept_aggregated,"same normalized model, parameter, type and submission date"
2732,google/mt5-small,googlemt5small|0.17|posttrained,2732,kept_aggregated,"same normalized model, parameter, type and submission date"
2733,google/mt5-xl,googlemt5xl|3.23|posttrained,2733,kept_aggregated,"same normalized model, parameter, type and submission date"
2734,google/mt5-xxl,googlemt5xxl|11.9|posttrained,2734,kept_aggregated,"same normalized model, parameter, type and submission date"
2735,google/recurrentgemma-2b,googlerecurrentgemma2b|2.683|pretrained,2735,kept_aggregated,"same normalized model, parameter, type and submission date"
2736,google/recurrentgemma-2b-it,googlerecurrentgemma2bit|2.683|posttrained,2736,kept_aggregated,"same normalized model, parameter, type and submission date"
2737,google/recurrentgemma-9b,googlerecurrentgemma9b|9.0|pretrained,2737,kept_aggregated,"same normalized model, parameter, type and submission date"
2738,google/recurrentgemma-9b-it,googlerecurrentgemma9bit|9.0|posttrained,2738,kept_aggregated,"same normalized model, parameter, type and submission date"
2739,google/switch-base-8,googleswitchbase8|0.62|posttrained,2739,kept_aggregated,"same normalized model, parameter, type and submission date"
2740,google/umt5-base,googleumt5base|nan|posttrained,2740,kept_aggregated,"same normalized model, parameter, type and submission date"
2741,goulue5/merging_LLM,goulue5mergingllm|1.544|merge,2741,kept_aggregated,"same normalized model, parameter, type and submission date"
2742,gpt2,gpt2|0.137|pretrained,2743,replaced_same_version_date,"same normalized model, parameter, type and submission date"
2743,gpt2,gpt2|0.137|pretrained,2743,kept_aggregated,"same normalized model, parameter, type and submission date"
2744,gradientai/Llama-3-8B-Instruct-Gradient-1048k,gradientaillama38binstructgradient1048k|8.03|posttrained,2744,kept_aggregated,"same normalized model, parameter, type and submission date"
2745,grimjim/DeepSauerHuatuoSkywork-R1-o1-Llama-3.1-8B,grimjimdeepsauerhuatuoskyworkr1o1llama318b|8.03|merge,2745,kept_aggregated,"same normalized model, parameter, type and submission date"
2746,grimjim/Gigantes-v1-gemma2-9b-it,grimjimgigantesv1gemma29bit|9.242|merge,2746,kept_aggregated,"same normalized model, parameter, type and submission date"
2747,grimjim/Gigantes-v2-gemma2-9b-it,grimjimgigantesv2gemma29bit|9.242|merge,2747,kept_aggregated,"same normalized model, parameter, type and submission date"
2748,grimjim/Gigantes-v3-gemma2-9b-it,grimjimgigantesv3gemma29bit|9.242|merge,2748,kept_aggregated,"same normalized model, parameter, type and submission date"
2749,grimjim/HuatuoSkywork-o1-Llama-3.1-8B,grimjimhuatuoskyworko1llama318b|8.03|merge,2749,kept_aggregated,"same normalized model, parameter, type and submission date"
2750,grimjim/Llama-3-Instruct-8B-SPPO-Iter3-SimPO-merge,grimjimllama3instruct8bsppoiter3simpomerge|8.03|merge,2750,kept_aggregated,"same normalized model, parameter, type and submission date"
2751,grimjim/Llama-3-Instruct-8B-SimPO-SPPO-Iter3-merge,grimjimllama3instruct8bsimposppoiter3merge|8.0|merge,2751,kept_aggregated,"same normalized model, parameter, type and submission date"
2752,grimjim/Llama-3.1-8B-Instruct-abliterated_via_adapter,grimjimllama318binstructabliteratedviaadapter|8.03|posttrained,2752,kept_aggregated,"same normalized model, parameter, type and submission date"
2753,grimjim/Llama-3.1-Bonsaikraft-8B-Instruct,grimjimllama31bonsaikraft8binstruct|8.03|merge,2753,kept_aggregated,"same normalized model, parameter, type and submission date"
2754,grimjim/Llama-Nephilim-Metamorphosis-v2-8B,grimjimllamanephilimmetamorphosisv28b|8.03|merge,2754,kept_aggregated,"same normalized model, parameter, type and submission date"
2755,grimjim/Llama3.1-SuperNovaLite-HuatuoSkywork-o1-8B,grimjimllama31supernovalitehuatuoskyworko18b|8.03|merge,2755,kept_aggregated,"same normalized model, parameter, type and submission date"
2756,grimjim/Magnolia-v1-Gemma2-8k-9B,grimjimmagnoliav1gemma28k9b|9.242|merge,2756,kept_aggregated,"same normalized model, parameter, type and submission date"
2757,grimjim/Magnolia-v2-12B,grimjimmagnoliav212b|12.248|merge,2757,kept_aggregated,"same normalized model, parameter, type and submission date"
2758,grimjim/Magnolia-v2-Gemma2-8k-9B,grimjimmagnoliav2gemma28k9b|9.242|merge,2758,kept_aggregated,"same normalized model, parameter, type and submission date"
2759,grimjim/Magnolia-v3-12B,grimjimmagnoliav312b|12.248|merge,2759,kept_aggregated,"same normalized model, parameter, type and submission date"
2760,grimjim/Magnolia-v3-Gemma2-8k-9B,grimjimmagnoliav3gemma28k9b|9.242|merge,2760,kept_aggregated,"same normalized model, parameter, type and submission date"
2761,grimjim/Magnolia-v4-12B,grimjimmagnoliav412b|12.248|merge,2761,kept_aggregated,"same normalized model, parameter, type and submission date"
2762,grimjim/Magnolia-v5a-12B,grimjimmagnoliav5a12b|12.248|merge,2762,kept_aggregated,"same normalized model, parameter, type and submission date"
2763,grimjim/Magot-v1-Gemma2-8k-9B,grimjimmagotv1gemma28k9b|9.242|merge,2763,kept_aggregated,"same normalized model, parameter, type and submission date"
2764,grimjim/Magot-v2-Gemma2-8k-9B,grimjimmagotv2gemma28k9b|9.242|merge,2764,kept_aggregated,"same normalized model, parameter, type and submission date"
2765,grimjim/SauerHuatuoSkywork-o1-Llama-3.1-8B,grimjimsauerhuatuoskyworko1llama318b|8.03|merge,2765,kept_aggregated,"same normalized model, parameter, type and submission date"
2766,grimjim/llama-3-Nephilim-v1-8B,grimjimllama3nephilimv18b|8.03|merge,2766,kept_aggregated,"same normalized model, parameter, type and submission date"
2767,grimjim/llama-3-Nephilim-v2-8B,grimjimllama3nephilimv28b|8.03|merge,2767,kept_aggregated,"same normalized model, parameter, type and submission date"
2768,grimjim/llama-3-Nephilim-v2.1-8B,grimjimllama3nephilimv218b|8.03|merge,2768,kept_aggregated,"same normalized model, parameter, type and submission date"
2769,grimjim/llama-3-Nephilim-v3-8B,grimjimllama3nephilimv38b|8.03|merge,2769,kept_aggregated,"same normalized model, parameter, type and submission date"
2770,gupta-tanish/llama-7b-dpo-baseline,guptatanishllama7bdpobaseline|6.738|posttrained,2770,kept_aggregated,"same normalized model, parameter, type and submission date"
2771,gz987/qwen2.5-7b-cabs-v0.1,gz987qwen257bcabsv01|7.616|merge,2771,kept_aggregated,"same normalized model, parameter, type and submission date"
2772,gz987/qwen2.5-7b-cabs-v0.2,gz987qwen257bcabsv02|7.616|merge,2772,kept_aggregated,"same normalized model, parameter, type and submission date"
2773,gz987/qwen2.5-7b-cabs-v0.3,gz987qwen257bcabsv03|7.616|merge,2773,kept_aggregated,"same normalized model, parameter, type and submission date"
2774,gz987/qwen2.5-7b-cabs-v0.4,gz987qwen257bcabsv04|7.616|merge,2774,kept_aggregated,"same normalized model, parameter, type and submission date"
2775,h2oai/h2o-danube-1.8b-chat,h2oaih2odanube18bchat|1.831|posttrained,2775,kept_aggregated,"same normalized model, parameter, type and submission date"
2776,h2oai/h2o-danube3-4b-base,h2oaih2odanube34bbase|3.962|pretrained,2776,kept_aggregated,"same normalized model, parameter, type and submission date"
2777,h2oai/h2o-danube3-4b-chat,h2oaih2odanube34bchat|3.962|posttrained,2777,kept_aggregated,"same normalized model, parameter, type and submission date"
2778,h2oai/h2o-danube3-500m-chat,h2oaih2odanube3500mchat|0.514|posttrained,2778,kept_aggregated,"same normalized model, parameter, type and submission date"
2779,h2oai/h2o-danube3.1-4b-chat,h2oaih2odanube314bchat|3.962|posttrained,2779,kept_aggregated,"same normalized model, parameter, type and submission date"
2780,haoranxu/ALMA-13B-R,haoranxualma13br|13.0|posttrained,2780,kept_aggregated,"same normalized model, parameter, type and submission date"
2781,haoranxu/Llama-3-Instruct-8B-CPO-SimPO,haoranxullama3instruct8bcposimpo|8.03|posttrained,2781,kept_aggregated,"same normalized model, parameter, type and submission date"
2782,haoranxu/Llama-3-Instruct-8B-SimPO,haoranxullama3instruct8bsimpo|8.03|posttrained,2782,kept_aggregated,"same normalized model, parameter, type and submission date"
2783,hatemmahmoud/qwen2.5-1.5b-sft-raft-grpo-hra-doc,hatemmahmoudqwen2515bsftraftgrpohradoc|1.544|posttrained,2783,kept_aggregated,"same normalized model, parameter, type and submission date"
2784,hon9kon9ize/CantoneseLLMChat-v0.5,hon9kon9izecantonesellmchatv05|6.069|pretrained,2784,kept_aggregated,"same normalized model, parameter, type and submission date"
2785,hon9kon9ize/CantoneseLLMChat-v1.0-7B,hon9kon9izecantonesellmchatv107b|7.616|posttrained,2785,kept_aggregated,"same normalized model, parameter, type and submission date"
2786,hongbai12/li-0.4-pre,hongbai12li04pre|14.77|merge,2786,kept_aggregated,"same normalized model, parameter, type and submission date"
2787,hotmailuser/Deepseek-qwen-modelstock-2B,hotmailuserdeepseekqwenmodelstock2b|1.777|merge,2787,kept_aggregated,"same normalized model, parameter, type and submission date"
2788,hotmailuser/Falcon3Slerp1-10B,hotmailuserfalcon3slerp110b|10.306|merge,2788,kept_aggregated,"same normalized model, parameter, type and submission date"
2789,hotmailuser/Falcon3Slerp2-10B,hotmailuserfalcon3slerp210b|10.306|merge,2789,kept_aggregated,"same normalized model, parameter, type and submission date"
2790,hotmailuser/Falcon3Slerp4-10B,hotmailuserfalcon3slerp410b|10.306|merge,2790,kept_aggregated,"same normalized model, parameter, type and submission date"
2791,hotmailuser/FalconSlerp-3B,hotmailuserfalconslerp3b|3.228|merge,2791,kept_aggregated,"same normalized model, parameter, type and submission date"
2792,hotmailuser/FalconSlerp1-7B,hotmailuserfalconslerp17b|7.456|merge,2792,kept_aggregated,"same normalized model, parameter, type and submission date"
2793,hotmailuser/FalconSlerp2-7B,hotmailuserfalconslerp27b|7.456|merge,2793,kept_aggregated,"same normalized model, parameter, type and submission date"
2794,hotmailuser/FalconSlerp3-10B,hotmailuserfalconslerp310b|10.306|merge,2794,kept_aggregated,"same normalized model, parameter, type and submission date"
2795,hotmailuser/FalconSlerp3-7B,hotmailuserfalconslerp37b|7.456|merge,2795,kept_aggregated,"same normalized model, parameter, type and submission date"
2796,hotmailuser/FalconSlerp4-7B,hotmailuserfalconslerp47b|7.456|merge,2796,kept_aggregated,"same normalized model, parameter, type and submission date"
2797,hotmailuser/FalconSlerp6-7B,hotmailuserfalconslerp67b|7.456|merge,2797,kept_aggregated,"same normalized model, parameter, type and submission date"
2798,hotmailuser/Gemma2Crono-27B,hotmailusergemma2crono27b|27.227|merge,2798,kept_aggregated,"same normalized model, parameter, type and submission date"
2799,hotmailuser/Gemma2SimPO-27B,hotmailusergemma2simpo27b|27.227|merge,2799,kept_aggregated,"same normalized model, parameter, type and submission date"
2800,hotmailuser/Gemma2atlas-27B,hotmailusergemma2atlas27b|27.227|merge,2800,kept_aggregated,"same normalized model, parameter, type and submission date"
2801,hotmailuser/Gemma2magnum-27b,hotmailusergemma2magnum27b|27.227|merge,2801,kept_aggregated,"same normalized model, parameter, type and submission date"
2802,hotmailuser/Llama-Hermes-slerp-8B,hotmailuserllamahermesslerp8b|8.03|merge,2802,kept_aggregated,"same normalized model, parameter, type and submission date"
2803,hotmailuser/Llama-Hermes-slerp2-8B,hotmailuserllamahermesslerp28b|8.03|merge,2803,kept_aggregated,"same normalized model, parameter, type and submission date"
2804,hotmailuser/LlamaStock-8B,hotmailuserllamastock8b|8.03|merge,2804,kept_aggregated,"same normalized model, parameter, type and submission date"
2805,hotmailuser/Mistral-modelstock-24B,hotmailusermistralmodelstock24b|23.572|merge,2805,kept_aggregated,"same normalized model, parameter, type and submission date"
2806,hotmailuser/Mistral-modelstock2-24B,hotmailusermistralmodelstock224b|23.572|merge,2806,kept_aggregated,"same normalized model, parameter, type and submission date"
2807,hotmailuser/Phi4-Slerp4-14B,hotmailuserphi4slerp414b|14.66|merge,2807,kept_aggregated,"same normalized model, parameter, type and submission date"
2808,hotmailuser/Qwen2.5-HomerSlerp-7B,hotmailuserqwen25homerslerp7b|7.616|merge,2808,kept_aggregated,"same normalized model, parameter, type and submission date"
2809,hotmailuser/QwenModelStock-1.8B,hotmailuserqwenmodelstock18b|1.777|merge,2809,kept_aggregated,"same normalized model, parameter, type and submission date"
2810,hotmailuser/QwenSlerp-14B,hotmailuserqwenslerp14b|14.766|merge,2810,kept_aggregated,"same normalized model, parameter, type and submission date"
2811,hotmailuser/QwenSlerp-3B,hotmailuserqwenslerp3b|3.397|merge,2811,kept_aggregated,"same normalized model, parameter, type and submission date"
2812,hotmailuser/QwenSlerp-7B,hotmailuserqwenslerp7b|7.616|merge,2812,kept_aggregated,"same normalized model, parameter, type and submission date"
2813,hotmailuser/QwenSlerp2-14B,hotmailuserqwenslerp214b|14.766|merge,2813,kept_aggregated,"same normalized model, parameter, type and submission date"
2814,hotmailuser/QwenSlerp2-3B,hotmailuserqwenslerp23b|3.397|merge,2814,kept_aggregated,"same normalized model, parameter, type and submission date"
2815,hotmailuser/QwenSlerp3-14B,hotmailuserqwenslerp314b|14.766|merge,2815,kept_aggregated,"same normalized model, parameter, type and submission date"
2816,hotmailuser/QwenSparse-7B,hotmailuserqwensparse7b|7.616|merge,2816,kept_aggregated,"same normalized model, parameter, type and submission date"
2817,hotmailuser/QwenStock-0.5B,hotmailuserqwenstock05b|0.63|merge,2817,kept_aggregated,"same normalized model, parameter, type and submission date"
2818,hotmailuser/QwenStock-1.7B,hotmailuserqwenstock17b|1.777|merge,2818,kept_aggregated,"same normalized model, parameter, type and submission date"
2819,hotmailuser/QwenStock1-14B,hotmailuserqwenstock114b|14.766|merge,2819,kept_aggregated,"same normalized model, parameter, type and submission date"
2820,hotmailuser/RombosBeagle-v2beta-MGS-32B,hotmailuserrombosbeaglev2betamgs32b|32.764|merge,2820,kept_aggregated,"same normalized model, parameter, type and submission date"
2821,huggyllama/llama-13b,huggyllamallama13b|13.016|posttrained,2821,kept_aggregated,"same normalized model, parameter, type and submission date"
2822,huggyllama/llama-65b,huggyllamallama65b|65.286|pretrained,2822,kept_aggregated,"same normalized model, parameter, type and submission date"
2823,huggyllama/llama-7b,huggyllamallama7b|6.738|posttrained,2823,kept_aggregated,"same normalized model, parameter, type and submission date"
2824,huihui-ai/DeepSeek-R1-Distill-Qwen-14B-abliterated-v2,huihuiaideepseekr1distillqwen14babliteratedv2|14.77|posttrained,2824,kept_aggregated,"same normalized model, parameter, type and submission date"
2825,huihui-ai/QwQ-32B-Coder-Fusion-7030,huihuiaiqwq32bcoderfusion7030|32.764|merge,2825,kept_aggregated,"same normalized model, parameter, type and submission date"
2826,huihui-ai/QwQ-32B-Coder-Fusion-8020,huihuiaiqwq32bcoderfusion8020|32.764|merge,2826,kept_aggregated,"same normalized model, parameter, type and submission date"
2827,huihui-ai/QwQ-32B-Coder-Fusion-9010,huihuiaiqwq32bcoderfusion9010|32.764|merge,2827,kept_aggregated,"same normalized model, parameter, type and submission date"
2828,huihui-ai/Qwen2.5-14B-Instruct-abliterated-v2,huihuiaiqwen2514binstructabliteratedv2|14.77|posttrained,2828,kept_aggregated,"same normalized model, parameter, type and submission date"
2829,huihui-ai/Qwen2.5-72B-Instruct-abliterated,huihuiaiqwen2572binstructabliterated|72.706|posttrained,2829,kept_aggregated,"same normalized model, parameter, type and submission date"
2830,huihui-ai/Qwen2.5-7B-Instruct-abliterated,huihuiaiqwen257binstructabliterated|7.616|posttrained,2830,kept_aggregated,"same normalized model, parameter, type and submission date"
2831,huihui-ai/Qwen2.5-7B-Instruct-abliterated-v2,huihuiaiqwen257binstructabliteratedv2|7.616|posttrained,2831,kept_aggregated,"same normalized model, parameter, type and submission date"
2832,huu-ontocord/wide_3b_orpo_stage1.1-ss1-orpo3,huuontocordwide3borpostage11ss1orpo3|3.759|pretrained,2832,kept_aggregated,"same normalized model, parameter, type and submission date"
2833,iFaz/llama31_8B_en_emo_v4,ifazllama318benemov4|4.777|posttrained,2833,kept_aggregated,"same normalized model, parameter, type and submission date"
2834,iFaz/llama32_1B_en_emo_v1,ifazllama321benemov1|0.765|posttrained,2834,kept_aggregated,"same normalized model, parameter, type and submission date"
2835,iFaz/llama32_3B_en_emo_1000_stp,ifazllama323benemo1000stp|1.848|posttrained,2835,kept_aggregated,"same normalized model, parameter, type and submission date"
2836,iFaz/llama32_3B_en_emo_2000_stp,ifazllama323benemo2000stp|1.848|posttrained,2836,kept_aggregated,"same normalized model, parameter, type and submission date"
2837,iFaz/llama32_3B_en_emo_300_stp,ifazllama323benemo300stp|1.848|posttrained,2837,kept_aggregated,"same normalized model, parameter, type and submission date"
2838,iFaz/llama32_3B_en_emo_5000_stp,ifazllama323benemo5000stp|1.848|posttrained,2838,kept_aggregated,"same normalized model, parameter, type and submission date"
2839,iFaz/llama32_3B_en_emo_v2,ifazllama323benemov2|1.848|posttrained,2839,kept_aggregated,"same normalized model, parameter, type and submission date"
2840,iFaz/llama32_3B_en_emo_v3,ifazllama323benemov3|1.848|posttrained,2840,kept_aggregated,"same normalized model, parameter, type and submission date"
2841,iRyanBell/ARC1,iryanbellarc1|8.03|posttrained,2841,kept_aggregated,"same normalized model, parameter, type and submission date"
2842,iRyanBell/ARC1-II,iryanbellarc1ii|8.03|posttrained,2842,kept_aggregated,"same normalized model, parameter, type and submission date"
2843,ibivibiv/colossus_120b,ibivibivcolossus120b|117.749|posttrained,2843,kept_aggregated,"same normalized model, parameter, type and submission date"
2844,ibivibiv/multimaster-7b-v6,ibivibivmultimaster7bv6|35.428|posttrained,2844,kept_aggregated,"same normalized model, parameter, type and submission date"
2845,ibm/PowerLM-3b,ibmpowerlm3b|3.512|pretrained,2845,kept_aggregated,"same normalized model, parameter, type and submission date"
2846,ibm/merlinite-7b,ibmmerlinite7b|7.242|posttrained,2846,kept_aggregated,"same normalized model, parameter, type and submission date"
2847,ibm-granite/granite-3.0-1b-a400m-base,ibmgranitegranite301ba400mbase|1.335|pretrained,2847,kept_aggregated,"same normalized model, parameter, type and submission date"
2848,ibm-granite/granite-3.0-1b-a400m-instruct,ibmgranitegranite301ba400minstruct|1.335|posttrained,2848,kept_aggregated,"same normalized model, parameter, type and submission date"
2849,ibm-granite/granite-3.0-2b-base,ibmgranitegranite302bbase|2.634|pretrained,2849,kept_aggregated,"same normalized model, parameter, type and submission date"
2850,ibm-granite/granite-3.0-2b-instruct,ibmgranitegranite302binstruct|2.634|posttrained,2850,kept_aggregated,"same normalized model, parameter, type and submission date"
2851,ibm-granite/granite-3.0-3b-a800m-base,ibmgranitegranite303ba800mbase|3.374|pretrained,2851,kept_aggregated,"same normalized model, parameter, type and submission date"
2852,ibm-granite/granite-3.0-3b-a800m-instruct,ibmgranitegranite303ba800minstruct|3.374|posttrained,2852,kept_aggregated,"same normalized model, parameter, type and submission date"
2853,ibm-granite/granite-3.0-8b-base,ibmgranitegranite308bbase|8.171|pretrained,2853,kept_aggregated,"same normalized model, parameter, type and submission date"
2854,ibm-granite/granite-3.0-8b-instruct,ibmgranitegranite308binstruct|8.171|posttrained,2854,kept_aggregated,"same normalized model, parameter, type and submission date"
2855,ibm-granite/granite-3.1-1b-a400m-base,ibmgranitegranite311ba400mbase|1.335|pretrained,2855,kept_aggregated,"same normalized model, parameter, type and submission date"
2856,ibm-granite/granite-3.1-1b-a400m-instruct,ibmgranitegranite311ba400minstruct|1.335|posttrained,2856,kept_aggregated,"same normalized model, parameter, type and submission date"
2857,ibm-granite/granite-3.1-2b-base,ibmgranitegranite312bbase|2.534|pretrained,2857,kept_aggregated,"same normalized model, parameter, type and submission date"
2858,ibm-granite/granite-3.1-2b-instruct,ibmgranitegranite312binstruct|2.534|posttrained,2858,kept_aggregated,"same normalized model, parameter, type and submission date"
2859,ibm-granite/granite-3.1-3b-a800m-base,ibmgranitegranite313ba800mbase|3.299|pretrained,2859,kept_aggregated,"same normalized model, parameter, type and submission date"
2860,ibm-granite/granite-3.1-3b-a800m-instruct,ibmgranitegranite313ba800minstruct|3.299|posttrained,2860,kept_aggregated,"same normalized model, parameter, type and submission date"
2861,ibm-granite/granite-3.1-8b-base,ibmgranitegranite318bbase|8.171|pretrained,2861,kept_aggregated,"same normalized model, parameter, type and submission date"
2862,ibm-granite/granite-3.1-8b-instruct,ibmgranitegranite318binstruct|8.171|posttrained,2862,kept_aggregated,"same normalized model, parameter, type and submission date"
2863,ibm-granite/granite-3.2-2b-instruct,ibmgranitegranite322binstruct|2.534|posttrained,2863,kept_aggregated,"same normalized model, parameter, type and submission date"
2864,ibm-granite/granite-3.2-8b-instruct,ibmgranitegranite328binstruct|8.171|posttrained,2864,kept_aggregated,"same normalized model, parameter, type and submission date"
2865,ibm-granite/granite-7b-base,ibmgranitegranite7bbase|6.738|pretrained,2865,kept_aggregated,"same normalized model, parameter, type and submission date"
2866,ibm-granite/granite-7b-instruct,ibmgranitegranite7binstruct|6.738|posttrained,2866,kept_aggregated,"same normalized model, parameter, type and submission date"
2867,icefog72/Ice0.15-02.10-RP,icefog72ice0150210rp|7.242|merge,2867,kept_aggregated,"same normalized model, parameter, type and submission date"
2868,icefog72/Ice0.16-02.10-RP,icefog72ice0160210rp|7.242|merge,2868,kept_aggregated,"same normalized model, parameter, type and submission date"
2869,icefog72/Ice0.17-03.10-RP,icefog72ice0170310rp|7.242|merge,2869,kept_aggregated,"same normalized model, parameter, type and submission date"
2870,icefog72/Ice0.27-06.11-RP,icefog72ice0270611rp|7.242|merge,2870,kept_aggregated,"same normalized model, parameter, type and submission date"
2871,icefog72/Ice0.29-06.11-RP,icefog72ice0290611rp|7.242|merge,2871,kept_aggregated,"same normalized model, parameter, type and submission date"
2872,icefog72/Ice0.31-08.11-RP,icefog72ice0310811rp|7.242|merge,2872,kept_aggregated,"same normalized model, parameter, type and submission date"
2873,icefog72/Ice0.32-10.11-RP,icefog72ice0321011rp|7.242|merge,2873,kept_aggregated,"same normalized model, parameter, type and submission date"
2874,icefog72/Ice0.34b-14.11-RP,icefog72ice034b1411rp|7.242|merge,2874,kept_aggregated,"same normalized model, parameter, type and submission date"
2875,icefog72/Ice0.34n-14.11-RP,icefog72ice034n1411rp|7.242|merge,2875,kept_aggregated,"same normalized model, parameter, type and submission date"
2876,icefog72/Ice0.37-18.11-RP,icefog72ice0371811rp|7.242|merge,2876,kept_aggregated,"same normalized model, parameter, type and submission date"
2877,icefog72/Ice0.38-19.11-RP,icefog72ice0381911rp|7.242|merge,2877,kept_aggregated,"same normalized model, parameter, type and submission date"
2878,icefog72/Ice0.39-19.11-RP,icefog72ice0391911rp|7.242|merge,2878,kept_aggregated,"same normalized model, parameter, type and submission date"
2879,icefog72/Ice0.40-20.11-RP,icefog72ice0402011rp|7.242|merge,2879,kept_aggregated,"same normalized model, parameter, type and submission date"
2880,icefog72/Ice0.41-22.11-RP,icefog72ice0412211rp|7.242|merge,2880,kept_aggregated,"same normalized model, parameter, type and submission date"
2881,icefog72/Ice0.50-16.01-RP,icefog72ice0501601rp|7.242|merge,2881,kept_aggregated,"same normalized model, parameter, type and submission date"
2882,icefog72/Ice0.50.1-16.01-RP,icefog72ice05011601rp|7.242|merge,2882,kept_aggregated,"same normalized model, parameter, type and submission date"
2883,icefog72/Ice0.51-16.01-RP,icefog72ice0511601rp|7.242|merge,2883,kept_aggregated,"same normalized model, parameter, type and submission date"
2884,icefog72/Ice0.51.1-16.01-RP,icefog72ice05111601rp|7.242|merge,2884,kept_aggregated,"same normalized model, parameter, type and submission date"
2885,icefog72/Ice0.52-16.01-RP,icefog72ice0521601rp|7.242|merge,2885,kept_aggregated,"same normalized model, parameter, type and submission date"
2886,icefog72/Ice0.52.1-16.01-RP,icefog72ice05211601rp|7.242|merge,2886,kept_aggregated,"same normalized model, parameter, type and submission date"
2887,icefog72/Ice0.53-16.01-RP,icefog72ice0531601rp|7.242|merge,2887,kept_aggregated,"same normalized model, parameter, type and submission date"
2888,icefog72/Ice0.54-17.01-RP,icefog72ice0541701rp|7.242|merge,2888,kept_aggregated,"same normalized model, parameter, type and submission date"
2889,icefog72/Ice0.55-17.01-RP,icefog72ice0551701rp|7.242|merge,2889,kept_aggregated,"same normalized model, parameter, type and submission date"
2890,icefog72/Ice0.57-17.01-RP,icefog72ice0571701rp|7.242|merge,2890,kept_aggregated,"same normalized model, parameter, type and submission date"
2891,icefog72/Ice0.60-18.01-RP,icefog72ice0601801rp|7.242|merge,2891,kept_aggregated,"same normalized model, parameter, type and submission date"
2892,icefog72/Ice0.60.1-18.01-RP,icefog72ice06011801rp|7.242|merge,2892,kept_aggregated,"same normalized model, parameter, type and submission date"
2893,icefog72/Ice0.61-18.01-RP,icefog72ice0611801rp|7.242|merge,2893,kept_aggregated,"same normalized model, parameter, type and submission date"
2894,icefog72/Ice0.62-18.01-RP,icefog72ice0621801rp|7.242|merge,2894,kept_aggregated,"same normalized model, parameter, type and submission date"
2895,icefog72/Ice0.62.1-24.01-RP,icefog72ice06212401rp|7.242|merge,2895,kept_aggregated,"same normalized model, parameter, type and submission date"
2896,icefog72/Ice0.64-24.01-RP,icefog72ice0642401rp|7.242|merge,2896,kept_aggregated,"same normalized model, parameter, type and submission date"
2897,icefog72/Ice0.64.1-24.01-RP,icefog72ice06412401rp|7.242|merge,2897,kept_aggregated,"same normalized model, parameter, type and submission date"
2898,icefog72/Ice0.65-25.01-RP,icefog72ice0652501rp|7.242|merge,2898,kept_aggregated,"same normalized model, parameter, type and submission date"
2899,icefog72/Ice0.66-25.01-RP,icefog72ice0662501rp|7.242|merge,2899,kept_aggregated,"same normalized model, parameter, type and submission date"
2900,icefog72/Ice0.67-25.01-RP,icefog72ice0672501rp|7.242|merge,2900,kept_aggregated,"same normalized model, parameter, type and submission date"
2901,icefog72/Ice0.68-25.01-RP,icefog72ice0682501rp|7.242|merge,2901,kept_aggregated,"same normalized model, parameter, type and submission date"
2902,icefog72/Ice0.69-25.01-RP,icefog72ice0692501rp|7.242|merge,2902,kept_aggregated,"same normalized model, parameter, type and submission date"
2903,icefog72/Ice0.7-29.09-RP,icefog72ice072909rp|7.242|merge,2903,kept_aggregated,"same normalized model, parameter, type and submission date"
2904,icefog72/Ice0.70-25.01-RP,icefog72ice0702501rp|7.242|merge,2904,kept_aggregated,"same normalized model, parameter, type and submission date"
2905,icefog72/Ice0.70.1-01.02-RP,icefog72ice07010102rp|7.242|merge,2905,kept_aggregated,"same normalized model, parameter, type and submission date"
2906,icefog72/Ice0.73-01.02-RP,icefog72ice0730102rp|7.242|merge,2906,kept_aggregated,"same normalized model, parameter, type and submission date"
2907,icefog72/Ice0.74-02.02-RP,icefog72ice0740202rp|7.242|merge,2907,kept_aggregated,"same normalized model, parameter, type and submission date"
2908,icefog72/Ice0.76-02.02-RP,icefog72ice0760202rp|7.242|merge,2908,kept_aggregated,"same normalized model, parameter, type and submission date"
2909,icefog72/Ice0.77-02.02-RP,icefog72ice0770202rp|7.242|merge,2909,kept_aggregated,"same normalized model, parameter, type and submission date"
2910,icefog72/Ice0.78-02.02-RP,icefog72ice0780202rp|7.242|merge,2910,kept_aggregated,"same normalized model, parameter, type and submission date"
2911,icefog72/Ice0.80-03.02-RP,icefog72ice0800302rp|7.242|merge,2911,kept_aggregated,"same normalized model, parameter, type and submission date"
2912,icefog72/IceCocoaRP-7b,icefog72icecocoarp7b|7.242|merge,2912,kept_aggregated,"same normalized model, parameter, type and submission date"
2913,icefog72/IceCoffeeRP-7b,icefog72icecoffeerp7b|7.242|merge,2913,kept_aggregated,"same normalized model, parameter, type and submission date"
2914,icefog72/IceDrinkByFrankensteinV3RP,icefog72icedrinkbyfrankensteinv3rp|7.242|merge,2914,kept_aggregated,"same normalized model, parameter, type and submission date"
2915,icefog72/IceDrinkNameGoesHereRP-7b-Model_Stock,icefog72icedrinknamegoeshererp7bmodelstock|7.242|merge,2915,kept_aggregated,"same normalized model, parameter, type and submission date"
2916,icefog72/IceDrinkNameNotFoundRP-7b-Model_Stock,icefog72icedrinknamenotfoundrp7bmodelstock|7.242|merge,2916,kept_aggregated,"same normalized model, parameter, type and submission date"
2917,icefog72/IceDrunkCherryRP-7b,icefog72icedrunkcherryrp7b|7.242|merge,2917,kept_aggregated,"same normalized model, parameter, type and submission date"
2918,icefog72/IceDrunkenCherryRP-7b,icefog72icedrunkencherryrp7b|7.242|merge,2918,kept_aggregated,"same normalized model, parameter, type and submission date"
2919,icefog72/IceEspressoRPv2-7b,icefog72iceespressorpv27b|7.242|merge,2919,kept_aggregated,"same normalized model, parameter, type and submission date"
2920,icefog72/IceLemonTeaRP-32k-7b,icefog72icelemontearp32k7b|7.242|merge,2920,kept_aggregated,"same normalized model, parameter, type and submission date"
2921,icefog72/IceMartiniRP-7b,icefog72icemartinirp7b|7.242|posttrained,2921,kept_aggregated,"same normalized model, parameter, type and submission date"
2922,icefog72/IceNalyvkaRP-7b,icefog72icenalyvkarp7b|7.242|merge,2922,kept_aggregated,"same normalized model, parameter, type and submission date"
2923,icefog72/IceSakeRP-7b,icefog72icesakerp7b|7.242|merge,2923,kept_aggregated,"same normalized model, parameter, type and submission date"
2924,icefog72/IceSakeV4RP-7b,icefog72icesakev4rp7b|7.242|merge,2924,kept_aggregated,"same normalized model, parameter, type and submission date"
2925,icefog72/IceSakeV6RP-7b,icefog72icesakev6rp7b|7.242|merge,2925,kept_aggregated,"same normalized model, parameter, type and submission date"
2926,icefog72/IceSakeV8RP-7b,icefog72icesakev8rp7b|7.242|merge,2926,kept_aggregated,"same normalized model, parameter, type and submission date"
2927,icefog72/IceTea21EnergyDrinkRPV13-DPOv3,icefog72icetea21energydrinkrpv13dpov3|7.242|merge,2927,kept_aggregated,"same normalized model, parameter, type and submission date"
2928,icefog72/IceTea21EnergyDrinkRPV13-DPOv3.5,icefog72icetea21energydrinkrpv13dpov35|7.242|merge,2928,kept_aggregated,"same normalized model, parameter, type and submission date"
2929,ifable/gemma-2-Ifable-9B,ifablegemma2ifable9b|9.242|posttrained,2929,kept_aggregated,"same normalized model, parameter, type and submission date"
2930,ilsp/Llama-Krikri-8B-Instruct,ilspllamakrikri8binstruct|8.202|posttrained,2930,kept_aggregated,"same normalized model, parameter, type and submission date"
2931,inflatebot/MN-12B-Mag-Mell-R1,inflatebotmn12bmagmellr1|12.248|merge,2931,kept_aggregated,"same normalized model, parameter, type and submission date"
2932,informatiker/Qwen2-7B-Instruct-abliterated,informatikerqwen27binstructabliterated|7.616|posttrained,2932,kept_aggregated,"same normalized model, parameter, type and submission date"
2933,insightfactory/Llama-3.2-3B-Instruct-unsloth-bnb-4bitlora_model,insightfactoryllama323binstructunslothbnb4bitloramodel|1.933|posttrained,2933,kept_aggregated,"same normalized model, parameter, type and submission date"
2934,instruction-pretrain/InstructLM-500M,instructionpretraininstructlm500m|0.5|pretrained,2934,kept_aggregated,"same normalized model, parameter, type and submission date"
2935,internlm/internlm2-1_8b,internlminternlm218b|8.0|pretrained,2935,kept_aggregated,"same normalized model, parameter, type and submission date"
2936,internlm/internlm2-7b,internlminternlm27b|0.0|excluded_other,2936,kept_aggregated,"same normalized model, parameter, type and submission date"
2937,internlm/internlm2-chat-1_8b,internlminternlm2chat18b|1.889|posttrained,2937,kept_aggregated,"same normalized model, parameter, type and submission date"
2938,internlm/internlm2_5-1_8b-chat,internlminternlm2518bchat|1.89|posttrained,2938,kept_aggregated,"same normalized model, parameter, type and submission date"
2939,internlm/internlm2_5-20b-chat,internlminternlm2520bchat|19.86|posttrained,2939,kept_aggregated,"same normalized model, parameter, type and submission date"
2940,internlm/internlm2_5-7b-chat,internlminternlm257bchat|7.738|posttrained,2940,kept_aggregated,"same normalized model, parameter, type and submission date"
2941,intervitens/mini-magnum-12b-v1.1,intervitensminimagnum12bv11|12.248|posttrained,2941,kept_aggregated,"same normalized model, parameter, type and submission date"
2942,inumulaisk/eval_model,inumulaiskevalmodel|1.777|posttrained,2942,kept_aggregated,"same normalized model, parameter, type and submission date"
2943,invalid-coder/Sakura-SOLAR-Instruct-CarbonVillain-en-10.7B-v2-slerp,invalidcodersakurasolarinstructcarbonvillainen107bv2slerp|10.732|merge,2943,kept_aggregated,"same normalized model, parameter, type and submission date"
2944,invisietch/EtherealRainbow-v0.2-8B,invisietchetherealrainbowv028b|8.03|merge,2944,kept_aggregated,"same normalized model, parameter, type and submission date"
2945,invisietch/EtherealRainbow-v0.3-8B,invisietchetherealrainbowv038b|8.03|merge,2945,kept_aggregated,"same normalized model, parameter, type and submission date"
2946,invisietch/MiS-Firefly-v0.2-22B,invisietchmisfireflyv0222b|22.247|posttrained,2946,kept_aggregated,"same normalized model, parameter, type and submission date"
2947,invisietch/Nimbus-Miqu-v0.1-70B,invisietchnimbusmiquv0170b|68.977|merge,2947,kept_aggregated,"same normalized model, parameter, type and submission date"
2948,irahulpandey/mistralai-7B-slerp-v0.1,irahulpandeymistralai7bslerpv01|7.242|merge,2948,kept_aggregated,"same normalized model, parameter, type and submission date"
2949,jaredjoss/pythia-410m-roberta-lr_8e7-kl_01-steps_12000-rlhf-model,jaredjosspythia410mrobertalr8e7kl01steps12000rlhfmodel|0.407|posttrained,2949,kept_aggregated,"same normalized model, parameter, type and submission date"
2950,jaspionjader/Auro-Kosmos-EVAA-v2-8B,jaspionjaderaurokosmosevaav28b|8.03|merge,2950,kept_aggregated,"same normalized model, parameter, type and submission date"
2951,jaspionjader/Auro-Kosmos-EVAA-v2.1-8B,jaspionjaderaurokosmosevaav218b|8.03|merge,2951,kept_aggregated,"same normalized model, parameter, type and submission date"
2952,jaspionjader/Auro-Kosmos-EVAA-v2.2-8B,jaspionjaderaurokosmosevaav228b|8.03|merge,2952,kept_aggregated,"same normalized model, parameter, type and submission date"
2953,jaspionjader/Auro-Kosmos-EVAA-v2.3-8B,jaspionjaderaurokosmosevaav238b|8.03|merge,2953,kept_aggregated,"same normalized model, parameter, type and submission date"
2954,jaspionjader/Kosmos-Aurora_faustus-8B,jaspionjaderkosmosaurorafaustus8b|8.03|merge,2954,kept_aggregated,"same normalized model, parameter, type and submission date"
2955,jaspionjader/Kosmos-EVAA-8B,jaspionjaderkosmosevaa8b|8.03|merge,2955,kept_aggregated,"same normalized model, parameter, type and submission date"
2956,jaspionjader/Kosmos-EVAA-Franken-Immersive-v39-8B,jaspionjaderkosmosevaafrankenimmersivev398b|8.03|merge,2956,kept_aggregated,"same normalized model, parameter, type and submission date"
2957,jaspionjader/Kosmos-EVAA-Franken-v38-8B,jaspionjaderkosmosevaafrankenv388b|8.03|merge,2957,kept_aggregated,"same normalized model, parameter, type and submission date"
2958,jaspionjader/Kosmos-EVAA-Fusion-8B,jaspionjaderkosmosevaafusion8b|8.03|merge,2959,replaced_same_version_date,"same normalized model, parameter, type and submission date"
2959,jaspionjader/Kosmos-EVAA-Fusion-8B,jaspionjaderkosmosevaafusion8b|8.03|merge,2959,kept_aggregated,"same normalized model, parameter, type and submission date"
2960,jaspionjader/Kosmos-EVAA-PRP-8B,jaspionjaderkosmosevaaprp8b|8.03|merge,2960,kept_aggregated,"same normalized model, parameter, type and submission date"
2961,jaspionjader/Kosmos-EVAA-PRP-light-8B,jaspionjaderkosmosevaaprplight8b|8.03|merge,2961,kept_aggregated,"same normalized model, parameter, type and submission date"
2962,jaspionjader/Kosmos-EVAA-PRP-v23-8B,jaspionjaderkosmosevaaprpv238b|8.03|merge,2962,kept_aggregated,"same normalized model, parameter, type and submission date"
2963,jaspionjader/Kosmos-EVAA-PRP-v24-8B,jaspionjaderkosmosevaaprpv248b|8.03|merge,2963,kept_aggregated,"same normalized model, parameter, type and submission date"
2964,jaspionjader/Kosmos-EVAA-PRP-v25-8B,jaspionjaderkosmosevaaprpv258b|8.03|merge,2964,kept_aggregated,"same normalized model, parameter, type and submission date"
2965,jaspionjader/Kosmos-EVAA-PRP-v26-8B,jaspionjaderkosmosevaaprpv268b|8.03|merge,2965,kept_aggregated,"same normalized model, parameter, type and submission date"
2966,jaspionjader/Kosmos-EVAA-PRP-v27-8B,jaspionjaderkosmosevaaprpv278b|8.03|merge,2966,kept_aggregated,"same normalized model, parameter, type and submission date"
2967,jaspionjader/Kosmos-EVAA-PRP-v28-8B,jaspionjaderkosmosevaaprpv288b|8.03|merge,2967,kept_aggregated,"same normalized model, parameter, type and submission date"
2968,jaspionjader/Kosmos-EVAA-PRP-v29-8B,jaspionjaderkosmosevaaprpv298b|8.03|merge,2968,kept_aggregated,"same normalized model, parameter, type and submission date"
2969,jaspionjader/Kosmos-EVAA-PRP-v30-8B,jaspionjaderkosmosevaaprpv308b|8.03|merge,2969,kept_aggregated,"same normalized model, parameter, type and submission date"
2970,jaspionjader/Kosmos-EVAA-PRP-v31-8B,jaspionjaderkosmosevaaprpv318b|8.03|merge,2970,kept_aggregated,"same normalized model, parameter, type and submission date"
2971,jaspionjader/Kosmos-EVAA-PRP-v32-8B,jaspionjaderkosmosevaaprpv328b|8.03|merge,2971,kept_aggregated,"same normalized model, parameter, type and submission date"
2972,jaspionjader/Kosmos-EVAA-PRP-v33-8B,jaspionjaderkosmosevaaprpv338b|8.03|merge,2972,kept_aggregated,"same normalized model, parameter, type and submission date"
2973,jaspionjader/Kosmos-EVAA-PRP-v34-8B,jaspionjaderkosmosevaaprpv348b|8.03|merge,2973,kept_aggregated,"same normalized model, parameter, type and submission date"
2974,jaspionjader/Kosmos-EVAA-TSN-8B,jaspionjaderkosmosevaatsn8b|8.03|posttrained,2974,kept_aggregated,"same normalized model, parameter, type and submission date"
2975,jaspionjader/Kosmos-EVAA-TSN-light-8B,jaspionjaderkosmosevaatsnlight8b|8.03|merge,2975,kept_aggregated,"same normalized model, parameter, type and submission date"
2976,jaspionjader/Kosmos-EVAA-TSN-v19-8B,jaspionjaderkosmosevaatsnv198b|8.03|merge,2976,kept_aggregated,"same normalized model, parameter, type and submission date"
2977,jaspionjader/Kosmos-EVAA-TSN-v20-8B,jaspionjaderkosmosevaatsnv208b|8.03|merge,2977,kept_aggregated,"same normalized model, parameter, type and submission date"
2978,jaspionjader/Kosmos-EVAA-TSN-v21-8B,jaspionjaderkosmosevaatsnv218b|8.03|merge,2978,kept_aggregated,"same normalized model, parameter, type and submission date"
2979,jaspionjader/Kosmos-EVAA-TSN-v22-8B,jaspionjaderkosmosevaatsnv228b|8.03|merge,2979,kept_aggregated,"same normalized model, parameter, type and submission date"
2980,jaspionjader/Kosmos-EVAA-gamma-8B,jaspionjaderkosmosevaagamma8b|8.03|merge,2980,kept_aggregated,"same normalized model, parameter, type and submission date"
2981,jaspionjader/Kosmos-EVAA-gamma-alt-8B,jaspionjaderkosmosevaagammaalt8b|8.03|merge,2981,kept_aggregated,"same normalized model, parameter, type and submission date"
2982,jaspionjader/Kosmos-EVAA-gamma-light-8B,jaspionjaderkosmosevaagammalight8b|8.03|merge,2982,kept_aggregated,"same normalized model, parameter, type and submission date"
2983,jaspionjader/Kosmos-EVAA-gamma-light-alt-8B,jaspionjaderkosmosevaagammalightalt8b|8.03|merge,2983,kept_aggregated,"same normalized model, parameter, type and submission date"
2984,jaspionjader/Kosmos-EVAA-gamma-ultra-light-8B,jaspionjaderkosmosevaagammaultralight8b|8.03|merge,2984,kept_aggregated,"same normalized model, parameter, type and submission date"
2985,jaspionjader/Kosmos-EVAA-gamma-v13-8B,jaspionjaderkosmosevaagammav138b|8.03|merge,2985,kept_aggregated,"same normalized model, parameter, type and submission date"
2986,jaspionjader/Kosmos-EVAA-gamma-v14-8B,jaspionjaderkosmosevaagammav148b|8.03|merge,2986,kept_aggregated,"same normalized model, parameter, type and submission date"
2987,jaspionjader/Kosmos-EVAA-gamma-v15-8B,jaspionjaderkosmosevaagammav158b|8.03|merge,2987,kept_aggregated,"same normalized model, parameter, type and submission date"
2988,jaspionjader/Kosmos-EVAA-gamma-v16-8B,jaspionjaderkosmosevaagammav168b|8.03|merge,2988,kept_aggregated,"same normalized model, parameter, type and submission date"
2989,jaspionjader/Kosmos-EVAA-gamma-v17-8B,jaspionjaderkosmosevaagammav178b|8.03|merge,2989,kept_aggregated,"same normalized model, parameter, type and submission date"
2990,jaspionjader/Kosmos-EVAA-gamma-v18-8B,jaspionjaderkosmosevaagammav188b|8.03|merge,2990,kept_aggregated,"same normalized model, parameter, type and submission date"
2991,jaspionjader/Kosmos-EVAA-immersive-sof-v44-8B,jaspionjaderkosmosevaaimmersivesofv448b|8.03|merge,2991,kept_aggregated,"same normalized model, parameter, type and submission date"
2992,jaspionjader/Kosmos-EVAA-v10-8B,jaspionjaderkosmosevaav108b|8.03|merge,2992,kept_aggregated,"same normalized model, parameter, type and submission date"
2993,jaspionjader/Kosmos-EVAA-v11-8B,jaspionjaderkosmosevaav118b|8.03|merge,2993,kept_aggregated,"same normalized model, parameter, type and submission date"
2994,jaspionjader/Kosmos-EVAA-v12-8B,jaspionjaderkosmosevaav128b|8.03|merge,2994,kept_aggregated,"same normalized model, parameter, type and submission date"
2995,jaspionjader/Kosmos-EVAA-v2-8B,jaspionjaderkosmosevaav28b|8.03|merge,2995,kept_aggregated,"same normalized model, parameter, type and submission date"
2996,jaspionjader/Kosmos-EVAA-v3-8B,jaspionjaderkosmosevaav38b|8.03|merge,2996,kept_aggregated,"same normalized model, parameter, type and submission date"
2997,jaspionjader/Kosmos-EVAA-v4-8B,jaspionjaderkosmosevaav48b|8.03|merge,2997,kept_aggregated,"same normalized model, parameter, type and submission date"
2998,jaspionjader/Kosmos-EVAA-v5-8B,jaspionjaderkosmosevaav58b|8.03|merge,2998,kept_aggregated,"same normalized model, parameter, type and submission date"
2999,jaspionjader/Kosmos-EVAA-v6-8B,jaspionjaderkosmosevaav68b|8.03|merge,2999,kept_aggregated,"same normalized model, parameter, type and submission date"
3000,jaspionjader/Kosmos-EVAA-v7-8B,jaspionjaderkosmosevaav78b|8.03|merge,3000,kept_aggregated,"same normalized model, parameter, type and submission date"
3001,jaspionjader/Kosmos-EVAA-v8-8B,jaspionjaderkosmosevaav88b|8.03|merge,3001,kept_aggregated,"same normalized model, parameter, type and submission date"
3002,jaspionjader/Kosmos-EVAA-v9-8B,jaspionjaderkosmosevaav98b|8.03|merge,3002,kept_aggregated,"same normalized model, parameter, type and submission date"
3003,jaspionjader/Kosmos-EVAA-v9-TitanFusion-Mix-8B,jaspionjaderkosmosevaav9titanfusionmix8b|8.03|merge,3003,kept_aggregated,"same normalized model, parameter, type and submission date"
3004,jaspionjader/Kosmos-Elusive-8b,jaspionjaderkosmoselusive8b|8.03|merge,3004,kept_aggregated,"same normalized model, parameter, type and submission date"
3005,jaspionjader/Kosmos-Elusive-VENN-8B,jaspionjaderkosmoselusivevenn8b|8.03|merge,3005,kept_aggregated,"same normalized model, parameter, type and submission date"
3006,jaspionjader/Kosmos-Elusive-VENN-Asymmetric-8B,jaspionjaderkosmoselusivevennasymmetric8b|8.03|merge,3006,kept_aggregated,"same normalized model, parameter, type and submission date"
3007,jaspionjader/Kosmos-Elusive-VENN-Aurora_faustus-8B,jaspionjaderkosmoselusivevennaurorafaustus8b|8.03|merge,3007,kept_aggregated,"same normalized model, parameter, type and submission date"
3008,jaspionjader/Kosmos-VENN-8B,jaspionjaderkosmosvenn8b|8.03|merge,3008,kept_aggregated,"same normalized model, parameter, type and submission date"
3009,jaspionjader/PRP-Kosmos-EVAA-8B,jaspionjaderprpkosmosevaa8b|8.03|merge,3009,kept_aggregated,"same normalized model, parameter, type and submission date"
3010,jaspionjader/PRP-Kosmos-EVAA-light-8B,jaspionjaderprpkosmosevaalight8b|8.03|merge,3010,kept_aggregated,"same normalized model, parameter, type and submission date"
3011,jaspionjader/TSN-Kosmos-EVAA-8B,jaspionjadertsnkosmosevaa8b|8.03|merge,3011,kept_aggregated,"same normalized model, parameter, type and submission date"
3012,jaspionjader/TSN-Kosmos-EVAA-v2-8B,jaspionjadertsnkosmosevaav28b|8.03|merge,3012,kept_aggregated,"same normalized model, parameter, type and submission date"
3013,jaspionjader/bbb-1,jaspionjaderbbb1|8.03|merge,3013,kept_aggregated,"same normalized model, parameter, type and submission date"
3014,jaspionjader/bbb-2,jaspionjaderbbb2|8.03|merge,3014,kept_aggregated,"same normalized model, parameter, type and submission date"
3015,jaspionjader/bbb-3,jaspionjaderbbb3|8.03|merge,3015,kept_aggregated,"same normalized model, parameter, type and submission date"
3016,jaspionjader/bbb-4,jaspionjaderbbb4|8.03|merge,3016,kept_aggregated,"same normalized model, parameter, type and submission date"
3017,jaspionjader/bbb-5,jaspionjaderbbb5|8.03|merge,3017,kept_aggregated,"same normalized model, parameter, type and submission date"
3018,jaspionjader/bbb-6,jaspionjaderbbb6|8.03|merge,3018,kept_aggregated,"same normalized model, parameter, type and submission date"
3019,jaspionjader/bbb-7,jaspionjaderbbb7|8.03|merge,3019,kept_aggregated,"same normalized model, parameter, type and submission date"
3020,jaspionjader/bh-1,jaspionjaderbh1|8.03|merge,3020,kept_aggregated,"same normalized model, parameter, type and submission date"
3021,jaspionjader/bh-10,jaspionjaderbh10|8.03|merge,3021,kept_aggregated,"same normalized model, parameter, type and submission date"
3022,jaspionjader/bh-11,jaspionjaderbh11|8.03|merge,3022,kept_aggregated,"same normalized model, parameter, type and submission date"
3023,jaspionjader/bh-12,jaspionjaderbh12|8.03|merge,3023,kept_aggregated,"same normalized model, parameter, type and submission date"
3024,jaspionjader/bh-13,jaspionjaderbh13|8.03|merge,3024,kept_aggregated,"same normalized model, parameter, type and submission date"
3025,jaspionjader/bh-15,jaspionjaderbh15|8.03|merge,3025,kept_aggregated,"same normalized model, parameter, type and submission date"
3026,jaspionjader/bh-16,jaspionjaderbh16|8.03|merge,3026,kept_aggregated,"same normalized model, parameter, type and submission date"
3027,jaspionjader/bh-17,jaspionjaderbh17|8.03|merge,3027,kept_aggregated,"same normalized model, parameter, type and submission date"
3028,jaspionjader/bh-18,jaspionjaderbh18|8.03|merge,3028,kept_aggregated,"same normalized model, parameter, type and submission date"
3029,jaspionjader/bh-19,jaspionjaderbh19|8.03|merge,3029,kept_aggregated,"same normalized model, parameter, type and submission date"
3030,jaspionjader/bh-2,jaspionjaderbh2|8.03|merge,3030,kept_aggregated,"same normalized model, parameter, type and submission date"
3031,jaspionjader/bh-20,jaspionjaderbh20|8.03|merge,3031,kept_aggregated,"same normalized model, parameter, type and submission date"
3032,jaspionjader/bh-21,jaspionjaderbh21|8.03|merge,3032,kept_aggregated,"same normalized model, parameter, type and submission date"
3033,jaspionjader/bh-22,jaspionjaderbh22|8.03|merge,3033,kept_aggregated,"same normalized model, parameter, type and submission date"
3034,jaspionjader/bh-23,jaspionjaderbh23|8.03|merge,3034,kept_aggregated,"same normalized model, parameter, type and submission date"
3035,jaspionjader/bh-24,jaspionjaderbh24|8.03|merge,3035,kept_aggregated,"same normalized model, parameter, type and submission date"
3036,jaspionjader/bh-25,jaspionjaderbh25|8.03|merge,3036,kept_aggregated,"same normalized model, parameter, type and submission date"
3037,jaspionjader/bh-26,jaspionjaderbh26|8.03|merge,3037,kept_aggregated,"same normalized model, parameter, type and submission date"
3038,jaspionjader/bh-27,jaspionjaderbh27|8.03|merge,3038,kept_aggregated,"same normalized model, parameter, type and submission date"
3039,jaspionjader/bh-28,jaspionjaderbh28|8.03|merge,3039,kept_aggregated,"same normalized model, parameter, type and submission date"
3040,jaspionjader/bh-29,jaspionjaderbh29|8.03|merge,3040,kept_aggregated,"same normalized model, parameter, type and submission date"
3041,jaspionjader/bh-3,jaspionjaderbh3|8.03|merge,3041,kept_aggregated,"same normalized model, parameter, type and submission date"
3042,jaspionjader/bh-30,jaspionjaderbh30|8.03|merge,3042,kept_aggregated,"same normalized model, parameter, type and submission date"
3043,jaspionjader/bh-31,jaspionjaderbh31|8.03|merge,3043,kept_aggregated,"same normalized model, parameter, type and submission date"
3044,jaspionjader/bh-32,jaspionjaderbh32|8.03|merge,3044,kept_aggregated,"same normalized model, parameter, type and submission date"
3045,jaspionjader/bh-33,jaspionjaderbh33|8.03|merge,3045,kept_aggregated,"same normalized model, parameter, type and submission date"
3046,jaspionjader/bh-34,jaspionjaderbh34|8.03|merge,3046,kept_aggregated,"same normalized model, parameter, type and submission date"
3047,jaspionjader/bh-35,jaspionjaderbh35|8.03|merge,3047,kept_aggregated,"same normalized model, parameter, type and submission date"
3048,jaspionjader/bh-36,jaspionjaderbh36|8.03|merge,3048,kept_aggregated,"same normalized model, parameter, type and submission date"
3049,jaspionjader/bh-37,jaspionjaderbh37|8.03|merge,3049,kept_aggregated,"same normalized model, parameter, type and submission date"
3050,jaspionjader/bh-38,jaspionjaderbh38|8.03|merge,3050,kept_aggregated,"same normalized model, parameter, type and submission date"
3051,jaspionjader/bh-39,jaspionjaderbh39|8.03|merge,3051,kept_aggregated,"same normalized model, parameter, type and submission date"
3052,jaspionjader/bh-4,jaspionjaderbh4|8.03|merge,3052,kept_aggregated,"same normalized model, parameter, type and submission date"
3053,jaspionjader/bh-40,jaspionjaderbh40|8.03|merge,3053,kept_aggregated,"same normalized model, parameter, type and submission date"
3054,jaspionjader/bh-41,jaspionjaderbh41|8.03|merge,3054,kept_aggregated,"same normalized model, parameter, type and submission date"
3055,jaspionjader/bh-42,jaspionjaderbh42|8.03|merge,3055,kept_aggregated,"same normalized model, parameter, type and submission date"
3056,jaspionjader/bh-43,jaspionjaderbh43|8.03|merge,3056,kept_aggregated,"same normalized model, parameter, type and submission date"
3057,jaspionjader/bh-44,jaspionjaderbh44|8.03|merge,3057,kept_aggregated,"same normalized model, parameter, type and submission date"
3058,jaspionjader/bh-46,jaspionjaderbh46|8.03|merge,3058,kept_aggregated,"same normalized model, parameter, type and submission date"
3059,jaspionjader/bh-47,jaspionjaderbh47|8.03|merge,3059,kept_aggregated,"same normalized model, parameter, type and submission date"
3060,jaspionjader/bh-48,jaspionjaderbh48|8.03|merge,3060,kept_aggregated,"same normalized model, parameter, type and submission date"
3061,jaspionjader/bh-49,jaspionjaderbh49|8.03|merge,3061,kept_aggregated,"same normalized model, parameter, type and submission date"
3062,jaspionjader/bh-5,jaspionjaderbh5|8.03|merge,3062,kept_aggregated,"same normalized model, parameter, type and submission date"
3063,jaspionjader/bh-50,jaspionjaderbh50|8.03|merge,3063,kept_aggregated,"same normalized model, parameter, type and submission date"
3064,jaspionjader/bh-51,jaspionjaderbh51|8.03|merge,3064,kept_aggregated,"same normalized model, parameter, type and submission date"
3065,jaspionjader/bh-52,jaspionjaderbh52|8.03|merge,3065,kept_aggregated,"same normalized model, parameter, type and submission date"
3066,jaspionjader/bh-53,jaspionjaderbh53|8.03|merge,3066,kept_aggregated,"same normalized model, parameter, type and submission date"
3067,jaspionjader/bh-54,jaspionjaderbh54|8.03|merge,3067,kept_aggregated,"same normalized model, parameter, type and submission date"
3068,jaspionjader/bh-55,jaspionjaderbh55|8.03|merge,3068,kept_aggregated,"same normalized model, parameter, type and submission date"
3069,jaspionjader/bh-56,jaspionjaderbh56|8.03|merge,3069,kept_aggregated,"same normalized model, parameter, type and submission date"
3070,jaspionjader/bh-57,jaspionjaderbh57|8.03|merge,3070,kept_aggregated,"same normalized model, parameter, type and submission date"
3071,jaspionjader/bh-58,jaspionjaderbh58|8.03|merge,3071,kept_aggregated,"same normalized model, parameter, type and submission date"
3072,jaspionjader/bh-59,jaspionjaderbh59|8.03|merge,3072,kept_aggregated,"same normalized model, parameter, type and submission date"
3073,jaspionjader/bh-6,jaspionjaderbh6|8.03|merge,3073,kept_aggregated,"same normalized model, parameter, type and submission date"
3074,jaspionjader/bh-60,jaspionjaderbh60|8.03|merge,3074,kept_aggregated,"same normalized model, parameter, type and submission date"
3075,jaspionjader/bh-61,jaspionjaderbh61|8.03|merge,3075,kept_aggregated,"same normalized model, parameter, type and submission date"
3076,jaspionjader/bh-62,jaspionjaderbh62|8.03|merge,3076,kept_aggregated,"same normalized model, parameter, type and submission date"
3077,jaspionjader/bh-63,jaspionjaderbh63|8.03|merge,3077,kept_aggregated,"same normalized model, parameter, type and submission date"
3078,jaspionjader/bh-64,jaspionjaderbh64|8.03|merge,3078,kept_aggregated,"same normalized model, parameter, type and submission date"
3079,jaspionjader/bh-7,jaspionjaderbh7|8.03|merge,3079,kept_aggregated,"same normalized model, parameter, type and submission date"
3080,jaspionjader/bh-8,jaspionjaderbh8|8.03|merge,3080,kept_aggregated,"same normalized model, parameter, type and submission date"
3081,jaspionjader/bh-9,jaspionjaderbh9|8.03|merge,3081,kept_aggregated,"same normalized model, parameter, type and submission date"
3082,jaspionjader/dp-6-8b,jaspionjaderdp68b|8.03|merge,3082,kept_aggregated,"same normalized model, parameter, type and submission date"
3083,jaspionjader/dp-7-8b,jaspionjaderdp78b|8.03|merge,3083,kept_aggregated,"same normalized model, parameter, type and submission date"
3084,jaspionjader/ek-6,jaspionjaderek6|8.03|merge,3084,kept_aggregated,"same normalized model, parameter, type and submission date"
3085,jaspionjader/ek-7,jaspionjaderek7|8.03|merge,3085,kept_aggregated,"same normalized model, parameter, type and submission date"
3086,jaspionjader/f-1-8b,jaspionjaderf18b|8.03|merge,3086,kept_aggregated,"same normalized model, parameter, type and submission date"
3087,jaspionjader/f-2-8b,jaspionjaderf28b|8.03|merge,3087,kept_aggregated,"same normalized model, parameter, type and submission date"
3088,jaspionjader/f-3-8b,jaspionjaderf38b|8.03|merge,3088,kept_aggregated,"same normalized model, parameter, type and submission date"
3089,jaspionjader/f-4-8b,jaspionjaderf48b|8.03|merge,3089,kept_aggregated,"same normalized model, parameter, type and submission date"
3090,jaspionjader/f-5-8b,jaspionjaderf58b|8.03|merge,3090,kept_aggregated,"same normalized model, parameter, type and submission date"
3091,jaspionjader/f-6-8b,jaspionjaderf68b|8.03|merge,3091,kept_aggregated,"same normalized model, parameter, type and submission date"
3092,jaspionjader/f-7-8b,jaspionjaderf78b|8.03|merge,3092,kept_aggregated,"same normalized model, parameter, type and submission date"
3093,jaspionjader/f-8-8b,jaspionjaderf88b|8.03|merge,3093,kept_aggregated,"same normalized model, parameter, type and submission date"
3094,jaspionjader/f-9-8b,jaspionjaderf98b|8.03|merge,3094,kept_aggregated,"same normalized model, parameter, type and submission date"
3095,jaspionjader/fct-14-8b,jaspionjaderfct148b|8.03|merge,3095,kept_aggregated,"same normalized model, parameter, type and submission date"
3096,jaspionjader/fct-9-8b,jaspionjaderfct98b|8.03|merge,3096,kept_aggregated,"same normalized model, parameter, type and submission date"
3097,jaspionjader/fr-1-8b,jaspionjaderfr18b|8.03|merge,3097,kept_aggregated,"same normalized model, parameter, type and submission date"
3098,jaspionjader/fr-10-8b,jaspionjaderfr108b|8.03|merge,3098,kept_aggregated,"same normalized model, parameter, type and submission date"
3099,jaspionjader/fr-3-8b,jaspionjaderfr38b|8.03|merge,3099,kept_aggregated,"same normalized model, parameter, type and submission date"
3100,jaspionjader/gamma-Kosmos-EVAA-8B,jaspionjadergammakosmosevaa8b|8.03|merge,3100,kept_aggregated,"same normalized model, parameter, type and submission date"
3101,jaspionjader/gamma-Kosmos-EVAA-v2-8B,jaspionjadergammakosmosevaav28b|8.03|merge,3101,kept_aggregated,"same normalized model, parameter, type and submission date"
3102,jaspionjader/gamma-Kosmos-EVAA-v3-8B,jaspionjadergammakosmosevaav38b|8.03|merge,3102,kept_aggregated,"same normalized model, parameter, type and submission date"
3103,jaspionjader/knf-2-8b,jaspionjaderknf28b|8.03|merge,3103,kept_aggregated,"same normalized model, parameter, type and submission date"
3104,jaspionjader/knfp-2-8b,jaspionjaderknfp28b|8.03|merge,3104,kept_aggregated,"same normalized model, parameter, type and submission date"
3105,jaspionjader/knfp-3-8b,jaspionjaderknfp38b|8.03|merge,3105,kept_aggregated,"same normalized model, parameter, type and submission date"
3106,jaspionjader/kstc-1-8b,jaspionjaderkstc18b|8.03|merge,3106,kept_aggregated,"same normalized model, parameter, type and submission date"
3107,jaspionjader/kstc-11-8b,jaspionjaderkstc118b|8.03|merge,3107,kept_aggregated,"same normalized model, parameter, type and submission date"
3108,jaspionjader/kstc-4-8b,jaspionjaderkstc48b|8.03|merge,3108,kept_aggregated,"same normalized model, parameter, type and submission date"
3109,jaspionjader/kstc-5-8b,jaspionjaderkstc58b|8.03|merge,3109,kept_aggregated,"same normalized model, parameter, type and submission date"
3110,jaspionjader/kstc-6-8b,jaspionjaderkstc68b|8.03|merge,3110,kept_aggregated,"same normalized model, parameter, type and submission date"
3111,jaspionjader/kstc-8-8b,jaspionjaderkstc88b|8.03|merge,3111,kept_aggregated,"same normalized model, parameter, type and submission date"
3112,jaspionjader/kstc-9-8b,jaspionjaderkstc98b|8.03|merge,3112,kept_aggregated,"same normalized model, parameter, type and submission date"
3113,jaspionjader/slu-10,jaspionjaderslu10|8.03|merge,3113,kept_aggregated,"same normalized model, parameter, type and submission date"
3114,jaspionjader/slu-11,jaspionjaderslu11|8.03|merge,3114,kept_aggregated,"same normalized model, parameter, type and submission date"
3115,jaspionjader/slu-13,jaspionjaderslu13|8.03|merge,3115,kept_aggregated,"same normalized model, parameter, type and submission date"
3116,jaspionjader/slu-14,jaspionjaderslu14|8.03|merge,3116,kept_aggregated,"same normalized model, parameter, type and submission date"
3117,jaspionjader/slu-17,jaspionjaderslu17|8.03|merge,3117,kept_aggregated,"same normalized model, parameter, type and submission date"
3118,jaspionjader/slu-2,jaspionjaderslu2|8.03|merge,3118,kept_aggregated,"same normalized model, parameter, type and submission date"
3119,jaspionjader/slu-20,jaspionjaderslu20|8.03|posttrained,3119,kept_aggregated,"same normalized model, parameter, type and submission date"
3120,jaspionjader/slu-22,jaspionjaderslu22|8.03|merge,3120,kept_aggregated,"same normalized model, parameter, type and submission date"
3121,jaspionjader/slu-23,jaspionjaderslu23|8.03|merge,3121,kept_aggregated,"same normalized model, parameter, type and submission date"
3122,jaspionjader/slu-25,jaspionjaderslu25|8.03|merge,3122,kept_aggregated,"same normalized model, parameter, type and submission date"
3123,jaspionjader/slu-29,jaspionjaderslu29|8.03|merge,3123,kept_aggregated,"same normalized model, parameter, type and submission date"
3124,jaspionjader/slu-32,jaspionjaderslu32|8.03|merge,3124,kept_aggregated,"same normalized model, parameter, type and submission date"
3125,jaspionjader/slu-33,jaspionjaderslu33|8.03|merge,3125,kept_aggregated,"same normalized model, parameter, type and submission date"
3126,jaspionjader/slu-34,jaspionjaderslu34|8.03|merge,3126,kept_aggregated,"same normalized model, parameter, type and submission date"
3127,jaspionjader/slu-35,jaspionjaderslu35|8.03|merge,3127,kept_aggregated,"same normalized model, parameter, type and submission date"
3128,jaspionjader/slu-36,jaspionjaderslu36|8.03|merge,3128,kept_aggregated,"same normalized model, parameter, type and submission date"
3129,jaspionjader/slu-37,jaspionjaderslu37|8.03|merge,3129,kept_aggregated,"same normalized model, parameter, type and submission date"
3130,jaspionjader/slu-6,jaspionjaderslu6|8.03|merge,3130,kept_aggregated,"same normalized model, parameter, type and submission date"
3131,jaspionjader/slu-mix-1,jaspionjaderslumix1|8.03|merge,3131,kept_aggregated,"same normalized model, parameter, type and submission date"
3132,jaspionjader/sof-1,jaspionjadersof1|8.03|merge,3132,kept_aggregated,"same normalized model, parameter, type and submission date"
3133,jaspionjader/sof-10,jaspionjadersof10|8.03|merge,3133,kept_aggregated,"same normalized model, parameter, type and submission date"
3134,jaspionjader/sof-3,jaspionjadersof3|8.03|posttrained,3134,kept_aggregated,"same normalized model, parameter, type and submission date"
3135,jaspionjader/sof-6,jaspionjadersof6|8.03|merge,3135,kept_aggregated,"same normalized model, parameter, type and submission date"
3136,jaspionjader/test-10,jaspionjadertest10|4.015|merge,3136,kept_aggregated,"same normalized model, parameter, type and submission date"
3137,jaspionjader/test-11,jaspionjadertest11|4.015|merge,3137,kept_aggregated,"same normalized model, parameter, type and submission date"
3138,jaspionjader/test-12,jaspionjadertest12|4.015|merge,3138,kept_aggregated,"same normalized model, parameter, type and submission date"
3139,jaspionjader/test-13,jaspionjadertest13|4.015|merge,3139,kept_aggregated,"same normalized model, parameter, type and submission date"
3140,jaspionjader/test-14,jaspionjadertest14|4.015|merge,3140,kept_aggregated,"same normalized model, parameter, type and submission date"
3141,jaspionjader/test-15,jaspionjadertest15|4.015|merge,3141,kept_aggregated,"same normalized model, parameter, type and submission date"
3142,jaspionjader/test-16,jaspionjadertest16|4.015|merge,3142,kept_aggregated,"same normalized model, parameter, type and submission date"
3143,jaspionjader/test-17,jaspionjadertest17|4.015|merge,3143,kept_aggregated,"same normalized model, parameter, type and submission date"
3144,jaspionjader/test-18,jaspionjadertest18|8.03|merge,3144,kept_aggregated,"same normalized model, parameter, type and submission date"
3145,jaspionjader/test-19,jaspionjadertest19|8.03|merge,3145,kept_aggregated,"same normalized model, parameter, type and submission date"
3146,jaspionjader/test-20,jaspionjadertest20|8.03|merge,3146,kept_aggregated,"same normalized model, parameter, type and submission date"
3147,jayasuryajsk/Qwen2.5-3B-reasoner,jayasuryajskqwen253breasoner|3.086|posttrained,3147,kept_aggregated,"same normalized model, parameter, type and submission date"
3148,jeanmichela/o-distil-qwen,jeanmichelaodistilqwen|14.77|merge,3148,kept_aggregated,"same normalized model, parameter, type and submission date"
3149,jebcarter/psyonic-cetacean-20B,jebcarterpsyoniccetacean20b|19.994|merge,3149,kept_aggregated,"same normalized model, parameter, type and submission date"
3150,jebish7/Llama-3-Nanda-10B-Chat,jebish7llama3nanda10bchat|9.985|pretrained,3150,kept_aggregated,"same normalized model, parameter, type and submission date"
3151,jebish7/Llama-3.1-8B-Instruct,jebish7llama318binstruct|8.03|pretrained,3151,kept_aggregated,"same normalized model, parameter, type and submission date"
3152,jebish7/Nemotron-4-Mini-Hindi-4B-Base,jebish7nemotron4minihindi4bbase|4.191|pretrained,3152,kept_aggregated,"same normalized model, parameter, type and submission date"
3153,jebish7/Nemotron-4-Mini-Hindi-4B-Instruct,jebish7nemotron4minihindi4binstruct|4.191|pretrained,3153,kept_aggregated,"same normalized model, parameter, type and submission date"
3154,jebish7/Nemotron-Mini-4B-Instruct,jebish7nemotronmini4binstruct|4.191|pretrained,3154,kept_aggregated,"same normalized model, parameter, type and submission date"
3155,jebish7/aya-expanse-8b,jebish7ayaexpanse8b|8.028|pretrained,3155,kept_aggregated,"same normalized model, parameter, type and submission date"
3156,jebish7/gemma-2-2b-it,jebish7gemma22bit|2.614|pretrained,3156,kept_aggregated,"same normalized model, parameter, type and submission date"
3157,jebish7/gemma-2-9b-it,jebish7gemma29bit|9.242|pretrained,3157,kept_aggregated,"same normalized model, parameter, type and submission date"
3158,jebish7/qwen2.5-0.5B-IHA-Hin,jebish7qwen2505bihahin|0.494|posttrained,3158,kept_aggregated,"same normalized model, parameter, type and submission date"
3159,jeffmeloy/Qwen-7B-nerd-uncensored-v1.0,jeffmeloyqwen7bnerduncensoredv10|7.616|posttrained,3159,kept_aggregated,"same normalized model, parameter, type and submission date"
3160,jeffmeloy/Qwen2.5-7B-minperplexity-2,jeffmeloyqwen257bminperplexity2|7.0|posttrained,3160,kept_aggregated,"same normalized model, parameter, type and submission date"
3161,jeffmeloy/Qwen2.5-7B-nerd-uncensored-v0.9,jeffmeloyqwen257bnerduncensoredv09|7.616|posttrained,3161,kept_aggregated,"same normalized model, parameter, type and submission date"
3162,jeffmeloy/Qwen2.5-7B-nerd-uncensored-v1.0,jeffmeloyqwen257bnerduncensoredv10|7.616|merge,3162,kept_aggregated,"same normalized model, parameter, type and submission date"
3163,jeffmeloy/Qwen2.5-7B-nerd-uncensored-v1.1,jeffmeloyqwen257bnerduncensoredv11|7.616|posttrained,3163,kept_aggregated,"same normalized model, parameter, type and submission date"
3164,jeffmeloy/Qwen2.5-7B-nerd-uncensored-v1.2,jeffmeloyqwen257bnerduncensoredv12|7.616|posttrained,3164,kept_aggregated,"same normalized model, parameter, type and submission date"
3165,jeffmeloy/Qwen2.5-7B-nerd-uncensored-v1.3,jeffmeloyqwen257bnerduncensoredv13|7.0|posttrained,3165,kept_aggregated,"same normalized model, parameter, type and submission date"
3166,jeffmeloy/Qwen2.5-7B-nerd-uncensored-v1.4,jeffmeloyqwen257bnerduncensoredv14|7.616|posttrained,3166,kept_aggregated,"same normalized model, parameter, type and submission date"
3167,jeffmeloy/Qwen2.5-7B-nerd-uncensored-v1.5,jeffmeloyqwen257bnerduncensoredv15|7.616|posttrained,3167,kept_aggregated,"same normalized model, parameter, type and submission date"
3168,jeffmeloy/Qwen2.5-7B-nerd-uncensored-v1.7,jeffmeloyqwen257bnerduncensoredv17|7.616|posttrained,3168,kept_aggregated,"same normalized model, parameter, type and submission date"
3169,jeffmeloy/Qwen2.5-7B-nerd-uncensored-v1.8,jeffmeloyqwen257bnerduncensoredv18|7.616|posttrained,3169,kept_aggregated,"same normalized model, parameter, type and submission date"
3170,jeffmeloy/Qwen2.5-7B-olm-v1.0,jeffmeloyqwen257bolmv10|7.616|posttrained,3170,kept_aggregated,"same normalized model, parameter, type and submission date"
3171,jeffmeloy/Qwen2.5-7B-olm-v1.1,jeffmeloyqwen257bolmv11|7.616|posttrained,3171,kept_aggregated,"same normalized model, parameter, type and submission date"
3172,jeffmeloy/Qwen2.5-7B-olm-v1.2,jeffmeloyqwen257bolmv12|7.616|posttrained,3172,kept_aggregated,"same normalized model, parameter, type and submission date"
3173,jeffmeloy/Qwen2.5-7B-olm-v1.3,jeffmeloyqwen257bolmv13|7.616|posttrained,3173,kept_aggregated,"same normalized model, parameter, type and submission date"
3174,jeffmeloy/Qwen2.5-7B-olm-v1.4,jeffmeloyqwen257bolmv14|7.616|posttrained,3174,kept_aggregated,"same normalized model, parameter, type and submission date"
3175,jeffmeloy/Qwen2.5-7B-olm-v1.5,jeffmeloyqwen257bolmv15|7.616|merge,3175,kept_aggregated,"same normalized model, parameter, type and submission date"
3176,jeffmeloy/jeffmeloy_Qwen2.5-7B-minperplexity-1,jeffmeloyjeffmeloyqwen257bminperplexity1|7.616|posttrained,3176,kept_aggregated,"same normalized model, parameter, type and submission date"
3177,jeonsworld/CarbonVillain-en-10.7B-v4,jeonsworldcarbonvillainen107bv4|10.732|merge,3177,kept_aggregated,"same normalized model, parameter, type and submission date"
3178,jiangxinyang-shanda/Homer-LLama3-8B,jiangxinyangshandahomerllama38b|8.03|posttrained,3178,kept_aggregated,"same normalized model, parameter, type and submission date"
3179,jieliu/Storm-7B,jieliustorm7b|7.242|posttrained,3179,kept_aggregated,"same normalized model, parameter, type and submission date"
3180,jiviai/medX_v2,jiviaimedxv2|8.03|posttrained,3180,kept_aggregated,"same normalized model, parameter, type and submission date"
3181,jlzhou/Qwen2.5-3B-Infinity-Instruct-0625,jlzhouqwen253binfinityinstruct0625|3.086|posttrained,3181,kept_aggregated,"same normalized model, parameter, type and submission date"
3182,johnsutor/Llama-3-8B-Instruct_breadcrumbs-density-0.1-gamma-0.01,johnsutorllama38binstructbreadcrumbsdensity01gamma001|8.03|merge,3182,kept_aggregated,"same normalized model, parameter, type and submission date"
3183,johnsutor/Llama-3-8B-Instruct_breadcrumbs-density-0.1-gamma-0.1,johnsutorllama38binstructbreadcrumbsdensity01gamma01|8.03|merge,3183,kept_aggregated,"same normalized model, parameter, type and submission date"
3184,johnsutor/Llama-3-8B-Instruct_breadcrumbs-density-0.3-gamma-0.01,johnsutorllama38binstructbreadcrumbsdensity03gamma001|8.03|merge,3184,kept_aggregated,"same normalized model, parameter, type and submission date"
3185,johnsutor/Llama-3-8B-Instruct_breadcrumbs-density-0.3-gamma-0.1,johnsutorllama38binstructbreadcrumbsdensity03gamma01|8.03|merge,3185,kept_aggregated,"same normalized model, parameter, type and submission date"
3186,johnsutor/Llama-3-8B-Instruct_breadcrumbs-density-0.5-gamma-0.01,johnsutorllama38binstructbreadcrumbsdensity05gamma001|8.03|merge,3186,kept_aggregated,"same normalized model, parameter, type and submission date"
3187,johnsutor/Llama-3-8B-Instruct_breadcrumbs-density-0.5-gamma-0.1,johnsutorllama38binstructbreadcrumbsdensity05gamma01|8.03|merge,3187,kept_aggregated,"same normalized model, parameter, type and submission date"
3188,johnsutor/Llama-3-8B-Instruct_breadcrumbs-density-0.7-gamma-0.01,johnsutorllama38binstructbreadcrumbsdensity07gamma001|8.03|merge,3188,kept_aggregated,"same normalized model, parameter, type and submission date"
3189,johnsutor/Llama-3-8B-Instruct_breadcrumbs-density-0.7-gamma-0.1,johnsutorllama38binstructbreadcrumbsdensity07gamma01|8.03|merge,3189,kept_aggregated,"same normalized model, parameter, type and submission date"
3190,johnsutor/Llama-3-8B-Instruct_breadcrumbs-density-0.9-gamma-0.01,johnsutorllama38binstructbreadcrumbsdensity09gamma001|8.03|merge,3190,kept_aggregated,"same normalized model, parameter, type and submission date"
3191,johnsutor/Llama-3-8B-Instruct_breadcrumbs-density-0.9-gamma-0.1,johnsutorllama38binstructbreadcrumbsdensity09gamma01|8.03|merge,3191,kept_aggregated,"same normalized model, parameter, type and submission date"
3192,johnsutor/Llama-3-8B-Instruct_breadcrumbs_ties-density-0.1-gamma-0.01,johnsutorllama38binstructbreadcrumbstiesdensity01gamma001|8.03|merge,3192,kept_aggregated,"same normalized model, parameter, type and submission date"
3193,johnsutor/Llama-3-8B-Instruct_breadcrumbs_ties-density-0.1-gamma-0.1,johnsutorllama38binstructbreadcrumbstiesdensity01gamma01|8.03|merge,3193,kept_aggregated,"same normalized model, parameter, type and submission date"
3194,johnsutor/Llama-3-8B-Instruct_breadcrumbs_ties-density-0.3-gamma-0.01,johnsutorllama38binstructbreadcrumbstiesdensity03gamma001|8.03|merge,3194,kept_aggregated,"same normalized model, parameter, type and submission date"
3195,johnsutor/Llama-3-8B-Instruct_breadcrumbs_ties-density-0.3-gamma-0.1,johnsutorllama38binstructbreadcrumbstiesdensity03gamma01|8.03|merge,3195,kept_aggregated,"same normalized model, parameter, type and submission date"
3196,johnsutor/Llama-3-8B-Instruct_breadcrumbs_ties-density-0.5-gamma-0.01,johnsutorllama38binstructbreadcrumbstiesdensity05gamma001|8.03|merge,3196,kept_aggregated,"same normalized model, parameter, type and submission date"
3197,johnsutor/Llama-3-8B-Instruct_breadcrumbs_ties-density-0.5-gamma-0.1,johnsutorllama38binstructbreadcrumbstiesdensity05gamma01|8.03|merge,3197,kept_aggregated,"same normalized model, parameter, type and submission date"
3198,johnsutor/Llama-3-8B-Instruct_breadcrumbs_ties-density-0.7-gamma-0.01,johnsutorllama38binstructbreadcrumbstiesdensity07gamma001|8.03|merge,3198,kept_aggregated,"same normalized model, parameter, type and submission date"
3199,johnsutor/Llama-3-8B-Instruct_breadcrumbs_ties-density-0.7-gamma-0.1,johnsutorllama38binstructbreadcrumbstiesdensity07gamma01|8.03|merge,3199,kept_aggregated,"same normalized model, parameter, type and submission date"
3200,johnsutor/Llama-3-8B-Instruct_breadcrumbs_ties-density-0.9-gamma-0.01,johnsutorllama38binstructbreadcrumbstiesdensity09gamma001|8.03|merge,3200,kept_aggregated,"same normalized model, parameter, type and submission date"
3201,johnsutor/Llama-3-8B-Instruct_breadcrumbs_ties-density-0.9-gamma-0.1,johnsutorllama38binstructbreadcrumbstiesdensity09gamma01|8.03|merge,3201,kept_aggregated,"same normalized model, parameter, type and submission date"
3202,johnsutor/Llama-3-8B-Instruct_dare_linear,johnsutorllama38binstructdarelinear|8.03|merge,3202,kept_aggregated,"same normalized model, parameter, type and submission date"
3203,johnsutor/Llama-3-8B-Instruct_dare_ties-density-0.1,johnsutorllama38binstructdaretiesdensity01|8.03|merge,3203,kept_aggregated,"same normalized model, parameter, type and submission date"
3204,johnsutor/Llama-3-8B-Instruct_dare_ties-density-0.3,johnsutorllama38binstructdaretiesdensity03|8.03|merge,3204,kept_aggregated,"same normalized model, parameter, type and submission date"
3205,johnsutor/Llama-3-8B-Instruct_dare_ties-density-0.7,johnsutorllama38binstructdaretiesdensity07|8.03|merge,3205,kept_aggregated,"same normalized model, parameter, type and submission date"
3206,johnsutor/Llama-3-8B-Instruct_dare_ties-density-0.9,johnsutorllama38binstructdaretiesdensity09|8.03|merge,3206,kept_aggregated,"same normalized model, parameter, type and submission date"
3207,johnsutor/Llama-3-8B-Instruct_linear,johnsutorllama38binstructlinear|8.03|merge,3207,kept_aggregated,"same normalized model, parameter, type and submission date"
3208,johnsutor/Llama-3-8B-Instruct_ties-density-0.1,johnsutorllama38binstructtiesdensity01|8.03|merge,3208,kept_aggregated,"same normalized model, parameter, type and submission date"
3209,johnsutor/Llama-3-8B-Instruct_ties-density-0.3,johnsutorllama38binstructtiesdensity03|8.03|merge,3209,kept_aggregated,"same normalized model, parameter, type and submission date"
3210,johnsutor/Llama-3-8B-Instruct_ties-density-0.5,johnsutorllama38binstructtiesdensity05|8.03|merge,3210,kept_aggregated,"same normalized model, parameter, type and submission date"
3211,johnsutor/Llama-3-8B-Instruct_ties-density-0.7,johnsutorllama38binstructtiesdensity07|8.03|merge,3211,kept_aggregated,"same normalized model, parameter, type and submission date"
3212,johnsutor/Llama-3-8B-Instruct_ties-density-0.9,johnsutorllama38binstructtiesdensity09|8.03|merge,3212,kept_aggregated,"same normalized model, parameter, type and submission date"
3213,jpacifico/Chocolatine-14B-Instruct-4k-DPO,jpacificochocolatine14binstruct4kdpo|13.96|posttrained,3213,kept_aggregated,"same normalized model, parameter, type and submission date"
3214,jpacifico/Chocolatine-14B-Instruct-DPO-v1.2,jpacificochocolatine14binstructdpov12|13.96|posttrained,3214,kept_aggregated,"same normalized model, parameter, type and submission date"
3215,jpacifico/Chocolatine-14B-Instruct-DPO-v1.3,jpacificochocolatine14binstructdpov13|14.66|posttrained,3215,kept_aggregated,"same normalized model, parameter, type and submission date"
3216,jpacifico/Chocolatine-2-14B-Instruct-DPO-v2.0b1,jpacificochocolatine214binstructdpov20b1|14.66|posttrained,3216,kept_aggregated,"same normalized model, parameter, type and submission date"
3217,jpacifico/Chocolatine-2-14B-Instruct-v2.0,jpacificochocolatine214binstructv20|14.66|posttrained,3217,kept_aggregated,"same normalized model, parameter, type and submission date"
3218,jpacifico/Chocolatine-2-14B-Instruct-v2.0.1,jpacificochocolatine214binstructv201|14.66|posttrained,3218,kept_aggregated,"same normalized model, parameter, type and submission date"
3219,jpacifico/Chocolatine-2-14B-Instruct-v2.0.3,jpacificochocolatine214binstructv203|14.766|posttrained,3219,kept_aggregated,"same normalized model, parameter, type and submission date"
3220,jpacifico/Chocolatine-2-14B-Instruct-v2.0b2,jpacificochocolatine214binstructv20b2|14.766|posttrained,3220,kept_aggregated,"same normalized model, parameter, type and submission date"
3221,jpacifico/Chocolatine-2-14B-Instruct-v2.0b3,jpacificochocolatine214binstructv20b3|14.766|posttrained,3221,kept_aggregated,"same normalized model, parameter, type and submission date"
3222,jpacifico/Chocolatine-3B-Instruct-DPO-Revised,jpacificochocolatine3binstructdporevised|3.821|posttrained,3222,kept_aggregated,"same normalized model, parameter, type and submission date"
3223,jpacifico/Chocolatine-3B-Instruct-DPO-v1.0,jpacificochocolatine3binstructdpov10|3.821|posttrained,3223,kept_aggregated,"same normalized model, parameter, type and submission date"
3224,jpacifico/Chocolatine-3B-Instruct-DPO-v1.2,jpacificochocolatine3binstructdpov12|3.821|posttrained,3224,kept_aggregated,"same normalized model, parameter, type and submission date"
3225,jpacifico/Distilucie-7B-Math-Instruct-DPO-v0.1,jpacificodistilucie7bmathinstructdpov01|6.707|posttrained,3225,kept_aggregated,"same normalized model, parameter, type and submission date"
3226,jpacifico/Lucie-7B-Instruct-DPO-v1.1,jpacificolucie7binstructdpov11|6.707|posttrained,3226,kept_aggregated,"same normalized model, parameter, type and submission date"
3227,jpacifico/Lucie-7B-Instruct-DPO-v1.1.3,jpacificolucie7binstructdpov113|6.707|posttrained,3227,kept_aggregated,"same normalized model, parameter, type and submission date"
3228,jpacifico/Lucie-7B-Instruct-Merged-Model_Stock-v1.0,jpacificolucie7binstructmergedmodelstockv10|6.707|merge,3228,kept_aggregated,"same normalized model, parameter, type and submission date"
3229,jpacifico/Lucie-7B-Instruct-Merged-Model_Stock-v1.1,jpacificolucie7binstructmergedmodelstockv11|6.707|merge,3229,kept_aggregated,"same normalized model, parameter, type and submission date"
3230,jpacifico/Lucie-Boosted-7B-Instruct,jpacificolucieboosted7binstruct|6.707|posttrained,3230,kept_aggregated,"same normalized model, parameter, type and submission date"
3231,jsfs11/L3-8B-Stheno-slerp,jsfs11l38bsthenoslerp|8.03|merge,3231,kept_aggregated,"same normalized model, parameter, type and submission date"
3232,jsfs11/MixtureofMerges-MoE-4x7b-v4,jsfs11mixtureofmergesmoe4x7bv4|24.154|merge,3232,kept_aggregated,"same normalized model, parameter, type and submission date"
3233,jsfs11/MixtureofMerges-MoE-4x7b-v5,jsfs11mixtureofmergesmoe4x7bv5|24.154|merge,3233,kept_aggregated,"same normalized model, parameter, type and submission date"
3234,kaist-ai/janus-7b,kaistaijanus7b|7.242|posttrained,3234,kept_aggregated,"same normalized model, parameter, type and submission date"
3235,kaist-ai/janus-dpo-7b,kaistaijanusdpo7b|7.242|posttrained,3235,kept_aggregated,"same normalized model, parameter, type and submission date"
3236,kaist-ai/janus-rm-7b,kaistaijanusrm7b|7.111|posttrained,3236,kept_aggregated,"same normalized model, parameter, type and submission date"
3237,kaist-ai/mistral-orpo-capybara-7k,kaistaimistralorpocapybara7k|7.242|posttrained,3237,kept_aggregated,"same normalized model, parameter, type and submission date"
3238,kavonalds/BunderMaxx-0710,kavonaldsbundermaxx0710|1.236|merge,3239,replaced_same_version_date,"same normalized model, parameter, type and submission date"
3239,kavonalds/BunderMaxx-0710,kavonaldsbundermaxx0710|1.236|merge,3239,kept_aggregated,"same normalized model, parameter, type and submission date"
3240,kavonalds/BunderMaxx-1010,kavonaldsbundermaxx1010|1.236|merge,3240,kept_aggregated,"same normalized model, parameter, type and submission date"
3241,kavonalds/Lancer-1-1b-Instruct,kavonaldslancer11binstruct|1.236|posttrained,3241,kept_aggregated,"same normalized model, parameter, type and submission date"
3242,kayfour/T3Q-Qwen2.5-7B-it-KOR-Safe,kayfourt3qqwen257bitkorsafe|7.616|posttrained,3242,kept_aggregated,"same normalized model, parameter, type and submission date"
3243,keeeeenw/MicroLlama,keeeeenwmicrollama|0.305|pretrained,3243,kept_aggregated,"same normalized model, parameter, type and submission date"
3244,kekmodel/StopCarbon-10.7B-v5,kekmodelstopcarbon107bv5|10.732|merge,3244,kept_aggregated,"same normalized model, parameter, type and submission date"
3245,kevin009/llamaRAGdrama,kevin009llamaragdrama|7.242|posttrained,3245,kept_aggregated,"same normalized model, parameter, type and submission date"
3246,khoantap/cheap-moe-merge,khoantapcheapmoemerge|19.305|merge,3246,kept_aggregated,"same normalized model, parameter, type and submission date"
3247,khoantap/llama-3-8b-stock-merge,khoantapllama38bstockmerge|8.03|posttrained,3247,kept_aggregated,"same normalized model, parameter, type and submission date"
3248,khoantap/llama-breadcrumbs-ties-merge,khoantapllamabreadcrumbstiesmerge|8.03|merge,3248,kept_aggregated,"same normalized model, parameter, type and submission date"
3249,khoantap/llama-evolve-ties-best-merge,khoantapllamaevolvetiesbestmerge|8.03|merge,3249,kept_aggregated,"same normalized model, parameter, type and submission date"
3250,khoantap/llama-linear-0.5-0.5-1-merge,khoantapllamalinear05051merge|8.03|posttrained,3250,kept_aggregated,"same normalized model, parameter, type and submission date"
3251,khoantap/llama-linear-0.5-1-0.5-merge,khoantapllamalinear05105merge|8.03|posttrained,3251,kept_aggregated,"same normalized model, parameter, type and submission date"
3252,khoantap/llama-linear-1-0.5-0.5-merge,khoantapllamalinear10505merge|8.03|merge,3252,kept_aggregated,"same normalized model, parameter, type and submission date"
3253,khoantap/llama-slerp-merge,khoantapllamaslerpmerge|8.03|merge,3253,kept_aggregated,"same normalized model, parameter, type and submission date"
3254,khoantap/moe-out-merge,khoantapmoeoutmerge|19.305|merge,3254,kept_aggregated,"same normalized model, parameter, type and submission date"
3255,khulaifi95/Llama-3.1-8B-Reason-Blend-888k,khulaifi95llama318breasonblend888k|8.03|posttrained,3255,kept_aggregated,"same normalized model, parameter, type and submission date"
3256,kms7530/chemeng_llama-3-8b-Instruct-bnb-4bit_24_1_100_1,kms7530chemengllama38binstructbnb4bit2411001|9.3|posttrained,3256,kept_aggregated,"same normalized model, parameter, type and submission date"
3257,kms7530/chemeng_phi-3-mini-4k-instruct-bnb-4bit_16_4_100_1_nonmath,kms7530chemengphi3mini4kinstructbnb4bit1641001nonmath|4.132|posttrained,3257,kept_aggregated,"same normalized model, parameter, type and submission date"
3258,kms7530/chemeng_qwen-math-7b_24_1_100_1,kms7530chemengqwenmath7b2411001|8.911|posttrained,3258,kept_aggregated,"same normalized model, parameter, type and submission date"
3259,kms7530/chemeng_qwen-math-7b_24_1_100_1_nonmath,kms7530chemengqwenmath7b2411001nonmath|15.231|posttrained,3259,kept_aggregated,"same normalized model, parameter, type and submission date"
3260,kno10/ende-chat-0.0.5,kno10endechat005|7.891|posttrained,3260,kept_aggregated,"same normalized model, parameter, type and submission date"
3261,kno10/ende-chat-0.0.7,kno10endechat007|7.891|posttrained,3261,kept_aggregated,"same normalized model, parameter, type and submission date"
3262,kyutai/helium-1-preview-2b,kyutaihelium1preview2b|2.173|pretrained,3262,kept_aggregated,"same normalized model, parameter, type and submission date"
3263,kz919/QwQ-0.5B-Distilled-SFT,kz919qwq05bdistilledsft|0.494|posttrained,3263,kept_aggregated,"same normalized model, parameter, type and submission date"
3264,ladydaina/ECE-FDF,ladydainaecefdf|7.242|merge,3264,kept_aggregated,"same normalized model, parameter, type and submission date"
3265,laislemke/LLaMA-2-vicuna-7b-slerp,laislemkellama2vicuna7bslerp|6.738|merge,3265,kept_aggregated,"same normalized model, parameter, type and submission date"
3266,lalainy/ECE-PRYMMAL-0.5B-FT-V5-MUSR,lalainyeceprymmal05bftv5musr|0.494|posttrained,3266,kept_aggregated,"same normalized model, parameter, type and submission date"
3267,lalainy/ECE-PRYMMAL-0.5B-SLERP-V4,lalainyeceprymmal05bslerpv4|0.494|merge,3267,kept_aggregated,"same normalized model, parameter, type and submission date"
3268,lalainy/ECE-PRYMMAL-YL-0.5B-SLERP-BIS-V1,lalainyeceprymmalyl05bslerpbisv1|0.494|merge,3268,kept_aggregated,"same normalized model, parameter, type and submission date"
3269,lalainy/ECE-PRYMMAL-YL-1B-SLERP-V3,lalainyeceprymmalyl1bslerpv3|1.544|merge,3269,kept_aggregated,"same normalized model, parameter, type and submission date"
3270,lalainy/ECE-PRYMMAL-YL-1B-SLERP-V4,lalainyeceprymmalyl1bslerpv4|1.544|merge,3270,kept_aggregated,"same normalized model, parameter, type and submission date"
3271,lalainy/ECE-PRYMMAL-YL-6B-SLERP-V1,lalainyeceprymmalyl6bslerpv1|6.061|merge,3271,kept_aggregated,"same normalized model, parameter, type and submission date"
3272,lalainy/ECE-PRYMMAL-YL-6B-SLERP-V2,lalainyeceprymmalyl6bslerpv2|6.061|merge,3272,kept_aggregated,"same normalized model, parameter, type and submission date"
3273,langgptai/Qwen-las-v0.1,langgptaiqwenlasv01|7.901|posttrained,3273,kept_aggregated,"same normalized model, parameter, type and submission date"
3274,langgptai/qwen1.5-7b-chat-sa-v0.1,langgptaiqwen157bchatsav01|15.443|posttrained,3274,kept_aggregated,"same normalized model, parameter, type and submission date"
3275,lars1234/Mistral-Small-24B-Instruct-2501-writer,lars1234mistralsmall24binstruct2501writer|23.572|posttrained,3275,kept_aggregated,"same normalized model, parameter, type and submission date"
3276,leafspark/Llama-3.1-8B-MultiReflection-Instruct,leafsparkllama318bmultireflectioninstruct|8.03|posttrained,3276,kept_aggregated,"same normalized model, parameter, type and submission date"
3277,lemon07r/Gemma-2-Ataraxy-9B,lemon07rgemma2ataraxy9b|10.159|posttrained,3277,kept_aggregated,"same normalized model, parameter, type and submission date"
3278,lemon07r/Gemma-2-Ataraxy-Advanced-9B,lemon07rgemma2ataraxyadvanced9b|10.159|posttrained,3278,kept_aggregated,"same normalized model, parameter, type and submission date"
3279,lemon07r/Gemma-2-Ataraxy-Remix-9B,lemon07rgemma2ataraxyremix9b|10.159|posttrained,3279,kept_aggregated,"same normalized model, parameter, type and submission date"
3280,lemon07r/Gemma-2-Ataraxy-v2-9B,lemon07rgemma2ataraxyv29b|10.159|posttrained,3280,kept_aggregated,"same normalized model, parameter, type and submission date"
3281,lemon07r/Gemma-2-Ataraxy-v2a-9B,lemon07rgemma2ataraxyv2a9b|10.159|posttrained,3281,kept_aggregated,"same normalized model, parameter, type and submission date"
3282,lemon07r/Gemma-2-Ataraxy-v2f-9B,lemon07rgemma2ataraxyv2f9b|10.159|posttrained,3282,kept_aggregated,"same normalized model, parameter, type and submission date"
3283,lemon07r/Gemma-2-Ataraxy-v3-Advanced-9B,lemon07rgemma2ataraxyv3advanced9b|10.159|posttrained,3283,kept_aggregated,"same normalized model, parameter, type and submission date"
3284,lemon07r/Gemma-2-Ataraxy-v3b-9B,lemon07rgemma2ataraxyv3b9b|9.242|posttrained,3284,kept_aggregated,"same normalized model, parameter, type and submission date"
3285,lemon07r/Gemma-2-Ataraxy-v3i-9B,lemon07rgemma2ataraxyv3i9b|9.242|posttrained,3285,kept_aggregated,"same normalized model, parameter, type and submission date"
3286,lemon07r/Gemma-2-Ataraxy-v3j-9B,lemon07rgemma2ataraxyv3j9b|9.242|posttrained,3286,kept_aggregated,"same normalized model, parameter, type and submission date"
3287,lemon07r/Gemma-2-Ataraxy-v4-Advanced-9B,lemon07rgemma2ataraxyv4advanced9b|10.159|merge,3287,kept_aggregated,"same normalized model, parameter, type and submission date"
3288,lemon07r/Gemma-2-Ataraxy-v4a-Advanced-9B,lemon07rgemma2ataraxyv4aadvanced9b|10.159|merge,3288,kept_aggregated,"same normalized model, parameter, type and submission date"
3289,lemon07r/Gemma-2-Ataraxy-v4b-9B,lemon07rgemma2ataraxyv4b9b|10.159|posttrained,3289,kept_aggregated,"same normalized model, parameter, type and submission date"
3290,lemon07r/Gemma-2-Ataraxy-v4c-9B,lemon07rgemma2ataraxyv4c9b|10.159|merge,3290,kept_aggregated,"same normalized model, parameter, type and submission date"
3291,lemon07r/Gemma-2-Ataraxy-v4d-9B,lemon07rgemma2ataraxyv4d9b|10.159|merge,3291,kept_aggregated,"same normalized model, parameter, type and submission date"
3292,lemon07r/Llama-3-RedMagic4-8B,lemon07rllama3redmagic48b|8.03|posttrained,3292,kept_aggregated,"same normalized model, parameter, type and submission date"
3293,lemon07r/llama-3-NeuralMahou-8b,lemon07rllama3neuralmahou8b|8.03|posttrained,3293,kept_aggregated,"same normalized model, parameter, type and submission date"
3294,lesubra/ECE-EIFFEL-3B,lesubraeceeiffel3b|3.821|merge,3294,kept_aggregated,"same normalized model, parameter, type and submission date"
3295,lesubra/ECE-EIFFEL-3Bv2,lesubraeceeiffel3bv2|3.821|merge,3295,kept_aggregated,"same normalized model, parameter, type and submission date"
3296,lesubra/ECE-EIFFEL-3Bv3,lesubraeceeiffel3bv3|3.821|merge,3296,kept_aggregated,"same normalized model, parameter, type and submission date"
3297,lesubra/ECE-PRYMMAL-3B-SLERP-V1,lesubraeceprymmal3bslerpv1|3.821|merge,3297,kept_aggregated,"same normalized model, parameter, type and submission date"
3298,lesubra/ECE-PRYMMAL-3B-SLERP-V2,lesubraeceprymmal3bslerpv2|3.821|merge,3298,kept_aggregated,"same normalized model, parameter, type and submission date"
3299,lesubra/ECE-PRYMMAL-3B-SLERP_2-V1,lesubraeceprymmal3bslerp2v1|3.821|merge,3299,kept_aggregated,"same normalized model, parameter, type and submission date"
3300,lesubra/ECE-PRYMMAL-3B-SLERP_2-V2,lesubraeceprymmal3bslerp2v2|3.821|merge,3300,kept_aggregated,"same normalized model, parameter, type and submission date"
3301,lesubra/merge-test,lesubramergetest|3.821|posttrained,3301,kept_aggregated,"same normalized model, parameter, type and submission date"
3302,lightblue/suzume-llama-3-8B-multilingual,lightbluesuzumellama38bmultilingual|8.03|posttrained,3302,kept_aggregated,"same normalized model, parameter, type and submission date"
3303,lightblue/suzume-llama-3-8B-multilingual-orpo-borda-full,lightbluesuzumellama38bmultilingualorpobordafull|8.03|posttrained,3303,kept_aggregated,"same normalized model, parameter, type and submission date"
3304,lightblue/suzume-llama-3-8B-multilingual-orpo-borda-half,lightbluesuzumellama38bmultilingualorpobordahalf|8.03|posttrained,3304,kept_aggregated,"same normalized model, parameter, type and submission date"
3305,lightblue/suzume-llama-3-8B-multilingual-orpo-borda-top25,lightbluesuzumellama38bmultilingualorpobordatop25|8.03|posttrained,3305,kept_aggregated,"same normalized model, parameter, type and submission date"
3306,lightblue/suzume-llama-3-8B-multilingual-orpo-borda-top75,lightbluesuzumellama38bmultilingualorpobordatop75|8.03|posttrained,3306,kept_aggregated,"same normalized model, parameter, type and submission date"
3307,lkoenig/BBAI_145_,lkoenigbbai145|7.616|merge,3307,kept_aggregated,"same normalized model, parameter, type and submission date"
3308,lkoenig/BBAI_200_Gemma,lkoenigbbai200gemma|19.3|merge,3308,kept_aggregated,"same normalized model, parameter, type and submission date"
3309,lkoenig/BBAI_212_QwenLawLo,lkoenigbbai212qwenlawlo|7.616|merge,3309,kept_aggregated,"same normalized model, parameter, type and submission date"
3310,lkoenig/BBAI_212_Qwencore,lkoenigbbai212qwencore|7.613|merge,3310,kept_aggregated,"same normalized model, parameter, type and submission date"
3311,lkoenig/BBAI_230_Xiaqwen,lkoenigbbai230xiaqwen|7.616|merge,3311,kept_aggregated,"same normalized model, parameter, type and submission date"
3312,lkoenig/BBAI_375_QwenDyancabs,lkoenigbbai375qwendyancabs|7.616|merge,3312,kept_aggregated,"same normalized model, parameter, type and submission date"
3313,lkoenig/BBAI_456_QwenKoen,lkoenigbbai456qwenkoen|7.616|merge,3313,kept_aggregated,"same normalized model, parameter, type and submission date"
3314,lkoenig/BBAI_7B_KoenQwenDyan,lkoenigbbai7bkoenqwendyan|7.616|merge,3314,kept_aggregated,"same normalized model, parameter, type and submission date"
3315,lkoenig/BBAI_7B_Qwen2.5koen,lkoenigbbai7bqwen25koen|7.616|merge,3315,kept_aggregated,"same normalized model, parameter, type and submission date"
3316,lkoenig/BBAI_7B_QwenDyanKoenLo,lkoenigbbai7bqwendyankoenlo|7.616|merge,3316,kept_aggregated,"same normalized model, parameter, type and submission date"
3317,lkoenig/BBAI_7B_QwenDyancabsLAW,lkoenigbbai7bqwendyancabslaw|7.616|merge,3317,kept_aggregated,"same normalized model, parameter, type and submission date"
3318,llmat/Mistral-v0.3-7B-ORPO,llmatmistralv037borpo|7.248|posttrained,3318,kept_aggregated,"same normalized model, parameter, type and submission date"
3319,llmat/Mistral-v0.3-7B-ORPO,llmatmistralv037borpo|7.248|posttrained,3319,kept_aggregated,"same normalized model, parameter, type and submission date"
3320,llnYou/ECE-PRYMMAL-YL-1B-SLERP-V5,llnyoueceprymmalyl1bslerpv5|1.544|merge,3320,kept_aggregated,"same normalized model, parameter, type and submission date"
3321,llnYou/ECE-PRYMMAL-YL-1B-SLERP-V6,llnyoueceprymmalyl1bslerpv6|1.357|merge,3321,kept_aggregated,"same normalized model, parameter, type and submission date"
3322,llnYou/ECE-PRYMMAL-YL-3B-SLERP-V1,llnyoueceprymmalyl3bslerpv1|2.81|merge,3322,kept_aggregated,"same normalized model, parameter, type and submission date"
3323,llnYou/ECE-PRYMMAL-YL-3B-SLERP-V2,llnyoueceprymmalyl3bslerpv2|2.81|merge,3323,kept_aggregated,"same normalized model, parameter, type and submission date"
3324,llnYou/ECE-PRYMMAL-YL-3B-SLERP-V3,llnyoueceprymmalyl3bslerpv3|3.821|merge,3324,kept_aggregated,"same normalized model, parameter, type and submission date"
3325,lmsys/vicuna-13b-v1.3,lmsysvicuna13bv13|13.0|posttrained,3325,kept_aggregated,"same normalized model, parameter, type and submission date"
3326,lmsys/vicuna-7b-v1.3,lmsysvicuna7bv13|7.0|posttrained,3326,kept_aggregated,"same normalized model, parameter, type and submission date"
3327,lmsys/vicuna-7b-v1.5,lmsysvicuna7bv15|7.0|posttrained,3327,kept_aggregated,"same normalized model, parameter, type and submission date"
3328,lodrick-the-lafted/llama-3.1-8b-instruct-ortho-v7,lodrickthelaftedllama318binstructorthov7|8.03|posttrained,3328,kept_aggregated,"same normalized model, parameter, type and submission date"
3329,lordjia/Llama-3-Cantonese-8B-Instruct,lordjiallama3cantonese8binstruct|8.03|posttrained,3329,kept_aggregated,"same normalized model, parameter, type and submission date"
3330,lordjia/Qwen2-Cantonese-7B-Instruct,lordjiaqwen2cantonese7binstruct|7.616|posttrained,3330,kept_aggregated,"same normalized model, parameter, type and submission date"
3331,lt-asset/nova-1.3b,ltassetnova13b|1.347|posttrained,3331,kept_aggregated,"same normalized model, parameter, type and submission date"
3332,lunahr/thea-3b-50r-u1,lunahrthea3b50ru1|3.213|posttrained,3332,kept_aggregated,"same normalized model, parameter, type and submission date"
3333,lunahr/thea-v2-3b-50r,lunahrtheav23b50r|3.213|posttrained,3333,kept_aggregated,"same normalized model, parameter, type and submission date"
3334,m42-health/Llama3-Med42-70B,m42healthllama3med4270b|70.554|posttrained,3334,kept_aggregated,"same normalized model, parameter, type and submission date"
3335,macadeliccc/Samantha-Qwen-2-7B,macadelicccsamanthaqwen27b|7.616|posttrained,3335,kept_aggregated,"same normalized model, parameter, type and submission date"
3336,macadeliccc/magistrate-3.2-3b-base,macadelicccmagistrate323bbase|3.213|pretrained,3336,kept_aggregated,"same normalized model, parameter, type and submission date"
3337,macadeliccc/magistrate-3.2-3b-it,macadelicccmagistrate323bit|3.213|posttrained,3337,kept_aggregated,"same normalized model, parameter, type and submission date"
3338,magnifi/Phi3_intent_v56_3_w_unknown_5_lr_0.002,magnifiphi3intentv563wunknown5lr0002|3.821|posttrained,3338,kept_aggregated,"same normalized model, parameter, type and submission date"
3339,maldv/Awqward2.5-32B-Instruct,maldvawqward2532binstruct|32.764|merge,3339,kept_aggregated,"same normalized model, parameter, type and submission date"
3340,maldv/Lytta2.5-32B-Instruct,maldvlytta2532binstruct|32.764|merge,3340,kept_aggregated,"same normalized model, parameter, type and submission date"
3341,maldv/Qwentile2.5-32B-Instruct,maldvqwentile2532binstruct|32.764|merge,3341,kept_aggregated,"same normalized model, parameter, type and submission date"
3342,maldv/badger-kappa-llama-3-8b,maldvbadgerkappallama38b|8.03|merge,3342,kept_aggregated,"same normalized model, parameter, type and submission date"
3343,maldv/badger-lambda-llama-3-8b,maldvbadgerlambdallama38b|8.03|merge,3343,kept_aggregated,"same normalized model, parameter, type and submission date"
3344,maldv/badger-mu-llama-3-8b,maldvbadgermullama38b|8.03|merge,3344,kept_aggregated,"same normalized model, parameter, type and submission date"
3345,maldv/badger-writer-llama-3-8b,maldvbadgerwriterllama38b|8.03|posttrained,3345,kept_aggregated,"same normalized model, parameter, type and submission date"
3346,marcuscedricridia/Cheng-1,marcuscedricridiacheng1|7.613|merge,3346,kept_aggregated,"same normalized model, parameter, type and submission date"
3347,marcuscedricridia/Cheng-2,marcuscedricridiacheng2|14.766|merge,3347,kept_aggregated,"same normalized model, parameter, type and submission date"
3348,marcuscedricridia/Cheng-2-v1.1,marcuscedricridiacheng2v11|14.766|merge,3348,kept_aggregated,"same normalized model, parameter, type and submission date"
3349,marcuscedricridia/Hush-Qwen2.5-7B-MST,marcuscedricridiahushqwen257bmst|7.613|merge,3349,kept_aggregated,"same normalized model, parameter, type and submission date"
3350,marcuscedricridia/Hush-Qwen2.5-7B-MST-v1.1,marcuscedricridiahushqwen257bmstv11|7.613|merge,3350,kept_aggregated,"same normalized model, parameter, type and submission date"
3351,marcuscedricridia/Hush-Qwen2.5-7B-MST-v1.3,marcuscedricridiahushqwen257bmstv13|7.613|merge,3351,kept_aggregated,"same normalized model, parameter, type and submission date"
3352,marcuscedricridia/Hush-Qwen2.5-7B-Preview,marcuscedricridiahushqwen257bpreview|7.613|merge,3352,kept_aggregated,"same normalized model, parameter, type and submission date"
3353,marcuscedricridia/Hush-Qwen2.5-7B-RP-v1.4-1M,marcuscedricridiahushqwen257brpv141m|7.613|merge,3353,kept_aggregated,"same normalized model, parameter, type and submission date"
3354,marcuscedricridia/Hush-Qwen2.5-7B-v1.1,marcuscedricridiahushqwen257bv11|7.613|merge,3354,kept_aggregated,"same normalized model, parameter, type and submission date"
3355,marcuscedricridia/Hush-Qwen2.5-7B-v1.2,marcuscedricridiahushqwen257bv12|7.613|merge,3355,kept_aggregated,"same normalized model, parameter, type and submission date"
3356,marcuscedricridia/Hush-Qwen2.5-7B-v1.3,marcuscedricridiahushqwen257bv13|7.613|merge,3356,kept_aggregated,"same normalized model, parameter, type and submission date"
3357,marcuscedricridia/Hush-Qwen2.5-7B-v1.4,marcuscedricridiahushqwen257bv14|7.613|merge,3357,kept_aggregated,"same normalized model, parameter, type and submission date"
3358,marcuscedricridia/Qwen2.5-7B-Preview,marcuscedricridiaqwen257bpreview|7.613|posttrained,3358,kept_aggregated,"same normalized model, parameter, type and submission date"
3359,marcuscedricridia/Yell-Qwen2.5-7B-Preview,marcuscedricridiayellqwen257bpreview|7.613|merge,3359,kept_aggregated,"same normalized model, parameter, type and submission date"
3360,marcuscedricridia/Yell-Qwen2.5-7B-Preview-v1.1,marcuscedricridiayellqwen257bpreviewv11|7.613|merge,3360,kept_aggregated,"same normalized model, parameter, type and submission date"
3361,marcuscedricridia/absolute-o1-7b,marcuscedricridiaabsoluteo17b|7.613|merge,3361,kept_aggregated,"same normalized model, parameter, type and submission date"
3362,marcuscedricridia/cursa-o1-7b,marcuscedricridiacursao17b|7.613|merge,3362,kept_aggregated,"same normalized model, parameter, type and submission date"
3363,marcuscedricridia/cursa-o1-7b-2-28-2025,marcuscedricridiacursao17b2282025|7.613|merge,3363,kept_aggregated,"same normalized model, parameter, type and submission date"
3364,marcuscedricridia/cursa-o1-7b-v1.1,marcuscedricridiacursao17bv11|7.613|merge,3364,kept_aggregated,"same normalized model, parameter, type and submission date"
3365,marcuscedricridia/cursa-o1-7b-v1.2-normalize-false,marcuscedricridiacursao17bv12normalizefalse|7.613|merge,3365,kept_aggregated,"same normalized model, parameter, type and submission date"
3366,marcuscedricridia/cursor-o1-7b,marcuscedricridiacursoro17b|7.616|merge,3366,kept_aggregated,"same normalized model, parameter, type and submission date"
3367,marcuscedricridia/cursorr-o1.2-7b,marcuscedricridiacursorro127b|7.616|merge,3367,kept_aggregated,"same normalized model, parameter, type and submission date"
3368,marcuscedricridia/etr1o-explicit-v1.1,marcuscedricridiaetr1oexplicitv11|7.613|merge,3368,kept_aggregated,"same normalized model, parameter, type and submission date"
3369,marcuscedricridia/etr1o-explicit-v1.2,marcuscedricridiaetr1oexplicitv12|7.613|merge,3369,kept_aggregated,"same normalized model, parameter, type and submission date"
3370,marcuscedricridia/etr1o-v1.1,marcuscedricridiaetr1ov11|7.613|merge,3370,kept_aggregated,"same normalized model, parameter, type and submission date"
3371,marcuscedricridia/etr1o-v1.2,marcuscedricridiaetr1ov12|14.766|merge,3371,kept_aggregated,"same normalized model, parameter, type and submission date"
3372,marcuscedricridia/fan-o1-7b,marcuscedricridiafano17b|7.613|merge,3372,kept_aggregated,"same normalized model, parameter, type and submission date"
3373,marcuscedricridia/olmner-7b,marcuscedricridiaolmner7b|7.616|merge,3373,kept_aggregated,"same normalized model, parameter, type and submission date"
3374,marcuscedricridia/olmner-della-7b,marcuscedricridiaolmnerdella7b|7.616|merge,3374,kept_aggregated,"same normalized model, parameter, type and submission date"
3375,marcuscedricridia/olmner-o1-7b,marcuscedricridiaolmnero17b|7.613|merge,3375,kept_aggregated,"same normalized model, parameter, type and submission date"
3376,marcuscedricridia/olmner-sbr-7b,marcuscedricridiaolmnersbr7b|7.613|merge,3376,kept_aggregated,"same normalized model, parameter, type and submission date"
3377,marcuscedricridia/post-cursa-o1,marcuscedricridiapostcursao1|7.613|merge,3377,kept_aggregated,"same normalized model, parameter, type and submission date"
3378,marcuscedricridia/pre-cursa-o1,marcuscedricridiaprecursao1|7.613|merge,3378,kept_aggregated,"same normalized model, parameter, type and submission date"
3379,marcuscedricridia/pre-cursa-o1-v1.2,marcuscedricridiaprecursao1v12|7.613|merge,3379,kept_aggregated,"same normalized model, parameter, type and submission date"
3380,marcuscedricridia/pre-cursa-o1-v1.3,marcuscedricridiaprecursao1v13|7.613|merge,3380,kept_aggregated,"same normalized model, parameter, type and submission date"
3381,marcuscedricridia/pre-cursa-o1-v1.4,marcuscedricridiaprecursao1v14|7.613|posttrained,3381,kept_aggregated,"same normalized model, parameter, type and submission date"
3382,marcuscedricridia/pre-cursa-o1-v1.6,marcuscedricridiaprecursao1v16|7.613|merge,3382,kept_aggregated,"same normalized model, parameter, type and submission date"
3383,marcuscedricridia/r1o-et,marcuscedricridiar1oet|7.613|merge,3383,kept_aggregated,"same normalized model, parameter, type and submission date"
3384,marcuscedricridia/sbr-o1-7b,marcuscedricridiasbro17b|7.613|merge,3384,kept_aggregated,"same normalized model, parameter, type and submission date"
3385,marcuscedricridia/stray-r1o-et,marcuscedricridiastrayr1oet|7.613|merge,3385,kept_aggregated,"same normalized model, parameter, type and submission date"
3386,matouLeLoup/ECE-PRYMMAL-0.5B-FT-EnhancedMUSREnsembleV3,matouleloupeceprymmal05bftenhancedmusrensemblev3|0.494|posttrained,3386,kept_aggregated,"same normalized model, parameter, type and submission date"
3387,matouLeLoup/ECE-PRYMMAL-0.5B-FT-MUSR-ENSEMBLE-V2Mathis,matouleloupeceprymmal05bftmusrensemblev2mathis|0.494|posttrained,3387,kept_aggregated,"same normalized model, parameter, type and submission date"
3388,matouLeLoup/ECE-PRYMMAL-0.5B-FT-V4-MUSR-ENSEMBLE-Mathis,matouleloupeceprymmal05bftv4musrensemblemathis|0.494|posttrained,3388,kept_aggregated,"same normalized model, parameter, type and submission date"
3389,matouLeLoup/ECE-PRYMMAL-0.5B-FT-V4-MUSR-Mathis,matouleloupeceprymmal05bftv4musrmathis|0.494|posttrained,3389,kept_aggregated,"same normalized model, parameter, type and submission date"
3390,matouLeLoup/ECE-PRYMMAL-0.5B-FT-V5-MUSR-Mathis,matouleloupeceprymmal05bftv5musrmathis|0.63|posttrained,3390,kept_aggregated,"same normalized model, parameter, type and submission date"
3391,mattshumer/Reflection-Llama-3.1-70B,mattshumerreflectionllama3170b|70.554|posttrained,3391,kept_aggregated,"same normalized model, parameter, type and submission date"
3392,mattshumer/ref_70_e3,mattshumerref70e3|70.554|posttrained,3392,kept_aggregated,"same normalized model, parameter, type and submission date"
3393,maywell/Qwen2-7B-Multilingual-RP,maywellqwen27bmultilingualrp|7.616|posttrained,3393,kept_aggregated,"same normalized model, parameter, type and submission date"
3394,meditsolutions/Llama-3.1-MedIT-SUN-8B,meditsolutionsllama31meditsun8b|8.03|posttrained,3394,kept_aggregated,"same normalized model, parameter, type and submission date"
3395,meditsolutions/Llama-3.2-SUN-1B-Instruct,meditsolutionsllama32sun1binstruct|1.498|posttrained,3395,kept_aggregated,"same normalized model, parameter, type and submission date"
3396,meditsolutions/Llama-3.2-SUN-1B-chat,meditsolutionsllama32sun1bchat|1.498|posttrained,3396,kept_aggregated,"same normalized model, parameter, type and submission date"
3397,meditsolutions/Llama-3.2-SUN-2.4B-checkpoint-26000,meditsolutionsllama32sun24bcheckpoint26000|2.209|posttrained,3397,kept_aggregated,"same normalized model, parameter, type and submission date"
3398,meditsolutions/Llama-3.2-SUN-2.4B-checkpoint-34800,meditsolutionsllama32sun24bcheckpoint34800|2.209|posttrained,3398,kept_aggregated,"same normalized model, parameter, type and submission date"
3399,meditsolutions/Llama-3.2-SUN-2.4B-v1.0.0,meditsolutionsllama32sun24bv100|2.472|posttrained,3399,kept_aggregated,"same normalized model, parameter, type and submission date"
3400,meditsolutions/Llama-3.2-SUN-2.5B-chat,meditsolutionsllama32sun25bchat|2.472|posttrained,3400,kept_aggregated,"same normalized model, parameter, type and submission date"
3401,meditsolutions/Llama-3.2-SUN-HDIC-1B-Instruct,meditsolutionsllama32sunhdic1binstruct|1.498|posttrained,3401,kept_aggregated,"same normalized model, parameter, type and submission date"
3402,meditsolutions/MSH-Lite-7B-v1-Bielik-v2.3-Instruct-Llama-Prune,meditsolutionsmshlite7bv1bielikv23instructllamaprune|7.646|posttrained,3402,kept_aggregated,"same normalized model, parameter, type and submission date"
3403,meditsolutions/MSH-v1-Bielik-v2.3-Instruct-MedIT-merge,meditsolutionsmshv1bielikv23instructmeditmerge|11.169|posttrained,3403,kept_aggregated,"same normalized model, parameter, type and submission date"
3404,meditsolutions/MedIT-Mesh-3B-Instruct,meditsolutionsmeditmesh3binstruct|3.821|posttrained,3404,kept_aggregated,"same normalized model, parameter, type and submission date"
3405,meditsolutions/SmolLM2-MedIT-Upscale-2B,meditsolutionssmollm2meditupscale2b|2.114|posttrained,3405,kept_aggregated,"same normalized model, parameter, type and submission date"
3406,meetkai/functionary-small-v3.1,meetkaifunctionarysmallv31|8.03|posttrained,3406,kept_aggregated,"same normalized model, parameter, type and submission date"
3407,meraGPT/mera-mix-4x7B,meragptmeramix4x7b|24.154|merge,3407,kept_aggregated,"same normalized model, parameter, type and submission date"
3408,mergekit-community/JAJUKA-WEWILLNEVERFORGETYOU-3B,mergekitcommunityjajukawewillneverforgetyou3b|3.213|merge,3408,kept_aggregated,"same normalized model, parameter, type and submission date"
3409,mergekit-community/SuperQwen-2.5-1.5B,mergekitcommunitysuperqwen2515b|1.777|merge,3409,kept_aggregated,"same normalized model, parameter, type and submission date"
3410,mergekit-community/VirtuosoSmall-InstructModelStock,mergekitcommunityvirtuososmallinstructmodelstock|14.766|merge,3410,kept_aggregated,"same normalized model, parameter, type and submission date"
3411,mergekit-community/diabolic6045_ELN-AOC-CAIN,mergekitcommunitydiabolic6045elnaoccain|1.236|posttrained,3411,kept_aggregated,"same normalized model, parameter, type and submission date"
3412,mergekit-community/mergekit-dare_ties-ajgjgea,mergekitcommunitymergekitdaretiesajgjgea|1.498|merge,3412,kept_aggregated,"same normalized model, parameter, type and submission date"
3413,mergekit-community/mergekit-della-zgowfmf,mergekitcommunitymergekitdellazgowfmf|14.766|merge,3413,kept_aggregated,"same normalized model, parameter, type and submission date"
3414,mergekit-community/mergekit-model_stock-azgztvm,mergekitcommunitymergekitmodelstockazgztvm|14.766|merge,3414,kept_aggregated,"same normalized model, parameter, type and submission date"
3415,mergekit-community/mergekit-slerp-fmrazcr,mergekitcommunitymergekitslerpfmrazcr|8.03|merge,3415,kept_aggregated,"same normalized model, parameter, type and submission date"
3416,mergekit-community/mergekit-ties-rraxdhv,mergekitcommunitymergekittiesrraxdhv|9.242|merge,3416,kept_aggregated,"same normalized model, parameter, type and submission date"
3417,mergekit-community/mergekit-ties-ykqemwr,mergekitcommunitymergekittiesykqemwr|12.248|merge,3417,kept_aggregated,"same normalized model, parameter, type and submission date"
3418,mergekit-community/sexeh_time_testing,mergekitcommunitysexehtimetesting|8.03|merge,3418,kept_aggregated,"same normalized model, parameter, type and submission date"
3419,meta-llama/Llama-2-13b-chat-hf,metallamallama213bchathf|13.016|posttrained,3419,kept_aggregated,"same normalized model, parameter, type and submission date"
3420,meta-llama/Llama-2-13b-hf,metallamallama213bhf|13.016|pretrained,3420,kept_aggregated,"same normalized model, parameter, type and submission date"
3421,meta-llama/Llama-2-70b-chat-hf,metallamallama270bchathf|68.977|posttrained,3421,kept_aggregated,"same normalized model, parameter, type and submission date"
3422,meta-llama/Llama-2-70b-hf,metallamallama270bhf|68.977|pretrained,3422,kept_aggregated,"same normalized model, parameter, type and submission date"
3423,meta-llama/Llama-2-7b-chat-hf,metallamallama27bchathf|6.738|pretrained,3423,kept_aggregated,"same normalized model, parameter, type and submission date"
3424,meta-llama/Llama-2-7b-hf,metallamallama27bhf|6.738|pretrained,3424,kept_aggregated,"same normalized model, parameter, type and submission date"
3425,meta-llama/Llama-3.1-70B,metallamallama3170b|70.554|pretrained,3425,kept_aggregated,"same normalized model, parameter, type and submission date"
3426,meta-llama/Llama-3.1-70B-Instruct,metallamallama3170binstruct|70.554|posttrained,3426,kept_aggregated,"same normalized model, parameter, type and submission date"
3427,meta-llama/Llama-3.1-8B,metallamallama318b|8.03|posttrained,3427,kept_aggregated,"same normalized model, parameter, type and submission date"
3428,meta-llama/Llama-3.1-8B-Instruct,metallamallama318binstruct|8.03|pretrained,3428,kept_aggregated,"same normalized model, parameter, type and submission date"
3429,meta-llama/Llama-3.2-1B,metallamallama321b|1.24|pretrained,3429,kept_aggregated,"same normalized model, parameter, type and submission date"
3430,meta-llama/Llama-3.2-1B-Instruct,metallamallama321binstruct|1.24|posttrained,3430,kept_aggregated,"same normalized model, parameter, type and submission date"
3431,meta-llama/Llama-3.2-3B,metallamallama323b|3.213|pretrained,3431,kept_aggregated,"same normalized model, parameter, type and submission date"
3432,meta-llama/Llama-3.2-3B-Instruct,metallamallama323binstruct|3.213|posttrained,3432,kept_aggregated,"same normalized model, parameter, type and submission date"
3433,meta-llama/Llama-3.3-70B-Instruct,metallamallama3370binstruct|70.554|posttrained,3433,kept_aggregated,"same normalized model, parameter, type and submission date"
3434,meta-llama/Meta-Llama-3-70B,metallamametallama370b|70.554|pretrained,3434,kept_aggregated,"same normalized model, parameter, type and submission date"
3435,meta-llama/Meta-Llama-3-70B-Instruct,metallamametallama370binstruct|70.554|posttrained,3435,kept_aggregated,"same normalized model, parameter, type and submission date"
3436,meta-llama/Meta-Llama-3-8B,metallamametallama38b|8.03|pretrained,3436,kept_aggregated,"same normalized model, parameter, type and submission date"
3437,meta-llama/Meta-Llama-3-8B-Instruct,metallamametallama38binstruct|8.03|posttrained,3437,kept_aggregated,"same normalized model, parameter, type and submission date"
3438,meta-llama/Meta-Llama-3-8B-Instruct,metallamametallama38binstruct|8.03|posttrained,3438,kept_aggregated,"same normalized model, parameter, type and submission date"
3439,mhl1/Qwen2.5-0.5B-cinstruct-stage1,mhl1qwen2505bcinstructstage1|0.63|posttrained,3439,kept_aggregated,"same normalized model, parameter, type and submission date"
3440,microsoft/DialoGPT-medium,microsoftdialogptmedium|0.345|posttrained,3440,kept_aggregated,"same normalized model, parameter, type and submission date"
3441,microsoft/Orca-2-13b,microsoftorca213b|13.0|posttrained,3441,kept_aggregated,"same normalized model, parameter, type and submission date"
3442,microsoft/Orca-2-7b,microsoftorca27b|7.0|posttrained,3442,kept_aggregated,"same normalized model, parameter, type and submission date"
3443,microsoft/Phi-3-medium-128k-instruct,microsoftphi3medium128kinstruct|13.96|posttrained,3443,kept_aggregated,"same normalized model, parameter, type and submission date"
3444,microsoft/Phi-3-medium-4k-instruct,microsoftphi3medium4kinstruct|13.96|posttrained,3444,kept_aggregated,"same normalized model, parameter, type and submission date"
3445,microsoft/Phi-3-mini-128k-instruct,microsoftphi3mini128kinstruct|3.821|posttrained,3445,kept_aggregated,"same normalized model, parameter, type and submission date"
3446,microsoft/Phi-3-mini-4k-instruct,microsoftphi3mini4kinstruct|3.821|posttrained,3446,kept_aggregated,"same normalized model, parameter, type and submission date"
3447,microsoft/Phi-3-mini-4k-instruct,microsoftphi3mini4kinstruct|3.821|posttrained,3447,kept_aggregated,"same normalized model, parameter, type and submission date"
3448,microsoft/Phi-3-small-128k-instruct,microsoftphi3small128kinstruct|7.392|posttrained,3448,kept_aggregated,"same normalized model, parameter, type and submission date"
3449,microsoft/Phi-3-small-8k-instruct,microsoftphi3small8kinstruct|7.392|posttrained,3449,kept_aggregated,"same normalized model, parameter, type and submission date"
3450,microsoft/Phi-3.5-MoE-instruct,microsoftphi35moeinstruct|42.0|posttrained,3450,kept_aggregated,"same normalized model, parameter, type and submission date"
3451,microsoft/Phi-3.5-mini-instruct,microsoftphi35miniinstruct|3.821|posttrained,3451,kept_aggregated,"same normalized model, parameter, type and submission date"
3452,microsoft/Phi-4-mini-instruct,microsoftphi4miniinstruct|3.836|posttrained,3452,kept_aggregated,"same normalized model, parameter, type and submission date"
3453,microsoft/phi-1,microsoftphi1|1.418|pretrained,3453,kept_aggregated,"same normalized model, parameter, type and submission date"
3454,microsoft/phi-1_5,microsoftphi15|1.418|pretrained,3454,kept_aggregated,"same normalized model, parameter, type and submission date"
3455,microsoft/phi-2,microsoftphi2|2.78|pretrained,3455,kept_aggregated,"same normalized model, parameter, type and submission date"
3456,microsoft/phi-4,microsoftphi4|14.66|pretrained,3456,kept_aggregated,"same normalized model, parameter, type and submission date"
3457,microsoft/phi-4,microsoftphi4|14.66|posttrained,3457,kept_aggregated,"same normalized model, parameter, type and submission date"
3458,migtissera/Llama-3-70B-Synthia-v3.5,migtisserallama370bsynthiav35|70.554|posttrained,3458,kept_aggregated,"same normalized model, parameter, type and submission date"
3459,migtissera/Llama-3-8B-Synthia-v3.5,migtisserallama38bsynthiav35|8.03|posttrained,3459,kept_aggregated,"same normalized model, parameter, type and submission date"
3460,migtissera/Tess-3-7B-SFT,migtisseratess37bsft|7.248|posttrained,3460,kept_aggregated,"same normalized model, parameter, type and submission date"
3461,migtissera/Tess-3-Mistral-Nemo-12B,migtisseratess3mistralnemo12b|12.248|posttrained,3461,kept_aggregated,"same normalized model, parameter, type and submission date"
3462,migtissera/Tess-v2.5-Phi-3-medium-128k-14B,migtisseratessv25phi3medium128k14b|13.96|posttrained,3462,kept_aggregated,"same normalized model, parameter, type and submission date"
3463,migtissera/Tess-v2.5.2-Qwen2-72B,migtisseratessv252qwen272b|72.0|posttrained,3463,kept_aggregated,"same normalized model, parameter, type and submission date"
3464,migtissera/Trinity-2-Codestral-22B,migtisseratrinity2codestral22b|22.247|posttrained,3464,kept_aggregated,"same normalized model, parameter, type and submission date"
3465,migtissera/Trinity-2-Codestral-22B-v0.2,migtisseratrinity2codestral22bv02|22.247|posttrained,3465,kept_aggregated,"same normalized model, parameter, type and submission date"
3466,migtissera/Trinity-2-Codestral-22B-v0.2,migtisseratrinity2codestral22bv02|22.247|posttrained,3466,kept_aggregated,"same normalized model, parameter, type and submission date"
3467,mindw96/DeepSeek-llama3.3-Bllossom-8B-DACON-LLM3,mindw96deepseekllama33bllossom8bdaconllm3|8.03|posttrained,3467,kept_aggregated,"same normalized model, parameter, type and submission date"
3468,minghaowu/Qwen1.5-1.8B-OpenHermes-2.5,minghaowuqwen1518bopenhermes25|1.837|posttrained,3468,kept_aggregated,"same normalized model, parameter, type and submission date"
3469,ministral/Ministral-3b-instruct,ministralministral3binstruct|3.316|posttrained,3469,kept_aggregated,"same normalized model, parameter, type and submission date"
3470,mistral-community/Mistral-7B-v0.2,mistralcommunitymistral7bv02|7.242|pretrained,3470,kept_aggregated,"same normalized model, parameter, type and submission date"
3471,mistral-community/Mixtral-8x22B-v0.1,mistralcommunitymixtral8x22bv01|0.0|excluded_other,3471,kept_aggregated,"same normalized model, parameter, type and submission date"
3472,mistral-community/mixtral-8x22B-v0.3,mistralcommunitymixtral8x22bv03|140.63|pretrained,3472,kept_aggregated,"same normalized model, parameter, type and submission date"
3473,mistralai/Codestral-22B-v0.1,mistralaicodestral22bv01|22.247|pretrained,3473,kept_aggregated,"same normalized model, parameter, type and submission date"
3474,mistralai/Ministral-8B-Instruct-2410,mistralaiministral8binstruct2410|8.02|posttrained,3474,kept_aggregated,"same normalized model, parameter, type and submission date"
3475,mistralai/Mistral-7B-Instruct-v0.1,mistralaimistral7binstructv01|7.242|posttrained,3475,kept_aggregated,"same normalized model, parameter, type and submission date"
3476,mistralai/Mistral-7B-Instruct-v0.2,mistralaimistral7binstructv02|7.242|posttrained,3476,kept_aggregated,"same normalized model, parameter, type and submission date"
3477,mistralai/Mistral-7B-Instruct-v0.3,mistralaimistral7binstructv03|7.248|posttrained,3477,kept_aggregated,"same normalized model, parameter, type and submission date"
3478,mistralai/Mistral-7B-v0.1,mistralaimistral7bv01|7.242|pretrained,3478,kept_aggregated,"same normalized model, parameter, type and submission date"
3479,mistralai/Mistral-7B-v0.3,mistralaimistral7bv03|7.248|pretrained,3479,kept_aggregated,"same normalized model, parameter, type and submission date"
3480,mistralai/Mistral-Large-Instruct-2411,mistralaimistrallargeinstruct2411|122.61|posttrained,3480,kept_aggregated,"same normalized model, parameter, type and submission date"
3481,mistralai/Mistral-Nemo-Base-2407,mistralaimistralnemobase2407|11.58|pretrained,3481,kept_aggregated,"same normalized model, parameter, type and submission date"
3482,mistralai/Mistral-Nemo-Instruct-2407,mistralaimistralnemoinstruct2407|12.248|posttrained,3482,kept_aggregated,"same normalized model, parameter, type and submission date"
3483,mistralai/Mistral-Small-24B-Base-2501,mistralaimistralsmall24bbase2501|23.572|pretrained,3483,kept_aggregated,"same normalized model, parameter, type and submission date"
3484,mistralai/Mistral-Small-Instruct-2409,mistralaimistralsmallinstruct2409|22.05|posttrained,3484,kept_aggregated,"same normalized model, parameter, type and submission date"
3485,mistralai/Mistral-Small-Instruct-2409,mistralaimistralsmallinstruct2409|22.247|posttrained,3485,kept_aggregated,"same normalized model, parameter, type and submission date"
3486,mistralai/Mixtral-8x22B-Instruct-v0.1,mistralaimixtral8x22binstructv01|140.621|posttrained,3486,kept_aggregated,"same normalized model, parameter, type and submission date"
3487,mistralai/Mixtral-8x22B-v0.1,mistralaimixtral8x22bv01|140.621|pretrained,3487,kept_aggregated,"same normalized model, parameter, type and submission date"
3488,mistralai/Mixtral-8x7B-Instruct-v0.1,mistralaimixtral8x7binstructv01|46.703|posttrained,3488,kept_aggregated,"same normalized model, parameter, type and submission date"
3489,mistralai/Mixtral-8x7B-v0.1,mistralaimixtral8x7bv01|46.703|pretrained,3489,kept_aggregated,"same normalized model, parameter, type and submission date"
3490,mistralai/Mixtral-8x7B-v0.1,mistralaimixtral8x7bv01|46.703|posttrained,3490,kept_aggregated,"same normalized model, parameter, type and submission date"
3491,mixtao/MixTAO-7Bx2-MoE-v8.1,mixtaomixtao7bx2moev81|12.879|posttrained,3491,kept_aggregated,"same normalized model, parameter, type and submission date"
3492,mkurman/llama-3.2-MEDIT-3B-o1,mkurmanllama32medit3bo1|3.607|posttrained,3492,kept_aggregated,"same normalized model, parameter, type and submission date"
3493,mkurman/phi-4-MedIT-11B-exp-1,mkurmanphi4medit11bexp1|11.514|posttrained,3493,kept_aggregated,"same normalized model, parameter, type and submission date"
3494,mkurman/phi4-MedIT-10B-o1,mkurmanphi4medit10bo1|10.255|posttrained,3494,kept_aggregated,"same normalized model, parameter, type and submission date"
3495,mkxu/llama-3-8b-instruct-fpo,mkxullama38binstructfpo|8.03|posttrained,3495,kept_aggregated,"same normalized model, parameter, type and submission date"
3496,mkxu/llama-3-8b-po1,mkxullama38bpo1|8.03|posttrained,3496,kept_aggregated,"same normalized model, parameter, type and submission date"
3497,mlabonne/AlphaMonarch-7B,mlabonnealphamonarch7b|7.242|posttrained,3497,kept_aggregated,"same normalized model, parameter, type and submission date"
3498,mlabonne/Beyonder-4x7B-v3,mlabonnebeyonder4x7bv3|24.154|merge,3498,kept_aggregated,"same normalized model, parameter, type and submission date"
3499,mlabonne/BigQwen2.5-52B-Instruct,mlabonnebigqwen2552binstruct|52.268|merge,3499,kept_aggregated,"same normalized model, parameter, type and submission date"
3500,mlabonne/BigQwen2.5-Echo-47B-Instruct,mlabonnebigqwen25echo47binstruct|47.392|merge,3500,kept_aggregated,"same normalized model, parameter, type and submission date"
3501,mlabonne/ChimeraLlama-3-8B-v2,mlabonnechimerallama38bv2|8.03|merge,3501,kept_aggregated,"same normalized model, parameter, type and submission date"
3502,mlabonne/ChimeraLlama-3-8B-v3,mlabonnechimerallama38bv3|8.03|merge,3502,kept_aggregated,"same normalized model, parameter, type and submission date"
3503,mlabonne/Daredevil-8B,mlabonnedaredevil8b|8.03|posttrained,3503,kept_aggregated,"same normalized model, parameter, type and submission date"
3504,mlabonne/Daredevil-8B-abliterated,mlabonnedaredevil8babliterated|8.03|posttrained,3504,kept_aggregated,"same normalized model, parameter, type and submission date"
3505,mlabonne/Hermes-3-Llama-3.1-70B-lorablated,mlabonnehermes3llama3170blorablated|70.554|posttrained,3505,kept_aggregated,"same normalized model, parameter, type and submission date"
3506,mlabonne/Meta-Llama-3.1-8B-Instruct-abliterated,mlabonnemetallama318binstructabliterated|8.03|posttrained,3506,kept_aggregated,"same normalized model, parameter, type and submission date"
3507,mlabonne/NeuralBeagle14-7B,mlabonneneuralbeagle147b|7.242|posttrained,3507,kept_aggregated,"same normalized model, parameter, type and submission date"
3508,mlabonne/NeuralDaredevil-8B-abliterated,mlabonneneuraldaredevil8babliterated|8.03|merge,3508,kept_aggregated,"same normalized model, parameter, type and submission date"
3509,mlabonne/NeuralDaredevil-8B-abliterated,mlabonneneuraldaredevil8babliterated|8.03|posttrained,3509,kept_aggregated,"same normalized model, parameter, type and submission date"
3510,mlabonne/OrpoLlama-3-8B,mlabonneorpollama38b|8.03|posttrained,3510,kept_aggregated,"same normalized model, parameter, type and submission date"
3511,mlabonne/phixtral-2x2_8,mlabonnephixtral2x28|4.458|merge,3511,kept_aggregated,"same normalized model, parameter, type and submission date"
3512,mlx-community/Josiefied-Qwen2.5-0.5B-Instruct-abliterated-v1-float32,mlxcommunityjosiefiedqwen2505binstructabliteratedv1float32|0.494|posttrained,3512,kept_aggregated,"same normalized model, parameter, type and submission date"
3513,mlx-community/Mistral-Small-24B-Instruct-2501-bf16,mlxcommunitymistralsmall24binstruct2501bf16|23.572|posttrained,3513,kept_aggregated,"same normalized model, parameter, type and submission date"
3514,mmnga/Llama-3-70B-japanese-suzume-vector-v0.1,mmngallama370bjapanesesuzumevectorv01|70.554|posttrained,3514,kept_aggregated,"same normalized model, parameter, type and submission date"
3515,mobiuslabsgmbh/DeepSeek-R1-ReDistill-Llama3-8B-v1.1,mobiuslabsgmbhdeepseekr1redistillllama38bv11|8.03|posttrained,3515,kept_aggregated,"same normalized model, parameter, type and submission date"
3516,mobiuslabsgmbh/DeepSeek-R1-ReDistill-Qwen-7B-v1.1,mobiuslabsgmbhdeepseekr1redistillqwen7bv11|7.616|posttrained,3516,kept_aggregated,"same normalized model, parameter, type and submission date"
3517,moeru-ai/L3.1-Moe-2x8B-v0.2,moeruail31moe2x8bv02|13.668|merge,3517,kept_aggregated,"same normalized model, parameter, type and submission date"
3518,moeru-ai/L3.1-Moe-4x8B-v0.1,moeruail31moe4x8bv01|24.942|merge,3518,kept_aggregated,"same normalized model, parameter, type and submission date"
3519,moeru-ai/L3.1-Moe-4x8B-v0.2,moeruail31moe4x8bv02|24.942|merge,3519,kept_aggregated,"same normalized model, parameter, type and submission date"
3520,monsterapi/Llama-3_1-8B-Instruct-orca-ORPO,monsterapillama318binstructorcaorpo|16.061|posttrained,3520,kept_aggregated,"same normalized model, parameter, type and submission date"
3521,monsterapi/gemma-2-2b-LoRA-MonsterInstruct,monsterapigemma22bloramonsterinstruct|2.614|posttrained,3521,kept_aggregated,"same normalized model, parameter, type and submission date"
3522,mosaicml/mpt-7b,mosaicmlmpt7b|7.0|pretrained,3522,kept_aggregated,"same normalized model, parameter, type and submission date"
3523,mosama/Qwen2.5-1.5B-Instruct-CoT-Reflection,mosamaqwen2515binstructcotreflection|1.544|posttrained,3523,kept_aggregated,"same normalized model, parameter, type and submission date"
3524,mrdayl/OpenCogito,mrdaylopencogito|3.086|posttrained,3524,kept_aggregated,"same normalized model, parameter, type and submission date"
3525,mrdayl/OpenCognito,mrdaylopencognito|3.086|posttrained,3525,kept_aggregated,"same normalized model, parameter, type and submission date"
3526,mrdayl/OpenCognito-r1,mrdaylopencognitor1|3.086|posttrained,3526,kept_aggregated,"same normalized model, parameter, type and submission date"
3527,mrdayl/OpenCognito-r2,mrdaylopencognitor2|3.086|posttrained,3527,kept_aggregated,"same normalized model, parameter, type and submission date"
3528,mrdayl/OpenThink,mrdaylopenthink|1.777|posttrained,3528,kept_aggregated,"same normalized model, parameter, type and submission date"
3529,mrm8488/phi-4-14B-grpo-gsm8k-3e,mrm8488phi414bgrpogsm8k3e|14.66|posttrained,3529,kept_aggregated,"same normalized model, parameter, type and submission date"
3530,mrm8488/phi-4-14B-grpo-limo,mrm8488phi414bgrpolimo|14.66|posttrained,3530,kept_aggregated,"same normalized model, parameter, type and submission date"
3531,mukaj/Llama-3.1-Hawkish-8B,mukajllama31hawkish8b|8.03|posttrained,3531,kept_aggregated,"same normalized model, parameter, type and submission date"
3532,natong19/Mistral-Nemo-Instruct-2407-abliterated,natong19mistralnemoinstruct2407abliterated|12.248|posttrained,3532,kept_aggregated,"same normalized model, parameter, type and submission date"
3533,natong19/Qwen2-7B-Instruct-abliterated,natong19qwen27binstructabliterated|7.616|posttrained,3533,kept_aggregated,"same normalized model, parameter, type and submission date"
3534,nazimali/Mistral-Nemo-Kurdish,nazimalimistralnemokurdish|12.248|pretrained,3534,kept_aggregated,"same normalized model, parameter, type and submission date"
3535,nazimali/Mistral-Nemo-Kurdish-Instruct,nazimalimistralnemokurdishinstruct|12.248|posttrained,3536,replaced_same_version_date,"same normalized model, parameter, type and submission date"
3536,nazimali/Mistral-Nemo-Kurdish-Instruct,nazimalimistralnemokurdishinstruct|12.248|posttrained,3536,kept_aggregated,"same normalized model, parameter, type and submission date"
3537,nbeerbower/BigKartoffel-mistral-nemo-20B,nbeerbowerbigkartoffelmistralnemo20b|20.427|merge,3537,kept_aggregated,"same normalized model, parameter, type and submission date"
3538,nbeerbower/DoppelKartoffel-Mistral-Nemo-23B,nbeerbowerdoppelkartoffelmistralnemo23b|23.153|posttrained,3538,kept_aggregated,"same normalized model, parameter, type and submission date"
3539,nbeerbower/DoublePotato-Mistral-Nemo-13B,nbeerbowerdoublepotatomistralnemo13b|13.338|merge,3539,kept_aggregated,"same normalized model, parameter, type and submission date"
3540,nbeerbower/Dumpling-Qwen2.5-1.5B,nbeerbowerdumplingqwen2515b|1.544|posttrained,3540,kept_aggregated,"same normalized model, parameter, type and submission date"
3541,nbeerbower/Dumpling-Qwen2.5-14B,nbeerbowerdumplingqwen2514b|14.77|posttrained,3541,kept_aggregated,"same normalized model, parameter, type and submission date"
3542,nbeerbower/Dumpling-Qwen2.5-7B-1k-r16,nbeerbowerdumplingqwen257b1kr16|7.616|posttrained,3542,kept_aggregated,"same normalized model, parameter, type and submission date"
3543,nbeerbower/Dumpling-Qwen2.5-7B-1k-r64-2e-5,nbeerbowerdumplingqwen257b1kr642e5|7.616|posttrained,3543,kept_aggregated,"same normalized model, parameter, type and submission date"
3544,nbeerbower/EVA-abliterated-TIES-Qwen2.5-1.5B,nbeerbowerevaabliteratedtiesqwen2515b|1.777|merge,3544,kept_aggregated,"same normalized model, parameter, type and submission date"
3545,nbeerbower/EVA-abliterated-TIES-Qwen2.5-14B,nbeerbowerevaabliteratedtiesqwen2514b|14.77|merge,3545,kept_aggregated,"same normalized model, parameter, type and submission date"
3546,nbeerbower/Flammades-Mistral-Nemo-12B,nbeerbowerflammadesmistralnemo12b|12.248|posttrained,3546,kept_aggregated,"same normalized model, parameter, type and submission date"
3547,nbeerbower/Gemma2-Gutenberg-Doppel-9B,nbeerbowergemma2gutenbergdoppel9b|9.242|posttrained,3547,kept_aggregated,"same normalized model, parameter, type and submission date"
3548,nbeerbower/Gutensuppe-mistral-nemo-12B,nbeerbowergutensuppemistralnemo12b|12.248|posttrained,3548,kept_aggregated,"same normalized model, parameter, type and submission date"
3549,nbeerbower/Hermes2-Gutenberg2-Mistral-7B,nbeerbowerhermes2gutenberg2mistral7b|7.242|posttrained,3549,kept_aggregated,"same normalized model, parameter, type and submission date"
3550,nbeerbower/Kartoffel-Deepfry-12B,nbeerbowerkartoffeldeepfry12b|12.248|posttrained,3550,kept_aggregated,"same normalized model, parameter, type and submission date"
3551,nbeerbower/Llama-3.1-Nemotron-lorablated-70B,nbeerbowerllama31nemotronlorablated70b|70.554|posttrained,3551,kept_aggregated,"same normalized model, parameter, type and submission date"
3552,nbeerbower/Llama3.1-Gutenberg-Doppel-70B,nbeerbowerllama31gutenbergdoppel70b|70.554|posttrained,3552,kept_aggregated,"same normalized model, parameter, type and submission date"
3553,nbeerbower/Lyra-Gutenberg-mistral-nemo-12B,nbeerbowerlyragutenbergmistralnemo12b|12.248|posttrained,3553,kept_aggregated,"same normalized model, parameter, type and submission date"
3554,nbeerbower/Lyra4-Gutenberg-12B,nbeerbowerlyra4gutenberg12b|12.248|posttrained,3554,kept_aggregated,"same normalized model, parameter, type and submission date"
3555,nbeerbower/Lyra4-Gutenberg2-12B,nbeerbowerlyra4gutenberg212b|12.248|posttrained,3555,kept_aggregated,"same normalized model, parameter, type and submission date"
3556,nbeerbower/Mahou-1.5-mistral-nemo-12B-lorablated,nbeerbowermahou15mistralnemo12blorablated|12.248|merge,3556,kept_aggregated,"same normalized model, parameter, type and submission date"
3557,nbeerbower/Mistral-Gutenberg-Doppel-7B-FFT,nbeerbowermistralgutenbergdoppel7bfft|7.242|posttrained,3557,kept_aggregated,"same normalized model, parameter, type and submission date"
3558,nbeerbower/Mistral-Nemo-Gutenberg-Doppel-12B,nbeerbowermistralnemogutenbergdoppel12b|12.248|posttrained,3558,kept_aggregated,"same normalized model, parameter, type and submission date"
3559,nbeerbower/Mistral-Nemo-Gutenberg-Doppel-12B-v2,nbeerbowermistralnemogutenbergdoppel12bv2|12.248|posttrained,3559,kept_aggregated,"same normalized model, parameter, type and submission date"
3560,nbeerbower/Mistral-Nemo-Moderne-12B-FFT-experimental,nbeerbowermistralnemomoderne12bfftexperimental|12.248|posttrained,3560,kept_aggregated,"same normalized model, parameter, type and submission date"
3561,nbeerbower/Mistral-Nemo-Prism-12B,nbeerbowermistralnemoprism12b|12.248|posttrained,3561,kept_aggregated,"same normalized model, parameter, type and submission date"
3562,nbeerbower/Mistral-Nemo-Prism-12B-v2,nbeerbowermistralnemoprism12bv2|12.248|posttrained,3562,kept_aggregated,"same normalized model, parameter, type and submission date"
3563,nbeerbower/Mistral-Nemo-Prism-12B-v7,nbeerbowermistralnemoprism12bv7|12.248|posttrained,3563,kept_aggregated,"same normalized model, parameter, type and submission date"
3564,nbeerbower/Mistral-Small-Drummer-22B,nbeerbowermistralsmalldrummer22b|22.247|posttrained,3564,kept_aggregated,"same normalized model, parameter, type and submission date"
3565,nbeerbower/Mistral-Small-Gutenberg-Doppel-22B,nbeerbowermistralsmallgutenbergdoppel22b|22.247|posttrained,3565,kept_aggregated,"same normalized model, parameter, type and submission date"
3566,nbeerbower/Nemo-Loony-12B-experimental,nbeerbowernemoloony12bexperimental|12.248|merge,3566,kept_aggregated,"same normalized model, parameter, type and submission date"
3567,nbeerbower/Nemoties-ChatML-12B,nbeerbowernemotieschatml12b|12.248|merge,3567,kept_aggregated,"same normalized model, parameter, type and submission date"
3568,nbeerbower/Qwen2.5-Gutenberg-Doppel-14B,nbeerbowerqwen25gutenbergdoppel14b|14.77|posttrained,3568,kept_aggregated,"same normalized model, parameter, type and submission date"
3569,nbeerbower/SmolNemo-12B-FFT-experimental,nbeerbowersmolnemo12bfftexperimental|12.248|posttrained,3569,kept_aggregated,"same normalized model, parameter, type and submission date"
3570,nbeerbower/Stella-mistral-nemo-12B-v2,nbeerbowerstellamistralnemo12bv2|12.248|posttrained,3570,kept_aggregated,"same normalized model, parameter, type and submission date"
3571,nbeerbower/gemma2-gutenberg-27B,nbeerbowergemma2gutenberg27b|27.227|posttrained,3571,kept_aggregated,"same normalized model, parameter, type and submission date"
3572,nbeerbower/gemma2-gutenberg-9B,nbeerbowergemma2gutenberg9b|9.242|posttrained,3572,kept_aggregated,"same normalized model, parameter, type and submission date"
3573,nbeerbower/llama-3-gutenberg-8B,nbeerbowerllama3gutenberg8b|8.03|posttrained,3573,kept_aggregated,"same normalized model, parameter, type and submission date"
3574,nbeerbower/llama3.1-cc-8B,nbeerbowerllama31cc8b|8.03|posttrained,3574,kept_aggregated,"same normalized model, parameter, type and submission date"
3575,nbeerbower/llama3.1-kartoffeldes-70B,nbeerbowerllama31kartoffeldes70b|70.554|posttrained,3575,kept_aggregated,"same normalized model, parameter, type and submission date"
3576,nbeerbower/mistral-nemo-bophades-12B,nbeerbowermistralnemobophades12b|12.248|merge,3576,kept_aggregated,"same normalized model, parameter, type and submission date"
3577,nbeerbower/mistral-nemo-bophades3-12B,nbeerbowermistralnemobophades312b|12.248|posttrained,3577,kept_aggregated,"same normalized model, parameter, type and submission date"
3578,nbeerbower/mistral-nemo-cc-12B,nbeerbowermistralnemocc12b|12.248|posttrained,3578,kept_aggregated,"same normalized model, parameter, type and submission date"
3579,nbeerbower/mistral-nemo-gutades-12B,nbeerbowermistralnemogutades12b|12.248|posttrained,3579,kept_aggregated,"same normalized model, parameter, type and submission date"
3580,nbeerbower/mistral-nemo-gutenberg-12B,nbeerbowermistralnemogutenberg12b|12.248|posttrained,3580,kept_aggregated,"same normalized model, parameter, type and submission date"
3581,nbeerbower/mistral-nemo-gutenberg-12B-v2,nbeerbowermistralnemogutenberg12bv2|12.248|posttrained,3581,kept_aggregated,"same normalized model, parameter, type and submission date"
3582,nbeerbower/mistral-nemo-gutenberg-12B-v3,nbeerbowermistralnemogutenberg12bv3|12.248|posttrained,3582,kept_aggregated,"same normalized model, parameter, type and submission date"
3583,nbeerbower/mistral-nemo-gutenberg-12B-v4,nbeerbowermistralnemogutenberg12bv4|12.248|posttrained,3583,kept_aggregated,"same normalized model, parameter, type and submission date"
3584,nbeerbower/mistral-nemo-gutenberg2-12B-test,nbeerbowermistralnemogutenberg212btest|12.248|posttrained,3584,kept_aggregated,"same normalized model, parameter, type and submission date"
3585,nbeerbower/mistral-nemo-kartoffel-12B,nbeerbowermistralnemokartoffel12b|12.248|posttrained,3585,kept_aggregated,"same normalized model, parameter, type and submission date"
3586,nbeerbower/mistral-nemo-narwhal-12B,nbeerbowermistralnemonarwhal12b|12.248|posttrained,3586,kept_aggregated,"same normalized model, parameter, type and submission date"
3587,nbeerbower/mistral-nemo-wissenschaft-12B,nbeerbowermistralnemowissenschaft12b|12.248|posttrained,3587,kept_aggregated,"same normalized model, parameter, type and submission date"
3588,nbrahme/IndusQ,nbrahmeindusq|1.176|posttrained,3588,kept_aggregated,"same normalized model, parameter, type and submission date"
3589,necva/IE-cont-Llama3.1-8B,necvaiecontllama318b|8.03|posttrained,3589,kept_aggregated,"same normalized model, parameter, type and submission date"
3590,necva/replica-IEPile,necvareplicaiepile|4.65|posttrained,3590,kept_aggregated,"same normalized model, parameter, type and submission date"
3591,neopolita/jessi-v0.1-bf16-falcon3-7b-instruct,neopolitajessiv01bf16falcon37binstruct|7.456|merge,3591,kept_aggregated,"same normalized model, parameter, type and submission date"
3592,neopolita/jessi-v0.1-falcon3-10b-instruct,neopolitajessiv01falcon310binstruct|10.306|merge,3592,kept_aggregated,"same normalized model, parameter, type and submission date"
3593,neopolita/jessi-v0.1-qwen2.5-7b-instruct,neopolitajessiv01qwen257binstruct|7.616|merge,3593,kept_aggregated,"same normalized model, parameter, type and submission date"
3594,neopolita/jessi-v0.1-virtuoso-small,neopolitajessiv01virtuososmall|14.77|merge,3594,kept_aggregated,"same normalized model, parameter, type and submission date"
3595,neopolita/jessi-v0.2-falcon3-10b-instruct,neopolitajessiv02falcon310binstruct|10.306|merge,3595,kept_aggregated,"same normalized model, parameter, type and submission date"
3596,neopolita/jessi-v0.2-falcon3-7b-instruct,neopolitajessiv02falcon37binstruct|7.456|merge,3596,kept_aggregated,"same normalized model, parameter, type and submission date"
3597,neopolita/jessi-v0.3-falcon3-7b-instruct,neopolitajessiv03falcon37binstruct|7.456|merge,3597,kept_aggregated,"same normalized model, parameter, type and submission date"
3598,neopolita/jessi-v0.4-falcon3-7b-instruct,neopolitajessiv04falcon37binstruct|7.456|merge,3598,kept_aggregated,"same normalized model, parameter, type and submission date"
3599,neopolita/jessi-v0.5-falcon3-7b-instruct,neopolitajessiv05falcon37binstruct|7.456|merge,3599,kept_aggregated,"same normalized model, parameter, type and submission date"
3600,neopolita/jessi-v0.6-falcon3-7b-instruct,neopolitajessiv06falcon37binstruct|7.456|merge,3600,kept_aggregated,"same normalized model, parameter, type and submission date"
3601,neopolita/loki-v0.1-virtuoso,neopolitalokiv01virtuoso|14.77|merge,3601,kept_aggregated,"same normalized model, parameter, type and submission date"
3602,netcat420/DeepSeek-R1-Distill-Qwen-MFANN-Slerp-7b,netcat420deepseekr1distillqwenmfannslerp7b|7.616|merge,3602,kept_aggregated,"same normalized model, parameter, type and submission date"
3603,netcat420/DeepSeek-R1-MFANN-TIES-unretrained-7b,netcat420deepseekr1mfanntiesunretrained7b|7.616|merge,3603,kept_aggregated,"same normalized model, parameter, type and submission date"
3604,netcat420/Llama3.1-MFANN-8b,netcat420llama31mfann8b|8.03|posttrained,3604,kept_aggregated,"same normalized model, parameter, type and submission date"
3605,netcat420/MFANN-Llama3.1-Abliterated-SLERP-TIES-V2,netcat420mfannllama31abliteratedslerptiesv2|8.03|merge,3605,kept_aggregated,"same normalized model, parameter, type and submission date"
3606,netcat420/MFANN-Llama3.1-Abliterated-SLERP-TIES-V3,netcat420mfannllama31abliteratedslerptiesv3|8.03|posttrained,3606,kept_aggregated,"same normalized model, parameter, type and submission date"
3607,netcat420/MFANN-Llama3.1-Abliterated-SLERP-V4,netcat420mfannllama31abliteratedslerpv4|8.03|merge,3607,kept_aggregated,"same normalized model, parameter, type and submission date"
3608,netcat420/MFANN-Llama3.1-Abliterated-SLERP-V5,netcat420mfannllama31abliteratedslerpv5|8.03|merge,3608,kept_aggregated,"same normalized model, parameter, type and submission date"
3609,netcat420/MFANN-Llama3.1-Abliterated-Slerp-TIES,netcat420mfannllama31abliteratedslerpties|8.03|merge,3609,kept_aggregated,"same normalized model, parameter, type and submission date"
3610,netcat420/MFANN-Llama3.1-Abliterated-Slerp-V3.2,netcat420mfannllama31abliteratedslerpv32|8.03|merge,3610,kept_aggregated,"same normalized model, parameter, type and submission date"
3611,netcat420/MFANN-SFT,netcat420mfannsft|8.03|merge,3611,kept_aggregated,"same normalized model, parameter, type and submission date"
3612,netcat420/MFANN-abliterated-phi2-merge-unretrained,netcat420mfannabliteratedphi2mergeunretrained|2.775|posttrained,3612,kept_aggregated,"same normalized model, parameter, type and submission date"
3613,netcat420/MFANN-llama3.1-Abliterated-SLERP,netcat420mfannllama31abliteratedslerp|8.03|merge,3613,kept_aggregated,"same normalized model, parameter, type and submission date"
3614,netcat420/MFANN-llama3.1-abliterated-SLERP-v3,netcat420mfannllama31abliteratedslerpv3|8.03|posttrained,3614,kept_aggregated,"same normalized model, parameter, type and submission date"
3615,netcat420/MFANN-llama3.1-abliterated-SLERP-v3.1,netcat420mfannllama31abliteratedslerpv31|8.03|merge,3615,kept_aggregated,"same normalized model, parameter, type and submission date"
3616,netcat420/MFANN-llama3.1-abliterated-v2,netcat420mfannllama31abliteratedv2|8.03|merge,3616,kept_aggregated,"same normalized model, parameter, type and submission date"
3617,netcat420/MFANN-phigments-slerp-V2,netcat420mfannphigmentsslerpv2|2.78|merge,3617,kept_aggregated,"same normalized model, parameter, type and submission date"
3618,netcat420/MFANN-phigments-slerp-V3.2,netcat420mfannphigmentsslerpv32|2.78|merge,3618,kept_aggregated,"same normalized model, parameter, type and submission date"
3619,netcat420/MFANN-phigments-slerp-V3.3,netcat420mfannphigmentsslerpv33|2.78|merge,3619,kept_aggregated,"same normalized model, parameter, type and submission date"
3620,netcat420/MFANN3b,netcat420mfann3b|2.78|posttrained,3620,kept_aggregated,"same normalized model, parameter, type and submission date"
3621,netcat420/MFANN3bv0.15,netcat420mfann3bv015|2.78|posttrained,3621,kept_aggregated,"same normalized model, parameter, type and submission date"
3622,netcat420/MFANN3bv0.18,netcat420mfann3bv018|2.78|posttrained,3622,kept_aggregated,"same normalized model, parameter, type and submission date"
3623,netcat420/MFANN3bv0.19,netcat420mfann3bv019|2.78|posttrained,3623,kept_aggregated,"same normalized model, parameter, type and submission date"
3624,netcat420/MFANN3bv0.20,netcat420mfann3bv020|2.78|posttrained,3624,kept_aggregated,"same normalized model, parameter, type and submission date"
3625,netcat420/MFANN3bv0.21,netcat420mfann3bv021|2.78|posttrained,3625,kept_aggregated,"same normalized model, parameter, type and submission date"
3626,netcat420/MFANN3bv0.22,netcat420mfann3bv022|2.78|posttrained,3626,kept_aggregated,"same normalized model, parameter, type and submission date"
3627,netcat420/MFANN3bv0.23,netcat420mfann3bv023|2.78|posttrained,3627,kept_aggregated,"same normalized model, parameter, type and submission date"
3628,netcat420/MFANN3bv0.24,netcat420mfann3bv024|2.78|posttrained,3628,kept_aggregated,"same normalized model, parameter, type and submission date"
3629,netcat420/MFANN3bv1.1,netcat420mfann3bv11|2.775|posttrained,3629,kept_aggregated,"same normalized model, parameter, type and submission date"
3630,netcat420/MFANN3bv1.2,netcat420mfann3bv12|2.775|posttrained,3630,kept_aggregated,"same normalized model, parameter, type and submission date"
3631,netcat420/MFANN3bv1.3,netcat420mfann3bv13|2.78|posttrained,3631,kept_aggregated,"same normalized model, parameter, type and submission date"
3632,netcat420/MFANN3bv1.4,netcat420mfann3bv14|2.78|posttrained,3632,kept_aggregated,"same normalized model, parameter, type and submission date"
3633,netcat420/MFANNv0.19,netcat420mfannv019|8.03|posttrained,3633,kept_aggregated,"same normalized model, parameter, type and submission date"
3634,netcat420/MFANNv0.20,netcat420mfannv020|8.03|posttrained,3634,kept_aggregated,"same normalized model, parameter, type and submission date"
3635,netcat420/MFANNv0.21,netcat420mfannv021|8.03|posttrained,3635,kept_aggregated,"same normalized model, parameter, type and submission date"
3636,netcat420/MFANNv0.22.1,netcat420mfannv0221|8.03|posttrained,3636,kept_aggregated,"same normalized model, parameter, type and submission date"
3637,netcat420/MFANNv0.23,netcat420mfannv023|8.03|posttrained,3637,kept_aggregated,"same normalized model, parameter, type and submission date"
3638,netcat420/MFANNv0.24,netcat420mfannv024|8.03|posttrained,3638,kept_aggregated,"same normalized model, parameter, type and submission date"
3639,netcat420/MFANNv0.25,netcat420mfannv025|8.03|merge,3639,kept_aggregated,"same normalized model, parameter, type and submission date"
3640,netcat420/Qwen2.5-7B-nerd-uncensored-v0.9-MFANN,netcat420qwen257bnerduncensoredv09mfann|7.616|posttrained,3640,kept_aggregated,"same normalized model, parameter, type and submission date"
3641,netcat420/Qwen2.5-7b-MFANN-slerp,netcat420qwen257bmfannslerp|7.616|merge,3641,kept_aggregated,"same normalized model, parameter, type and submission date"
3642,netcat420/Qwen2.5-7b-nerd-uncensored-MFANN-slerp,netcat420qwen257bnerduncensoredmfannslerp|7.616|merge,3642,kept_aggregated,"same normalized model, parameter, type and submission date"
3643,netcat420/Qwen2.5-Coder-Scholar-7B-Abliterated-MFANN,netcat420qwen25coderscholar7babliteratedmfann|7.616|posttrained,3643,kept_aggregated,"same normalized model, parameter, type and submission date"
3644,netcat420/Qwen2.5-Coder-Scholar-7B-Abliterated-MFANN-Slerp-Unretrained,netcat420qwen25coderscholar7babliteratedmfannslerpunretrained|7.616|merge,3644,kept_aggregated,"same normalized model, parameter, type and submission date"
3645,netcat420/Qwen2.5-DeepSeek-R1-MFANN-Slerp-7b,netcat420qwen25deepseekr1mfannslerp7b|7.616|merge,3645,kept_aggregated,"same normalized model, parameter, type and submission date"
3646,netcat420/Qwen2.5-MFANN-7b,netcat420qwen25mfann7b|7.616|posttrained,3646,kept_aggregated,"same normalized model, parameter, type and submission date"
3647,netcat420/qwen2.5-MFANN-7b-SLERP-V1.2,netcat420qwen25mfann7bslerpv12|7.616|merge,3647,kept_aggregated,"same normalized model, parameter, type and submission date"
3648,netcat420/qwen2.5-MFANN-7b-SLERPv1.1,netcat420qwen25mfann7bslerpv11|7.616|merge,3648,kept_aggregated,"same normalized model, parameter, type and submission date"
3649,netcat420/qwen2.5-MFANN-7b-v1.1,netcat420qwen25mfann7bv11|7.616|posttrained,3649,kept_aggregated,"same normalized model, parameter, type and submission date"
3650,netease-youdao/Confucius-o1-14B,neteaseyoudaoconfuciuso114b|14.77|posttrained,3650,kept_aggregated,"same normalized model, parameter, type and submission date"
3651,newsbang/Homer-7B-v0.1,newsbanghomer7bv01|7.616|posttrained,3651,kept_aggregated,"same normalized model, parameter, type and submission date"
3652,newsbang/Homer-7B-v0.2,newsbanghomer7bv02|7.616|posttrained,3652,kept_aggregated,"same normalized model, parameter, type and submission date"
3653,newsbang/Homer-v0.3-Qwen2.5-7B,newsbanghomerv03qwen257b|7.616|posttrained,3653,kept_aggregated,"same normalized model, parameter, type and submission date"
3654,newsbang/Homer-v0.4-Qwen2.5-7B,newsbanghomerv04qwen257b|7.616|posttrained,3654,kept_aggregated,"same normalized model, parameter, type and submission date"
3655,newsbang/Homer-v0.5-Qwen2.5-7B,newsbanghomerv05qwen257b|7.616|posttrained,3655,kept_aggregated,"same normalized model, parameter, type and submission date"
3656,newsbang/Homer-v1.0-Qwen2.5-72B,newsbanghomerv10qwen2572b|72.706|posttrained,3656,kept_aggregated,"same normalized model, parameter, type and submission date"
3657,newsbang/Homer-v1.0-Qwen2.5-7B,newsbanghomerv10qwen257b|7.616|posttrained,3657,kept_aggregated,"same normalized model, parameter, type and submission date"
3658,nguyentd/FinancialAdvice-Qwen2.5-7B,nguyentdfinancialadviceqwen257b|7.616|posttrained,3658,kept_aggregated,"same normalized model, parameter, type and submission date"
3659,ngxson/MiniThinky-1B-Llama-3.2,ngxsonminithinky1bllama32|1.236|posttrained,3659,kept_aggregated,"same normalized model, parameter, type and submission date"
3660,ngxson/MiniThinky-v2-1B-Llama-3.2,ngxsonminithinkyv21bllama32|1.236|posttrained,3660,kept_aggregated,"same normalized model, parameter, type and submission date"
3661,nhyha/N3N_Delirium-v1_1030_0227,nhyhan3ndeliriumv110300227|10.159|posttrained,3661,kept_aggregated,"same normalized model, parameter, type and submission date"
3662,nhyha/N3N_Llama-3.1-8B-Instruct_1028_0216,nhyhan3nllama318binstruct10280216|8.03|posttrained,3662,kept_aggregated,"same normalized model, parameter, type and submission date"
3663,nhyha/N3N_gemma-2-9b-it_20241029_1532,nhyhan3ngemma29bit202410291532|10.159|posttrained,3663,kept_aggregated,"same normalized model, parameter, type and submission date"
3664,nhyha/N3N_gemma-2-9b-it_20241110_2026,nhyhan3ngemma29bit202411102026|10.159|posttrained,3664,kept_aggregated,"same normalized model, parameter, type and submission date"
3665,nhyha/merge_Qwen2.5-7B-Instruct_20241023_0314,nhyhamergeqwen257binstruct202410230314|7.616|posttrained,3665,kept_aggregated,"same normalized model, parameter, type and submission date"
3666,nidum/Nidum-Limitless-Gemma-2B,nidumnidumlimitlessgemma2b|2.506|posttrained,3666,kept_aggregated,"same normalized model, parameter, type and submission date"
3667,nisten/franqwenstein-35b,nistenfranqwenstein35b|34.714|merge,3667,kept_aggregated,"same normalized model, parameter, type and submission date"
3668,nisten/franqwenstein-35b,nistenfranqwenstein35b|34.714|posttrained,3668,kept_aggregated,"same normalized model, parameter, type and submission date"
3669,nisten/tqwendo-36b,nistentqwendo36b|35.69|posttrained,3669,kept_aggregated,"same normalized model, parameter, type and submission date"
3670,nlpguy/Lion-Lamarck-v.1.0.8,nlpguylionlamarckv108|14.766|merge,3670,kept_aggregated,"same normalized model, parameter, type and submission date"
3671,nlpguy/Lion-Lamarck-v.1.0.9,nlpguylionlamarckv109|14.766|merge,3671,kept_aggregated,"same normalized model, parameter, type and submission date"
3672,nlpguy/Lion-Lamarck-v.1.1.0,nlpguylionlamarckv110|14.766|merge,3672,kept_aggregated,"same normalized model, parameter, type and submission date"
3673,nlpguy/Miisce-one,nlpguymiisceone|14.766|merge,3673,kept_aggregated,"same normalized model, parameter, type and submission date"
3674,nlpguy/Mistral-NeMo-Minitron-Upscale-v1,nlpguymistralnemominitronupscalev1|12.451|pretrained,3674,kept_aggregated,"same normalized model, parameter, type and submission date"
3675,nlpguy/Mistral-NeMo-Minitron-Upscale-v2,nlpguymistralnemominitronupscalev2|12.451|pretrained,3675,kept_aggregated,"same normalized model, parameter, type and submission date"
3676,nlpguy/Mistral-NeMo-Minitron-Upscale-v3,nlpguymistralnemominitronupscalev3|12.451|pretrained,3676,kept_aggregated,"same normalized model, parameter, type and submission date"
3677,nlpguy/StableProse,nlpguystableprose|12.248|merge,3677,kept_aggregated,"same normalized model, parameter, type and submission date"
3678,nlpguy/StarFusion-alpha1,nlpguystarfusionalpha1|7.242|merge,3678,kept_aggregated,"same normalized model, parameter, type and submission date"
3679,noname0202/Llama-3.2-4x3B-Instruct,noname0202llama324x3binstruct|9.949|merge,3679,kept_aggregated,"same normalized model, parameter, type and submission date"
3680,noname0202/gemma-2-2b-it-ties,noname0202gemma22bitties|2.614|merge,3680,kept_aggregated,"same normalized model, parameter, type and submission date"
3681,noname0202/gemma-2-9b-sft-jp-en-zh-v1,noname0202gemma29bsftjpenzhv1|9.242|posttrained,3681,kept_aggregated,"same normalized model, parameter, type and submission date"
3682,noname0202/gemma-2-9b-sft-jp-en-zh-v2,noname0202gemma29bsftjpenzhv2|9.242|posttrained,3682,kept_aggregated,"same normalized model, parameter, type and submission date"
3683,noname0202/llama-math-1b-r16-0to512tokens-test,noname0202llamamath1br160to512tokenstest|1.236|posttrained,3683,kept_aggregated,"same normalized model, parameter, type and submission date"
3684,noname0202/llama-math-1b-r32-0to512tokens-test,noname0202llamamath1br320to512tokenstest|1.236|posttrained,3684,kept_aggregated,"same normalized model, parameter, type and submission date"
3685,noname0202/llama-math-1b-r32-test,noname0202llamamath1br32test|1.236|posttrained,3685,kept_aggregated,"same normalized model, parameter, type and submission date"
3686,noname0202/llama-math-1b-r8-512tokens-test,noname0202llamamath1br8512tokenstest|1.236|posttrained,3686,kept_aggregated,"same normalized model, parameter, type and submission date"
3687,notbdq/Qwen2.5-14B-Instruct-1M-GRPO-Reasoning,notbdqqwen2514binstruct1mgrporeasoning|14.77|posttrained,3687,kept_aggregated,"same normalized model, parameter, type and submission date"
3688,nothingiisreal/L3.1-8B-Celeste-V1.5,nothingiisreall318bcelestev15|8.03|posttrained,3688,kept_aggregated,"same normalized model, parameter, type and submission date"
3689,nothingiisreal/MN-12B-Starcannon-v2,nothingiisrealmn12bstarcannonv2|12.248|merge,3689,kept_aggregated,"same normalized model, parameter, type and submission date"
3690,nothingiisreal/MN-12B-Starcannon-v3,nothingiisrealmn12bstarcannonv3|12.248|merge,3690,kept_aggregated,"same normalized model, parameter, type and submission date"
3691,nvidia/AceInstruct-1.5B,nvidiaaceinstruct15b|1.777|posttrained,3691,kept_aggregated,"same normalized model, parameter, type and submission date"
3692,nvidia/AceInstruct-72B,nvidiaaceinstruct72b|72.706|posttrained,3692,kept_aggregated,"same normalized model, parameter, type and submission date"
3693,nvidia/AceInstruct-7B,nvidiaaceinstruct7b|7.616|posttrained,3693,kept_aggregated,"same normalized model, parameter, type and submission date"
3694,nvidia/AceMath-1.5B-Instruct,nvidiaacemath15binstruct|1.777|posttrained,3694,kept_aggregated,"same normalized model, parameter, type and submission date"
3695,nvidia/AceMath-72B-Instruct,nvidiaacemath72binstruct|72.706|posttrained,3695,kept_aggregated,"same normalized model, parameter, type and submission date"
3696,nvidia/AceMath-72B-RM,nvidiaacemath72brm|71.461|posttrained,3696,kept_aggregated,"same normalized model, parameter, type and submission date"
3697,nvidia/AceMath-7B-Instruct,nvidiaacemath7binstruct|7.616|posttrained,3697,kept_aggregated,"same normalized model, parameter, type and submission date"
3698,nvidia/AceMath-7B-RM,nvidiaacemath7brm|7.071|posttrained,3698,kept_aggregated,"same normalized model, parameter, type and submission date"
3699,nvidia/Hymba-1.5B-Base,nvidiahymba15bbase|1.523|pretrained,3699,kept_aggregated,"same normalized model, parameter, type and submission date"
3700,nvidia/Hymba-1.5B-Instruct,nvidiahymba15binstruct|1.523|posttrained,3700,kept_aggregated,"same normalized model, parameter, type and submission date"
3701,nvidia/Llama-3.1-Minitron-4B-Depth-Base,nvidiallama31minitron4bdepthbase|4.02|posttrained,3701,kept_aggregated,"same normalized model, parameter, type and submission date"
3702,nvidia/Llama-3.1-Nemotron-70B-Instruct-HF,nvidiallama31nemotron70binstructhf|70.554|posttrained,3702,kept_aggregated,"same normalized model, parameter, type and submission date"
3703,nvidia/Minitron-4B-Base,nvidiaminitron4bbase|4.0|pretrained,3703,kept_aggregated,"same normalized model, parameter, type and submission date"
3704,nvidia/Minitron-8B-Base,nvidiaminitron8bbase|7.22|pretrained,3704,kept_aggregated,"same normalized model, parameter, type and submission date"
3705,nvidia/Mistral-NeMo-Minitron-8B-Base,nvidiamistralnemominitron8bbase|7.88|posttrained,3705,kept_aggregated,"same normalized model, parameter, type and submission date"
3706,nvidia/Mistral-NeMo-Minitron-8B-Instruct,nvidiamistralnemominitron8binstruct|8.414|posttrained,3706,kept_aggregated,"same normalized model, parameter, type and submission date"
3707,nvidia/Nemotron-Mini-4B-Instruct,nvidianemotronmini4binstruct|4.0|posttrained,3707,kept_aggregated,"same normalized model, parameter, type and submission date"
3708,nvidia/OpenMath2-Llama3.1-8B,nvidiaopenmath2llama318b|8.03|posttrained,3708,kept_aggregated,"same normalized model, parameter, type and submission date"
3709,nxmwxm/Beast-Soul-new,nxmwxmbeastsoulnew|7.242|merge,3709,kept_aggregated,"same normalized model, parameter, type and submission date"
3710,occiglot/occiglot-7b-es-en-instruct,occiglotocciglot7beseninstruct|7.242|posttrained,3710,kept_aggregated,"same normalized model, parameter, type and submission date"
3711,odyssey-labs/Astral-1-10B,odysseylabsastral110b|10.732|posttrained,3711,kept_aggregated,"same normalized model, parameter, type and submission date"
3712,olabs-ai/reflection_model,olabsaireflectionmodel|9.3|posttrained,3712,kept_aggregated,"same normalized model, parameter, type and submission date"
3713,ontocord/Llama_3.2_1b-autoredteam_helpfulness-train,ontocordllama321bautoredteamhelpfulnesstrain|1.498|posttrained,3713,kept_aggregated,"same normalized model, parameter, type and submission date"
3714,ontocord/RedPajama-3B-v1-AutoRedteam,ontocordredpajama3bv1autoredteam|2.776|posttrained,3714,kept_aggregated,"same normalized model, parameter, type and submission date"
3715,ontocord/RedPajama-3B-v1-AutoRedteam-Harmless-only,ontocordredpajama3bv1autoredteamharmlessonly|2.776|posttrained,3715,kept_aggregated,"same normalized model, parameter, type and submission date"
3716,ontocord/RedPajama3b_v1-autoredteam_helpfulness-train,ontocordredpajama3bv1autoredteamhelpfulnesstrain|2.776|posttrained,3716,kept_aggregated,"same normalized model, parameter, type and submission date"
3717,ontocord/merged_0.2_expert_0.8,ontocordmerged02expert08|3.759|pretrained,3717,kept_aggregated,"same normalized model, parameter, type and submission date"
3718,ontocord/merged_0.2_expert_0.8-stack_2x,ontocordmerged02expert08stack2x|6.512|pretrained,3718,kept_aggregated,"same normalized model, parameter, type and submission date"
3719,ontocord/merged_0.5_expert_0.5,ontocordmerged05expert05|3.759|pretrained,3719,kept_aggregated,"same normalized model, parameter, type and submission date"
3720,ontocord/ontocord_wide_3b-stage1_shuf_sample1_jsonl-pretrained-autoredteam_helpful-0.25_helpful,ontocordontocordwide3bstage1shufsample1jsonlpretrainedautoredteamhelpful025helpful|3.759|pretrained,3720,kept_aggregated,"same normalized model, parameter, type and submission date"
3721,ontocord/ontocord_wide_7b-stacked-stage1,ontocordontocordwide7bstackedstage1|7.888|pretrained,3721,kept_aggregated,"same normalized model, parameter, type and submission date"
3722,ontocord/ontocord_wide_7b-stacked-stage1-instruct,ontocordontocordwide7bstackedstage1instruct|7.888|pretrained,3722,kept_aggregated,"same normalized model, parameter, type and submission date"
3723,ontocord/starcoder2-29b-ls,ontocordstarcoder229bls|29.009|posttrained,3723,kept_aggregated,"same normalized model, parameter, type and submission date"
3724,ontocord/starcoder2_3b-AutoRedteam,ontocordstarcoder23bautoredteam|3.181|posttrained,3724,kept_aggregated,"same normalized model, parameter, type and submission date"
3725,ontocord/wide_3b-merge_test,ontocordwide3bmergetest|3.759|pretrained,3725,kept_aggregated,"same normalized model, parameter, type and submission date"
3726,ontocord/wide_3b-stage1_shuf_sample1_jsonl-pretrained,ontocordwide3bstage1shufsample1jsonlpretrained|3.759|pretrained,3726,kept_aggregated,"same normalized model, parameter, type and submission date"
3727,ontocord/wide_3b_sft_stag1.2-lyrical_law_news_software_howto_formattedtext_math_wiki-merge,ontocordwide3bsftstag12lyricallawnewssoftwarehowtoformattedtextmathwikimerge|3.759|pretrained,3727,kept_aggregated,"same normalized model, parameter, type and submission date"
3728,ontocord/wide_3b_sft_stag1.2-lyrical_news_software_howto_formattedtext-merge,ontocordwide3bsftstag12lyricalnewssoftwarehowtoformattedtextmerge|3.759|pretrained,3728,kept_aggregated,"same normalized model, parameter, type and submission date"
3729,ontocord/wide_3b_sft_stage1.1-ss1-no_redteam_skg_poem.no_issue,ontocordwide3bsftstage11ss1noredteamskgpoemnoissue|3.759|pretrained,3729,kept_aggregated,"same normalized model, parameter, type and submission date"
3730,ontocord/wide_3b_sft_stage1.1-ss1-with_generics_intr.no_issue,ontocordwide3bsftstage11ss1withgenericsintrnoissue|3.759|pretrained,3730,kept_aggregated,"same normalized model, parameter, type and submission date"
3731,ontocord/wide_3b_sft_stage1.1-ss1-with_generics_intr_math.no_issue,ontocordwide3bsftstage11ss1withgenericsintrmathnoissue|3.759|pretrained,3731,kept_aggregated,"same normalized model, parameter, type and submission date"
3732,ontocord/wide_3b_sft_stage1.1-ss1-with_generics_intr_math_stories.no_issue,ontocordwide3bsftstage11ss1withgenericsintrmathstoriesnoissue|3.759|pretrained,3732,kept_aggregated,"same normalized model, parameter, type and submission date"
3733,ontocord/wide_3b_sft_stage1.1-ss1-with_generics_intr_math_stories.no_issue,ontocordwide3bsftstage11ss1withgenericsintrmathstoriesnoissue|3.759|pretrained,3733,kept_aggregated,"same normalized model, parameter, type and submission date"
3734,ontocord/wide_3b_sft_stage1.1-ss1-with_generics_intr_math_stories_no_orig_instr.no_issue,ontocordwide3bsftstage11ss1withgenericsintrmathstoriesnooriginstrnoissue|3.759|pretrained,3734,kept_aggregated,"same normalized model, parameter, type and submission date"
3735,ontocord/wide_3b_sft_stage1.1-ss1-with_generics_intr_stories.no_issue,ontocordwide3bsftstage11ss1withgenericsintrstoriesnoissue|3.759|pretrained,3735,kept_aggregated,"same normalized model, parameter, type and submission date"
3736,ontocord/wide_3b_sft_stage1.1-ss1-with_generics_math.no_issue,ontocordwide3bsftstage11ss1withgenericsmathnoissue|3.759|pretrained,3736,kept_aggregated,"same normalized model, parameter, type and submission date"
3737,ontocord/wide_3b_sft_stage1.1-ss1-with_math.no_issue,ontocordwide3bsftstage11ss1withmathnoissue|3.759|pretrained,3737,kept_aggregated,"same normalized model, parameter, type and submission date"
3738,ontocord/wide_3b_sft_stage1.1-ss1-with_r1_generics_intr_math_stories.no_issue,ontocordwide3bsftstage11ss1withr1genericsintrmathstoriesnoissue|3.759|pretrained,3738,kept_aggregated,"same normalized model, parameter, type and submission date"
3739,ontocord/wide_3b_sft_stage1.2-ss1-expert_fictional_lyrical,ontocordwide3bsftstage12ss1expertfictionallyrical|3.759|pretrained,3739,kept_aggregated,"same normalized model, parameter, type and submission date"
3740,ontocord/wide_3b_sft_stage1.2-ss1-expert_formatted_text,ontocordwide3bsftstage12ss1expertformattedtext|3.759|pretrained,3740,kept_aggregated,"same normalized model, parameter, type and submission date"
3741,ontocord/wide_3b_sft_stage1.2-ss1-expert_how-to,ontocordwide3bsftstage12ss1experthowto|3.759|pretrained,3741,kept_aggregated,"same normalized model, parameter, type and submission date"
3742,ontocord/wide_3b_sft_stage1.2-ss1-expert_math,ontocordwide3bsftstage12ss1expertmath|3.759|pretrained,3742,kept_aggregated,"same normalized model, parameter, type and submission date"
3743,ontocord/wide_3b_sft_stage1.2-ss1-expert_news,ontocordwide3bsftstage12ss1expertnews|3.759|pretrained,3743,kept_aggregated,"same normalized model, parameter, type and submission date"
3744,ontocord/wide_3b_sft_stage1.2-ss1-expert_software,ontocordwide3bsftstage12ss1expertsoftware|3.759|pretrained,3744,kept_aggregated,"same normalized model, parameter, type and submission date"
3745,ontocord/wide_6.6b_sft_stag1.2-lyrical_law_news_software_howto_formattedtext_math_wiki-merge-stacked,ontocordwide66bsftstag12lyricallawnewssoftwarehowtoformattedtextmathwikimergestacked|7.888|pretrained,3745,kept_aggregated,"same normalized model, parameter, type and submission date"
3746,oobabooga/CodeBooga-34B-v0.1,oobaboogacodebooga34bv01|33.744|merge,3746,kept_aggregated,"same normalized model, parameter, type and submission date"
3747,oopere/Llama-FinSent-S,ooperellamafinsents|0.914|posttrained,3747,kept_aggregated,"same normalized model, parameter, type and submission date"
3748,oopere/Llama-FinSent-S,ooperellamafinsents|0.914|posttrained,3748,kept_aggregated,"same normalized model, parameter, type and submission date"
3749,oopere/pruned10-llama-3.2-3B,ooperepruned10llama323b|3.001|pretrained,3749,kept_aggregated,"same normalized model, parameter, type and submission date"
3750,oopere/pruned20-llama-1b,ooperepruned20llama1b|1.075|merge,3750,kept_aggregated,"same normalized model, parameter, type and submission date"
3751,oopere/pruned20-llama-3.2-3b,ooperepruned20llama323b|2.79|pretrained,3751,kept_aggregated,"same normalized model, parameter, type and submission date"
3752,oopere/pruned40-llama-1b,ooperepruned40llama1b|0.914|pretrained,3752,kept_aggregated,"same normalized model, parameter, type and submission date"
3753,oopere/pruned40-llama-3.2-1B,ooperepruned40llama321b|0.914|pretrained,3753,kept_aggregated,"same normalized model, parameter, type and submission date"
3754,oopere/pruned40-llama-3.2-3b,ooperepruned40llama323b|2.367|pretrained,3754,kept_aggregated,"same normalized model, parameter, type and submission date"
3755,oopere/pruned60-llama-1b,ooperepruned60llama1b|0.753|pretrained,3755,kept_aggregated,"same normalized model, parameter, type and submission date"
3756,oopere/pruned60-llama-3.2-3b,ooperepruned60llama323b|1.944|pretrained,3756,kept_aggregated,"same normalized model, parameter, type and submission date"
3757,open-atlas/Atlas-Flash-1.5B-Preview,openatlasatlasflash15bpreview|1.777|posttrained,3757,kept_aggregated,"same normalized model, parameter, type and submission date"
3758,open-atlas/Atlas-Flash-7B-Preview,openatlasatlasflash7bpreview|7.616|posttrained,3758,kept_aggregated,"same normalized model, parameter, type and submission date"
3759,open-neo/Kyro-n1-3B,openneokyron13b|3.086|posttrained,3759,kept_aggregated,"same normalized model, parameter, type and submission date"
3760,open-neo/Kyro-n1-7B,openneokyron17b|7.616|posttrained,3760,kept_aggregated,"same normalized model, parameter, type and submission date"
3761,open-thoughts/OpenThinker-7B,openthoughtsopenthinker7b|7.616|posttrained,3761,kept_aggregated,"same normalized model, parameter, type and submission date"
3762,openai-community/gpt2,openaicommunitygpt2|0.137|pretrained,3762,kept_aggregated,"same normalized model, parameter, type and submission date"
3763,openai-community/gpt2,openaicommunitygpt2|0.137|pretrained,3763,kept_aggregated,"same normalized model, parameter, type and submission date"
3764,openai-community/gpt2-large,openaicommunitygpt2large|0.812|pretrained,3764,kept_aggregated,"same normalized model, parameter, type and submission date"
3765,openai-community/gpt2-medium,openaicommunitygpt2medium|0.38|pretrained,3765,kept_aggregated,"same normalized model, parameter, type and submission date"
3766,openai-community/gpt2-xl,openaicommunitygpt2xl|1.608|pretrained,3766,kept_aggregated,"same normalized model, parameter, type and submission date"
3767,openbmb/MiniCPM-S-1B-sft-llama-format,openbmbminicpms1bsftllamaformat|1.0|posttrained,3767,kept_aggregated,"same normalized model, parameter, type and submission date"
3768,openchat/openchat-3.5-0106,openchatopenchat350106|7.242|posttrained,3768,kept_aggregated,"same normalized model, parameter, type and submission date"
3769,openchat/openchat-3.5-1210,openchatopenchat351210|7.242|posttrained,3769,kept_aggregated,"same normalized model, parameter, type and submission date"
3770,openchat/openchat-3.6-8b-20240522,openchatopenchat368b20240522|8.03|posttrained,3770,kept_aggregated,"same normalized model, parameter, type and submission date"
3771,openchat/openchat_3.5,openchatopenchat35|7.0|posttrained,3771,kept_aggregated,"same normalized model, parameter, type and submission date"
3772,openchat/openchat_v3.2,openchatopenchatv32|13.0|posttrained,3772,kept_aggregated,"same normalized model, parameter, type and submission date"
3773,openchat/openchat_v3.2_super,openchatopenchatv32super|13.0|posttrained,3773,kept_aggregated,"same normalized model, parameter, type and submission date"
3774,orai-nlp/Llama-eus-8B,orainlpllamaeus8b|8.03|pretrained,3774,kept_aggregated,"same normalized model, parameter, type and submission date"
3775,oxyapi/oxy-1-small,oxyapioxy1small|14.77|posttrained,3775,kept_aggregated,"same normalized model, parameter, type and submission date"
3776,ozone-ai/0x-lite,ozoneai0xlite|14.77|posttrained,3776,kept_aggregated,"same normalized model, parameter, type and submission date"
3777,ozone-research/Chirp-01,ozoneresearchchirp01|3.086|posttrained,3777,kept_aggregated,"same normalized model, parameter, type and submission date"
3778,paloalma/ECE-TW3-JRGL-V1,paloalmaecetw3jrglv1|68.977|merge,3778,kept_aggregated,"same normalized model, parameter, type and submission date"
3779,paloalma/ECE-TW3-JRGL-V2,paloalmaecetw3jrglv2|72.288|merge,3779,kept_aggregated,"same normalized model, parameter, type and submission date"
3780,paloalma/ECE-TW3-JRGL-V5,paloalmaecetw3jrglv5|72.289|merge,3780,kept_aggregated,"same normalized model, parameter, type and submission date"
3781,paloalma/Le_Triomphant-ECE-TW3,paloalmaletriomphantecetw3|72.289|merge,3781,kept_aggregated,"same normalized model, parameter, type and submission date"
3782,paloalma/TW3-JRGL-v2,paloalmatw3jrglv2|72.289|merge,3782,kept_aggregated,"same normalized model, parameter, type and submission date"
3783,pankajmathur/Al_Dente_v1_8b,pankajmathuraldentev18b|8.03|posttrained,3783,kept_aggregated,"same normalized model, parameter, type and submission date"
3784,pankajmathur/model_007_13b_v2,pankajmathurmodel00713bv2|13.0|posttrained,3784,kept_aggregated,"same normalized model, parameter, type and submission date"
3785,pankajmathur/orca_mini_3b,pankajmathurorcamini3b|3.426|posttrained,3785,kept_aggregated,"same normalized model, parameter, type and submission date"
3786,pankajmathur/orca_mini_7b,pankajmathurorcamini7b|7.0|posttrained,3786,kept_aggregated,"same normalized model, parameter, type and submission date"
3787,pankajmathur/orca_mini_phi-4,pankajmathurorcaminiphi4|14.66|posttrained,3787,kept_aggregated,"same normalized model, parameter, type and submission date"
3788,pankajmathur/orca_mini_v2_7b,pankajmathurorcaminiv27b|7.0|posttrained,3788,kept_aggregated,"same normalized model, parameter, type and submission date"
3789,pankajmathur/orca_mini_v3_13b,pankajmathurorcaminiv313b|13.0|posttrained,3789,kept_aggregated,"same normalized model, parameter, type and submission date"
3790,pankajmathur/orca_mini_v3_70b,pankajmathurorcaminiv370b|70.0|posttrained,3790,kept_aggregated,"same normalized model, parameter, type and submission date"
3791,pankajmathur/orca_mini_v3_7b,pankajmathurorcaminiv37b|7.0|posttrained,3791,kept_aggregated,"same normalized model, parameter, type and submission date"
3792,pankajmathur/orca_mini_v5_8b,pankajmathurorcaminiv58b|8.03|posttrained,3792,kept_aggregated,"same normalized model, parameter, type and submission date"
3793,pankajmathur/orca_mini_v5_8b_dpo,pankajmathurorcaminiv58bdpo|8.0|posttrained,3793,kept_aggregated,"same normalized model, parameter, type and submission date"
3794,pankajmathur/orca_mini_v5_8b_orpo,pankajmathurorcaminiv58borpo|8.0|posttrained,3794,kept_aggregated,"same normalized model, parameter, type and submission date"
3795,pankajmathur/orca_mini_v6_8b,pankajmathurorcaminiv68b|8.03|posttrained,3795,kept_aggregated,"same normalized model, parameter, type and submission date"
3796,pankajmathur/orca_mini_v6_8b_dpo,pankajmathurorcaminiv68bdpo|8.0|posttrained,3796,kept_aggregated,"same normalized model, parameter, type and submission date"
3797,pankajmathur/orca_mini_v7_72b,pankajmathurorcaminiv772b|72.706|posttrained,3797,kept_aggregated,"same normalized model, parameter, type and submission date"
3798,pankajmathur/orca_mini_v7_7b,pankajmathurorcaminiv77b|7.616|posttrained,3798,kept_aggregated,"same normalized model, parameter, type and submission date"
3799,pankajmathur/orca_mini_v8_1_70b,pankajmathurorcaminiv8170b|70.554|posttrained,3799,kept_aggregated,"same normalized model, parameter, type and submission date"
3800,pankajmathur/orca_mini_v9_0_3B-Instruct,pankajmathurorcaminiv903binstruct|3.213|posttrained,3800,kept_aggregated,"same normalized model, parameter, type and submission date"
3801,pankajmathur/orca_mini_v9_1_1B-Instruct,pankajmathurorcaminiv911binstruct|1.236|posttrained,3801,kept_aggregated,"same normalized model, parameter, type and submission date"
3802,pankajmathur/orca_mini_v9_2_14B,pankajmathurorcaminiv9214b|14.66|posttrained,3802,kept_aggregated,"same normalized model, parameter, type and submission date"
3803,pankajmathur/orca_mini_v9_2_70b,pankajmathurorcaminiv9270b|70.554|posttrained,3803,kept_aggregated,"same normalized model, parameter, type and submission date"
3804,pankajmathur/orca_mini_v9_4_70B,pankajmathurorcaminiv9470b|70.554|posttrained,3804,kept_aggregated,"same normalized model, parameter, type and submission date"
3805,pankajmathur/orca_mini_v9_5_1B-Instruct,pankajmathurorcaminiv951binstruct|1.236|posttrained,3805,kept_aggregated,"same normalized model, parameter, type and submission date"
3806,pankajmathur/orca_mini_v9_5_1B-Instruct_preview,pankajmathurorcaminiv951binstructpreview|1.236|posttrained,3806,kept_aggregated,"same normalized model, parameter, type and submission date"
3807,pankajmathur/orca_mini_v9_5_3B-Instruct,pankajmathurorcaminiv953binstruct|3.213|posttrained,3807,kept_aggregated,"same normalized model, parameter, type and submission date"
3808,pankajmathur/orca_mini_v9_6_1B-Instruct,pankajmathurorcaminiv961binstruct|1.236|posttrained,3808,kept_aggregated,"same normalized model, parameter, type and submission date"
3809,pankajmathur/orca_mini_v9_6_3B-Instruct,pankajmathurorcaminiv963binstruct|3.213|posttrained,3809,kept_aggregated,"same normalized model, parameter, type and submission date"
3810,pankajmathur/orca_mini_v9_7_1B-Instruct,pankajmathurorcaminiv971binstruct|1.236|posttrained,3810,kept_aggregated,"same normalized model, parameter, type and submission date"
3811,pankajmathur/orca_mini_v9_7_3B-Instruct,pankajmathurorcaminiv973binstruct|3.213|posttrained,3811,kept_aggregated,"same normalized model, parameter, type and submission date"
3812,paulml/ECE-ILAB-Q1,paulmleceilabq1|72.706|merge,3812,kept_aggregated,"same normalized model, parameter, type and submission date"
3813,pints-ai/1.5-Pints-16K-v0.1,pintsai15pints16kv01|1.566|pretrained,3813,kept_aggregated,"same normalized model, parameter, type and submission date"
3814,pints-ai/1.5-Pints-2K-v0.1,pintsai15pints2kv01|1.566|pretrained,3814,kept_aggregated,"same normalized model, parameter, type and submission date"
3815,piotr25691/thea-3b-25r,piotr25691thea3b25r|3.213|posttrained,3815,kept_aggregated,"same normalized model, parameter, type and submission date"
3816,piotr25691/thea-c-3b-25r,piotr25691theac3b25r|3.213|posttrained,3816,kept_aggregated,"same normalized model, parameter, type and submission date"
3817,piotr25691/thea-rp-3b-25r,piotr25691thearp3b25r|3.213|posttrained,3817,kept_aggregated,"same normalized model, parameter, type and submission date"
3818,postbot/gpt2-medium-emailgen,postbotgpt2mediumemailgen|0.38|pretrained,3818,kept_aggregated,"same normalized model, parameter, type and submission date"
3819,prince-canuma/Ministral-8B-Instruct-2410-HF,princecanumaministral8binstruct2410hf|8.02|posttrained,3819,kept_aggregated,"same normalized model, parameter, type and submission date"
3820,princeton-nlp/Llama-3-8B-ProLong-512k-Base,princetonnlpllama38bprolong512kbase|8.03|pretrained,3820,kept_aggregated,"same normalized model, parameter, type and submission date"
3821,princeton-nlp/Llama-3-8B-ProLong-512k-Instruct,princetonnlpllama38bprolong512kinstruct|8.03|posttrained,3822,replaced_same_version_date,"same normalized model, parameter, type and submission date"
3822,princeton-nlp/Llama-3-8B-ProLong-512k-Instruct,princetonnlpllama38bprolong512kinstruct|8.03|posttrained,3822,kept_aggregated,"same normalized model, parameter, type and submission date"
3823,princeton-nlp/Llama-3-8B-ProLong-64k-Base,princetonnlpllama38bprolong64kbase|8.03|pretrained,3823,kept_aggregated,"same normalized model, parameter, type and submission date"
3824,princeton-nlp/Llama-3-8B-ProLong-64k-Instruct,princetonnlpllama38bprolong64kinstruct|8.03|posttrained,3824,kept_aggregated,"same normalized model, parameter, type and submission date"
3825,princeton-nlp/Llama-3-Base-8B-SFT,princetonnlpllama3base8bsft|8.03|posttrained,3825,kept_aggregated,"same normalized model, parameter, type and submission date"
3826,princeton-nlp/Llama-3-Base-8B-SFT-CPO,princetonnlpllama3base8bsftcpo|8.03|posttrained,3826,kept_aggregated,"same normalized model, parameter, type and submission date"
3827,princeton-nlp/Llama-3-Base-8B-SFT-DPO,princetonnlpllama3base8bsftdpo|8.03|posttrained,3827,kept_aggregated,"same normalized model, parameter, type and submission date"
3828,princeton-nlp/Llama-3-Base-8B-SFT-IPO,princetonnlpllama3base8bsftipo|8.03|posttrained,3828,kept_aggregated,"same normalized model, parameter, type and submission date"
3829,princeton-nlp/Llama-3-Base-8B-SFT-KTO,princetonnlpllama3base8bsftkto|8.03|posttrained,3829,kept_aggregated,"same normalized model, parameter, type and submission date"
3830,princeton-nlp/Llama-3-Base-8B-SFT-ORPO,princetonnlpllama3base8bsftorpo|8.03|posttrained,3830,kept_aggregated,"same normalized model, parameter, type and submission date"
3831,princeton-nlp/Llama-3-Base-8B-SFT-RDPO,princetonnlpllama3base8bsftrdpo|8.03|posttrained,3831,kept_aggregated,"same normalized model, parameter, type and submission date"
3832,princeton-nlp/Llama-3-Base-8B-SFT-RRHF,princetonnlpllama3base8bsftrrhf|8.03|posttrained,3832,kept_aggregated,"same normalized model, parameter, type and submission date"
3833,princeton-nlp/Llama-3-Base-8B-SFT-SLiC-HF,princetonnlpllama3base8bsftslichf|8.03|posttrained,3833,kept_aggregated,"same normalized model, parameter, type and submission date"
3834,princeton-nlp/Llama-3-Base-8B-SFT-SimPO,princetonnlpllama3base8bsftsimpo|8.03|posttrained,3834,kept_aggregated,"same normalized model, parameter, type and submission date"
3835,princeton-nlp/Llama-3-Instruct-8B-CPO,princetonnlpllama3instruct8bcpo|8.03|posttrained,3835,kept_aggregated,"same normalized model, parameter, type and submission date"
3836,princeton-nlp/Llama-3-Instruct-8B-CPO-v0.2,princetonnlpllama3instruct8bcpov02|8.03|posttrained,3836,kept_aggregated,"same normalized model, parameter, type and submission date"
3837,princeton-nlp/Llama-3-Instruct-8B-DPO,princetonnlpllama3instruct8bdpo|8.03|posttrained,3837,kept_aggregated,"same normalized model, parameter, type and submission date"
3838,princeton-nlp/Llama-3-Instruct-8B-DPO-v0.2,princetonnlpllama3instruct8bdpov02|8.03|posttrained,3838,kept_aggregated,"same normalized model, parameter, type and submission date"
3839,princeton-nlp/Llama-3-Instruct-8B-KTO,princetonnlpllama3instruct8bkto|8.03|posttrained,3839,kept_aggregated,"same normalized model, parameter, type and submission date"
3840,princeton-nlp/Llama-3-Instruct-8B-KTO-v0.2,princetonnlpllama3instruct8bktov02|8.03|posttrained,3840,kept_aggregated,"same normalized model, parameter, type and submission date"
3841,princeton-nlp/Llama-3-Instruct-8B-ORPO,princetonnlpllama3instruct8borpo|8.03|posttrained,3841,kept_aggregated,"same normalized model, parameter, type and submission date"
3842,princeton-nlp/Llama-3-Instruct-8B-ORPO-v0.2,princetonnlpllama3instruct8borpov02|8.03|posttrained,3842,kept_aggregated,"same normalized model, parameter, type and submission date"
3843,princeton-nlp/Llama-3-Instruct-8B-RDPO,princetonnlpllama3instruct8brdpo|8.03|posttrained,3843,kept_aggregated,"same normalized model, parameter, type and submission date"
3844,princeton-nlp/Llama-3-Instruct-8B-RDPO-v0.2,princetonnlpllama3instruct8brdpov02|8.03|posttrained,3844,kept_aggregated,"same normalized model, parameter, type and submission date"
3845,princeton-nlp/Llama-3-Instruct-8B-RRHF,princetonnlpllama3instruct8brrhf|8.03|posttrained,3845,kept_aggregated,"same normalized model, parameter, type and submission date"
3846,princeton-nlp/Llama-3-Instruct-8B-RRHF-v0.2,princetonnlpllama3instruct8brrhfv02|8.03|posttrained,3846,kept_aggregated,"same normalized model, parameter, type and submission date"
3847,princeton-nlp/Llama-3-Instruct-8B-SLiC-HF,princetonnlpllama3instruct8bslichf|8.03|posttrained,3847,kept_aggregated,"same normalized model, parameter, type and submission date"
3848,princeton-nlp/Llama-3-Instruct-8B-SLiC-HF-v0.2,princetonnlpllama3instruct8bslichfv02|8.03|posttrained,3848,kept_aggregated,"same normalized model, parameter, type and submission date"
3849,princeton-nlp/Llama-3-Instruct-8B-SimPO,princetonnlpllama3instruct8bsimpo|8.03|posttrained,3849,kept_aggregated,"same normalized model, parameter, type and submission date"
3850,princeton-nlp/Llama-3-Instruct-8B-SimPO-v0.2,princetonnlpllama3instruct8bsimpov02|8.03|posttrained,3850,kept_aggregated,"same normalized model, parameter, type and submission date"
3851,princeton-nlp/Mistral-7B-Base-SFT-CPO,princetonnlpmistral7bbasesftcpo|7.242|posttrained,3851,kept_aggregated,"same normalized model, parameter, type and submission date"
3852,princeton-nlp/Mistral-7B-Base-SFT-DPO,princetonnlpmistral7bbasesftdpo|7.242|posttrained,3852,kept_aggregated,"same normalized model, parameter, type and submission date"
3853,princeton-nlp/Mistral-7B-Base-SFT-IPO,princetonnlpmistral7bbasesftipo|7.242|posttrained,3853,kept_aggregated,"same normalized model, parameter, type and submission date"
3854,princeton-nlp/Mistral-7B-Base-SFT-KTO,princetonnlpmistral7bbasesftkto|7.242|posttrained,3854,kept_aggregated,"same normalized model, parameter, type and submission date"
3855,princeton-nlp/Mistral-7B-Base-SFT-RDPO,princetonnlpmistral7bbasesftrdpo|7.242|posttrained,3855,kept_aggregated,"same normalized model, parameter, type and submission date"
3856,princeton-nlp/Mistral-7B-Base-SFT-RRHF,princetonnlpmistral7bbasesftrrhf|7.242|posttrained,3856,kept_aggregated,"same normalized model, parameter, type and submission date"
3857,princeton-nlp/Mistral-7B-Base-SFT-SLiC-HF,princetonnlpmistral7bbasesftslichf|7.242|posttrained,3857,kept_aggregated,"same normalized model, parameter, type and submission date"
3858,princeton-nlp/Mistral-7B-Base-SFT-SimPO,princetonnlpmistral7bbasesftsimpo|7.242|posttrained,3858,kept_aggregated,"same normalized model, parameter, type and submission date"
3859,princeton-nlp/Mistral-7B-Instruct-CPO,princetonnlpmistral7binstructcpo|7.242|posttrained,3859,kept_aggregated,"same normalized model, parameter, type and submission date"
3860,princeton-nlp/Mistral-7B-Instruct-DPO,princetonnlpmistral7binstructdpo|7.242|posttrained,3860,kept_aggregated,"same normalized model, parameter, type and submission date"
3861,princeton-nlp/Mistral-7B-Instruct-IPO,princetonnlpmistral7binstructipo|7.242|posttrained,3861,kept_aggregated,"same normalized model, parameter, type and submission date"
3862,princeton-nlp/Mistral-7B-Instruct-KTO,princetonnlpmistral7binstructkto|7.242|posttrained,3862,kept_aggregated,"same normalized model, parameter, type and submission date"
3863,princeton-nlp/Mistral-7B-Instruct-ORPO,princetonnlpmistral7binstructorpo|7.242|posttrained,3863,kept_aggregated,"same normalized model, parameter, type and submission date"
3864,princeton-nlp/Mistral-7B-Instruct-RDPO,princetonnlpmistral7binstructrdpo|7.242|posttrained,3864,kept_aggregated,"same normalized model, parameter, type and submission date"
3865,princeton-nlp/Mistral-7B-Instruct-RRHF,princetonnlpmistral7binstructrrhf|7.242|posttrained,3865,kept_aggregated,"same normalized model, parameter, type and submission date"
3866,princeton-nlp/Mistral-7B-Instruct-SLiC-HF,princetonnlpmistral7binstructslichf|7.242|posttrained,3866,kept_aggregated,"same normalized model, parameter, type and submission date"
3867,princeton-nlp/Mistral-7B-Instruct-SimPO,princetonnlpmistral7binstructsimpo|7.242|posttrained,3867,kept_aggregated,"same normalized model, parameter, type and submission date"
3868,princeton-nlp/Sheared-LLaMA-1.3B,princetonnlpshearedllama13b|1.3|pretrained,3868,kept_aggregated,"same normalized model, parameter, type and submission date"
3869,princeton-nlp/Sheared-LLaMA-2.7B,princetonnlpshearedllama27b|2.7|pretrained,3869,kept_aggregated,"same normalized model, parameter, type and submission date"
3870,princeton-nlp/gemma-2-9b-it-DPO,princetonnlpgemma29bitdpo|9.242|posttrained,3870,kept_aggregated,"same normalized model, parameter, type and submission date"
3871,princeton-nlp/gemma-2-9b-it-SimPO,princetonnlpgemma29bitsimpo|9.242|posttrained,3871,kept_aggregated,"same normalized model, parameter, type and submission date"
3872,prithivMLmods/Bellatrix-1.5B-xElite,prithivmlmodsbellatrix15bxelite|1.777|posttrained,3872,kept_aggregated,"same normalized model, parameter, type and submission date"
3873,prithivMLmods/Bellatrix-Tiny-1.5B-R1,prithivmlmodsbellatrixtiny15br1|1.544|posttrained,3873,kept_aggregated,"same normalized model, parameter, type and submission date"
3874,prithivMLmods/Bellatrix-Tiny-1B-v2,prithivmlmodsbellatrixtiny1bv2|1.236|posttrained,3874,kept_aggregated,"same normalized model, parameter, type and submission date"
3875,prithivMLmods/Blaze-14B-xElite,prithivmlmodsblaze14bxelite|14.66|posttrained,3875,kept_aggregated,"same normalized model, parameter, type and submission date"
3876,prithivMLmods/COCO-7B-Instruct-1M,prithivmlmodscoco7binstruct1m|7.616|posttrained,3876,kept_aggregated,"same normalized model, parameter, type and submission date"
3877,prithivMLmods/Calcium-Opus-14B-Elite,prithivmlmodscalciumopus14belite|14.766|posttrained,3878,replaced_same_version_date,"same normalized model, parameter, type and submission date"
3878,prithivMLmods/Calcium-Opus-14B-Elite,prithivmlmodscalciumopus14belite|14.766|posttrained,3878,kept_aggregated,"same normalized model, parameter, type and submission date"
3879,prithivMLmods/Calcium-Opus-14B-Elite-1M,prithivmlmodscalciumopus14belite1m|14.77|posttrained,3879,kept_aggregated,"same normalized model, parameter, type and submission date"
3880,prithivMLmods/Calcium-Opus-14B-Elite-Stock,prithivmlmodscalciumopus14belitestock|14.766|merge,3880,kept_aggregated,"same normalized model, parameter, type and submission date"
3881,prithivMLmods/Calcium-Opus-14B-Elite2,prithivmlmodscalciumopus14belite2|14.766|posttrained,3881,kept_aggregated,"same normalized model, parameter, type and submission date"
3882,prithivMLmods/Calcium-Opus-14B-Elite2-R1,prithivmlmodscalciumopus14belite2r1|14.766|posttrained,3882,kept_aggregated,"same normalized model, parameter, type and submission date"
3883,prithivMLmods/Calcium-Opus-14B-Elite3,prithivmlmodscalciumopus14belite3|14.766|posttrained,3883,kept_aggregated,"same normalized model, parameter, type and submission date"
3884,prithivMLmods/Calcium-Opus-14B-Elite4,prithivmlmodscalciumopus14belite4|14.766|posttrained,3884,kept_aggregated,"same normalized model, parameter, type and submission date"
3885,prithivMLmods/Calcium-Opus-14B-Merge,prithivmlmodscalciumopus14bmerge|14.766|merge,3885,kept_aggregated,"same normalized model, parameter, type and submission date"
3886,prithivMLmods/Calcium-Opus-20B-v1,prithivmlmodscalciumopus20bv1|19.173|posttrained,3886,kept_aggregated,"same normalized model, parameter, type and submission date"
3887,prithivMLmods/Codepy-Deepthink-3B,prithivmlmodscodepydeepthink3b|3.213|posttrained,3887,kept_aggregated,"same normalized model, parameter, type and submission date"
3888,prithivMLmods/Coma-II-14B,prithivmlmodscomaii14b|14.766|posttrained,3888,kept_aggregated,"same normalized model, parameter, type and submission date"
3889,prithivMLmods/Condor-Opus-14B-Exp,prithivmlmodscondoropus14bexp|14.77|posttrained,3889,kept_aggregated,"same normalized model, parameter, type and submission date"
3890,prithivMLmods/Cygnus-II-14B,prithivmlmodscygnusii14b|14.766|posttrained,3890,kept_aggregated,"same normalized model, parameter, type and submission date"
3891,prithivMLmods/Deepthink-Llama-3-8B-Preview,prithivmlmodsdeepthinkllama38bpreview|8.03|posttrained,3891,kept_aggregated,"same normalized model, parameter, type and submission date"
3892,prithivMLmods/Deepthink-Reasoning-14B,prithivmlmodsdeepthinkreasoning14b|14.77|posttrained,3892,kept_aggregated,"same normalized model, parameter, type and submission date"
3893,prithivMLmods/Deepthink-Reasoning-7B,prithivmlmodsdeepthinkreasoning7b|7.616|posttrained,3893,kept_aggregated,"same normalized model, parameter, type and submission date"
3894,prithivMLmods/Dinobot-Opus-14B-Exp,prithivmlmodsdinobotopus14bexp|14.77|posttrained,3894,kept_aggregated,"same normalized model, parameter, type and submission date"
3895,prithivMLmods/Elita-0.1-Distilled-R1-abliterated,prithivmlmodselita01distilledr1abliterated|7.616|posttrained,3895,kept_aggregated,"same normalized model, parameter, type and submission date"
3896,prithivMLmods/Elita-1,prithivmlmodselita1|14.766|posttrained,3896,kept_aggregated,"same normalized model, parameter, type and submission date"
3897,prithivMLmods/Epimetheus-14B-Axo,prithivmlmodsepimetheus14baxo|14.766|posttrained,3897,kept_aggregated,"same normalized model, parameter, type and submission date"
3898,prithivMLmods/Equuleus-Opus-14B-Exp,prithivmlmodsequuleusopus14bexp|14.766|posttrained,3898,kept_aggregated,"same normalized model, parameter, type and submission date"
3899,prithivMLmods/Eridanus-Opus-14B-r999,prithivmlmodseridanusopus14br999|14.77|posttrained,3899,kept_aggregated,"same normalized model, parameter, type and submission date"
3900,prithivMLmods/Evac-Opus-14B-Exp,prithivmlmodsevacopus14bexp|14.77|posttrained,3900,kept_aggregated,"same normalized model, parameter, type and submission date"
3901,prithivMLmods/FastThink-0.5B-Tiny,prithivmlmodsfastthink05btiny|0.494|posttrained,3901,kept_aggregated,"same normalized model, parameter, type and submission date"
3902,prithivMLmods/GWQ-9B-Preview,prithivmlmodsgwq9bpreview|9.242|posttrained,3902,kept_aggregated,"same normalized model, parameter, type and submission date"
3903,prithivMLmods/GWQ-9B-Preview2,prithivmlmodsgwq9bpreview2|9.242|posttrained,3903,kept_aggregated,"same normalized model, parameter, type and submission date"
3904,prithivMLmods/GWQ2b,prithivmlmodsgwq2b|2.614|posttrained,3904,kept_aggregated,"same normalized model, parameter, type and submission date"
3905,prithivMLmods/Gaea-Opus-14B-Exp,prithivmlmodsgaeaopus14bexp|14.766|posttrained,3905,kept_aggregated,"same normalized model, parameter, type and submission date"
3906,prithivMLmods/Galactic-Qwen-14B-Exp1,prithivmlmodsgalacticqwen14bexp1|14.766|posttrained,3906,kept_aggregated,"same normalized model, parameter, type and submission date"
3907,prithivMLmods/Galactic-Qwen-14B-Exp2,prithivmlmodsgalacticqwen14bexp2|14.766|posttrained,3907,kept_aggregated,"same normalized model, parameter, type and submission date"
3908,prithivMLmods/Gauss-Opus-14B-R999,prithivmlmodsgaussopus14br999|14.77|posttrained,3908,kept_aggregated,"same normalized model, parameter, type and submission date"
3909,prithivMLmods/Jolt-v0.1,prithivmlmodsjoltv01|14.766|posttrained,3909,kept_aggregated,"same normalized model, parameter, type and submission date"
3910,prithivMLmods/Lacerta-Opus-14B-Elite8,prithivmlmodslacertaopus14belite8|14.766|posttrained,3910,kept_aggregated,"same normalized model, parameter, type and submission date"
3911,prithivMLmods/Llama-3.1-5B-Instruct,prithivmlmodsllama315binstruct|5.413|posttrained,3911,kept_aggregated,"same normalized model, parameter, type and submission date"
3912,prithivMLmods/Llama-3.1-8B-Open-SFT,prithivmlmodsllama318bopensft|8.03|posttrained,3912,kept_aggregated,"same normalized model, parameter, type and submission date"
3913,prithivMLmods/Llama-3.2-3B-Math-Oct,prithivmlmodsllama323bmathoct|3.213|posttrained,3913,kept_aggregated,"same normalized model, parameter, type and submission date"
3914,prithivMLmods/Llama-3.2-6B-AlgoCode,prithivmlmodsllama326balgocode|6.339|posttrained,3914,kept_aggregated,"same normalized model, parameter, type and submission date"
3915,prithivMLmods/Llama-8B-Distill-CoT,prithivmlmodsllama8bdistillcot|8.03|posttrained,3915,kept_aggregated,"same normalized model, parameter, type and submission date"
3916,prithivMLmods/Llama-Deepsync-1B,prithivmlmodsllamadeepsync1b|1.236|posttrained,3916,kept_aggregated,"same normalized model, parameter, type and submission date"
3917,prithivMLmods/Llama-Deepsync-3B,prithivmlmodsllamadeepsync3b|3.213|posttrained,3917,kept_aggregated,"same normalized model, parameter, type and submission date"
3918,prithivMLmods/Llama-Express.1-Math,prithivmlmodsllamaexpress1math|1.236|posttrained,3918,kept_aggregated,"same normalized model, parameter, type and submission date"
3919,prithivMLmods/LwQ-10B-Instruct,prithivmlmodslwq10binstruct|10.732|posttrained,3919,kept_aggregated,"same normalized model, parameter, type and submission date"
3920,prithivMLmods/LwQ-Reasoner-10B,prithivmlmodslwqreasoner10b|10.306|posttrained,3920,kept_aggregated,"same normalized model, parameter, type and submission date"
3921,prithivMLmods/Magellanic-Opus-14B-Exp,prithivmlmodsmagellanicopus14bexp|14.766|posttrained,3921,kept_aggregated,"same normalized model, parameter, type and submission date"
3922,prithivMLmods/Magellanic-Qwen-25B-R999,prithivmlmodsmagellanicqwen25br999|24.962|posttrained,3922,kept_aggregated,"same normalized model, parameter, type and submission date"
3923,prithivMLmods/Megatron-Corpus-14B-Exp,prithivmlmodsmegatroncorpus14bexp|14.766|posttrained,3923,kept_aggregated,"same normalized model, parameter, type and submission date"
3924,prithivMLmods/Megatron-Corpus-14B-Exp.v2,prithivmlmodsmegatroncorpus14bexpv2|14.766|posttrained,3924,kept_aggregated,"same normalized model, parameter, type and submission date"
3925,prithivMLmods/Megatron-Opus-14B-2.0,prithivmlmodsmegatronopus14b20|14.66|posttrained,3925,kept_aggregated,"same normalized model, parameter, type and submission date"
3926,prithivMLmods/Megatron-Opus-14B-2.1,prithivmlmodsmegatronopus14b21|14.66|posttrained,3926,kept_aggregated,"same normalized model, parameter, type and submission date"
3927,prithivMLmods/Megatron-Opus-14B-Exp,prithivmlmodsmegatronopus14bexp|14.766|posttrained,3927,kept_aggregated,"same normalized model, parameter, type and submission date"
3928,prithivMLmods/Megatron-Opus-14B-Stock,prithivmlmodsmegatronopus14bstock|14.766|merge,3928,kept_aggregated,"same normalized model, parameter, type and submission date"
3929,prithivMLmods/Megatron-Opus-7B-Exp,prithivmlmodsmegatronopus7bexp|7.456|posttrained,3929,kept_aggregated,"same normalized model, parameter, type and submission date"
3930,prithivMLmods/Messier-Opus-14B-Elite7,prithivmlmodsmessieropus14belite7|14.766|posttrained,3930,kept_aggregated,"same normalized model, parameter, type and submission date"
3931,prithivMLmods/Omni-Reasoner-Merged,prithivmlmodsomnireasonermerged|7.616|posttrained,3931,kept_aggregated,"same normalized model, parameter, type and submission date"
3932,prithivMLmods/Omni-Reasoner3-Merged,prithivmlmodsomnireasoner3merged|3.213|posttrained,3932,kept_aggregated,"same normalized model, parameter, type and submission date"
3933,prithivMLmods/Pegasus-Opus-14B-Exp,prithivmlmodspegasusopus14bexp|14.766|posttrained,3933,kept_aggregated,"same normalized model, parameter, type and submission date"
3934,prithivMLmods/Phi-4-Empathetic,prithivmlmodsphi4empathetic|14.66|posttrained,3934,kept_aggregated,"same normalized model, parameter, type and submission date"
3935,prithivMLmods/Phi-4-Math-IO,prithivmlmodsphi4mathio|14.66|posttrained,3935,kept_aggregated,"same normalized model, parameter, type and submission date"
3936,prithivMLmods/Phi-4-QwQ,prithivmlmodsphi4qwq|14.66|posttrained,3936,kept_aggregated,"same normalized model, parameter, type and submission date"
3937,prithivMLmods/Phi-4-Super,prithivmlmodsphi4super|14.66|merge,3937,kept_aggregated,"same normalized model, parameter, type and submission date"
3938,prithivMLmods/Phi-4-Super-1,prithivmlmodsphi4super1|14.66|merge,3938,kept_aggregated,"same normalized model, parameter, type and submission date"
3939,prithivMLmods/Phi-4-Super-o1,prithivmlmodsphi4supero1|14.66|merge,3939,kept_aggregated,"same normalized model, parameter, type and submission date"
3940,prithivMLmods/Phi-4-o1,prithivmlmodsphi4o1|14.66|posttrained,3940,kept_aggregated,"same normalized model, parameter, type and submission date"
3941,prithivMLmods/Phi4-Super,prithivmlmodsphi4super|14.66|posttrained,3941,kept_aggregated,"same normalized model, parameter, type and submission date"
3942,prithivMLmods/Porpoise-Opus-14B-Exp,prithivmlmodsporpoiseopus14bexp|14.766|posttrained,3942,kept_aggregated,"same normalized model, parameter, type and submission date"
3943,prithivMLmods/Primal-Opus-14B-Optimus-v1,prithivmlmodsprimalopus14boptimusv1|14.766|posttrained,3943,kept_aggregated,"same normalized model, parameter, type and submission date"
3944,prithivMLmods/Primal-Opus-14B-Optimus-v2,prithivmlmodsprimalopus14boptimusv2|14.766|posttrained,3944,kept_aggregated,"same normalized model, parameter, type and submission date"
3945,prithivMLmods/QwQ-LCoT-14B-Conversational,prithivmlmodsqwqlcot14bconversational|14.77|posttrained,3945,kept_aggregated,"same normalized model, parameter, type and submission date"
3946,prithivMLmods/QwQ-LCoT-3B-Instruct,prithivmlmodsqwqlcot3binstruct|3.086|posttrained,3946,kept_aggregated,"same normalized model, parameter, type and submission date"
3947,prithivMLmods/QwQ-LCoT-7B-Instruct,prithivmlmodsqwqlcot7binstruct|7.616|posttrained,3947,kept_aggregated,"same normalized model, parameter, type and submission date"
3948,prithivMLmods/QwQ-LCoT1-Merged,prithivmlmodsqwqlcot1merged|7.616|posttrained,3948,kept_aggregated,"same normalized model, parameter, type and submission date"
3949,prithivMLmods/QwQ-LCoT2-7B-Instruct,prithivmlmodsqwqlcot27binstruct|7.616|posttrained,3949,kept_aggregated,"same normalized model, parameter, type and submission date"
3950,prithivMLmods/QwQ-MathOct-7B,prithivmlmodsqwqmathoct7b|7.616|posttrained,3950,kept_aggregated,"same normalized model, parameter, type and submission date"
3951,prithivMLmods/QwQ-R1-Distill-1.5B-CoT,prithivmlmodsqwqr1distill15bcot|1.777|posttrained,3951,kept_aggregated,"same normalized model, parameter, type and submission date"
3952,prithivMLmods/QwQ-R1-Distill-7B-CoT,prithivmlmodsqwqr1distill7bcot|7.616|posttrained,3952,kept_aggregated,"same normalized model, parameter, type and submission date"
3953,prithivMLmods/Qwen-7B-Distill-Reasoner,prithivmlmodsqwen7bdistillreasoner|7.616|posttrained,3953,kept_aggregated,"same normalized model, parameter, type and submission date"
3954,prithivMLmods/Qwen2.5-1.5B-DeepSeek-R1-Instruct,prithivmlmodsqwen2515bdeepseekr1instruct|1.777|merge,3954,kept_aggregated,"same normalized model, parameter, type and submission date"
3955,prithivMLmods/Qwen2.5-14B-DeepSeek-R1-1M,prithivmlmodsqwen2514bdeepseekr11m|14.77|merge,3955,kept_aggregated,"same normalized model, parameter, type and submission date"
3956,prithivMLmods/Qwen2.5-7B-DeepSeek-R1-1M,prithivmlmodsqwen257bdeepseekr11m|7.616|merge,3956,kept_aggregated,"same normalized model, parameter, type and submission date"
3957,prithivMLmods/SmolLM2-CoT-360M,prithivmlmodssmollm2cot360m|0.362|posttrained,3957,kept_aggregated,"same normalized model, parameter, type and submission date"
3958,prithivMLmods/Sombrero-Opus-14B-Elite5,prithivmlmodssombreroopus14belite5|14.766|posttrained,3958,kept_aggregated,"same normalized model, parameter, type and submission date"
3959,prithivMLmods/Sombrero-Opus-14B-Elite6,prithivmlmodssombreroopus14belite6|14.766|posttrained,3959,kept_aggregated,"same normalized model, parameter, type and submission date"
3960,prithivMLmods/Sombrero-Opus-14B-Sm1,prithivmlmodssombreroopus14bsm1|14.77|posttrained,3960,kept_aggregated,"same normalized model, parameter, type and submission date"
3961,prithivMLmods/Sombrero-Opus-14B-Sm2,prithivmlmodssombreroopus14bsm2|14.77|posttrained,3961,kept_aggregated,"same normalized model, parameter, type and submission date"
3962,prithivMLmods/Sombrero-Opus-14B-Sm4,prithivmlmodssombreroopus14bsm4|14.77|posttrained,3962,kept_aggregated,"same normalized model, parameter, type and submission date"
3963,prithivMLmods/Sombrero-Opus-14B-Sm5,prithivmlmodssombreroopus14bsm5|14.766|posttrained,3963,kept_aggregated,"same normalized model, parameter, type and submission date"
3964,prithivMLmods/Sqweeks-7B-Instruct,prithivmlmodssqweeks7binstruct|7.616|posttrained,3964,kept_aggregated,"same normalized model, parameter, type and submission date"
3965,prithivMLmods/Tadpole-Opus-14B-Exp,prithivmlmodstadpoleopus14bexp|14.766|posttrained,3965,kept_aggregated,"same normalized model, parameter, type and submission date"
3966,prithivMLmods/Taurus-Opus-7B,prithivmlmodstaurusopus7b|7.456|posttrained,3966,kept_aggregated,"same normalized model, parameter, type and submission date"
3967,prithivMLmods/Triangulum-10B,prithivmlmodstriangulum10b|10.306|posttrained,3967,kept_aggregated,"same normalized model, parameter, type and submission date"
3968,prithivMLmods/Triangulum-5B,prithivmlmodstriangulum5b|5.413|posttrained,3968,kept_aggregated,"same normalized model, parameter, type and submission date"
3969,prithivMLmods/Triangulum-v2-10B,prithivmlmodstriangulumv210b|10.306|posttrained,3969,kept_aggregated,"same normalized model, parameter, type and submission date"
3970,prithivMLmods/Tucana-Opus-14B-r999,prithivmlmodstucanaopus14br999|14.77|posttrained,3970,kept_aggregated,"same normalized model, parameter, type and submission date"
3971,prithivMLmods/Tulu-MathLingo-8B,prithivmlmodstulumathlingo8b|8.03|posttrained,3971,kept_aggregated,"same normalized model, parameter, type and submission date"
3972,prithivMLmods/Viper-Coder-7B-Elite14,prithivmlmodsvipercoder7belite14|7.616|posttrained,3972,kept_aggregated,"same normalized model, parameter, type and submission date"
3973,prithivMLmods/Viper-Coder-Hybrid-v1.2,prithivmlmodsvipercoderhybridv12|14.766|posttrained,3973,kept_aggregated,"same normalized model, parameter, type and submission date"
3974,prithivMLmods/Viper-Coder-Hybrid-v1.3,prithivmlmodsvipercoderhybridv13|14.766|posttrained,3974,kept_aggregated,"same normalized model, parameter, type and submission date"
3975,prithivMLmods/Viper-Coder-HybridMini-v1.3,prithivmlmodsvipercoderhybridminiv13|7.616|posttrained,3975,kept_aggregated,"same normalized model, parameter, type and submission date"
3976,prithivMLmods/Viper-Coder-v0.1,prithivmlmodsvipercoderv01|14.766|posttrained,3976,kept_aggregated,"same normalized model, parameter, type and submission date"
3977,prithivMLmods/Viper-Coder-v1.1,prithivmlmodsvipercoderv11|14.77|posttrained,3977,kept_aggregated,"same normalized model, parameter, type and submission date"
3978,prithivMLmods/Viper-Coder-v1.6-r999,prithivmlmodsvipercoderv16r999|14.77|posttrained,3978,kept_aggregated,"same normalized model, parameter, type and submission date"
3979,prithivMLmods/Viper-Coder-v1.7-Vsm6,prithivmlmodsvipercoderv17vsm6|14.766|posttrained,3979,kept_aggregated,"same normalized model, parameter, type and submission date"
3980,prithivMLmods/Viper-OneCoder-UIGEN,prithivmlmodsviperonecoderuigen|14.77|posttrained,3980,kept_aggregated,"same normalized model, parameter, type and submission date"
3981,prithivMLmods/Volans-Opus-14B-Exp,prithivmlmodsvolansopus14bexp|14.766|posttrained,3981,kept_aggregated,"same normalized model, parameter, type and submission date"
3982,prithivMLmods/WebMind-7B-v0.1,prithivmlmodswebmind7bv01|7.616|posttrained,3982,kept_aggregated,"same normalized model, parameter, type and submission date"
3983,pszemraj/Llama-3-6.3b-v0.1,pszemrajllama363bv01|6.3|pretrained,3983,kept_aggregated,"same normalized model, parameter, type and submission date"
3984,pszemraj/Mistral-v0.3-6B,pszemrajmistralv036b|5.939|pretrained,3984,kept_aggregated,"same normalized model, parameter, type and submission date"
3985,qingy2019/LLaMa_3.2_3B_Catalysts,qingy2019llama323bcatalysts|3.0|posttrained,3985,kept_aggregated,"same normalized model, parameter, type and submission date"
3986,qingy2019/OpenMath2-Llama3.1-8B,qingy2019openmath2llama318b|8.0|posttrained,3986,kept_aggregated,"same normalized model, parameter, type and submission date"
3987,qingy2019/Oracle-14B,qingy2019oracle14b|13.668|merge,3987,kept_aggregated,"same normalized model, parameter, type and submission date"
3988,qingy2019/Oracle-14B,qingy2019oracle14b|13.668|merge,3988,kept_aggregated,"same normalized model, parameter, type and submission date"
3989,qingy2019/Qwen2.5-Math-14B-Instruct,qingy2019qwen25math14binstruct|14.0|posttrained,3990,replaced_same_version_date,"same normalized model, parameter, type and submission date"
3990,qingy2019/Qwen2.5-Math-14B-Instruct,qingy2019qwen25math14binstruct|14.0|posttrained,3990,kept_aggregated,"same normalized model, parameter, type and submission date"
3991,qingy2019/Qwen2.5-Math-14B-Instruct-Alpha,qingy2019qwen25math14binstructalpha|14.0|posttrained,3991,kept_aggregated,"same normalized model, parameter, type and submission date"
3992,qingy2019/Qwen2.5-Math-14B-Instruct-Pro,qingy2019qwen25math14binstructpro|14.766|posttrained,3992,kept_aggregated,"same normalized model, parameter, type and submission date"
3993,qingy2019/Qwen2.5-Ultimate-14B-Instruct,qingy2019qwen25ultimate14binstruct|14.766|merge,3993,kept_aggregated,"same normalized model, parameter, type and submission date"
3994,qingy2024/Benchmaxx-Llama-3.2-1B-Instruct,qingy2024benchmaxxllama321binstruct|1.236|posttrained,3994,kept_aggregated,"same normalized model, parameter, type and submission date"
3995,qingy2024/Eyas-17B-Instruct,qingy2024eyas17binstruct|17.431|posttrained,3995,kept_aggregated,"same normalized model, parameter, type and submission date"
3996,qingy2024/Falcon3-2x10B-MoE-Instruct,qingy2024falcon32x10bmoeinstruct|18.799|pretrained,3996,kept_aggregated,"same normalized model, parameter, type and submission date"
3997,qingy2024/Fusion-14B-Instruct,qingy2024fusion14binstruct|14.0|posttrained,3997,kept_aggregated,"same normalized model, parameter, type and submission date"
3998,qingy2024/Fusion2-14B-Instruct,qingy2024fusion214binstruct|14.766|posttrained,3998,kept_aggregated,"same normalized model, parameter, type and submission date"
3999,qingy2024/Fusion4-14B-Instruct,qingy2024fusion414binstruct|14.77|posttrained,3999,kept_aggregated,"same normalized model, parameter, type and submission date"
4000,qingy2024/OwO-14B-Instruct,qingy2024owo14binstruct|14.77|posttrained,4000,kept_aggregated,"same normalized model, parameter, type and submission date"
4001,qingy2024/QwEnlarge-16B-Instruct,qingy2024qwenlarge16binstruct|15.871|posttrained,4001,kept_aggregated,"same normalized model, parameter, type and submission date"
4002,qingy2024/QwQ-14B-Math-v0.2,qingy2024qwq14bmathv02|14.77|posttrained,4002,kept_aggregated,"same normalized model, parameter, type and submission date"
4003,qingy2024/Qwarkstar-4B,qingy2024qwarkstar4b|4.473|pretrained,4003,kept_aggregated,"same normalized model, parameter, type and submission date"
4004,qingy2024/Qwarkstar-4B-Instruct-Preview,qingy2024qwarkstar4binstructpreview|4.473|posttrained,4004,kept_aggregated,"same normalized model, parameter, type and submission date"
4005,qingy2024/Qwen2.5-4B,qingy2024qwen254b|4.168|pretrained,4005,kept_aggregated,"same normalized model, parameter, type and submission date"
4006,qingy2024/Qwen2.5-Coder-Draft-1.5B-Instruct,qingy2024qwen25coderdraft15binstruct|1.544|posttrained,4006,kept_aggregated,"same normalized model, parameter, type and submission date"
4007,qingy2024/Qwen2.5-Math-14B-Instruct-Alpha,qingy2024qwen25math14binstructalpha|14.77|posttrained,4007,kept_aggregated,"same normalized model, parameter, type and submission date"
4008,qingy2024/Qwen2.5-Math-14B-Instruct-Preview,qingy2024qwen25math14binstructpreview|14.77|posttrained,4008,kept_aggregated,"same normalized model, parameter, type and submission date"
4009,qingy2024/Qwen2.6-14B-Instruct,qingy2024qwen2614binstruct|14.766|merge,4009,kept_aggregated,"same normalized model, parameter, type and submission date"
4010,qingy2024/Qwen2.6-Math-14B-Instruct,qingy2024qwen26math14binstruct|14.0|posttrained,4010,kept_aggregated,"same normalized model, parameter, type and submission date"
4011,qq8933/OpenLongCoT-Base-Gemma2-2B,qq8933openlongcotbasegemma22b|3.204|posttrained,4011,kept_aggregated,"same normalized model, parameter, type and submission date"
4012,raphgg/test-2.5-72B,raphggtest2572b|72.706|posttrained,4012,kept_aggregated,"same normalized model, parameter, type and submission date"
4013,rasyosef/Mistral-NeMo-Minitron-8B-Chat,rasyosefmistralnemominitron8bchat|8.414|posttrained,4013,kept_aggregated,"same normalized model, parameter, type and submission date"
4014,rasyosef/Phi-1_5-Instruct-v0.1,rasyosefphi15instructv01|1.415|posttrained,4014,kept_aggregated,"same normalized model, parameter, type and submission date"
4015,rasyosef/phi-2-instruct-apo,rasyosefphi2instructapo|2.775|posttrained,4015,kept_aggregated,"same normalized model, parameter, type and submission date"
4016,rasyosef/phi-2-instruct-v0.1,rasyosefphi2instructv01|2.775|posttrained,4016,kept_aggregated,"same normalized model, parameter, type and submission date"
4017,realtreetune/rho-1b-sft-MATH,realtreetunerho1bsftmath|1.1|posttrained,4017,kept_aggregated,"same normalized model, parameter, type and submission date"
4018,recoilme/Gemma-2-Ataraxy-Gemmasutra-9B-slerp,recoilmegemma2ataraxygemmasutra9bslerp|10.159|posttrained,4018,kept_aggregated,"same normalized model, parameter, type and submission date"
4019,recoilme/Gemma-2-Ataraxy-Gemmasutra-9B-slerp,recoilmegemma2ataraxygemmasutra9bslerp|10.159|merge,4019,kept_aggregated,"same normalized model, parameter, type and submission date"
4020,recoilme/recoilme-gemma-2-9B-v0.1,recoilmerecoilmegemma29bv01|10.159|posttrained,4020,kept_aggregated,"same normalized model, parameter, type and submission date"
4021,recoilme/recoilme-gemma-2-9B-v0.2,recoilmerecoilmegemma29bv02|10.159|posttrained,4021,kept_aggregated,"same normalized model, parameter, type and submission date"
4022,recoilme/recoilme-gemma-2-9B-v0.2,recoilmerecoilmegemma29bv02|10.159|merge,4022,kept_aggregated,"same normalized model, parameter, type and submission date"
4023,recoilme/recoilme-gemma-2-9B-v0.3,recoilmerecoilmegemma29bv03|10.159|posttrained,4023,kept_aggregated,"same normalized model, parameter, type and submission date"
4024,recoilme/recoilme-gemma-2-9B-v0.3,recoilmerecoilmegemma29bv03|10.159|merge,4024,kept_aggregated,"same normalized model, parameter, type and submission date"
4025,recoilme/recoilme-gemma-2-9B-v0.4,recoilmerecoilmegemma29bv04|10.159|merge,4025,kept_aggregated,"same normalized model, parameter, type and submission date"
4026,recoilme/recoilme-gemma-2-9B-v0.5,recoilmerecoilmegemma29bv05|10.159|posttrained,4026,kept_aggregated,"same normalized model, parameter, type and submission date"
4027,redrix/AngelSlayer-12B-Unslop-Mell-RPMax-DARKNESS,redrixangelslayer12bunslopmellrpmaxdarkness|12.248|merge,4027,kept_aggregated,"same normalized model, parameter, type and submission date"
4028,redrix/patricide-12B-Unslop-Mell,redrixpatricide12bunslopmell|12.248|merge,4028,kept_aggregated,"same normalized model, parameter, type and submission date"
4029,refuelai/Llama-3-Refueled,refuelaillama3refueled|8.03|posttrained,4029,kept_aggregated,"same normalized model, parameter, type and submission date"
4030,rhplus0831/maid-yuzu-v7,rhplus0831maidyuzuv7|46.703|posttrained,4030,kept_aggregated,"same normalized model, parameter, type and submission date"
4031,rhymes-ai/Aria,rhymesaiaria|25.307|excluded_other,4031,kept_aggregated,"same normalized model, parameter, type and submission date"
4032,rhysjones/phi-2-orange-v2,rhysjonesphi2orangev2|2.78|posttrained,4032,kept_aggregated,"same normalized model, parameter, type and submission date"
4033,riaz/FineLlama-3.1-8B,riazfinellama318b|8.03|posttrained,4034,replaced_same_version_date,"same normalized model, parameter, type and submission date"
4034,riaz/FineLlama-3.1-8B,riazfinellama318b|8.03|posttrained,4034,kept_aggregated,"same normalized model, parameter, type and submission date"
4035,rmdhirr/Gluon-8B,rmdhirrgluon8b|8.03|merge,4035,kept_aggregated,"same normalized model, parameter, type and submission date"
4036,rombodawg/Rombos-Coder-V2.5-Qwen-14b,rombodawgromboscoderv25qwen14b|14.77|posttrained,4036,kept_aggregated,"same normalized model, parameter, type and submission date"
4037,rombodawg/Rombos-Coder-V2.5-Qwen-7b,rombodawgromboscoderv25qwen7b|7.616|posttrained,4037,kept_aggregated,"same normalized model, parameter, type and submission date"
4038,rombodawg/Rombos-LLM-V2.5-Qwen-0.5b,rombodawgrombosllmv25qwen05b|0.63|posttrained,4038,kept_aggregated,"same normalized model, parameter, type and submission date"
4039,rombodawg/Rombos-LLM-V2.5-Qwen-1.5b,rombodawgrombosllmv25qwen15b|1.777|posttrained,4039,kept_aggregated,"same normalized model, parameter, type and submission date"
4040,rombodawg/Rombos-LLM-V2.5-Qwen-14b,rombodawgrombosllmv25qwen14b|14.77|posttrained,4040,kept_aggregated,"same normalized model, parameter, type and submission date"
4041,rombodawg/Rombos-LLM-V2.5-Qwen-32b,rombodawgrombosllmv25qwen32b|32.764|posttrained,4041,kept_aggregated,"same normalized model, parameter, type and submission date"
4042,rombodawg/Rombos-LLM-V2.5-Qwen-3b,rombodawgrombosllmv25qwen3b|3.397|posttrained,4042,kept_aggregated,"same normalized model, parameter, type and submission date"
4043,rombodawg/Rombos-LLM-V2.5-Qwen-72b,rombodawgrombosllmv25qwen72b|72.706|merge,4043,kept_aggregated,"same normalized model, parameter, type and submission date"
4044,rombodawg/Rombos-LLM-V2.5-Qwen-7b,rombodawgrombosllmv25qwen7b|7.616|posttrained,4044,kept_aggregated,"same normalized model, parameter, type and submission date"
4045,rombodawg/Rombos-LLM-V2.5.1-Qwen-3b,rombodawgrombosllmv251qwen3b|3.397|merge,4045,kept_aggregated,"same normalized model, parameter, type and submission date"
4046,rombodawg/Rombos-LLM-V2.5.1-Qwen-3b,rombodawgrombosllmv251qwen3b|3.397|posttrained,4046,kept_aggregated,"same normalized model, parameter, type and submission date"
4047,rombodawg/Rombos-LLM-V2.6-Nemotron-70b,rombodawgrombosllmv26nemotron70b|70.554|posttrained,4047,kept_aggregated,"same normalized model, parameter, type and submission date"
4048,rombodawg/Rombos-LLM-V2.6-Qwen-14b,rombodawgrombosllmv26qwen14b|14.77|posttrained,4048,kept_aggregated,"same normalized model, parameter, type and submission date"
4049,rombodawg/rombos_Replete-Coder-Instruct-8b-Merged,rombodawgrombosrepletecoderinstruct8bmerged|8.03|merge,4049,kept_aggregated,"same normalized model, parameter, type and submission date"
4050,rombodawg/rombos_Replete-Coder-Llama3-8B,rombodawgrombosrepletecoderllama38b|8.03|posttrained,4050,kept_aggregated,"same normalized model, parameter, type and submission date"
4051,rootxhacker/Apollo-70B,rootxhackerapollo70b|70.554|merge,4051,kept_aggregated,"same normalized model, parameter, type and submission date"
4052,rootxhacker/Apollo_v2-32B,rootxhackerapollov232b|32.764|merge,4052,kept_aggregated,"same normalized model, parameter, type and submission date"
4053,rootxhacker/apollo-7B,rootxhackerapollo7b|7.616|posttrained,4053,kept_aggregated,"same normalized model, parameter, type and submission date"
4054,rsh345/mistral-ft-optimized-1218-NeuralHermes-2.5-Mistral-7B,rsh345mistralftoptimized1218neuralhermes25mistral7b|7.242|merge,4054,kept_aggregated,"same normalized model, parameter, type and submission date"
4055,rubenroy/Geneva-12B-GCv2-5m,rubenroygeneva12bgcv25m|12.248|posttrained,4055,kept_aggregated,"same normalized model, parameter, type and submission date"
4056,rubenroy/Gilgamesh-72B,rubenroygilgamesh72b|72.706|posttrained,4056,kept_aggregated,"same normalized model, parameter, type and submission date"
4057,rubenroy/Zurich-14B-GCv2-5m,rubenroyzurich14bgcv25m|14.77|posttrained,4057,kept_aggregated,"same normalized model, parameter, type and submission date"
4058,ruizhe1217/sft-s1-qwen-0.5b,ruizhe1217sfts1qwen05b|0.494|posttrained,4058,kept_aggregated,"same normalized model, parameter, type and submission date"
4059,rwitz/go-bruins-v2,rwitzgobruinsv2|7.242|posttrained,4059,kept_aggregated,"same normalized model, parameter, type and submission date"
4060,sabersaleh/Llama2-7B-CPO,sabersalehllama27bcpo|7.0|posttrained,4060,kept_aggregated,"same normalized model, parameter, type and submission date"
4061,sabersaleh/Llama2-7B-DPO,sabersalehllama27bdpo|7.0|posttrained,4061,kept_aggregated,"same normalized model, parameter, type and submission date"
4062,sabersaleh/Llama2-7B-IPO,sabersalehllama27bipo|7.0|posttrained,4062,kept_aggregated,"same normalized model, parameter, type and submission date"
4063,sabersaleh/Llama2-7B-KTO,sabersalehllama27bkto|7.0|posttrained,4063,kept_aggregated,"same normalized model, parameter, type and submission date"
4064,sabersaleh/Llama2-7B-SPO,sabersalehllama27bspo|7.0|posttrained,4064,kept_aggregated,"same normalized model, parameter, type and submission date"
4065,sabersaleh/Llama2-7B-SimPO,sabersalehllama27bsimpo|7.0|posttrained,4065,kept_aggregated,"same normalized model, parameter, type and submission date"
4066,sabersaleh/Llama3,sabersalehllama3|8.03|posttrained,4066,kept_aggregated,"same normalized model, parameter, type and submission date"
4067,sabersalehk/Llama3-001-300,sabersalehkllama3001300|8.03|posttrained,4067,kept_aggregated,"same normalized model, parameter, type and submission date"
4068,sabersalehk/Llama3-SimPO,sabersalehkllama3simpo|8.03|posttrained,4068,kept_aggregated,"same normalized model, parameter, type and submission date"
4069,sabersalehk/Llama3_001_200,sabersalehkllama3001200|8.03|posttrained,4069,kept_aggregated,"same normalized model, parameter, type and submission date"
4070,sabersalehk/Llama3_01_300,sabersalehkllama301300|8.03|posttrained,4070,kept_aggregated,"same normalized model, parameter, type and submission date"
4071,saishf/Fimbulvetr-Kuro-Lotus-10.7B,saishffimbulvetrkurolotus107b|10.732|merge,4071,kept_aggregated,"same normalized model, parameter, type and submission date"
4072,saishf/Neural-SOVLish-Devil-8B-L3,saishfneuralsovlishdevil8bl3|8.03|merge,4072,kept_aggregated,"same normalized model, parameter, type and submission date"
4073,saishshinde15/TethysAI_Base_Reasoning,saishshinde15tethysaibasereasoning|3.086|posttrained,4073,kept_aggregated,"same normalized model, parameter, type and submission date"
4074,saishshinde15/TethysAI_Vortex,saishshinde15tethysaivortex|3.086|posttrained,4074,kept_aggregated,"same normalized model, parameter, type and submission date"
4075,saishshinde15/TethysAI_Vortex_Reasoning,saishshinde15tethysaivortexreasoning|3.086|posttrained,4075,kept_aggregated,"same normalized model, parameter, type and submission date"
4076,sakaltcommunity/novablast-preview,sakaltcommunitynovablastpreview|32.764|merge,4076,kept_aggregated,"same normalized model, parameter, type and submission date"
4077,sakaltcommunity/sakaltum-7b,sakaltcommunitysakaltum7b|7.242|merge,4077,kept_aggregated,"same normalized model, parameter, type and submission date"
4078,sakhan10/quantized_open_llama_3b_v2,sakhan10quantizedopenllama3bv2|3.0|posttrained,4078,kept_aggregated,"same normalized model, parameter, type and submission date"
4079,saltlux/luxia-21.4b-alignment-v1.0,saltluxluxia214balignmentv10|21.421|posttrained,4079,kept_aggregated,"same normalized model, parameter, type and submission date"
4080,saltlux/luxia-21.4b-alignment-v1.2,saltluxluxia214balignmentv12|21.421|posttrained,4080,kept_aggregated,"same normalized model, parameter, type and submission date"
4081,sam-paech/Darkest-muse-v1,sampaechdarkestmusev1|10.159|merge,4081,kept_aggregated,"same normalized model, parameter, type and submission date"
4082,sam-paech/Delirium-v1,sampaechdeliriumv1|9.242|posttrained,4082,kept_aggregated,"same normalized model, parameter, type and submission date"
4083,sam-paech/Quill-v1,sampaechquillv1|9.242|posttrained,4083,kept_aggregated,"same normalized model, parameter, type and submission date"
4084,sarvamai/OpenHathi-7B-Hi-v0.1-Base,sarvamaiopenhathi7bhiv01base|6.87|posttrained,4084,kept_aggregated,"same normalized model, parameter, type and submission date"
4085,schnapss/testmerge-7b,schnapsstestmerge7b|7.242|merge,4085,kept_aggregated,"same normalized model, parameter, type and submission date"
4086,sci-m-wang/Mistral-7B-Instruct-sa-v0.1,scimwangmistral7binstructsav01|14.483|posttrained,4086,kept_aggregated,"same normalized model, parameter, type and submission date"
4087,sci-m-wang/Phi-3-mini-4k-instruct-sa-v0.1,scimwangphi3mini4kinstructsav01|7.642|posttrained,4087,kept_aggregated,"same normalized model, parameter, type and submission date"
4088,sci-m-wang/deepseek-llm-7b-chat-sa-v0.1,scimwangdeepseekllm7bchatsav01|7.0|posttrained,4088,kept_aggregated,"same normalized model, parameter, type and submission date"
4089,securin/Securin-LLM-V2.5-Qwen-1.5B,securinsecurinllmv25qwen15b|1.543|posttrained,4089,kept_aggregated,"same normalized model, parameter, type and submission date"
4090,senseable/WestLake-7B-v2,senseablewestlake7bv2|7.242|posttrained,4090,kept_aggregated,"same normalized model, parameter, type and submission date"
4091,sequelbox/Llama3.1-70B-PlumChat,sequelboxllama3170bplumchat|70.554|merge,4091,kept_aggregated,"same normalized model, parameter, type and submission date"
4092,sequelbox/Llama3.1-8B-MOTH,sequelboxllama318bmoth|8.03|posttrained,4092,kept_aggregated,"same normalized model, parameter, type and submission date"
4093,sequelbox/Llama3.1-8B-PlumChat,sequelboxllama318bplumchat|8.03|posttrained,4093,kept_aggregated,"same normalized model, parameter, type and submission date"
4094,sequelbox/Llama3.1-8B-PlumCode,sequelboxllama318bplumcode|8.03|posttrained,4094,kept_aggregated,"same normalized model, parameter, type and submission date"
4095,sequelbox/Llama3.1-8B-PlumMath,sequelboxllama318bplummath|8.03|posttrained,4095,kept_aggregated,"same normalized model, parameter, type and submission date"
4096,sequelbox/gemma-2-9B-MOTH,sequelboxgemma29bmoth|9.242|posttrained,4096,kept_aggregated,"same normalized model, parameter, type and submission date"
4097,sethuiyer/Llama-3.1-8B-Experimental-1206-Instruct,sethuiyerllama318bexperimental1206instruct|8.03|posttrained,4097,kept_aggregated,"same normalized model, parameter, type and submission date"
4098,sethuiyer/Llama-3.1-8B-Experimental-1208-Instruct,sethuiyerllama318bexperimental1208instruct|8.03|posttrained,4098,kept_aggregated,"same normalized model, parameter, type and submission date"
4099,sethuiyer/LlamaZero-3.1-8B-Experimental-1208,sethuiyerllamazero318bexperimental1208|8.03|merge,4099,kept_aggregated,"same normalized model, parameter, type and submission date"
4100,sethuiyer/Llamaverse-3.1-8B-Instruct,sethuiyerllamaverse318binstruct|8.03|merge,4100,kept_aggregated,"same normalized model, parameter, type and submission date"
4101,sethuiyer/Llamazing-3.1-8B-Instruct,sethuiyerllamazing318binstruct|8.03|posttrained,4101,kept_aggregated,"same normalized model, parameter, type and submission date"
4102,sethuiyer/Qwen2.5-7B-Anvita,sethuiyerqwen257banvita|7.616|merge,4102,kept_aggregated,"same normalized model, parameter, type and submission date"
4103,shadowml/BeagSake-7B,shadowmlbeagsake7b|7.242|merge,4103,kept_aggregated,"same normalized model, parameter, type and submission date"
4104,shadowml/Mixolar-4x7b,shadowmlmixolar4x7b|36.099|merge,4104,kept_aggregated,"same normalized model, parameter, type and submission date"
4105,shastraai/Shastra-LLAMA2-Math-Commonsense-SFT,shastraaishastrallama2mathcommonsensesft|6.738|merge,4105,kept_aggregated,"same normalized model, parameter, type and submission date"
4106,shivam9980/NEPALI-LLM,shivam9980nepalillm|10.273|pretrained,4106,kept_aggregated,"same normalized model, parameter, type and submission date"
4107,shivam9980/mistral-7b-news-cnn-merged,shivam9980mistral7bnewscnnmerged|7.723|posttrained,4107,kept_aggregated,"same normalized model, parameter, type and submission date"
4108,shivank21/mistral_dpo_self,shivank21mistraldpoself|7.913|posttrained,4108,kept_aggregated,"same normalized model, parameter, type and submission date"
4109,shuttleai/shuttle-3,shuttleaishuttle3|72.706|posttrained,4109,kept_aggregated,"same normalized model, parameter, type and submission date"
4110,shyamieee/Padma-v7.0,shyamieeepadmav70|7.242|merge,4110,kept_aggregated,"same normalized model, parameter, type and submission date"
4111,silma-ai/SILMA-9B-Instruct-v1.0,silmaaisilma9binstructv10|9.242|posttrained,4111,kept_aggregated,"same normalized model, parameter, type and submission date"
4112,silma-ai/SILMA-Kashif-2B-Instruct-v1.0,silmaaisilmakashif2binstructv10|2.614|posttrained,4112,kept_aggregated,"same normalized model, parameter, type and submission date"
4113,siqi00/Mistral-7B-DFT,siqi00mistral7bdft|7.242|posttrained,4113,kept_aggregated,"same normalized model, parameter, type and submission date"
4114,siqi00/Mistral-7B-DFT2,siqi00mistral7bdft2|7.242|posttrained,4114,kept_aggregated,"same normalized model, parameter, type and submission date"
4115,skumar9/Llama-medx_v2,skumar9llamamedxv2|8.03|posttrained,4115,kept_aggregated,"same normalized model, parameter, type and submission date"
4116,skymizer/Llama2-7b-sft-chat-custom-template-dpo,skymizerllama27bsftchatcustomtemplatedpo|6.738|posttrained,4116,kept_aggregated,"same normalized model, parameter, type and submission date"
4117,someon98/qwen-CoMa-0.5b,someon98qwencoma05b|0.63|posttrained,4117,kept_aggregated,"same normalized model, parameter, type and submission date"
4118,sometimesanotion/ChocoTrio-14B-v1,sometimesanotionchocotrio14bv1|14.766|merge,4118,kept_aggregated,"same normalized model, parameter, type and submission date"
4119,sometimesanotion/IF-reasoning-experiment-40,sometimesanotionifreasoningexperiment40|14.0|merge,4119,kept_aggregated,"same normalized model, parameter, type and submission date"
4120,sometimesanotion/IF-reasoning-experiment-80,sometimesanotionifreasoningexperiment80|7.383|merge,4120,kept_aggregated,"same normalized model, parameter, type and submission date"
4121,sometimesanotion/KytheraMix-7B-v0.2,sometimesanotionkytheramix7bv02|7.613|merge,4121,kept_aggregated,"same normalized model, parameter, type and submission date"
4122,sometimesanotion/Lamarck-14B-v0.1-experimental,sometimesanotionlamarck14bv01experimental|14.766|merge,4122,kept_aggregated,"same normalized model, parameter, type and submission date"
4123,sometimesanotion/Lamarck-14B-v0.3,sometimesanotionlamarck14bv03|14.766|merge,4123,kept_aggregated,"same normalized model, parameter, type and submission date"
4124,sometimesanotion/Lamarck-14B-v0.4-Qwenvergence,sometimesanotionlamarck14bv04qwenvergence|14.766|merge,4124,kept_aggregated,"same normalized model, parameter, type and submission date"
4125,sometimesanotion/Lamarck-14B-v0.6,sometimesanotionlamarck14bv06|14.766|merge,4125,kept_aggregated,"same normalized model, parameter, type and submission date"
4126,sometimesanotion/Lamarck-14B-v0.6-002-model_stock,sometimesanotionlamarck14bv06002modelstock|14.0|merge,4126,kept_aggregated,"same normalized model, parameter, type and submission date"
4127,sometimesanotion/Lamarck-14B-v0.6-model_stock,sometimesanotionlamarck14bv06modelstock|14.0|merge,4127,kept_aggregated,"same normalized model, parameter, type and submission date"
4128,sometimesanotion/Lamarck-14B-v0.7-Fusion,sometimesanotionlamarck14bv07fusion|14.766|merge,4128,kept_aggregated,"same normalized model, parameter, type and submission date"
4129,sometimesanotion/Lamarck-14B-v0.7-rc1,sometimesanotionlamarck14bv07rc1|14.766|merge,4129,kept_aggregated,"same normalized model, parameter, type and submission date"
4130,sometimesanotion/Lamarck-14B-v0.7-rc4,sometimesanotionlamarck14bv07rc4|14.766|merge,4130,kept_aggregated,"same normalized model, parameter, type and submission date"
4131,sometimesanotion/LamarckInfusion-14B-v1,sometimesanotionlamarckinfusion14bv1|14.766|merge,4131,kept_aggregated,"same normalized model, parameter, type and submission date"
4132,sometimesanotion/LamarckInfusion-14B-v2,sometimesanotionlamarckinfusion14bv2|14.766|merge,4132,kept_aggregated,"same normalized model, parameter, type and submission date"
4133,sometimesanotion/LamarckInfusion-14B-v2-hi,sometimesanotionlamarckinfusion14bv2hi|14.766|merge,4133,kept_aggregated,"same normalized model, parameter, type and submission date"
4134,sometimesanotion/LamarckInfusion-14B-v2-lo,sometimesanotionlamarckinfusion14bv2lo|14.766|merge,4134,kept_aggregated,"same normalized model, parameter, type and submission date"
4135,sometimesanotion/LamarckInfusion-14B-v3,sometimesanotionlamarckinfusion14bv3|14.766|merge,4135,kept_aggregated,"same normalized model, parameter, type and submission date"
4136,sometimesanotion/Qwen-14B-ProseStock-v4,sometimesanotionqwen14bprosestockv4|14.0|merge,4136,kept_aggregated,"same normalized model, parameter, type and submission date"
4137,sometimesanotion/Qwen-2.5-14B-Virmarckeoso,sometimesanotionqwen2514bvirmarckeoso|14.766|merge,4137,kept_aggregated,"same normalized model, parameter, type and submission date"
4138,sometimesanotion/Qwen2.5-14B-Vimarckoso,sometimesanotionqwen2514bvimarckoso|14.766|merge,4138,kept_aggregated,"same normalized model, parameter, type and submission date"
4139,sometimesanotion/Qwen2.5-14B-Vimarckoso-v2,sometimesanotionqwen2514bvimarckosov2|14.0|merge,4139,kept_aggregated,"same normalized model, parameter, type and submission date"
4140,sometimesanotion/Qwen2.5-14B-Vimarckoso-v3,sometimesanotionqwen2514bvimarckosov3|14.0|merge,4140,kept_aggregated,"same normalized model, parameter, type and submission date"
4141,sometimesanotion/Qwen2.5-14B-Vimarckoso-v3-IF-Variant,sometimesanotionqwen2514bvimarckosov3ifvariant|14.0|merge,4141,kept_aggregated,"same normalized model, parameter, type and submission date"
4142,sometimesanotion/Qwen2.5-14B-Vimarckoso-v3-Prose01,sometimesanotionqwen2514bvimarckosov3prose01|14.0|merge,4142,kept_aggregated,"same normalized model, parameter, type and submission date"
4143,sometimesanotion/Qwen2.5-14B-Vimarckoso-v3-model_stock,sometimesanotionqwen2514bvimarckosov3modelstock|14.0|merge,4143,kept_aggregated,"same normalized model, parameter, type and submission date"
4144,sometimesanotion/Qwen2.5-7B-Gordion-v0.1,sometimesanotionqwen257bgordionv01|7.613|merge,4144,kept_aggregated,"same normalized model, parameter, type and submission date"
4145,sometimesanotion/Qwen2.5-7B-Gordion-v0.1-Prose,sometimesanotionqwen257bgordionv01prose|7.613|merge,4145,kept_aggregated,"same normalized model, parameter, type and submission date"
4146,sometimesanotion/Qwen2.5-7B-Gordion-v0.1-Reason,sometimesanotionqwen257bgordionv01reason|7.613|merge,4146,kept_aggregated,"same normalized model, parameter, type and submission date"
4147,sometimesanotion/Qwentessential-14B-v1,sometimesanotionqwentessential14bv1|14.766|merge,4147,kept_aggregated,"same normalized model, parameter, type and submission date"
4148,sometimesanotion/Qwentinuum-14B-v013,sometimesanotionqwentinuum14bv013|14.0|merge,4148,kept_aggregated,"same normalized model, parameter, type and submission date"
4149,sometimesanotion/Qwentinuum-14B-v1,sometimesanotionqwentinuum14bv1|14.0|merge,4149,kept_aggregated,"same normalized model, parameter, type and submission date"
4150,sometimesanotion/Qwentinuum-14B-v2,sometimesanotionqwentinuum14bv2|14.0|merge,4150,kept_aggregated,"same normalized model, parameter, type and submission date"
4151,sometimesanotion/Qwentinuum-14B-v3,sometimesanotionqwentinuum14bv3|14.0|merge,4151,kept_aggregated,"same normalized model, parameter, type and submission date"
4152,sometimesanotion/Qwentinuum-14B-v5,sometimesanotionqwentinuum14bv5|14.0|merge,4152,kept_aggregated,"same normalized model, parameter, type and submission date"
4153,sometimesanotion/Qwentinuum-14B-v6,sometimesanotionqwentinuum14bv6|14.0|merge,4153,kept_aggregated,"same normalized model, parameter, type and submission date"
4154,sometimesanotion/Qwentinuum-14B-v6-Prose,sometimesanotionqwentinuum14bv6prose|14.0|merge,4154,kept_aggregated,"same normalized model, parameter, type and submission date"
4155,sometimesanotion/Qwentinuum-14B-v7,sometimesanotionqwentinuum14bv7|14.0|merge,4155,kept_aggregated,"same normalized model, parameter, type and submission date"
4156,sometimesanotion/Qwentinuum-14B-v8,sometimesanotionqwentinuum14bv8|14.0|merge,4156,kept_aggregated,"same normalized model, parameter, type and submission date"
4157,sometimesanotion/Qwentinuum-14B-v9,sometimesanotionqwentinuum14bv9|14.0|merge,4157,kept_aggregated,"same normalized model, parameter, type and submission date"
4158,sometimesanotion/Qwenvergence-14B-qv256,sometimesanotionqwenvergence14bqv256|14.0|merge,4158,kept_aggregated,"same normalized model, parameter, type and submission date"
4159,sometimesanotion/Qwenvergence-14B-v0.6-004-model_stock,sometimesanotionqwenvergence14bv06004modelstock|14.0|merge,4159,kept_aggregated,"same normalized model, parameter, type and submission date"
4160,sometimesanotion/Qwenvergence-14B-v10,sometimesanotionqwenvergence14bv10|14.766|merge,4160,kept_aggregated,"same normalized model, parameter, type and submission date"
4161,sometimesanotion/Qwenvergence-14B-v11,sometimesanotionqwenvergence14bv11|14.766|merge,4161,kept_aggregated,"same normalized model, parameter, type and submission date"
4162,sometimesanotion/Qwenvergence-14B-v12-Prose,sometimesanotionqwenvergence14bv12prose|14.766|merge,4162,kept_aggregated,"same normalized model, parameter, type and submission date"
4163,sometimesanotion/Qwenvergence-14B-v12-Prose-DS,sometimesanotionqwenvergence14bv12proseds|14.766|merge,4163,kept_aggregated,"same normalized model, parameter, type and submission date"
4164,sometimesanotion/Qwenvergence-14B-v13-Prose-DS,sometimesanotionqwenvergence14bv13proseds|14.766|merge,4164,kept_aggregated,"same normalized model, parameter, type and submission date"
4165,sometimesanotion/Qwenvergence-14B-v15-Prose-MS,sometimesanotionqwenvergence14bv15prosems|14.766|merge,4165,kept_aggregated,"same normalized model, parameter, type and submission date"
4166,sometimesanotion/Qwenvergence-14B-v2-Prose,sometimesanotionqwenvergence14bv2prose|14.0|merge,4166,kept_aggregated,"same normalized model, parameter, type and submission date"
4167,sometimesanotion/Qwenvergence-14B-v3,sometimesanotionqwenvergence14bv3|14.0|merge,4167,kept_aggregated,"same normalized model, parameter, type and submission date"
4168,sometimesanotion/Qwenvergence-14B-v3-Prose,sometimesanotionqwenvergence14bv3prose|14.766|merge,4168,kept_aggregated,"same normalized model, parameter, type and submission date"
4169,sometimesanotion/Qwenvergence-14B-v3-Reason,sometimesanotionqwenvergence14bv3reason|14.0|posttrained,4169,kept_aggregated,"same normalized model, parameter, type and submission date"
4170,sometimesanotion/Qwenvergence-14B-v3-Reason,sometimesanotionqwenvergence14bv3reason|14.0|merge,4170,kept_aggregated,"same normalized model, parameter, type and submission date"
4171,sometimesanotion/Qwenvergence-14B-v6-Prose,sometimesanotionqwenvergence14bv6prose|14.0|merge,4171,kept_aggregated,"same normalized model, parameter, type and submission date"
4172,sometimesanotion/Qwenvergence-14B-v6-Prose-model_stock,sometimesanotionqwenvergence14bv6prosemodelstock|14.0|merge,4172,kept_aggregated,"same normalized model, parameter, type and submission date"
4173,sometimesanotion/Qwenvergence-14B-v8,sometimesanotionqwenvergence14bv8|14.766|merge,4173,kept_aggregated,"same normalized model, parameter, type and submission date"
4174,sometimesanotion/Qwenvergence-14B-v9,sometimesanotionqwenvergence14bv9|14.766|merge,4174,kept_aggregated,"same normalized model, parameter, type and submission date"
4175,sometimesanotion/lamarck-14b-prose-model_stock,sometimesanotionlamarck14bprosemodelstock|14.766|merge,4175,kept_aggregated,"same normalized model, parameter, type and submission date"
4176,sometimesanotion/lamarck-14b-reason-model_stock,sometimesanotionlamarck14breasonmodelstock|14.766|merge,4176,kept_aggregated,"same normalized model, parameter, type and submission date"
4177,sonthenguyen/ft-unsloth-zephyr-sft-bnb-4bit-20241014-161415,sonthenguyenftunslothzephyrsftbnb4bit20241014161415|7.723|posttrained,4177,kept_aggregated,"same normalized model, parameter, type and submission date"
4178,sonthenguyen/ft-unsloth-zephyr-sft-bnb-4bit-20241014-164205,sonthenguyenftunslothzephyrsftbnb4bit20241014164205|7.723|posttrained,4178,kept_aggregated,"same normalized model, parameter, type and submission date"
4179,sonthenguyen/ft-unsloth-zephyr-sft-bnb-4bit-20241014-170522,sonthenguyenftunslothzephyrsftbnb4bit20241014170522|7.723|posttrained,4179,kept_aggregated,"same normalized model, parameter, type and submission date"
4180,sonthenguyen/zephyr-sft-bnb-4bit-DPO-mtbc-213steps,sonthenguyenzephyrsftbnb4bitdpomtbc213steps|7.242|posttrained,4180,kept_aggregated,"same normalized model, parameter, type and submission date"
4181,sonthenguyen/zephyr-sft-bnb-4bit-DPO-mtbo-180steps,sonthenguyenzephyrsftbnb4bitdpomtbo180steps|7.242|posttrained,4181,kept_aggregated,"same normalized model, parameter, type and submission date"
4182,sonthenguyen/zephyr-sft-bnb-4bit-DPO-mtbr-180steps,sonthenguyenzephyrsftbnb4bitdpomtbr180steps|7.242|posttrained,4182,kept_aggregated,"same normalized model, parameter, type and submission date"
4183,sophosympatheia/Midnight-Miqu-70B-v1.5,sophosympatheiamidnightmiqu70bv15|68.977|merge,4183,kept_aggregated,"same normalized model, parameter, type and submission date"
4184,speakleash/Bielik-11B-v2,speakleashbielik11bv2|11.169|pretrained,4184,kept_aggregated,"same normalized model, parameter, type and submission date"
4185,speakleash/Bielik-11B-v2.0-Instruct,speakleashbielik11bv20instruct|11.169|posttrained,4185,kept_aggregated,"same normalized model, parameter, type and submission date"
4186,speakleash/Bielik-11B-v2.1-Instruct,speakleashbielik11bv21instruct|11.169|posttrained,4186,kept_aggregated,"same normalized model, parameter, type and submission date"
4187,speakleash/Bielik-11B-v2.2-Instruct,speakleashbielik11bv22instruct|11.169|posttrained,4187,kept_aggregated,"same normalized model, parameter, type and submission date"
4188,speakleash/Bielik-11B-v2.3-Instruct,speakleashbielik11bv23instruct|11.169|posttrained,4188,kept_aggregated,"same normalized model, parameter, type and submission date"
4189,spmurrayzzz/Mistral-Syndicate-7B,spmurrayzzzmistralsyndicate7b|7.242|posttrained,4189,kept_aggregated,"same normalized model, parameter, type and submission date"
4190,spow12/ChatWaifu_12B_v2.0,spow12chatwaifu12bv20|12.248|posttrained,4190,kept_aggregated,"same normalized model, parameter, type and submission date"
4191,spow12/ChatWaifu_22B_v2.0_preview,spow12chatwaifu22bv20preview|22.247|posttrained,4191,kept_aggregated,"same normalized model, parameter, type and submission date"
4192,spow12/ChatWaifu_v1.4,spow12chatwaifuv14|12.248|posttrained,4192,kept_aggregated,"same normalized model, parameter, type and submission date"
4193,spow12/ChatWaifu_v2.0_22B,spow12chatwaifuv2022b|22.247|posttrained,4193,kept_aggregated,"same normalized model, parameter, type and submission date"
4194,spow12/ChatWaifu_v2.0_22B,spow12chatwaifuv2022b|22.247|posttrained,4194,kept_aggregated,"same normalized model, parameter, type and submission date"
4195,ssmits/Qwen2.5-95B-Instruct,ssmitsqwen2595binstruct|94.648|posttrained,4195,kept_aggregated,"same normalized model, parameter, type and submission date"
4196,stabilityai/StableBeluga2,stabilityaistablebeluga2|68.977|posttrained,4196,kept_aggregated,"same normalized model, parameter, type and submission date"
4197,stabilityai/stablelm-2-12b,stabilityaistablelm212b|12.143|pretrained,4197,kept_aggregated,"same normalized model, parameter, type and submission date"
4198,stabilityai/stablelm-2-12b-chat,stabilityaistablelm212bchat|12.143|posttrained,4198,kept_aggregated,"same normalized model, parameter, type and submission date"
4199,stabilityai/stablelm-2-1_6b,stabilityaistablelm216b|1.645|pretrained,4199,kept_aggregated,"same normalized model, parameter, type and submission date"
4200,stabilityai/stablelm-2-1_6b-chat,stabilityaistablelm216bchat|1.645|posttrained,4200,kept_aggregated,"same normalized model, parameter, type and submission date"
4201,stabilityai/stablelm-2-zephyr-1_6b,stabilityaistablelm2zephyr16b|1.645|posttrained,4201,kept_aggregated,"same normalized model, parameter, type and submission date"
4202,stabilityai/stablelm-3b-4e1t,stabilityaistablelm3b4e1t|2.795|pretrained,4202,kept_aggregated,"same normalized model, parameter, type and submission date"
4203,stabilityai/stablelm-zephyr-3b,stabilityaistablelmzephyr3b|2.795|posttrained,4203,kept_aggregated,"same normalized model, parameter, type and submission date"
4204,sthenno/tempesthenno-0120,sthennotempesthenno0120|14.766|posttrained,4204,kept_aggregated,"same normalized model, parameter, type and submission date"
4205,sthenno/tempesthenno-fusion-0309,sthennotempesthennofusion0309|14.766|posttrained,4205,kept_aggregated,"same normalized model, parameter, type and submission date"
4206,sthenno/tempesthenno-kto-0205-ckpt80,sthennotempesthennokto0205ckpt80|14.766|posttrained,4206,kept_aggregated,"same normalized model, parameter, type and submission date"
4207,sthenno/tempesthenno-nuslerp-001,sthennotempesthennonuslerp001|14.766|posttrained,4207,kept_aggregated,"same normalized model, parameter, type and submission date"
4208,sthenno/tempesthenno-nuslerp-0124,sthennotempesthennonuslerp0124|14.766|posttrained,4208,kept_aggregated,"same normalized model, parameter, type and submission date"
4209,sthenno/tempesthenno-ppo-ckpt40,sthennotempesthennoppockpt40|14.766|posttrained,4209,kept_aggregated,"same normalized model, parameter, type and submission date"
4210,sthenno/tempesthenno-sft-0309-ckpt10,sthennotempesthennosft0309ckpt10|14.766|posttrained,4210,kept_aggregated,"same normalized model, parameter, type and submission date"
4211,sthenno/tempesthenno-sft-0314-stage1-ckpt50,sthennotempesthennosft0314stage1ckpt50|14.766|posttrained,4211,kept_aggregated,"same normalized model, parameter, type and submission date"
4212,sthenno/tempestissimo-14b-0309,sthennotempestissimo14b0309|14.766|posttrained,4212,kept_aggregated,"same normalized model, parameter, type and submission date"
4213,sthenno-com/miscii-14b-0130,sthennocommiscii14b0130|14.766|posttrained,4213,kept_aggregated,"same normalized model, parameter, type and submission date"
4214,sthenno-com/miscii-14b-0218,sthennocommiscii14b0218|14.766|posttrained,4214,kept_aggregated,"same normalized model, parameter, type and submission date"
4215,sthenno-com/miscii-14b-1028,sthennocommiscii14b1028|14.77|posttrained,4215,kept_aggregated,"same normalized model, parameter, type and submission date"
4216,sthenno-com/miscii-14b-1225,sthennocommiscii14b1225|14.766|posttrained,4216,kept_aggregated,"same normalized model, parameter, type and submission date"
4217,streamerbtw1002/Nexuim-R1-7B-Instruct,streamerbtw1002nexuimr17binstruct|7.616|posttrained,4217,kept_aggregated,"same normalized model, parameter, type and submission date"
4218,stupidity-ai/Llama-3-8B-Instruct-MultiMoose,stupidityaillama38binstructmultimoose|8.03|merge,4218,kept_aggregated,"same normalized model, parameter, type and submission date"
4219,suayptalha/Clarus-7B-v0.1,suayptalhaclarus7bv01|7.616|merge,4219,kept_aggregated,"same normalized model, parameter, type and submission date"
4220,suayptalha/Clarus-7B-v0.2,suayptalhaclarus7bv02|7.613|merge,4220,kept_aggregated,"same normalized model, parameter, type and submission date"
4221,suayptalha/Clarus-7B-v0.3,suayptalhaclarus7bv03|7.616|merge,4221,kept_aggregated,"same normalized model, parameter, type and submission date"
4222,suayptalha/DeepSeek-R1-Distill-Llama-3B,suayptalhadeepseekr1distillllama3b|3.213|posttrained,4222,kept_aggregated,"same normalized model, parameter, type and submission date"
4223,suayptalha/Falcon3-Jessi-v0.4-7B-Slerp,suayptalhafalcon3jessiv047bslerp|7.456|merge,4223,kept_aggregated,"same normalized model, parameter, type and submission date"
4224,suayptalha/HomerCreativeAnvita-Mix-Qw7B,suayptalhahomercreativeanvitamixqw7b|7.616|merge,4224,kept_aggregated,"same normalized model, parameter, type and submission date"
4225,suayptalha/Komodo-Llama-3.2-3B-v2-fp16,suayptalhakomodollama323bv2fp16|3.0|posttrained,4225,kept_aggregated,"same normalized model, parameter, type and submission date"
4226,suayptalha/Lamarckvergence-14B,suayptalhalamarckvergence14b|14.766|merge,4226,kept_aggregated,"same normalized model, parameter, type and submission date"
4227,suayptalha/Lix-14B-v0.1,suayptalhalix14bv01|14.766|merge,4227,kept_aggregated,"same normalized model, parameter, type and submission date"
4228,suayptalha/Luminis-phi-4,suayptalhaluminisphi4|14.66|merge,4228,kept_aggregated,"same normalized model, parameter, type and submission date"
4229,suayptalha/Maestro-10B,suayptalhamaestro10b|10.306|posttrained,4229,kept_aggregated,"same normalized model, parameter, type and submission date"
4230,suayptalha/Rombos-2.5-T.E-8.1,suayptalharombos25te81|7.616|merge,4230,kept_aggregated,"same normalized model, parameter, type and submission date"
4231,sumink/Qmerft,suminkqmerft|1.777|merge,4231,kept_aggregated,"same normalized model, parameter, type and submission date"
4232,sumink/Qwenftmodel,suminkqwenftmodel|1.544|posttrained,4232,kept_aggregated,"same normalized model, parameter, type and submission date"
4233,sumink/Qwenmplus,suminkqwenmplus|1.543|posttrained,4233,kept_aggregated,"same normalized model, parameter, type and submission date"
4234,sumink/Qwensci,suminkqwensci|1.543|posttrained,4234,kept_aggregated,"same normalized model, parameter, type and submission date"
4235,sumink/bbhqwen,suminkbbhqwen|3.086|posttrained,4235,kept_aggregated,"same normalized model, parameter, type and submission date"
4236,sumink/bbhqwen2,suminkbbhqwen2|3.086|posttrained,4236,kept_aggregated,"same normalized model, parameter, type and submission date"
4237,sumink/bbhqwen3,suminkbbhqwen3|3.086|posttrained,4237,kept_aggregated,"same normalized model, parameter, type and submission date"
4238,sumink/bbhqwen4,suminkbbhqwen4|3.086|posttrained,4238,kept_aggregated,"same normalized model, parameter, type and submission date"
4239,sumink/bbhqwen5,suminkbbhqwen5|3.086|posttrained,4239,kept_aggregated,"same normalized model, parameter, type and submission date"
4240,sumink/bbhqwen6,suminkbbhqwen6|3.086|posttrained,4240,kept_aggregated,"same normalized model, parameter, type and submission date"
4241,sumink/flflmillama,suminkflflmillama|3.213|posttrained,4241,kept_aggregated,"same normalized model, parameter, type and submission date"
4242,sumink/ftgpt,suminkftgpt|0.124|posttrained,4242,kept_aggregated,"same normalized model, parameter, type and submission date"
4243,sumink/llamaft,suminkllamaft|3.213|posttrained,4243,kept_aggregated,"same normalized model, parameter, type and submission date"
4244,sumink/llamamerge,suminkllamamerge|13.016|merge,4244,kept_aggregated,"same normalized model, parameter, type and submission date"
4245,sumink/llftfl7,suminkllftfl7|3.213|posttrained,4245,kept_aggregated,"same normalized model, parameter, type and submission date"
4246,sumink/llmer,suminkllmer|8.03|merge,4246,kept_aggregated,"same normalized model, parameter, type and submission date"
4247,sumink/qwft,suminkqwft|7.616|posttrained,4247,kept_aggregated,"same normalized model, parameter, type and submission date"
4248,sumink/qwmer,suminkqwmer|7.616|merge,4248,kept_aggregated,"same normalized model, parameter, type and submission date"
4249,sumink/solarmer3,suminksolarmer3|10.732|merge,4249,kept_aggregated,"same normalized model, parameter, type and submission date"
4250,sumink/somer,suminksomer|10.732|merge,4250,kept_aggregated,"same normalized model, parameter, type and submission date"
4251,sumink/somer2,suminksomer2|10.732|merge,4251,kept_aggregated,"same normalized model, parameter, type and submission date"
4252,sumink/somerft,suminksomerft|1.543|posttrained,4252,kept_aggregated,"same normalized model, parameter, type and submission date"
4253,sunbaby/BrainCog-8B-0.1-Instruct,sunbabybraincog8b01instruct|8.03|posttrained,4253,kept_aggregated,"same normalized model, parameter, type and submission date"
4254,swap-uniba/LLaMAntino-3-ANITA-8B-Inst-DPO-ITA,swapuniballamantino3anita8binstdpoita|8.03|posttrained,4254,kept_aggregated,"same normalized model, parameter, type and submission date"
4255,synergetic/FrankenQwen2.5-14B,synergeticfrankenqwen2514b|16.972|posttrained,4255,kept_aggregated,"same normalized model, parameter, type and submission date"
4256,talha2001/Beast-Soul-new,talha2001beastsoulnew|7.242|merge,4256,kept_aggregated,"same normalized model, parameter, type and submission date"
4257,tangledgroup/tangled-llama-pints-1.5b-v0.1-instruct,tangledgrouptangledllamapints15bv01instruct|1.5|posttrained,4257,kept_aggregated,"same normalized model, parameter, type and submission date"
4258,tangledgroup/tangled-llama-pints-1.5b-v0.2-instruct,tangledgrouptangledllamapints15bv02instruct|1.5|posttrained,4258,kept_aggregated,"same normalized model, parameter, type and submission date"
4259,tanliboy/lambda-gemma-2-9b-dpo,tanliboylambdagemma29bdpo|9.242|posttrained,4260,replaced_same_version_date,"same normalized model, parameter, type and submission date"
4260,tanliboy/lambda-gemma-2-9b-dpo,tanliboylambdagemma29bdpo|9.242|posttrained,4260,kept_aggregated,"same normalized model, parameter, type and submission date"
4261,tanliboy/lambda-qwen2.5-14b-dpo-test,tanliboylambdaqwen2514bdpotest|14.77|posttrained,4261,kept_aggregated,"same normalized model, parameter, type and submission date"
4262,tanliboy/lambda-qwen2.5-32b-dpo-test,tanliboylambdaqwen2532bdpotest|32.764|posttrained,4262,kept_aggregated,"same normalized model, parameter, type and submission date"
4263,tannedbum/Ellaria-9B,tannedbumellaria9b|10.159|merge,4263,kept_aggregated,"same normalized model, parameter, type and submission date"
4264,tannedbum/L3-Nymeria-Maid-8B,tannedbuml3nymeriamaid8b|8.03|merge,4264,kept_aggregated,"same normalized model, parameter, type and submission date"
4265,tannedbum/L3-Nymeria-v2-8B,tannedbuml3nymeriav28b|8.03|merge,4265,kept_aggregated,"same normalized model, parameter, type and submission date"
4266,tannedbum/L3-Rhaenys-8B,tannedbuml3rhaenys8b|8.03|merge,4266,kept_aggregated,"same normalized model, parameter, type and submission date"
4267,teknium/CollectiveCognition-v1.1-Mistral-7B,tekniumcollectivecognitionv11mistral7b|7.0|posttrained,4267,kept_aggregated,"same normalized model, parameter, type and submission date"
4268,teknium/OpenHermes-13B,tekniumopenhermes13b|13.0|posttrained,4268,kept_aggregated,"same normalized model, parameter, type and submission date"
4269,teknium/OpenHermes-2-Mistral-7B,tekniumopenhermes2mistral7b|7.0|posttrained,4269,kept_aggregated,"same normalized model, parameter, type and submission date"
4270,teknium/OpenHermes-2.5-Mistral-7B,tekniumopenhermes25mistral7b|7.242|posttrained,4270,kept_aggregated,"same normalized model, parameter, type and submission date"
4271,teknium/OpenHermes-7B,tekniumopenhermes7b|7.0|posttrained,4271,kept_aggregated,"same normalized model, parameter, type and submission date"
4272,tensopolis/falcon3-10b-tensopolis-v1,tensopolisfalcon310btensopolisv1|10.306|merge,4272,kept_aggregated,"same normalized model, parameter, type and submission date"
4273,tensopolis/falcon3-10b-tensopolis-v2,tensopolisfalcon310btensopolisv2|10.306|merge,4273,kept_aggregated,"same normalized model, parameter, type and submission date"
4274,tensopolis/lamarckvergence-14b-tensopolis-v1,tensopolislamarckvergence14btensopolisv1|14.766|merge,4274,kept_aggregated,"same normalized model, parameter, type and submission date"
4275,tensopolis/mistral-small-2501-tensopolis-v1,tensopolismistralsmall2501tensopolisv1|23.572|merge,4275,kept_aggregated,"same normalized model, parameter, type and submission date"
4276,tensopolis/mistral-small-r1-tensopolis,tensopolismistralsmallr1tensopolis|23.572|posttrained,4276,kept_aggregated,"same normalized model, parameter, type and submission date"
4277,tensopolis/phi-4-tensopolis-v1,tensopolisphi4tensopolisv1|14.66|merge,4277,kept_aggregated,"same normalized model, parameter, type and submission date"
4278,tensopolis/qwen2.5-14b-tensopolis-v1,tensopolisqwen2514btensopolisv1|14.77|merge,4278,kept_aggregated,"same normalized model, parameter, type and submission date"
4279,tensopolis/qwen2.5-3b-or1-tensopolis,tensopolisqwen253bor1tensopolis|3.086|posttrained,4279,kept_aggregated,"same normalized model, parameter, type and submission date"
4280,tensopolis/qwen2.5-7b-tensopolis-v1,tensopolisqwen257btensopolisv1|7.616|merge,4280,kept_aggregated,"same normalized model, parameter, type and submission date"
4281,tensopolis/qwen2.5-7b-tensopolis-v2,tensopolisqwen257btensopolisv2|7.616|merge,4281,kept_aggregated,"same normalized model, parameter, type and submission date"
4282,tensopolis/virtuoso-lite-tensopolis-v1,tensopolisvirtuosolitetensopolisv1|10.306|merge,4282,kept_aggregated,"same normalized model, parameter, type and submission date"
4283,tensopolis/virtuoso-lite-tensopolis-v2,tensopolisvirtuosolitetensopolisv2|10.306|merge,4283,kept_aggregated,"same normalized model, parameter, type and submission date"
4284,tensopolis/virtuoso-small-tensopolis-v1,tensopolisvirtuososmalltensopolisv1|14.77|merge,4284,kept_aggregated,"same normalized model, parameter, type and submission date"
4285,tensopolis/virtuoso-small-tensopolis-v2,tensopolisvirtuososmalltensopolisv2|14.77|merge,4285,kept_aggregated,"same normalized model, parameter, type and submission date"
4286,tensopolis/virtuoso-small-v2-tensopolis-v1,tensopolisvirtuososmallv2tensopolisv1|14.766|merge,4286,kept_aggregated,"same normalized model, parameter, type and submission date"
4287,tensoropera/Fox-1-1.6B,tensoroperafox116b|1.665|pretrained,4287,kept_aggregated,"same normalized model, parameter, type and submission date"
4288,tenyx/Llama3-TenyxChat-70B,tenyxllama3tenyxchat70b|70.554|posttrained,4288,kept_aggregated,"same normalized model, parameter, type and submission date"
4289,theo77186/Qwen2.5-Coder-7B-Instruct-20241106,theo77186qwen25coder7binstruct20241106|7.616|posttrained,4289,kept_aggregated,"same normalized model, parameter, type and submission date"
4290,theprint/Boptruth-Agatha-7B,theprintboptruthagatha7b|7.242|posttrained,4290,kept_aggregated,"same normalized model, parameter, type and submission date"
4291,theprint/CleverBoi-7B-v2,theprintcleverboi7bv2|7.736|posttrained,4291,kept_aggregated,"same normalized model, parameter, type and submission date"
4292,theprint/CleverBoi-7B-v3,theprintcleverboi7bv3|7.736|posttrained,4292,kept_aggregated,"same normalized model, parameter, type and submission date"
4293,theprint/CleverBoi-Llama-3.1-8B-Instruct,theprintcleverboillama318binstruct|16.061|posttrained,4293,kept_aggregated,"same normalized model, parameter, type and submission date"
4294,theprint/CleverBoi-Llama-3.1-8B-v2,theprintcleverboillama318bv2|9.3|posttrained,4294,kept_aggregated,"same normalized model, parameter, type and submission date"
4295,theprint/CleverBoi-Nemo-12B-v2,theprintcleverboinemo12bv2|13.933|posttrained,4295,kept_aggregated,"same normalized model, parameter, type and submission date"
4296,theprint/Code-Llama-Bagel-8B,theprintcodellamabagel8b|8.03|merge,4296,kept_aggregated,"same normalized model, parameter, type and submission date"
4297,theprint/Conversely-Mistral-7B,theprintconverselymistral7b|14.496|posttrained,4297,kept_aggregated,"same normalized model, parameter, type and submission date"
4298,theprint/Llama-3.2-3B-VanRossum,theprintllama323bvanrossum|3.696|posttrained,4298,kept_aggregated,"same normalized model, parameter, type and submission date"
4299,theprint/ReWiz-7B,theprintrewiz7b|7.736|posttrained,4299,kept_aggregated,"same normalized model, parameter, type and submission date"
4300,theprint/ReWiz-Llama-3.1-8B-v2,theprintrewizllama318bv2|9.3|posttrained,4300,kept_aggregated,"same normalized model, parameter, type and submission date"
4301,theprint/ReWiz-Llama-3.2-3B,theprintrewizllama323b|3.213|posttrained,4301,kept_aggregated,"same normalized model, parameter, type and submission date"
4302,theprint/ReWiz-Nemo-12B-Instruct,theprintrewiznemo12binstruct|12.248|posttrained,4302,kept_aggregated,"same normalized model, parameter, type and submission date"
4303,theprint/ReWiz-Qwen-2.5-14B,theprintrewizqwen2514b|16.743|posttrained,4303,kept_aggregated,"same normalized model, parameter, type and submission date"
4304,theprint/ReWiz-Worldbuilder-7B,theprintrewizworldbuilder7b|7.248|merge,4304,kept_aggregated,"same normalized model, parameter, type and submission date"
4305,theprint/RuDolph-Hermes-7B,theprintrudolphhermes7b|7.242|posttrained,4305,kept_aggregated,"same normalized model, parameter, type and submission date"
4306,theprint/WorldBuilder-12B,theprintworldbuilder12b|13.933|posttrained,4306,kept_aggregated,"same normalized model, parameter, type and submission date"
4307,theprint/phi-3-mini-4k-python,theprintphi3mini4kpython|4.132|posttrained,4307,kept_aggregated,"same normalized model, parameter, type and submission date"
4308,thinkcoder/llama3-8b-instruct-lora-8-sft,thinkcoderllama38binstructlora8sft|8.03|posttrained,4308,kept_aggregated,"same normalized model, parameter, type and submission date"
4309,thirdeyeai/elevate360m,thirdeyeaielevate360m|0.362|posttrained,4309,kept_aggregated,"same normalized model, parameter, type and submission date"
4310,thomas-yanxin/XinYuan-Qwen2-1_5B,thomasyanxinxinyuanqwen215b|1.777|posttrained,4310,kept_aggregated,"same normalized model, parameter, type and submission date"
4311,thomas-yanxin/XinYuan-Qwen2-7B,thomasyanxinxinyuanqwen27b|7.616|posttrained,4311,kept_aggregated,"same normalized model, parameter, type and submission date"
4312,thomas-yanxin/XinYuan-Qwen2-7B-0917,thomasyanxinxinyuanqwen27b0917|7.616|posttrained,4312,kept_aggregated,"same normalized model, parameter, type and submission date"
4313,thomas-yanxin/XinYuan-Qwen2.5-7B-0917,thomasyanxinxinyuanqwen257b0917|7.616|posttrained,4313,kept_aggregated,"same normalized model, parameter, type and submission date"
4314,tianyil1/MistralForCausalLM_Cal_DPO,tianyil1mistralforcausallmcaldpo|7.242|posttrained,4314,kept_aggregated,"same normalized model, parameter, type and submission date"
4315,tiiuae/Falcon3-10B-Base,tiiuaefalcon310bbase|10.306|pretrained,4315,kept_aggregated,"same normalized model, parameter, type and submission date"
4316,tiiuae/Falcon3-10B-Instruct,tiiuaefalcon310binstruct|10.306|posttrained,4316,kept_aggregated,"same normalized model, parameter, type and submission date"
4317,tiiuae/Falcon3-1B-Base,tiiuaefalcon31bbase|1.669|pretrained,4317,kept_aggregated,"same normalized model, parameter, type and submission date"
4318,tiiuae/Falcon3-1B-Instruct,tiiuaefalcon31binstruct|1.669|posttrained,4318,kept_aggregated,"same normalized model, parameter, type and submission date"
4319,tiiuae/Falcon3-3B-Base,tiiuaefalcon33bbase|3.228|pretrained,4319,kept_aggregated,"same normalized model, parameter, type and submission date"
4320,tiiuae/Falcon3-3B-Instruct,tiiuaefalcon33binstruct|3.228|posttrained,4320,kept_aggregated,"same normalized model, parameter, type and submission date"
4321,tiiuae/Falcon3-7B-Base,tiiuaefalcon37bbase|7.456|pretrained,4321,kept_aggregated,"same normalized model, parameter, type and submission date"
4322,tiiuae/Falcon3-7B-Instruct,tiiuaefalcon37binstruct|7.456|posttrained,4322,kept_aggregated,"same normalized model, parameter, type and submission date"
4323,tiiuae/Falcon3-Mamba-7B-Base,tiiuaefalcon3mamba7bbase|7.273|pretrained,4323,kept_aggregated,"same normalized model, parameter, type and submission date"
4324,tiiuae/Falcon3-Mamba-7B-Instruct,tiiuaefalcon3mamba7binstruct|7.273|posttrained,4324,kept_aggregated,"same normalized model, parameter, type and submission date"
4325,tiiuae/falcon-11B,tiiuaefalcon11b|11.103|pretrained,4325,kept_aggregated,"same normalized model, parameter, type and submission date"
4326,tiiuae/falcon-40b,tiiuaefalcon40b|40.0|pretrained,4326,kept_aggregated,"same normalized model, parameter, type and submission date"
4327,tiiuae/falcon-40b-instruct,tiiuaefalcon40binstruct|40.0|posttrained,4327,kept_aggregated,"same normalized model, parameter, type and submission date"
4328,tiiuae/falcon-7b,tiiuaefalcon7b|7.0|pretrained,4328,kept_aggregated,"same normalized model, parameter, type and submission date"
4329,tiiuae/falcon-7b-instruct,tiiuaefalcon7binstruct|7.0|posttrained,4329,kept_aggregated,"same normalized model, parameter, type and submission date"
4330,tiiuae/falcon-mamba-7b,tiiuaefalconmamba7b|7.0|pretrained,4330,kept_aggregated,"same normalized model, parameter, type and submission date"
4331,tinycompany/BiBo-v0.3,tinycompanybibov03|2.943|posttrained,4331,kept_aggregated,"same normalized model, parameter, type and submission date"
4332,tinycompany/BiBo-v0.7,tinycompanybibov07|2.943|posttrained,4332,kept_aggregated,"same normalized model, parameter, type and submission date"
4333,tinycompany/ShawtyIsBad-bgem3,tinycompanyshawtyisbadbgem3|1.436|pretrained,4333,kept_aggregated,"same normalized model, parameter, type and submission date"
4334,tinycompany/ShawtyIsBad-e5-large,tinycompanyshawtyisbade5large|1.436|pretrained,4334,kept_aggregated,"same normalized model, parameter, type and submission date"
4335,tinycompany/ShawtyIsBad-ib,tinycompanyshawtyisbadib|1.436|pretrained,4335,kept_aggregated,"same normalized model, parameter, type and submission date"
4336,tinycompany/ShawtyIsBad-nomic-moe,tinycompanyshawtyisbadnomicmoe|1.436|pretrained,4336,kept_aggregated,"same normalized model, parameter, type and submission date"
4337,tinycompany/ShawtyIsBad-nomic1.5,tinycompanyshawtyisbadnomic15|1.436|pretrained,4337,kept_aggregated,"same normalized model, parameter, type and submission date"
4338,tinycompany/SigmaBoi-base,tinycompanysigmaboibase|2.943|pretrained,4338,kept_aggregated,"same normalized model, parameter, type and submission date"
4339,tinycompany/SigmaBoi-bge-m3,tinycompanysigmaboibgem3|2.943|pretrained,4339,kept_aggregated,"same normalized model, parameter, type and submission date"
4340,tinycompany/SigmaBoi-bgem3,tinycompanysigmaboibgem3|2.943|posttrained,4340,kept_aggregated,"same normalized model, parameter, type and submission date"
4341,tinycompany/SigmaBoi-ib,tinycompanysigmaboiib|2.943|pretrained,4341,kept_aggregated,"same normalized model, parameter, type and submission date"
4342,tinycompany/SigmaBoi-nomic-moe,tinycompanysigmaboinomicmoe|2.943|pretrained,4342,kept_aggregated,"same normalized model, parameter, type and submission date"
4343,tinycompany/SigmaBoi-nomic1.5,tinycompanysigmaboinomic15|2.943|pretrained,4343,kept_aggregated,"same normalized model, parameter, type and submission date"
4344,tinycompany/SigmaBoi-nomic1.5-fp32,tinycompanysigmaboinomic15fp32|2.943|pretrained,4344,kept_aggregated,"same normalized model, parameter, type and submission date"
4345,tinycompany/Tamed-Shawty,tinycompanytamedshawty|1.562|posttrained,4345,kept_aggregated,"same normalized model, parameter, type and submission date"
4346,tklohj/WindyFloLLM,tklohjwindyflollm|13.016|pretrained,4346,kept_aggregated,"same normalized model, parameter, type and submission date"
4347,togethercomputer/GPT-JT-6B-v1,togethercomputergptjt6bv1|6.0|posttrained,4347,kept_aggregated,"same normalized model, parameter, type and submission date"
4348,togethercomputer/GPT-NeoXT-Chat-Base-20B,togethercomputergptneoxtchatbase20b|20.0|posttrained,4348,kept_aggregated,"same normalized model, parameter, type and submission date"
4349,togethercomputer/LLaMA-2-7B-32K,togethercomputerllama27b32k|7.0|posttrained,4349,kept_aggregated,"same normalized model, parameter, type and submission date"
4350,togethercomputer/Llama-2-7B-32K-Instruct,togethercomputerllama27b32kinstruct|7.0|posttrained,4350,kept_aggregated,"same normalized model, parameter, type and submission date"
4351,togethercomputer/RedPajama-INCITE-7B-Base,togethercomputerredpajamaincite7bbase|7.0|pretrained,4351,kept_aggregated,"same normalized model, parameter, type and submission date"
4352,togethercomputer/RedPajama-INCITE-7B-Chat,togethercomputerredpajamaincite7bchat|7.0|posttrained,4352,kept_aggregated,"same normalized model, parameter, type and submission date"
4353,togethercomputer/RedPajama-INCITE-7B-Instruct,togethercomputerredpajamaincite7binstruct|7.0|posttrained,4353,kept_aggregated,"same normalized model, parameter, type and submission date"
4354,togethercomputer/RedPajama-INCITE-Base-3B-v1,togethercomputerredpajamaincitebase3bv1|3.0|pretrained,4354,kept_aggregated,"same normalized model, parameter, type and submission date"
4355,togethercomputer/RedPajama-INCITE-Chat-3B-v1,togethercomputerredpajamaincitechat3bv1|3.0|posttrained,4355,kept_aggregated,"same normalized model, parameter, type and submission date"
4356,togethercomputer/RedPajama-INCITE-Instruct-3B-v1,togethercomputerredpajamainciteinstruct3bv1|3.0|posttrained,4356,kept_aggregated,"same normalized model, parameter, type and submission date"
4357,tokyotech-llm/Llama-3-Swallow-8B-Instruct-v0.1,tokyotechllmllama3swallow8binstructv01|8.03|posttrained,4357,kept_aggregated,"same normalized model, parameter, type and submission date"
4358,tomasmcm/sky-t1-coder-32b-flash,tomasmcmskyt1coder32bflash|32.764|merge,4358,kept_aggregated,"same normalized model, parameter, type and submission date"
4359,trthminh1112/autotrain-llama32-1b-finetune,trthminh1112autotrainllama321bfinetune|1.1|posttrained,4359,kept_aggregated,"same normalized model, parameter, type and submission date"
4360,tugstugi/Qwen2.5-7B-Instruct-QwQ-v0.1,tugstugiqwen257binstructqwqv01|7.616|posttrained,4360,kept_aggregated,"same normalized model, parameter, type and submission date"
4361,universalml/NepaliGPT-2.0,universalmlnepaligpt20|8.03|posttrained,4361,kept_aggregated,"same normalized model, parameter, type and submission date"
4362,unsloth/Llama-3.2-1B-Instruct,unslothllama321binstruct|1.236|posttrained,4362,kept_aggregated,"same normalized model, parameter, type and submission date"
4363,unsloth/Llama-3.2-1B-Instruct-no-system-message,unslothllama321binstructnosystemmessage|1.236|posttrained,4363,kept_aggregated,"same normalized model, parameter, type and submission date"
4364,unsloth/Phi-3-mini-4k-instruct,unslothphi3mini4kinstruct|3.821|merge,4364,kept_aggregated,"same normalized model, parameter, type and submission date"
4365,unsloth/phi-4,unslothphi4|14.66|posttrained,4365,kept_aggregated,"same normalized model, parameter, type and submission date"
4366,unsloth/phi-4-bnb-4bit,unslothphi4bnb4bit|8.058|posttrained,4366,kept_aggregated,"same normalized model, parameter, type and submission date"
4367,unsloth/phi-4-unsloth-bnb-4bit,unslothphi4unslothbnb4bit|8.483|posttrained,4367,kept_aggregated,"same normalized model, parameter, type and submission date"
4368,upstage/SOLAR-10.7B-Instruct-v1.0,upstagesolar107binstructv10|10.732|posttrained,4368,kept_aggregated,"same normalized model, parameter, type and submission date"
4369,upstage/SOLAR-10.7B-v1.0,upstagesolar107bv10|10.732|pretrained,4369,kept_aggregated,"same normalized model, parameter, type and submission date"
4370,upstage/solar-pro-preview-instruct,upstagesolarpropreviewinstruct|22.14|posttrained,4370,kept_aggregated,"same normalized model, parameter, type and submission date"
4371,utkmst/chimera-beta-test2-lora-merged,utkmstchimerabetatest2loramerged|8.03|posttrained,4371,kept_aggregated,"same normalized model, parameter, type and submission date"
4372,uukuguy/speechless-code-mistral-7b-v1.0,uukuguyspeechlesscodemistral7bv10|7.0|posttrained,4372,kept_aggregated,"same normalized model, parameter, type and submission date"
4373,uukuguy/speechless-codellama-34b-v2.0,uukuguyspeechlesscodellama34bv20|34.0|posttrained,4373,kept_aggregated,"same normalized model, parameter, type and submission date"
4374,uukuguy/speechless-coder-ds-6.7b,uukuguyspeechlesscoderds67b|6.7|posttrained,4374,kept_aggregated,"same normalized model, parameter, type and submission date"
4375,uukuguy/speechless-instruct-mistral-7b-v0.2,uukuguyspeechlessinstructmistral7bv02|7.242|posttrained,4375,kept_aggregated,"same normalized model, parameter, type and submission date"
4376,uukuguy/speechless-llama2-hermes-orca-platypus-wizardlm-13b,uukuguyspeechlessllama2hermesorcaplatypuswizardlm13b|13.016|posttrained,4376,kept_aggregated,"same normalized model, parameter, type and submission date"
4377,uukuguy/speechless-mistral-dolphin-orca-platypus-samantha-7b,uukuguyspeechlessmistraldolphinorcaplatypussamantha7b|7.242|posttrained,4377,kept_aggregated,"same normalized model, parameter, type and submission date"
4378,uukuguy/speechless-zephyr-code-functionary-7b,uukuguyspeechlesszephyrcodefunctionary7b|7.242|posttrained,4378,kept_aggregated,"same normalized model, parameter, type and submission date"
4379,v000000/L3-8B-Stheno-v3.2-abliterated,v000000l38bsthenov32abliterated|8.03|posttrained,4379,kept_aggregated,"same normalized model, parameter, type and submission date"
4380,v000000/L3.1-Niitorm-8B-DPO-t0.0001,v000000l31niitorm8bdpot00001|8.03|posttrained,4380,kept_aggregated,"same normalized model, parameter, type and submission date"
4381,v000000/L3.1-Storniitova-8B,v000000l31storniitova8b|8.03|merge,4381,kept_aggregated,"same normalized model, parameter, type and submission date"
4382,v000000/Qwen2.5-14B-Gutenberg-1e-Delta,v000000qwen2514bgutenberg1edelta|14.77|posttrained,4382,kept_aggregated,"same normalized model, parameter, type and submission date"
4383,v000000/Qwen2.5-14B-Gutenberg-Instruct-Slerpeno,v000000qwen2514bgutenberginstructslerpeno|14.77|merge,4383,kept_aggregated,"same normalized model, parameter, type and submission date"
4384,v000000/Qwen2.5-Lumen-14B,v000000qwen25lumen14b|14.77|posttrained,4384,kept_aggregated,"same normalized model, parameter, type and submission date"
4385,vhab10/Llama-3.1-8B-Base-Instruct-SLERP,vhab10llama318bbaseinstructslerp|8.03|merge,4385,kept_aggregated,"same normalized model, parameter, type and submission date"
4386,vhab10/Llama-3.2-Instruct-3B-TIES,vhab10llama32instruct3bties|1.848|merge,4386,kept_aggregated,"same normalized model, parameter, type and submission date"
4387,vhab10/llama-3-8b-merged-linear,vhab10llama38bmergedlinear|4.65|merge,4387,kept_aggregated,"same normalized model, parameter, type and submission date"
4388,vicgalle/CarbonBeagle-11B,vicgallecarbonbeagle11b|10.732|posttrained,4388,kept_aggregated,"same normalized model, parameter, type and submission date"
4389,vicgalle/CarbonBeagle-11B-truthy,vicgallecarbonbeagle11btruthy|10.732|posttrained,4389,kept_aggregated,"same normalized model, parameter, type and submission date"
4390,vicgalle/Configurable-Hermes-2-Pro-Llama-3-8B,vicgalleconfigurablehermes2prollama38b|8.031|posttrained,4390,kept_aggregated,"same normalized model, parameter, type and submission date"
4391,vicgalle/Configurable-Llama-3.1-8B-Instruct,vicgalleconfigurablellama318binstruct|8.03|posttrained,4391,kept_aggregated,"same normalized model, parameter, type and submission date"
4392,vicgalle/Configurable-Yi-1.5-9B-Chat,vicgalleconfigurableyi159bchat|8.829|posttrained,4392,kept_aggregated,"same normalized model, parameter, type and submission date"
4393,vicgalle/ConfigurableBeagle-11B,vicgalleconfigurablebeagle11b|10.732|posttrained,4393,kept_aggregated,"same normalized model, parameter, type and submission date"
4394,vicgalle/ConfigurableHermes-7B,vicgalleconfigurablehermes7b|7.242|posttrained,4394,kept_aggregated,"same normalized model, parameter, type and submission date"
4395,vicgalle/ConfigurableSOLAR-10.7B,vicgalleconfigurablesolar107b|10.732|posttrained,4395,kept_aggregated,"same normalized model, parameter, type and submission date"
4396,vicgalle/Humanish-RP-Llama-3.1-8B,vicgallehumanishrpllama318b|8.03|posttrained,4396,kept_aggregated,"same normalized model, parameter, type and submission date"
4397,vicgalle/Merge-Mistral-Prometheus-7B,vicgallemergemistralprometheus7b|7.242|merge,4397,kept_aggregated,"same normalized model, parameter, type and submission date"
4398,vicgalle/Merge-Mixtral-Prometheus-8x7B,vicgallemergemixtralprometheus8x7b|46.703|merge,4398,kept_aggregated,"same normalized model, parameter, type and submission date"
4399,vicgalle/Roleplay-Llama-3-8B,vicgalleroleplayllama38b|8.03|posttrained,4399,kept_aggregated,"same normalized model, parameter, type and submission date"
4400,viettelsecurity-ai/security-llama3.2-3b,viettelsecurityaisecurityllama323b|3.213|posttrained,4400,kept_aggregated,"same normalized model, parameter, type and submission date"
4401,vihangd/smart-dan-sft-v0.1,vihangdsmartdansftv01|0.379|posttrained,4401,kept_aggregated,"same normalized model, parameter, type and submission date"
4402,voidful/smol-360m-ft,voidfulsmol360mft|0.362|posttrained,4402,kept_aggregated,"same normalized model, parameter, type and submission date"
4403,vonjack/MobileLLM-125M-HF,vonjackmobilellm125mhf|0.125|pretrained,4403,kept_aggregated,"same normalized model, parameter, type and submission date"
4404,vonjack/Phi-3-mini-4k-instruct-LLaMAfied,vonjackphi3mini4kinstructllamafied|3.821|posttrained,4404,kept_aggregated,"same normalized model, parameter, type and submission date"
4405,vonjack/Phi-3.5-mini-instruct-hermes-fc-json,vonjackphi35miniinstructhermesfcjson|4.132|posttrained,4405,kept_aggregated,"same normalized model, parameter, type and submission date"
4406,vonjack/Qwen2.5-Coder-0.5B-Merged,vonjackqwen25coder05bmerged|0.63|posttrained,4406,kept_aggregated,"same normalized model, parameter, type and submission date"
4407,vonjack/SmolLM2-1.7B-Merged,vonjacksmollm217bmerged|1.711|posttrained,4407,kept_aggregated,"same normalized model, parameter, type and submission date"
4408,vonjack/SmolLM2-135M-Merged,vonjacksmollm2135mmerged|0.135|posttrained,4408,kept_aggregated,"same normalized model, parameter, type and submission date"
4409,vonjack/SmolLM2-360M-Merged,vonjacksmollm2360mmerged|0.362|posttrained,4409,kept_aggregated,"same normalized model, parameter, type and submission date"
4410,w4r10ck/SOLAR-10.7B-Instruct-v1.0-uncensored,w4r10cksolar107binstructv10uncensored|10.732|posttrained,4410,kept_aggregated,"same normalized model, parameter, type and submission date"
4411,wanlige/li-14b-v0.4,wanligeli14bv04|14.77|merge,4411,kept_aggregated,"same normalized model, parameter, type and submission date"
4412,wanlige/li-14b-v0.4-slerp,wanligeli14bv04slerp|14.766|merge,4412,kept_aggregated,"same normalized model, parameter, type and submission date"
4413,wanlige/li-14b-v0.4-slerp0.1,wanligeli14bv04slerp01|14.766|merge,4413,kept_aggregated,"same normalized model, parameter, type and submission date"
4414,wannaphong/KhanomTanLLM-Instruct,wannaphongkhanomtanllminstruct|3.447|posttrained,4414,kept_aggregated,"same normalized model, parameter, type and submission date"
4415,waqasali1707/Beast-Soul-new,waqasali1707beastsoulnew|7.242|merge,4415,kept_aggregated,"same normalized model, parameter, type and submission date"
4416,wave-on-discord/qwent-7b,waveondiscordqwent7b|7.616|merge,4416,kept_aggregated,"same normalized model, parameter, type and submission date"
4417,weathermanj/Menda-3B-500,weathermanjmenda3b500|3.086|posttrained,4417,kept_aggregated,"same normalized model, parameter, type and submission date"
4418,weathermanj/Menda-3b-750,weathermanjmenda3b750|3.086|posttrained,4418,kept_aggregated,"same normalized model, parameter, type and submission date"
4419,weathermanj/Menda-3b-Optim-100,weathermanjmenda3boptim100|3.086|posttrained,4419,kept_aggregated,"same normalized model, parameter, type and submission date"
4420,weathermanj/Menda-3b-Optim-200,weathermanjmenda3boptim200|3.086|posttrained,4420,kept_aggregated,"same normalized model, parameter, type and submission date"
4421,win10/ArliAI-RPMax-v1.3-merge-13.3B,win10arliairpmaxv13merge133b|13.265|merge,4421,kept_aggregated,"same normalized model, parameter, type and submission date"
4422,win10/Breeze-13B-32k-Instruct-v1_0,win10breeze13b32kinstructv10|12.726|merge,4422,kept_aggregated,"same normalized model, parameter, type and submission date"
4423,win10/EVA-Norns-Qwen2.5-v0.1,win10evanornsqwen25v01|7.616|merge,4423,kept_aggregated,"same normalized model, parameter, type and submission date"
4424,win10/Llama-3.2-3B-Instruct-24-9-29,win10llama323binstruct24929|3.213|posttrained,4424,kept_aggregated,"same normalized model, parameter, type and submission date"
4425,win10/Norns-Qwen2.5-12B,win10nornsqwen2512b|12.277|merge,4425,kept_aggregated,"same normalized model, parameter, type and submission date"
4426,win10/Norns-Qwen2.5-7B,win10nornsqwen257b|7.616|merge,4426,kept_aggregated,"same normalized model, parameter, type and submission date"
4427,win10/Qwen2.5-2B-Instruct,win10qwen252binstruct|2.9|merge,4427,kept_aggregated,"same normalized model, parameter, type and submission date"
4428,win10/llama3-13.45b-Instruct,win10llama31345binstruct|13.265|posttrained,4428,kept_aggregated,"same normalized model, parameter, type and submission date"
4429,win10/miscii-14b-1M-0128,win10miscii14b1m0128|14.766|merge,4429,kept_aggregated,"same normalized model, parameter, type and submission date"
4430,winglian/Llama-3-8b-64k-PoSE,winglianllama38b64kpose|8.03|posttrained,4430,kept_aggregated,"same normalized model, parameter, type and submission date"
4431,winglian/llama-3-8b-256k-PoSE,winglianllama38b256kpose|8.03|posttrained,4431,kept_aggregated,"same normalized model, parameter, type and submission date"
4432,wzhouad/gemma-2-9b-it-WPO-HB,wzhouadgemma29bitwpohb|9.242|posttrained,4432,kept_aggregated,"same normalized model, parameter, type and submission date"
4433,x0000001/Deepseek-Lumen-R1-Qwen2.5-14B,x0000001deepseeklumenr1qwen2514b|14.77|posttrained,4433,kept_aggregated,"same normalized model, parameter, type and submission date"
4434,xMaulana/FinMatcha-3B-Instruct,xmaulanafinmatcha3binstruct|3.213|posttrained,4434,kept_aggregated,"same normalized model, parameter, type and submission date"
4435,xinchen9/Llama3.1_8B_Instruct_CoT,xinchen9llama318binstructcot|8.03|posttrained,4435,kept_aggregated,"same normalized model, parameter, type and submission date"
4436,xinchen9/Llama3.1_CoT,xinchen9llama31cot|8.03|posttrained,4436,kept_aggregated,"same normalized model, parameter, type and submission date"
4437,xinchen9/Llama3.1_CoT_V1,xinchen9llama31cotv1|8.03|posttrained,4437,kept_aggregated,"same normalized model, parameter, type and submission date"
4438,xinchen9/Mistral-7B-CoT,xinchen9mistral7bcot|7.242|posttrained,4438,kept_aggregated,"same normalized model, parameter, type and submission date"
4439,xinchen9/llama3-b8-ft-dis,xinchen9llama3b8ftdis|8.03|posttrained,4439,kept_aggregated,"same normalized model, parameter, type and submission date"
4440,xkp24/Llama-3-8B-Instruct-SPPO-Iter2_bt_2b-table,xkp24llama38binstructsppoiter2bt2btable|8.03|posttrained,4440,kept_aggregated,"same normalized model, parameter, type and submission date"
4441,xkp24/Llama-3-8B-Instruct-SPPO-Iter2_bt_8b-table,xkp24llama38binstructsppoiter2bt8btable|8.03|posttrained,4441,kept_aggregated,"same normalized model, parameter, type and submission date"
4442,xkp24/Llama-3-8B-Instruct-SPPO-Iter2_gp_2b-table,xkp24llama38binstructsppoiter2gp2btable|8.03|posttrained,4442,kept_aggregated,"same normalized model, parameter, type and submission date"
4443,xkp24/Llama-3-8B-Instruct-SPPO-Iter2_gp_8b-table,xkp24llama38binstructsppoiter2gp8btable|8.03|posttrained,4443,kept_aggregated,"same normalized model, parameter, type and submission date"
4444,xkp24/Llama-3-8B-Instruct-SPPO-score-Iter2_bt_2b-table-0.001,xkp24llama38binstructspposcoreiter2bt2btable0001|8.03|posttrained,4444,kept_aggregated,"same normalized model, parameter, type and submission date"
4445,xkp24/Llama-3-8B-Instruct-SPPO-score-Iter2_bt_8b-table-0.002,xkp24llama38binstructspposcoreiter2bt8btable0002|8.03|posttrained,4445,kept_aggregated,"same normalized model, parameter, type and submission date"
4446,xkp24/Llama-3-8B-Instruct-SPPO-score-Iter2_gp_2b-table-0.001,xkp24llama38binstructspposcoreiter2gp2btable0001|8.03|posttrained,4446,kept_aggregated,"same normalized model, parameter, type and submission date"
4447,xkp24/Llama-3-8B-Instruct-SPPO-score-Iter2_gp_8b-table-0.002,xkp24llama38binstructspposcoreiter2gp8btable0002|8.03|posttrained,4447,kept_aggregated,"same normalized model, parameter, type and submission date"
4448,xukp20/Llama-3-8B-Instruct-SPPO-Iter3_bt_2b-table,xukp20llama38binstructsppoiter3bt2btable|8.03|posttrained,4448,kept_aggregated,"same normalized model, parameter, type and submission date"
4449,xukp20/Llama-3-8B-Instruct-SPPO-Iter3_bt_8b-table,xukp20llama38binstructsppoiter3bt8btable|8.03|posttrained,4449,kept_aggregated,"same normalized model, parameter, type and submission date"
4450,xukp20/Llama-3-8B-Instruct-SPPO-Iter3_gp_2b-table,xukp20llama38binstructsppoiter3gp2btable|8.03|posttrained,4450,kept_aggregated,"same normalized model, parameter, type and submission date"
4451,xukp20/Llama-3-8B-Instruct-SPPO-Iter3_gp_8b-table,xukp20llama38binstructsppoiter3gp8btable|8.03|posttrained,4451,kept_aggregated,"same normalized model, parameter, type and submission date"
4452,xukp20/Llama-3-8B-Instruct-SPPO-score-Iter3_bt_2b-table-0.001,xukp20llama38binstructspposcoreiter3bt2btable0001|8.03|posttrained,4452,kept_aggregated,"same normalized model, parameter, type and submission date"
4453,xukp20/Llama-3-8B-Instruct-SPPO-score-Iter3_bt_8b-table-0.002,xukp20llama38binstructspposcoreiter3bt8btable0002|8.03|posttrained,4453,kept_aggregated,"same normalized model, parameter, type and submission date"
4454,xukp20/Llama-3-8B-Instruct-SPPO-score-Iter3_gp_2b-table-0.001,xukp20llama38binstructspposcoreiter3gp2btable0001|8.03|posttrained,4454,kept_aggregated,"same normalized model, parameter, type and submission date"
4455,xukp20/llama-3-8b-instruct-sppo-iter1-gp-2b-tau01-table,xukp20llama38binstructsppoiter1gp2btau01table|8.03|posttrained,4455,kept_aggregated,"same normalized model, parameter, type and submission date"
4456,xwen-team/Xwen-7B-Chat,xwenteamxwen7bchat|7.616|posttrained,4456,kept_aggregated,"same normalized model, parameter, type and submission date"
4457,xxx777xxxASD/L3.1-ClaudeMaid-4x8B,xxx777xxxasdl31claudemaid4x8b|24.942|merge,4457,kept_aggregated,"same normalized model, parameter, type and submission date"
4458,yam-peleg/Hebrew-Gemma-11B-Instruct,yampeleghebrewgemma11binstruct|10.475|posttrained,4458,kept_aggregated,"same normalized model, parameter, type and submission date"
4459,yam-peleg/Hebrew-Mistral-7B,yampeleghebrewmistral7b|7.504|posttrained,4459,kept_aggregated,"same normalized model, parameter, type and submission date"
4460,yam-peleg/Hebrew-Mistral-7B-200K,yampeleghebrewmistral7b200k|7.504|posttrained,4460,kept_aggregated,"same normalized model, parameter, type and submission date"
4461,yam-peleg/Hebrew-Mistral-7B-200K,yampeleghebrewmistral7b200k|7.504|pretrained,4461,kept_aggregated,"same normalized model, parameter, type and submission date"
4462,yanng1242/Marcoro14-7B-slerp,yanng1242marcoro147bslerp|7.242|merge,4462,kept_aggregated,"same normalized model, parameter, type and submission date"
4463,yasserrmd/Coder-GRPO-3B,yasserrmdcodergrpo3b|3.086|posttrained,4463,kept_aggregated,"same normalized model, parameter, type and submission date"
4464,yasserrmd/Text2SQL-1.5B,yasserrmdtext2sql15b|1.544|posttrained,4464,kept_aggregated,"same normalized model, parameter, type and submission date"
4465,ycros/BagelMIsteryTour-v2-8x7B,ycrosbagelmisterytourv28x7b|46.703|posttrained,4465,kept_aggregated,"same normalized model, parameter, type and submission date"
4466,ycros/BagelMIsteryTour-v2-8x7B,ycrosbagelmisterytourv28x7b|46.703|posttrained,4466,kept_aggregated,"same normalized model, parameter, type and submission date"
4467,yfzp/Llama-3-8B-Instruct-SPPO-Iter1_bt_2b-table,yfzpllama38binstructsppoiter1bt2btable|8.03|posttrained,4467,kept_aggregated,"same normalized model, parameter, type and submission date"
4468,yfzp/Llama-3-8B-Instruct-SPPO-Iter1_bt_8b-table,yfzpllama38binstructsppoiter1bt8btable|8.03|posttrained,4468,kept_aggregated,"same normalized model, parameter, type and submission date"
4469,yfzp/Llama-3-8B-Instruct-SPPO-Iter1_gp_2b-table,yfzpllama38binstructsppoiter1gp2btable|8.03|posttrained,4469,kept_aggregated,"same normalized model, parameter, type and submission date"
4470,yfzp/Llama-3-8B-Instruct-SPPO-Iter1_gp_8b-table,yfzpllama38binstructsppoiter1gp8btable|8.03|posttrained,4470,kept_aggregated,"same normalized model, parameter, type and submission date"
4471,yfzp/Llama-3-8B-Instruct-SPPO-score-Iter1_bt_2b-table-0.001,yfzpllama38binstructspposcoreiter1bt2btable0001|8.03|posttrained,4471,kept_aggregated,"same normalized model, parameter, type and submission date"
4472,yfzp/Llama-3-8B-Instruct-SPPO-score-Iter1_bt_8b-table-0.002,yfzpllama38binstructspposcoreiter1bt8btable0002|8.03|posttrained,4472,kept_aggregated,"same normalized model, parameter, type and submission date"
4473,yfzp/Llama-3-8B-Instruct-SPPO-score-Iter1_gp_2b-table-0.001,yfzpllama38binstructspposcoreiter1gp2btable0001|8.03|posttrained,4473,kept_aggregated,"same normalized model, parameter, type and submission date"
4474,yfzp/Llama-3-8B-Instruct-SPPO-score-Iter1_gp_8b-table-0.002,yfzpllama38binstructspposcoreiter1gp8btable0002|8.03|posttrained,4474,kept_aggregated,"same normalized model, parameter, type and submission date"
4475,yifAI/Llama-3-8B-Instruct-SPPO-score-Iter3_gp_8b-table-0.002,yifaillama38binstructspposcoreiter3gp8btable0002|8.03|posttrained,4475,kept_aggregated,"same normalized model, parameter, type and submission date"
4476,ylalain/ECE-PRYMMAL-YL-1B-SLERP-V8,ylalaineceprymmalyl1bslerpv8|1.357|merge,4476,kept_aggregated,"same normalized model, parameter, type and submission date"
4477,ymcki/Llama-3.1-8B-GRPO-Instruct,ymckillama318bgrpoinstruct|8.03|posttrained,4477,kept_aggregated,"same normalized model, parameter, type and submission date"
4478,ymcki/Llama-3.1-8B-SFT-GRPO-Instruct,ymckillama318bsftgrpoinstruct|8.03|posttrained,4478,kept_aggregated,"same normalized model, parameter, type and submission date"
4479,ymcki/gemma-2-2b-ORPO-jpn-it-abliterated-18,ymckigemma22borpojpnitabliterated18|2.614|posttrained,4479,kept_aggregated,"same normalized model, parameter, type and submission date"
4480,ymcki/gemma-2-2b-ORPO-jpn-it-abliterated-18-merge,ymckigemma22borpojpnitabliterated18merge|2.614|posttrained,4480,kept_aggregated,"same normalized model, parameter, type and submission date"
4481,ymcki/gemma-2-2b-jpn-it-abliterated-17,ymckigemma22bjpnitabliterated17|2.614|posttrained,4481,kept_aggregated,"same normalized model, parameter, type and submission date"
4482,ymcki/gemma-2-2b-jpn-it-abliterated-17-18-24,ymckigemma22bjpnitabliterated171824|2.614|posttrained,4482,kept_aggregated,"same normalized model, parameter, type and submission date"
4483,ymcki/gemma-2-2b-jpn-it-abliterated-17-ORPO,ymckigemma22bjpnitabliterated17orpo|2.614|posttrained,4483,kept_aggregated,"same normalized model, parameter, type and submission date"
4484,ymcki/gemma-2-2b-jpn-it-abliterated-17-ORPO-alpaca,ymckigemma22bjpnitabliterated17orpoalpaca|2.614|posttrained,4484,kept_aggregated,"same normalized model, parameter, type and submission date"
4485,ymcki/gemma-2-2b-jpn-it-abliterated-18,ymckigemma22bjpnitabliterated18|2.614|posttrained,4485,kept_aggregated,"same normalized model, parameter, type and submission date"
4486,ymcki/gemma-2-2b-jpn-it-abliterated-18-ORPO,ymckigemma22bjpnitabliterated18orpo|2.614|posttrained,4486,kept_aggregated,"same normalized model, parameter, type and submission date"
4487,ymcki/gemma-2-2b-jpn-it-abliterated-24,ymckigemma22bjpnitabliterated24|2.614|posttrained,4487,kept_aggregated,"same normalized model, parameter, type and submission date"
4488,yuchenxie/ArlowGPT-3B-Multilingual,yuchenxiearlowgpt3bmultilingual|3.213|posttrained,4488,kept_aggregated,"same normalized model, parameter, type and submission date"
4489,yuchenxie/ArlowGPT-8B,yuchenxiearlowgpt8b|8.03|posttrained,4489,kept_aggregated,"same normalized model, parameter, type and submission date"
4490,yuvraj17/Llama3-8B-SuperNova-Spectrum-Hermes-DPO,yuvraj17llama38bsupernovaspectrumhermesdpo|8.03|posttrained,4490,kept_aggregated,"same normalized model, parameter, type and submission date"
4491,yuvraj17/Llama3-8B-SuperNova-Spectrum-dare_ties,yuvraj17llama38bsupernovaspectrumdareties|8.03|merge,4491,kept_aggregated,"same normalized model, parameter, type and submission date"
4492,yuvraj17/Llama3-8B-abliterated-Spectrum-slerp,yuvraj17llama38babliteratedspectrumslerp|8.03|merge,4492,kept_aggregated,"same normalized model, parameter, type and submission date"
4493,zake7749/gemma-2-2b-it-chinese-kyara-dpo,zake7749gemma22bitchinesekyaradpo|2.614|posttrained,4493,kept_aggregated,"same normalized model, parameter, type and submission date"
4494,zake7749/gemma-2-9b-it-chinese-kyara,zake7749gemma29bitchinesekyara|9.242|posttrained,4494,kept_aggregated,"same normalized model, parameter, type and submission date"
4495,zelk12/Gemma-2-TM-9B,zelk12gemma2tm9b|10.159|merge,4495,kept_aggregated,"same normalized model, parameter, type and submission date"
4496,zelk12/MT-Gen1-gemma-2-9B,zelk12mtgen1gemma29b|10.159|merge,4496,kept_aggregated,"same normalized model, parameter, type and submission date"
4497,zelk12/MT-Gen2-GI-gemma-2-9B,zelk12mtgen2gigemma29b|10.159|merge,4497,kept_aggregated,"same normalized model, parameter, type and submission date"
4498,zelk12/MT-Gen2-gemma-2-9B,zelk12mtgen2gemma29b|10.159|merge,4498,kept_aggregated,"same normalized model, parameter, type and submission date"
4499,zelk12/MT-Gen3-gemma-2-9B,zelk12mtgen3gemma29b|10.159|merge,4499,kept_aggregated,"same normalized model, parameter, type and submission date"
4500,zelk12/MT-Gen4-gemma-2-9B,zelk12mtgen4gemma29b|10.159|merge,4500,kept_aggregated,"same normalized model, parameter, type and submission date"
4501,zelk12/MT-Gen5-gemma-2-9B,zelk12mtgen5gemma29b|10.159|merge,4501,kept_aggregated,"same normalized model, parameter, type and submission date"
4502,zelk12/MT-Gen6-gemma-2-9B,zelk12mtgen6gemma29b|10.159|merge,4502,kept_aggregated,"same normalized model, parameter, type and submission date"
4503,zelk12/MT-Gen6fix-gemma-2-9B,zelk12mtgen6fixgemma29b|10.159|merge,4503,kept_aggregated,"same normalized model, parameter, type and submission date"
4504,zelk12/MT-Gen7-gemma-2-9B,zelk12mtgen7gemma29b|10.159|merge,4504,kept_aggregated,"same normalized model, parameter, type and submission date"
4505,zelk12/MT-Max-Merge_02012025163610-gemma-2-9B,zelk12mtmaxmerge02012025163610gemma29b|10.159|merge,4505,kept_aggregated,"same normalized model, parameter, type and submission date"
4506,zelk12/MT-Merge-gemma-2-9B,zelk12mtmergegemma29b|10.159|merge,4506,kept_aggregated,"same normalized model, parameter, type and submission date"
4507,zelk12/MT-Merge1-gemma-2-9B,zelk12mtmerge1gemma29b|10.159|merge,4507,kept_aggregated,"same normalized model, parameter, type and submission date"
4508,zelk12/MT-Merge2-MU-gemma-2-MTg2MT1g2-9B,zelk12mtmerge2mugemma2mtg2mt1g29b|10.159|merge,4508,kept_aggregated,"same normalized model, parameter, type and submission date"
4509,zelk12/MT-Merge2-gemma-2-9B,zelk12mtmerge2gemma29b|10.159|merge,4509,kept_aggregated,"same normalized model, parameter, type and submission date"
4510,zelk12/MT-Merge3-gemma-2-9B,zelk12mtmerge3gemma29b|10.159|merge,4510,kept_aggregated,"same normalized model, parameter, type and submission date"
4511,zelk12/MT-Merge4-gemma-2-9B,zelk12mtmerge4gemma29b|10.159|merge,4511,kept_aggregated,"same normalized model, parameter, type and submission date"
4512,zelk12/MT-Merge5-gemma-2-9B,zelk12mtmerge5gemma29b|10.159|merge,4512,kept_aggregated,"same normalized model, parameter, type and submission date"
4513,zelk12/MT-Merge6-gemma-2-9B,zelk12mtmerge6gemma29b|10.159|merge,4513,kept_aggregated,"same normalized model, parameter, type and submission date"
4514,zelk12/MT-gemma-2-9B,zelk12mtgemma29b|10.159|merge,4514,kept_aggregated,"same normalized model, parameter, type and submission date"
4515,zelk12/MT1-Gen1-gemma-2-9B,zelk12mt1gen1gemma29b|10.159|merge,4515,kept_aggregated,"same normalized model, parameter, type and submission date"
4516,zelk12/MT1-Gen2-gemma-2-9B,zelk12mt1gen2gemma29b|10.159|merge,4516,kept_aggregated,"same normalized model, parameter, type and submission date"
4517,zelk12/MT1-Gen3-gemma-2-9B,zelk12mt1gen3gemma29b|10.159|merge,4517,kept_aggregated,"same normalized model, parameter, type and submission date"
4518,zelk12/MT1-Gen4-gemma-2-9B,zelk12mt1gen4gemma29b|10.159|merge,4518,kept_aggregated,"same normalized model, parameter, type and submission date"
4519,zelk12/MT1-Gen5-IF-gemma-2-S2DMv1-9B,zelk12mt1gen5ifgemma2s2dmv19b|10.159|merge,4519,kept_aggregated,"same normalized model, parameter, type and submission date"
4520,zelk12/MT1-Gen5-gemma-2-9B,zelk12mt1gen5gemma29b|10.159|merge,4520,kept_aggregated,"same normalized model, parameter, type and submission date"
4521,zelk12/MT1-Gen6-gemma-2-9B,zelk12mt1gen6gemma29b|10.159|merge,4521,kept_aggregated,"same normalized model, parameter, type and submission date"
4522,zelk12/MT1-Gen7-gemma-2-9B,zelk12mt1gen7gemma29b|10.159|merge,4522,kept_aggregated,"same normalized model, parameter, type and submission date"
4523,zelk12/MT1-Max-Merge_02012025163610-gemma-2-9B,zelk12mt1maxmerge02012025163610gemma29b|10.159|merge,4523,kept_aggregated,"same normalized model, parameter, type and submission date"
4524,zelk12/MT1-gemma-2-9B,zelk12mt1gemma29b|10.159|merge,4524,kept_aggregated,"same normalized model, parameter, type and submission date"
4525,zelk12/MT2-Gen1-gemma-2-9B,zelk12mt2gen1gemma29b|10.159|merge,4525,kept_aggregated,"same normalized model, parameter, type and submission date"
4526,zelk12/MT2-Gen2-gemma-2-9B,zelk12mt2gen2gemma29b|10.159|merge,4526,kept_aggregated,"same normalized model, parameter, type and submission date"
4527,zelk12/MT2-Gen3-gemma-2-9B,zelk12mt2gen3gemma29b|10.159|merge,4527,kept_aggregated,"same normalized model, parameter, type and submission date"
4528,zelk12/MT2-Gen4-gemma-2-9B,zelk12mt2gen4gemma29b|10.159|merge,4528,kept_aggregated,"same normalized model, parameter, type and submission date"
4529,zelk12/MT2-Gen5-gemma-2-9B,zelk12mt2gen5gemma29b|10.159|merge,4529,kept_aggregated,"same normalized model, parameter, type and submission date"
4530,zelk12/MT2-Gen6-gemma-2-9B,zelk12mt2gen6gemma29b|10.159|merge,4530,kept_aggregated,"same normalized model, parameter, type and submission date"
4531,zelk12/MT2-Gen7-gemma-2-9B,zelk12mt2gen7gemma29b|10.159|merge,4531,kept_aggregated,"same normalized model, parameter, type and submission date"
4532,zelk12/MT2-Max-Merge_02012025163610-gemma-2-9B,zelk12mt2maxmerge02012025163610gemma29b|10.159|merge,4532,kept_aggregated,"same normalized model, parameter, type and submission date"
4533,zelk12/MT2-gemma-2-9B,zelk12mt2gemma29b|10.159|merge,4533,kept_aggregated,"same normalized model, parameter, type and submission date"
4534,zelk12/MT3-Gen1-gemma-2-9B,zelk12mt3gen1gemma29b|10.159|merge,4534,kept_aggregated,"same normalized model, parameter, type and submission date"
4535,zelk12/MT3-Gen2-gemma-2-9B,zelk12mt3gen2gemma29b|10.159|merge,4535,kept_aggregated,"same normalized model, parameter, type and submission date"
4536,zelk12/MT3-Gen3-gemma-2-9B,zelk12mt3gen3gemma29b|10.159|merge,4536,kept_aggregated,"same normalized model, parameter, type and submission date"
4537,zelk12/MT3-Gen4-gemma-2-9B,zelk12mt3gen4gemma29b|10.159|merge,4537,kept_aggregated,"same normalized model, parameter, type and submission date"
4538,zelk12/MT3-Gen5-gemma-2-9B,zelk12mt3gen5gemma29b|10.159|merge,4538,kept_aggregated,"same normalized model, parameter, type and submission date"
4539,zelk12/MT3-Gen5-gemma-2-9B_v1,zelk12mt3gen5gemma29bv1|10.159|merge,4539,kept_aggregated,"same normalized model, parameter, type and submission date"
4540,zelk12/MT3-Gen6-gemma-2-9B,zelk12mt3gen6gemma29b|10.159|merge,4540,kept_aggregated,"same normalized model, parameter, type and submission date"
4541,zelk12/MT3-Max-Merge_02012025163610-gemma-2-9B,zelk12mt3maxmerge02012025163610gemma29b|10.159|merge,4541,kept_aggregated,"same normalized model, parameter, type and submission date"
4542,zelk12/MT3-gemma-2-9B,zelk12mt3gemma29b|10.159|merge,4542,kept_aggregated,"same normalized model, parameter, type and submission date"
4543,zelk12/MT4-Gen1-gemma-2-9B,zelk12mt4gen1gemma29b|10.159|merge,4543,kept_aggregated,"same normalized model, parameter, type and submission date"
4544,zelk12/MT4-Gen2-gemma-2-9B,zelk12mt4gen2gemma29b|10.159|merge,4544,kept_aggregated,"same normalized model, parameter, type and submission date"
4545,zelk12/MT4-Gen3-gemma-2-9B,zelk12mt4gen3gemma29b|10.159|merge,4545,kept_aggregated,"same normalized model, parameter, type and submission date"
4546,zelk12/MT4-Gen4-gemma-2-9B,zelk12mt4gen4gemma29b|10.159|merge,4546,kept_aggregated,"same normalized model, parameter, type and submission date"
4547,zelk12/MT4-Gen5-gemma-2-9B,zelk12mt4gen5gemma29b|10.159|merge,4547,kept_aggregated,"same normalized model, parameter, type and submission date"
4548,zelk12/MT4-Max-Merge_02012025163610-gemma-2-9B,zelk12mt4maxmerge02012025163610gemma29b|10.159|merge,4548,kept_aggregated,"same normalized model, parameter, type and submission date"
4549,zelk12/MT4-gemma-2-9B,zelk12mt4gemma29b|10.159|merge,4549,kept_aggregated,"same normalized model, parameter, type and submission date"
4550,zelk12/MT5-Gen1-gemma-2-9B,zelk12mt5gen1gemma29b|10.159|merge,4550,kept_aggregated,"same normalized model, parameter, type and submission date"
4551,zelk12/MT5-Gen2-gemma-2-9B,zelk12mt5gen2gemma29b|10.159|merge,4551,kept_aggregated,"same normalized model, parameter, type and submission date"
4552,zelk12/MT5-Gen3-gemma-2-9B,zelk12mt5gen3gemma29b|10.159|merge,4552,kept_aggregated,"same normalized model, parameter, type and submission date"
4553,zelk12/MT5-Gen4-gemma-2-9B,zelk12mt5gen4gemma29b|10.159|merge,4553,kept_aggregated,"same normalized model, parameter, type and submission date"
4554,zelk12/MT5-Gen5-gemma-2-9B,zelk12mt5gen5gemma29b|10.159|merge,4554,kept_aggregated,"same normalized model, parameter, type and submission date"
4555,zelk12/MT5-Max-Merge_02012025163610-gemma-2-9B,zelk12mt5maxmerge02012025163610gemma29b|10.159|merge,4555,kept_aggregated,"same normalized model, parameter, type and submission date"
4556,zelk12/MT5-gemma-2-9B,zelk12mt5gemma29b|10.159|merge,4556,kept_aggregated,"same normalized model, parameter, type and submission date"
4557,zelk12/MTM-Merge-gemma-2-9B,zelk12mtmmergegemma29b|10.159|merge,4557,kept_aggregated,"same normalized model, parameter, type and submission date"
4558,zelk12/MTMaMe-Merge_02012025163610-gemma-2-9B,zelk12mtmamemerge02012025163610gemma29b|10.159|merge,4558,kept_aggregated,"same normalized model, parameter, type and submission date"
4559,zelk12/Rv0.4DMv1t0.25-gemma-2-9B,zelk12rv04dmv1t025gemma29b|10.159|merge,4559,kept_aggregated,"same normalized model, parameter, type and submission date"
4560,zelk12/Rv0.4DMv1t0.25Tt0.25-gemma-2-9B,zelk12rv04dmv1t025tt025gemma29b|10.159|merge,4560,kept_aggregated,"same normalized model, parameter, type and submission date"
4561,zelk12/Rv0.4MT4g2-gemma-2-9B,zelk12rv04mt4g2gemma29b|10.159|merge,4561,kept_aggregated,"same normalized model, parameter, type and submission date"
4562,zelk12/T31122024203920-gemma-2-9B,zelk12t31122024203920gemma29b|10.159|merge,4562,kept_aggregated,"same normalized model, parameter, type and submission date"
4563,zelk12/Test01012025155054,zelk12test01012025155054|3.817|merge,4563,kept_aggregated,"same normalized model, parameter, type and submission date"
4564,zelk12/Test01012025155054t0.5_gemma-2,zelk12test01012025155054t05gemma2|3.817|merge,4564,kept_aggregated,"same normalized model, parameter, type and submission date"
4565,zelk12/gemma-2-S2MTM-9B,zelk12gemma2s2mtm9b|10.159|merge,4565,kept_aggregated,"same normalized model, parameter, type and submission date"
4566,zelk12/recoilme-gemma-2-Ataraxy-9B-v0.1,zelk12recoilmegemma2ataraxy9bv01|10.159|merge,4566,kept_aggregated,"same normalized model, parameter, type and submission date"
4567,zelk12/recoilme-gemma-2-Ataraxy-9B-v0.1-t0.25,zelk12recoilmegemma2ataraxy9bv01t025|10.159|merge,4567,kept_aggregated,"same normalized model, parameter, type and submission date"
4568,zelk12/recoilme-gemma-2-Ataraxy-9B-v0.1-t0.75,zelk12recoilmegemma2ataraxy9bv01t075|10.159|merge,4568,kept_aggregated,"same normalized model, parameter, type and submission date"
4569,zelk12/recoilme-gemma-2-Ataraxy-9B-v0.2,zelk12recoilmegemma2ataraxy9bv02|10.159|merge,4569,kept_aggregated,"same normalized model, parameter, type and submission date"
4570,zelk12/recoilme-gemma-2-Gutenberg-Doppel-9B-v0.1,zelk12recoilmegemma2gutenbergdoppel9bv01|10.159|merge,4570,kept_aggregated,"same normalized model, parameter, type and submission date"
4571,zelk12/recoilme-gemma-2-Ifable-9B-v0.1,zelk12recoilmegemma2ifable9bv01|10.159|merge,4571,kept_aggregated,"same normalized model, parameter, type and submission date"
4572,zelk12/recoilme-gemma-2-psy10k-mental_healt-9B-v0.1,zelk12recoilmegemma2psy10kmentalhealt9bv01|10.159|merge,4572,kept_aggregated,"same normalized model, parameter, type and submission date"
4573,zetasepic/Qwen2.5-32B-Instruct-abliterated-v2,zetasepicqwen2532binstructabliteratedv2|32.764|posttrained,4573,kept_aggregated,"same normalized model, parameter, type and submission date"
4574,zetasepic/Qwen2.5-72B-Instruct-abliterated,zetasepicqwen2572binstructabliterated|72.706|posttrained,4574,kept_aggregated,"same normalized model, parameter, type and submission date"
4575,zhengr/MixTAO-7Bx2-MoE-v8.1,zhengrmixtao7bx2moev81|12.879|posttrained,4575,kept_aggregated,"same normalized model, parameter, type and submission date"
