scenario_index,target,uncertainty_mode,median,p10,p90,p025,p975,width80,width95
0,Average,upstream_only,3.265555888995295,3.226451317057836,3.3043229064307162,3.204956520721091,3.318528195517276,0.0778715893728803,0.11357167479618502
0,Average,bridge_only,3.0667377486296026,1.708864602324003,6.3963271956370225,1.1217331477160373,8.053552420719509,4.687462593313019,6.931819273003471
0,Average,joint,3.0695286814537694,1.7102252786323417,6.396509187247462,1.1371714551718914,8.04979225849699,4.6862839086151205,6.9126208033250975
0,IFEval,upstream_only,32.56088321287908,32.56088321287908,32.56088321287908,32.56088321287908,32.56088321287908,0.0,0.0
0,IFEval,bridge_only,32.303339955120606,26.672711947555168,39.08352806305004,24.384536213406832,41.72235818303767,12.410816115494871,17.337821969630838
0,IFEval,joint,32.303339955120606,26.672711947555168,39.08352806305004,24.384536213406832,41.72235818303767,12.410816115494871,17.337821969630838
0,BBH,upstream_only,1.2157614011382445,1.1855711062484897,1.2459116311157445,1.1690716688223275,1.257014343906312,0.06034052486725483,0.08794267508398446
0,BBH,bridge_only,1.1664482324023067,0.06035874236368798,4.773959347254867,-0.16720270909163396,6.200869360274738,4.713600604891179,6.368072069366372
0,BBH,joint,1.166032707590035,0.06578767788439058,4.782171771232573,-0.16513151264641607,6.146462530656114,4.716384093348182,6.31159404330253
0,MATH,upstream_only,4.984789161550182,4.984789161550182,4.984789161550182,4.984789161550182,4.984789161550182,0.0,0.0
0,MATH,bridge_only,4.942441912602116,2.4117403924987935,10.01914753764336,1.861409820085471,12.182243071045157,7.607407145144566,10.320833250959685
0,MATH,joint,4.942441912602116,2.4117403924987935,10.01914753764336,1.861409820085471,12.182243071045157,7.607407145144566,10.320833250959685
0,GPQA,upstream_only,2.8142064649863863,2.8142064649863863,2.8142064649863863,2.8142064649863863,2.8142064649863863,0.0,0.0
0,GPQA,bridge_only,2.9135916893659823,1.502831648259266,5.225122161565812,1.1072188218872647,5.87785971732395,3.722290513306546,4.770640895436686
0,GPQA,joint,2.9135916893659823,1.502831648259266,5.225122161565812,1.1072188218872647,5.87785971732395,3.722290513306546,4.770640895436686
0,MUSR,upstream_only,2.7118057927659827,2.692082467859675,2.731280062817564,2.6812065989658995,2.7383965584295993,0.03919759495788888,0.05718995946369976
0,MUSR,bridge_only,2.810483553213172,1.7740762012643911,4.0739690382001195,1.51381307738674,4.984361818678549,2.2998928369357285,3.470548741291809
0,MUSR,joint,2.8065616585552053,1.7731508314561788,4.071309152407324,1.515287315362662,4.979863772913842,2.2981583209511456,3.46457645755118
0,MMLU_PRO,upstream_only,0.6483481508768267,0.6273574703815274,0.6693274091168833,0.6158927919945929,0.6770570415814585,0.041969938735355816,0.061164249586865616
0,MMLU_PRO,bridge_only,0.6316284016201311,-0.2454248171669029,4.477019191449508,-0.37015492459735494,6.399830524572316,4.722444008616411,6.7699854491696705
0,MMLU_PRO,joint,0.6316787671770818,-0.2434394224058721,4.4558168479824785,-0.3685511282190777,6.419003948385465,4.699256270388351,6.787555076604543
1,Average,upstream_only,13.329354604795835,13.329146783187223,13.329590511668536,13.329005447146896,13.329798427900366,0.0004437284813132436,0.0007929807534701183
1,Average,bridge_only,13.471762818593806,9.442711769256817,18.78372310888156,8.054174909423919,20.813981307594602,9.341011339624743,12.759806398170683
1,Average,joint,13.471902559982272,9.442565169869845,18.783680470499334,8.054136962652747,20.813937855695382,9.34111530062949,12.759800893042636
1,IFEval,upstream_only,32.56088321287908,32.56088321287908,32.56088321287908,32.56088321287908,32.56088321287908,0.0,0.0
1,IFEval,bridge_only,32.303339955120606,26.672711947555168,39.08352806305004,24.384536213406832,41.72235818303767,12.410816115494871,17.337821969630838
1,IFEval,joint,32.303339955120606,26.672711947555168,39.08352806305004,24.384536213406832,41.72235818303767,12.410816115494871,17.337821969630838
1,BBH,upstream_only,14.976783110177909,14.97640306162618,14.977214522391614,14.97614459851078,14.9775947500477,0.0008114607654352568,0.0014501515369200746
1,BBH,bridge_only,15.523026621919344,9.2476869531766,24.097099864301843,7.391298266803699,26.919371103885304,14.849412911125242,19.528072837081606
1,BBH,joint,15.523191876248768,9.247685092636551,24.097288745635037,7.391491510266224,26.91896024850671,14.849603652998486,19.527468738240486
1,MATH,upstream_only,4.984789161550182,4.984789161550182,4.984789161550182,4.984789161550182,4.984789161550182,0.0,0.0
1,MATH,bridge_only,4.942441912602116,2.4117403924987935,10.01914753764336,1.861409820085471,12.182243071045157,7.607407145144566,10.320833250959685
1,MATH,joint,4.942441912602116,2.4117403924987935,10.01914753764336,1.861409820085471,12.182243071045157,7.607407145144566,10.320833250959685
1,GPQA,upstream_only,2.8142064649863863,2.8142064649863863,2.8142064649863863,2.8142064649863863,2.8142064649863863,0.0,0.0
1,GPQA,bridge_only,2.9135916893659823,1.502831648259266,5.225122161565812,1.1072188218872647,5.87785971732395,3.722290513306546,4.770640895436686
1,GPQA,joint,2.9135916893659823,1.502831648259266,5.225122161565812,1.1072188218872647,5.87785971732395,3.722290513306546,4.770640895436686
1,MUSR,upstream_only,6.558056863725847,6.557989791015088,6.558133000410719,6.557944175825643,6.55820010310799,0.00014320939563106094,0.0002559272823470238
1,MUSR,bridge_only,6.712953819637317,5.322636993012524,8.046527183976805,4.755176676141062,8.813930248676115,2.7238901909642808,4.058753572535053
1,MUSR,joint,6.712903836066259,5.322617248507745,8.047357372828394,4.755178818487773,8.814146333474273,2.7247401243206486,4.0589675149865005
1,MMLU_PRO,upstream_only,11.138214949634325,11.137906381910945,11.138565221469369,11.137696531939872,11.138873936554177,0.0006588395584241624,0.0011774046143049333
1,MMLU_PRO,bridge_only,11.346609391848894,5.46118377097923,21.944983206898723,3.8392238690824723,24.88475392193466,16.483799435919494,21.045530052852186
1,MMLU_PRO,joint,11.346888715345177,5.461293181728061,21.944913894487218,3.8393315120249105,24.884604350383373,16.483620712759155,21.045272838358464
2,Average,upstream_only,19.280898025862395,19.279899650035553,19.281706927663127,19.279243358366678,19.282940037162525,0.0018072776275737112,0.0036966787958476743
2,Average,bridge_only,19.590027573829662,14.071482074017066,26.652716781001672,11.843901476283978,30.53623376380999,12.581234706984606,18.69233228752601
2,Average,joint,19.58987519344813,14.072235776563282,26.65333503102718,11.843476034223904,30.536319755184593,12.581099254463897,18.69284372096069
2,IFEval,upstream_only,32.56088321287908,32.56088321287908,32.56088321287908,32.56088321287908,32.56088321287908,0.0,0.0
2,IFEval,bridge_only,32.303339955120606,26.672711947555168,39.08352806305004,24.384536213406832,41.72235818303767,12.410816115494871,17.337821969630838
2,IFEval,joint,32.303339955120606,26.672711947555168,39.08352806305004,24.384536213406832,41.72235818303767,12.410816115494871,17.337821969630838
2,BBH,upstream_only,26.75203590275919,26.749955755173026,26.75372129039476,26.748588362012796,26.756290562254424,0.0037655352217349503,0.007702200241627821
2,BBH,bridge_only,27.86646549395106,19.172192628499307,37.98295471394027,15.719498883417755,43.18556762906481,18.810762085440967,27.466068745647057
2,BBH,joint,27.866793644160648,19.17259928912746,37.98251356910515,15.719713486911587,43.18564619423169,18.80991427997769,27.4659327073201
2,MATH,upstream_only,4.984789161550182,4.984789161550182,4.984789161550182,4.984789161550182,4.984789161550182,0.0,0.0
2,MATH,bridge_only,4.942441912602116,2.4117403924987935,10.01914753764336,1.861409820085471,12.182243071045157,7.607407145144566,10.320833250959685
2,MATH,joint,4.942441912602116,2.4117403924987935,10.01914753764336,1.861409820085471,12.182243071045157,7.607407145144566,10.320833250959685
2,GPQA,upstream_only,2.8142064649863863,2.8142064649863863,2.8142064649863863,2.8142064649863863,2.8142064649863863,0.0,0.0
2,GPQA,bridge_only,2.9135916893659823,1.502831648259266,5.225122161565812,1.1072188218872647,5.87785971732395,3.722290513306546,4.770640895436686
2,GPQA,joint,2.9135916893659823,1.502831648259266,5.225122161565812,1.1072188218872647,5.87785971732395,3.722290513306546,4.770640895436686
2,MUSR,upstream_only,8.398684308712037,8.398385450627737,8.398926447113855,8.398188992199886,8.399295565799932,0.0005409964861176064,0.001106573600045735
2,MUSR,bridge_only,8.416740113595445,6.083455531663593,11.579883579999986,5.100707925636489,13.34778452529167,5.496428048336393,8.24707659965518
2,MUSR,joint,8.416711256588485,6.084070943371115,11.579941002904473,5.101002970885519,13.347636532744048,5.495870059533358,8.246633561858529
2,MMLU_PRO,upstream_only,21.119056614658575,21.117221201838394,21.12054373043854,21.11601469968534,21.122810780460075,0.0033225286001474785,0.006796080774734037
2,MMLU_PRO,bridge_only,22.136274182460355,12.653124404471416,34.64469556039499,9.223230350004394,39.775067102777655,21.991571155923577,30.551836752773262
2,MMLU_PRO,joint,22.1351518573557,12.653313653793537,34.64493342713676,9.22259775114234,39.770131361675936,21.991619773343224,30.5475336105336
3,Average,upstream_only,3.2174845572056348,3.1802315981537754,3.252856212605274,3.1650127734931575,3.2753558253094748,0.07262461445149837,0.11034305181631732
3,Average,bridge_only,3.020005135725701,1.6746817392789624,6.328722309917791,1.0941929302102316,7.9831946010203065,4.654040570638829,6.8890016708100745
3,Average,joint,3.004975635361136,1.677082535328207,6.263625543492468,1.0901442568689068,7.948490755184821,4.586543008164261,6.858346498315914
3,IFEval,upstream_only,32.56088321287908,32.56088321287908,32.56088321287908,32.56088321287908,32.56088321287908,0.0,0.0
3,IFEval,bridge_only,32.303339955120606,26.672711947555168,39.08352806305004,24.384536213406832,41.72235818303767,12.410816115494871,17.337821969630838
3,IFEval,joint,32.303339955120606,26.672711947555168,39.08352806305004,24.384536213406832,41.72235818303767,12.410816115494871,17.337821969630838
3,BBH,upstream_only,1.1786799672262755,1.1501766368816122,1.205932213637985,1.138590952104911,1.2233623817201016,0.05575557675637288,0.08477142961519069
3,BBH,bridge_only,1.1258772050112862,0.0446671775950789,4.686125820999435,-0.1791768075706565,6.104418226995702,4.6414586434043565,6.283595034566359
3,BBH,joint,1.1321900857803648,0.04595562481700787,4.691455626364995,-0.18381459199109038,6.082159208279718,4.645500001547987,6.2659738002708085
3,MATH,upstream_only,4.984789161550182,4.984789161550182,4.984789161550182,4.984789161550182,4.984789161550182,0.0,0.0
3,MATH,bridge_only,4.942441912602116,2.4117403924987935,10.01914753764336,1.861409820085471,12.182243071045157,7.607407145144566,10.320833250959685
3,MATH,joint,4.942441912602116,2.4117403924987935,10.01914753764336,1.861409820085471,12.182243071045157,7.607407145144566,10.320833250959685
3,GPQA,upstream_only,2.8142064649863863,2.8142064649863863,2.8142064649863863,2.8142064649863863,2.8142064649863863,0.0,0.0
3,GPQA,bridge_only,2.9135916893659823,1.502831648259266,5.225122161565812,1.1072188218872647,5.87785971732395,3.722290513306546,4.770640895436686
3,GPQA,joint,2.9135916893659823,1.502831648259266,5.225122161565812,1.1072188218872647,5.87785971732395,3.722290513306546,4.770640895436686
3,MUSR,upstream_only,2.6875484867398045,2.6686657965616196,2.7054092203636766,2.660930211211668,2.716736066825859,0.036743423802056974,0.055805855614190936
3,MUSR,bridge_only,2.783307600174616,1.7454206284552838,4.052634901499455,1.4848559379271855,4.979645881630936,2.3072142730441714,3.4947899437037506
3,MUSR,joint,2.788817817388234,1.7467463250931237,4.054609357797721,1.4907448795513134,4.979179980660515,2.3078630327045975,3.4884351011092014
3,MMLU_PRO,upstream_only,0.62256853582082,0.6027696917471124,0.6415123044491712,0.5947264048001074,0.6536355566415606,0.03874261270205881,0.05890915184145318
3,MMLU_PRO,bridge_only,0.6064434137953514,-0.25280533523291987,4.397108112067516,-0.3747728626253329,6.322292630581909,4.649913447300436,6.697065493207242
3,MMLU_PRO,joint,0.6078298290530262,-0.2551797859018209,4.43777407020043,-0.3742307861330946,6.314574438040727,4.692953856102251,6.688805224173821
4,Average,upstream_only,13.244699973531718,13.2444996606235,13.244941719092084,13.244386292284537,13.245203170020938,0.0004420584685842499,0.0008168777364012669
4,Average,bridge_only,13.388631969499702,9.371710688094973,18.68277728156698,8.001835551227497,20.70171627927815,9.311066593472008,12.699880728050651
4,Average,joint,13.388647854875725,9.371719235865697,18.683137624913215,8.001769274290476,20.702320425990766,9.311418389047518,12.70055115170029
4,IFEval,upstream_only,32.56088321287908,32.56088321287908,32.56088321287908,32.56088321287908,32.56088321287908,0.0,0.0
4,IFEval,bridge_only,32.303339955120606,26.672711947555168,39.08352806305004,24.384536213406832,41.72235818303767,12.410816115494871,17.337821969630838
4,IFEval,joint,32.303339955120606,26.672711947555168,39.08352806305004,24.384536213406832,41.72235818303767,12.410816115494871,17.337821969630838
4,BBH,upstream_only,14.822208788045755,14.821843590911625,14.822649525975075,14.82163690649769,14.823126194073879,0.0008059350634503915,0.0014892875761898239
4,BBH,bridge_only,15.35325337705622,9.11083681438425,23.90746226917634,7.291311499142153,26.6970247972482,14.796625454792089,19.405713298106047
4,BBH,joint,15.353376278054068,9.11103011643649,23.90798892418784,7.2914547695200564,26.696918379654647,14.79695880775135,19.40546361013459
4,MATH,upstream_only,4.984789161550182,4.984789161550182,4.984789161550182,4.984789161550182,4.984789161550182,0.0,0.0
4,MATH,bridge_only,4.942441912602116,2.4117403924987935,10.01914753764336,1.861409820085471,12.182243071045157,7.607407145144566,10.320833250959685
4,MATH,joint,4.942441912602116,2.4117403924987935,10.01914753764336,1.861409820085471,12.182243071045157,7.607407145144566,10.320833250959685
4,GPQA,upstream_only,2.8142064649863863,2.8142064649863863,2.8142064649863863,2.8142064649863863,2.8142064649863863,0.0,0.0
4,GPQA,bridge_only,2.9135916893659823,1.502831648259266,5.225122161565812,1.1072188218872647,5.87785971732395,3.722290513306546,4.770640895436686
4,GPQA,joint,2.9135916893659823,1.502831648259266,5.225122161565812,1.1072188218872647,5.87785971732395,3.722290513306546,4.770640895436686
4,MUSR,upstream_only,6.530713791074944,6.530649039576902,6.5307919354262935,6.530612392955173,6.530876449147235,0.0001428958493914223,0.00026405619206215647
4,MUSR,bridge_only,6.688002103925864,5.308657521938733,8.009448056148896,4.749333954400824,8.750738803957162,2.700790534210163,4.001404849556338
4,MUSR,joint,6.687973486318324,5.308672737258293,8.009411959839005,4.749333144420043,8.75062123789321,2.7007392225807116,4.001288093473167
4,MMLU_PRO,upstream_only,11.012788604170742,11.012492450458659,11.013146018211017,11.012324841749631,11.013532571007989,0.0006535677523586969,0.0012077292583576593
4,MMLU_PRO,bridge_only,11.21978274382853,5.3910122178666375,21.783114290563347,3.7764770704863437,24.732712721642617,16.39210207269671,20.956235651156273
4,MMLU_PRO,joint,11.219752024051648,5.391005815210663,21.78299247285245,3.7763987065634548,24.73293189666822,16.391986657641787,20.956533190104764
5,Average,upstream_only,19.21614958152409,19.21516512370535,19.216958620602277,19.21451161973865,19.218244455561987,0.0017934968969264276,0.0037328358233352787
5,Average,bridge_only,19.512721809659322,14.01936740529304,26.561552614539696,11.810507070870331,30.43456843213908,12.542185209246655,18.62406136126875
5,Average,joint,19.512357142624545,14.018577740059818,26.561961849105533,11.810491001582786,30.434507043288445,12.543384109045714,18.62401604170566
5,IFEval,upstream_only,32.56088321287908,32.56088321287908,32.56088321287908,32.56088321287908,32.56088321287908,0.0,0.0
5,IFEval,bridge_only,32.303339955120606,26.672711947555168,39.08352806305004,24.384536213406832,41.72235818303767,12.410816115494871,17.337821969630838
5,IFEval,joint,32.303339955120606,26.672711947555168,39.08352806305004,24.384536213406832,41.72235818303767,12.410816115494871,17.337821969630838
5,BBH,upstream_only,26.61717362255944,26.615123811006484,26.61885819732222,26.613763114003596,26.621535581271555,0.003734386315734639,0.00777246726795866
5,BBH,bridge_only,27.76617410460388,19.042265679988926,37.84803983254937,15.606925023873195,43.01034533792616,18.805774152560442,27.403420314052966
5,BBH,joint,27.76544904650474,19.042674408983338,37.84759459769035,15.60658364342558,43.01154578296436,18.804920188707015,27.40496213953878
5,MATH,upstream_only,4.984789161550182,4.984789161550182,4.984789161550182,4.984789161550182,4.984789161550182,0.0,0.0
5,MATH,bridge_only,4.942441912602116,2.4117403924987935,10.01914753764336,1.861409820085471,12.182243071045157,7.607407145144566,10.320833250959685
5,MATH,joint,4.942441912602116,2.4117403924987935,10.01914753764336,1.861409820085471,12.182243071045157,7.607407145144566,10.320833250959685
5,GPQA,upstream_only,2.8142064649863863,2.8142064649863863,2.8142064649863863,2.8142064649863863,2.8142064649863863,0.0,0.0
5,GPQA,bridge_only,2.9135916893659823,1.502831648259266,5.225122161565812,1.1072188218872647,5.87785971732395,3.722290513306546,4.770640895436686
5,GPQA,joint,2.9135916893659823,1.502831648259266,5.225122161565812,1.1072188218872647,5.87785971732395,3.722290513306546,4.770640895436686
5,MUSR,upstream_only,8.379297362670085,8.379002520172415,8.379539665996658,8.378806796200225,8.379924764200359,0.0005371458242429128,0.0011179680001340841
5,MUSR,bridge_only,8.398314636480768,6.07451131829931,11.547174240166987,5.095552735525082,13.298440811589112,5.472662921867677,8.20288807606403
5,MUSR,joint,8.398283355793094,6.0743842086507716,11.54742526082198,5.095646955119953,13.297507390008818,5.473041052171208,8.201860434888864
5,MMLU_PRO,upstream_only,21.000113092665135,20.99830604789129,21.00159817521945,20.997106516721313,21.0039585294888,0.003292127328158756,0.006852012767485149
5,MMLU_PRO,bridge_only,21.99333582009689,12.579708035445307,34.49416998417688,9.164684445940782,39.60542283101278,21.91446194873157,30.440738385072
5,MMLU_PRO,joint,21.993543775703777,12.579606460131455,34.49587736557634,9.16488174618903,39.604007843980796,21.916270905444886,30.439126097791764
6,Average,upstream_only,3.127056713191271,3.0895132391709166,3.159789064264694,3.071358959107298,3.1779650137088806,0.07027582509377739,0.10660605460158257
6,Average,bridge_only,2.9362670807415876,1.6098794922791122,6.210101383627396,1.0446046483769733,7.854814615890287,4.600221891348284,6.810209967513314
6,Average,joint,2.932943657444362,1.6078681720723527,6.204468218490884,1.0416438581356007,7.842073623160296,4.596600046418532,6.800429765024695
6,IFEval,upstream_only,32.56088321287908,32.56088321287908,32.56088321287908,32.56088321287908,32.56088321287908,0.0,0.0
6,IFEval,bridge_only,32.303339955120606,26.672711947555168,39.08352806305004,24.384536213406832,41.72235818303767,12.410816115494871,17.337821969630838
6,IFEval,joint,32.303339955120606,26.672711947555168,39.08352806305004,24.384536213406832,41.72235818303767,12.410816115494871,17.337821969630838
6,BBH,upstream_only,1.109844675827713,1.0816201409424042,1.1346221398613772,1.0680468986505702,1.148449007031277,0.05300199891897295,0.08040210838070672
6,BBH,bridge_only,1.0640403986250553,0.014893734242065295,4.534539396038265,-0.19817293672844785,5.929916398677991,4.5196456617962,6.128089335406439
6,BBH,joint,1.0631647093019374,0.01869940024706446,4.527789956873703,-0.19553821095808147,5.92307817858231,4.509090556626639,6.118616389540391
6,MATH,upstream_only,4.984789161550182,4.984789161550182,4.984789161550182,4.984789161550182,4.984789161550182,0.0,0.0
6,MATH,bridge_only,4.942441912602116,2.4117403924987935,10.01914753764336,1.861409820085471,12.182243071045157,7.607407145144566,10.320833250959685
6,MATH,joint,4.942441912602116,2.4117403924987935,10.01914753764336,1.861409820085471,12.182243071045157,7.607407145144566,10.320833250959685
6,GPQA,upstream_only,2.8142064649863863,2.8142064649863863,2.8142064649863863,2.8142064649863863,2.8142064649863863,0.0,0.0
6,GPQA,bridge_only,2.9135916893659823,1.502831648259266,5.225122161565812,1.1072188218872647,5.87785971732395,3.722290513306546,4.770640895436686
6,GPQA,joint,2.9135916893659823,1.502831648259266,5.225122161565812,1.1072188218872647,5.87785971732395,3.722290513306546,4.770640895436686
6,MUSR,upstream_only,2.641582485421035,2.6223668416477093,2.658272151235251,2.61304678148487,2.6675145004703547,0.0359053095875419,0.05446771898548475
6,MUSR,bridge_only,2.7399777512256946,1.6927007102088674,4.01481659818524,1.432517780400026,4.9590422414821695,2.3221158879763726,3.5265244610821433
6,MUSR,joint,2.7358912970360327,1.6870426484721976,4.012383150909311,1.424073586588781,4.969470648563997,2.325340502437113,3.5453970619752155
6,MMLU_PRO,upstream_only,0.5747803430227367,0.5552115111030906,0.5919716583078676,0.5458062407526936,0.6015701387758614,0.03676014720477694,0.055763898023167835
6,MMLU_PRO,bridge_only,0.5598181032240883,-0.2679960065901473,4.252945682452955,-0.3828636252408626,6.181364236583237,4.520941689043102,6.564227861824099
6,MMLU_PRO,joint,0.5596836183977775,-0.26708811631275015,4.240702829909863,-0.38076483387220295,6.2120173649126,4.507790946222613,6.592782198784803
7,Average,upstream_only,13.088910818884337,13.088730296102963,13.089157198583107,13.088605583632889,13.089486425174417,0.0004269024801448751,0.0008808415415284543
7,Average,bridge_only,13.239588889415828,9.254437601518928,18.427459122697684,7.903663384080655,20.4947244459787,9.173021521178756,12.591061061898046
7,Average,joint,13.239622874035248,9.254299123322202,18.42754330946827,7.903664412630479,20.494532862709352,9.173244186146068,12.590868450078872
7,IFEval,upstream_only,32.56088321287908,32.56088321287908,32.56088321287908,32.56088321287908,32.56088321287908,0.0,0.0
7,IFEval,bridge_only,32.303339955120606,26.672711947555168,39.08352806305004,24.384536213406832,41.72235818303767,12.410816115494871,17.337821969630838
7,IFEval,joint,32.303339955120606,26.672711947555168,39.08352806305004,24.384536213406832,41.72235818303767,12.410816115494871,17.337821969630838
7,BBH,upstream_only,14.538993902283561,14.538666669280317,14.53944051744217,14.538440604716602,14.540037316469128,0.0007738481618524418,0.001596711752526403
7,BBH,bridge_only,15.02625357017687,8.869061082309042,23.543169693441204,7.118044030289358,26.311277804739838,14.674108611132162,19.19323377445048
7,BBH,joint,15.025979527262246,8.869261977903573,23.54268754789126,7.118184926422564,26.31175710830444,14.673425569987685,19.193572181881876
7,MATH,upstream_only,4.984789161550182,4.984789161550182,4.984789161550182,4.984789161550182,4.984789161550182,0.0,0.0
7,MATH,bridge_only,4.942441912602116,2.4117403924987935,10.01914753764336,1.861409820085471,12.182243071045157,7.607407145144566,10.320833250959685
7,MATH,joint,4.942441912602116,2.4117403924987935,10.01914753764336,1.861409820085471,12.182243071045157,7.607407145144566,10.320833250959685
7,GPQA,upstream_only,2.8142064649863863,2.8142064649863863,2.8142064649863863,2.8142064649863863,2.8142064649863863,0.0,0.0
7,GPQA,bridge_only,2.9135916893659823,1.502831648259266,5.225122161565812,1.1072188218872647,5.87785971732395,3.722290513306546,4.770640895436686
7,GPQA,joint,2.9135916893659823,1.502831648259266,5.225122161565812,1.1072188218872647,5.87785971732395,3.722290513306546,4.770640895436686
7,MUSR,upstream_only,6.480280603328566,6.480222076469103,6.480360481175264,6.480181643619085,6.480467217916901,0.00013840470616077738,0.0002855742978162823
7,MUSR,bridge_only,6.631460950130515,5.289657500462499,7.938645589408816,4.733591456870585,8.6345995568295,2.648988088946317,3.901008099958915
7,MUSR,joint,6.631443730176914,5.289650136989613,7.938656436440433,4.733592130253926,8.6347508536364,2.6490062994508197,3.9011587233824736
7,MMLU_PRO,upstream_only,10.783370894405143,10.783106113507687,10.78373227458299,10.782923193546173,10.784215178522885,0.000626161075302889,0.0012919849767119018
7,MMLU_PRO,bridge_only,10.974977147963052,5.255109966887151,21.511499241142147,3.670786586549683,24.36596218583047,16.256389274254996,20.695175599280788
7,MMLU_PRO,joint,10.974955273695464,5.255317856263612,21.511483969788294,3.67070501846492,24.36547959131414,16.25616611352468,20.69477457284922
8,Average,upstream_only,19.096549346997897,19.095635658572178,19.09729907301216,19.09501914017473,19.09828400992683,0.0016634144399816364,0.00326486975209761
8,Average,bridge_only,19.407720311601707,13.920868070943836,26.420419919880942,11.74586620417165,30.24659786771645,12.499551848937106,18.500731663544798
8,Average,joint,19.40731508346355,13.92015830746576,26.420288750905094,11.746274543326402,30.24747932497207,12.500130443439334,18.50120478164567
8,IFEval,upstream_only,32.56088321287908,32.56088321287908,32.56088321287908,32.56088321287908,32.56088321287908,0.0,0.0
8,IFEval,bridge_only,32.303339955120606,26.672711947555168,39.08352806305004,24.384536213406832,41.72235818303767,12.410816115494871,17.337821969630838
8,IFEval,joint,32.303339955120606,26.672711947555168,39.08352806305004,24.384536213406832,41.72235818303767,12.410816115494871,17.337821969630838
8,BBH,upstream_only,26.368297666210445,26.366397571823942,26.369856800279123,26.365115478707374,26.371905098990073,0.003459228455181318,0.00678962028269936
8,BBH,bridge_only,27.53610575047152,18.803718800409165,37.4791164136434,15.403174847974949,42.685980722836625,18.67539761323424,27.282805874861676
8,BBH,joint,27.536160498217736,18.805675082003123,37.47825953449352,15.404386868494488,42.68810623248114,18.672584452490394,27.283719363986652
8,MATH,upstream_only,4.984789161550182,4.984789161550182,4.984789161550182,4.984789161550182,4.984789161550182,0.0,0.0
8,MATH,bridge_only,4.942441912602116,2.4117403924987935,10.01914753764336,1.861409820085471,12.182243071045157,7.607407145144566,10.320833250959685
8,MATH,joint,4.942441912602116,2.4117403924987935,10.01914753764336,1.861409820085471,12.182243071045157,7.607407145144566,10.320833250959685
8,GPQA,upstream_only,2.8142064649863863,2.8142064649863863,2.8142064649863863,2.8142064649863863,2.8142064649863863,0.0,0.0
8,GPQA,bridge_only,2.9135916893659823,1.502831648259266,5.225122161565812,1.1072188218872647,5.87785971732395,3.722290513306546,4.770640895436686
8,GPQA,joint,2.9135916893659823,1.502831648259266,5.225122161565812,1.1072188218872647,5.87785971732395,3.722290513306546,4.770640895436686
8,MUSR,upstream_only,8.343460426056945,8.343186516296845,8.343685180889825,8.343001692402671,8.343980445788338,0.0004986645929800915,0.0009787533856666641
8,MUSR,bridge_only,8.36424933772826,6.059123273757695,11.473908761590623,5.0812775935704995,13.207360635966001,5.414785487832928,8.126083042395502
8,MUSR,joint,8.364156003690667,6.059201849402401,11.474286652624718,5.081311945613977,13.207245850897168,5.415084803222317,8.12593390528319
8,MMLU_PRO,upstream_only,20.780890440610918,20.779218121561044,20.78226268787104,20.778089732212546,20.78406548711745,0.003044566309995389,0.0059757549049024306
8,MMLU_PRO,bridge_only,21.762486802843355,12.409477894232007,34.2032110620697,9.040807204767468,39.291592072761965,21.793733167837694,30.250784867994497
8,MMLU_PRO,joint,21.763664243633066,12.410252116816208,34.202872767311845,9.041315050570528,39.29348607269038,21.792620650495635,30.25217102211985
9,Average,upstream_only,2.752105624682899,2.7235148765233883,2.781207930367942,2.7061054025941447,2.79415251057938,0.0576930538445537,0.0880471079852354
9,Average,bridge_only,2.5601982921212576,1.3455189628108826,5.682514019232195,0.8022339219717849,7.307652142193822,4.336995056421312,6.505418220222037
9,Average,joint,2.54417386930938,1.3493467958457954,5.665784376521855,0.7890506860068532,7.300657992578916,4.31643758067606,6.5116073065720625
9,IFEval,upstream_only,32.56088321287908,32.56088321287908,32.56088321287908,32.56088321287908,32.56088321287908,0.0,0.0
9,IFEval,bridge_only,32.303339955120606,26.672711947555168,39.08352806305004,24.384536213406832,41.72235818303767,12.410816115494871,17.337821969630838
9,IFEval,joint,32.303339955120606,26.672711947555168,39.08352806305004,24.384536213406832,41.72235818303767,12.410816115494871,17.337821969630838
9,BBH,upstream_only,0.8374049520199118,0.8175005112254943,0.8577932831342641,0.8054413652203698,0.8669032749887049,0.04029277190876979,0.0614619097683351
9,BBH,bridge_only,0.7882835732368749,-0.09775186109965575,3.907383799330735,-0.271056560542141,5.216918167008381,4.005135660430391,5.487974727550522
9,BBH,joint,0.7891622205536925,-0.09817880489411188,3.919281244262727,-0.2694968208392459,5.246128408025435,4.017460049156839,5.515625228864681
9,MATH,upstream_only,4.984789161550182,4.984789161550182,4.984789161550182,4.984789161550182,4.984789161550182,0.0,0.0
9,MATH,bridge_only,4.942441912602116,2.4117403924987935,10.01914753764336,1.861409820085471,12.182243071045157,7.607407145144566,10.320833250959685
9,MATH,joint,4.942441912602116,2.4117403924987935,10.01914753764336,1.861409820085471,12.182243071045157,7.607407145144566,10.320833250959685
9,GPQA,upstream_only,2.8142064649863863,2.8142064649863863,2.8142064649863863,2.8142064649863863,2.8142064649863863,0.0,0.0
9,GPQA,bridge_only,2.9135916893659823,1.502831648259266,5.225122161565812,1.1072188218872647,5.87785971732395,3.722290513306546,4.770640895436686
9,GPQA,joint,2.9135916893659823,1.502831648259266,5.225122161565812,1.1072188218872647,5.87785971732395,3.722290513306546,4.770640895436686
9,MUSR,upstream_only,2.4459716003329914,2.4306998973586516,2.4614620756936567,2.4213743729071364,2.4683346929613434,0.030762178335005164,0.04696032005420703
9,MUSR,bridge_only,2.549785884474221,1.4722874246559017,3.8953631826015935,1.2454955588964791,4.861579294340022,2.423075757945692,3.6160837354435422
9,MUSR,joint,2.552131355964952,1.472831308896784,3.897480731379304,1.2547409271525078,4.872214489573102,2.42464942248252,3.617473562420594
9,MMLU_PRO,upstream_only,0.3865512694839207,0.3728597171849944,0.40058459656372014,0.3645688915505817,0.4068579147313047,0.027724879378725753,0.04228902318072303
9,MMLU_PRO,bridge_only,0.37173190987340016,-0.32211961057458827,3.7077762311447096,-0.4131447721299827,5.539416127204625,4.029895841719298,5.952560899334608
9,MMLU_PRO,joint,0.37034228403962394,-0.3239043640573352,3.694157281136071,-0.4134124602272797,5.4878831172832685,4.018061645193407,5.901295577510548
10,Average,upstream_only,12.396183583654972,12.396038884949366,12.39641087412571,12.3959328045287,12.396837018983726,0.00037198917634384543,0.0009042144550264197
10,Average,bridge_only,12.482497789205922,8.675595476873895,17.4673138340292,7.468432772329056,19.42582216902734,8.791718357155304,11.957389396698286
10,Average,joint,12.482550576061012,8.675438438934851,17.46727015716287,7.4684082023320615,19.426055816794086,8.791831718228018,11.957647614462026
10,IFEval,upstream_only,32.56088321287908,32.56088321287908,32.56088321287908,32.56088321287908,32.56088321287908,0.0,0.0
10,IFEval,bridge_only,32.303339955120606,26.672711947555168,39.08352806305004,24.384536213406832,41.72235818303767,12.410816115494871,17.337821969630838
10,IFEval,joint,32.303339955120606,26.672711947555168,39.08352806305004,24.384536213406832,41.72235818303767,12.410816115494871,17.337821969630838
10,BBH,upstream_only,13.299941434257903,13.299686188291313,13.300342373730235,13.29949906527026,13.301094101707095,0.0006561854389222077,0.0015950364368357839
10,BBH,bridge_only,13.693025921464479,7.880675039980502,22.014418330118378,6.373166210114306,24.641299839712236,14.133743290137875,18.26813362959793
10,BBH,joint,13.69307847690768,7.880967372129934,22.015841718252872,6.373318690535022,24.642087774104173,14.134874346122938,18.26876908356915
10,MATH,upstream_only,4.984789161550182,4.984789161550182,4.984789161550182,4.984789161550182,4.984789161550182,0.0,0.0
10,MATH,bridge_only,4.942441912602116,2.4117403924987935,10.01914753764336,1.861409820085471,12.182243071045157,7.607407145144566,10.320833250959685
10,MATH,joint,4.942441912602116,2.4117403924987935,10.01914753764336,1.861409820085471,12.182243071045157,7.607407145144566,10.320833250959685
10,GPQA,upstream_only,2.8142064649863863,2.8142064649863863,2.8142064649863863,2.8142064649863863,2.8142064649863863,0.0,0.0
10,GPQA,bridge_only,2.9135916893659823,1.502831648259266,5.225122161565812,1.1072188218872647,5.87785971732395,3.722290513306546,4.770640895436686
10,GPQA,joint,2.9135916893659823,1.502831648259266,5.225122161565812,1.1072188218872647,5.87785971732395,3.722290513306546,4.770640895436686
10,MUSR,upstream_only,6.254149726765283,6.254102157756628,6.254224447130463,6.2540672842329155,6.254364538709202,0.0001222893738352937,0.00029725447628692336
10,MUSR,bridge_only,6.383877035825513,5.189107361774805,7.5649524756072335,4.6775163895864615,8.137139218248963,2.375845113832429,3.4596228286625017
10,MUSR,joint,6.383918154260206,5.189086629671376,7.564937881855417,4.677559527920738,8.137150813728972,2.3758512521840407,3.4595912858082345
10,MMLU_PRO,upstream_only,9.78568489043807,9.78548038162322,9.786006133020129,9.785330454713566,9.786608438794138,0.0005257513969088023,0.0012779840805716702
10,MMLU_PRO,bridge_only,9.957025249197446,4.483595381382414,20.390100289089805,3.185986491413982,23.027575891840844,15.90650490770739,19.841589400426862
10,MMLU_PRO,joint,9.95752581159606,4.483503504577821,20.390024301748042,3.1860900266736136,23.027688231156965,15.90652079717022,19.84159820448335
11,Average,upstream_only,18.557245864709202,18.55640365221648,18.557916838998803,18.555802197336167,18.558506010195202,0.0015131867823221512,0.002703812859035537
11,Average,bridge_only,18.909727205043907,13.494601198223918,25.69153588250403,11.40686542646456,29.396225493102115,12.196934684280112,17.989360066637555
11,Average,joint,18.910113538766026,13.493980851863352,25.691860075293437,11.406666683631617,29.39734602165052,12.197879223430085,17.990679338018904
11,IFEval,upstream_only,32.56088321287908,32.56088321287908,32.56088321287908,32.56088321287908,32.56088321287908,0.0,0.0
11,IFEval,bridge_only,32.303339955120606,26.672711947555168,39.08352806305004,24.384536213406832,41.72235818303767,12.410816115494871,17.337821969630838
11,IFEval,joint,32.303339955120606,26.672711947555168,39.08352806305004,24.384536213406832,41.72235818303767,12.410816115494871,17.337821969630838
11,BBH,upstream_only,25.250155205264402,25.248414634817713,25.251541896979685,25.24717164076081,25.252759537181298,0.0031272621619713448,0.005587896420486516
11,BBH,bridge_only,26.394288983823238,17.836695586519735,36.18416575315001,14.519947918014068,41.21145842688588,18.347470166630277,26.691510508871815
11,BBH,joint,26.393802726235506,17.835596763599206,36.18558278093423,14.518390582941835,41.21390494202289,18.349986017335027,26.69551435908106
11,MATH,upstream_only,4.984789161550182,4.984789161550182,4.984789161550182,4.984789161550182,4.984789161550182,0.0,0.0
11,MATH,bridge_only,4.942441912602116,2.4117403924987935,10.01914753764336,1.861409820085471,12.182243071045157,7.607407145144566,10.320833250959685
11,MATH,joint,4.942441912602116,2.4117403924987935,10.01914753764336,1.861409820085471,12.182243071045157,7.607407145144566,10.320833250959685
11,GPQA,upstream_only,2.8142064649863863,2.8142064649863863,2.8142064649863863,2.8142064649863863,2.8142064649863863,0.0,0.0
11,GPQA,bridge_only,2.9135916893659823,1.502831648259266,5.225122161565812,1.1072188218872647,5.87785971732395,3.722290513306546,4.770640895436686
11,GPQA,joint,2.9135916893659823,1.502831648259266,5.225122161565812,1.1072188218872647,5.87785971732395,3.722290513306546,4.770640895436686
11,MUSR,upstream_only,8.181421811895477,8.181168173866384,8.181623879021428,8.180987040475983,8.181801309764083,0.00045570515504422815,0.0008142692880994673
11,MUSR,bridge_only,8.220637315238568,5.998734650902408,11.14102470994519,5.042626817817469,12.793361177373619,5.142290059042782,7.75073435955615
11,MUSR,joint,8.220693156710212,5.998690997161206,11.14106801129577,5.042648012977277,12.793704498165301,5.142377014134564,7.751056485188024
11,MMLU_PRO,upstream_only,19.80040951092488,19.79888889922918,19.80162097674988,19.797802995171494,19.802684762079853,0.0027320775207009262,0.004881766908358287
11,MMLU_PRO,bridge_only,20.688149453423257,11.724694229607001,32.98783381196906,8.490792794091135,37.57471693305847,21.263139582362058,29.083924138967333
11,MMLU_PRO,joint,20.688003096378115,11.72413508576811,32.9912156183722,8.490371870221672,37.57490011456804,21.26708053260409,29.084528244346366
12,Average,upstream_only,2.106104897883689,2.085771150130734,2.124090177663501,2.076123373168058,2.1354266195522795,0.03831902753276717,0.05930324638422135
12,Average,bridge_only,1.9161107338120955,0.908107336563878,4.784251913824999,0.4360031906675023,6.41961886955302,3.876144577261121,5.983615678885517
12,Average,joint,1.9218608028783695,0.9051234524505148,4.8011088988887165,0.42527762488820664,6.414626383587693,3.8959854464382015,5.989348758699487
12,IFEval,upstream_only,32.56088321287908,32.56088321287908,32.56088321287908,32.56088321287908,32.56088321287908,0.0,0.0
12,IFEval,bridge_only,32.303339955120606,26.672711947555168,39.08352806305004,24.384536213406832,41.72235818303767,12.410816115494871,17.337821969630838
12,IFEval,joint,32.303339955120606,26.672711947555168,39.08352806305004,24.384536213406832,41.72235818303767,12.410816115494871,17.337821969630838
12,BBH,upstream_only,0.41862623708115543,0.40651719140949183,0.4293924099422358,0.40079520396450175,0.43620532750931995,0.02287521853274399,0.035410123544818206
12,BBH,bridge_only,0.3701882204536004,-0.24963669147866882,2.862471981966098,-0.37218615444994513,4.139034183652505,3.1121086734447667,4.511220338102451
12,BBH,joint,0.37419205835720526,-0.25129928988307065,2.8506883772858105,-0.37249997031222476,4.166565854805747,3.1019876671688813,4.539065825117972
12,MATH,upstream_only,4.984789161550182,4.984789161550182,4.984789161550182,4.984789161550182,4.984789161550182,0.0,0.0
12,MATH,bridge_only,4.942441912602116,2.4117403924987935,10.01914753764336,1.861409820085471,12.182243071045157,7.607407145144566,10.320833250959685
12,MATH,joint,4.942441912602116,2.4117403924987935,10.01914753764336,1.861409820085471,12.182243071045157,7.607407145144566,10.320833250959685
12,GPQA,upstream_only,2.8142064649863863,2.8142064649863863,2.8142064649863863,2.8142064649863863,2.8142064649863863,0.0,0.0
12,GPQA,bridge_only,2.9135916893659823,1.502831648259266,5.225122161565812,1.1072188218872647,5.87785971732395,3.722290513306546,4.770640895436686
12,GPQA,joint,2.9135916893659823,1.502831648259266,5.225122161565812,1.1072188218872647,5.87785971732395,3.722290513306546,4.770640895436686
12,MUSR,upstream_only,2.0864626717716463,2.0745999742018406,2.0969242964872765,2.068958347142535,2.103503641329427,0.022324322285435905,0.034545294186891784
12,MUSR,bridge_only,2.2085191849938286,1.0803158887147943,3.638370533153887,0.878471295417813,4.733656299223084,2.5580546444390926,3.8551850038052713
12,MUSR,joint,2.2072389019725662,1.0847827638835046,3.6348507219386708,0.877941775960395,4.72834819050222,2.550067958055166,3.850406414541825
12,MMLU_PRO,upstream_only,0.10048266192204924,0.0922796237924403,0.1077795946640524,0.0884048775447378,0.11239888462380732,0.015499970871612104,0.023994007079069513
12,MMLU_PRO,bridge_only,0.09418256197492719,-0.39683430873178954,2.7382669571846234,-0.45306565694373885,4.392745518606273,3.135101265916413,4.845811175550012
12,MMLU_PRO,joint,0.09690063683526068,-0.39621378322542367,2.748046893131529,-0.453148935327892,4.381940772894727,3.1442606763569527,4.835089708222619
13,Average,upstream_only,11.047574941694972,11.047434150649089,11.047747374890207,11.047327647698705,11.047808557437065,0.00031322424111834835,0.00048090973836067974
13,Average,bridge_only,11.050692824808651,7.609666628670015,15.977877570456183,6.6135912694502155,17.28464926294909,8.368210941786167,10.671057993498877
13,Average,joint,11.050662770091234,7.609631544531752,15.977868282634159,6.613683327047899,17.284334551169596,8.368236738102407,10.670651224121698
13,IFEval,upstream_only,32.56088321287908,32.56088321287908,32.56088321287908,32.56088321287908,32.56088321287908,0.0,0.0
13,IFEval,bridge_only,32.303339955120606,26.672711947555168,39.08352806305004,24.384536213406832,41.72235818303767,12.410816115494871,17.337821969630838
13,IFEval,joint,32.303339955120606,26.672711947555168,39.08352806305004,24.384536213406832,41.72235818303767,12.410816115494871,17.337821969630838
13,BBH,upstream_only,10.990624116298914,10.990390630653788,10.99091007904059,10.99021400894451,10.991011544606858,0.0005194483868020683,0.0007975356623468599
13,BBH,bridge_only,11.2342394541818,6.118125011725415,19.472715089013906,4.9334261366211205,21.216089305396824,13.354590077288492,16.282663168775706
13,BBH,joint,11.234043302229065,6.118123602354873,19.472661950178292,4.9333915903053995,21.216192510795572,13.354538347823418,16.282800920490175
13,MATH,upstream_only,4.984789161550182,4.984789161550182,4.984789161550182,4.984789161550182,4.984789161550182,0.0,0.0
13,MATH,bridge_only,4.942441912602116,2.4117403924987935,10.01914753764336,1.861409820085471,12.182243071045157,7.607407145144566,10.320833250959685
13,MATH,joint,4.942441912602116,2.4117403924987935,10.01914753764336,1.861409820085471,12.182243071045157,7.607407145144566,10.320833250959685
13,GPQA,upstream_only,2.8142064649863863,2.8142064649863863,2.8142064649863863,2.8142064649863863,2.8142064649863863,0.0,0.0
13,GPQA,bridge_only,2.9135916893659823,1.502831648259266,5.225122161565812,1.1072188218872647,5.87785971732395,3.722290513306546,4.770640895436686
13,GPQA,joint,2.9135916893659823,1.502831648259266,5.225122161565812,1.1072188218872647,5.87785971732395,3.722290513306546,4.770640895436686
13,MUSR,upstream_only,5.804055736971337,5.804007992166477,5.804114211973823,5.803971874965984,5.804134959945471,0.00010621980734537573,0.00016308497948713807
13,MUSR,bridge_only,5.895536131014426,4.970313881618783,6.9354148398470015,4.560735282707709,7.315736938843976,1.9651009582282182,2.755001656136267
13,MUSR,joint,5.895529188948156,4.970354500640662,6.935419288411532,4.560746361156125,7.31561315761966,1.9650647877708707,2.754866796463535
13,MMLU_PRO,upstream_only,7.952899763631402,7.952716255757078,7.953124516345792,7.952577440297803,7.953204263446528,0.0004082605887134605,0.0006268231487247533
13,MMLU_PRO,bridge_only,8.021186542812892,3.3066995092998988,17.84281089072462,2.394964160462703,20.257857512979488,14.536111381424723,17.862893352516785
13,MMLU_PRO,joint,8.021181027491446,3.306681802162768,17.84376028630664,2.3949707324896874,20.257696997105853,14.537078484143873,17.862726264616164
14,Average,upstream_only,17.465881560830173,17.46522047170794,17.466463002444165,17.464658046692605,17.46739959716245,0.0012425307362242677,0.0027415504698460325
14,Average,bridge_only,17.800448100051142,12.630851113547697,24.30764775288257,10.697691341750941,27.59025543211403,11.676796639334873,16.892564090363088
14,Average,joint,17.80048240791379,12.630582971099566,24.305686107449382,10.697442964740036,27.59440123496669,11.675103136349817,16.896958270226655
14,IFEval,upstream_only,32.56088321287908,32.56088321287908,32.56088321287908,32.56088321287908,32.56088321287908,0.0,0.0
14,IFEval,bridge_only,32.303339955120606,26.672711947555168,39.08352806305004,24.384536213406832,41.72235818303767,12.410816115494871,17.337821969630838
14,IFEval,joint,32.303339955120606,26.672711947555168,39.08352806305004,24.384536213406832,41.72235818303767,12.410816115494871,17.337821969630838
14,BBH,upstream_only,23.011644960379883,23.010300247955115,23.01282767511903,23.009156238505398,23.01473283351297,0.002527427163915519,0.005576595007571683
14,BBH,bridge_only,24.141985821732646,15.974145228317308,33.68828454419076,12.84077824870383,38.181966842589986,17.71413931587345,25.34118859388616
14,BBH,joint,24.141806492114632,15.973187322279074,33.68756347878278,12.840329063599965,38.18243525765732,17.714376156503704,25.34210619405735
14,MATH,upstream_only,4.984789161550182,4.984789161550182,4.984789161550182,4.984789161550182,4.984789161550182,0.0,0.0
14,MATH,bridge_only,4.942441912602116,2.4117403924987935,10.01914753764336,1.861409820085471,12.182243071045157,7.607407145144566,10.320833250959685
14,MATH,joint,4.942441912602116,2.4117403924987935,10.01914753764336,1.861409820085471,12.182243071045157,7.607407145144566,10.320833250959685
14,GPQA,upstream_only,2.8142064649863863,2.8142064649863863,2.8142064649863863,2.8142064649863863,2.8142064649863863,0.0,0.0
14,GPQA,bridge_only,2.9135916893659823,1.502831648259266,5.225122161565812,1.1072188218872647,5.87785971732395,3.722290513306546,4.770640895436686
14,GPQA,joint,2.9135916893659823,1.502831648259266,5.225122161565812,1.1072188218872647,5.87785971732395,3.722290513306546,4.770640895436686
14,MUSR,upstream_only,7.851065257193755,7.85086406065241,7.851242212580876,7.850692890551129,7.851527252662908,0.0003781519284657975,0.0008343621117790079
14,MUSR,bridge_only,7.927871201885908,5.876048250893175,10.480300623069004,4.979555620248396,11.90608266125114,4.6042523721758295,6.926527041002744
14,MUSR,joint,7.927870305082278,5.87634986250236,10.480477670054283,4.979556214857372,11.905753672722929,4.604127807551923,6.926197457865556
14,MMLU_PRO,upstream_only,17.859402992355683,17.858245818703615,17.86042076993026,17.857261365586574,17.86206025904604,0.002174951226646016,0.004798893459465603
14,MMLU_PRO,bridge_only,18.64425711761134,10.309894460079994,30.50942779413686,7.457297819661067,34.52354610004691,20.199533334056866,27.066248280385842
14,MMLU_PRO,joint,18.64496808998592,10.310065390318071,30.50860553185406,7.457185275951779,34.524536046017694,20.198540141535986,27.067350770065914
15,Average,upstream_only,3.221352420224277,3.178293559577757,3.268891997860144,3.1553796755720382,3.2891517932423033,0.09059843828238678,0.1337721176702651
15,Average,bridge_only,3.0279729464952307,1.6799657536413062,6.3390350306330365,1.0985389038777134,7.9943413104215875,4.659069276991731,6.895802406543874
15,Average,joint,3.0152034398038445,1.675455850612926,6.313079155361174,1.1043013897348082,7.980832621076924,4.637623304748248,6.876531231342115
15,IFEval,upstream_only,32.56088321287908,32.56088321287908,32.56088321287908,32.56088321287908,32.56088321287908,0.0,0.0
15,IFEval,bridge_only,32.303339955120606,26.672711947555168,39.08352806305004,24.384536213406832,41.72235818303767,12.410816115494871,17.337821969630838
15,IFEval,joint,32.303339955120606,26.672711947555168,39.08352806305004,24.384536213406832,41.72235818303767,12.410816115494871,17.337821969630838
15,BBH,upstream_only,1.1816510538335119,1.1486993664698428,1.218347363315772,1.1312751515659718,1.234086520631813,0.06964799684592915,0.10281136906584121
15,BBH,bridge_only,1.1319341743872489,0.04713148286284306,4.699992156637585,-0.1774850348275984,6.119660439813104,4.652860673774741,6.297145474640702
15,BBH,joint,1.132861891353239,0.04854756394994529,4.681457096866063,-0.17379817611357398,6.123965200159445,4.632909532916117,6.297763376273019
15,MATH,upstream_only,4.984789161550182,4.984789161550182,4.984789161550182,4.984789161550182,4.984789161550182,0.0,0.0
15,MATH,bridge_only,4.942441912602116,2.4117403924987935,10.01914753764336,1.861409820085471,12.182243071045157,7.607407145144566,10.320833250959685
15,MATH,joint,4.942441912602116,2.4117403924987935,10.01914753764336,1.861409820085471,12.182243071045157,7.607407145144566,10.320833250959685
15,GPQA,upstream_only,2.8142064649863863,2.8142064649863863,2.8142064649863863,2.8142064649863863,2.8142064649863863,0.0,0.0
15,GPQA,bridge_only,2.9135916893659823,1.502831648259266,5.225122161565812,1.1072188218872647,5.87785971732395,3.722290513306546,4.770640895436686
15,GPQA,joint,2.9135916893659823,1.502831648259266,5.225122161565812,1.1072188218872647,5.87785971732395,3.722290513306546,4.770640895436686
15,MUSR,upstream_only,2.689504769181058,2.6676814065841032,2.7134847258830694,2.656027297649324,2.723668250026334,0.045803319298966194,0.06764095237700962
15,MUSR,bridge_only,2.787736651198368,1.75046833906652,4.056728918156019,1.4894306743836943,4.979693088242563,2.306260579089499,3.4902624138588685
15,MUSR,joint,2.7871991709090853,1.747401960848817,4.055543795962928,1.4964933019595958,4.97973950651547,2.3081418351141108,3.483246204555874
15,MMLU_PRO,upstream_only,0.6246331587848362,0.6017439672735083,0.650146884866051,0.5896487479543902,0.6610972683750395,0.04840291759254267,0.07144852042064931
15,MMLU_PRO,bridge_only,0.6099590002643237,-0.2515266456627106,4.409726509745479,-0.37405004991599256,6.33456148150904,4.66125315540819,6.708611531425032
15,MMLU_PRO,joint,0.6085443157604126,-0.25373042130251877,4.470524471477218,-0.37204943272514035,6.31067095658455,4.724254892779737,6.682720389309691
16,Average,upstream_only,13.299632624579964,13.299328547171735,13.29997301947574,13.299170212952905,13.300343290783935,0.0006444723040051059,0.001173077831030156
16,Average,bridge_only,13.438858849102019,9.419602909956838,18.757971352705873,8.036458365658921,20.77455271641,9.338368442749035,12.738094350751078
16,Average,joint,13.438770229143334,9.419633015682031,18.758032445950803,8.03641140879685,20.774497847614587,9.338399430268773,12.738086438817737
16,IFEval,upstream_only,32.56088321287908,32.56088321287908,32.56088321287908,32.56088321287908,32.56088321287908,0.0,0.0
16,IFEval,bridge_only,32.303339955120606,26.672711947555168,39.08352806305004,24.384536213406832,41.72235818303767,12.410816115494871,17.337821969630838
16,IFEval,joint,32.303339955120606,26.672711947555168,39.08352806305004,24.384536213406832,41.72235818303767,12.410816115494871,17.337821969630838
16,BBH,upstream_only,14.92245864535074,14.921903167428818,14.923080474016949,14.921613930457358,14.923756889182272,0.0011773065881310885,0.0021429587249137683
16,BBH,bridge_only,15.461387887202754,9.200320384813383,24.0304673134569,7.352920811229885,26.84124915163433,14.830146928643517,19.488328340404443
16,BBH,joint,15.461662519732823,9.200940761002064,24.03022769685828,7.353145040525828,26.841046510201526,14.829286935856215,19.4879014696757
16,MATH,upstream_only,4.984789161550182,4.984789161550182,4.984789161550182,4.984789161550182,4.984789161550182,0.0,0.0
16,MATH,bridge_only,4.942441912602116,2.4117403924987935,10.01914753764336,1.861409820085471,12.182243071045157,7.607407145144566,10.320833250959685
16,MATH,joint,4.942441912602116,2.4117403924987935,10.01914753764336,1.861409820085471,12.182243071045157,7.607407145144566,10.320833250959685
16,GPQA,upstream_only,2.8142064649863863,2.8142064649863863,2.8142064649863863,2.8142064649863863,2.8142064649863863,0.0,0.0
16,GPQA,bridge_only,2.9135916893659823,1.502831648259266,5.225122161565812,1.1072188218872647,5.87785971732395,3.722290513306546,4.770640895436686
16,GPQA,joint,2.9135916893659823,1.502831648259266,5.225122161565812,1.1072188218872647,5.87785971732395,3.722290513306546,4.770640895436686
16,MUSR,upstream_only,6.548461710194943,6.548363517407861,6.548571629978735,6.548312387844295,6.548691196614893,0.0002081125708741638,0.00037880877059848217
16,MUSR,bridge_only,6.704690900215709,5.316759091887514,8.027925630596101,4.754688293687864,8.791720619390398,2.7111665387085875,4.037032325702534
16,MUSR,joint,6.704716502660076,5.317271566424451,8.027939049197991,4.754690165932665,8.791855725667812,2.71066748277354,4.037165559735147
16,MMLU_PRO,upstream_only,11.09411724625319,11.093666434947393,11.094621908389147,11.093431698580854,11.095170874467556,0.0009554734417545063,0.0017391758867013607
16,MMLU_PRO,bridge_only,11.298794208143477,5.436480085201689,21.88249241846632,3.8179584316843793,24.83644638357351,16.446012333264633,21.01848795188913
16,MMLU_PRO,joint,11.298807675312474,5.436617857226334,21.881884627742615,3.8179026331513697,24.83616096429145,16.44526677051628,21.018258331140082
17,Average,upstream_only,19.277714776067317,19.27672214852514,19.27846631905473,19.275885950255173,19.27947852746672,0.0017441705295908605,0.003592577211545489
17,Average,bridge_only,19.58594490040211,14.068512982170024,26.64824518277261,11.841991459446641,30.53124781542811,12.579732200602585,18.68925635598147
17,Average,joint,19.586242177835764,14.06824436417759,26.649000135769686,11.842105564700605,30.532617458751275,12.580755771592097,18.690511894050672
17,IFEval,upstream_only,32.56088321287908,32.56088321287908,32.56088321287908,32.56088321287908,32.56088321287908,0.0,0.0
17,IFEval,bridge_only,32.303339955120606,26.672711947555168,39.08352806305004,24.384536213406832,41.72235818303767,12.410816115494871,17.337821969630838
17,IFEval,joint,32.303339955120606,26.672711947555168,39.08352806305004,24.384536213406832,41.72235818303767,12.410816115494871,17.337821969630838
17,BBH,upstream_only,26.74540357341897,26.743335468130418,26.746969400960236,26.741593293732798,26.749078339202914,0.00363393282981761,0.007485045470115637
17,BBH,bridge_only,27.86232081833974,19.165810957296245,37.97638812839033,15.713967952316706,43.17697777684135,18.81057717109409,27.46300982452464
17,BBH,joint,27.862701931752703,19.16266511422399,37.976183438437786,15.714128389931227,43.17860461775916,18.813518324213796,27.464476227827937
17,MATH,upstream_only,4.984789161550182,4.984789161550182,4.984789161550182,4.984789161550182,4.984789161550182,0.0,0.0
17,MATH,bridge_only,4.942441912602116,2.4117403924987935,10.01914753764336,1.861409820085471,12.182243071045157,7.607407145144566,10.320833250959685
17,MATH,joint,4.942441912602116,2.4117403924987935,10.01914753764336,1.861409820085471,12.182243071045157,7.607407145144566,10.320833250959685
17,GPQA,upstream_only,2.8142064649863863,2.8142064649863863,2.8142064649863863,2.8142064649863863,2.8142064649863863,0.0,0.0
17,GPQA,bridge_only,2.9135916893659823,1.502831648259266,5.225122161565812,1.1072188218872647,5.87785971732395,3.722290513306546,4.770640895436686
17,GPQA,joint,2.9135916893659823,1.502831648259266,5.225122161565812,1.1072188218872647,5.87785971732395,3.722290513306546,4.770640895436686
17,MUSR,upstream_only,8.397731412945713,8.397434268154043,8.397956387112561,8.397183948940068,8.398259389295953,0.0005221189585178365,0.0010754403558852488
17,MUSR,bridge_only,8.415836457569384,6.082992315470849,11.578279016822995,5.100236936514367,13.34536322112707,5.495286701352145,8.245126284612702
17,MUSR,joint,8.415974224189288,6.08336976673483,11.578629442262562,5.100239727406493,13.34595430208212,5.495259675527732,8.245714574675628
17,MMLU_PRO,upstream_only,21.113204683515153,21.11137997554922,21.114586243767228,21.109842858573032,21.11644702365705,0.00320626821800829,0.006604165084016955
17,MMLU_PRO,bridge_only,22.129786195942547,12.649567212768192,34.63731273831899,9.220354206713118,39.7667488592106,21.9877455255508,30.546394652497483
17,MMLU_PRO,joint,22.128085744082135,12.64861095373994,34.637519458973685,9.220381074868708,39.76759949425658,21.988908505233745,30.54721841938787
18,Average,upstream_only,3.168776947406822,3.1231712823742255,3.2173151871073515,3.1014790306859217,3.2363665845266745,0.09414390473312606,0.1348875538407528
18,Average,bridge_only,2.979150465466712,1.6474289775769946,6.270438518611323,1.0697358136070898,7.920154102925312,4.623009541034328,6.850418289318222
18,Average,joint,2.966237175118658,1.634070507795384,6.239092607624474,1.068585587364901,7.963970841062564,4.60502209982909,6.895385253697663
18,IFEval,upstream_only,32.56088321287908,32.56088321287908,32.56088321287908,32.56088321287908,32.56088321287908,0.0,0.0
18,IFEval,bridge_only,32.303339955120606,26.672711947555168,39.08352806305004,24.384536213406832,41.72235818303767,12.410816115494871,17.337821969630838
18,IFEval,joint,32.303339955120606,26.672711947555168,39.08352806305004,24.384536213406832,41.72235818303767,12.410816115494871,17.337821969630838
18,BBH,upstream_only,1.141453344287821,1.1069140108007698,1.1785499163662665,1.09059318823013,1.1932049100852506,0.0716359055654967,0.10261172185512057
18,BBH,bridge_only,1.0942178349312741,0.030882634098651402,4.614168207268017,-0.18861639662287405,6.018488577101143,4.583285573169366,6.207104973724017
18,BBH,joint,1.0980449936823626,0.029608254566172436,4.613318584706045,-0.18936411397402209,5.951685420654782,4.583710330139873,6.141049534628804
18,MATH,upstream_only,4.984789161550182,4.984789161550182,4.984789161550182,4.984789161550182,4.984789161550182,0.0,0.0
18,MATH,bridge_only,4.942441912602116,2.4117403924987935,10.01914753764336,1.861409820085471,12.182243071045157,7.607407145144566,10.320833250959685
18,MATH,joint,4.942441912602116,2.4117403924987935,10.01914753764336,1.861409820085471,12.182243071045157,7.607407145144566,10.320833250959685
18,GPQA,upstream_only,2.8142064649863863,2.8142064649863863,2.8142064649863863,2.8142064649863863,2.8142064649863863,0.0,0.0
18,GPQA,bridge_only,2.9135916893659823,1.502831648259266,5.225122161565812,1.1072188218872647,5.87785971732395,3.722290513306546,4.770640895436686
18,GPQA,joint,2.9135916893659823,1.502831648259266,5.225122161565812,1.1072188218872647,5.87785971732395,3.722290513306546,4.770640895436686
18,MUSR,upstream_only,2.662844674263413,2.639597459369774,2.6874628047409286,2.6284997374319903,2.6970910927122853,0.04786534537115461,0.06859135528029503
18,MUSR,bridge_only,2.7607688420430283,1.7188088086024957,4.029456525152656,1.459074893297063,4.969920286223297,2.3106477165501604,3.5108453929262335
18,MUSR,joint,2.7618999942245317,1.7210737041223518,4.030088346302781,1.4522093964660583,4.979689212263577,2.309014642180429,3.527479815797519
18,MMLU_PRO,upstream_only,0.5967133693930893,0.5727477292451764,0.62247816653432,0.561431121252122,0.6326635274981236,0.049730437289143614,0.07123240624600158
18,MMLU_PRO,bridge_only,0.5841716365703762,-0.26026884957541974,4.32604108112166,-0.37879922114405773,6.253015335667622,4.586309930697079,6.63181455681168
18,MMLU_PRO,joint,0.5746113401745394,-0.26241657372212596,4.3556013016429125,-0.37752296118084444,6.214403661850476,4.618017875365038,6.59192662303132
19,Average,upstream_only,13.21575551476166,13.215506954236147,13.216101016439872,13.215351606447609,13.216438922414193,0.000594062203724377,0.0010873159665845122
19,Average,bridge_only,13.364604209862758,9.350939164268532,18.6339804011825,7.983580603285816,20.663278686193312,9.28304123691397,12.679698082907496
19,Average,joint,13.364944142981688,9.351175437610463,18.634158952090143,7.98350351212091,20.663986194733784,9.28298351447968,12.680482682612874
19,IFEval,upstream_only,32.56088321287908,32.56088321287908,32.56088321287908,32.56088321287908,32.56088321287908,0.0,0.0
19,IFEval,bridge_only,32.303339955120606,26.672711947555168,39.08352806305004,24.384536213406832,41.72235818303767,12.410816115494871,17.337821969630838
19,IFEval,joint,32.303339955120606,26.672711947555168,39.08352806305004,24.384536213406832,41.72235818303767,12.410816115494871,17.337821969630838
19,BBH,upstream_only,14.769466829064756,14.76901414892565,14.770096065934213,14.768731230554335,14.770711476996274,0.0010819170085625274,0.0019802464419385046
19,BBH,bridge_only,15.294580178279903,9.059896858916455,23.842594447780975,7.258915535100238,26.621143050406047,14.78269758886452,19.36222751530581
19,BBH,joint,15.294304087942889,9.059806151620522,23.84346935925134,7.258710245990674,26.622756654080476,14.783663207630818,19.364046408089802
19,MATH,upstream_only,4.984789161550182,4.984789161550182,4.984789161550182,4.984789161550182,4.984789161550182,0.0,0.0
19,MATH,bridge_only,4.942441912602116,2.4117403924987935,10.01914753764336,1.861409820085471,12.182243071045157,7.607407145144566,10.320833250959685
19,MATH,joint,4.942441912602116,2.4117403924987935,10.01914753764336,1.861409820085471,12.182243071045157,7.607407145144566,10.320833250959685
19,GPQA,upstream_only,2.8142064649863863,2.8142064649863863,2.8142064649863863,2.8142064649863863,2.8142064649863863,0.0,0.0
19,GPQA,bridge_only,2.9135916893659823,1.502831648259266,5.225122161565812,1.1072188218872647,5.87785971732395,3.722290513306546,4.770640895436686
19,GPQA,joint,2.9135916893659823,1.502831648259266,5.225122161565812,1.1072188218872647,5.87785971732395,3.722290513306546,4.770640895436686
19,MUSR,upstream_only,6.5213549180664305,6.521274526685249,6.521466662285283,6.521224282702412,6.5215759491530045,0.00019213560003361607,0.0003516664505927025
19,MUSR,bridge_only,6.677059440496995,5.305072546160618,8.00405334614602,4.746527203591059,8.729135753832097,2.698980799985401,3.9826085502410375
19,MUSR,joint,6.677246647382753,5.305084737044599,8.004194406098794,4.746500603433248,8.729361990250757,2.699109669054195,3.9828613868175085
19,MMLU_PRO,upstream_only,10.97002665207777,10.969659705595145,10.970536719141338,10.969430370144515,10.971035581256267,0.0008770135461926287,0.0016052111117517143
19,MMLU_PRO,bridge_only,11.169742014492481,5.367105053357786,21.74347207900138,3.7546984701664248,24.674973415012428,16.376367025643592,20.920274944846003
19,MMLU_PRO,joint,11.16912356972562,5.367263130157284,21.743464912933394,3.7546089560397804,24.675125944345865,16.37620178277611,20.920516988306083
20,Average,upstream_only,19.21304882488474,19.2120760416933,19.2138293920144,19.21142439978254,19.21507817941143,0.0017533503210991341,0.0036537796288911295
20,Average,bridge_only,19.50963684614382,14.016807094507724,26.557199733098123,11.808968765060355,30.429713359713524,12.540392638590399,18.620744594653168
20,Average,joint,19.5093897321744,14.016555481898534,26.56077805575686,11.808471580275887,30.430488938795165,12.544222573858326,18.62201735851928
20,IFEval,upstream_only,32.56088321287908,32.56088321287908,32.56088321287908,32.56088321287908,32.56088321287908,0.0,0.0
20,IFEval,bridge_only,32.303339955120606,26.672711947555168,39.08352806305004,24.384536213406832,41.72235818303767,12.410816115494871,17.337821969630838
20,IFEval,joint,32.303339955120606,26.672711947555168,39.08352806305004,24.384536213406832,41.72235818303767,12.410816115494871,17.337821969630838
20,BBH,upstream_only,26.610717380220645,26.608691941154,26.612342619333077,26.607335163958936,26.61494277892758,0.0036506781790777154,0.007607614968645038
20,BBH,bridge_only,27.76229235303021,19.036071371134245,37.84105542950317,15.601559738237473,43.001973749395546,18.804984058368927,27.400414011158073
20,BBH,joint,27.762387693684335,19.03656207606971,37.841061051729476,15.60147940909982,43.00318852808519,18.804498975659765,27.40170911898537
20,MATH,upstream_only,4.984789161550182,4.984789161550182,4.984789161550182,4.984789161550182,4.984789161550182,0.0,0.0
20,MATH,bridge_only,4.942441912602116,2.4117403924987935,10.01914753764336,1.861409820085471,12.182243071045157,7.607407145144566,10.320833250959685
20,MATH,joint,4.942441912602116,2.4117403924987935,10.01914753764336,1.861409820085471,12.182243071045157,7.607407145144566,10.320833250959685
20,GPQA,upstream_only,2.8142064649863863,2.8142064649863863,2.8142064649863863,2.8142064649863863,2.8142064649863863,0.0,0.0
20,GPQA,bridge_only,2.9135916893659823,1.502831648259266,5.225122161565812,1.1072188218872647,5.87785971732395,3.722290513306546,4.770640895436686
20,GPQA,joint,2.9135916893659823,1.502831648259266,5.225122161565812,1.1072188218872647,5.87785971732395,3.722290513306546,4.770640895436686
20,MUSR,upstream_only,8.378368686502872,8.378077333364226,8.378602468399544,8.377882162289431,8.37897648047694,0.0005251350353177031,0.0010943181875084917
20,MUSR,bridge_only,8.39743473966066,6.0741140990259295,11.545612626006726,5.095184202851089,13.29608582983296,5.471498526980796,8.20090162698187
20,MUSR,joint,8.397433746123617,6.074053051124503,11.545600478450273,5.0951687192861,13.296124111039434,5.4715474273257705,8.200955391753334
20,MMLU_PRO,upstream_only,20.994421569448804,20.992636086259274,20.995854281978083,20.991440061166887,20.998146457282363,0.0032181957188086585,0.0067063961154758545
20,MMLU_PRO,bridge_only,21.98641816970759,12.574883133420164,34.486982261017204,9.161893803707715,39.59731971841846,21.91209912759704,30.43542591471075
20,MMLU_PRO,joint,21.985760903900186,12.575058058680046,34.48655455217942,9.161604902954554,39.598148434997846,21.911496493499374,30.43654353204329
21,Average,upstream_only,3.076309985582477,3.0342145744892988,3.1194093236084393,3.0184727694456353,3.1435527665251066,0.08519474911914049,0.12507999707947137
21,Average,bridge_only,2.8888979665909846,1.5739622561241347,6.1454950080853985,1.0164115086776588,7.784763005276139,4.571532751961264,6.768351496598481
21,Average,joint,2.8818378721114524,1.5664684053051765,6.11028398030222,1.0038032422291485,7.752965543174616,4.543815574997043,6.749162300945468
21,IFEval,upstream_only,32.56088321287908,32.56088321287908,32.56088321287908,32.56088321287908,32.56088321287908,0.0,0.0
21,IFEval,bridge_only,32.303339955120606,26.672711947555168,39.08352806305004,24.384536213406832,41.72235818303767,12.410816115494871,17.337821969630838
21,IFEval,joint,32.303339955120606,26.672711947555168,39.08352806305004,24.384536213406832,41.72235818303767,12.410816115494871,17.337821969630838
21,BBH,upstream_only,1.0717437426809844,1.0404278794921291,1.104078601682464,1.0287848070715426,1.1223119728377309,0.06365072219033485,0.09352716576618825
21,BBH,bridge_only,1.0293698991579177,-0.002388826939358163,4.449855843070025,-0.20815587452574033,5.835514253492678,4.452244670009383,6.043670128018419
21,BBH,joint,1.0235028381931635,-0.0023924533393639117,4.441069364926493,-0.2097473797315373,5.7784359820376086,4.443461818265857,5.988183361769146
21,MATH,upstream_only,4.984789161550182,4.984789161550182,4.984789161550182,4.984789161550182,4.984789161550182,0.0,0.0
21,MATH,bridge_only,4.942441912602116,2.4117403924987935,10.01914753764336,1.861409820085471,12.182243071045157,7.607407145144566,10.320833250959685
21,MATH,joint,4.942441912602116,2.4117403924987935,10.01914753764336,1.861409820085471,12.182243071045157,7.607407145144566,10.320833250959685
21,GPQA,upstream_only,2.8142064649863863,2.8142064649863863,2.8142064649863863,2.8142064649863863,2.8142064649863863,0.0,0.0
21,GPQA,bridge_only,2.9135916893659823,1.502831648259266,5.225122161565812,1.1072188218872647,5.87785971732395,3.722290513306546,4.770640895436686
21,GPQA,joint,2.9135916893659823,1.502831648259266,5.225122161565812,1.1072188218872647,5.87785971732395,3.722290513306546,4.770640895436686
21,MUSR,upstream_only,2.6155903840250714,2.5939194003693777,2.637674718630595,2.585789397963932,2.6500008834817774,0.04375531826121737,0.06421148551784528
21,MUSR,bridge_only,2.717641409141249,1.666722418145337,4.003276017813482,1.4042310464605405,4.947316811733168,2.336553599668145,3.543085765272627
21,MUSR,joint,2.7059207690960463,1.6662040144897368,3.9911448383891015,1.3996054014931292,4.943984444911129,2.3249408238993645,3.5443790434179996
21,MMLU_PRO,upstream_only,0.5483675337824769,0.5266792647774758,0.5707813367337828,0.5186205535632415,0.5834290675136784,0.044102071956307,0.06480851395043685
21,MMLU_PRO,bridge_only,0.5354777251896518,-0.27580089430915233,4.1845502978894125,-0.3871006283080086,6.1026277790770616,4.460351192198565,6.48972840738507
21,MMLU_PRO,joint,0.5341787007604226,-0.27659885749385316,4.260839149972906,-0.3861732583447765,6.097383148064548,4.5374380074667595,6.483556406409324
22,Average,upstream_only,13.061362896407175,13.061102882687239,13.061671328357964,13.060936680454507,13.061929530416831,0.000568445670724671,0.0009928499623246267
22,Average,bridge_only,13.214838006849277,9.230436717276651,18.39678115186387,7.8863058374167965,20.45805492104331,9.166344434587218,12.571749083626514
22,Average,joint,13.214894861263755,9.230780791372357,18.3968127070472,7.886239648382387,20.45805057828327,9.166031915674843,12.571810929900884
22,IFEval,upstream_only,32.56088321287908,32.56088321287908,32.56088321287908,32.56088321287908,32.56088321287908,0.0,0.0
22,IFEval,bridge_only,32.303339955120606,26.672711947555168,39.08352806305004,24.384536213406832,41.72235818303767,12.410816115494871,17.337821969630838
22,IFEval,joint,32.303339955120606,26.672711947555168,39.08352806305004,24.384536213406832,41.72235818303767,12.410816115494871,17.337821969630838
22,BBH,upstream_only,14.489083393921373,14.488612553721447,14.489641917169656,14.488311592418832,14.490109486700725,0.0010293634482092529,0.001797894281892809
22,BBH,bridge_only,14.970286854607318,8.825235232491684,23.471601944199275,7.087635230918931,26.228794702645676,14.646366711707591,19.141159471726745
22,BBH,joint,14.970334979600114,8.825293082160815,23.472160592163462,7.086480330686006,26.228921059889114,14.646867510002647,19.14244072920311
22,MATH,upstream_only,4.984789161550182,4.984789161550182,4.984789161550182,4.984789161550182,4.984789161550182,0.0,0.0
22,MATH,bridge_only,4.942441912602116,2.4117403924987935,10.01914753764336,1.861409820085471,12.182243071045157,7.607407145144566,10.320833250959685
22,MATH,joint,4.942441912602116,2.4117403924987935,10.01914753764336,1.861409820085471,12.182243071045157,7.607407145144566,10.320833250959685
22,GPQA,upstream_only,2.8142064649863863,2.8142064649863863,2.8142064649863863,2.8142064649863863,2.8142064649863863,0.0,0.0
22,GPQA,bridge_only,2.9135916893659823,1.502831648259266,5.225122161565812,1.1072188218872647,5.87785971732395,3.722290513306546,4.770640895436686
22,GPQA,joint,2.9135916893659823,1.502831648259266,5.225122161565812,1.1072188218872647,5.87785971732395,3.722290513306546,4.770640895436686
22,MUSR,upstream_only,6.4713470133918,6.471262670332399,6.471447061774699,6.471208757553429,6.471530816255183,0.00018439144229986937,0.00032205870175427975
22,MUSR,bridge_only,6.618880712906542,5.286398920839458,7.924949750898574,4.733508256427924,8.619618748473597,2.638550830059116,3.886110492045673
22,MUSR,joint,6.618962338249967,5.286420591078105,7.9250162691099595,4.733508087064894,8.61959465347227,2.6385956780318542,3.886086566407376
22,MMLU_PRO,upstream_only,10.742993602585187,10.742612770987552,10.74344535704343,10.742369343967297,10.743823546260112,0.000832586055878437,0.0014542022928143439
22,MMLU_PRO,bridge_only,10.933807103095155,5.2294855839557846,21.475695394896952,3.6539311806982027,24.291041657800054,16.246209810941167,20.637110477101853
22,MMLU_PRO,joint,10.93367109487791,5.229825485504288,21.475703503645637,3.653944317473135,24.29056855445773,16.245878018141347,20.636624236984595
23,Average,upstream_only,19.09356010429239,19.092655514926953,19.09435842959439,19.09200460440909,19.095463238565262,0.0017029146674367723,0.003458634156171314
23,Average,bridge_only,19.405616584311318,13.918477797329489,26.417137007081884,11.743903427575981,30.241974362784955,12.498659209752395,18.498070935208972
23,Average,joint,19.405564754747182,13.918219469977227,26.417312528579377,11.744155202334342,30.24178155041286,12.49909305860215,18.49762634807852
23,IFEval,upstream_only,32.56088321287908,32.56088321287908,32.56088321287908,32.56088321287908,32.56088321287908,0.0,0.0
23,IFEval,bridge_only,32.303339955120606,26.672711947555168,39.08352806305004,24.384536213406832,41.72235818303767,12.410816115494871,17.337821969630838
23,IFEval,joint,32.303339955120606,26.672711947555168,39.08352806305004,24.384536213406832,41.72235818303767,12.410816115494871,17.337821969630838
23,BBH,upstream_only,26.362081344972534,26.360200232436423,26.363741494163893,26.358846661553525,26.366039011522368,0.0035412617274701574,0.007192349968843104
23,BBH,bridge_only,27.53083391833414,18.797929966087445,37.472671518667,15.39829918709643,42.67799599607943,18.674741552579555,27.279696808983
23,BBH,joint,27.530317411900562,18.79694870259593,37.471986487891144,15.398051731792604,42.675802297971735,18.675037785295213,27.27775056617913
23,MATH,upstream_only,4.984789161550182,4.984789161550182,4.984789161550182,4.984789161550182,4.984789161550182,0.0,0.0
23,MATH,bridge_only,4.942441912602116,2.4117403924987935,10.01914753764336,1.861409820085471,12.182243071045157,7.607407145144566,10.320833250959685
23,MATH,joint,4.942441912602116,2.4117403924987935,10.01914753764336,1.861409820085471,12.182243071045157,7.607407145144566,10.320833250959685
23,GPQA,upstream_only,2.8142064649863863,2.8142064649863863,2.8142064649863863,2.8142064649863863,2.8142064649863863,0.0,0.0
23,GPQA,bridge_only,2.9135916893659823,1.502831648259266,5.225122161565812,1.1072188218872647,5.87785971732395,3.722290513306546,4.770640895436686
23,GPQA,joint,2.9135916893659823,1.502831648259266,5.225122161565812,1.1072188218872647,5.87785971732395,3.722290513306546,4.770640895436686
23,MUSR,upstream_only,8.34256428946085,8.342293100901815,8.342803619263819,8.342097961974973,8.343134827198588,0.0005105183620042197,0.0010368652236145692
23,MUSR,bridge_only,8.363411458372706,6.058744534844306,11.47203465393891,5.080926287474785,13.205122819344517,5.413290119094605,8.124196531869732
23,MUSR,joint,8.363504731911068,6.059201145050213,11.472061061212345,5.08095655479616,13.205224742041485,5.412859916162133,8.124268187245326
23,MMLU_PRO,upstream_only,20.77541938365224,20.773763838691544,20.7768804784241,20.77257258961343,20.778902546314768,0.003116639732557047,0.006329956701339512
23,MMLU_PRO,bridge_only,21.75716766619079,12.404544352011568,34.195824557621116,9.037751092444617,39.28387005466238,21.791280205609546,30.246118962217764
23,MMLU_PRO,joint,21.756844731639085,12.404205492295477,34.20601856859682,9.03735875996393,39.282834058836514,21.801813076301343,30.245475298872584
24,Average,upstream_only,2.6851177938586797,2.650676817144257,2.7238592688973915,2.6303576517428375,2.739426151001253,0.07318245175313454,0.10906849925841566
24,Average,bridge_only,2.5011599176871444,1.2985662852529087,5.602032515848442,0.7639035167450307,7.222122407964896,4.303466230595533,6.4582188912198655
24,Average,joint,2.4991039613379407,1.3075772372629513,5.614277019756421,0.7653453800697599,7.290024483026332,4.306699782493469,6.524679102956572
24,IFEval,upstream_only,32.56088321287908,32.56088321287908,32.56088321287908,32.56088321287908,32.56088321287908,0.0,0.0
24,IFEval,bridge_only,32.303339955120606,26.672711947555168,39.08352806305004,24.384536213406832,41.72235818303767,12.410816115494871,17.337821969630838
24,IFEval,joint,32.303339955120606,26.672711947555168,39.08352806305004,24.384536213406832,41.72235818303767,12.410816115494871,17.337821969630838
24,BBH,upstream_only,0.7909652893094619,0.7673559740574178,0.8177395305477423,0.7535125335674975,0.8285623284611949,0.050383556490324444,0.07504979489369745
24,BBH,bridge_only,0.7437876908026921,-0.11747870154681232,3.8025688461594243,-0.28289060897823004,5.104066551414651,3.9200475477062366,5.386957160392881
24,BBH,joint,0.7372843455592009,-0.11556552254266186,3.791541082575188,-0.2836958780190756,5.106759625797566,3.90710660511785,5.390455503816642
24,MATH,upstream_only,4.984789161550182,4.984789161550182,4.984789161550182,4.984789161550182,4.984789161550182,0.0,0.0
24,MATH,bridge_only,4.942441912602116,2.4117403924987935,10.01914753764336,1.861409820085471,12.182243071045157,7.607407145144566,10.320833250959685
24,MATH,joint,4.942441912602116,2.4117403924987935,10.01914753764336,1.861409820085471,12.182243071045157,7.607407145144566,10.320833250959685
24,GPQA,upstream_only,2.8142064649863863,2.8142064649863863,2.8142064649863863,2.8142064649863863,2.8142064649863863,0.0,0.0
24,GPQA,bridge_only,2.9135916893659823,1.502831648259266,5.225122161565812,1.1072188218872647,5.87785971732395,3.722290513306546,4.770640895436686
24,GPQA,joint,2.9135916893659823,1.502831648259266,5.225122161565812,1.1072188218872647,5.87785971732395,3.722290513306546,4.770640895436686
24,MUSR,upstream_only,2.4101054730121896,2.391549031143492,2.4308841723813552,2.3805635252374024,2.439205466602007,0.03933514123786308,0.058641941364604655
24,MUSR,bridge_only,2.5179312041057784,1.4354285871030807,3.8761112994894313,1.2056754100245173,4.843765443535658,2.4406827123863506,3.638090033511141
24,MUSR,joint,2.51646214643132,1.4324513032260497,3.873243666114332,1.2136841554427642,4.856864174664551,2.440792362888282,3.643180019221787
24,MMLU_PRO,upstream_only,0.3546206467474309,0.33840591368844714,0.3730240785689615,0.32890418126684406,0.3804676768209706,0.03461816488051439,0.05156349555412654
24,MMLU_PRO,bridge_only,0.3395272277105217,-0.3305768671527998,3.602110843551534,-0.4177640479618945,5.424938796428985,3.932687710704334,5.84270284439088
24,MMLU_PRO,joint,0.34268921509029937,-0.32919362999684426,3.5807861308581552,-0.41697393310171094,5.416328460641781,3.9099797608549993,5.833302393743492
25,Average,upstream_only,12.374167044711243,12.373958826752439,12.3744070532542,12.373804831951809,12.374545437455637,0.0004482265017617948,0.0007406055038288173
25,Average,bridge_only,12.460513982335806,8.656516374696853,17.433281627075143,7.454644798815336,19.38938194594017,8.77676525237829,11.934737147124833
25,Average,joint,12.461176954646426,8.656508039986827,17.433154806233432,7.454537498243523,19.389078779469216,8.776646766246605,11.934541281225693
25,IFEval,upstream_only,32.56088321287908,32.56088321287908,32.56088321287908,32.56088321287908,32.56088321287908,0.0,0.0
25,IFEval,bridge_only,32.303339955120606,26.672711947555168,39.08352806305004,24.384536213406832,41.72235818303767,12.410816115494871,17.337821969630838
25,IFEval,joint,32.303339955120606,26.672711947555168,39.08352806305004,24.384536213406832,41.72235818303767,12.410816115494871,17.337821969630838
25,BBH,upstream_only,13.261122246680683,13.260755289571458,13.261545234503377,13.26048389577788,13.261789122872447,0.0007899449319186402,0.0013052270945674849
25,BBH,bridge_only,13.655400201522557,7.853203301639819,21.960629812696958,6.350140954524945,24.583232755707787,14.107426511057138,18.23309180118284
25,BBH,joint,13.655427725508616,7.8536453552651055,21.961261481948064,6.350250950982456,24.58363840950897,14.10761612668296,18.233387458526515
25,MATH,upstream_only,4.984789161550182,4.984789161550182,4.984789161550182,4.984789161550182,4.984789161550182,0.0,0.0
25,MATH,bridge_only,4.942441912602116,2.4117403924987935,10.01914753764336,1.861409820085471,12.182243071045157,7.607407145144566,10.320833250959685
25,MATH,joint,4.942441912602116,2.4117403924987935,10.01914753764336,1.861409820085471,12.182243071045157,7.607407145144566,10.320833250959685
25,GPQA,upstream_only,2.8142064649863863,2.8142064649863863,2.8142064649863863,2.8142064649863863,2.8142064649863863,0.0,0.0
25,GPQA,bridge_only,2.9135916893659823,1.502831648259266,5.225122161565812,1.1072188218872647,5.87785971732395,3.722290513306546,4.770640895436686
25,GPQA,joint,2.9135916893659823,1.502831648259266,5.225122161565812,1.1072188218872647,5.87785971732395,3.722290513306546,4.770640895436686
25,MUSR,upstream_only,6.246910230024872,6.246841747605937,6.2469891679227905,6.246791098868655,6.2470346817794535,0.0001474203168534416,0.00024358291079895622
25,MUSR,bridge_only,6.373288039172433,5.187108004558095,7.554597199509806,4.671129960693807,8.125046122003488,2.3674891949517116,3.4539161613096807
25,MUSR,joint,6.373240750955288,5.187127359228603,7.554570848619439,4.671150309206489,8.12492762211836,2.367443489390836,3.453777312911871
25,MMLU_PRO,upstream_only,9.75458692329992,9.754293001254222,9.754925725409507,9.754075623224585,9.755121074098158,0.0006327241552845919,0.001045450873572662
25,MMLU_PRO,bridge_only,9.928639158923662,4.468551761338512,20.353381676021677,3.1723566807013053,22.983373120759087,15.884829914683165,19.81101644005778
25,MMLU_PRO,joint,9.92860829787277,4.468653486577818,20.353458982287894,3.1722658981882925,22.983355000350823,15.884805495710076,19.81108910216253
26,Average,upstream_only,18.554879388179106,18.554023440271195,18.555620737053427,18.55351357712016,18.557416931803253,0.0015972967822328599,0.0039033546830928856
26,Average,bridge_only,18.907765789847836,13.493110133506997,25.688683223403455,11.405442626532155,29.392501532971195,12.195573089896458,17.98705890643904
26,Average,joint,18.90797945106696,13.492160836003315,25.688986276226633,11.405403253420468,29.395316888204853,12.196825440223318,17.989913634784386
26,IFEval,upstream_only,32.56088321287908,32.56088321287908,32.56088321287908,32.56088321287908,32.56088321287908,0.0,0.0
26,IFEval,bridge_only,32.303339955120606,26.672711947555168,39.08352806305004,24.384536213406832,41.72235818303767,12.410816115494871,17.337821969630838
26,IFEval,joint,32.303339955120606,26.672711947555168,39.08352806305004,24.384536213406832,41.72235818303767,12.410816115494871,17.337821969630838
26,BBH,upstream_only,25.245264539527764,25.243495635196457,25.24679662851284,25.24244195960842,25.25050874575497,0.0033009933163832272,0.008066786146549987
26,BBH,bridge_only,26.38805974818826,17.83241556759003,36.1792544057256,14.516139917088577,41.20500716073474,18.34683883813557,26.68886724364616
26,BBH,joint,26.38839264871629,17.831451048531274,36.1786885268077,14.51533419553103,41.205933040643956,18.347237478276423,26.690598845112923
26,MATH,upstream_only,4.984789161550182,4.984789161550182,4.984789161550182,4.984789161550182,4.984789161550182,0.0,0.0
26,MATH,bridge_only,4.942441912602116,2.4117403924987935,10.01914753764336,1.861409820085471,12.182243071045157,7.607407145144566,10.320833250959685
26,MATH,joint,4.942441912602116,2.4117403924987935,10.01914753764336,1.861409820085471,12.182243071045157,7.607407145144566,10.320833250959685
26,GPQA,upstream_only,2.8142064649863863,2.8142064649863863,2.8142064649863863,2.8142064649863863,2.8142064649863863,0.0,0.0
26,GPQA,bridge_only,2.9135916893659823,1.502831648259266,5.225122161565812,1.1072188218872647,5.87785971732395,3.722290513306546,4.770640895436686
26,GPQA,joint,2.9135916893659823,1.502831648259266,5.225122161565812,1.1072188218872647,5.87785971732395,3.722290513306546,4.770640895436686
26,MUSR,upstream_only,8.180709126565073,8.180451346611077,8.180932391937736,8.180297793699214,8.181473329685309,0.00048104532665860233,0.0011755359860945447
26,MUSR,bridge_only,8.219987165376672,5.998536750267789,11.139536660607424,5.042465259060528,12.791541610471333,5.1409999103396355,7.749076351410805
26,MUSR,joint,8.220034509499097,5.998548298927122,11.139412602275687,5.0424938283564655,12.791385982382035,5.1408643033485655,7.74889215402557
26,MMLU_PRO,upstream_only,19.79613693150931,19.79459161703996,19.797475378861467,19.793671134914838,19.80071837607709,0.0028837618215078464,0.007047241162251083
26,MMLU_PRO,bridge_only,20.683797905667106,11.721269473380167,32.978395596855606,8.488439222997899,37.56956256519829,21.257126123475437,29.081123342200392
26,MMLU_PRO,joint,20.683672482890493,11.720480898260599,32.97999960553795,8.488362787698728,37.57107258765939,21.25951870727735,29.08270979996066
27,Average,upstream_only,2.0376245213454887,2.013754828093042,2.0606392810116483,2.0057135130960413,2.069722389576545,0.0468844529186061,0.06400887648050357
27,Average,bridge_only,1.8514863183167614,0.8625725816484423,4.6830558245480844,0.3978967048233775,6.320358072604077,3.820483242899642,5.922461367780699
27,Average,joint,1.8371961262853187,0.8512556148772896,4.677315904096557,0.3871612035217123,6.346571098936392,3.826060289219267,5.95940989541468
27,IFEval,upstream_only,32.56088321287908,32.56088321287908,32.56088321287908,32.56088321287908,32.56088321287908,0.0,0.0
27,IFEval,bridge_only,32.303339955120606,26.672711947555168,39.08352806305004,24.384536213406832,41.72235818303767,12.410816115494871,17.337821969630838
27,IFEval,joint,32.303339955120606,26.672711947555168,39.08352806305004,24.384536213406832,41.72235818303767,12.410816115494871,17.337821969630838
27,BBH,upstream_only,0.3781123139810574,0.3641697371328885,0.39164330200703346,0.35949362599165513,0.3970071759942149,0.02747356487414493,0.03751355000255979
27,BBH,bridge_only,0.3292522879659644,-0.263211573177606,2.7615709102944237,-0.3807913018005952,4.016729640691582,3.0247824834720296,4.397520942492178
27,BBH,joint,0.3313884904039304,-0.2649868052570152,2.7824482010811273,-0.38165886207636734,4.007145509876582,3.0474350063381426,4.38880437195295
27,MATH,upstream_only,4.984789161550182,4.984789161550182,4.984789161550182,4.984789161550182,4.984789161550182,0.0,0.0
27,MATH,bridge_only,4.942441912602116,2.4117403924987935,10.01914753764336,1.861409820085471,12.182243071045157,7.607407145144566,10.320833250959685
27,MATH,joint,4.942441912602116,2.4117403924987935,10.01914753764336,1.861409820085471,12.182243071045157,7.607407145144566,10.320833250959685
27,GPQA,upstream_only,2.8142064649863863,2.8142064649863863,2.8142064649863863,2.8142064649863863,2.8142064649863863,0.0,0.0
27,GPQA,bridge_only,2.9135916893659823,1.502831648259266,5.225122161565812,1.1072188218872647,5.87785971732395,3.722290513306546,4.770640895436686
27,GPQA,joint,2.9135916893659823,1.502831648259266,5.225122161565812,1.1072188218872647,5.87785971732395,3.722290513306546,4.770640895436686
27,MUSR,upstream_only,2.0463606198438318,2.032280442566962,2.0598860788745235,2.0275249412504275,2.0652106212579144,0.027605636307561632,0.037685680007486955
27,MUSR,bridge_only,2.169773431290207,1.0379153850037868,3.605741861204206,0.8380052807775837,4.701597508118932,2.567826476200419,3.8635922273413486
27,MUSR,joint,2.1671213152305633,1.041422113830703,3.6067839110708793,0.8383682317326216,4.7125215860715155,2.5653617972401763,3.874153354338894
27,MMLU_PRO,upstream_only,0.07305436160670042,0.06362651802384484,0.08220952507507606,0.0604659067160984,0.08584028077491981,0.018583007051231226,0.02537437405882141
27,MMLU_PRO,bridge_only,0.06599613346489269,-0.4033133605156447,2.648816865005024,-0.4567851448270051,4.27125804429337,3.052130225520669,4.728043189120376
27,MMLU_PRO,joint,0.06801226387886428,-0.40291462815970175,2.6429132053412014,-0.45760535702547755,4.318334109497793,3.045827833500903,4.775939466523271
28,Average,upstream_only,11.033610264120671,11.033442350454562,11.033810794314554,11.033320683879323,11.033917614874245,0.00036844385999224016,0.0005969309949218626
28,Average,bridge_only,11.035292530406128,7.599627976031976,15.957614423214267,6.605507572744973,17.258088409610913,8.357986447182292,10.65258083686594
28,Average,joint,11.035632289420182,7.599508936994467,15.957678743012197,6.60550496430388,17.258398406404766,8.358169806017731,10.652893442100886
28,IFEval,upstream_only,32.56088321287908,32.56088321287908,32.56088321287908,32.56088321287908,32.56088321287908,0.0,0.0
28,IFEval,bridge_only,32.303339955120606,26.672711947555168,39.08352806305004,24.384536213406832,41.72235818303767,12.410816115494871,17.337821969630838
28,IFEval,joint,32.303339955120606,26.672711947555168,39.08352806305004,24.384536213406832,41.72235818303767,12.410816115494871,17.337821969630838
28,BBH,upstream_only,10.967473383535447,10.96719511439199,10.967805708387276,10.966993488121808,10.967982736102476,0.0006105939952867345,0.0009892479806676846
28,BBH,bridge_only,11.210773403866664,6.095694556627653,19.44806575965305,4.917631761005134,21.17837176135219,13.352371203025399,16.260740000347056
28,BBH,joint,11.210797914577302,6.095676908458737,19.448150473394332,4.917669403930802,21.177933406435283,13.352473564935595,16.26026400250448
28,MATH,upstream_only,4.984789161550182,4.984789161550182,4.984789161550182,4.984789161550182,4.984789161550182,0.0,0.0
28,MATH,bridge_only,4.942441912602116,2.4117403924987935,10.01914753764336,1.861409820085471,12.182243071045157,7.607407145144566,10.320833250959685
28,MATH,joint,4.942441912602116,2.4117403924987935,10.01914753764336,1.861409820085471,12.182243071045157,7.607407145144566,10.320833250959685
28,GPQA,upstream_only,2.8142064649863863,2.8142064649863863,2.8142064649863863,2.8142064649863863,2.8142064649863863,0.0,0.0
28,GPQA,bridge_only,2.9135916893659823,1.502831648259266,5.225122161565812,1.1072188218872647,5.87785971732395,3.722290513306546,4.770640895436686
28,GPQA,joint,2.9135916893659823,1.502831648259266,5.225122161565812,1.1072188218872647,5.87785971732395,3.722290513306546,4.770640895436686
28,MUSR,upstream_only,5.799319235055196,5.799262272390011,5.799387262163496,5.79922099833594,5.7994234994275216,0.00012498977348496254,0.0002025010915813752
28,MUSR,bridge_only,5.891039295570069,4.966494122915431,6.928027708560628,4.559790939224569,7.304023603737346,1.9615335856451974,2.7442326645127775
28,MUSR,joint,5.891044706235432,4.966476109211923,6.928246978491861,4.559790621854424,7.303913449346953,1.9617708692799383,2.7441228274925287
28,MMLU_PRO,upstream_only,7.934706261991414,7.93448760031964,7.934967400896076,7.934329164334356,7.935106508534563,0.00047980057643570717,0.0007773442002072528
28,MMLU_PRO,bridge_only,7.998666907419685,3.295295729262603,17.808309885144183,2.3853682827586664,20.235077404560172,14.51301415588158,17.849709121801506
28,MMLU_PRO,joint,7.998852998713642,3.2953298017962602,17.808694885858685,2.3853690915169135,20.235328828946496,14.513365084062425,17.849959737429582
29,Average,upstream_only,17.46439889268974,17.463725936316834,17.46492218947555,17.46334212298703,17.466119291814323,0.0011962531587172975,0.002777168827293508
29,Average,bridge_only,17.79940052973874,12.62982868754631,24.305309329927514,10.696698966445341,27.587692912064618,11.675480642381205,16.89099394561928
29,Average,joint,17.79920637177584,12.629918468833036,24.30535921860484,10.696786142367634,27.588365132821306,11.675440749771802,16.891578990453674
29,IFEval,upstream_only,32.56088321287908,32.56088321287908,32.56088321287908,32.56088321287908,32.56088321287908,0.0,0.0
29,IFEval,bridge_only,32.303339955120606,26.672711947555168,39.08352806305004,24.384536213406832,41.72235818303767,12.410816115494871,17.337821969630838
29,IFEval,joint,32.303339955120606,26.672711947555168,39.08352806305004,24.384536213406832,41.72235818303767,12.410816115494871,17.337821969630838
29,BBH,upstream_only,23.008629105833883,23.00726028832369,23.00969352095359,23.00647960505063,23.012128529370848,0.0024332326299010276,0.005648924320219351
29,BBH,bridge_only,24.138094160387134,15.971630745402704,33.68507902998302,12.838368432677266,38.17767354556635,17.713448284580316,25.339305112889086
29,BBH,joint,24.137766964967753,15.971477692628786,33.68414759429389,12.84064475584143,38.17834368325697,17.7126699016651,25.337698927415538
29,MATH,upstream_only,4.984789161550182,4.984789161550182,4.984789161550182,4.984789161550182,4.984789161550182,0.0,0.0
29,MATH,bridge_only,4.942441912602116,2.4117403924987935,10.01914753764336,1.861409820085471,12.182243071045157,7.607407145144566,10.320833250959685
29,MATH,joint,4.942441912602116,2.4117403924987935,10.01914753764336,1.861409820085471,12.182243071045157,7.607407145144566,10.320833250959685
29,GPQA,upstream_only,2.8142064649863863,2.8142064649863863,2.8142064649863863,2.8142064649863863,2.8142064649863863,0.0,0.0
29,GPQA,bridge_only,2.9135916893659823,1.502831648259266,5.225122161565812,1.1072188218872647,5.87785971732395,3.722290513306546,4.770640895436686
29,GPQA,joint,2.9135916893659823,1.502831648259266,5.225122161565812,1.1072188218872647,5.87785971732395,3.722290513306546,4.770640895436686
29,MUSR,upstream_only,7.850614018512566,7.8504092070905545,7.850773280676455,7.850292394483441,7.851137608145141,0.00036407358590029304,0.0008452136616998729
29,MUSR,bridge_only,7.927505862428822,5.875812759129733,10.479461300001601,4.97955345642866,11.904921141618386,4.603648540871868,6.925367685189726
29,MUSR,joint,7.9274858294138815,5.8763058796560275,10.479256504856345,4.979553539927857,11.90465064418081,4.602950625200317,6.925097104252953
29,MMLU_PRO,upstream_only,17.85680775531267,17.855629862730723,17.857723711666335,17.854958075383013,17.859819123551993,0.0020938489356119305,0.00486104816897992
29,MMLU_PRO,bridge_only,18.641797954272157,10.308092042682315,30.50698368434566,7.455697070394812,34.51976292316491,20.198891641663344,27.0640658527701
29,MMLU_PRO,joint,18.641931579411935,10.307607908165306,30.50722569178694,7.458539437638813,34.51810528410606,20.199617783621633,27.05956584646725
30,Average,upstream_only,3.4831518974452575,3.481173596372299,3.485497523900474,3.4800683037983284,3.4866425586380982,0.004323927528175009,0.006574254839769811
30,Average,bridge_only,3.2678830522427016,1.8694953804202232,6.691113291611031,1.266697698372312,8.361435117877397,4.821617911190808,7.094737419505085
30,Average,joint,3.267871219538916,1.8688411030382261,6.690618831057817,1.2663175890063205,8.362324580868698,4.82177772801959,7.096006991862378
30,IFEval,upstream_only,32.56088321287908,32.56088321287908,32.56088321287908,32.56088321287908,32.56088321287908,0.0,0.0
30,IFEval,bridge_only,32.303339955120606,26.672711947555168,39.08352806305004,24.384536213406832,41.72235818303767,12.410816115494871,17.337821969630838
30,IFEval,joint,32.303339955120606,26.672711947555168,39.08352806305004,24.384536213406832,41.72235818303767,12.410816115494871,17.337821969630838
30,BBH,upstream_only,1.3878168123150425,1.3862217189883586,1.3897088072273867,1.3853307726897053,1.3906326856989137,0.003487088239028102,0.005301913009208459
30,BBH,bridge_only,1.348401528459004,0.13596235402504372,5.164114127230303,-0.1090567395390444,6.611735805242505,5.028151773205259,6.720792544781549
30,BBH,joint,1.347522066841166,0.13474658462624062,5.163543743886471,-0.10914424334946544,6.614274066596261,5.028797159260231,6.7234183099457265
30,MATH,upstream_only,4.984789161550182,4.984789161550182,4.984789161550182,4.984789161550182,4.984789161550182,0.0,0.0
30,MATH,bridge_only,4.942441912602116,2.4117403924987935,10.01914753764336,1.861409820085471,12.182243071045157,7.607407145144566,10.320833250959685
30,MATH,joint,4.942441912602116,2.4117403924987935,10.01914753764336,1.861409820085471,12.182243071045157,7.607407145144566,10.320833250959685
30,GPQA,upstream_only,2.8142064649863863,2.8142064649863863,2.8142064649863863,2.8142064649863863,2.8142064649863863,0.0,0.0
30,GPQA,bridge_only,2.9135916893659823,1.502831648259266,5.225122161565812,1.1072188218872647,5.87785971732395,3.722290513306546,4.770640895436686
30,GPQA,joint,2.9135916893659823,1.502831648259266,5.225122161565812,1.1072188218872647,5.87785971732395,3.722290513306546,4.770640895436686
30,MUSR,upstream_only,2.8201307649194605,2.8191564433977865,2.8212857523248602,2.818612000352094,2.821849472037888,0.0021293089270737475,0.0032374716857943575
30,MUSR,bridge_only,2.912158957292392,1.9061100296218094,4.137011426735115,1.6430352447596313,5.043610893051924,2.2309013971133056,3.4005756482922926
30,MUSR,joint,2.9119945259217546,1.9047807706849773,4.137219005839389,1.6427341158010669,5.043528249149045,2.232438235154412,3.400794133347978
30,MMLU_PRO,upstream_only,0.7682830639179029,0.7671688235358848,0.7696047583330905,0.7665464784372369,0.7702501757813243,0.002435934797205719,0.0037036973440873755
30,MMLU_PRO,bridge_only,0.7499633488546209,-0.2117720993984206,4.834066478542782,-0.34833483872111787,6.741812126313863,5.045838577941203,7.090146965034981
30,MMLU_PRO,joint,0.7491191890008121,-0.21196845984749244,4.835474877747803,-0.34850969460961645,6.745673972491305,5.047443337595295,7.094183667100921
31,Average,upstream_only,13.437205622358974,13.436854324640528,13.437589568894605,13.436670178837623,13.437817132034478,0.0007352442540771165,0.001146953196855094
31,Average,bridge_only,13.600544529598146,9.519508427581076,18.88539815299488,8.109175825411784,20.98926844679372,9.365889725413805,12.880092621381936
31,Average,joint,13.599776138079811,9.51937475730086,18.885282532788555,8.109003030172898,20.989594000821896,9.365907775487695,12.880590970648997
31,IFEval,upstream_only,32.56088321287908,32.56088321287908,32.56088321287908,32.56088321287908,32.56088321287908,0.0,0.0
31,IFEval,bridge_only,32.303339955120606,26.672711947555168,39.08352806305004,24.384536213406832,41.72235818303767,12.410816115494871,17.337821969630838
31,IFEval,joint,32.303339955120606,26.672711947555168,39.08352806305004,24.384536213406832,41.72235818303767,12.410816115494871,17.337821969630838
31,BBH,upstream_only,15.174394283172202,15.173749383848008,15.175099127141564,15.173411339010288,15.175516889056254,0.0013497432935558606,0.0021055500459663534
31,BBH,bridge_only,15.716126260084165,9.42041720248383,24.33760827257708,7.535261983840302,27.202577295078974,14.91719107009325,19.667315311238674
31,BBH,joint,15.715967410635105,9.42015261702608,24.338699335469833,7.534727343897672,27.203005539369816,14.918546718443753,19.668278195472144
31,MATH,upstream_only,4.984789161550182,4.984789161550182,4.984789161550182,4.984789161550182,4.984789161550182,0.0,0.0
31,MATH,bridge_only,4.942441912602116,2.4117403924987935,10.01914753764336,1.861409820085471,12.182243071045157,7.607407145144566,10.320833250959685
31,MATH,joint,4.942441912602116,2.4117403924987935,10.01914753764336,1.861409820085471,12.182243071045157,7.607407145144566,10.320833250959685
31,GPQA,upstream_only,2.8142064649863863,2.8142064649863863,2.8142064649863863,2.8142064649863863,2.8142064649863863,0.0,0.0
31,GPQA,bridge_only,2.9135916893659823,1.502831648259266,5.225122161565812,1.1072188218872647,5.87785971732395,3.722290513306546,4.770640895436686
31,GPQA,joint,2.9135916893659823,1.502831648259266,5.225122161565812,1.1072188218872647,5.87785971732395,3.722290513306546,4.770640895436686
31,MUSR,upstream_only,6.592830199002476,6.59271704536202,6.592953868055729,6.592657731370293,6.593027165658765,0.00023682269370883802,0.00036943428847191484
31,MUSR,bridge_only,6.749702354560571,5.334678697033795,8.11384768470652,4.756940236653422,8.894510881013467,2.7791689876727252,4.137570644360045
31,MUSR,joint,6.749619269436586,5.334662006879633,8.11383075337656,4.756933800448641,8.89454252557174,2.779168746496927,4.1376087251230995
31,MMLU_PRO,upstream_only,11.298781837092635,11.298257431615484,11.299354990065716,11.2979825485682,11.29969470003276,0.0010975584502315172,0.001712151464559497
31,MMLU_PRO,bridge_only,11.508195039764093,5.554590349714326,22.170841169215922,3.894707495129966,25.059667514922904,16.616250819501595,21.164960019792936
31,MMLU_PRO,joint,11.508109349983066,5.554654325229504,22.170639302981282,3.894739438924794,25.060006270530586,16.61598497775178,21.16526683160579
32,Average,upstream_only,19.291740705095147,19.290760029719593,19.29251833455483,19.290087411540767,19.293774475302662,0.0017583048352385333,0.003687063761894649
32,Average,bridge_only,19.603965540117734,14.081618691918136,26.667980808611052,11.85042182978312,30.553252983030116,12.586362116692916,18.702831153246997
32,Average,joint,19.603887550408434,14.08109303423414,26.669604233172596,11.85032743324369,30.552920801420644,12.588511198938455,18.702593368176956
32,IFEval,upstream_only,32.56088321287908,32.56088321287908,32.56088321287908,32.56088321287908,32.56088321287908,0.0,0.0
32,IFEval,bridge_only,32.303339955120606,26.672711947555168,39.08352806305004,24.384536213406832,41.72235818303767,12.410816115494871,17.337821969630838
32,IFEval,joint,32.303339955120606,26.672711947555168,39.08352806305004,24.384536213406832,41.72235818303767,12.410816115494871,17.337821969630838
32,BBH,upstream_only,26.774628298407986,26.77258480977809,26.776248702940276,26.771183248816747,26.778866243554635,0.0036638931621872928,0.007682994737887583
32,BBH,bridge_only,27.88061307786522,19.19348691687424,38.005368167528495,15.738386133592254,43.21488578586564,18.811881250654256,27.476499652273386
32,BBH,joint,27.880784816293477,19.19362136964006,38.00593031669323,15.737480991201233,43.213791151135496,18.81230894705317,27.476310159934265
32,MATH,upstream_only,4.984789161550182,4.984789161550182,4.984789161550182,4.984789161550182,4.984789161550182,0.0,0.0
32,MATH,bridge_only,4.942441912602116,2.4117403924987935,10.01914753764336,1.861409820085471,12.182243071045157,7.607407145144566,10.320833250959685
32,MATH,joint,4.942441912602116,2.4117403924987935,10.01914753764336,1.861409820085471,12.182243071045157,7.607407145144566,10.320833250959685
32,GPQA,upstream_only,2.8142064649863863,2.8142064649863863,2.8142064649863863,2.8142064649863863,2.8142064649863863,0.0,0.0
32,GPQA,bridge_only,2.9135916893659823,1.502831648259266,5.225122161565812,1.1072188218872647,5.87785971732395,3.722290513306546,4.770640895436686
32,GPQA,joint,2.9135916893659823,1.502831648259266,5.225122161565812,1.1072188218872647,5.87785971732395,3.722290513306546,4.770640895436686
32,MUSR,upstream_only,8.401929851816556,8.401636317253985,8.402162609318173,8.401434988692772,8.402538590254263,0.0005262920641886382,0.001103601561490919
32,MUSR,bridge_only,8.419824702737918,6.08503660783451,11.586390564985935,5.103041678536307,13.356050546086133,5.501353957151425,8.253008867549825
32,MUSR,joint,8.420017234003508,6.0847883914203145,11.586430220058794,5.102952754162425,13.355769067516725,5.50164182863848,8.2528163133543
32,MMLU_PRO,upstream_only,21.138992570312062,21.137189235850816,21.140422559410133,21.13595240263574,21.142732542202616,0.0032333235593178244,0.00678013956687451
32,MMLU_PRO,bridge_only,22.1584261102265,12.665270448188267,34.669896836612715,9.233051686098394,39.80345965774256,22.004626388424448,30.570407971644165
32,MMLU_PRO,joint,22.158463263531715,12.666106477289594,34.67165393402626,9.232678047187736,39.803819374111185,22.005547456736664,30.57114132692345
33,Average,upstream_only,3.434993409652184,3.433121317649072,3.4374032007725224,3.432237296658344,3.438423159818776,0.004281883123450569,0.006185863160432348
33,Average,bridge_only,3.2247142611657944,1.8346556108153371,6.627151652823403,1.2329501170272414,8.294049651235499,4.792496042008066,7.061099534208257
33,Average,joint,3.224710960494798,1.8335335272519384,6.627668698019697,1.2333010328035297,8.294624142939623,4.794135170767759,7.061323110136094
33,IFEval,upstream_only,32.56088321287908,32.56088321287908,32.56088321287908,32.56088321287908,32.56088321287908,0.0,0.0
33,IFEval,bridge_only,32.303339955120606,26.672711947555168,39.08352806305004,24.384536213406832,41.72235818303767,12.410816115494871,17.337821969630838
33,IFEval,joint,32.303339955120606,26.672711947555168,39.08352806305004,24.384536213406832,41.72235818303767,12.410816115494871,17.337821969630838
33,BBH,upstream_only,1.3491469645416818,1.3476504792566608,1.3510740122105385,1.3469439993936794,1.3518898994315425,0.0034235329538776504,0.004945900037863105
33,BBH,bridge_only,1.3080227824507569,0.11913933560823195,5.07223767238335,-0.12143525910310235,6.525739787867738,4.953098336775119,6.64717504697084
33,BBH,joint,1.3075624338485414,0.1193666776020225,5.077192928584741,-0.12088752271354329,6.516765194290758,4.957826250982718,6.637652717004301
33,MATH,upstream_only,4.984789161550182,4.984789161550182,4.984789161550182,4.984789161550182,4.984789161550182,0.0,0.0
33,MATH,bridge_only,4.942441912602116,2.4117403924987935,10.01914753764336,1.861409820085471,12.182243071045157,7.607407145144566,10.320833250959685
33,MATH,joint,4.942441912602116,2.4117403924987935,10.01914753764336,1.861409820085471,12.182243071045157,7.607407145144566,10.320833250959685
33,GPQA,upstream_only,2.8142064649863863,2.8142064649863863,2.8142064649863863,2.8142064649863863,2.8142064649863863,0.0,0.0
33,GPQA,bridge_only,2.9135916893659823,1.502831648259266,5.225122161565812,1.1072188218872647,5.87785971732395,3.722290513306546,4.770640895436686
33,GPQA,joint,2.9135916893659823,1.502831648259266,5.225122161565812,1.1072188218872647,5.87785971732395,3.722290513306546,4.770640895436686
33,MUSR,upstream_only,2.796358797842558,2.7954324210075248,2.797550994906978,2.794994916809029,2.7980555142793606,0.0021185738994531356,0.003060597470331494
33,MUSR,bridge_only,2.88956498898545,1.8749107266780405,4.122463380935293,1.6144253622236868,5.03070570783235,2.2475526542572526,3.4162803456086634
33,MUSR,joint,2.8890508327822175,1.8762671912074547,4.122243428083964,1.6146645205701013,5.030663293133513,2.2459762368765093,3.4159987725634116
33,MMLU_PRO,upstream_only,0.7412826941209516,0.740238318519122,0.7426276095210707,0.7397452896960868,0.7431970485719259,0.0023892910019486235,0.0034517588758391504
33,MMLU_PRO,bridge_only,0.7234448220183206,-0.21897315277157509,4.7548986144265415,-0.3533419817378707,6.6665977783000985,4.9738717671981165,7.019939760037969
33,MMLU_PRO,joint,0.7234836242308544,-0.2189174657484127,4.755177501690961,-0.35309641910615835,6.66643235421194,4.974094967439374,7.019528773318099
34,Average,upstream_only,13.34950726426693,13.349187700216289,13.349884006017827,13.348987444295327,13.350163274683606,0.0006963058015383439,0.0011758303882789534
34,Average,bridge_only,13.494345182945732,9.456888325569725,18.80115038928234,8.064451526228822,20.840671766335493,9.344262063712616,12.776220240106671
34,Average,joint,13.494628527736044,9.457033218249391,18.80101310424369,8.064544522815803,20.840879626002124,9.3439798859943,12.776335103186321
34,IFEval,upstream_only,32.56088321287908,32.56088321287908,32.56088321287908,32.56088321287908,32.56088321287908,0.0,0.0
34,IFEval,bridge_only,32.303339955120606,26.672711947555168,39.08352806305004,24.384536213406832,41.72235818303767,12.410816115494871,17.337821969630838
34,IFEval,joint,32.303339955120606,26.672711947555168,39.08352806305004,24.384536213406832,41.72235818303767,12.410816115494871,17.337821969630838
34,BBH,upstream_only,15.01365025325043,15.013065436931845,15.014339715884484,15.012698963169507,15.014850802249834,0.0012742789526392073,0.0021518390803265675
34,BBH,bridge_only,15.56000338474743,9.279831422191755,24.14222379746829,7.418079885396983,26.97227357419649,14.862392375276535,19.554193688799508
34,BBH,joint,15.560758003200384,9.27982407839009,24.141791836979667,7.417929582549294,26.97147353637637,14.861967758589577,19.553543953827074
34,MATH,upstream_only,4.984789161550182,4.984789161550182,4.984789161550182,4.984789161550182,4.984789161550182,0.0,0.0
34,MATH,bridge_only,4.942441912602116,2.4117403924987935,10.01914753764336,1.861409820085471,12.182243071045157,7.607407145144566,10.320833250959685
34,MATH,joint,4.942441912602116,2.4117403924987935,10.01914753764336,1.861409820085471,12.182243071045157,7.607407145144566,10.320833250959685
34,GPQA,upstream_only,2.8142064649863863,2.8142064649863863,2.8142064649863863,2.8142064649863863,2.8142064649863863,0.0,0.0
34,GPQA,bridge_only,2.9135916893659823,1.502831648259266,5.225122161565812,1.1072188218872647,5.87785971732395,3.722290513306546,4.770640895436686
34,GPQA,joint,2.9135916893659823,1.502831648259266,5.225122161565812,1.1072188218872647,5.87785971732395,3.722290513306546,4.770640895436686
34,MUSR,upstream_only,6.564559741593038,6.564456643315205,6.564681285851472,6.564392036111121,6.564771382839398,0.00022464253626619524,0.00037934672827688587
34,MUSR,bridge_only,6.71974731924111,5.324890476730792,8.059125720009614,4.755506926429103,8.828974586413013,2.734235243278823,4.07346765998391
34,MUSR,joint,6.7196777594627015,5.324920027523484,8.059495784351471,4.75550524088687,8.828907844511328,2.7345757568279874,4.073402603624458
34,MMLU_PRO,upstream_only,11.168152318245507,11.16767736079458,11.16871226676619,11.167379730928992,11.169127348558042,0.0010349059716112663,0.001747617629050069
34,MMLU_PRO,bridge_only,11.376805885382947,5.478025125975118,21.987160930146427,3.8495447230657054,24.917452374318607,16.509135804171308,21.067907651252902
34,MMLU_PRO,joint,11.376875709762707,5.478232657233456,21.987636656831064,3.849494444782882,24.91790879720587,16.50940399959761,21.06841435242299
35,Average,upstream_only,19.226697239883784,19.225715239204664,19.227518045062425,19.22512702113123,19.228403161373258,0.0018028058577606032,0.0032761402420291574
35,Average,bridge_only,19.523249319505783,14.028105086627603,26.57640641092175,11.81575645629361,30.4511353698434,12.548301324294146,18.63537891354979
35,Average,joint,19.522786647598856,14.0284419649784,26.574837071988387,11.816123152849372,30.45219455977327,12.546395107009987,18.6360714069239
35,IFEval,upstream_only,32.56088321287908,32.56088321287908,32.56088321287908,32.56088321287908,32.56088321287908,0.0,0.0
35,IFEval,bridge_only,32.303339955120606,26.672711947555168,39.08352806305004,24.384536213406832,41.72235818303767,12.410816115494871,17.337821969630838
35,IFEval,joint,32.303339955120606,26.672711947555168,39.08352806305004,24.384536213406832,41.72235818303767,12.410816115494871,17.337821969630838
35,BBH,upstream_only,26.63913696112574,26.63709204642246,26.640846218531568,26.63586715297186,26.64268941438514,0.0037541721091081115,0.0068222614132800175
35,BBH,bridge_only,27.779419677193687,19.06340963484541,37.87085732324216,15.625240322302165,43.03890908741193,18.807447688396753,27.413668765109765
35,BBH,joint,27.778394196846094,19.063182098064505,37.87283496796286,15.625304091939578,43.04031188752672,18.809652869898354,27.415007795587144
35,MATH,upstream_only,4.984789161550182,4.984789161550182,4.984789161550182,4.984789161550182,4.984789161550182,0.0,0.0
35,MATH,bridge_only,4.942441912602116,2.4117403924987935,10.01914753764336,1.861409820085471,12.182243071045157,7.607407145144566,10.320833250959685
35,MATH,joint,4.942441912602116,2.4117403924987935,10.01914753764336,1.861409820085471,12.182243071045157,7.607407145144566,10.320833250959685
35,GPQA,upstream_only,2.8142064649863863,2.8142064649863863,2.8142064649863863,2.8142064649863863,2.8142064649863863,0.0,0.0
35,GPQA,bridge_only,2.9135916893659823,1.502831648259266,5.225122161565812,1.1072188218872647,5.87785971732395,3.722290513306546,4.770640895436686
35,GPQA,joint,2.9135916893659823,1.502831648259266,5.225122161565812,1.1072188218872647,5.87785971732395,3.722290513306546,4.770640895436686
35,MUSR,upstream_only,8.382456213766735,8.382162131784792,8.382702020408802,8.381985975681298,8.3829670845232,0.0005398886240097767,0.0009811088419020564
35,MUSR,bridge_only,8.401317116598792,6.0758666539668855,11.552503225047822,5.096816913270705,13.306477696426443,5.476636571080936,8.209660783155737
35,MUSR,joint,8.401068289129181,6.0757685676636415,11.555349315038194,5.096960362146322,13.306397743070614,5.479580747374553,8.209437380924292
35,MMLU_PRO,upstream_only,21.019476759462318,21.017673771347923,21.020983819288507,21.016593802288767,21.022608992204674,0.003310047940583871,0.00601518991590666
35,MMLU_PRO,bridge_only,22.01694780230658,12.59248057597881,34.51869709566468,9.17421053523174,39.63307189932194,21.926216519685866,30.4588613640902
35,MMLU_PRO,joint,22.016860579405716,12.592529065868316,34.518339851300354,9.174144871648423,39.63424726105861,21.925810785432038,30.46010238941019
36,Average,upstream_only,3.3471592100709726,3.3453567918209552,3.349304997476118,3.3443423997465014,3.3504660875694827,0.003948205655162962,0.0061236878229813385
36,Average,bridge_only,3.142308488495525,1.7696944986677856,6.509872778034341,1.1721245111673917,8.170255597946047,4.740178279366555,6.998131086778656
36,Average,joint,3.1421423347421955,1.7703849367881046,6.507036721972081,1.1717503194231456,8.1712003773358,4.736651785183976,6.9994500579126555
36,IFEval,upstream_only,32.56088321287908,32.56088321287908,32.56088321287908,32.56088321287908,32.56088321287908,0.0,0.0
36,IFEval,bridge_only,32.303339955120606,26.672711947555168,39.08352806305004,24.384536213406832,41.72235818303767,12.410816115494871,17.337821969630838
36,IFEval,joint,32.303339955120606,26.672711947555168,39.08352806305004,24.384536213406832,41.72235818303767,12.410816115494871,17.337821969630838
36,BBH,upstream_only,1.2794812632895407,1.2780633814933653,1.281169873387179,1.277265612130488,1.2820838626314814,0.0031064918938137343,0.004818250500993493
36,BBH,bridge_only,1.2355704222609183,0.08866194578884355,4.915886490256637,-0.14541519129511793,6.36212024877771,4.827224544467793,6.507535440072829
36,BBH,joint,1.2345265210255985,0.08791883688269726,4.916727746589788,-0.1451031228302585,6.365970489723556,4.8288089097070905,6.5110736125538144
36,MATH,upstream_only,4.984789161550182,4.984789161550182,4.984789161550182,4.984789161550182,4.984789161550182,0.0,0.0
36,MATH,bridge_only,4.942441912602116,2.4117403924987935,10.01914753764336,1.861409820085471,12.182243071045157,7.607407145144566,10.320833250959685
36,MATH,joint,4.942441912602116,2.4117403924987935,10.01914753764336,1.861409820085471,12.182243071045157,7.607407145144566,10.320833250959685
36,GPQA,upstream_only,2.8142064649863863,2.8142064649863863,2.8142064649863863,2.8142064649863863,2.8142064649863863,0.0,0.0
36,GPQA,bridge_only,2.9135916893659823,1.502831648259266,5.225122161565812,1.1072188218872647,5.87785971732395,3.722290513306546,4.770640895436686
36,GPQA,joint,2.9135916893659823,1.502831648259266,5.225122161565812,1.1072188218872647,5.87785971732395,3.722290513306546,4.770640895436686
36,MUSR,upstream_only,2.752708692836597,2.7518089233393033,2.753779658501619,2.75130246524305,2.7543590632905173,0.0019707351623159397,0.0030565980474670518
36,MUSR,bridge_only,2.849165500942644,1.8243556933230354,4.0974208085336645,1.562331548968513,5.006950198197612,2.2730651152106294,3.444618649229099
36,MUSR,joint,2.849406336295553,1.825372911095025,4.097522730157684,1.5617373988012304,5.0062155187514845,2.2721498190626592,3.4444781199502543
36,MMLU_PRO,upstream_only,0.6927050433323314,0.691717238275344,0.6938815046187414,0.6911614665967816,0.6945183054352426,0.002164266343397392,0.0033568388384610515
36,MMLU_PRO,bridge_only,0.6747617089518373,-0.23302053024020503,4.610950093231149,-0.36219871140865506,6.52894961416823,4.843970623471354,6.891148325576885
36,MMLU_PRO,joint,0.6747328845581109,-0.23331435719905452,4.614953023276511,-0.3620791436540987,6.52468764359101,4.848267380475566,6.886766787245109
37,Average,upstream_only,13.188349622184058,13.1880537747182,13.188715442683172,13.187857358201281,13.188958648979295,0.0006616679649713575,0.001101290778013464
37,Average,bridge_only,13.335402231377538,9.331603669770148,18.587782000021832,7.966297408700231,20.626865272185334,9.256178330251684,12.660567863485102
37,Average,joint,13.335519171443867,9.331776292872622,18.587522377066477,7.966334655153327,20.627033693765792,9.255746084193856,12.660699038612465
37,IFEval,upstream_only,32.56088321287908,32.56088321287908,32.56088321287908,32.56088321287908,32.56088321287908,0.0,0.0
37,IFEval,bridge_only,32.303339955120606,26.672711947555168,39.08352806305004,24.384536213406832,41.72235818303767,12.410816115494871,17.337821969630838
37,IFEval,joint,32.303339955120606,26.672711947555168,39.08352806305004,24.384536213406832,41.72235818303767,12.410816115494871,17.337821969630838
37,BBH,upstream_only,14.719579844956291,14.719041586959447,14.720245418349913,14.718684234548816,14.720687912553267,0.0012038313904660924,0.002003678004451004
37,BBH,bridge_only,15.229357576159646,9.011800550791767,23.780288160598815,7.228299951510114,26.55796421231367,14.768487609807048,19.329664260803558
37,BBH,joint,15.230892959848534,9.012091305108877,23.78035996047916,7.228123623364613,26.559206039507394,14.768268655370283,19.33108241614278
37,MATH,upstream_only,4.984789161550182,4.984789161550182,4.984789161550182,4.984789161550182,4.984789161550182,0.0,0.0
37,MATH,bridge_only,4.942441912602116,2.4117403924987935,10.01914753764336,1.861409820085471,12.182243071045157,7.607407145144566,10.320833250959685
37,MATH,joint,4.942441912602116,2.4117403924987935,10.01914753764336,1.861409820085471,12.182243071045157,7.607407145144566,10.320833250959685
37,GPQA,upstream_only,2.8142064649863863,2.8142064649863863,2.8142064649863863,2.8142064649863863,2.8142064649863863,0.0,0.0
37,GPQA,bridge_only,2.9135916893659823,1.502831648259266,5.225122161565812,1.1072188218872647,5.87785971732395,3.722290513306546,4.770640895436686
37,GPQA,joint,2.9135916893659823,1.502831648259266,5.225122161565812,1.1072188218872647,5.87785971732395,3.722290513306546,4.770640895436686
37,MUSR,upstream_only,6.512488821267185,6.51239308644955,6.5126071982818345,6.512329526713295,6.5126858977250555,0.00021411183228448039,0.00035637101176089203
37,MUSR,bridge_only,6.664516282800781,5.301735697576359,7.988463881132903,4.743315152635145,8.708685684346104,2.6867281835565437,3.965370531710959
37,MUSR,joint,6.66460249565641,5.30177165778909,7.988499650153982,4.743261246791408,8.708705830951459,2.686727992364892,3.9654445841600507
37,MMLU_PRO,upstream_only,10.9295956166367,10.929159469810632,10.930134928802758,10.928869910572969,10.930493482105746,0.0009754589921264767,0.001623571532777035
37,MMLU_PRO,bridge_only,11.124653000716368,5.344512462169718,21.702460087086394,3.7341380359350644,24.61979660046087,16.357947624916676,20.885658564525805
37,MMLU_PRO,joint,11.125090441445941,5.344543409328789,21.704094004552815,3.7341924160244555,24.620907064879233,16.359550595224025,20.886714648854777
38,Average,upstream_only,19.106546514591408,19.10563022001614,19.10732407863994,19.104973364073768,19.10823702580681,0.0016938586238026687,0.003263661733043932
38,Average,bridge_only,19.41489462290794,13.9290205712997,26.431615448664303,11.752560642325282,30.262365381420675,12.502594877364603,18.509804739095394
38,Average,joint,19.414490269555678,13.929103154447825,26.43107459143284,11.753152724493026,30.263210714218744,12.501971436985015,18.510057989725716
38,IFEval,upstream_only,32.56088321287908,32.56088321287908,32.56088321287908,32.56088321287908,32.56088321287908,0.0,0.0
38,IFEval,bridge_only,32.303339955120606,26.672711947555168,39.08352806305004,24.384536213406832,41.72235818303767,12.410816115494871,17.337821969630838
38,IFEval,joint,32.303339955120606,26.672711947555168,39.08352806305004,24.384536213406832,41.72235818303767,12.410816115494871,17.337821969630838
38,BBH,upstream_only,26.38908884524754,26.38718312949945,26.390706042767054,26.38581700735922,26.39260483051027,0.0035229132676022346,0.006787823151050532
38,BBH,bridge_only,27.555747571295726,18.823466736089163,37.501095044605826,15.419808328984816,42.71320872277537,18.677628308516663,27.293400393790556
38,BBH,joint,27.55580655621834,18.822888589489267,37.50223693509612,15.419884019015266,42.70897536917331,18.679348345606854,27.289091350158046
38,MATH,upstream_only,4.984789161550182,4.984789161550182,4.984789161550182,4.984789161550182,4.984789161550182,0.0,0.0
38,MATH,bridge_only,4.942441912602116,2.4117403924987935,10.01914753764336,1.861409820085471,12.182243071045157,7.607407145144566,10.320833250959685
38,MATH,joint,4.942441912602116,2.4117403924987935,10.01914753764336,1.861409820085471,12.182243071045157,7.607407145144566,10.320833250959685
38,GPQA,upstream_only,2.8142064649863863,2.8142064649863863,2.8142064649863863,2.8142064649863863,2.8142064649863863,0.0,0.0
38,GPQA,bridge_only,2.9135916893659823,1.502831648259266,5.225122161565812,1.1072188218872647,5.87785971732395,3.722290513306546,4.770640895436686
38,GPQA,joint,2.9135916893659823,1.502831648259266,5.225122161565812,1.1072188218872647,5.87785971732395,3.722290513306546,4.770640895436686
38,MUSR,upstream_only,8.346457291045102,8.346182622221681,8.346690372354962,8.34598572157279,8.346964034012762,0.0005077501332806378,0.000978312439972484
38,MUSR,bridge_only,8.367106760222335,6.060414797637415,11.480300738238801,5.082475584774465,13.214993142873393,5.419885940601386,8.132517558098929
38,MUSR,joint,8.366949414021907,6.060387599382724,11.480193045656899,5.082509508098438,13.215508135144029,5.419805446274174,8.132998627045591
38,MMLU_PRO,upstream_only,20.799190628190814,20.797513131932554,20.80061417431343,20.796310623066123,20.802285610990097,0.0031010423808766063,0.0059749879239738846
38,MMLU_PRO,bridge_only,21.780630902339226,12.426311749292251,34.228402157955045,9.051234102083415,39.317925461442314,21.802090408662792,30.2666913593589
38,MMLU_PRO,joint,21.781194637556567,12.426369871340402,34.228563796845464,9.050718251265142,39.31528377800054,21.802193925505062,30.2645655267354
39,Average,upstream_only,2.968758977209082,2.9672390588494295,2.970526424752769,2.966272806096671,2.9713478941967923,0.0032873659033394453,0.005075088100121139
39,Average,bridge_only,2.7742758651077786,1.4950674360494485,5.995435494096691,0.9439755199990802,7.623638714946813,4.5003680580472425,6.679663194947733
39,Average,joint,2.774483358349973,1.4955870447623931,5.994001728285445,0.9436740590445307,7.623621364390389,4.498414683523052,6.679947305345858
39,IFEval,upstream_only,32.56088321287908,32.56088321287908,32.56088321287908,32.56088321287908,32.56088321287908,0.0,0.0
39,IFEval,bridge_only,32.303339955120606,26.672711947555168,39.08352806305004,24.384536213406832,41.72235818303767,12.410816115494871,17.337821969630838
39,IFEval,joint,32.303339955120606,26.672711947555168,39.08352806305004,24.384536213406832,41.72235818303767,12.410816115494871,17.337821969630838
39,BBH,upstream_only,0.9922576064138511,0.9911466602664307,0.9935499121204203,0.9904405816792682,0.9941507053945606,0.0024032518539895964,0.003710123715292446
39,BBH,bridge_only,0.9447844754187666,-0.03794509872381847,4.272918496342224,-0.23014159536186798,5.620585079537632,4.310863595066042,5.8507266748995
39,BBH,joint,0.9455541903501334,-0.038003799873695426,4.270476243141969,-0.2300941768313648,5.621437523447663,4.308480043015664,5.851531700279028
39,MATH,upstream_only,4.984789161550182,4.984789161550182,4.984789161550182,4.984789161550182,4.984789161550182,0.0,0.0
39,MATH,bridge_only,4.942441912602116,2.4117403924987935,10.01914753764336,1.861409820085471,12.182243071045157,7.607407145144566,10.320833250959685
39,MATH,joint,4.942441912602116,2.4117403924987935,10.01914753764336,1.861409820085471,12.182243071045157,7.607407145144566,10.320833250959685
39,GPQA,upstream_only,2.8142064649863863,2.8142064649863863,2.8142064649863863,2.8142064649863863,2.8142064649863863,0.0,0.0
39,GPQA,bridge_only,2.9135916893659823,1.502831648259266,5.225122161565812,1.1072188218872647,5.87785971732395,3.722290513306546,4.770640895436686
39,GPQA,joint,2.9135916893659823,1.502831648259266,5.225122161565812,1.1072188218872647,5.87785971732395,3.722290513306546,4.770640895436686
39,MUSR,upstream_only,2.560019836418508,2.559229693052631,2.5609384887328344,2.5587273068948617,2.561365394766522,0.0017087956802033233,0.0026380878716603107
39,MUSR,bridge_only,2.6614911056788135,1.6049099950538233,3.9709753488054966,1.3427868987682983,4.919706342194368,2.366065353751673,3.5769194434260694
39,MUSR,joint,2.662588207506899,1.6045886888008605,3.971088628535202,1.3421330580887465,4.920094445287547,2.3664999397343416,3.5779613871988003
39,MMLU_PRO,upstream_only,0.4933557407212532,0.4925877471589626,0.49424913864373154,0.49209965010357276,0.494664490953167,0.0016613914847689593,0.002564840849594241
39,MMLU_PRO,bridge_only,0.4787229495836438,-0.2920814887971184,4.028836197716498,-0.396387096241349,5.910028221573446,4.320917686513617,6.306415317814795
39,MMLU_PRO,joint,0.4789637191983789,-0.2921344279314843,4.028905858689742,-0.39617794289479175,5.909007738859239,4.321040286621226,6.30518568175403
40,Average,upstream_only,12.474647001163513,12.47443637725801,12.474925003885208,12.474243955115373,12.475107431218397,0.0004886266271970641,0.0008634761030243965
40,Average,bridge_only,12.570854550477115,8.737446911844222,17.54972253012694,7.514375452356737,19.555566006641772,8.812275618282717,12.041190554285034
40,Average,joint,12.570793441883188,8.737445593699187,17.54977597516704,7.514292054413573,19.555869874034613,8.812330381467854,12.04157781962104
40,IFEval,upstream_only,32.56088321287908,32.56088321287908,32.56088321287908,32.56088321287908,32.56088321287908,0.0,0.0
40,IFEval,bridge_only,32.303339955120606,26.672711947555168,39.08352806305004,24.384536213406832,41.72235818303767,12.410816115494871,17.337821969630838
40,IFEval,joint,32.303339955120606,26.672711947555168,39.08352806305004,24.384536213406832,41.72235818303767,12.410816115494871,17.337821969630838
40,BBH,upstream_only,13.438574130558543,13.438201392241954,13.439066113186291,13.437860868150864,13.439388958674163,0.000864720944337094,0.0015280905232994968
40,BBH,bridge_only,13.840396513895767,8.020663878516595,22.18221187096359,6.4554701728758195,24.848122377679914,14.161547992446996,18.392652204804094
40,BBH,joint,13.840556976380062,8.020575521243225,22.182212168068713,6.455659475868849,24.847733244865445,14.161636646825487,18.392073768996596
40,MATH,upstream_only,4.984789161550182,4.984789161550182,4.984789161550182,4.984789161550182,4.984789161550182,0.0,0.0
40,MATH,bridge_only,4.942441912602116,2.4117403924987935,10.01914753764336,1.861409820085471,12.182243071045157,7.607407145144566,10.320833250959685
40,MATH,joint,4.942441912602116,2.4117403924987935,10.01914753764336,1.861409820085471,12.182243071045157,7.607407145144566,10.320833250959685
40,GPQA,upstream_only,2.8142064649863863,2.8142064649863863,2.8142064649863863,2.8142064649863863,2.8142064649863863,0.0,0.0
40,GPQA,bridge_only,2.9135916893659823,1.502831648259266,5.225122161565812,1.1072188218872647,5.87785971732395,3.722290513306546,4.770640895436686
40,GPQA,joint,2.9135916893659823,1.502831648259266,5.225122161565812,1.1072188218872647,5.87785971732395,3.722290513306546,4.770640895436686
40,MUSR,upstream_only,6.279922988772838,6.279853860564108,6.280014230707262,6.279790706034065,6.280074104017185,0.00016037014315362086,0.00028339798311982634
40,MUSR,bridge_only,6.421582771967058,5.200294018033354,7.602898359244381,4.692356305138169,8.192396115318662,2.4026043412110267,3.5000398101804926
40,MUSR,joint,6.421614516309766,5.2002893828970125,7.6028531226700435,4.692349051380297,8.192485844596812,2.402563739773031,3.500136793216515
40,MMLU_PRO,upstream_only,9.896822713526433,9.89652373369002,9.897217342654505,9.896250594223027,9.897476304340401,0.0006936089644860033,0.00122571011737449
40,MMLU_PRO,bridge_only,10.058328374297098,4.538964440611093,20.57258459188101,3.234756759951132,23.183489083239834,16.03362015126992,19.948732323288702
40,MMLU_PRO,joint,10.05838852646048,4.539165311889987,20.572965203611005,3.2349648537202547,23.18355589900837,16.033799891721017,19.948591045288115
41,Average,upstream_only,18.565250288742195,18.564404909923475,18.565982610519363,18.56382314388508,18.56705020895957,0.0015777005958881318,0.003227065074490554
41,Average,bridge_only,18.916401564815843,13.499675176720173,25.701242877009054,11.411707247628218,29.408897340745977,12.201567700288882,17.99719009311776
41,Average,joint,18.915975941212146,13.499779269117232,25.702324925521246,11.411822571583368,29.410052429719215,12.202545656404014,17.998229858135847
41,IFEval,upstream_only,32.56088321287908,32.56088321287908,32.56088321287908,32.56088321287908,32.56088321287908,0.0,0.0
41,IFEval,bridge_only,32.303339955120606,26.672711947555168,39.08352806305004,24.384536213406832,41.72235818303767,12.410816115494871,17.337821969630838
41,IFEval,joint,32.303339955120606,26.672711947555168,39.08352806305004,24.384536213406832,41.72235818303767,12.410816115494871,17.337821969630838
41,BBH,upstream_only,25.266698578091678,25.264951288966028,25.268212207795447,25.26374886422573,25.270418842814543,0.003260918829418813,0.006669978588814018
41,BBH,bridge_only,26.41548945029022,17.851263096513385,36.20087748948275,14.532909648910522,41.23340944659357,18.349614392969364,26.700499797683047
41,BBH,joint,26.413559725666424,17.85161293721059,36.2008708742077,14.532815747324738,41.230916628328906,18.349257936997112,26.698100881004166
41,MATH,upstream_only,4.984789161550182,4.984789161550182,4.984789161550182,4.984789161550182,4.984789161550182,0.0,0.0
41,MATH,bridge_only,4.942441912602116,2.4117403924987935,10.01914753764336,1.861409820085471,12.182243071045157,7.607407145144566,10.320833250959685
41,MATH,joint,4.942441912602116,2.4117403924987935,10.01914753764336,1.861409820085471,12.182243071045157,7.607407145144566,10.320833250959685
41,GPQA,upstream_only,2.8142064649863863,2.8142064649863863,2.8142064649863863,2.8142064649863863,2.8142064649863863,0.0,0.0
41,GPQA,bridge_only,2.9135916893659823,1.502831648259266,5.225122161565812,1.1072188218872647,5.87785971732395,3.722290513306546,4.770640895436686
41,GPQA,joint,2.9135916893659823,1.502831648259266,5.225122161565812,1.1072188218872647,5.87785971732395,3.722290513306546,4.770640895436686
41,MUSR,upstream_only,8.183832304471501,8.183577730886643,8.184052831029803,8.183402539367664,8.184374318040216,0.0004751001431593238,0.0009717786725520483
41,MUSR,bridge_only,8.222849614841618,5.999408000245154,11.146088661851296,5.043176513962161,12.799553377194053,5.146680661606142,7.756376863231893
41,MUSR,joint,8.222968547773984,5.9994175204884925,11.146047521099767,5.043136582701012,12.799632325642673,5.146630000611275,7.75649574294166
41,MMLU_PRO,upstream_only,19.814863150972826,19.81333650140314,19.81618566091393,19.81228592359874,19.81811369714986,0.0028491595107915657,0.005827773551121851
41,MMLU_PRO,bridge_only,20.702959432388234,11.736352340801753,33.01995532155073,8.498804393610815,37.59225579798258,21.28360298074898,29.093451404371766
41,MMLU_PRO,joint,20.70304087510417,11.736274308970538,33.02137926011196,8.498883433863634,37.59235445494252,21.28510495114142,29.09347102107889
42,Average,upstream_only,2.2904459376985833,2.2895250955082163,2.2914791849421405,2.2889894439229965,2.292031326530182,0.0019540894339242776,0.003041882607185631
42,Average,bridge_only,2.0915629430596625,1.0395140365017281,5.052789629789199,0.5418262987936485,6.6830507751577946,4.013275593287471,6.141224476364146
42,Average,joint,2.0916400922392673,1.0401045919746184,5.053237141982619,0.5417334563219179,6.683715761182975,4.013132550008001,6.141982304861057
42,IFEval,upstream_only,32.56088321287908,32.56088321287908,32.56088321287908,32.56088321287908,32.56088321287908,0.0,0.0
42,IFEval,bridge_only,32.303339955120606,26.672711947555168,39.08352806305004,24.384536213406832,41.72235818303767,12.410816115494871,17.337821969630838
42,IFEval,joint,32.303339955120606,26.672711947555168,39.08352806305004,24.384536213406832,41.72235818303767,12.410816115494871,17.337821969630838
42,BBH,upstream_only,0.5314349806436875,0.5308579883611205,0.5320825651576473,0.5305224152780308,0.5324286876058819,0.0012245767965267662,0.0019062723278511218
42,BBH,bridge_only,0.48558654912925103,-0.21035968381083633,3.148419942371176,-0.3466731142938643,4.435962910733006,3.358779626182012,4.7826360250268705
42,BBH,joint,0.4855380653165685,-0.21020224921106956,3.1481930732079912,-0.34666179265702723,4.436825510982384,3.358395322419061,4.783487303639411
42,MATH,upstream_only,4.984789161550182,4.984789161550182,4.984789161550182,4.984789161550182,4.984789161550182,0.0,0.0
42,MATH,bridge_only,4.942441912602116,2.4117403924987935,10.01914753764336,1.861409820085471,12.182243071045157,7.607407145144566,10.320833250959685
42,MATH,joint,4.942441912602116,2.4117403924987935,10.01914753764336,1.861409820085471,12.182243071045157,7.607407145144566,10.320833250959685
42,GPQA,upstream_only,2.8142064649863863,2.8142064649863863,2.8142064649863863,2.8142064649863863,2.8142064649863863,0.0,0.0
42,GPQA,bridge_only,2.9135916893659823,1.502831648259266,5.225122161565812,1.1072188218872647,5.87785971732395,3.722290513306546,4.770640895436686
42,GPQA,joint,2.9135916893659823,1.502831648259266,5.225122161565812,1.1072188218872647,5.87785971732395,3.722290513306546,4.770640895436686
42,MUSR,upstream_only,2.1923618298385343,2.1918399277490677,2.192947357221718,2.191536306891669,2.1932602129038856,0.001107429472650523,0.0017239060122165029
42,MUSR,bridge_only,2.3061636809915638,1.191871460235353,3.7020538934574265,0.9894602944813351,4.813845905209414,2.5101824332220737,3.8243856107280787
42,MUSR,joint,2.30621449521582,1.1915588961718449,3.70184412021747,0.9887188026957251,4.813843101347893,2.5102852240456253,3.825124298652168
42,MMLU_PRO,upstream_only,0.17710277179515832,0.17670998849071096,0.17754362079736857,0.17648155362733797,0.17777925135090988,0.0008336323066576168,0.0012976977235719112
42,MMLU_PRO,bridge_only,0.16683611470393517,-0.37783507751332157,2.9815969878716335,-0.44296116999945334,4.71260974133133,3.359432065384955,5.155570911330783
42,MMLU_PRO,joint,0.1667321993294819,-0.3779600983058845,2.982766163386039,-0.44297180585126256,4.714917597368502,3.360726261691924,5.157889403219764
43,Average,upstream_only,11.096416730731118,11.096256229196317,11.096635578812682,11.096131267809884,11.0967863624034,0.00037934961636487685,0.0006550945935153152
43,Average,bridge_only,11.101944326992415,7.653867121318119,16.048690292490715,6.640456506236134,17.377508636463197,8.394823171172597,10.737052130227063
43,Average,joint,11.102147982463713,7.654026886605658,16.04882759512427,6.640401571709626,17.37739696472439,8.394800708518611,10.736995393014764
43,IFEval,upstream_only,32.56088321287908,32.56088321287908,32.56088321287908,32.56088321287908,32.56088321287908,0.0,0.0
43,IFEval,bridge_only,32.303339955120606,26.672711947555168,39.08352806305004,24.384536213406832,41.72235818303767,12.410816115494871,17.337821969630838
43,IFEval,joint,32.303339955120606,26.672711947555168,39.08352806305004,24.384536213406832,41.72235818303767,12.410816115494871,17.337821969630838
43,BBH,upstream_only,11.071722356347854,11.071455529805013,11.072086184838284,11.071247788634924,11.072336860434863,0.0006306550332713101,0.001089071799938779
43,BBH,bridge_only,11.316384443677434,6.185009001482134,19.557476967882458,4.988840177900907,21.34797902488051,13.372467966400324,16.3591388469796
43,BBH,joint,11.316431533290864,6.184986102575374,19.557047635569017,4.988742381318068,21.347899678635322,13.372061532993643,16.359157297317253
43,MATH,upstream_only,4.984789161550182,4.984789161550182,4.984789161550182,4.984789161550182,4.984789161550182,0.0,0.0
43,MATH,bridge_only,4.942441912602116,2.4117403924987935,10.01914753764336,1.861409820085471,12.182243071045157,7.607407145144566,10.320833250959685
43,MATH,joint,4.942441912602116,2.4117403924987935,10.01914753764336,1.861409820085471,12.182243071045157,7.607407145144566,10.320833250959685
43,GPQA,upstream_only,2.8142064649863863,2.8142064649863863,2.8142064649863863,2.8142064649863863,2.8142064649863863,0.0,0.0
43,GPQA,bridge_only,2.9135916893659823,1.502831648259266,5.225122161565812,1.1072188218872647,5.87785971732395,3.722290513306546,4.770640895436686
43,GPQA,joint,2.9135916893659823,1.502831648259266,5.225122161565812,1.1072188218872647,5.87785971732395,3.722290513306546,4.770640895436686
43,MUSR,upstream_only,5.820608677840073,5.820554315582347,5.8206828018621595,5.8205119907075025,5.820733872149867,0.00012848627981210115,0.00022188144236423568
43,MUSR,bridge_only,5.910135855919895,4.9795686972279265,6.962793350935944,4.564092350572724,7.352462839393488,1.9832246537080174,2.788370488820764
43,MUSR,joint,5.9101757129869155,4.979572024719855,6.962707769270782,4.564105571273293,7.352462467691061,1.9831357445509274,2.788356896417768
43,MMLU_PRO,upstream_only,8.01666122624503,8.016451367485677,8.016947377697853,8.016287979635639,8.01714453481381,0.0004960102121760457,0.000856555178170737
43,MMLU_PRO,bridge_only,8.096970489413613,3.3417297066794944,17.963510243077526,2.4286670950123663,20.337434641794598,14.621780536398031,17.908767546782233
43,MMLU_PRO,joint,8.096799466641755,3.3417741396121476,17.963100323732505,2.428614459391597,20.337612006545772,14.621326184120356,17.908997547154176
44,Average,upstream_only,17.471145239845345,17.470481843319238,17.471656157963405,17.470062408466198,17.472917850275795,0.0011743146441673957,0.002855441809597181
44,Average,bridge_only,17.80400239860056,12.634320230687807,24.315582033303183,10.701058579548565,27.598949932007866,11.681261802615376,16.8978913524593
44,Average,joint,17.80391567203933,12.634217876280658,24.31577335866319,10.701318490227905,27.59912967690148,11.681555482382532,16.897811186673575
44,IFEval,upstream_only,32.56088321287908,32.56088321287908,32.56088321287908,32.56088321287908,32.56088321287908,0.0,0.0
44,IFEval,bridge_only,32.303339955120606,26.672711947555168,39.08352806305004,24.384536213406832,41.72235818303767,12.410816115494871,17.337821969630838
44,IFEval,joint,32.303339955120606,26.672711947555168,39.08352806305004,24.384536213406832,41.72235818303767,12.410816115494871,17.337821969630838
44,BBH,upstream_only,23.022352266340082,23.0210027423053,23.023391619101062,23.020149508541397,23.025958297912947,0.0023888767957629398,0.005808789371549494
44,BBH,bridge_only,24.155191599298696,15.982677993992041,33.69916044724476,12.848956375076881,38.19653333283409,17.716482453252716,25.347576957757212
44,BBH,joint,24.154272078162236,15.983118850712907,33.69878632849104,12.848130204175085,38.195971440321614,17.715667477778133,25.34784123614653
44,MATH,upstream_only,4.984789161550182,4.984789161550182,4.984789161550182,4.984789161550182,4.984789161550182,0.0,0.0
44,MATH,bridge_only,4.942441912602116,2.4117403924987935,10.01914753764336,1.861409820085471,12.182243071045157,7.607407145144566,10.320833250959685
44,MATH,joint,4.942441912602116,2.4117403924987935,10.01914753764336,1.861409820085471,12.182243071045157,7.607407145144566,10.320833250959685
44,GPQA,upstream_only,2.8142064649863863,2.8142064649863863,2.8142064649863863,2.8142064649863863,2.8142064649863863,0.0,0.0
44,GPQA,bridge_only,2.9135916893659823,1.502831648259266,5.225122161565812,1.1072188218872647,5.87785971732395,3.722290513306546,4.770640895436686
44,GPQA,joint,2.9135916893659823,1.502831648259266,5.225122161565812,1.1072188218872647,5.87785971732395,3.722290513306546,4.770640895436686
44,MUSR,upstream_only,7.852667161038573,7.852465273368576,7.852822644872713,7.852337628436057,7.853206602564505,0.0003573715041369496,0.0008689741284477748
44,MUSR,bridge_only,7.9291107371984975,5.8768472256718,10.483148472966581,4.979562961314456,11.910023849679865,4.606301247294781,6.930460888365409
44,MUSR,joint,7.9289179431096315,5.876761268236187,10.48310081441509,4.979562659472525,11.910472119109052,4.606339546178903,6.930909459636527
44,MMLU_PRO,upstream_only,17.86861739552669,17.867455996379306,17.869511868858407,17.86672170971356,17.871720795519938,0.0020558724791008842,0.004999085806378645
44,MMLU_PRO,bridge_only,18.65260171162209,10.316011192498612,30.517720312617797,7.462730606772162,34.53638207565374,20.201709120119183,27.07365146888158
44,MMLU_PRO,joint,18.652084766683302,10.316283519888323,30.51628382251384,7.463176374045392,34.5374203430106,20.20000030262552,27.07424396896521
