c2_row,Model,normalized_core,candidate_count,valid_candidate_count,review_status,c4_row,evidence
0,0-hero/Matter-0.2-7B-DPO,matter027bdpo,0,0,unmatched,,
1,01-ai/Yi-1.5-34B,yi1534b,1,1,accepted_exact,1273.0,exact normalized name; parameter <= tolerance; organization compatible
2,01-ai/Yi-1.5-34B-32K,yi1534b32k,0,0,unmatched,,
3,01-ai/Yi-1.5-34B-Chat,yi1534bchat,0,0,unmatched,,
4,01-ai/Yi-1.5-34B-Chat-16K,yi1534bchat16k,0,0,unmatched,,
5,01-ai/Yi-1.5-6B,yi156b,0,0,unmatched,,
6,01-ai/Yi-1.5-6B-Chat,yi156bchat,0,0,unmatched,,
7,01-ai/Yi-1.5-9B,yi159b,1,1,accepted_exact,1274.0,exact normalized name; parameter <= tolerance; organization compatible
8,01-ai/Yi-1.5-9B-32K,yi159b32k,0,0,unmatched,,
9,01-ai/Yi-1.5-9B-Chat,yi159bchat,0,0,unmatched,,
10,01-ai/Yi-1.5-9B-Chat-16K,yi159bchat16k,0,0,unmatched,,
11,01-ai/Yi-34B,yi34b,1,1,accepted_exact,1689.0,exact normalized name; parameter <= tolerance; organization compatible
12,01-ai/Yi-34B-200K,yi34b200k,0,0,unmatched,,
13,01-ai/Yi-34B-Chat,yi34bchat,0,0,unmatched,,
14,01-ai/Yi-6B,yi6b,1,1,accepted_exact,1695.0,exact normalized name; parameter <= tolerance; organization compatible
15,01-ai/Yi-6B-200K,yi6b200k,0,0,unmatched,,
16,01-ai/Yi-6B-Chat,yi6bchat,0,0,unmatched,,
17,01-ai/Yi-9B,yi9b,0,0,unmatched,,
18,01-ai/Yi-9B-200K,yi9b200k,0,0,unmatched,,
19,01-ai/Yi-Coder-9B-Chat,yicoder9bchat,0,0,unmatched,,
20,1-800-LLMs/Qwen-2.5-14B-Hindi,qwen2514bhindi,0,0,unmatched,,
21,1-800-LLMs/Qwen-2.5-14B-Hindi-Custom-Instruct,qwen2514bhindicustominstruct,0,0,unmatched,,
22,1024m/PHI-4-Hindi,phi4hindi,0,0,unmatched,,
23,1024m/QWEN-14B-B100,qwen14bb100,0,0,unmatched,,
24,152334H/miqu-1-70b-sf,miqu170bsf,0,0,unmatched,,
25,1TuanPham/T-VisStar-7B-v0.1,tvisstar7bv01,0,0,unmatched,,
26,1TuanPham/T-VisStar-v0.1,tvisstarv01,0,0,unmatched,,
27,3rd-Degree-Burn/L-3.1-Science-Writer-8B,l31sciencewriter8b,0,0,unmatched,,
28,3rd-Degree-Burn/Llama-3.1-8B-Squareroot,llama318bsquareroot,0,0,unmatched,,
29,3rd-Degree-Burn/Llama-3.1-8B-Squareroot-v1,llama318bsquarerootv1,0,0,unmatched,,
30,3rd-Degree-Burn/Llama-Squared-8B,llamasquared8b,0,0,unmatched,,
31,4season/final_model_test_v2,finalmodeltestv2,0,0,unmatched,,
32,AALF/FuseChat-Llama-3.1-8B-Instruct-preview,fusechatllama318binstructpreview,0,0,unmatched,,
33,AALF/FuseChat-Llama-3.1-8B-SFT-preview,fusechatllama318bsftpreview,0,0,unmatched,,
34,AALF/gemma-2-27b-it-SimPO-37K,gemma227bitsimpo37k,0,0,unmatched,,
35,AALF/gemma-2-27b-it-SimPO-37K-100steps,gemma227bitsimpo37k100steps,0,0,unmatched,,
36,AELLM/gemma-2-aeria-infinity-9b,gemma2aeriainfinity9b,0,0,unmatched,,
37,AELLM/gemma-2-lyco-infinity-9b,gemma2lycoinfinity9b,0,0,unmatched,,
38,AGI-0/Art-v0-3B,artv03b,0,0,unmatched,,
39,AGI-0/Artificium-llama3.1-8B-001,artificiumllama318b001,0,0,unmatched,,
40,AGI-0/smartllama3.1-8B-001,smartllama318b001,0,0,unmatched,,
41,AI-MO/NuminaMath-7B-CoT,numinamath7bcot,0,0,unmatched,,
42,AI-MO/NuminaMath-7B-TIR,numinamath7btir,0,0,unmatched,,
43,AI-Sweden-Models/Llama-3-8B-instruct,llama38binstruct,0,0,unmatched,,
44,AI-Sweden-Models/gpt-sw3-40b,gptsw340b,1,1,accepted_exact,2036.0,exact normalized name; parameter <= tolerance; organization compatible
45,AI4free/Dhanishtha,dhanishtha,0,0,unmatched,,
46,AI4free/t2,t2,0,0,unmatched,,
47,AIDC-AI/Marco-o1,marcoo1,1,0,unmatched,,807:parameter_or_org_conflict
48,Aashraf995/Creative-7B-nerd,creative7bnerd,0,0,unmatched,,
49,Aashraf995/Gemma-Evo-10B,gemmaevo10b,0,0,unmatched,,
50,Aashraf995/Qwen-Evo-7B,qwenevo7b,0,0,unmatched,,
51,Aashraf995/QwenStock-14B,qwenstock14b,0,0,unmatched,,
52,AbacusResearch/Jallabi-34B,jallabi34b,0,0,unmatched,,
53,Ahdoot/StructuredThinker-v0.3-MoreStructure,structuredthinkerv03morestructure,0,0,unmatched,,
54,Ahdoot/Test_StealthThinker,teststealththinker,0,0,unmatched,,
55,AicoresSecurity/Cybernet-Sec-3B-R1-V0,cybernetsec3br1v0,0,0,unmatched,,
56,AicoresSecurity/Cybernet-Sec-3B-R1-V0-Coder,cybernetsec3br1v0coder,0,0,unmatched,,
57,AicoresSecurity/Cybernet-Sec-3B-R1-V1,cybernetsec3br1v1,0,0,unmatched,,
58,AicoresSecurity/Cybernet-Sec-3B-R1-V1.1,cybernetsec3br1v11,0,0,unmatched,,
59,Alepach/notHumpback-M0,nothumpbackm0,0,0,unmatched,,
60,Alepach/notHumpback-M1,nothumpbackm1,0,0,unmatched,,
61,Alepach/notHumpback-M1-v2,nothumpbackm1v2,0,0,unmatched,,
62,Alibaba-NLP/gte-Qwen2-7B-instruct,gteqwen27binstruct,0,0,unmatched,,
63,Alsebay/Qwen2.5-7B-test-novelist,qwen257btestnovelist,0,0,unmatched,,
64,Amaorynho/BBAI2006,bbai2006,0,0,unmatched,,
65,Amaorynho/BBAI270V4,bbai270v4,0,0,unmatched,,
66,Amaorynho/BBAIIFEV1,bbaiifev1,0,0,unmatched,,
67,Amaorynho/BBAI_375,bbai375,0,0,unmatched,,
68,Amu/t1-1.5B,t115b,0,0,unmatched,,
69,Amu/t1-3B,t13b,0,0,unmatched,,
70,ArliAI/ArliAI-RPMax-12B-v1.1,arliairpmax12bv11,0,0,unmatched,,
71,ArliAI/Llama-3.1-8B-ArliAI-RPMax-v1.1,llama318barliairpmaxv11,0,0,unmatched,,
72,Arthur-LAGACHERIE/Precis-1B-Instruct,precis1binstruct,0,0,unmatched,,
73,Artples/L-MChat-7b,lmchat7b,0,0,unmatched,,
74,Artples/L-MChat-Small,lmchatsmall,0,0,unmatched,,
75,Aryanne/QwentileSwap,qwentileswap,0,0,unmatched,,
76,Aryanne/SHBA,shba,0,0,unmatched,,
77,Aryanne/SuperHeart,superheart,0,0,unmatched,,
78,AtAndDev/Qwen2.5-1.5B-continuous-learnt,qwen2515bcontinuouslearnt,0,0,unmatched,,
79,AtAndDev/Qwen2.5-1.5B-continuous-learnt,qwen2515bcontinuouslearnt,0,0,unmatched,,
80,Ateron/Glowing-Forest-12B,glowingforest12b,0,0,unmatched,,
81,Ateron/Lotus-Magpic,lotusmagpic,0,0,unmatched,,
82,Ateron/Way_of_MagPicaro,wayofmagpicaro,0,0,unmatched,,
83,AuraIndustries/Aura-4B,aura4b,0,0,unmatched,,
84,AuraIndustries/Aura-8B,aura8b,0,0,unmatched,,
85,AuraIndustries/Aura-MoE-2x4B,auramoe2x4b,0,0,unmatched,,
86,AuraIndustries/Aura-MoE-2x4B-v2,auramoe2x4bv2,0,0,unmatched,,
87,Aurel9/testmerge-7b,testmerge7b,0,0,unmatched,,
88,Ayush-Singh/Llama1B-sft-2,llama1bsft2,0,0,unmatched,,
89,Azure99/Blossom-V6-14B,blossomv614b,0,0,unmatched,,
90,Azure99/Blossom-V6-7B,blossomv67b,0,0,unmatched,,
91,Azure99/blossom-v5-32b,blossomv532b,0,0,unmatched,,
92,Azure99/blossom-v5-llama3-8b,blossomv5llama38b,0,0,unmatched,,
93,Azure99/blossom-v5.1-34b,blossomv5134b,0,0,unmatched,,
94,Azure99/blossom-v5.1-9b,blossomv519b,0,0,unmatched,,
95,BAAI/Gemma2-9B-IT-Simpo-Infinity-Preference,gemma29bitsimpoinfinitypreference,0,0,unmatched,,
96,BAAI/Infinity-Instruct-3M-0613-Llama3-70B,infinityinstruct3m0613llama370b,0,0,unmatched,,
97,BAAI/Infinity-Instruct-3M-0613-Mistral-7B,infinityinstruct3m0613mistral7b,0,0,unmatched,,
98,BAAI/Infinity-Instruct-3M-0625-Llama3-70B,infinityinstruct3m0625llama370b,0,0,unmatched,,
99,BAAI/Infinity-Instruct-3M-0625-Llama3-8B,infinityinstruct3m0625llama38b,0,0,unmatched,,
100,BAAI/Infinity-Instruct-3M-0625-Mistral-7B,infinityinstruct3m0625mistral7b,0,0,unmatched,,
101,BAAI/Infinity-Instruct-3M-0625-Qwen2-7B,infinityinstruct3m0625qwen27b,0,0,unmatched,,
102,BAAI/Infinity-Instruct-3M-0625-Yi-1.5-9B,infinityinstruct3m0625yi159b,0,0,unmatched,,
103,BAAI/Infinity-Instruct-7M-0729-Llama3_1-8B,infinityinstruct7m0729llama318b,0,0,unmatched,,
104,BAAI/Infinity-Instruct-7M-0729-mistral-7B,infinityinstruct7m0729mistral7b,0,0,unmatched,,
105,BAAI/Infinity-Instruct-7M-Gen-Llama3_1-70B,infinityinstruct7mgenllama3170b,0,0,unmatched,,
106,BAAI/Infinity-Instruct-7M-Gen-Llama3_1-8B,infinityinstruct7mgenllama318b,0,0,unmatched,,
107,BAAI/Infinity-Instruct-7M-Gen-mistral-7B,infinityinstruct7mgenmistral7b,0,0,unmatched,,
108,BAAI/OPI-Llama-3.1-8B-Instruct,opillama318binstruct,0,0,unmatched,,
109,BEE-spoke-data/Meta-Llama-3-8Bee,metallama38bee,0,0,unmatched,,
110,BEE-spoke-data/smol_llama-101M-GQA,smolllama101mgqa,0,0,unmatched,,
111,BEE-spoke-data/smol_llama-220M-GQA,smolllama220mgqa,0,0,unmatched,,
112,BEE-spoke-data/smol_llama-220M-GQA-fineweb_edu,smolllama220mgqafinewebedu,0,0,unmatched,,
113,BEE-spoke-data/smol_llama-220M-openhermes,smolllama220mopenhermes,0,0,unmatched,,
114,BEE-spoke-data/tFINE-900m-e16-d32-flan,tfine900me16d32flan,0,0,unmatched,,
115,BEE-spoke-data/tFINE-900m-e16-d32-flan-infinity-instruct-7m-T2T_en-1024,tfine900me16d32flaninfinityinstruct7mt2ten1024,0,0,unmatched,,
116,BEE-spoke-data/tFINE-900m-e16-d32-instruct_2e,tfine900me16d32instruct2e,0,0,unmatched,,
117,BEE-spoke-data/tFINE-900m-instruct-orpo,tfine900minstructorpo,0,0,unmatched,,
118,BSC-LT/salamandra-7b,salamandra7b,0,0,unmatched,,
119,BSC-LT/salamandra-7b-instruct,salamandra7binstruct,0,0,unmatched,,
120,Ba2han/Llama-Phi-3_DoRA,llamaphi3dora,0,0,unmatched,,
121,Baptiste-HUVELLE-10/LeTriomphant2.2_ECE_iLAB,letriomphant22eceilab,0,0,unmatched,,
122,BenevolenceMessiah/Qwen2.5-72B-2x-Instruct-TIES-v1.0,qwen2572b2xinstructtiesv10,0,0,unmatched,,
123,BenevolenceMessiah/Yi-Coder-9B-Chat-Instruct-TIES-MoE-v1.0,yicoder9bchatinstructtiesmoev10,0,0,unmatched,,
124,BlackBeenie/Bloslain-8B-v0.2,bloslain8bv02,0,0,unmatched,,
125,BlackBeenie/Llama-3.1-8B-OpenO1-SFT-v0.1,llama318bopeno1sftv01,0,0,unmatched,,
126,BlackBeenie/Llama-3.1-8B-pythonic-passthrough-merge,llama318bpythonicpassthroughmerge,0,0,unmatched,,
127,BlackBeenie/Neos-Gemma-2-9b,neosgemma29b,0,0,unmatched,,
128,BlackBeenie/Neos-Llama-3.1-8B,neosllama318b,0,0,unmatched,,
129,BlackBeenie/Neos-Llama-3.1-base,neosllama31base,0,0,unmatched,,
130,BlackBeenie/Neos-Phi-3-14B-v0.1,neosphi314bv01,0,0,unmatched,,
131,BlackBeenie/llama-3-luminous-merged,llama3luminousmerged,0,0,unmatched,,
132,BlackBeenie/llama-3.1-8B-Galore-openassistant-guanaco,llama318bgaloreopenassistantguanaco,0,0,unmatched,,
133,Bllossom/llama-3.2-Korean-Bllossom-AICA-5B,llama32koreanbllossomaica5b,0,0,unmatched,,
134,BoltMonkey/DreadMix,dreadmix,0,0,unmatched,,
135,BoltMonkey/NeuralDaredevil-SuperNova-Lite-7B-DARETIES-abliterated,neuraldaredevilsupernovalite7bdaretiesabliterated,0,0,unmatched,,
136,BoltMonkey/NeuralDaredevil-SuperNova-Lite-7B-DARETIES-abliterated,neuraldaredevilsupernovalite7bdaretiesabliterated,0,0,unmatched,,
137,BoltMonkey/SuperNeuralDreadDevil-8b,superneuraldreaddevil8b,0,0,unmatched,,
138,BrainWave-ML/llama3.2-3B-maths-orpo,llama323bmathsorpo,0,0,unmatched,,
139,BramVanroy/GEITje-7B-ultra,geitje7bultra,0,0,unmatched,,
140,BramVanroy/fietje-2,fietje2,0,0,unmatched,,
141,BramVanroy/fietje-2-chat,fietje2chat,0,0,unmatched,,
142,BramVanroy/fietje-2-instruct,fietje2instruct,0,0,unmatched,,
143,CYFRAGOVPL/Llama-PLLuM-8B-base,llamapllum8bbase,0,0,unmatched,,
144,CYFRAGOVPL/Llama-PLLuM-8B-chat,llamapllum8bchat,0,0,unmatched,,
145,CYFRAGOVPL/PLLuM-12B-base,pllum12bbase,0,0,unmatched,,
146,CYFRAGOVPL/PLLuM-12B-chat,pllum12bchat,0,0,unmatched,,
147,CYFRAGOVPL/PLLuM-12B-nc-base,pllum12bncbase,0,0,unmatched,,
148,CYFRAGOVPL/PLLuM-12B-nc-chat,pllum12bncchat,0,0,unmatched,,
149,CarrotAI/Llama-3.2-Rabbit-Ko-3B-Instruct,llama32rabbitko3binstruct,0,0,unmatched,,
150,CarrotAI/Llama-3.2-Rabbit-Ko-3B-Instruct-2412,llama32rabbitko3binstruct2412,0,0,unmatched,,
151,Casual-Autopsy/L3-Umbral-Mind-RP-v2.0-8B,l3umbralmindrpv208b,0,0,unmatched,,
152,CausalLM/14B,14b,0,0,unmatched,,
153,CausalLM/34b-beta,34bbeta,0,0,unmatched,,
154,CausalLM/preview-1-hf,preview1,0,0,unmatched,,
155,Changgil/K2S3-14b-v0.2,k2s314bv02,0,0,unmatched,,
156,Changgil/K2S3-v0.1,k2s3v01,0,0,unmatched,,
157,ClaudioItaly/Albacus,albacus,0,0,unmatched,,
158,ClaudioItaly/Book-Gut12B,bookgut12b,0,0,unmatched,,
159,ClaudioItaly/Evolutionstory-7B-v2.2,evolutionstory7bv22,0,0,unmatched,,
160,ClaudioItaly/intelligence-cod-rag-7b-v3,intelligencecodrag7bv3,0,0,unmatched,,
161,CohereForAI/aya-23-35B,aya2335b,0,0,unmatched,,
162,CohereForAI/aya-23-8B,aya238b,0,0,unmatched,,
163,CohereForAI/aya-expanse-32b,ayaexpanse32b,1,1,accepted_exact,776.0,exact normalized name; parameter <= tolerance; organization compatible
164,CohereForAI/aya-expanse-8b,ayaexpanse8b,1,1,accepted_exact,777.0,exact normalized name; parameter <= tolerance; organization compatible
165,CohereForAI/c4ai-command-r-plus,c4aicommandrplus,0,0,unmatched,,
166,CohereForAI/c4ai-command-r-plus-08-2024,c4aicommandrplus082024,0,0,unmatched,,
167,CohereForAI/c4ai-command-r-v01,c4aicommandrv01,0,0,unmatched,,
168,CohereForAI/c4ai-command-r7b-12-2024,c4aicommandr7b122024,0,0,unmatched,,
169,Columbia-NLP/LION-Gemma-2b-dpo-v1.0,liongemma2bdpov10,0,0,unmatched,,
170,Columbia-NLP/LION-Gemma-2b-odpo-v1.0,liongemma2bodpov10,0,0,unmatched,,
171,Columbia-NLP/LION-Gemma-2b-sft-v1.0,liongemma2bsftv10,0,0,unmatched,,
172,Columbia-NLP/LION-LLaMA-3-8b-dpo-v1.0,lionllama38bdpov10,0,0,unmatched,,
173,Columbia-NLP/LION-LLaMA-3-8b-odpo-v1.0,lionllama38bodpov10,0,0,unmatched,,
174,Columbia-NLP/LION-LLaMA-3-8b-sft-v1.0,lionllama38bsftv10,0,0,unmatched,,
175,CombinHorizon/Josiefied-abliteratedV4-Qwen2.5-14B-Inst-BaseMerge-TIES,josiefiedabliteratedv4qwen2514binstbasemergeties,0,0,unmatched,,
176,CombinHorizon/Rombos-Qwen2.5-7B-Inst-BaseMerge-TIES,rombosqwen257binstbasemergeties,0,0,unmatched,,
177,CombinHorizon/YiSM-blossom5.1-34B-SLERP,yismblossom5134bslerp,0,0,unmatched,,
178,CombinHorizon/huihui-ai-abliterated-Qwen2.5-32B-Inst-BaseMerge-TIES,huihuiaiabliteratedqwen2532binstbasemergeties,0,0,unmatched,,
179,CombinHorizon/huihui-ai-abliteratedV2-Qwen2.5-14B-Inst-BaseMerge-TIES,huihuiaiabliteratedv2qwen2514binstbasemergeties,0,0,unmatched,,
180,CombinHorizon/zetasepic-abliteratedV2-Qwen2.5-32B-Inst-BaseMerge-TIES,zetasepicabliteratedv2qwen2532binstbasemergeties,0,0,unmatched,,
181,ContactDoctor/Bio-Medical-3B-CoT-012025,biomedical3bcot012025,0,0,unmatched,,
182,ContactDoctor/Bio-Medical-Llama-3-8B,biomedicalllama38b,0,0,unmatched,,
183,CoolSpring/Qwen2-0.5B-Abyme,qwen205babyme,0,0,unmatched,,
184,CoolSpring/Qwen2-0.5B-Abyme-merge2,qwen205babymemerge2,0,0,unmatched,,
185,CoolSpring/Qwen2-0.5B-Abyme-merge3,qwen205babymemerge3,0,0,unmatched,,
186,Corianas/Neural-Mistral-7B,neuralmistral7b,0,0,unmatched,,
187,Corianas/Quokka_2.7b,quokka27b,0,0,unmatched,,
188,Corianas/llama-3-reactor,llama3reactor,0,0,unmatched,,
189,CortexLM/btlm-7b-base-v0.2,btlm7bbasev02,0,0,unmatched,,
190,Cran-May/SCE-2-24B,sce224b,0,0,unmatched,,
191,Cran-May/SCE-3-24B,sce324b,0,0,unmatched,,
192,Cran-May/T.E-8.1,te81,0,0,unmatched,,
193,Cran-May/merge_model_20250308_2,mergemodel202503082,0,0,unmatched,,
194,Cran-May/merge_model_20250308_3,mergemodel202503083,0,0,unmatched,,
195,Cran-May/merge_model_20250308_4,mergemodel202503084,0,0,unmatched,,
196,Cran-May/tempmotacilla-cinerea-0308,tempmotacillacinerea0308,0,0,unmatched,,
197,CreitinGameplays/Llama-3.1-8B-R1-v0.1,llama318br1v01,0,0,unmatched,,
198,CultriX/Qwen2.5-14B-Broca,qwen2514bbroca,0,0,unmatched,,
199,CultriX/Qwen2.5-14B-BrocaV9,qwen2514bbrocav9,0,0,unmatched,,
200,CultriX/Qwen2.5-14B-Brocav3,qwen2514bbrocav3,0,0,unmatched,,
201,CultriX/Qwen2.5-14B-Brocav6,qwen2514bbrocav6,0,0,unmatched,,
202,CultriX/Qwen2.5-14B-Brocav7,qwen2514bbrocav7,0,0,unmatched,,
203,CultriX/Qwen2.5-14B-Emerged,qwen2514bemerged,0,0,unmatched,,
204,CultriX/Qwen2.5-14B-Emergedv3,qwen2514bemergedv3,0,0,unmatched,,
205,CultriX/Qwen2.5-14B-FinalMerge,qwen2514bfinalmerge,0,0,unmatched,,
206,CultriX/Qwen2.5-14B-Hyper,qwen2514bhyper,0,0,unmatched,,
207,CultriX/Qwen2.5-14B-HyperMarck-dl,qwen2514bhypermarckdl,0,0,unmatched,,
208,CultriX/Qwen2.5-14B-Hyperionv3,qwen2514bhyperionv3,0,0,unmatched,,
209,CultriX/Qwen2.5-14B-Hyperionv4,qwen2514bhyperionv4,0,0,unmatched,,
210,CultriX/Qwen2.5-14B-Hyperionv5,qwen2514bhyperionv5,0,0,unmatched,,
211,CultriX/Qwen2.5-14B-MegaMerge-pt2,qwen2514bmegamergept2,0,0,unmatched,,
212,CultriX/Qwen2.5-14B-MergeStock,qwen2514bmergestock,0,0,unmatched,,
213,CultriX/Qwen2.5-14B-ReasoningMerge,qwen2514breasoningmerge,0,0,unmatched,,
214,CultriX/Qwen2.5-14B-Ultimav2,qwen2514bultimav2,0,0,unmatched,,
215,CultriX/Qwen2.5-14B-Unity,qwen2514bunity,0,0,unmatched,,
216,CultriX/Qwen2.5-14B-Wernicke,qwen2514bwernicke,0,0,unmatched,,
217,CultriX/Qwen2.5-14B-Wernicke-SFT,qwen2514bwernickesft,0,0,unmatched,,
218,CultriX/Qwen2.5-14B-Wernicke-SLERP,qwen2514bwernickeslerp,0,0,unmatched,,
219,CultriX/Qwen2.5-14B-Wernickev3,qwen2514bwernickev3,0,0,unmatched,,
220,CultriX/Qwen2.5-14B-partialmergept1,qwen2514bpartialmergept1,0,0,unmatched,,
221,CultriX/Qwenfinity-2.5-14B,qwenfinity2514b,0,0,unmatched,,
222,CultriX/Qwestion-14B,qwestion14b,0,0,unmatched,,
223,CultriX/SeQwence-14B,seqwence14b,0,0,unmatched,,
224,CultriX/SeQwence-14B-EvolMerge,seqwence14bevolmerge,0,0,unmatched,,
225,CultriX/SeQwence-14B-EvolMergev1,seqwence14bevolmergev1,0,0,unmatched,,
226,CultriX/SeQwence-14B-v5,seqwence14bv5,0,0,unmatched,,
227,CultriX/SeQwence-14Bv1,seqwence14bv1,0,0,unmatched,,
228,CultriX/SeQwence-14Bv2,seqwence14bv2,0,0,unmatched,,
229,CultriX/SeQwence-14Bv3,seqwence14bv3,0,0,unmatched,,
230,DRXD1000/Atlas-7B,atlas7b,0,0,unmatched,,
231,DRXD1000/Phoenix-7B,phoenix7b,0,0,unmatched,,
232,DUAL-GPO/zephyr-7b-ipo-0k-15k-i1,zephyr7bipo0k15ki1,0,0,unmatched,,
233,DZgas/GIGABATEMAN-7B,gigabateman7b,0,0,unmatched,,
234,Daemontatox/AetherDrake-SFT,aetherdrakesft,0,0,unmatched,,
235,Daemontatox/AetherSett,aethersett,0,0,unmatched,,
236,Daemontatox/AetherTOT,aethertot,0,0,unmatched,,
237,Daemontatox/AetherTOT,aethertot,0,0,unmatched,,
238,Daemontatox/AetherUncensored,aetheruncensored,0,0,unmatched,,
239,Daemontatox/Cogito-MIS,cogitomis,0,0,unmatched,,
240,Daemontatox/CogitoDistil,cogitodistil,0,0,unmatched,,
241,Daemontatox/CogitoZ,cogitoz,0,0,unmatched,,
242,Daemontatox/CogitoZ14,cogitoz14,0,0,unmatched,,
243,Daemontatox/DocumentCogito,documentcogito,0,0,unmatched,,
244,Daemontatox/DocumentCogito,documentcogito,0,0,unmatched,,
245,Daemontatox/Llama3.3-70B-CogniLink,llama3370bcognilink,0,0,unmatched,,
246,Daemontatox/Llama_cot,llamacot,0,0,unmatched,,
247,Daemontatox/MawaredT1,mawaredt1,0,0,unmatched,,
248,Daemontatox/Mini_QwQ,miniqwq,0,0,unmatched,,
249,Daemontatox/NemoR,nemor,0,0,unmatched,,
250,Daemontatox/PathFinderAI2.0,pathfinderai20,0,0,unmatched,,
251,Daemontatox/PathFinderAi3.0,pathfinderai30,0,0,unmatched,,
252,Daemontatox/PathfinderAI,pathfinderai,0,0,unmatched,,
253,Daemontatox/PathfinderAI,pathfinderai,0,0,unmatched,,
254,Daemontatox/Phi-4-COT,phi4cot,0,0,unmatched,,
255,Daemontatox/PixelParse_AI,pixelparseai,0,0,unmatched,,
256,Daemontatox/RA2.0,ra20,0,0,unmatched,,
257,Daemontatox/RA_Reasoner,rareasoner,0,0,unmatched,,
258,Daemontatox/RA_Reasoner2.0,rareasoner20,0,0,unmatched,,
259,Daemontatox/ReasonTest,reasontest,0,0,unmatched,,
260,Daemontatox/Research_PathfinderAI,researchpathfinderai,0,0,unmatched,,
261,Daemontatox/SphinX,sphinx,0,0,unmatched,,
262,Daemontatox/Sphinx2.0,sphinx20,0,0,unmatched,,
263,Daemontatox/TinySphinx,tinysphinx,0,0,unmatched,,
264,Daemontatox/TinySphinx2.0,tinysphinx20,0,0,unmatched,,
265,Daemontatox/Zirel-7B-Math,zirel7bmath,0,0,unmatched,,
266,Daemontatox/Zirel_1.5,zirel15,0,0,unmatched,,
267,Daemontatox/mini-Cogito-R1,minicogitor1,0,0,unmatched,,
268,Daemontatox/mini_Pathfinder,minipathfinder,0,0,unmatched,,
269,Dampfinchen/Llama-3.1-8B-Ultra-Instruct,llama318bultrainstruct,0,0,unmatched,,
270,Danielbrdz/Barcenas-10b,barcenas10b,0,0,unmatched,,
271,Danielbrdz/Barcenas-14b-Phi-3-medium-ORPO,barcenas14bphi3mediumorpo,0,0,unmatched,,
272,Danielbrdz/Barcenas-14b-phi-4,barcenas14bphi4,0,0,unmatched,,
273,Danielbrdz/Barcenas-14b-phi-4-v2,barcenas14bphi4v2,0,0,unmatched,,
274,Danielbrdz/Barcenas-3b-GRPO,barcenas3bgrpo,0,0,unmatched,,
275,Danielbrdz/Barcenas-Llama3-8b-ORPO,barcenasllama38borpo,0,0,unmatched,,
276,Danielbrdz/Barcenas-R1-Qwen-1.5b,barcenasr1qwen15b,0,0,unmatched,,
277,Dans-DiscountModels/12b-mn-dans-reasoning-test-2,12bmndansreasoningtest2,0,0,unmatched,,
278,Dans-DiscountModels/12b-mn-dans-reasoning-test-3,12bmndansreasoningtest3,0,0,unmatched,,
279,Dans-DiscountModels/Dans-Instruct-CoreCurriculum-12b-ChatML,dansinstructcorecurriculum12bchatml,0,0,unmatched,,
280,Dans-DiscountModels/Dans-Instruct-Mix-8b-ChatML,dansinstructmix8bchatml,0,0,unmatched,,
281,Dans-DiscountModels/Dans-Instruct-Mix-8b-ChatML-V0.1.0,dansinstructmix8bchatmlv010,0,0,unmatched,,
282,Dans-DiscountModels/Dans-Instruct-Mix-8b-ChatML-V0.1.1,dansinstructmix8bchatmlv011,0,0,unmatched,,
283,Dans-DiscountModels/Dans-Instruct-Mix-8b-ChatML-V0.2.0,dansinstructmix8bchatmlv020,0,0,unmatched,,
284,Dans-DiscountModels/Mistral-7b-v0.3-Test-E0.7,mistral7bv03teste07,0,0,unmatched,,
285,Dans-DiscountModels/mistral-7b-test-merged,mistral7btestmerged,0,0,unmatched,,
286,Darkknight535/OpenCrystal-12B-L3,opencrystal12bl3,0,0,unmatched,,
287,DavidAU/DeepHermes-3-Llama-3-8B-Preview-16.5B-Brainstorm,deephermes3llama38bpreview165bbrainstorm,0,0,unmatched,,
288,DavidAU/DeepSeek-BlackRoot-R1-Distill-Llama-3.1-8B,deepseekblackrootr1distillllama318b,0,0,unmatched,,
289,DavidAU/DeepSeek-Grand-Horror-SMB-R1-Distill-Llama-3.1-16B,deepseekgrandhorrorsmbr1distillllama3116b,0,0,unmatched,,
290,DavidAU/DeepSeek-MOE-4X8B-R1-Distill-Llama-3.1-Deep-Thinker-Uncensored-24B,deepseekmoe4x8br1distillllama31deepthinkeruncensored24b,0,0,unmatched,,
291,DavidAU/DeepSeek-MOE-4X8B-R1-Distill-Llama-3.1-Mad-Scientist-24B,deepseekmoe4x8br1distillllama31madscientist24b,0,0,unmatched,,
292,DavidAU/DeepSeek-R1-Distill-Qwen-25.5B-Brainstorm,deepseekr1distillqwen255bbrainstorm,0,0,unmatched,,
293,DavidAU/DeepSeek-V2-Grand-Horror-SMB-R1-Distill-Llama-3.1-Uncensored-16.5B,deepseekv2grandhorrorsmbr1distillllama31uncensored165b,0,0,unmatched,,
294,DavidAU/DeepThought-MOE-8X3B-R1-Llama-3.2-Reasoning-18B,deepthoughtmoe8x3br1llama32reasoning18b,0,0,unmatched,,
295,DavidAU/Gemma-The-Writer-9B,gemmathewriter9b,0,0,unmatched,,
296,DavidAU/Gemma-The-Writer-DEADLINE-10B,gemmathewriterdeadline10b,0,0,unmatched,,
297,DavidAU/Gemma-The-Writer-J.GutenBerg-10B,gemmathewriterjgutenberg10b,0,0,unmatched,,
298,DavidAU/Gemma-The-Writer-Mighty-Sword-9B,gemmathewritermightysword9b,0,0,unmatched,,
299,DavidAU/Gemma-The-Writer-N-Restless-Quill-10B-Uncensored,gemmathewriternrestlessquill10buncensored,0,0,unmatched,,
300,DavidAU/L3-DARKEST-PLANET-16.5B,l3darkestplanet165b,0,0,unmatched,,
301,DavidAU/L3-Dark-Planet-8B,l3darkplanet8b,0,0,unmatched,,
302,DavidAU/L3-Jamet-12.2B-MK.V-Blackroot-Instruct,l3jamet122bmkvblackrootinstruct,0,0,unmatched,,
303,DavidAU/L3-Lumimaid-12.2B-v0.1-OAS-Instruct,l3lumimaid122bv01oasinstruct,0,0,unmatched,,
304,DavidAU/L3-SMB-Instruct-12.2B-F32,l3smbinstruct122bf32,0,0,unmatched,,
305,DavidAU/L3-Stheno-Maid-Blackroot-Grand-HORROR-16B,l3sthenomaidblackrootgrandhorror16b,0,0,unmatched,,
306,DavidAU/L3-Stheno-v3.2-12.2B-Instruct,l3sthenov32122binstruct,0,0,unmatched,,
307,DavidAU/L3.1-Dark-Planet-SpinFire-Uncensored-8B,l31darkplanetspinfireuncensored8b,0,0,unmatched,,
308,DavidAU/L3.1-MOE-2X8B-Deepseek-DeepHermes-e32-uncensored-abliterated-13.7B,l31moe2x8bdeepseekdeephermese32uncensoredabliterated137b,0,0,unmatched,,
309,DavidAU/Qwen2.5-MOE-2X1.5B-DeepSeek-Uncensored-Censored-4B,qwen25moe2x15bdeepseekuncensoredcensored4b,0,0,unmatched,,
310,DavidAU/Qwen2.5-MOE-2X7B-DeepSeek-Abliterated-Censored-19B,qwen25moe2x7bdeepseekabliteratedcensored19b,0,0,unmatched,,
311,DavidAU/Qwen2.5-MOE-6x1.5B-DeepSeek-Reasoning-e32,qwen25moe6x15bdeepseekreasoninge32,0,0,unmatched,,
312,Davidsv/SUONG-1,suong1,0,0,unmatched,,
313,DavieLion/Llama-3.2-1B-SPIN-iter0,llama321bspiniter0,0,0,unmatched,,
314,DavieLion/Llama-3.2-1B-SPIN-iter1,llama321bspiniter1,0,0,unmatched,,
315,DavieLion/Llama-3.2-1B-SPIN-iter2,llama321bspiniter2,0,0,unmatched,,
316,DavieLion/Llama-3.2-1B-SPIN-iter3,llama321bspiniter3,0,0,unmatched,,
317,DavieLion/Lllma-3.2-1B,lllma321b,0,0,unmatched,,
318,DebateLabKIT/Llama-3.1-Argunaut-1-8B-SFT,llama31argunaut18bsft,0,0,unmatched,,
319,Deci/DeciLM-7B,decilm7b,0,0,unmatched,,
320,Deci/DeciLM-7B-instruct,decilm7binstruct,0,0,unmatched,,
321,DeepAutoAI/Explore_Llama-3.1-8B-Inst,explorellama318binst,0,0,unmatched,,
322,DeepAutoAI/Explore_Llama-3.2-1B-Inst,explorellama321binst,0,0,unmatched,,
323,DeepAutoAI/Explore_Llama-3.2-1B-Inst_v0,explorellama321binstv0,0,0,unmatched,,
324,DeepAutoAI/Explore_Llama-3.2-1B-Inst_v1,explorellama321binstv1,0,0,unmatched,,
325,DeepAutoAI/Explore_Llama-3.2-1B-Inst_v1.1,explorellama321binstv11,0,0,unmatched,,
326,DeepAutoAI/causal_gpt2,causalgpt2,0,0,unmatched,,
327,DeepAutoAI/d2nwg_Llama-3.1-8B-Instruct-v0.0,d2nwgllama318binstructv00,0,0,unmatched,,
328,DeepAutoAI/d2nwg_causal_gpt2,d2nwgcausalgpt2,0,0,unmatched,,
329,DeepAutoAI/d2nwg_causal_gpt2_v1,d2nwgcausalgpt2v1,0,0,unmatched,,
330,DeepAutoAI/ldm_soup_Llama-3.1-8B-Inst,ldmsoupllama318binst,0,0,unmatched,,
331,DeepAutoAI/ldm_soup_Llama-3.1-8B-Instruct-v0.0,ldmsoupllama318binstructv00,0,0,unmatched,,
332,DeepAutoAI/ldm_soup_Llama-3.1-8B-Instruct-v0.1,ldmsoupllama318binstructv01,0,0,unmatched,,
333,DeepMount00/Lexora-Lite-3B,lexoralite3b,0,0,unmatched,,
334,DeepMount00/Lexora-Lite-3B_v2,lexoralite3bv2,0,0,unmatched,,
335,DeepMount00/Lexora-Medium-7B,lexoramedium7b,0,0,unmatched,,
336,DeepMount00/Llama-3-8b-Ita,llama38bita,0,0,unmatched,,
337,DeepMount00/Llama-3.1-8b-ITA,llama318bita,0,0,unmatched,,
338,DeepMount00/Llama-3.1-8b-Ita,llama318bita,0,0,unmatched,,
339,DeepMount00/Llama-3.1-Distilled,llama31distilled,0,0,unmatched,,
340,DeepMount00/Qwen2-1.5B-Ita,qwen215bita,0,0,unmatched,,
341,DeepMount00/Qwen2-1.5B-Ita_v2,qwen215bitav2,0,0,unmatched,,
342,DeepMount00/Qwen2-1.5B-Ita_v3,qwen215bitav3,0,0,unmatched,,
343,DeepMount00/Qwen2-1.5B-Ita_v5,qwen215bitav5,0,0,unmatched,,
344,DeepMount00/Qwen2-1.5B-Ita_v6,qwen215bitav6,0,0,unmatched,,
345,DeepMount00/Qwen2.5-7B-Instruct-MathCoder,qwen257binstructmathcoder,0,0,unmatched,,
346,DeepMount00/mergekit-ties-okvgjfz,mergekittiesokvgjfz,0,0,unmatched,,
347,Delta-Vector/Baldur-8B,baldur8b,0,0,unmatched,,
348,Delta-Vector/Control-8B,control8b,0,0,unmatched,,
349,Delta-Vector/Control-8B-V1.1,control8bv11,0,0,unmatched,,
350,Delta-Vector/Darkens-8B,darkens8b,0,0,unmatched,,
351,Delta-Vector/Henbane-7b-attempt2,henbane7battempt2,0,0,unmatched,,
352,Delta-Vector/Odin-9B,odin9b,0,0,unmatched,,
353,Delta-Vector/Tor-8B,tor8b,0,0,unmatched,,
354,DevQuasar/DevQuasar-R1-Uncensored-Llama-8B,devquasarr1uncensoredllama8b,0,0,unmatched,,
355,Dongwei/DeepSeek-R1-Distill-Qwen-7B-GRPO,deepseekr1distillqwen7bgrpo,0,0,unmatched,,
356,DoppelReflEx/L3-8B-R1-WolfCore,l38br1wolfcore,0,0,unmatched,,
357,DoppelReflEx/L3-8B-R1-WolfCore-V1.5-test,l38br1wolfcorev15test,0,0,unmatched,,
358,DoppelReflEx/L3-8B-WolfCore,l38bwolfcore,0,0,unmatched,,
359,DoppelReflEx/MN-12B-FoxFrame-test,mn12bfoxframetest,0,0,unmatched,,
360,DoppelReflEx/MN-12B-FoxFrame2-test,mn12bfoxframe2test,0,0,unmatched,,
361,DoppelReflEx/MN-12B-FoxFrame3-test,mn12bfoxframe3test,0,0,unmatched,,
362,DoppelReflEx/MN-12B-Kakigori,mn12bkakigori,0,0,unmatched,,
363,DoppelReflEx/MN-12B-LilithFrame,mn12blilithframe,0,0,unmatched,,
364,DoppelReflEx/MN-12B-LilithFrame,mn12blilithframe,0,0,unmatched,,
365,DoppelReflEx/MN-12B-LilithFrame-Experiment-2,mn12blilithframeexperiment2,0,0,unmatched,,
366,DoppelReflEx/MN-12B-LilithFrame-Experiment-3,mn12blilithframeexperiment3,0,0,unmatched,,
367,DoppelReflEx/MN-12B-LilithFrame-Experiment-4,mn12blilithframeexperiment4,0,0,unmatched,,
368,DoppelReflEx/MN-12B-Mimicore-GreenSnake,mn12bmimicoregreensnake,0,0,unmatched,,
369,DoppelReflEx/MN-12B-Mimicore-Nocturne,mn12bmimicorenocturne,0,0,unmatched,,
370,DoppelReflEx/MN-12B-Mimicore-Orochi,mn12bmimicoreorochi,0,0,unmatched,,
371,DoppelReflEx/MN-12B-Mimicore-Orochi-v2-Experiment,mn12bmimicoreorochiv2experiment,0,0,unmatched,,
372,DoppelReflEx/MN-12B-Mimicore-Orochi-v3-Experiment,mn12bmimicoreorochiv3experiment,0,0,unmatched,,
373,DoppelReflEx/MN-12B-Mimicore-Orochi-v4-Experiment,mn12bmimicoreorochiv4experiment,0,0,unmatched,,
374,DoppelReflEx/MN-12B-Mimicore-WhiteSnake,mn12bmimicorewhitesnake,0,0,unmatched,,
375,DoppelReflEx/MN-12B-Mimicore-WhiteSnake-v2-Experiment-1,mn12bmimicorewhitesnakev2experiment1,0,0,unmatched,,
376,DoppelReflEx/MN-12B-Mimicore-WhiteSnake-v2-Experiment-2,mn12bmimicorewhitesnakev2experiment2,0,0,unmatched,,
377,DoppelReflEx/MN-12B-Mimicore-WhiteSnake-v2-Experiment-3,mn12bmimicorewhitesnakev2experiment3,0,0,unmatched,,
378,DoppelReflEx/MN-12B-Mimicore-WhiteSnake-v2-Experiment-4,mn12bmimicorewhitesnakev2experiment4,0,0,unmatched,,
379,DoppelReflEx/MN-12B-Unleashed-Twilight,mn12bunleashedtwilight,0,0,unmatched,,
380,DoppelReflEx/MN-12B-WolFrame,mn12bwolframe,0,0,unmatched,,
381,DoppelReflEx/MiniusLight-24B,miniuslight24b,0,0,unmatched,,
382,DoppelReflEx/MiniusLight-24B-test,miniuslight24btest,0,0,unmatched,,
383,DoppelReflEx/MiniusLight-24B-v1b-test,miniuslight24bv1btest,0,0,unmatched,,
384,DoppelReflEx/MiniusLight-24B-v1c-test,miniuslight24bv1ctest,0,0,unmatched,,
385,DoppelReflEx/MiniusLight-24B-v1d-test,miniuslight24bv1dtest,0,0,unmatched,,
386,DreadPoor/Again-8B-Model_Stock,again8bmodelstock,0,0,unmatched,,
387,DreadPoor/Alita99-8B-LINEAR,alita998blinear,0,0,unmatched,,
388,DreadPoor/AnotherTest,anothertest,0,0,unmatched,,
389,DreadPoor/Aspire-8B-model_stock,aspire8bmodelstock,0,0,unmatched,,
390,DreadPoor/Aspire_1.3-8B_model-stock,aspire138bmodelstock,0,0,unmatched,,
391,DreadPoor/Aspire_V2-8B-Model_Stock,aspirev28bmodelstock,0,0,unmatched,,
392,DreadPoor/Aspire_V2.1-8B-Model_Stock,aspirev218bmodelstock,0,0,unmatched,,
393,DreadPoor/Aspire_V2_ALT-8B-Model_Stock,aspirev2alt8bmodelstock,0,0,unmatched,,
394,DreadPoor/Aspire_V2_ALT_ROW-8B-Model_Stock,aspirev2altrow8bmodelstock,0,0,unmatched,,
395,DreadPoor/Aspire_V3-8B-Model_Stock,aspirev38bmodelstock,0,0,unmatched,,
396,DreadPoor/Aspire_V4-8B-Model_Stock,aspirev48bmodelstock,0,0,unmatched,,
397,DreadPoor/Aspire_V4_ALT-8B-Model_Stock,aspirev4alt8bmodelstock,0,0,unmatched,,
398,DreadPoor/Asymmetric_Linearity-8B-Model_Stock,asymmetriclinearity8bmodelstock,0,0,unmatched,,
399,DreadPoor/Aurora_faustus-8B-LINEAR,aurorafaustus8blinear,0,0,unmatched,,
400,DreadPoor/Aurora_faustus-8B-LORABLATED,aurorafaustus8blorablated,0,0,unmatched,,
401,DreadPoor/Aurora_faustus-8B-LORABLATED_ALT,aurorafaustus8blorablatedalt,0,0,unmatched,,
402,DreadPoor/Autumn_Dawn-8B-LINEAR,autumndawn8blinear,0,0,unmatched,,
403,DreadPoor/BaeZel-8B-LINEAR,baezel8blinear,0,0,unmatched,,
404,DreadPoor/BaeZel-8B-Model_Stock,baezel8bmodelstock,0,0,unmatched,,
405,DreadPoor/BaeZel_V2-8B-Model_Stock,baezelv28bmodelstock,0,0,unmatched,,
406,DreadPoor/BaeZel_V2_ALT-8B-Model_Stock,baezelv2alt8bmodelstock,0,0,unmatched,,
407,DreadPoor/BaeZel_V3-8B-Model_Stock,baezelv38bmodelstock,0,0,unmatched,,
408,DreadPoor/Blunt_Edge-8B-SLERP,bluntedge8bslerp,0,0,unmatched,,
409,DreadPoor/BulkUp,bulkup,0,0,unmatched,,
410,DreadPoor/Cadence-8B-LINEAR,cadence8blinear,0,0,unmatched,,
411,DreadPoor/Caelid-8B-Model_Stock,caelid8bmodelstock,0,0,unmatched,,
412,DreadPoor/Casuar-9B-Model_Stock,casuar9bmodelstock,0,0,unmatched,,
413,DreadPoor/Condensed_Milk-8B-Model_Stock,condensedmilk8bmodelstock,0,0,unmatched,,
414,DreadPoor/CoolerCoder-8B-LINEAR,coolercoder8blinear,0,0,unmatched,,
415,DreadPoor/Damasteel-8B-LINEAR,damasteel8blinear,0,0,unmatched,,
416,DreadPoor/Dearly_Beloved-8B-TIES,dearlybeloved8bties,0,0,unmatched,,
417,DreadPoor/Decayed-8B-LINEAR,decayed8blinear,0,0,unmatched,,
418,DreadPoor/Derivative-8B-Model_Stock,derivative8bmodelstock,0,0,unmatched,,
419,DreadPoor/Derivative_V2-8B-Model_Stock,derivativev28bmodelstock,0,0,unmatched,,
420,DreadPoor/Derivative_V2_ALT-8B-Model_Stock,derivativev2alt8bmodelstock,0,0,unmatched,,
421,DreadPoor/Derivative_V3-8B-Model_Stock,derivativev38bmodelstock,0,0,unmatched,,
422,DreadPoor/Elusive_Dragon_Heart-8B-LINEAR,elusivedragonheart8blinear,0,0,unmatched,,
423,DreadPoor/Emu_Eggs-9B-Model_Stock,emueggs9bmodelstock,0,0,unmatched,,
424,DreadPoor/Eunoia_Vespera-8B-LINEAR,eunoiavespera8blinear,0,0,unmatched,,
425,DreadPoor/Fu_sion_HA-8B-SLERP,fusionha8bslerp,0,0,unmatched,,
426,DreadPoor/HOT_STINKING_GARBAGE,hotstinkinggarbage,0,0,unmatched,,
427,DreadPoor/H_the_eighth-8B-LINEAR,htheeighth8blinear,0,0,unmatched,,
428,DreadPoor/Happy_New_Year-8B-Model_Stock,happynewyear8bmodelstock,0,0,unmatched,,
429,DreadPoor/Heart_Stolen-8B-Model_Stock,heartstolen8bmodelstock,0,0,unmatched,,
430,DreadPoor/Heart_Stolen-ALT-8B-Model_Stock,heartstolenalt8bmodelstock,0,0,unmatched,,
431,DreadPoor/Here_We_Go_Again-8B-SLERP,herewegoagain8bslerp,0,0,unmatched,,
432,DreadPoor/Howdy-8B-LINEAR,howdy8blinear,0,0,unmatched,,
433,DreadPoor/Incidental-8B-Model_Stock,incidental8bmodelstock,0,0,unmatched,,
434,DreadPoor/Irina-8B-model_stock,irina8bmodelstock,0,0,unmatched,,
435,DreadPoor/Kindling-8B-Model_Stock,kindling8bmodelstock,0,0,unmatched,,
436,DreadPoor/L3.1-BaeZel-8B-Della,l31baezel8bdella,0,0,unmatched,,
437,DreadPoor/Laughing_Stock-8B-Model_Stock,laughingstock8bmodelstock,0,0,unmatched,,
438,DreadPoor/Lava_Lamp-8B-SLERP,lavalamp8bslerp,0,0,unmatched,,
439,DreadPoor/LemonP-8B-Model_Stock,lemonp8bmodelstock,0,0,unmatched,,
440,DreadPoor/Lydia_of_Whiterun-8B-LINEAR,lydiaofwhiterun8blinear,0,0,unmatched,,
441,DreadPoor/Matryoshka-8B-LINEAR,matryoshka8blinear,0,0,unmatched,,
442,DreadPoor/Mercury_In_Retrograde-8b-Model-Stock,mercuryinretrograde8bmodelstock,0,0,unmatched,,
443,DreadPoor/Minthy-8B-Model_Stock,minthy8bmodelstock,0,0,unmatched,,
444,DreadPoor/Minthy_ALT-8B-Model_Stock,minthyalt8bmodelstock,0,0,unmatched,,
445,DreadPoor/Minthy_V2-8B-Model_Stock,minthyv28bmodelstock,0,0,unmatched,,
446,DreadPoor/Minus_Penus-8B-Model_Stock,minuspenus8bmodelstock,0,0,unmatched,,
447,DreadPoor/Morphing-8B-Model_Stock,morphing8bmodelstock,0,0,unmatched,,
448,DreadPoor/Not_Even_My_Final_Form-8B-Model_Stock,notevenmyfinalform8bmodelstock,0,0,unmatched,,
449,DreadPoor/Nother_One-8B-Model_Stock,notherone8bmodelstock,0,0,unmatched,,
450,DreadPoor/Noxis-8B-LINEAR,noxis8blinear,0,0,unmatched,,
451,DreadPoor/Nullsworn-12B-LINEAR,nullsworn12blinear,0,0,unmatched,,
452,DreadPoor/Nwah-8B-Model_Stock,nwah8bmodelstock,0,0,unmatched,,
453,DreadPoor/ONeil-model_stock-8B,oneilmodelstock8b,0,0,unmatched,,
454,DreadPoor/Oh_Boy-8B-LINEAR,ohboy8blinear,0,0,unmatched,,
455,DreadPoor/OrangeJ-8B-Model_Stock,orangej8bmodelstock,0,0,unmatched,,
456,DreadPoor/Promissum_Mane-8B-LINEAR,promissummane8blinear,0,0,unmatched,,
457,DreadPoor/Promissum_Mane-8B-LINEAR-lorablated,promissummane8blinearlorablated,0,0,unmatched,,
458,DreadPoor/RPMash-8B-Model_Stock,rpmash8bmodelstock,0,0,unmatched,,
459,DreadPoor/RPMash_V3-8B-Model_Stock,rpmashv38bmodelstock,0,0,unmatched,,
460,DreadPoor/Rusted_Gold-8B-LINEAR,rustedgold8blinear,0,0,unmatched,,
461,DreadPoor/Rusted_Platinum-8B-LINEAR,rustedplatinum8blinear,0,0,unmatched,,
462,DreadPoor/Rusted_Platinum-8B-Model_Stock,rustedplatinum8bmodelstock,0,0,unmatched,,
463,DreadPoor/Sellen-8B-model_stock,sellen8bmodelstock,0,0,unmatched,,
464,DreadPoor/Something-8B-Model_Stock,something8bmodelstock,0,0,unmatched,,
465,DreadPoor/Spring_Dusk-8B-SCE,springdusk8bsce,0,0,unmatched,,
466,DreadPoor/Summer_Dawn-8B-SCE,summerdawn8bsce,0,0,unmatched,,
467,DreadPoor/Summer_Dusk-8B-TIES,summerdusk8bties,0,0,unmatched,,
468,DreadPoor/Summer_Rain-8B-SCE,summerrain8bsce,0,0,unmatched,,
469,DreadPoor/Summer_Rain-8B-TIES,summerrain8bties,0,0,unmatched,,
470,DreadPoor/Sun-8B-Model_Stock,sun8bmodelstock,0,0,unmatched,,
471,DreadPoor/Sweetened_Condensed_Milk-8B-Model_Stock,sweetenedcondensedmilk8bmodelstock,0,0,unmatched,,
472,DreadPoor/TEST02-Ignore,test02ignore,0,0,unmatched,,
473,DreadPoor/TEST03-ignore,test03ignore,0,0,unmatched,,
474,DreadPoor/TEST06-ignore,test06ignore,0,0,unmatched,,
475,DreadPoor/TEST07-ignore,test07ignore,0,0,unmatched,,
476,DreadPoor/TEST08-ignore,test08ignore,0,0,unmatched,,
477,DreadPoor/Trinas_Nectar-8B-model_stock,trinasnectar8bmodelstock,0,0,unmatched,,
478,DreadPoor/UNTESTED-VENN_1.2-8B-Model_Stock,untestedvenn128bmodelstock,0,0,unmatched,,
479,DreadPoor/VENN_1.2-8B-Model_Stock,venn128bmodelstock,0,0,unmatched,,
480,DreadPoor/WIP-Acacia-8B-Model_Stock,wipacacia8bmodelstock,0,0,unmatched,,
481,DreadPoor/WIP_Damascus-8B-TIES,wipdamascus8bties,0,0,unmatched,,
482,DreadPoor/Wannabe-8B-Model_Stock,wannabe8bmodelstock,0,0,unmatched,,
483,DreadPoor/What_A_Thrill-8B-Model_Stock,whatathrill8bmodelstock,0,0,unmatched,,
484,DreadPoor/Winter-8B-SCE,winter8bsce,0,0,unmatched,,
485,DreadPoor/Winter_Dawn-8B-TIES,winterdawn8bties,0,0,unmatched,,
486,DreadPoor/Winter_Dusk-8B-TIES,winterdusk8bties,0,0,unmatched,,
487,DreadPoor/Winter_Night-8B-Model_Stock,winternight8bmodelstock,0,0,unmatched,,
488,DreadPoor/Yafune-8B-Model_Stock,yafune8bmodelstock,0,0,unmatched,,
489,DreadPoor/Yearn_V3-8B-Model_Stock,yearnv38bmodelstock,0,0,unmatched,,
490,DreadPoor/ZEUS-8B-V17-Abliterated_ALT,zeus8bv17abliteratedalt,0,0,unmatched,,
491,DreadPoor/Zelus-8B-Model_Stock,zelus8bmodelstock,0,0,unmatched,,
492,DreadPoor/Zelus_V2-8B-Model_Stock,zelusv28bmodelstock,0,0,unmatched,,
493,DreadPoor/felix_dies-mistral-7B-model_stock,felixdiesmistral7bmodelstock,0,0,unmatched,,
494,DreadPoor/hakuchido-8B-MODEL_STOCK,hakuchido8bmodelstock,0,0,unmatched,,
495,DreadPoor/ichor-8B-Model_Stock,ichor8bmodelstock,0,0,unmatched,,
496,DreadPoor/ichor_1.1-8B-Model_Stock,ichor118bmodelstock,0,0,unmatched,,
497,DreadPoor/inexpertus-8B-Model_Stock,inexpertus8bmodelstock,0,0,unmatched,,
498,DreadPoor/inexpertus_1.1-8B-LINEAR,inexpertus118blinear,0,0,unmatched,,
499,DreadPoor/inexpertus_1.2-8B-LINEAR,inexpertus128blinear,0,0,unmatched,,
500,DreadPoor/mergekit-nuslerp-nqzkedi,mergekitnuslerpnqzkedi,0,0,unmatched,,
501,DreadPoor/remember_to_breathe-8b-Model-Stock,remembertobreathe8bmodelstock,0,0,unmatched,,
502,DreadPoor/test,test,0,0,unmatched,,
503,DreadPoor/test_ALT,testalt,0,0,unmatched,,
504,DreadPoor/tests_pending-do_not_use_yet,testspendingdonotuseyet,0,0,unmatched,,
505,ECE-ILAB-PRYMMAL/ILAB-Merging-3B-V2,ilabmerging3bv2,0,0,unmatched,,
506,EVA-UNIT-01/EVA-Qwen2.5-14B-v0.2,evaqwen2514bv02,0,0,unmatched,,
507,EVA-UNIT-01/EVA-Qwen2.5-72B-v0.2,evaqwen2572bv02,0,0,unmatched,,
508,Edgerunners/meta-llama-3-8b-instruct-hf-ortho-baukit-34fail-3000total-bf16,metallama38binstructorthobaukit34fail3000totalbf16,0,0,unmatched,,
509,EleutherAI/gpt-j-6b,gptj6b,1,1,accepted_exact,2461.0,exact normalized name; parameter <= tolerance; organization compatible
510,EleutherAI/gpt-neo-1.3B,gptneo13b,1,1,accepted_exact,2481.0,exact normalized name; parameter <= tolerance; organization compatible
511,EleutherAI/gpt-neo-125m,gptneo125m,1,0,unmatched,,2480:parameter_or_org_conflict
512,EleutherAI/gpt-neo-2.7B,gptneo27b,1,1,accepted_exact,2477.0,exact normalized name; parameter <= tolerance; organization compatible
513,EleutherAI/gpt-neox-20b,gptneox20b,1,1,accepted_exact,2304.0,exact normalized name; parameter <= tolerance; organization compatible
514,EleutherAI/pythia-1.4b,pythia14b,1,0,unmatched,,1995:parameter_or_org_conflict
515,EleutherAI/pythia-12b,pythia12b,1,1,accepted_exact,1990.0,exact normalized name; parameter <= tolerance; organization compatible
516,EleutherAI/pythia-160m,pythia160m,1,0,unmatched,,1993:parameter_or_org_conflict
517,EleutherAI/pythia-1b,pythia1b,1,0,unmatched,,1994:parameter_or_org_conflict
518,EleutherAI/pythia-2.8b,pythia28b,1,1,accepted_exact,1991.0,exact normalized name; parameter <= tolerance; organization compatible
519,EleutherAI/pythia-410m,pythia410m,1,0,unmatched,,1997:parameter_or_org_conflict
520,EleutherAI/pythia-6.9b,pythia69b,1,1,accepted_exact,1992.0,exact normalized name; parameter <= tolerance; organization compatible
521,Enno-Ai/EnnoAi-Pro-French-Llama-3-8B-v0.4,ennoaiprofrenchllama38bv04,0,0,unmatched,,
522,Enno-Ai/EnnoAi-Pro-Llama-3-8B,ennoaiprollama38b,0,0,unmatched,,
523,Enno-Ai/EnnoAi-Pro-Llama-3-8B-v0.3,ennoaiprollama38bv03,0,0,unmatched,,
524,Enno-Ai/EnnoAi-Pro-Llama-3.1-8B-v0.9,ennoaiprollama318bv09,0,0,unmatched,,
525,EnnoAi/EnnoAi-7B-French-Instruct-202502,ennoai7bfrenchinstruct202502,0,0,unmatched,,
526,EnnoAi/EnnoAi-Pro-Llama-3.1-8B-v1.0,ennoaiprollama318bv10,0,0,unmatched,,
527,Epiculous/Azure_Dusk-v0.2,azureduskv02,0,0,unmatched,,
528,Epiculous/Crimson_Dawn-v0.2,crimsondawnv02,0,0,unmatched,,
529,Epiculous/NovaSpark,novaspark,0,0,unmatched,,
530,Epiculous/Violet_Twilight-v0.2,violettwilightv02,0,0,unmatched,,
531,EpistemeAI/Alpaca-Llama3.1-8B,alpacallama318b,0,0,unmatched,,
532,EpistemeAI/Athena-gemma-2-2b-it,athenagemma22bit,0,0,unmatched,,
533,EpistemeAI/Athena-gemma-2-2b-it-Philos,athenagemma22bitphilos,0,0,unmatched,,
534,EpistemeAI/Athene-codegemma-2-7b-it-alpaca-v1.3,athenecodegemma27bitalpacav13,0,0,unmatched,,
535,EpistemeAI/DeepPhi-3.5-mini-instruct,deepphi35miniinstruct,0,0,unmatched,,
536,EpistemeAI/DeepThinkers-Phi4,deepthinkersphi4,0,0,unmatched,,
537,EpistemeAI/FineLlama3.1-8B-Instruct,finellama318binstruct,0,0,unmatched,,
538,EpistemeAI/Fireball-12B,fireball12b,0,0,unmatched,,
539,EpistemeAI/Fireball-12B-v1.13a-philosophers,fireball12bv113aphilosophers,0,0,unmatched,,
540,EpistemeAI/Fireball-Alpaca-Llama-3.1-8B-Philos-DPO-200,fireballalpacallama318bphilosdpo200,0,0,unmatched,,
541,EpistemeAI/Fireball-Alpaca-Llama3.1.07-8B-Philos-Math-KTO-beta,fireballalpacallama31078bphilosmathktobeta,0,0,unmatched,,
542,EpistemeAI/Fireball-Alpaca-Llama3.1.08-8B-Philos-C-R2,fireballalpacallama31088bphiloscr2,0,0,unmatched,,
543,EpistemeAI/Fireball-Meta-Llama-3.1-8B-Instruct-0.001-128K-auto,fireballmetallama318binstruct0001128kauto,0,0,unmatched,,
544,EpistemeAI/Fireball-Meta-Llama-3.1-8B-Instruct-Agent-0.003-128K,fireballmetallama318binstructagent0003128k,0,0,unmatched,,
545,EpistemeAI/Fireball-Meta-Llama-3.1-8B-Instruct-Agent-0.003-128K-code,fireballmetallama318binstructagent0003128kcode,0,0,unmatched,,
546,EpistemeAI/Fireball-Meta-Llama-3.1-8B-Instruct-Agent-0.003-128K-code-ds,fireballmetallama318binstructagent0003128kcodeds,0,0,unmatched,,
547,EpistemeAI/Fireball-Meta-Llama-3.1-8B-Instruct-Agent-0.003-128K-code-ds-auto,fireballmetallama318binstructagent0003128kcodedsauto,0,0,unmatched,,
548,EpistemeAI/Fireball-Meta-Llama-3.1-8B-Instruct-Agent-0.003-128K-code-ds-auto,fireballmetallama318binstructagent0003128kcodedsauto,0,0,unmatched,,
549,EpistemeAI/Fireball-Meta-Llama-3.1-8B-Instruct-Agent-0.004-128K-code-COT,fireballmetallama318binstructagent0004128kcodecot,0,0,unmatched,,
550,EpistemeAI/Fireball-Meta-Llama-3.1-8B-Instruct-Agent-0.004-128K-code-ds-auto,fireballmetallama318binstructagent0004128kcodedsauto,0,0,unmatched,,
551,EpistemeAI/Fireball-Meta-Llama-3.1-8B-Instruct-Math,fireballmetallama318binstructmath,0,0,unmatched,,
552,EpistemeAI/Fireball-Meta-Llama-3.2-8B-Instruct-agent-003-128k-code-DPO,fireballmetallama328binstructagent003128kcodedpo,0,0,unmatched,,
553,EpistemeAI/Fireball-Mistral-Nemo-Base-2407-v1-DPO2,fireballmistralnemobase2407v1dpo2,0,0,unmatched,,
554,EpistemeAI/Fireball-R1-Llama-3.1-8B,fireballr1llama318b,0,0,unmatched,,
555,EpistemeAI/Fireball-R1-Llama-3.1-8B-Medical-COT,fireballr1llama318bmedicalcot,0,0,unmatched,,
556,EpistemeAI/Fireball-R1.1-Llama-3.1-8B,fireballr11llama318b,0,0,unmatched,,
557,EpistemeAI/Llama-3.2-3B-Agent007-Coder,llama323bagent007coder,0,0,unmatched,,
558,EpistemeAI/Mistral-Nemo-Instruct-12B-Philosophy-Math,mistralnemoinstruct12bphilosophymath,0,0,unmatched,,
559,EpistemeAI/OpenReasoner-Llama-3.2-3B-rs1.0,openreasonerllama323brs10,0,0,unmatched,,
560,EpistemeAI/Polypsyche-Llama-3.1-8B-Instruct-Agent-0.003-128K-code-ds-auto-Empathy,polypsychellama318binstructagent0003128kcodedsautoempathy,0,0,unmatched,,
561,EpistemeAI/Polypsyche-Llama-3.1-8B-Instruct-Agent-0.003-128K-code-ds-auto-Logic,polypsychellama318binstructagent0003128kcodedsautologic,0,0,unmatched,,
562,EpistemeAI/Polypsyche-Llama-3.1-8B-Instruct-Agent-0.003-128K-code-ds-auto-divergent,polypsychellama318binstructagent0003128kcodedsautodivergent,0,0,unmatched,,
563,EpistemeAI/Reasoning-Llama-3.1-CoT-RE1-NMT,reasoningllama31cotre1nmt,0,0,unmatched,,
564,EpistemeAI/Reasoning-Llama-3.1-CoT-RE1-NMT-V2-ORPO,reasoningllama31cotre1nmtv2orpo,0,0,unmatched,,
565,EpistemeAI/Reasoning-Llama-3.2-1B-Instruct-v1.2,reasoningllama321binstructv12,0,0,unmatched,,
566,EpistemeAI/Reasoning-Llama-3.2-1B-Instruct-v1.3,reasoningllama321binstructv13,0,0,unmatched,,
567,EpistemeAI/Reasoning-Llama-3.2-3B-Math-Instruct-RE1,reasoningllama323bmathinstructre1,0,0,unmatched,,
568,EpistemeAI/Reasoning-Llama-3.2-3B-Math-Instruct-RE1-ORPO,reasoningllama323bmathinstructre1orpo,0,0,unmatched,,
569,EpistemeAI/ReasoningCore-1.0-3B-Instruct-r01-Reflect-Math,reasoningcore103binstructr01reflectmath,0,0,unmatched,,
570,EpistemeAI/ReasoningCore-3B-0,reasoningcore3b0,0,0,unmatched,,
571,EpistemeAI/ReasoningCore-3B-Instruct-r01-Reflect,reasoningcore3binstructr01reflect,0,0,unmatched,,
572,EpistemeAI/ReasoningCore-3B-R01,reasoningcore3br01,0,0,unmatched,,
573,EpistemeAI/ReasoningCore-3B-RE1-V2,reasoningcore3bre1v2,0,0,unmatched,,
574,EpistemeAI/ReasoningCore-3B-RE1-V2A,reasoningcore3bre1v2a,0,0,unmatched,,
575,EpistemeAI/ReasoningCore-3B-RE1-V2B,reasoningcore3bre1v2b,0,0,unmatched,,
576,EpistemeAI/ReasoningCore-3B-RE1-V2C,reasoningcore3bre1v2c,0,0,unmatched,,
577,EpistemeAI/ReasoningCore-3B-T1-V1,reasoningcore3bt1v1,0,0,unmatched,,
578,EpistemeAI/ReasoningCore-3B-T1_1,reasoningcore3bt11,0,0,unmatched,,
579,EpistemeAI2/Athene-codegemma-2-7b-it-alpaca-v1.2,athenecodegemma27bitalpacav12,0,0,unmatched,,
580,EpistemeAI2/Fireball-12B-v1.2,fireball12bv12,0,0,unmatched,,
581,EpistemeAI2/Fireball-Alpaca-Llama3.1-8B-Philos,fireballalpacallama318bphilos,0,0,unmatched,,
582,EpistemeAI2/Fireball-Alpaca-Llama3.1.01-8B-Philos,fireballalpacallama31018bphilos,0,0,unmatched,,
583,EpistemeAI2/Fireball-Alpaca-Llama3.1.03-8B-Philos,fireballalpacallama31038bphilos,0,0,unmatched,,
584,EpistemeAI2/Fireball-Alpaca-Llama3.1.04-8B-Philos,fireballalpacallama31048bphilos,0,0,unmatched,,
585,EpistemeAI2/Fireball-Alpaca-Llama3.1.06-8B-Philos-dpo,fireballalpacallama31068bphilosdpo,0,0,unmatched,,
586,EpistemeAI2/Fireball-Alpaca-Llama3.1.07-8B-Philos-Math,fireballalpacallama31078bphilosmath,0,0,unmatched,,
587,EpistemeAI2/Fireball-Alpaca-Llama3.1.08-8B-C-R1-KTO-Reflection,fireballalpacallama31088bcr1ktoreflection,0,0,unmatched,,
588,EpistemeAI2/Fireball-Alpaca-Llama3.1.08-8B-Philos-C-R1,fireballalpacallama31088bphiloscr1,0,0,unmatched,,
589,EpistemeAI2/Fireball-Llama-3.1-8B-Philos-Reflection,fireballllama318bphilosreflection,0,0,unmatched,,
590,EpistemeAI2/Fireball-MathMistral-Nemo-Base-2407-v2dpo,fireballmathmistralnemobase2407v2dpo,0,0,unmatched,,
591,EpistemeAI2/Fireball-Meta-Llama-3.1-8B-Instruct-Agent-0.003-128K-code-math,fireballmetallama318binstructagent0003128kcodemath,0,0,unmatched,,
592,EpistemeAI2/Fireball-Meta-Llama-3.1-8B-Instruct-Agent-0.005-128K-code-COT,fireballmetallama318binstructagent0005128kcodecot,0,0,unmatched,,
593,EpistemeAI2/Fireball-Phi-3-medium-4k-inst-Philos,fireballphi3medium4kinstphilos,0,0,unmatched,,
594,Eric111/CatunaMayo,catunamayo,0,0,unmatched,,
595,Eric111/CatunaMayo-DPO,catunamayodpo,0,0,unmatched,,
596,Etherll/Chocolatine-3B-Instruct-DPO-Revised-Ties,chocolatine3binstructdporevisedties,0,0,unmatched,,
597,Etherll/Chocolatine-3B-Instruct-DPO-Revised-Ties-v2,chocolatine3binstructdporevisedtiesv2,0,0,unmatched,,
598,Etherll/Herplete-LLM-Llama-3.1-8b,herpletellmllama318b,0,0,unmatched,,
599,Etherll/Herplete-LLM-Llama-3.1-8b,herpletellmllama318b,0,0,unmatched,,
600,Etherll/Herplete-LLM-Llama-3.1-8b-Ties,herpletellmllama318bties,0,0,unmatched,,
601,Etherll/Qwen2.5-7B-della-test,qwen257bdellatest,0,0,unmatched,,
602,Etherll/Qwen2.5-Coder-7B-Instruct-Ties,qwen25coder7binstructties,0,0,unmatched,,
603,Etherll/Replete-LLM-V3-Llama-3.1-8b,repletellmv3llama318b,0,0,unmatched,,
604,Etherll/SuperHermes,superhermes,0,0,unmatched,,
605,Eurdem/Defne-llama3.1-8B,defnellama318b,0,0,unmatched,,
606,FINGU-AI/Chocolatine-Fusion-14B,chocolatinefusion14b,0,0,unmatched,,
607,FINGU-AI/L3-8B,l38b,0,0,unmatched,,
608,FINGU-AI/Phi-4-RRStock,phi4rrstock,0,0,unmatched,,
609,FINGU-AI/Q-Small-3B,qsmall3b,0,0,unmatched,,
610,FINGU-AI/QwQ-Buddy-32B-Alpha,qwqbuddy32balpha,0,0,unmatched,,
611,FINGU-AI/RomboUltima-32B,romboultima32b,0,0,unmatched,,
612,FINGU-AI/Ultimos-32B,ultimos32b,0,0,unmatched,,
613,FallenMerick/Chewy-Lemon-Cookie-11B,chewylemoncookie11b,0,0,unmatched,,
614,Felladrin/Llama-160M-Chat-v1,llama160mchatv1,0,0,unmatched,,
615,Felladrin/Minueza-32M-UltraChat,minueza32multrachat,0,0,unmatched,,
616,FlofloB/100k_fineweb_continued_pretraining_Qwen2.5-0.5B-Instruct_Unsloth_merged_16bit,100kfinewebcontinuedpretrainingqwen2505binstructunslothmerged16bit,0,0,unmatched,,
617,FlofloB/10k_continued_pretraining_Phi-3-mini-4k-instruct_Unsloth_merged_16bit,10kcontinuedpretrainingphi3mini4kinstructunslothmerged16bit,0,0,unmatched,,
618,FlofloB/10k_continued_pretraining_Qwen2.5-0.5B-Instruct_Unsloth_merged_16bit,10kcontinuedpretrainingqwen2505binstructunslothmerged16bit,0,0,unmatched,,
619,FlofloB/40k_continued_pretraining_Qwen2.5-0.5B-Instruct_Unsloth_merged_16bit,40kcontinuedpretrainingqwen2505binstructunslothmerged16bit,0,0,unmatched,,
620,FlofloB/83k_continued_pretraining_Qwen2.5-0.5B-Instruct_Unsloth_merged_16bit,83kcontinuedpretrainingqwen2505binstructunslothmerged16bit,0,0,unmatched,,
621,FlofloB/smollm2-135M_pretrained_1000k_fineweb,smollm2135mpretrained1000kfineweb,0,0,unmatched,,
622,FlofloB/smollm2-135M_pretrained_1000k_fineweb_uncovai_human_removed,smollm2135mpretrained1000kfinewebuncovaihumanremoved,0,0,unmatched,,
623,FlofloB/smollm2-135M_pretrained_1000k_fineweb_uncovai_selected,smollm2135mpretrained1000kfinewebuncovaiselected,0,0,unmatched,,
624,FlofloB/smollm2-135M_pretrained_1200k_fineweb,smollm2135mpretrained1200kfineweb,0,0,unmatched,,
625,FlofloB/smollm2-135M_pretrained_1200k_fineweb_uncovai_human_removed,smollm2135mpretrained1200kfinewebuncovaihumanremoved,0,0,unmatched,,
626,FlofloB/smollm2-135M_pretrained_1200k_fineweb_uncovai_selected,smollm2135mpretrained1200kfinewebuncovaiselected,0,0,unmatched,,
627,FlofloB/smollm2-135M_pretrained_1400k_fineweb,smollm2135mpretrained1400kfineweb,0,0,unmatched,,
628,FlofloB/smollm2-135M_pretrained_1400k_fineweb_uncovai_human_removed,smollm2135mpretrained1400kfinewebuncovaihumanremoved,0,0,unmatched,,
629,FlofloB/smollm2-135M_pretrained_1400k_fineweb_uncovai_selected,smollm2135mpretrained1400kfinewebuncovaiselected,0,0,unmatched,,
630,FlofloB/smollm2-135M_pretrained_200k_fineweb_uncovai_human_removed,smollm2135mpretrained200kfinewebuncovaihumanremoved,0,0,unmatched,,
631,FlofloB/smollm2-135M_pretrained_200k_fineweb_uncovai_selected,smollm2135mpretrained200kfinewebuncovaiselected,0,0,unmatched,,
632,FlofloB/smollm2-135M_pretrained_400k_fineweb,smollm2135mpretrained400kfineweb,0,0,unmatched,,
633,FlofloB/smollm2-135M_pretrained_400k_fineweb_uncovai_human_removed,smollm2135mpretrained400kfinewebuncovaihumanremoved,0,0,unmatched,,
634,FlofloB/smollm2-135M_pretrained_400k_fineweb_uncovai_selected,smollm2135mpretrained400kfinewebuncovaiselected,0,0,unmatched,,
635,FlofloB/smollm2-135M_pretrained_600k_fineweb,smollm2135mpretrained600kfineweb,0,0,unmatched,,
636,FlofloB/smollm2-135M_pretrained_600k_fineweb_uncovai_human_removed,smollm2135mpretrained600kfinewebuncovaihumanremoved,0,0,unmatched,,
637,FlofloB/smollm2-135M_pretrained_600k_fineweb_uncovai_selected,smollm2135mpretrained600kfinewebuncovaiselected,0,0,unmatched,,
638,FlofloB/smollm2-135M_pretrained_800k_fineweb,smollm2135mpretrained800kfineweb,0,0,unmatched,,
639,FlofloB/smollm2-135M_pretrained_800k_fineweb_uncovai_human_removed,smollm2135mpretrained800kfinewebuncovaihumanremoved,0,0,unmatched,,
640,FlofloB/smollm2-135M_pretrained_800k_fineweb_uncovai_selected,smollm2135mpretrained800kfinewebuncovaiselected,0,0,unmatched,,
641,FlofloB/smollm2_pretrained_200k_fineweb,smollm2pretrained200kfineweb,0,0,unmatched,,
642,FlofloB/test_continued_pretraining_Phi-3-mini-4k-instruct_Unsloth_merged_16bit,testcontinuedpretrainingphi3mini4kinstructunslothmerged16bit,0,0,unmatched,,
643,FuJhen/ft-openhermes-25-mistral-7b-irca-dpo-pairs,ftopenhermes25mistral7bircadpopairs,0,0,unmatched,,
644,FuJhen/mistral-instruct-7B-DPO,mistralinstruct7bdpo,0,0,unmatched,,
645,FuJhen/mistral_7b_v0.1_structedData_e2e,mistral7bv01structeddatae2e,0,0,unmatched,,
646,FuJhen/mistral_7b_v0.1_structedData_viggo,mistral7bv01structeddataviggo,0,0,unmatched,,
647,FuseAI/FuseChat-7B-v2.0,fusechat7bv20,0,0,unmatched,,
648,FuseAI/FuseChat-Llama-3.1-8B-Instruct,fusechatllama318binstruct,0,0,unmatched,,
649,FuseAI/FuseChat-Llama-3.2-3B-Instruct,fusechatllama323binstruct,0,0,unmatched,,
650,FuseAI/FuseChat-Qwen-2.5-7B-Instruct,fusechatqwen257binstruct,0,0,unmatched,,
651,GalrionSoftworks/MN-LooseCannon-12B-v1,mnloosecannon12bv1,0,0,unmatched,,
652,GalrionSoftworks/MagnusIntellectus-12B-v1,magnusintellectus12bv1,0,0,unmatched,,
653,GenVRadmin/AryaBhatta-GemmaOrca-2-Merged,aryabhattagemmaorca2merged,0,0,unmatched,,
654,GenVRadmin/AryaBhatta-GemmaOrca-Merged,aryabhattagemmaorcamerged,0,0,unmatched,,
655,GenVRadmin/AryaBhatta-GemmaUltra-Merged,aryabhattagemmaultramerged,0,0,unmatched,,
656,GenVRadmin/llama38bGenZ_Vikas-Merged,llama38bgenzvikasmerged,0,0,unmatched,,
657,GoToCompany/gemma2-9b-cpt-sahabatai-v1-instruct,gemma29bcptsahabataiv1instruct,0,0,unmatched,,
658,GoToCompany/llama3-8b-cpt-sahabatai-v1-instruct,llama38bcptsahabataiv1instruct,0,0,unmatched,,
659,Goekdeniz-Guelmez/Josiefied-Qwen2.5-0.5B-Instruct-abliterated-v1,josiefiedqwen2505binstructabliteratedv1,0,0,unmatched,,
660,Goekdeniz-Guelmez/Josiefied-Qwen2.5-1.5B-Instruct-abliterated-v1,josiefiedqwen2515binstructabliteratedv1,0,0,unmatched,,
661,Goekdeniz-Guelmez/Josiefied-Qwen2.5-1.5B-Instruct-abliterated-v2,josiefiedqwen2515binstructabliteratedv2,0,0,unmatched,,
662,Goekdeniz-Guelmez/Josiefied-Qwen2.5-1.5B-Instruct-abliterated-v3,josiefiedqwen2515binstructabliteratedv3,0,0,unmatched,,
663,Goekdeniz-Guelmez/Josiefied-Qwen2.5-14B-Instruct-abliterated-v4,josiefiedqwen2514binstructabliteratedv4,0,0,unmatched,,
664,Goekdeniz-Guelmez/Josiefied-Qwen2.5-7B-Instruct-abliterated-v2,josiefiedqwen257binstructabliteratedv2,0,0,unmatched,,
665,Goekdeniz-Guelmez/j.o.s.i.e.v4o-1.5b-dpo-stage1-v1,josiev4o15bdpostage1v1,0,0,unmatched,,
666,Goekdeniz-Guelmez/josie-3b-v6.0,josie3bv60,0,0,unmatched,,
667,Goekdeniz-Guelmez/josie-7b-v6.0,josie7bv60,0,0,unmatched,,
668,Goekdeniz-Guelmez/josie-7b-v6.0-step2000,josie7bv60step2000,0,0,unmatched,,
669,GreenNode/GreenNode-small-9B-it,greennodesmall9bit,0,0,unmatched,,
670,GritLM/GritLM-7B-KTO,gritlm7bkto,0,0,unmatched,,
671,GritLM/GritLM-8x7B-KTO,gritlm8x7bkto,0,0,unmatched,,
672,Groq/Llama-3-Groq-8B-Tool-Use,llama3groq8btooluse,0,0,unmatched,,
673,Gryphe/Pantheon-RP-1.0-8b-Llama-3,pantheonrp108bllama3,0,0,unmatched,,
674,Gryphe/Pantheon-RP-1.5-12b-Nemo,pantheonrp1512bnemo,0,0,unmatched,,
675,Gryphe/Pantheon-RP-1.6-12b-Nemo,pantheonrp1612bnemo,0,0,unmatched,,
676,Gryphe/Pantheon-RP-1.6-12b-Nemo-KTO,pantheonrp1612bnemokto,0,0,unmatched,,
677,Gryphe/Pantheon-RP-Pure-1.6.2-22b-Small,pantheonrppure16222bsmall,0,0,unmatched,,
678,GuilhermeNaturaUmana/Nature-Reason-1.2-reallysmall,naturereason12reallysmall,0,0,unmatched,,
679,Gunulhona/Gemma-Ko-Merge,gemmakomerge,0,0,unmatched,,
680,Gunulhona/Gemma-Ko-Merge-PEFT,gemmakomergepeft,0,0,unmatched,,
681,Gunulhona/Gemma-Ko-Merge-PEFT,gemmakomergepeft,0,0,unmatched,,
682,HPAI-BSC/Llama3-Aloe-8B-Alpha,llama3aloe8balpha,0,0,unmatched,,
683,HPAI-BSC/Llama3.1-Aloe-Beta-8B,llama31aloebeta8b,0,0,unmatched,,
684,HPAI-BSC/Qwen2.5-Aloe-Beta-7B,qwen25aloebeta7b,0,0,unmatched,,
685,HarbingerX/Zeitgeist-3b-V1,zeitgeist3bv1,0,0,unmatched,,
686,HarbingerX/Zeitgeist-3b-V1.2,zeitgeist3bv12,0,0,unmatched,,
687,Hastagaras/L3.2-JametMini-3B-MK.III,l32jametmini3bmkiii,0,0,unmatched,,
688,Hastagaras/Llama-3.1-Jamet-8B-MK.I,llama31jamet8bmki,0,0,unmatched,,
689,Hastagaras/Zabuza-8B-Llama-3.1,zabuza8bllama31,0,0,unmatched,,
690,HelpingAI/Cipher-20B,cipher20b,0,0,unmatched,,
691,HelpingAI/Dhanishtha-Large,dhanishthalarge,0,0,unmatched,,
692,HelpingAI/Priya-10B,priya10b,0,0,unmatched,,
693,HelpingAI/Priya-3B,priya3b,0,0,unmatched,,
694,HeraiHench/DeepSeek-R1-Qwen-Coder-8B,deepseekr1qwencoder8b,0,0,unmatched,,
695,HeraiHench/Double-Down-Qwen-Math-7B,doubledownqwenmath7b,0,0,unmatched,,
696,HeraiHench/Marge-Qwen-Math-7B,margeqwenmath7b,0,0,unmatched,,
697,HeraiHench/Phi-4-slerp-ReasoningRP-14B,phi4slerpreasoningrp14b,0,0,unmatched,,
698,HiroseKoichi/Llama-Salad-4x8B-V3,llamasalad4x8bv3,0,0,unmatched,,
699,HoangHa/Pensez-Llama3.1-8B,pensezllama318b,0,0,unmatched,,
700,HuggingFaceH4/zephyr-7b-alpha,zephyr7balpha,0,0,unmatched,,
701,HuggingFaceH4/zephyr-7b-beta,zephyr7bbeta,0,0,unmatched,,
702,HuggingFaceH4/zephyr-7b-gemma-v0.1,zephyr7bgemmav01,0,0,unmatched,,
703,HuggingFaceH4/zephyr-orpo-141b-A35b-v0.1,zephyrorpo141ba35bv01,0,0,unmatched,,
704,HuggingFaceTB/SmolLM-1.7B,smollm17b,1,1,accepted_exact,1129.0,exact normalized name; parameter <= tolerance; organization compatible
705,HuggingFaceTB/SmolLM-1.7B-Instruct,smollm17binstruct,0,0,unmatched,,
706,HuggingFaceTB/SmolLM-135M,smollm135m,0,0,unmatched,,
707,HuggingFaceTB/SmolLM-135M-Instruct,smollm135minstruct,0,0,unmatched,,
708,HuggingFaceTB/SmolLM-360M,smollm360m,0,0,unmatched,,
709,HuggingFaceTB/SmolLM-360M-Instruct,smollm360minstruct,0,0,unmatched,,
710,HuggingFaceTB/SmolLM2-1.7B,smollm217b,0,0,unmatched,,
711,HuggingFaceTB/SmolLM2-1.7B-Instruct,smollm217binstruct,0,0,unmatched,,
712,HuggingFaceTB/SmolLM2-135M,smollm2135m,0,0,unmatched,,
713,HuggingFaceTB/SmolLM2-135M-Instruct,smollm2135minstruct,0,0,unmatched,,
714,HuggingFaceTB/SmolLM2-135M-Instruct,smollm2135minstruct,0,0,unmatched,,
715,HuggingFaceTB/SmolLM2-360M,smollm2360m,0,0,unmatched,,
716,HuggingFaceTB/SmolLM2-360M-Instruct,smollm2360minstruct,0,0,unmatched,,
717,HuggingFaceTB/SmolLM2-360M-Instruct,smollm2360minstruct,0,0,unmatched,,
718,HumanLLMs/Humanish-LLama3-8B-Instruct,humanishllama38binstruct,0,0,unmatched,,
719,HumanLLMs/Humanish-Mistral-Nemo-Instruct-2407,humanishmistralnemoinstruct2407,0,0,unmatched,,
720,HumanLLMs/Humanish-Qwen2.5-7B-Instruct,humanishqwen257binstruct,0,0,unmatched,,
721,IDEA-CCNL/Ziya-LLaMA-13B-v1,ziyallama13bv1,0,0,unmatched,,
722,INSAIT-Institute/BgGPT-Gemma-2-27B-IT-v1.0,bggptgemma227bitv10,0,0,unmatched,,
723,IlyaGusev/gemma-2-2b-it-abliterated,gemma22bitabliterated,0,0,unmatched,,
724,IlyaGusev/gemma-2-9b-it-abliterated,gemma29bitabliterated,0,0,unmatched,,
725,Infinirc/Infinirc-Llama3-8B-2G-Release-v1.0,infinircllama38b2greleasev10,0,0,unmatched,,
726,Intel/neural-chat-7b-v3,neuralchat7bv3,0,0,unmatched,,
727,Intel/neural-chat-7b-v3-1,neuralchat7bv31,0,0,unmatched,,
728,Intel/neural-chat-7b-v3-2,neuralchat7bv32,0,0,unmatched,,
729,Intel/neural-chat-7b-v3-3,neuralchat7bv33,0,0,unmatched,,
730,IntervitensInc/internlm2_5-20b-llamafied,internlm2520bllamafied,0,0,unmatched,,
731,Invalid-Null/PeiYangMe-0.5,peiyangme05,0,0,unmatched,,
732,Invalid-Null/PeiYangMe-0.7,peiyangme07,0,0,unmatched,,
733,Isaak-Carter/JOSIEv4o-8b-stage1-v4,josiev4o8bstage1v4,0,0,unmatched,,
734,Isaak-Carter/Josiefied-Qwen2.5-7B-Instruct-abliterated,josiefiedqwen257binstructabliterated,0,0,unmatched,,
735,Isaak-Carter/Josiefied-Qwen2.5-7B-Instruct-abliterated-v2,josiefiedqwen257binstructabliteratedv2,0,0,unmatched,,
736,J-LAB/Thynk_orpo,thynkorpo,0,0,unmatched,,
737,JackFram/llama-160m,llama160m,0,0,unmatched,,
738,JackFram/llama-68m,llama68m,0,0,unmatched,,
739,Jacoby746/Casual-Magnum-34B,casualmagnum34b,0,0,unmatched,,
740,Jacoby746/Inf-Silent-Kunoichi-v0.1-2x7B,infsilentkunoichiv012x7b,0,0,unmatched,,
741,Jacoby746/Inf-Silent-Kunoichi-v0.2-2x7B,infsilentkunoichiv022x7b,0,0,unmatched,,
742,Jacoby746/Proto-Athena-4x7B,protoathena4x7b,0,0,unmatched,,
743,Jacoby746/Proto-Athena-v0.2-4x7B,protoathenav024x7b,0,0,unmatched,,
744,Jacoby746/Proto-Harpy-Blazing-Light-v0.1-2x7B,protoharpyblazinglightv012x7b,0,0,unmatched,,
745,Jacoby746/Proto-Harpy-Spark-v0.1-7B,protoharpysparkv017b,0,0,unmatched,,
746,JayHyeon/Qwen-0.5B-DPO-1epoch,qwen05bdpo1epoch,0,0,unmatched,,
747,JayHyeon/Qwen-0.5B-DPO-5epoch,qwen05bdpo5epoch,0,0,unmatched,,
748,JayHyeon/Qwen-0.5B-IRPO-1epoch,qwen05birpo1epoch,0,0,unmatched,,
749,JayHyeon/Qwen-0.5B-IRPO-5epoch,qwen05birpo5epoch,0,0,unmatched,,
750,JayHyeon/Qwen-0.5B-eDPO-1epoch,qwen05bedpo1epoch,0,0,unmatched,,
751,JayHyeon/Qwen-0.5B-eDPO-5epoch,qwen05bedpo5epoch,0,0,unmatched,,
752,JayHyeon/Qwen2.5-0.5B-Instruct-SFT,qwen2505binstructsft,0,0,unmatched,,
753,JayHyeon/Qwen2.5-0.5B-Instruct-SFT-DPO-1epoch_v1,qwen2505binstructsftdpo1epochv1,0,0,unmatched,,
754,JayHyeon/Qwen2.5-0.5B-Instruct-SFT-IRPO-1epoch_v1,qwen2505binstructsftirpo1epochv1,0,0,unmatched,,
755,JayHyeon/Qwen2.5-0.5B-Instruct-SFT-MDPO-1epoch_v1,qwen2505binstructsftmdpo1epochv1,0,0,unmatched,,
756,JayHyeon/Qwen2.5-0.5B-SFT,qwen2505bsft,0,0,unmatched,,
757,JayHyeon/Qwen2.5-0.5B-SFT-1e-4,qwen2505bsft1e4,0,0,unmatched,,
758,JayHyeon/Qwen2.5-0.5B-SFT-1e-4-2ep,qwen2505bsft1e42ep,0,0,unmatched,,
759,JayHyeon/Qwen2.5-0.5B-SFT-1e-4-3ep,qwen2505bsft1e43ep,0,0,unmatched,,
760,JayHyeon/Qwen2.5-0.5B-SFT-1e-4-5ep,qwen2505bsft1e45ep,0,0,unmatched,,
761,JayHyeon/Qwen2.5-0.5B-SFT-1e-5,qwen2505bsft1e5,0,0,unmatched,,
762,JayHyeon/Qwen2.5-0.5B-SFT-1e-5-2ep,qwen2505bsft1e52ep,0,0,unmatched,,
763,JayHyeon/Qwen2.5-0.5B-SFT-1e-5-3ep,qwen2505bsft1e53ep,0,0,unmatched,,
764,JayHyeon/Qwen2.5-0.5B-SFT-1e-5-5ep,qwen2505bsft1e55ep,0,0,unmatched,,
765,JayHyeon/Qwen2.5-0.5B-SFT-2e-4,qwen2505bsft2e4,0,0,unmatched,,
766,JayHyeon/Qwen2.5-0.5B-SFT-2e-4-2ep,qwen2505bsft2e42ep,0,0,unmatched,,
767,JayHyeon/Qwen2.5-0.5B-SFT-2e-4-3ep,qwen2505bsft2e43ep,0,0,unmatched,,
768,JayHyeon/Qwen2.5-0.5B-SFT-2e-4-5ep,qwen2505bsft2e45ep,0,0,unmatched,,
769,JayHyeon/Qwen2.5-0.5B-SFT-2e-5,qwen2505bsft2e5,0,0,unmatched,,
770,JayHyeon/Qwen2.5-0.5B-SFT-2e-5-2ep,qwen2505bsft2e52ep,0,0,unmatched,,
771,JayHyeon/Qwen2.5-0.5B-SFT-2e-5-2ep-DPOP_3e-7-3ep_0alp_5lam,qwen2505bsft2e52epdpop3e73ep0alp5lam,0,0,unmatched,,
772,JayHyeon/Qwen2.5-0.5B-SFT-2e-5-2ep-DPOP_5e-6-1ep_0alp_5lam,qwen2505bsft2e52epdpop5e61ep0alp5lam,0,0,unmatched,,
773,JayHyeon/Qwen2.5-0.5B-SFT-2e-5-2ep-DPOP_5e-6-2ep_0alp_5lam,qwen2505bsft2e52epdpop5e62ep0alp5lam,0,0,unmatched,,
774,JayHyeon/Qwen2.5-0.5B-SFT-2e-5-2ep-DPOP_5e-6-3ep_0alp_5lam,qwen2505bsft2e52epdpop5e63ep0alp5lam,0,0,unmatched,,
775,JayHyeon/Qwen2.5-0.5B-SFT-2e-5-2ep-DPOP_5e-7-1ep_0alp_5lam,qwen2505bsft2e52epdpop5e71ep0alp5lam,0,0,unmatched,,
776,JayHyeon/Qwen2.5-0.5B-SFT-2e-5-2ep-DPOP_5e-7-2ep_0alp_5lam,qwen2505bsft2e52epdpop5e72ep0alp5lam,0,0,unmatched,,
777,JayHyeon/Qwen2.5-0.5B-SFT-2e-5-2ep-DPOP_5e-7-3ep_0alp_5lam,qwen2505bsft2e52epdpop5e73ep0alp5lam,0,0,unmatched,,
778,JayHyeon/Qwen2.5-0.5B-SFT-2e-5-2ep-DPO_1e-6-1ep_0alp_0lam,qwen2505bsft2e52epdpo1e61ep0alp0lam,0,0,unmatched,,
779,JayHyeon/Qwen2.5-0.5B-SFT-2e-5-2ep-DPO_1e-6-2ep_0alp_0lam,qwen2505bsft2e52epdpo1e62ep0alp0lam,0,0,unmatched,,
780,JayHyeon/Qwen2.5-0.5B-SFT-2e-5-2ep-DPO_1e-6-3ep_0alp_0lam,qwen2505bsft2e52epdpo1e63ep0alp0lam,0,0,unmatched,,
781,JayHyeon/Qwen2.5-0.5B-SFT-2e-5-2ep-DPO_1e-7-2ep_0alp_0lam,qwen2505bsft2e52epdpo1e72ep0alp0lam,0,0,unmatched,,
782,JayHyeon/Qwen2.5-0.5B-SFT-2e-5-2ep-DPO_1e-7-3ep_0alp_0lam,qwen2505bsft2e52epdpo1e73ep0alp0lam,0,0,unmatched,,
783,JayHyeon/Qwen2.5-0.5B-SFT-2e-5-2ep-DPO_2e-6-1ep_0alp_0lam,qwen2505bsft2e52epdpo2e61ep0alp0lam,0,0,unmatched,,
784,JayHyeon/Qwen2.5-0.5B-SFT-2e-5-2ep-DPO_2e-6-2ep_0alp_0lam,qwen2505bsft2e52epdpo2e62ep0alp0lam,0,0,unmatched,,
785,JayHyeon/Qwen2.5-0.5B-SFT-2e-5-2ep-DPO_2e-6-3ep_0alp_0lam,qwen2505bsft2e52epdpo2e63ep0alp0lam,0,0,unmatched,,
786,JayHyeon/Qwen2.5-0.5B-SFT-2e-5-2ep-DPO_3e-6-1ep_0alp_0lam,qwen2505bsft2e52epdpo3e61ep0alp0lam,0,0,unmatched,,
787,JayHyeon/Qwen2.5-0.5B-SFT-2e-5-2ep-DPO_3e-6-2ep_0alp_0lam,qwen2505bsft2e52epdpo3e62ep0alp0lam,0,0,unmatched,,
788,JayHyeon/Qwen2.5-0.5B-SFT-2e-5-2ep-DPO_3e-6-3ep_0alp_0lam,qwen2505bsft2e52epdpo3e63ep0alp0lam,0,0,unmatched,,
789,JayHyeon/Qwen2.5-0.5B-SFT-2e-5-2ep-DPO_3e-7-3ep_0alp_0lam,qwen2505bsft2e52epdpo3e73ep0alp0lam,0,0,unmatched,,
790,JayHyeon/Qwen2.5-0.5B-SFT-2e-5-2ep-DPO_5e-6-1ep_0alp_0lam,qwen2505bsft2e52epdpo5e61ep0alp0lam,0,0,unmatched,,
791,JayHyeon/Qwen2.5-0.5B-SFT-2e-5-2ep-DPO_5e-6-2ep_0alp_0lam,qwen2505bsft2e52epdpo5e62ep0alp0lam,0,0,unmatched,,
792,JayHyeon/Qwen2.5-0.5B-SFT-2e-5-2ep-DPO_5e-6-3ep_0alp_0lam,qwen2505bsft2e52epdpo5e63ep0alp0lam,0,0,unmatched,,
793,JayHyeon/Qwen2.5-0.5B-SFT-2e-5-2ep-DPO_5e-7_1ep_0alp_0lam,qwen2505bsft2e52epdpo5e71ep0alp0lam,0,0,unmatched,,
794,JayHyeon/Qwen2.5-0.5B-SFT-2e-5-2ep-DPO_5e-7_2ep_0alp_0lam,qwen2505bsft2e52epdpo5e72ep0alp0lam,0,0,unmatched,,
795,JayHyeon/Qwen2.5-0.5B-SFT-2e-5-2ep-DPO_5e-7_3ep_0alp_0lam,qwen2505bsft2e52epdpo5e73ep0alp0lam,0,0,unmatched,,
796,JayHyeon/Qwen2.5-0.5B-SFT-2e-5-2ep-DPO_7e-7_1ep_0alp_0lam,qwen2505bsft2e52epdpo7e71ep0alp0lam,0,0,unmatched,,
797,JayHyeon/Qwen2.5-0.5B-SFT-2e-5-2ep-DPO_7e-7_2ep_0alp_0lam,qwen2505bsft2e52epdpo7e72ep0alp0lam,0,0,unmatched,,
798,JayHyeon/Qwen2.5-0.5B-SFT-2e-5-2ep-DPO_7e-7_3ep_0alp_0lam,qwen2505bsft2e52epdpo7e73ep0alp0lam,0,0,unmatched,,
799,JayHyeon/Qwen2.5-0.5B-SFT-2e-5-2ep-IRPO_1e-7-1ep_1alp_0lam,qwen2505bsft2e52epirpo1e71ep1alp0lam,0,0,unmatched,,
800,JayHyeon/Qwen2.5-0.5B-SFT-2e-5-2ep-IRPO_1e-7-2ep_1alp_0lam,qwen2505bsft2e52epirpo1e72ep1alp0lam,0,0,unmatched,,
801,JayHyeon/Qwen2.5-0.5B-SFT-2e-5-2ep-IRPO_1e-7-3ep_1alp_0lam,qwen2505bsft2e52epirpo1e73ep1alp0lam,0,0,unmatched,,
802,JayHyeon/Qwen2.5-0.5B-SFT-2e-5-2ep-IRPO_3e-7-3ep_1alp_0lam,qwen2505bsft2e52epirpo3e73ep1alp0lam,0,0,unmatched,,
803,JayHyeon/Qwen2.5-0.5B-SFT-2e-5-2ep-IRPO_5e-6-1ep_1alp_0lam,qwen2505bsft2e52epirpo5e61ep1alp0lam,0,0,unmatched,,
804,JayHyeon/Qwen2.5-0.5B-SFT-2e-5-2ep-IRPO_5e-6-2ep_1alp_0lam,qwen2505bsft2e52epirpo5e62ep1alp0lam,0,0,unmatched,,
805,JayHyeon/Qwen2.5-0.5B-SFT-2e-5-2ep-IRPO_5e-6-3ep_1alp_0lam,qwen2505bsft2e52epirpo5e63ep1alp0lam,0,0,unmatched,,
806,JayHyeon/Qwen2.5-0.5B-SFT-2e-5-2ep-IRPO_5e-7-1ep_1alp_0lam,qwen2505bsft2e52epirpo5e71ep1alp0lam,0,0,unmatched,,
807,JayHyeon/Qwen2.5-0.5B-SFT-2e-5-2ep-IRPO_5e-7-2ep_1alp_0lam,qwen2505bsft2e52epirpo5e72ep1alp0lam,0,0,unmatched,,
808,JayHyeon/Qwen2.5-0.5B-SFT-2e-5-2ep-IRPO_5e-7-3ep_1alp_0lam,qwen2505bsft2e52epirpo5e73ep1alp0lam,0,0,unmatched,,
809,JayHyeon/Qwen2.5-0.5B-SFT-2e-5-2ep-MDPO_0.5_1e-7-1ep_0alp_0lam,qwen2505bsft2e52epmdpo051e71ep0alp0lam,0,0,unmatched,,
810,JayHyeon/Qwen2.5-0.5B-SFT-2e-5-2ep-MDPO_0.5_1e-7-2ep_0alp_0lam,qwen2505bsft2e52epmdpo051e72ep0alp0lam,0,0,unmatched,,
811,JayHyeon/Qwen2.5-0.5B-SFT-2e-5-2ep-MDPO_0.5_1e-7-3ep_0alp_0lam,qwen2505bsft2e52epmdpo051e73ep0alp0lam,0,0,unmatched,,
812,JayHyeon/Qwen2.5-0.5B-SFT-2e-5-2ep-MDPO_1e-6-3ep_0alp_0lam,qwen2505bsft2e52epmdpo1e63ep0alp0lam,0,0,unmatched,,
813,JayHyeon/Qwen2.5-0.5B-SFT-2e-5-2ep-MDPO_1e-6_1ep_0alp_0lam,qwen2505bsft2e52epmdpo1e61ep0alp0lam,0,0,unmatched,,
814,JayHyeon/Qwen2.5-0.5B-SFT-2e-5-2ep-MDPO_1e-6_2ep_0alp_0lam,qwen2505bsft2e52epmdpo1e62ep0alp0lam,0,0,unmatched,,
815,JayHyeon/Qwen2.5-0.5B-SFT-2e-5-2ep-MDPO_2e-6-3ep_0alp_0lam,qwen2505bsft2e52epmdpo2e63ep0alp0lam,0,0,unmatched,,
816,JayHyeon/Qwen2.5-0.5B-SFT-2e-5-2ep-MDPO_2e-6_1ep_0alp_0lam,qwen2505bsft2e52epmdpo2e61ep0alp0lam,0,0,unmatched,,
817,JayHyeon/Qwen2.5-0.5B-SFT-2e-5-2ep-MDPO_2e-6_2ep_0alp_0lam,qwen2505bsft2e52epmdpo2e62ep0alp0lam,0,0,unmatched,,
818,JayHyeon/Qwen2.5-0.5B-SFT-2e-5-2ep-MDPO_3e-6-1ep_0alp_0lam,qwen2505bsft2e52epmdpo3e61ep0alp0lam,0,0,unmatched,,
819,JayHyeon/Qwen2.5-0.5B-SFT-2e-5-2ep-MDPO_3e-6-2ep_0alp_0lam,qwen2505bsft2e52epmdpo3e62ep0alp0lam,0,0,unmatched,,
820,JayHyeon/Qwen2.5-0.5B-SFT-2e-5-2ep-MDPO_3e-6-3ep_0alp_0lam,qwen2505bsft2e52epmdpo3e63ep0alp0lam,0,0,unmatched,,
821,JayHyeon/Qwen2.5-0.5B-SFT-2e-5-2ep-MDPO_5e-6-1ep_0alp_0lam,qwen2505bsft2e52epmdpo5e61ep0alp0lam,0,0,unmatched,,
822,JayHyeon/Qwen2.5-0.5B-SFT-2e-5-2ep-MDPO_5e-6-2ep_0alp_0lam,qwen2505bsft2e52epmdpo5e62ep0alp0lam,0,0,unmatched,,
823,JayHyeon/Qwen2.5-0.5B-SFT-2e-5-2ep-MDPO_5e-6-3ep_0alp_0lam,qwen2505bsft2e52epmdpo5e63ep0alp0lam,0,0,unmatched,,
824,JayHyeon/Qwen2.5-0.5B-SFT-2e-5-2ep-MDPO_5e-7-3ep_0alp_0lam,qwen2505bsft2e52epmdpo5e73ep0alp0lam,0,0,unmatched,,
825,JayHyeon/Qwen2.5-0.5B-SFT-2e-5-2ep-MDPO_5e-7_1ep_0alp_0lam,qwen2505bsft2e52epmdpo5e71ep0alp0lam,0,0,unmatched,,
826,JayHyeon/Qwen2.5-0.5B-SFT-2e-5-2ep-MDPO_5e-7_2ep_0alp_0lam,qwen2505bsft2e52epmdpo5e72ep0alp0lam,0,0,unmatched,,
827,JayHyeon/Qwen2.5-0.5B-SFT-2e-5-2ep-MDPO_7e-7-3ep_0alp_0lam,qwen2505bsft2e52epmdpo7e73ep0alp0lam,0,0,unmatched,,
828,JayHyeon/Qwen2.5-0.5B-SFT-2e-5-2ep-MDPO_7e-7_1ep_0alp_0lam,qwen2505bsft2e52epmdpo7e71ep0alp0lam,0,0,unmatched,,
829,JayHyeon/Qwen2.5-0.5B-SFT-2e-5-2ep-MDPO_7e-7_2ep_0alp_0lam,qwen2505bsft2e52epmdpo7e72ep0alp0lam,0,0,unmatched,,
830,JayHyeon/Qwen2.5-0.5B-SFT-2e-5-3ep,qwen2505bsft2e53ep,0,0,unmatched,,
831,JayHyeon/Qwen2.5-0.5B-SFT-2e-5-5ep,qwen2505bsft2e55ep,0,0,unmatched,,
832,JayHyeon/Qwen2.5-0.5B-SFT-2e-5-5ep-MDPO_5e-7_3ep_0alp_0lam,qwen2505bsft2e55epmdpo5e73ep0alp0lam,0,0,unmatched,,
833,JayHyeon/Qwen2.5-0.5B-SFT-2e-5-5ep-MDPO_5e-7_3ep_0alp_0lam_1ep,qwen2505bsft2e55epmdpo5e73ep0alp0lam1ep,0,0,unmatched,,
834,JayHyeon/Qwen2.5-0.5B-SFT-2e-5-5ep-MDPO_5e-7_3ep_0alp_0lam_2ep,qwen2505bsft2e55epmdpo5e73ep0alp0lam2ep,0,0,unmatched,,
835,JayHyeon/Qwen2.5-0.5B-SFT-2e-5-5ep-MDPO_7e-7_3ep_0alp_0lam,qwen2505bsft2e55epmdpo7e73ep0alp0lam,0,0,unmatched,,
836,JayHyeon/Qwen2.5-0.5B-SFT-2e-5-5ep-MDPO_7e-7_3ep_0alp_0lam_1ep,qwen2505bsft2e55epmdpo7e73ep0alp0lam1ep,0,0,unmatched,,
837,JayHyeon/Qwen2.5-0.5B-SFT-2e-5-5ep-MDPO_7e-7_3ep_0alp_0lam_2ep,qwen2505bsft2e55epmdpo7e73ep0alp0lam2ep,0,0,unmatched,,
838,JayHyeon/Qwen2.5-0.5B-SFT-5e-5,qwen2505bsft5e5,0,0,unmatched,,
839,JayHyeon/Qwen2.5-0.5B-SFT-5e-5-2ep,qwen2505bsft5e52ep,0,0,unmatched,,
840,JayHyeon/Qwen2.5-0.5B-SFT-5e-5-3ep,qwen2505bsft5e53ep,0,0,unmatched,,
841,JayHyeon/Qwen2.5-0.5B-SFT-5e-5-5ep,qwen2505bsft5e55ep,0,0,unmatched,,
842,JayHyeon/Qwen2.5-0.5B-SFT-7e-5,qwen2505bsft7e5,0,0,unmatched,,
843,JayHyeon/Qwen2.5-0.5B-SFT-7e-5-2ep,qwen2505bsft7e52ep,0,0,unmatched,,
844,JayHyeon/Qwen2.5-0.5B-SFT-7e-5-3ep,qwen2505bsft7e53ep,0,0,unmatched,,
845,JayHyeon/Qwen2.5-0.5B-SFT-7e-5-5ep,qwen2505bsft7e55ep,0,0,unmatched,,
846,JayHyeon/Qwen2.5-0.5B-SFT-DPO-1epoch_v1,qwen2505bsftdpo1epochv1,0,0,unmatched,,
847,JayHyeon/Qwen2.5-0.5B-SFT-MDPO-1epoch_v1,qwen2505bsftmdpo1epochv1,0,0,unmatched,,
848,JayHyeon/Qwen_0.5-DPOP_1e-6-3ep_0alp_5lam,qwen05dpop1e63ep0alp5lam,0,0,unmatched,,
849,JayHyeon/Qwen_0.5-DPOP_1e-7-3ep_0alp_5lam,qwen05dpop1e73ep0alp5lam,0,0,unmatched,,
850,JayHyeon/Qwen_0.5-DPOP_3e-6-1ep_0alp_5lam,qwen05dpop3e61ep0alp5lam,0,0,unmatched,,
851,JayHyeon/Qwen_0.5-DPOP_3e-6-2ep_0alp_5lam,qwen05dpop3e62ep0alp5lam,0,0,unmatched,,
852,JayHyeon/Qwen_0.5-DPOP_3e-6-3ep_0alp_5lam,qwen05dpop3e63ep0alp5lam,0,0,unmatched,,
853,JayHyeon/Qwen_0.5-DPOP_3e-7-1ep_0alp_5lam,qwen05dpop3e71ep0alp5lam,0,0,unmatched,,
854,JayHyeon/Qwen_0.5-DPOP_3e-7-2ep_0alp_5lam,qwen05dpop3e72ep0alp5lam,0,0,unmatched,,
855,JayHyeon/Qwen_0.5-DPOP_3e-7-3ep_0alp_5lam,qwen05dpop3e73ep0alp5lam,0,0,unmatched,,
856,JayHyeon/Qwen_0.5-DPOP_5e-7-1ep_0alp_5lam,qwen05dpop5e71ep0alp5lam,0,0,unmatched,,
857,JayHyeon/Qwen_0.5-DPOP_5e-7-2ep_0alp_5lam,qwen05dpop5e72ep0alp5lam,0,0,unmatched,,
858,JayHyeon/Qwen_0.5-DPOP_5e-7-3ep_0alp_5lam,qwen05dpop5e73ep0alp5lam,0,0,unmatched,,
859,JayHyeon/Qwen_0.5-DPO_1e-6-3ep_0alp_0lam,qwen05dpo1e63ep0alp0lam,0,0,unmatched,,
860,JayHyeon/Qwen_0.5-DPO_1e-7-3ep_0alp_0lam,qwen05dpo1e73ep0alp0lam,0,0,unmatched,,
861,JayHyeon/Qwen_0.5-DPO_3e-6-1ep_0alp_0lam,qwen05dpo3e61ep0alp0lam,0,0,unmatched,,
862,JayHyeon/Qwen_0.5-DPO_3e-6-2ep_0alp_0lam,qwen05dpo3e62ep0alp0lam,0,0,unmatched,,
863,JayHyeon/Qwen_0.5-DPO_3e-6-3ep_0alp_0lam,qwen05dpo3e63ep0alp0lam,0,0,unmatched,,
864,JayHyeon/Qwen_0.5-DPO_3e-7-1ep_0alp_0lam,qwen05dpo3e71ep0alp0lam,0,0,unmatched,,
865,JayHyeon/Qwen_0.5-DPO_3e-7-2ep_0alp_0lam,qwen05dpo3e72ep0alp0lam,0,0,unmatched,,
866,JayHyeon/Qwen_0.5-DPO_3e-7-3ep_0alp_0lam,qwen05dpo3e73ep0alp0lam,0,0,unmatched,,
867,JayHyeon/Qwen_0.5-DPO_5e-7-1ep_0alp_0lam,qwen05dpo5e71ep0alp0lam,0,0,unmatched,,
868,JayHyeon/Qwen_0.5-DPO_5e-7-2ep_0alp_0lam,qwen05dpo5e72ep0alp0lam,0,0,unmatched,,
869,JayHyeon/Qwen_0.5-DPO_5e-7-3ep_0alp_0lam,qwen05dpo5e73ep0alp0lam,0,0,unmatched,,
870,JayHyeon/Qwen_0.5-IPO_5e-7-1ep_0alp_0lam,qwen05ipo5e71ep0alp0lam,0,0,unmatched,,
871,JayHyeon/Qwen_0.5-IPO_5e-7-3ep_0alp_0lam,qwen05ipo5e73ep0alp0lam,0,0,unmatched,,
872,JayHyeon/Qwen_0.5-IRPO_1e-6-3ep_1alp_0lam,qwen05irpo1e63ep1alp0lam,0,0,unmatched,,
873,JayHyeon/Qwen_0.5-IRPO_1e-7-3ep_1alp_0lam,qwen05irpo1e73ep1alp0lam,0,0,unmatched,,
874,JayHyeon/Qwen_0.5-IRPO_3e-6-1ep_1alp_0lam,qwen05irpo3e61ep1alp0lam,0,0,unmatched,,
875,JayHyeon/Qwen_0.5-IRPO_3e-6-2ep_1alp_0lam,qwen05irpo3e62ep1alp0lam,0,0,unmatched,,
876,JayHyeon/Qwen_0.5-IRPO_3e-6-3ep_1alp_0lam,qwen05irpo3e63ep1alp0lam,0,0,unmatched,,
877,JayHyeon/Qwen_0.5-IRPO_3e-7-1ep_1alp_0lam,qwen05irpo3e71ep1alp0lam,0,0,unmatched,,
878,JayHyeon/Qwen_0.5-IRPO_3e-7-3ep_1alp_0lam,qwen05irpo3e73ep1alp0lam,0,0,unmatched,,
879,JayHyeon/Qwen_0.5-IRPO_5e-7-1ep_1alp_0lam,qwen05irpo5e71ep1alp0lam,0,0,unmatched,,
880,JayHyeon/Qwen_0.5-IRPO_5e-7-2ep_1alp_0lam,qwen05irpo5e72ep1alp0lam,0,0,unmatched,,
881,JayHyeon/Qwen_0.5-IRPO_5e-7-3ep_1alp_0lam,qwen05irpo5e73ep1alp0lam,0,0,unmatched,,
882,JayHyeon/Qwen_0.5-MDPO_0.1_3e-6-3ep_0alp_0lam,qwen05mdpo013e63ep0alp0lam,0,0,unmatched,,
883,JayHyeon/Qwen_0.5-MDPO_0.1_5e-7-3ep_0alp_0lam,qwen05mdpo015e73ep0alp0lam,0,0,unmatched,,
884,JayHyeon/Qwen_0.5-MDPO_0.3_3e-6-3ep_0alp_0lam,qwen05mdpo033e63ep0alp0lam,0,0,unmatched,,
885,JayHyeon/Qwen_0.5-MDPO_0.3_5e-7-3ep_0alp_0lam,qwen05mdpo035e73ep0alp0lam,0,0,unmatched,,
886,JayHyeon/Qwen_0.5-MDPO_0.5_1e-5-3ep_0alp_0lam,qwen05mdpo051e53ep0alp0lam,0,0,unmatched,,
887,JayHyeon/Qwen_0.5-MDPO_0.5_3e-7-1ep_0alp_0lam,qwen05mdpo053e71ep0alp0lam,0,0,unmatched,,
888,JayHyeon/Qwen_0.5-MDPO_0.5_3e-7-2ep_0alp_0lam,qwen05mdpo053e72ep0alp0lam,0,0,unmatched,,
889,JayHyeon/Qwen_0.5-MDPO_0.5_3e-7-3ep_0alp_0lam,qwen05mdpo053e73ep0alp0lam,0,0,unmatched,,
890,JayHyeon/Qwen_0.5-MDPO_0.5_4e-6-3ep_0alp_0lam,qwen05mdpo054e63ep0alp0lam,0,0,unmatched,,
891,JayHyeon/Qwen_0.5-MDPO_0.5_6e-6-3ep_0alp_0lam,qwen05mdpo056e63ep0alp0lam,0,0,unmatched,,
892,JayHyeon/Qwen_0.5-MDPO_0.5_7e-6-3ep_0alp_0lam,qwen05mdpo057e63ep0alp0lam,0,0,unmatched,,
893,JayHyeon/Qwen_0.5-MDPO_0.5_7e-7-3ep_0alp_0lam,qwen05mdpo057e73ep0alp0lam,0,0,unmatched,,
894,JayHyeon/Qwen_0.5-MDPO_0.7_3e-6-3ep_0alp_0lam,qwen05mdpo073e63ep0alp0lam,0,0,unmatched,,
895,JayHyeon/Qwen_0.5-MDPO_0.7_5e-7-3ep_0alp_0lam,qwen05mdpo075e73ep0alp0lam,0,0,unmatched,,
896,JayHyeon/Qwen_0.5-MDPO_0.9_5e-7-3ep_0alp_0lam,qwen05mdpo095e73ep0alp0lam,0,0,unmatched,,
897,JayHyeon/Qwen_0.5-VDPO_3e-6-1ep_3vpo_const,qwen05vdpo3e61ep3vpoconst,0,0,unmatched,,
898,JayHyeon/Qwen_0.5-VDPO_5e-7-1ep_0alp_0lam,qwen05vdpo5e71ep0alp0lam,0,0,unmatched,,
899,JayHyeon/Qwen_0.5-VDPO_5e-7-1ep_10vpo_const,qwen05vdpo5e71ep10vpoconst,0,0,unmatched,,
900,JayHyeon/Qwen_0.5-VDPO_5e-7-1ep_1vpo_const,qwen05vdpo5e71ep1vpoconst,0,0,unmatched,,
901,JayHyeon/Qwen_0.5-VDPO_5e-7-1ep_3vpo_const,qwen05vdpo5e71ep3vpoconst,0,0,unmatched,,
902,JayHyeon/Qwen_0.5-VDPO_5e-7-3ep_0alp_0lam,qwen05vdpo5e73ep0alp0lam,0,0,unmatched,,
903,JayHyeon/Qwen_0.5-VDPO_5e-7-3ep_1vpo_const,qwen05vdpo5e73ep1vpoconst,0,0,unmatched,,
904,JayHyeon/Qwen_0.5-VDPO_5e-7-3ep_3vpo_const,qwen05vdpo5e73ep3vpoconst,0,0,unmatched,,
905,JayHyeon/Qwen_0.5-VIPO_5e-7-1ep_0alp_0lam,qwen05vipo5e71ep0alp0lam,0,0,unmatched,,
906,JayHyeon/Qwen_0.5-VIPO_5e-7-1ep_10vpo_const,qwen05vipo5e71ep10vpoconst,0,0,unmatched,,
907,JayHyeon/Qwen_0.5-VIPO_5e-7-1ep_1vpo_const,qwen05vipo5e71ep1vpoconst,0,0,unmatched,,
908,JayHyeon/Qwen_0.5-VIPO_5e-7-1ep_30vpo_const,qwen05vipo5e71ep30vpoconst,0,0,unmatched,,
909,JayHyeon/Qwen_0.5-VIPO_5e-7-1ep_3vpo_const,qwen05vipo5e71ep3vpoconst,0,0,unmatched,,
910,JayHyeon/Qwen_0.5-VIPO_5e-7-3ep_0alp_0lam,qwen05vipo5e73ep0alp0lam,0,0,unmatched,,
911,JayHyeon/Qwen_0.5-VIPO_5e-7-3ep_10vpo_const,qwen05vipo5e73ep10vpoconst,0,0,unmatched,,
912,JayHyeon/Qwen_0.5-VIPO_5e-7-3ep_1vpo_const,qwen05vipo5e73ep1vpoconst,0,0,unmatched,,
913,JayHyeon/Qwen_0.5-VIPO_5e-7-3ep_30vpo_const,qwen05vipo5e73ep30vpoconst,0,0,unmatched,,
914,JayHyeon/Qwen_0.5-VIPO_5e-7-3ep_3vpo_const,qwen05vipo5e73ep3vpoconst,0,0,unmatched,,
915,JayHyeon/Qwen_0.5-cDPO_5e-7-3ep_0vpo_const_0.1,qwen05cdpo5e73ep0vpoconst01,0,0,unmatched,,
916,JayHyeon/Qwen_0.5-cDPO_5e-7-3ep_0vpo_const_0.3,qwen05cdpo5e73ep0vpoconst03,0,0,unmatched,,
917,JayHyeon/Qwen_0.5-rDPO_3e-6-1ep_0vpo_const_0.1,qwen05rdpo3e61ep0vpoconst01,0,0,unmatched,,
918,JayHyeon/Qwen_0.5-rDPO_5e-7-3ep_0vpo_const_0.1,qwen05rdpo5e73ep0vpoconst01,0,0,unmatched,,
919,JayHyeon/Qwen_0.5-rDPO_5e-7-3ep_0vpo_const_0.3,qwen05rdpo5e73ep0vpoconst03,0,0,unmatched,,
920,Jimmy19991222/Llama-3-Instruct-8B-SimPO-v0.2,llama3instruct8bsimpov02,0,0,unmatched,,
921,Jimmy19991222/llama-3-8b-instruct-gapo-v2-bert-f1-beta10-gamma0.3-lr1.0e-6-1minus-rerun,llama38binstructgapov2bertf1beta10gamma03lr10e61minusrerun,0,0,unmatched,,
922,Jimmy19991222/llama-3-8b-instruct-gapo-v2-bert_f1-beta10-gamma0.3-lr1.0e-6-scale-log,llama38binstructgapov2bertf1beta10gamma03lr10e6scalelog,0,0,unmatched,,
923,Jimmy19991222/llama-3-8b-instruct-gapo-v2-bert_p-beta10-gamma0.3-lr1.0e-6-scale-log,llama38binstructgapov2bertpbeta10gamma03lr10e6scalelog,0,0,unmatched,,
924,Jimmy19991222/llama-3-8b-instruct-gapo-v2-bleu-beta0.1-no-length-scale-gamma0.4,llama38binstructgapov2bleubeta01nolengthscalegamma04,0,0,unmatched,,
925,Jimmy19991222/llama-3-8b-instruct-gapo-v2-rouge2-beta10-1minus-gamma0.3-rerun,llama38binstructgapov2rouge2beta101minusgamma03rerun,0,0,unmatched,,
926,Jimmy19991222/llama-3-8b-instruct-gapo-v2-rouge2-beta10-gamma0.3-lr1.0e-6-scale-log,llama38binstructgapov2rouge2beta10gamma03lr10e6scalelog,0,0,unmatched,,
927,Jimmy19991222/llama-3-8b-instruct-gapo-v2-rougeL-beta10-gamma0.3-lr1.0e-6-scale-log,llama38binstructgapov2rougelbeta10gamma03lr10e6scalelog,0,0,unmatched,,
928,Joseph717171/Hermes-3-Llama-3.1-8B_TIES_with_Base_Embeds_Initialized_to_Special_Instruct_Toks_dtypeF32,hermes3llama318btieswithbaseembedsinitializedtospecialinstructtoksdtypef32,0,0,unmatched,,
929,Joseph717171/Llama-3.1-SuperNova-8B-Lite_TIES_with_Base,llama31supernova8blitetieswithbase,0,0,unmatched,,
930,Josephgflowers/Cinder-Phi-2-V1-F16-gguf,cinderphi2v1f16,0,0,unmatched,,
931,Josephgflowers/Differential-Attention-Liquid-Metal-Tinyllama,differentialattentionliquidmetaltinyllama,0,0,unmatched,,
932,Josephgflowers/TinyLlama-Cinder-Agent-v1,tinyllamacinderagentv1,0,0,unmatched,,
933,Josephgflowers/TinyLlama-v1.1-Cinders-World,tinyllamav11cindersworld,0,0,unmatched,,
934,Josephgflowers/TinyLlama_v1.1_math_code-world-test-1,tinyllamav11mathcodeworldtest1,0,0,unmatched,,
935,Josephgflowers/Tinyllama-STEM-Cinder-Agent-v1,tinyllamastemcinderagentv1,0,0,unmatched,,
936,Josephgflowers/Tinyllama-r1,tinyllamar1,0,0,unmatched,,
937,JungZoona/T3Q-Qwen2.5-14B-Instruct-1M-e3,t3qqwen2514binstruct1me3,0,0,unmatched,,
938,JungZoona/T3Q-qwen2.5-14b-v1.0-e3,t3qqwen2514bv10e3,0,0,unmatched,,
939,Junhoee/Qwen-Megumin,qwenmegumin,0,0,unmatched,,
940,KSU-HW-SEC/Llama3-70b-SVA-FT-1415,llama370bsvaft1415,0,0,unmatched,,
941,KSU-HW-SEC/Llama3-70b-SVA-FT-500,llama370bsvaft500,0,0,unmatched,,
942,KSU-HW-SEC/Llama3-70b-SVA-FT-final,llama370bsvaftfinal,0,0,unmatched,,
943,KSU-HW-SEC/Llama3.1-70b-SVA-FT-1000step,llama3170bsvaft1000step,0,0,unmatched,,
944,Khetterman/DarkAtom-12B-v3,darkatom12bv3,0,0,unmatched,,
945,Khetterman/Kosmos-8B-v1,kosmos8bv1,0,0,unmatched,,
946,Kimargin/GPT-NEO-1.3B-wiki,gptneo13bwiki,0,0,unmatched,,
947,KingNish/Qwen2.5-0.5b-Test-ft,qwen2505btestft,0,0,unmatched,,
948,KingNish/Reasoning-0.5b,reasoning05b,0,0,unmatched,,
949,KingNish/Reasoning-Llama-3b-v0.1,reasoningllama3bv01,0,0,unmatched,,
950,KingNish/qwen-1b-continued,qwen1bcontinued,0,0,unmatched,,
951,KingNish/qwen-1b-continued-v2,qwen1bcontinuedv2,0,0,unmatched,,
952,KingNish/qwen-1b-continued-v2.1,qwen1bcontinuedv21,0,0,unmatched,,
953,KingNish/qwen-1b-continued-v2.2,qwen1bcontinuedv22,0,0,unmatched,,
954,Kquant03/CognitiveFusion2-4x7B-BF16,cognitivefusion24x7bbf16,0,0,unmatched,,
955,Kquant03/L3-Pneuma-8B,l3pneuma8b,0,0,unmatched,,
956,Krystalan/DRT-o1-14B,drto114b,0,0,unmatched,,
957,Krystalan/DRT-o1-7B,drto17b,0,0,unmatched,,
958,Kukedlc/NeuralExperiment-7b-MagicCoder-v7.5,neuralexperiment7bmagiccoderv75,0,0,unmatched,,
959,Kukedlc/NeuralLLaMa-3-8b-DT-v0.1,neuralllama38bdtv01,0,0,unmatched,,
960,Kukedlc/NeuralLLaMa-3-8b-ORPO-v0.3,neuralllama38borpov03,0,0,unmatched,,
961,Kukedlc/NeuralSynthesis-7B-v0.1,neuralsynthesis7bv01,0,0,unmatched,,
962,Kukedlc/NeuralSynthesis-7B-v0.3,neuralsynthesis7bv03,0,0,unmatched,,
963,Kukedlc/NeuralSynthesis-7b-v0.4-slerp,neuralsynthesis7bv04slerp,0,0,unmatched,,
964,Kukedlc/Qwen-2.5-7b-Spanish-o1-CoT,qwen257bspanisho1cot,0,0,unmatched,,
965,Kumar955/Hemanth-llm,hemanthllm,0,0,unmatched,,
966,L-RAGE/3_PRYMMAL-ECE-7B-SLERP-V1,3prymmalece7bslerpv1,0,0,unmatched,,
967,LEESM/llama-2-7b-hf-lora-oki100p,llama27bloraoki100p,0,0,unmatched,,
968,LEESM/llama-2-7b-hf-lora-oki10p,llama27bloraoki10p,0,0,unmatched,,
969,LEESM/llama-3-8b-bnb-4b-kowiki231101,llama38bbnb4bkowiki231101,0,0,unmatched,,
970,LEESM/llama-3-Korean-Bllossom-8B-trexlab-oki10p,llama3koreanbllossom8btrexlaboki10p,0,0,unmatched,,
971,LGAI-EXAONE/EXAONE-3.0-7.8B-Instruct,exaone3078binstruct,0,0,unmatched,,
972,LGAI-EXAONE/EXAONE-3.5-2.4B-Instruct,exaone3524binstruct,0,0,unmatched,,
973,LGAI-EXAONE/EXAONE-3.5-32B-Instruct,exaone3532binstruct,0,0,unmatched,,
974,LGAI-EXAONE/EXAONE-3.5-7.8B-Instruct,exaone3578binstruct,0,0,unmatched,,
975,LLM360/K2,k2,0,0,unmatched,,
976,LLM360/K2-Chat,k2chat,0,0,unmatched,,
977,LLM4Binary/llm4decompile-1.3b-v2,llm4decompile13bv2,0,0,unmatched,,
978,Lambent/qwen2.5-reinstruct-alternate-lumen-14B,qwen25reinstructalternatelumen14b,0,0,unmatched,,
979,Langboat/Mengzi3-8B-Chat,mengzi38bchat,0,0,unmatched,,
980,Lawnakk/BBA100,bba100,0,0,unmatched,,
981,Lawnakk/BBALAW1,bbalaw1,0,0,unmatched,,
982,Lawnakk/BBALAW1.0,bbalaw10,0,0,unmatched,,
983,Lawnakk/BBALAW1.2,bbalaw12,0,0,unmatched,,
984,Lawnakk/BBALAW1.3,bbalaw13,0,0,unmatched,,
985,Lawnakk/BBALAW1.6,bbalaw16,0,0,unmatched,,
986,Lawnakk/BBALAW1.61,bbalaw161,0,0,unmatched,,
987,Lawnakk/BBALAW1.62,bbalaw162,0,0,unmatched,,
988,Lawnakk/BBALAW1.63,bbalaw163,0,0,unmatched,,
989,Lawnakk/BBALAW1.64,bbalaw164,0,0,unmatched,,
990,LenguajeNaturalAI/leniachat-gemma-2b-v0,leniachatgemma2bv0,0,0,unmatched,,
991,LenguajeNaturalAI/leniachat-qwen2-1.5B-v0,leniachatqwen215bv0,0,0,unmatched,,
992,LeroyDyer/CheckPoint_A,checkpointa,0,0,unmatched,,
993,LeroyDyer/CheckPoint_B,checkpointb,0,0,unmatched,,
994,LeroyDyer/CheckPoint_C,checkpointc,0,0,unmatched,,
995,LeroyDyer/CheckPoint_R1,checkpointr1,0,0,unmatched,,
996,LeroyDyer/LCARS_AI_001,lcarsai001,0,0,unmatched,,
997,LeroyDyer/LCARS_AI_1x4_003_SuperAI,lcarsai1x4003superai,0,0,unmatched,,
998,LeroyDyer/LCARS_AI_StarTrek_Computer,lcarsaistartrekcomputer,0,0,unmatched,,
999,LeroyDyer/LCARS_TOP_SCORE,lcarstopscore,0,0,unmatched,,
1000,LeroyDyer/Mixtral_AI_SwahiliTron_7b,mixtralaiswahilitron7b,0,0,unmatched,,
1001,LeroyDyer/SpydazWebAI_Human_AGI,spydazwebaihumanagi,0,0,unmatched,,
1002,LeroyDyer/SpydazWebAI_Human_AGI_001,spydazwebaihumanagi001,0,0,unmatched,,
1003,LeroyDyer/SpydazWeb_AI_CyberTron_Ultra_7b,spydazwebaicybertronultra7b,0,0,unmatched,,
1004,LeroyDyer/SpydazWeb_AI_HumanAGI_001_M2,spydazwebaihumanagi001m2,0,0,unmatched,,
1005,LeroyDyer/SpydazWeb_AI_HumanAGI_002,spydazwebaihumanagi002,0,0,unmatched,,
1006,LeroyDyer/SpydazWeb_AI_HumanAI_001,spydazwebaihumanai001,0,0,unmatched,,
1007,LeroyDyer/SpydazWeb_AI_HumanAI_006,spydazwebaihumanai006,0,0,unmatched,,
1008,LeroyDyer/SpydazWeb_AI_HumanAI_007,spydazwebaihumanai007,0,0,unmatched,,
1009,LeroyDyer/SpydazWeb_AI_HumanAI_009_CHAT,spydazwebaihumanai009chat,0,0,unmatched,,
1010,LeroyDyer/SpydazWeb_AI_HumanAI_010_CHAT,spydazwebaihumanai010chat,0,0,unmatched,,
1011,LeroyDyer/SpydazWeb_AI_HumanAI_011_INSTRUCT,spydazwebaihumanai011instruct,0,0,unmatched,,
1012,LeroyDyer/SpydazWeb_AI_HumanAI_011_INSTRUCT_ML,spydazwebaihumanai011instructml,0,0,unmatched,,
1013,LeroyDyer/SpydazWeb_AI_HumanAI_011_INSTRUCT_ML_r1,spydazwebaihumanai011instructmlr1,0,0,unmatched,,
1014,LeroyDyer/SpydazWeb_AI_HumanAI_012_INSTRUCT_IA,spydazwebaihumanai012instructia,0,0,unmatched,,
1015,LeroyDyer/SpydazWeb_AI_HumanAI_012_INSTRUCT_MX,spydazwebaihumanai012instructmx,0,0,unmatched,,
1016,LeroyDyer/SpydazWeb_AI_HumanAI_012_INSTRUCT_XA,spydazwebaihumanai012instructxa,0,0,unmatched,,
1017,LeroyDyer/SpydazWeb_AI_HumanAI_RP,spydazwebaihumanairp,0,0,unmatched,,
1018,LeroyDyer/SpydazWeb_AI_HumanAI_TextVision,spydazwebaihumanaitextvision,0,0,unmatched,,
1019,LeroyDyer/SpydazWeb_HumanAI_M1,spydazwebhumanaim1,0,0,unmatched,,
1020,LeroyDyer/SpydazWeb_HumanAI_M2,spydazwebhumanaim2,0,0,unmatched,,
1021,LeroyDyer/SpydazWeb_HumanAI_M3,spydazwebhumanaim3,0,0,unmatched,,
1022,LeroyDyer/_Spydaz_Web_AI_12,spydazwebai12,0,0,unmatched,,
1023,LeroyDyer/_Spydaz_Web_AI_14,spydazwebai14,0,0,unmatched,,
1024,LeroyDyer/_Spydaz_Web_AI_AGI_R1_001,spydazwebaiagir1001,0,0,unmatched,,
1025,LeroyDyer/_Spydaz_Web_AI_AGI_R1_002,spydazwebaiagir1002,0,0,unmatched,,
1026,LeroyDyer/_Spydaz_Web_AI_AGI_R1_MUSR,spydazwebaiagir1musr,0,0,unmatched,,
1027,LeroyDyer/_Spydaz_Web_AI_AGI_R1_MasterCoder,spydazwebaiagir1mastercoder,0,0,unmatched,,
1028,LeroyDyer/_Spydaz_Web_AI_AGI_R1_Math_001,spydazwebaiagir1math001,0,0,unmatched,,
1029,LeroyDyer/_Spydaz_Web_AI_AGI_R1_Math_003,spydazwebaiagir1math003,0,0,unmatched,,
1030,LeroyDyer/_Spydaz_Web_AI_AGI_R1_Math_AdvancedStudent,spydazwebaiagir1mathadvancedstudent,0,0,unmatched,,
1031,LeroyDyer/_Spydaz_Web_AI_AGI_R1_Math_Student,spydazwebaiagir1mathstudent,0,0,unmatched,,
1032,LeroyDyer/_Spydaz_Web_AI_AGI_R1_Math_Teacher,spydazwebaiagir1mathteacher,0,0,unmatched,,
1033,LeroyDyer/_Spydaz_Web_AI_AGI_R1_OmG_001,spydazwebaiagir1omg001,0,0,unmatched,,
1034,LeroyDyer/_Spydaz_Web_AI_AGI_R1_OmG_002,spydazwebaiagir1omg002,0,0,unmatched,,
1035,LeroyDyer/_Spydaz_Web_AI_AGI_R1_OmG_Coder,spydazwebaiagir1omgcoder,0,0,unmatched,,
1036,LeroyDyer/_Spydaz_Web_AI_AGI_R1_OmG_Math,spydazwebaiagir1omgmath,0,0,unmatched,,
1037,LeroyDyer/_Spydaz_Web_AI_AGI_R1_OmG_MathMaster,spydazwebaiagir1omgmathmaster,0,0,unmatched,,
1038,LeroyDyer/_Spydaz_Web_AI_AGI_R1_Student_Coder,spydazwebaiagir1studentcoder,0,0,unmatched,,
1039,LeroyDyer/_Spydaz_Web_AI_AGI_R1_Teacher_Coder,spydazwebaiagir1teachercoder,0,0,unmatched,,
1040,LeroyDyer/_Spydaz_Web_AI_AGI_R1_Top_Student,spydazwebaiagir1topstudent,0,0,unmatched,,
1041,LeroyDyer/_Spydaz_Web_AI_AGI_R1_X1,spydazwebaiagir1x1,0,0,unmatched,,
1042,LeroyDyer/_Spydaz_Web_AI_AGI_R1_X2,spydazwebaiagir1x2,0,0,unmatched,,
1043,LeroyDyer/_Spydaz_Web_AI_AGI_RP_R1,spydazwebaiagirpr1,0,0,unmatched,,
1044,LeroyDyer/_Spydaz_Web_AI_BIBLE_002,spydazwebaibible002,0,0,unmatched,,
1045,LeroyDyer/_Spydaz_Web_AI_ChatML_002,spydazwebaichatml002,0,0,unmatched,,
1046,LeroyDyer/_Spydaz_Web_AI_ChatQA,spydazwebaichatqa,0,0,unmatched,,
1047,LeroyDyer/_Spydaz_Web_AI_ChatQA_003,spydazwebaichatqa003,0,0,unmatched,,
1048,LeroyDyer/_Spydaz_Web_AI_TEMP_,spydazwebaitemp,0,0,unmatched,,
1049,LeroyDyer/_Spydaz_Web_AI_Top_Teacher_,spydazwebaitopteacher,0,0,unmatched,,
1050,LightningRodLabs/Flashlight-v1.0,flashlightv10,0,0,unmatched,,
1051,LightningRodLabs/Flashlight-v1.1,flashlightv11,0,0,unmatched,,
1052,LightningRodLabs/Flashlight-v1.2,flashlightv12,0,0,unmatched,,
1053,Lil-R/2_PRYMMAL-ECE-2B-SLERP-V1,2prymmalece2bslerpv1,0,0,unmatched,,
1054,Lil-R/2_PRYMMAL-ECE-2B-SLERP-V2,2prymmalece2bslerpv2,0,0,unmatched,,
1055,Lil-R/2_PRYMMAL-ECE-7B-SLERP,2prymmalece7bslerp,0,0,unmatched,,
1056,Lil-R/2_PRYMMAL-ECE-7B-SLERP-V1,2prymmalece7bslerpv1,0,0,unmatched,,
1057,Lil-R/2_PRYMMAL-ECE-7B-SLERP-V2,2prymmalece7bslerpv2,0,0,unmatched,,
1058,Lil-R/2_PRYMMAL-ECE-7B-SLERP-V3,2prymmalece7bslerpv3,0,0,unmatched,,
1059,Lil-R/PRYMMAL-ECE-1B-SLERP-V1,prymmalece1bslerpv1,0,0,unmatched,,
1060,Lil-R/PRYMMAL-ECE-7B-SLERP-V8,prymmalece7bslerpv8,0,0,unmatched,,
1061,LilRg/10PRYMMAL-3B-slerp,10prymmal3bslerp,0,0,unmatched,,
1062,LilRg/ECE-1B-merge-PRYMMAL,ece1bmergeprymmal,0,0,unmatched,,
1063,LilRg/ECE_Finetunning,ecefinetunning,0,0,unmatched,,
1064,LilRg/PRYMMAL-6B-slerp,prymmal6bslerp,0,0,unmatched,,
1065,LilRg/PRYMMAL-ECE-7B-SLERP-V3,prymmalece7bslerpv3,0,0,unmatched,,
1066,LilRg/PRYMMAL-ECE-7B-SLERP-V4,prymmalece7bslerpv4,0,0,unmatched,,
1067,LilRg/PRYMMAL-ECE-7B-SLERP-V5,prymmalece7bslerpv5,0,0,unmatched,,
1068,LilRg/PRYMMAL-ECE-7B-SLERP-V6,prymmalece7bslerpv6,0,0,unmatched,,
1069,LilRg/PRYMMAL-ECE-7B-SLERP-V7,prymmalece7bslerpv7,0,0,unmatched,,
1070,LilRg/PRYMMAL-slerp-Merge,prymmalslerpmerge,0,0,unmatched,,
1071,LimYeri/CodeMind-Llama3-8B-unsloth_v2-merged,codemindllama38bunslothv2merged,0,0,unmatched,,
1072,LimYeri/CodeMind-Llama3-8B-unsloth_v3-merged,codemindllama38bunslothv3merged,0,0,unmatched,,
1073,LimYeri/CodeMind-Llama3-8B-unsloth_v4-one-DPO-merged,codemindllama38bunslothv4onedpomerged,0,0,unmatched,,
1074,LimYeri/CodeMind-Llama3-8B-unsloth_v4-one-merged,codemindllama38bunslothv4onemerged,0,0,unmatched,,
1075,LimYeri/CodeMind-Llama3.1-8B-unsloth-merged,codemindllama318bunslothmerged,0,0,unmatched,,
1076,Locutusque/CollectiveLM-Falcon-3-7B,collectivelmfalcon37b,0,0,unmatched,,
1077,Locutusque/Hercules-6.0-Llama-3.1-8B,hercules60llama318b,0,0,unmatched,,
1078,Locutusque/Hercules-6.1-Llama-3.1-8B,hercules61llama318b,0,0,unmatched,,
1079,Locutusque/Llama-3-NeuralHercules-5.0-8B,llama3neuralhercules508b,0,0,unmatched,,
1080,Locutusque/Llama-3-Yggdrasil-2.0-8B,llama3yggdrasil208b,0,0,unmatched,,
1081,Locutusque/TinyMistral-248M-v2.5,tinymistral248mv25,0,0,unmatched,,
1082,Luni/StarDust-12b-v1,stardust12bv1,0,0,unmatched,,
1083,Luni/StarDust-12b-v2,stardust12bv2,0,0,unmatched,,
1084,Lunzima/NQLSG-Qwen2.5-14B-MegaFusion-v3,nqlsgqwen2514bmegafusionv3,0,0,unmatched,,
1085,Lunzima/NQLSG-Qwen2.5-14B-MegaFusion-v4,nqlsgqwen2514bmegafusionv4,0,0,unmatched,,
1086,Lunzima/NQLSG-Qwen2.5-14B-MegaFusion-v5,nqlsgqwen2514bmegafusionv5,0,0,unmatched,,
1087,Lunzima/NQLSG-Qwen2.5-14B-MegaFusion-v6,nqlsgqwen2514bmegafusionv6,0,0,unmatched,,
1088,Lunzima/NQLSG-Qwen2.5-14B-MegaFusion-v6-cpt,nqlsgqwen2514bmegafusionv6cpt,0,0,unmatched,,
1089,Lunzima/NQLSG-Qwen2.5-14B-MegaFusion-v7,nqlsgqwen2514bmegafusionv7,0,0,unmatched,,
1090,Lunzima/NQLSG-Qwen2.5-14B-MegaFusion-v7-rebase,nqlsgqwen2514bmegafusionv7rebase,0,0,unmatched,,
1091,Lunzima/NQLSG-Qwen2.5-14B-MegaFusion-v8,nqlsgqwen2514bmegafusionv8,0,0,unmatched,,
1092,Lunzima/NQLSG-Qwen2.5-14B-MegaFusion-v8.5,nqlsgqwen2514bmegafusionv85,0,0,unmatched,,
1093,Lunzima/NQLSG-Qwen2.5-14B-MegaFusion-v8.6,nqlsgqwen2514bmegafusionv86,0,0,unmatched,,
1094,Lunzima/NQLSG-Qwen2.5-14B-MegaFusion-v8.7,nqlsgqwen2514bmegafusionv87,0,0,unmatched,,
1095,Lunzima/NQLSG-Qwen2.5-14B-MegaFusion-v8.8,nqlsgqwen2514bmegafusionv88,0,0,unmatched,,
1096,Lunzima/NQLSG-Qwen2.5-14B-MegaFusion-v8.9,nqlsgqwen2514bmegafusionv89,0,0,unmatched,,
1097,Lunzima/NQLSG-Qwen2.5-14B-MegaFusion-v9,nqlsgqwen2514bmegafusionv9,0,0,unmatched,,
1098,Lunzima/NQLSG-Qwen2.5-14B-MegaFusion-v9-stock,nqlsgqwen2514bmegafusionv9stock,0,0,unmatched,,
1099,Lunzima/NQLSG-Qwen2.5-14B-MegaFusion-v9.1,nqlsgqwen2514bmegafusionv91,0,0,unmatched,,
1100,Lunzima/NQLSG-Qwen2.5-14B-MegaFusion-v9.2,nqlsgqwen2514bmegafusionv92,0,0,unmatched,,
1101,Lunzima/NQLSG-Qwen2.5-14B-OriginalFusion,nqlsgqwen2514boriginalfusion,0,0,unmatched,,
1102,Lyte/Llama-3.1-8B-Instruct-Reasoner-1o1_v0.3,llama318binstructreasoner1o1v03,0,0,unmatched,,
1103,Lyte/Llama-3.2-1B-Instruct-COT-RL-Expriement1-EP04,llama321binstructcotrlexpriement1ep04,0,0,unmatched,,
1104,Lyte/Llama-3.2-3B-Overthinker,llama323boverthinker,0,0,unmatched,,
1105,M4-ai/TinyMistral-248M-v3,tinymistral248mv3,0,0,unmatched,,
1106,MEscriva/ECE-PRYMMAL-0.5B-FT-V5-MUSR-Mathis,eceprymmal05bftv5musrmathis,0,0,unmatched,,
1107,MLP-KTLim/llama-3-Korean-Bllossom-8B,llama3koreanbllossom8b,0,0,unmatched,,
1108,MTSAIR/Cotype-Nano,cotypenano,0,0,unmatched,,
1109,MTSAIR/MultiVerse_70B,multiverse70b,1,1,accepted_exact,1410.0,exact normalized name; parameter <= tolerance; organization compatible
1110,Magpie-Align/Llama-3-8B-Magpie-Align-SFT-v0.1,llama38bmagpiealignsftv01,0,0,unmatched,,
1111,Magpie-Align/Llama-3-8B-Magpie-Align-SFT-v0.3,llama38bmagpiealignsftv03,0,0,unmatched,,
1112,Magpie-Align/Llama-3-8B-Magpie-Align-v0.1,llama38bmagpiealignv01,0,0,unmatched,,
1113,Magpie-Align/Llama-3-8B-Magpie-Align-v0.3,llama38bmagpiealignv03,0,0,unmatched,,
1114,Magpie-Align/Llama-3.1-8B-Magpie-Align-SFT-v0.1,llama318bmagpiealignsftv01,0,0,unmatched,,
1115,Magpie-Align/Llama-3.1-8B-Magpie-Align-v0.1,llama318bmagpiealignv01,0,0,unmatched,,
1116,Magpie-Align/MagpieLM-8B-Chat-v0.1,magpielm8bchatv01,0,0,unmatched,,
1117,Magpie-Align/MagpieLM-8B-SFT-v0.1,magpielm8bsftv01,0,0,unmatched,,
1118,MagusCorp/grpo_lora_enem_llama3_7b,grpoloraenemllama37b,0,0,unmatched,,
1119,ManoloPueblo/ContentCuisine_1-7B-slerp,contentcuisine17bslerp,0,0,unmatched,,
1120,ManoloPueblo/LLM_MERGE_CC2,llmmergecc2,0,0,unmatched,,
1121,ManoloPueblo/LLM_MERGE_CC3,llmmergecc3,0,0,unmatched,,
1122,MarinaraSpaghetti/NemoReRemix-12B,nemoreremix12b,0,0,unmatched,,
1123,MarinaraSpaghetti/Nemomix-v4.0-12B,nemomixv4012b,0,0,unmatched,,
1124,Marsouuu/MiniMathExpert-2_61B-ECE-PRYMMAL-Martial,minimathexpert261beceprymmalmartial,0,0,unmatched,,
1125,Marsouuu/MiniQwenMathExpert-ECE-PRYMMAL-Martial,miniqwenmathexperteceprymmalmartial,0,0,unmatched,,
1126,Marsouuu/MistralBase-4x7B-MoE-ECE-PRYMMAL-Martial,mistralbase4x7bmoeeceprymmalmartial,0,0,unmatched,,
1127,Marsouuu/general3B-ECE-PRYMMAL-Martial,general3beceprymmalmartial,0,0,unmatched,,
1128,Marsouuu/general3Bv2-ECE-PRYMMAL-Martial,general3bv2eceprymmalmartial,0,0,unmatched,,
1129,Marsouuu/lareneg1_78B-ECE-PRYMMAL-Martial,lareneg178beceprymmalmartial,0,0,unmatched,,
1130,Marsouuu/lareneg3B-ECE-PRYMMAL-Martial,lareneg3beceprymmalmartial,0,0,unmatched,,
1131,Marsouuu/lareneg3Bv2-ECE-PRYMMAL-Martial,lareneg3bv2eceprymmalmartial,0,0,unmatched,,
1132,MaziyarPanahi/Calme-4x7B-MoE-v0.1,calme4x7bmoev01,0,0,unmatched,,
1133,MaziyarPanahi/Calme-4x7B-MoE-v0.2,calme4x7bmoev02,0,0,unmatched,,
1134,MaziyarPanahi/Llama-3-70B-Instruct-v0.1,llama370binstructv01,0,0,unmatched,,
1135,MaziyarPanahi/Llama-3-8B-Instruct-v0.10,llama38binstructv010,0,0,unmatched,,
1136,MaziyarPanahi/Llama-3-8B-Instruct-v0.8,llama38binstructv08,0,0,unmatched,,
1137,MaziyarPanahi/Llama-3-8B-Instruct-v0.9,llama38binstructv09,0,0,unmatched,,
1138,MaziyarPanahi/Qwen1.5-MoE-A2.7B-Wikihow,qwen15moea27bwikihow,0,0,unmatched,,
1139,MaziyarPanahi/Qwen2-7B-Instruct-v0.1,qwen27binstructv01,0,0,unmatched,,
1140,MaziyarPanahi/Qwen2-7B-Instruct-v0.8,qwen27binstructv08,0,0,unmatched,,
1141,MaziyarPanahi/calme-2.1-llama3.1-70b,calme21llama3170b,0,0,unmatched,,
1142,MaziyarPanahi/calme-2.1-phi3-4b,calme21phi34b,0,0,unmatched,,
1143,MaziyarPanahi/calme-2.1-phi3.5-4b,calme21phi354b,0,0,unmatched,,
1144,MaziyarPanahi/calme-2.1-qwen2-72b,calme21qwen272b,0,0,unmatched,,
1145,MaziyarPanahi/calme-2.1-qwen2-7b,calme21qwen27b,0,0,unmatched,,
1146,MaziyarPanahi/calme-2.1-qwen2.5-72b,calme21qwen2572b,0,0,unmatched,,
1147,MaziyarPanahi/calme-2.1-rys-78b,calme21rys78b,0,0,unmatched,,
1148,MaziyarPanahi/calme-2.2-llama3-70b,calme22llama370b,0,0,unmatched,,
1149,MaziyarPanahi/calme-2.2-llama3.1-70b,calme22llama3170b,0,0,unmatched,,
1150,MaziyarPanahi/calme-2.2-phi3-4b,calme22phi34b,0,0,unmatched,,
1151,MaziyarPanahi/calme-2.2-qwen2-72b,calme22qwen272b,0,0,unmatched,,
1152,MaziyarPanahi/calme-2.2-qwen2-7b,calme22qwen27b,0,0,unmatched,,
1153,MaziyarPanahi/calme-2.2-qwen2.5-72b,calme22qwen2572b,0,0,unmatched,,
1154,MaziyarPanahi/calme-2.2-rys-78b,calme22rys78b,0,0,unmatched,,
1155,MaziyarPanahi/calme-2.3-llama3-70b,calme23llama370b,0,0,unmatched,,
1156,MaziyarPanahi/calme-2.3-llama3.1-70b,calme23llama3170b,0,0,unmatched,,
1157,MaziyarPanahi/calme-2.3-phi3-4b,calme23phi34b,0,0,unmatched,,
1158,MaziyarPanahi/calme-2.3-qwen2-72b,calme23qwen272b,0,0,unmatched,,
1159,MaziyarPanahi/calme-2.3-qwen2-7b,calme23qwen27b,0,0,unmatched,,
1160,MaziyarPanahi/calme-2.3-rys-78b,calme23rys78b,0,0,unmatched,,
1161,MaziyarPanahi/calme-2.4-llama3-70b,calme24llama370b,0,0,unmatched,,
1162,MaziyarPanahi/calme-2.4-qwen2-7b,calme24qwen27b,0,0,unmatched,,
1163,MaziyarPanahi/calme-2.4-rys-78b,calme24rys78b,0,0,unmatched,,
1164,MaziyarPanahi/calme-2.5-qwen2-7b,calme25qwen27b,0,0,unmatched,,
1165,MaziyarPanahi/calme-2.6-qwen2-7b,calme26qwen27b,0,0,unmatched,,
1166,MaziyarPanahi/calme-2.7-qwen2-7b,calme27qwen27b,0,0,unmatched,,
1167,MaziyarPanahi/calme-3.1-baguette-3b,calme31baguette3b,0,0,unmatched,,
1168,MaziyarPanahi/calme-3.1-instruct-3b,calme31instruct3b,0,0,unmatched,,
1169,MaziyarPanahi/calme-3.1-instruct-78b,calme31instruct78b,0,0,unmatched,,
1170,MaziyarPanahi/calme-3.1-llamaloi-3b,calme31llamaloi3b,0,0,unmatched,,
1171,MaziyarPanahi/calme-3.2-baguette-3b,calme32baguette3b,0,0,unmatched,,
1172,MaziyarPanahi/calme-3.2-instruct-3b,calme32instruct3b,0,0,unmatched,,
1173,MaziyarPanahi/calme-3.2-instruct-78b,calme32instruct78b,0,0,unmatched,,
1174,MaziyarPanahi/calme-3.3-baguette-3b,calme33baguette3b,0,0,unmatched,,
1175,MaziyarPanahi/calme-3.3-instruct-3b,calme33instruct3b,0,0,unmatched,,
1176,Minami-su/Amara-o1-7B-Qwen,amarao17bqwen,0,0,unmatched,,
1177,Minami-su/Amara-o2-7B-Qwen,amarao27bqwen,0,0,unmatched,,
1178,Minami-su/test-7B-00,test7b00,0,0,unmatched,,
1179,Minami-su/test-7B-01,test7b01,0,0,unmatched,,
1180,Minami-su/test-v2-7B-00,testv27b00,0,0,unmatched,,
1181,ModelCloud/Llama-3.2-1B-Instruct-gptqmodel-4bit-vortex-v1,llama321binstructgptqmodel4bitvortexv1,0,0,unmatched,,
1182,ModelSpace/GemmaX2-28-9B-v0.1,gemmax2289bv01,0,0,unmatched,,
1183,MoonRide/Llama-3.2-3B-Khelavaster,llama323bkhelavaster,0,0,unmatched,,
1184,Mostafa8Mehrabi/llama-3.2-1b-Insomnia-ChatBot-merged,llama321binsomniachatbotmerged,0,0,unmatched,,
1185,MrRobotoAI/MrRoboto-ProLong-8b-v4i,mrrobotoprolong8bv4i,0,0,unmatched,,
1186,MrRobotoAI/MrRoboto-ProLongBASE-pt8-unaligned-8b,mrrobotoprolongbasept8unaligned8b,0,0,unmatched,,
1187,MultivexAI/Gladiator-Mini-Exp-1211-3B,gladiatorminiexp12113b,0,0,unmatched,,
1188,MultivexAI/Gladiator-Mini-Exp-1221-3B-Instruct,gladiatorminiexp12213binstruct,0,0,unmatched,,
1189,MultivexAI/Gladiator-Mini-Exp-1221-3B-Instruct-V2,gladiatorminiexp12213binstructv2,0,0,unmatched,,
1190,MultivexAI/Gladiator-Mini-Exp-1222-3B-Instruct,gladiatorminiexp12223binstruct,0,0,unmatched,,
1191,MultivexAI/Phi-3.5-Mini-Instruct-MultiVex-v0.25-GGUF,phi35miniinstructmultivexv025,0,0,unmatched,,
1192,Mxode/NanoLM-0.3B-Instruct-v1,nanolm03binstructv1,0,0,unmatched,,
1193,Mxode/NanoLM-0.3B-Instruct-v1.1,nanolm03binstructv11,0,0,unmatched,,
1194,Mxode/NanoLM-0.3B-Instruct-v2,nanolm03binstructv2,0,0,unmatched,,
1195,Mxode/NanoLM-1B-Instruct-v1.1,nanolm1binstructv11,0,0,unmatched,,
1196,Mxode/NanoLM-1B-Instruct-v2,nanolm1binstructv2,0,0,unmatched,,
1197,NAPS-ai/naps-gemma-2-27b-v0.1.0,napsgemma227bv010,0,0,unmatched,,
1198,NAPS-ai/naps-llama-3_1-8b-instruct-v0.3,napsllama318binstructv03,0,0,unmatched,,
1199,NAPS-ai/naps-llama-3_1-8b-instruct-v0.4,napsllama318binstructv04,0,0,unmatched,,
1200,NAPS-ai/naps-llama-3_1-instruct-v0.5.0,napsllama31instructv050,0,0,unmatched,,
1201,NAPS-ai/naps-llama-3_1_instruct-v0.6.0,napsllama31instructv060,0,0,unmatched,,
1202,NAPS-ai/naps-llama3.1-70B-v0.2-fp16,napsllama3170bv02fp16,0,0,unmatched,,
1203,NCSOFT/Llama-VARCO-8B-Instruct,llamavarco8binstruct,0,0,unmatched,,
1204,NJS26/NJS_777,njs777,0,0,unmatched,,
1205,NLPark/AnFeng_v3.1-Avocet,anfengv31avocet,0,0,unmatched,,
1206,NLPark/B-and-W_Flycatcher-3AD1E,bandwflycatcher3ad1e,0,0,unmatched,,
1207,NLPark/Shi-Ci-Robin-Test_3AD80,shicirobintest3ad80,0,0,unmatched,,
1208,NTQAI/NxMobileLM-1.5B-SFT,nxmobilelm15bsft,0,0,unmatched,,
1209,NTQAI/Nxcode-CQ-7B-orpo,nxcodecq7borpo,0,0,unmatched,,
1210,NYTK/PULI-GPTrio,puligptrio,1,0,unmatched,,1801:parameter_or_org_conflict
1211,NYTK/PULI-LlumiX-32K,pulillumix32k,0,0,unmatched,,
1212,Naveenpoliasetty/llama3-8B-V2,llama38bv2,0,0,unmatched,,
1213,NbAiLab/nb-llama-3.1-8B-Instruct,nbllama318binstruct,0,0,unmatched,,
1214,NbAiLab/nb-llama-3.1-8B-sft,nbllama318bsft,0,0,unmatched,,
1215,Nekochu/Llama-3.1-8B-German-ORPO,llama318bgermanorpo,0,0,unmatched,,
1216,Nekochu/Llama-3.1-8B-french-DPO,llama318bfrenchdpo,0,0,unmatched,,
1217,Nekochu/Luminia-13B-v3,luminia13bv3,0,0,unmatched,,
1218,Nekochu/Luminia-8B-RP,luminia8brp,0,0,unmatched,,
1219,NeverSleep/Lumimaid-v0.2-12B,lumimaidv0212b,0,0,unmatched,,
1220,NeverSleep/Lumimaid-v0.2-8B,lumimaidv028b,0,0,unmatched,,
1221,Nexesenex/Dolphin3.0-Llama3.1-1B-abliterated,dolphin30llama311babliterated,0,0,unmatched,,
1222,Nexesenex/Llama_3.1_8b_DeepDive_3_Prev_v1.0,llama318bdeepdive3prevv10,0,0,unmatched,,
1223,Nexesenex/Llama_3.1_8b_DeepDive_3_R1_Prev_v1.0,llama318bdeepdive3r1prevv10,0,0,unmatched,,
1224,Nexesenex/Llama_3.1_8b_DobHerWild_R1_v1.1R,llama318bdobherwildr1v11r,0,0,unmatched,,
1225,Nexesenex/Llama_3.1_8b_DoberWild_v2.01,llama318bdoberwildv201,0,0,unmatched,,
1226,Nexesenex/Llama_3.1_8b_DoberWild_v2.02,llama318bdoberwildv202,0,0,unmatched,,
1227,Nexesenex/Llama_3.1_8b_DoberWild_v2.03,llama318bdoberwildv203,0,0,unmatched,,
1228,Nexesenex/Llama_3.1_8b_DodoWild_v2.01,llama318bdodowildv201,0,0,unmatched,,
1229,Nexesenex/Llama_3.1_8b_DodoWild_v2.02,llama318bdodowildv202,0,0,unmatched,,
1230,Nexesenex/Llama_3.1_8b_DodoWild_v2.03,llama318bdodowildv203,0,0,unmatched,,
1231,Nexesenex/Llama_3.1_8b_DodoWild_v2.10,llama318bdodowildv210,0,0,unmatched,,
1232,Nexesenex/Llama_3.1_8b_Dolermed_R1_V1.01,llama318bdolermedr1v101,0,0,unmatched,,
1233,Nexesenex/Llama_3.1_8b_Dolermed_R1_V1.03,llama318bdolermedr1v103,0,0,unmatched,,
1234,Nexesenex/Llama_3.1_8b_Dolermed_V1.01,llama318bdolermedv101,0,0,unmatched,,
1235,Nexesenex/Llama_3.1_8b_Dolerstormed_V1.04,llama318bdolerstormedv104,0,0,unmatched,,
1236,Nexesenex/Llama_3.1_8b_Hermedash_R1_V1.04,llama318bhermedashr1v104,0,0,unmatched,,
1237,Nexesenex/Llama_3.1_8b_Hermedive_R1_V1.01,llama318bhermediver1v101,0,0,unmatched,,
1238,Nexesenex/Llama_3.1_8b_Hermedive_R1_V1.03,llama318bhermediver1v103,0,0,unmatched,,
1239,Nexesenex/Llama_3.1_8b_Hermedive_V1.01,llama318bhermedivev101,0,0,unmatched,,
1240,Nexesenex/Llama_3.1_8b_Mediver_V1.01,llama318bmediverv101,0,0,unmatched,,
1241,Nexesenex/Llama_3.1_8b_Medusa_v1.01,llama318bmedusav101,0,0,unmatched,,
1242,Nexesenex/Llama_3.1_8b_Smarteaz_0.2_R1,llama318bsmarteaz02r1,0,0,unmatched,,
1243,Nexesenex/Llama_3.1_8b_Smarteaz_V1.01,llama318bsmarteazv101,0,0,unmatched,,
1244,Nexesenex/Llama_3.1_8b_Stormeder_v1.04,llama318bstormederv104,0,0,unmatched,,
1245,Nexesenex/Llama_3.1_8b_Typhoon_v1.03,llama318btyphoonv103,0,0,unmatched,,
1246,Nexesenex/Llama_3.2_1b_AquaSyn_0.1,llama321baquasyn01,0,0,unmatched,,
1247,Nexesenex/Llama_3.2_1b_AquaSyn_0.11,llama321baquasyn011,0,0,unmatched,,
1248,Nexesenex/Llama_3.2_1b_Dolto_0.1,llama321bdolto01,0,0,unmatched,,
1249,Nexesenex/Llama_3.2_1b_Odyssea_V1,llama321bodysseav1,0,0,unmatched,,
1250,Nexesenex/Llama_3.2_1b_Odyssea_V1.01,llama321bodysseav101,0,0,unmatched,,
1251,Nexesenex/Llama_3.2_1b_OpenTree_R1_0.1,llama321bopentreer101,0,0,unmatched,,
1252,Nexesenex/Llama_3.2_1b_OrcaSun_V1,llama321borcasunv1,0,0,unmatched,,
1253,Nexesenex/Llama_3.2_1b_RandomLego_RP_R1_0.1,llama321brandomlegorpr101,0,0,unmatched,,
1254,Nexesenex/Llama_3.2_1b_SunOrca_V1,llama321bsunorcav1,0,0,unmatched,,
1255,Nexesenex/Llama_3.2_1b_Sydonia_0.1,llama321bsydonia01,0,0,unmatched,,
1256,Nexesenex/Llama_3.2_1b_Syneridol_0.2,llama321bsyneridol02,0,0,unmatched,,
1257,Nexesenex/Llama_3.2_1b_Synopsys_0.1,llama321bsynopsys01,0,0,unmatched,,
1258,Nexesenex/Llama_3.2_1b_Synopsys_0.11,llama321bsynopsys011,0,0,unmatched,,
1259,Nexesenex/Llama_3.2_3b_Kermes_v1,llama323bkermesv1,0,0,unmatched,,
1260,Nexesenex/Llama_3.2_3b_Kermes_v2,llama323bkermesv2,0,0,unmatched,,
1261,Nexesenex/Llama_3.2_3b_Kermes_v2.1,llama323bkermesv21,0,0,unmatched,,
1262,Nexesenex/Nemotron_W_4b_Halo_0.1,nemotronw4bhalo01,0,0,unmatched,,
1263,Nexesenex/Nemotron_W_4b_MagLight_0.1,nemotronw4bmaglight01,0,0,unmatched,,
1264,Nexesenex/Qwen_2.5_3b_Smarteaz_0.01a,qwen253bsmarteaz001a,0,0,unmatched,,
1265,Nexesenex/pankajmathur_orca_mini_v9_6_1B-instruct-Abliterated-LPL,pankajmathurorcaminiv961binstructabliteratedlpl,0,0,unmatched,,
1266,Nexusflow/NexusRaven-V2-13B,nexusravenv213b,0,0,unmatched,,
1267,NikolaSigmoid/AceMath-1.5B-Instruct-1epoch,acemath15binstruct1epoch,0,0,unmatched,,
1268,NikolaSigmoid/AceMath-1.5B-Instruct-dolphin-r1-200,acemath15binstructdolphinr1200,0,0,unmatched,,
1269,NikolaSigmoid/DeepSeek-R1-Distill-Qwen-1.5B-500,deepseekr1distillqwen15b500,0,0,unmatched,,
1270,NikolaSigmoid/acemath-200,acemath200,0,0,unmatched,,
1271,NikolaSigmoid/phi-4-14b,phi414b,0,0,unmatched,,
1272,NikolaSigmoid/phi-4-1steps,phi41steps,0,0,unmatched,,
1273,NikolaSigmoid/phi-4-300steps,phi4300steps,0,0,unmatched,,
1274,Nitral-AI/Captain-Eris-BMO_Violent-GRPO-v0.420,captainerisbmoviolentgrpov0420,0,0,unmatched,,
1275,Nitral-AI/Captain-Eris_BMO-Violent-12B,captainerisbmoviolent12b,0,0,unmatched,,
1276,Nitral-AI/Captain-Eris_Violet-GRPO-v0.420,captainerisvioletgrpov0420,0,0,unmatched,,
1277,Nitral-AI/Captain-Eris_Violet-V0.420-12B,captainerisvioletv042012b,0,0,unmatched,,
1278,Nitral-AI/Captain_BMO-12B,captainbmo12b,0,0,unmatched,,
1279,Nitral-AI/Hathor_Stable-v0.2-L3-8B,hathorstablev02l38b,0,0,unmatched,,
1280,Nitral-AI/Hathor_Tahsin-L3-8B-v0.85,hathortahsinl38bv085,0,0,unmatched,,
1281,Nitral-AI/Nera_Noctis-12B,neranoctis12b,0,0,unmatched,,
1282,Nohobby/MS-Schisandra-22B-v0.1,msschisandra22bv01,0,0,unmatched,,
1283,Nohobby/MS-Schisandra-22B-v0.2,msschisandra22bv02,0,0,unmatched,,
1284,Norquinal/Alpha,alpha,0,0,unmatched,,
1285,Norquinal/Bravo,bravo,0,0,unmatched,,
1286,Norquinal/Charlie,charlie,0,0,unmatched,,
1287,Norquinal/Delta,delta,0,0,unmatched,,
1288,Norquinal/Echo,echo,0,0,unmatched,,
1289,Norquinal/Foxtrot,foxtrot,0,0,unmatched,,
1290,Norquinal/Golf,golf,0,0,unmatched,,
1291,Norquinal/Hotel,hotel,0,0,unmatched,,
1292,NotASI/FineTome-Llama3.2-1B-0929,finetomellama321b0929,0,0,unmatched,,
1293,NotASI/FineTome-Llama3.2-3B-1002,finetomellama323b1002,0,0,unmatched,,
1294,NotASI/FineTome-v1.5-Llama3.2-1B-1007,finetomev15llama321b1007,0,0,unmatched,,
1295,NotASI/FineTome-v1.5-Llama3.2-3B-1007,finetomev15llama323b1007,0,0,unmatched,,
1296,NousResearch/DeepHermes-3-Mistral-24B-Preview,deephermes3mistral24bpreview,0,0,unmatched,,
1297,NousResearch/Hermes-2-Pro-Llama-3-8B,hermes2prollama38b,0,0,unmatched,,
1298,NousResearch/Hermes-2-Pro-Mistral-7B,hermes2promistral7b,0,0,unmatched,,
1299,NousResearch/Hermes-2-Theta-Llama-3-8B,hermes2thetallama38b,0,0,unmatched,,
1300,NousResearch/Hermes-3-Llama-3.1-70B,hermes3llama3170b,0,0,unmatched,,
1301,NousResearch/Hermes-3-Llama-3.1-8B,hermes3llama318b,0,0,unmatched,,
1302,NousResearch/Hermes-3-Llama-3.2-3B,hermes3llama323b,0,0,unmatched,,
1303,NousResearch/Nous-Hermes-2-Mistral-7B-DPO,noushermes2mistral7bdpo,0,0,unmatched,,
1304,NousResearch/Nous-Hermes-2-Mixtral-8x7B-DPO,noushermes2mixtral8x7bdpo,0,0,unmatched,,
1305,NousResearch/Nous-Hermes-2-Mixtral-8x7B-SFT,noushermes2mixtral8x7bsft,0,0,unmatched,,
1306,NousResearch/Nous-Hermes-2-SOLAR-10.7B,noushermes2solar107b,0,0,unmatched,,
1307,NousResearch/Nous-Hermes-llama-2-7b,noushermesllama27b,0,0,unmatched,,
1308,NousResearch/Yarn-Llama-2-13b-128k,yarnllama213b128k,0,0,unmatched,,
1309,NousResearch/Yarn-Llama-2-7b-128k,yarnllama27b128k,0,0,unmatched,,
1310,NousResearch/Yarn-Llama-2-7b-64k,yarnllama27b64k,0,0,unmatched,,
1311,NousResearch/Yarn-Mistral-7b-128k,yarnmistral7b128k,0,0,unmatched,,
1312,NousResearch/Yarn-Mistral-7b-64k,yarnmistral7b64k,0,0,unmatched,,
1313,NousResearch/Yarn-Solar-10b-32k,yarnsolar10b32k,0,0,unmatched,,
1314,NousResearch/Yarn-Solar-10b-64k,yarnsolar10b64k,0,0,unmatched,,
1315,Novaciano/ASTAROTH-3.2-1B,astaroth321b,0,0,unmatched,,
1316,Novaciano/BLAST_PROCESSING-3.2-1B,blastprocessing321b,0,0,unmatched,,
1317,Novaciano/Cerberus-3.2-1B,cerberus321b,0,0,unmatched,,
1318,Novaciano/Cultist-3.2-1B,cultist321b,0,0,unmatched,,
1319,Novaciano/FuseChat-3.2-1B-GRPO_Creative_RP,fusechat321bgrpocreativerp,0,0,unmatched,,
1320,Novaciano/Fusetrix-3.2-1B-GRPO_RP_Creative,fusetrix321bgrporpcreative,0,0,unmatched,,
1321,Novaciano/Fusetrix-Dolphin-3.2-1B-GRPO_Creative_RP,fusetrixdolphin321bgrpocreativerp,0,0,unmatched,,
1322,Novaciano/HarmfulProject-3.2-1B,harmfulproject321b,0,0,unmatched,,
1323,Novaciano/LEWD-Mental-Cultist-3.2-1B,lewdmentalcultist321b,0,0,unmatched,,
1324,Novaciano/La_Mejor_Mezcla-3.2-1B,lamejormezcla321b,0,0,unmatched,,
1325,Novaciano/Sigil-Of-Satan-3.2-1B,sigilofsatan321b,0,0,unmatched,,
1326,NucleusAI/nucleus-22B-token-500B,nucleus22btoken500b,0,0,unmatched,,
1327,NyxKrage/Microsoft_Phi-4,microsoftphi4,0,0,unmatched,,
1328,OEvortex/Emotional-llama-8B,emotionalllama8b,0,0,unmatched,,
1329,OEvortex/HelpingAI-15B,helpingai15b,0,0,unmatched,,
1330,OEvortex/HelpingAI-3B-reloaded,helpingai3breloaded,0,0,unmatched,,
1331,OEvortex/HelpingAI2-9B,helpingai29b,0,0,unmatched,,
1332,OEvortex/HelpingAI2.5-10B,helpingai2510b,0,0,unmatched,,
1333,OliveiraJLT/Sagui-7B-Instruct-v0.1,sagui7binstructv01,0,0,unmatched,,
1334,Omkar1102/code-yi,codeyi,0,0,unmatched,,
1335,Omkar1102/code-yi,codeyi,0,0,unmatched,,
1336,OmnicromsBrain/NeuralStar_FusionWriter_4x7b,neuralstarfusionwriter4x7b,0,0,unmatched,,
1337,OnlyCheeini/greesychat-turbo,greesychatturbo,0,0,unmatched,,
1338,Open-Orca/Mistral-7B-OpenOrca,mistral7bopenorca,0,0,unmatched,,
1339,OpenAssistant/oasst-sft-1-pythia-12b,oasstsft1pythia12b,0,0,unmatched,,
1340,OpenBuddy/openbuddy-falcon3-10b-v24.2-131k,openbuddyfalcon310bv242131k,0,0,unmatched,,
1341,OpenBuddy/openbuddy-llama3-70b-v21.2-32k,openbuddyllama370bv21232k,0,0,unmatched,,
1342,OpenBuddy/openbuddy-llama3-8b-v21.1-8k,openbuddyllama38bv2118k,0,0,unmatched,,
1343,OpenBuddy/openbuddy-llama3-8b-v21.2-32k,openbuddyllama38bv21232k,0,0,unmatched,,
1344,OpenBuddy/openbuddy-llama3.1-70b-v22.1-131k,openbuddyllama3170bv221131k,0,0,unmatched,,
1345,OpenBuddy/openbuddy-llama3.1-8b-v22.2-131k,openbuddyllama318bv222131k,0,0,unmatched,,
1346,OpenBuddy/openbuddy-llama3.1-8b-v22.3-131k,openbuddyllama318bv223131k,0,0,unmatched,,
1347,OpenBuddy/openbuddy-llama3.2-1b-v23.1-131k,openbuddyllama321bv231131k,0,0,unmatched,,
1348,OpenBuddy/openbuddy-llama3.2-3b-v23.2-131k,openbuddyllama323bv232131k,0,0,unmatched,,
1349,OpenBuddy/openbuddy-llama3.3-70b-v24.1-131k,openbuddyllama3370bv241131k,0,0,unmatched,,
1350,OpenBuddy/openbuddy-mixtral-7bx8-v18.1-32k,openbuddymixtral7bx8v18132k,0,0,unmatched,,
1351,OpenBuddy/openbuddy-nemotron-70b-v23.1-131k,openbuddynemotron70bv231131k,0,0,unmatched,,
1352,OpenBuddy/openbuddy-nemotron-70b-v23.2-131k,openbuddynemotron70bv232131k,0,0,unmatched,,
1353,OpenBuddy/openbuddy-qwen2.5llamaify-14b-v23.1-200k,openbuddyqwen25llamaify14bv231200k,0,0,unmatched,,
1354,OpenBuddy/openbuddy-qwen2.5llamaify-14b-v23.3-200k,openbuddyqwen25llamaify14bv233200k,0,0,unmatched,,
1355,OpenBuddy/openbuddy-qwen2.5llamaify-7b-v23.1-200k,openbuddyqwen25llamaify7bv231200k,0,0,unmatched,,
1356,OpenBuddy/openbuddy-qwq-32b-v24.1-200k,openbuddyqwq32bv241200k,0,0,unmatched,,
1357,OpenBuddy/openbuddy-qwq-32b-v24.2-200k,openbuddyqwq32bv242200k,0,0,unmatched,,
1358,OpenBuddy/openbuddy-yi1.5-34b-v21.3-32k,openbuddyyi1534bv21332k,0,0,unmatched,,
1359,OpenBuddy/openbuddy-zero-14b-v22.3-32k,openbuddyzero14bv22332k,0,0,unmatched,,
1360,OpenBuddy/openbuddy-zero-3b-v21.2-32k,openbuddyzero3bv21232k,0,0,unmatched,,
1361,OpenBuddy/openbuddy-zero-56b-v21.2-32k,openbuddyzero56bv21232k,0,0,unmatched,,
1362,OpenGenerativeAI/Bifrost,bifrost,0,0,unmatched,,
1363,OpenGenerativeAI/Bifrost-14B,bifrost14b,0,0,unmatched,,
1364,OpenLLM-France/Lucie-7B,lucie7b,0,0,unmatched,,
1365,OpenLLM-France/Lucie-7B-Instruct,lucie7binstruct,0,0,unmatched,,
1366,OpenLLM-France/Lucie-7B-Instruct-human-data,lucie7binstructhumandata,0,0,unmatched,,
1367,OpenLLM-France/Lucie-7B-Instruct-v1.1,lucie7binstructv11,0,0,unmatched,,
1368,OpenLeecher/llama3-8b-lima,llama38blima,0,0,unmatched,,
1369,OpenScholar/Llama-3.1_OpenScholar-8B,llama31openscholar8b,0,0,unmatched,,
1370,Orenguteng/Llama-3.1-8B-Lexi-Uncensored,llama318blexiuncensored,0,0,unmatched,,
1371,Orenguteng/Llama-3.1-8B-Lexi-Uncensored-V2,llama318blexiuncensoredv2,0,0,unmatched,,
1372,Orion-zhen/Qwen2.5-7B-Instruct-Uncensored,qwen257binstructuncensored,0,0,unmatched,,
1373,Orion-zhen/phi-4-abliterated,phi4abliterated,0,0,unmatched,,
1374,P0x0/Astra-v1-12B,astrav112b,0,0,unmatched,,
1375,PJMixers/LLaMa-3-CursedStock-v2.0-8B,llama3cursedstockv208b,0,0,unmatched,,
1376,PJMixers-Dev/L3.2-Instruct-Thinking-v0.1-1B,l32instructthinkingv011b,0,0,unmatched,,
1377,PJMixers-Dev/LLaMa-3.1-Instruct-Interleaved-Zeroed-13B,llama31instructinterleavedzeroed13b,0,0,unmatched,,
1378,PJMixers-Dev/LLaMa-3.1-RomboTiesTest-8B,llama31rombotiestest8b,0,0,unmatched,,
1379,PJMixers-Dev/LLaMa-3.1-RomboTiesTest2-8B,llama31rombotiestest28b,0,0,unmatched,,
1380,PJMixers-Dev/LLaMa-3.2-Instruct-JankMix-v0.1-SFT-3B,llama32instructjankmixv01sft3b,0,0,unmatched,,
1381,PJMixers-Dev/LLaMa-3.2-Instruct-JankMix-v0.2-SFT-3B,llama32instructjankmixv02sft3b,0,0,unmatched,,
1382,PJMixers-Dev/LLaMa-3.2-Instruct-JankMix-v0.2-SFT-HailMary-v0.1-KTO-3B,llama32instructjankmixv02sfthailmaryv01kto3b,0,0,unmatched,,
1383,PJMixers-Dev/LLaMa-3.2-Instruct-JankMixBread-v0.1-3B,llama32instructjankmixbreadv013b,0,0,unmatched,,
1384,PJMixers-Dev/Qwen2.5-RomboTiesTest-7B,qwen25rombotiestest7b,0,0,unmatched,,
1385,Parissa3/test-model,testmodel,0,0,unmatched,,
1386,Pinkstack/PARM-V1.5-base-QwQ-Qwen-2.5-o1-3B,parmv15baseqwqqwen25o13b,0,0,unmatched,,
1387,Pinkstack/SuperThoughts-CoT-14B-16k-o1-QwQ,superthoughtscot14b16ko1qwq,0,0,unmatched,,
1388,Pinkstack/Superthoughts-lite-1.8B-experimental-o1,superthoughtslite18bexperimentalo1,0,0,unmatched,,
1389,Pinkstack/Superthoughts-lite-v1,superthoughtslitev1,0,0,unmatched,,
1390,PocketDoc/Dans-Instruct-CoreCurriculum-12b,dansinstructcorecurriculum12b,0,0,unmatched,,
1391,PocketDoc/Dans-PersonalityEngine-V1.1.0-12b,danspersonalityenginev11012b,0,0,unmatched,,
1392,PocketDoc/Dans-PersonalityEngine-V1.2.0-24b,danspersonalityenginev12024b,0,0,unmatched,,
1393,PocketDoc/Dans-PersonalityEngine-v1.0.0-8b,danspersonalityenginev1008b,0,0,unmatched,,
1394,PocketDoc/Dans-SakuraKaze-V1.0.0-12b,danssakurakazev10012b,0,0,unmatched,,
1395,PowerInfer/SmallThinker-3B-Preview,smallthinker3bpreview,0,0,unmatched,,
1396,PranavHarshan/LaMistral-V4,lamistralv4,0,0,unmatched,,
1397,PranavHarshan/MedNarra-X1,mednarrax1,0,0,unmatched,,
1398,Pretergeek/OpenChat-3.5-0106_10.7B_48Layers-Appended,openchat350106107b48layersappended,0,0,unmatched,,
1399,Pretergeek/OpenChat-3.5-0106_10.7B_48Layers-Interleaved,openchat350106107b48layersinterleaved,0,0,unmatched,,
1400,Pretergeek/OpenChat-3.5-0106_32K-PoSE,openchat35010632kpose,0,0,unmatched,,
1401,Pretergeek/OpenChat-3.5-0106_8.11B_36Layers-Appended,openchat350106811b36layersappended,0,0,unmatched,,
1402,Pretergeek/OpenChat-3.5-0106_8.11B_36Layers-Interleaved,openchat350106811b36layersinterleaved,0,0,unmatched,,
1403,Pretergeek/OpenChat-3.5-0106_8.99B_40Layers-Appended,openchat350106899b40layersappended,0,0,unmatched,,
1404,Pretergeek/OpenChat-3.5-0106_8.99B_40Layers-Interleaved,openchat350106899b40layersinterleaved,0,0,unmatched,,
1405,Pretergeek/OpenChat-3.5-0106_9.86B_44Layers-Appended,openchat350106986b44layersappended,0,0,unmatched,,
1406,Pretergeek/openchat-3.5-0106_Rebased_Mistral-7B-v0.2,openchat350106rebasedmistral7bv02,0,0,unmatched,,
1407,PrimeIntellect/INTELLECT-1,intellect1,1,1,accepted_exact,703.0,exact normalized name; parameter <= tolerance; organization compatible
1408,PrimeIntellect/INTELLECT-1,intellect1,1,1,accepted_exact,703.0,exact normalized name; parameter <= tolerance; organization compatible
1409,PrimeIntellect/INTELLECT-1-Instruct,intellect1instruct,0,0,unmatched,,
1410,PuxAI/LUA_model,luamodel,0,0,unmatched,,
1411,PygmalionAI/pygmalion-6b,pygmalion6b,0,0,unmatched,,
1412,Q-bert/MetaMath-1B,metamath1b,0,0,unmatched,,
1413,Quazim0t0/1up-14b,1up14b,0,0,unmatched,,
1414,Quazim0t0/Adamant-14B-sce,adamant14bsce,0,0,unmatched,,
1415,Quazim0t0/Alice-14B,alice14b,0,0,unmatched,,
1416,Quazim0t0/Alien-CoT-14B-sce,aliencot14bsce,0,0,unmatched,,
1417,Quazim0t0/Aura-8B-Linear,aura8blinear,0,0,unmatched,,
1418,Quazim0t0/Casa-14b-sce,casa14bsce,0,0,unmatched,,
1419,Quazim0t0/Casa-14b-sce,casa14bsce,0,0,unmatched,,
1420,Quazim0t0/Charlie-8B-Linear,charlie8blinear,0,0,unmatched,,
1421,Quazim0t0/Chromatic-8b-sce,chromatic8bsce,0,0,unmatched,,
1422,Quazim0t0/CoT_Phi,cotphi,0,0,unmatched,,
1423,Quazim0t0/Dyson-14b,dyson14b,0,0,unmatched,,
1424,Quazim0t0/Edu-14B-Linear,edu14blinear,0,0,unmatched,,
1425,Quazim0t0/Fugazi14b,fugazi14b,0,0,unmatched,,
1426,Quazim0t0/GZA-14B-sce,gza14bsce,0,0,unmatched,,
1427,Quazim0t0/Geedorah-14B,geedorah14b,0,0,unmatched,,
1428,Quazim0t0/GivingTree-8b-sce,givingtree8bsce,0,0,unmatched,,
1429,Quazim0t0/GuiltySpark-14B-ties,guiltyspark14bties,0,0,unmatched,,
1430,Quazim0t0/Halo-14B-sce,halo14bsce,0,0,unmatched,,
1431,Quazim0t0/Heretic1.5b,heretic15b,0,0,unmatched,,
1432,Quazim0t0/Hyde-14b-sce,hyde14bsce,0,0,unmatched,,
1433,Quazim0t0/Imagine-v0.5-16bit,imaginev0516bit,0,0,unmatched,,
1434,Quazim0t0/Imbue-14b,imbue14b,0,0,unmatched,,
1435,Quazim0t0/Insom,insom,0,0,unmatched,,
1436,Quazim0t0/InspectorDeck-14B-sce,inspectordeck14bsce,0,0,unmatched,,
1437,Quazim0t0/Jekyl-8b-sce,jekyl8bsce,0,0,unmatched,,
1438,Quazim0t0/Jigsaw-14B-Linear,jigsaw14blinear,0,0,unmatched,,
1439,Quazim0t0/Katana-8b-sce,katana8bsce,0,0,unmatched,,
1440,Quazim0t0/Knot-CoT-14B-sce,knotcot14bsce,0,0,unmatched,,
1441,Quazim0t0/Lineage-14B,lineage14b,0,0,unmatched,,
1442,Quazim0t0/Lo-Phi-14b,lophi14b,0,0,unmatched,,
1443,Quazim0t0/Loke-14B-sce,loke14bsce,0,0,unmatched,,
1444,Quazim0t0/MFDOOM-14B,mfdoom14b,0,0,unmatched,,
1445,Quazim0t0/MFGRIMM-14B,mfgrimm14b,0,0,unmatched,,
1446,Quazim0t0/Math_Phi4_Reason,mathphi4reason,0,0,unmatched,,
1447,Quazim0t0/Mithril-14B-sce,mithril14bsce,0,0,unmatched,,
1448,Quazim0t0/Mononoke-14B-sce,mononoke14bsce,0,0,unmatched,,
1449,Quazim0t0/Motion-8B-Linear,motion8blinear,0,0,unmatched,,
1450,Quazim0t0/Mouse-9B,mouse9b,0,0,unmatched,,
1451,Quazim0t0/Nova-14b-sce,nova14bsce,0,0,unmatched,,
1452,Quazim0t0/NovaScotia-14b-stock,novascotia14bstock,0,0,unmatched,,
1453,Quazim0t0/ODB-14B-sce,odb14bsce,0,0,unmatched,,
1454,Quazim0t0/ODB-14b-sce,odb14bsce,0,0,unmatched,,
1455,Quazim0t0/Oasis-14B-ties,oasis14bties,0,0,unmatched,,
1456,Quazim0t0/Origami-14B-sce,origami14bsce,0,0,unmatched,,
1457,Quazim0t0/Phi4.Turn.R1Distill.16bit,phi4turnr1distill16bit,0,0,unmatched,,
1458,Quazim0t0/Phi4.Turn.R1Distill_v1.5.1-Tensors,phi4turnr1distillv151tensors,0,0,unmatched,,
1459,Quazim0t0/Phi4Basis-14B-sce,phi4basis14bsce,0,0,unmatched,,
1460,Quazim0t0/Ponder-14B-linear,ponder14blinear,0,0,unmatched,,
1461,Quazim0t0/RZA-14B-sce,rza14bsce,0,0,unmatched,,
1462,Quazim0t0/Rosemary-14b,rosemary14b,0,0,unmatched,,
1463,Quazim0t0/Rune-14b,rune14b,0,0,unmatched,,
1464,Quazim0t0/SZA-14B-sce,sza14bsce,0,0,unmatched,,
1465,Quazim0t0/Sake-20b,sake20b,0,0,unmatched,,
1466,Quazim0t0/Spok-14b-sce,spok14bsce,0,0,unmatched,,
1467,Quazim0t0/Sumatra-20b,sumatra20b,0,0,unmatched,,
1468,Quazim0t0/SuperNova14b,supernova14b,0,0,unmatched,,
1469,Quazim0t0/TB0-8B-sce,tb08bsce,0,0,unmatched,,
1470,Quazim0t0/TBL-8B-sce,tbl8bsce,0,0,unmatched,,
1471,Quazim0t0/ThinkPhi1.1-Tensors,thinkphi11tensors,0,0,unmatched,,
1472,Quazim0t0/Venti-20b,venti20b,0,0,unmatched,,
1473,Quazim0t0/Venti-Blend-sce,ventiblendsce,0,0,unmatched,,
1474,Quazim0t0/Vine-14b-sce,vine14bsce,0,0,unmatched,,
1475,Quazim0t0/Wendy-14B,wendy14b,0,0,unmatched,,
1476,Quazim0t0/Wu-14b-sce,wu14bsce,0,0,unmatched,,
1477,Quazim0t0/bloom-14b-stock,bloom14bstock,0,0,unmatched,,
1478,Quazim0t0/caramel-14B,caramel14b,0,0,unmatched,,
1479,Quazim0t0/graphite-14b-sce,graphite14bsce,0,0,unmatched,,
1480,Quazim0t0/mocha-14B,mocha14b,0,0,unmatched,,
1481,Quazim0t0/mosaic-14b-sce,mosaic14bsce,0,0,unmatched,,
1482,Quazim0t0/tesseract-14b-stock,tesseract14bstock,0,0,unmatched,,
1483,Quazim0t0/time-14b-stock,time14bstock,0,0,unmatched,,
1484,Qwen/QwQ-32B,qwq32b,1,1,accepted_exact,496.0,exact normalized name; parameter <= tolerance; organization compatible
1485,Qwen/QwQ-32B-Preview,qwq32bpreview,0,0,unmatched,,
1486,Qwen/Qwen1.5-0.5B,qwen1505b,0,0,unmatched,,
1487,Qwen/Qwen1.5-0.5B-Chat,qwen1505bchat,0,0,unmatched,,
1488,Qwen/Qwen1.5-1.8B,qwen1518b,0,0,unmatched,,
1489,Qwen/Qwen1.5-1.8B-Chat,qwen1518bchat,0,0,unmatched,,
1490,Qwen/Qwen1.5-110B,qwen15110b,1,1,accepted_exact,1322.0,exact normalized name; parameter <= tolerance; organization compatible
1491,Qwen/Qwen1.5-110B-Chat,qwen15110bchat,0,0,unmatched,,
1492,Qwen/Qwen1.5-14B,qwen1514b,1,1,accepted_exact,1509.0,exact normalized name; parameter <= tolerance; organization compatible
1493,Qwen/Qwen1.5-14B-Chat,qwen1514bchat,0,0,unmatched,,
1494,Qwen/Qwen1.5-32B,qwen1532b,1,1,accepted_exact,1504.0,exact normalized name; parameter <= tolerance; organization compatible
1495,Qwen/Qwen1.5-32B-Chat,qwen1532bchat,0,0,unmatched,,
1496,Qwen/Qwen1.5-4B,qwen154b,0,0,unmatched,,
1497,Qwen/Qwen1.5-4B-Chat,qwen154bchat,0,0,unmatched,,
1498,Qwen/Qwen1.5-7B,qwen157b,1,0,unmatched,,1508:parameter_or_org_conflict
1499,Qwen/Qwen1.5-7B-Chat,qwen157bchat,0,0,unmatched,,
1500,Qwen/Qwen1.5-MoE-A2.7B,qwen15moea27b,0,0,unmatched,,
1501,Qwen/Qwen1.5-MoE-A2.7B-Chat,qwen15moea27bchat,0,0,unmatched,,
1502,Qwen/Qwen2-0.5B,qwen205b,1,1,accepted_exact,1205.0,exact normalized name; parameter <= tolerance; organization compatible
1503,Qwen/Qwen2-0.5B-Instruct,qwen205binstruct,0,0,unmatched,,
1504,Qwen/Qwen2-1.5B,qwen215b,1,1,accepted_exact,1204.0,exact normalized name; parameter <= tolerance; organization compatible
1505,Qwen/Qwen2-1.5B-Instruct,qwen215binstruct,0,0,unmatched,,
1506,Qwen/Qwen2-57B-A14B,qwen257ba14b,1,1,accepted_exact,1203.0,exact normalized name; parameter <= tolerance; organization compatible
1507,Qwen/Qwen2-57B-A14B-Instruct,qwen257ba14binstruct,0,0,unmatched,,
1508,Qwen/Qwen2-72B,qwen272b,1,1,accepted_exact,1201.0,exact normalized name; parameter <= tolerance; organization compatible
1509,Qwen/Qwen2-72B-Instruct,qwen272binstruct,0,0,unmatched,,
1510,Qwen/Qwen2-7B,qwen27b,1,0,unmatched,,1202:parameter_or_org_conflict
1511,Qwen/Qwen2-7B-Instruct,qwen27binstruct,0,0,unmatched,,
1512,Qwen/Qwen2-Math-72B-Instruct,qwen2math72binstruct,0,0,unmatched,,
1513,Qwen/Qwen2-Math-7B,qwen2math7b,1,0,unmatched,,1062:parameter_or_org_conflict
1514,Qwen/Qwen2-VL-72B-Instruct,qwen2vl72binstruct,0,0,unmatched,,
1515,Qwen/Qwen2-VL-7B-Instruct,qwen2vl7binstruct,0,0,unmatched,,
1516,Qwen/Qwen2.5-0.5B,qwen2505b,0,0,unmatched,,
1517,Qwen/Qwen2.5-0.5B-Instruct,qwen2505binstruct,0,0,unmatched,,
1518,Qwen/Qwen2.5-0.5B-Instruct,qwen2505binstruct,0,0,unmatched,,
1519,Qwen/Qwen2.5-1.5B,qwen2515b,1,1,accepted_exact,914.0,exact normalized name; parameter <= tolerance; organization compatible
1520,Qwen/Qwen2.5-1.5B-Instruct,qwen2515binstruct,0,0,unmatched,,
1521,Qwen/Qwen2.5-14B,qwen2514b,1,1,accepted_exact,915.0,exact normalized name; parameter <= tolerance; organization compatible
1522,Qwen/Qwen2.5-14B-Instruct,qwen2514binstruct,0,0,unmatched,,
1523,Qwen/Qwen2.5-14B-Instruct-1M,qwen2514binstruct1m,0,0,unmatched,,
1524,Qwen/Qwen2.5-32B,qwen2532b,1,1,accepted_exact,938.0,exact normalized name; parameter <= tolerance; organization compatible
1525,Qwen/Qwen2.5-32B-Instruct,qwen2532binstruct,0,0,unmatched,,
1526,Qwen/Qwen2.5-3B,qwen253b,1,1,accepted_exact,912.0,exact normalized name; parameter <= tolerance; organization compatible
1527,Qwen/Qwen2.5-3B-Instruct,qwen253binstruct,0,0,unmatched,,
1528,Qwen/Qwen2.5-72B,qwen2572b,1,1,accepted_exact,905.0,exact normalized name; parameter <= tolerance; organization compatible
1529,Qwen/Qwen2.5-72B-Instruct,qwen2572binstruct,0,0,unmatched,,
1530,Qwen/Qwen2.5-7B,qwen257b,1,1,accepted_exact,913.0,exact normalized name; parameter <= tolerance; organization compatible
1531,Qwen/Qwen2.5-7B-Instruct,qwen257binstruct,0,0,unmatched,,
1532,Qwen/Qwen2.5-7B-Instruct-1M,qwen257binstruct1m,0,0,unmatched,,
1533,Qwen/Qwen2.5-Coder-14B,qwen25coder14b,0,0,unmatched,,
1534,Qwen/Qwen2.5-Coder-14B-Instruct,qwen25coder14binstruct,0,0,unmatched,,
1535,Qwen/Qwen2.5-Coder-32B,qwen25coder32b,1,1,accepted_exact,741.0,exact normalized name; parameter <= tolerance; organization compatible
1536,Qwen/Qwen2.5-Coder-32B-Instruct,qwen25coder32binstruct,0,0,unmatched,,
1537,Qwen/Qwen2.5-Coder-7B,qwen25coder7b,1,1,accepted_exact,924.0,exact normalized name; parameter <= tolerance; organization compatible
1538,Qwen/Qwen2.5-Coder-7B-Instruct,qwen25coder7binstruct,0,0,unmatched,,
1539,Qwen/Qwen2.5-Math-1.5B-Instruct,qwen25math15binstruct,0,0,unmatched,,
1540,Qwen/Qwen2.5-Math-72B-Instruct,qwen25math72binstruct,0,0,unmatched,,
1541,Qwen/Qwen2.5-Math-7B,qwen25math7b,0,0,unmatched,,
1542,Qwen/Qwen2.5-Math-7B-Instruct,qwen25math7binstruct,0,0,unmatched,,
1543,RDson/WomboCombo-R1-Coder-14B-Preview,wombocombor1coder14bpreview,0,0,unmatched,,
1544,RESMPDEV/EVA-Qwen2.5-1.5B-FRFR,evaqwen2515bfrfr,0,0,unmatched,,
1545,RESMPDEV/Qwen2-Wukong-0.5B,qwen2wukong05b,0,0,unmatched,,
1546,RLHFlow/ArmoRM-Llama3-8B-v0.1,armormllama38bv01,0,0,unmatched,,
1547,RLHFlow/LLaMA3-iterative-DPO-final,llama3iterativedpofinal,0,0,unmatched,,
1548,RWKV/rwkv-raven-14b,rwkvraven14b,0,0,unmatched,,
1549,Rakuten/RakutenAI-2.0-mini-instruct,rakutenai20miniinstruct,0,0,unmatched,,
1550,Rakuten/RakutenAI-7B,rakutenai7b,0,0,unmatched,,
1551,Rakuten/RakutenAI-7B-chat,rakutenai7bchat,0,0,unmatched,,
1552,Replete-AI/L3-Pneuma-8B,l3pneuma8b,0,0,unmatched,,
1553,Replete-AI/L3.1-Pneuma-8B,l31pneuma8b,0,0,unmatched,,
1554,Replete-AI/Llama3-8B-Instruct-Replete-Adapted,llama38binstructrepleteadapted,0,0,unmatched,,
1555,Replete-AI/Replete-Coder-Instruct-8b-Merged,repletecoderinstruct8bmerged,0,0,unmatched,,
1556,Replete-AI/Replete-Coder-Llama3-8B,repletecoderllama38b,0,0,unmatched,,
1557,Replete-AI/Replete-Coder-Qwen2-1.5b,repletecoderqwen215b,0,0,unmatched,,
1558,Replete-AI/Replete-LLM-Qwen2-7b,repletellmqwen27b,0,0,unmatched,,
1559,Replete-AI/Replete-LLM-Qwen2-7b_Beta-Preview,repletellmqwen27bbetapreview,0,0,unmatched,,
1560,Replete-AI/Replete-LLM-V2-Llama-3.1-8b,repletellmv2llama318b,0,0,unmatched,,
1561,RezVortex/JAJUKA-WEWILLNEVERFORGETYOU-3B,jajukawewillneverforgetyou3b,0,0,unmatched,,
1562,RezVortex/Jajuka-3b,jajuka3b,0,0,unmatched,,
1563,Ro-xe/FMixIA-7B-DARE-0,fmixia7bdare0,0,0,unmatched,,
1564,Ro-xe/FMixIA-7B-SLERP-27,fmixia7bslerp27,0,0,unmatched,,
1565,Ro-xe/FMixIA-7B-TIES-1,fmixia7bties1,0,0,unmatched,,
1566,Ro-xe/FMixIA-FrankenMerge-9.5B-PT-9,fmixiafrankenmerge95bpt9,0,0,unmatched,,
1567,Rombo-Org/Rombo-LLM-V2.5-Qwen-7b,rombollmv25qwen7b,0,0,unmatched,,
1568,RubielLabarta/LogoS-7Bx2-MoE-13B-v0.2,logos7bx2moe13bv02,0,0,unmatched,,
1569,SaisExperiments/Evil-Alpaca-3B-L3.2,evilalpaca3bl32,0,0,unmatched,,
1570,SaisExperiments/Gemma-2-2B-Opus-Instruct,gemma22bopusinstruct,0,0,unmatched,,
1571,SaisExperiments/Gemma-2-2B-Stheno-Filtered,gemma22bsthenofiltered,0,0,unmatched,,
1572,SaisExperiments/Not-So-Small-Alpaca-24B,notsosmallalpaca24b,0,0,unmatched,,
1573,SaisExperiments/QwOwO-7B-V1,qwowo7bv1,0,0,unmatched,,
1574,SaisExperiments/RightSheep-Llama3.2-3B,rightsheepllama323b,0,0,unmatched,,
1575,Sakalti/Anemoi-3B,anemoi3b,0,0,unmatched,,
1576,Sakalti/Euphrates-14B,euphrates14b,0,0,unmatched,,
1577,Sakalti/Llama3.2-3B-Uranus-1,llama323buranus1,0,0,unmatched,,
1578,Sakalti/Magro-7B-v1.1,magro7bv11,0,0,unmatched,,
1579,Sakalti/Neptuno-3B,neptuno3b,0,0,unmatched,,
1580,Sakalti/Neptuno-Alpha,neptunoalpha,0,0,unmatched,,
1581,Sakalti/Oxyge1-33B,oxyge133b,0,0,unmatched,,
1582,Sakalti/Phi3.5-Comets-3.8B,phi35comets38b,0,0,unmatched,,
1583,Sakalti/Qwen2.5-1B-Instruct,qwen251binstruct,0,0,unmatched,,
1584,Sakalti/QwenTest-7,qwentest7,0,0,unmatched,,
1585,Sakalti/SJT-0.5B,sjt05b,0,0,unmatched,,
1586,Sakalti/SJT-1.5B-Alpha,sjt15balpha,0,0,unmatched,,
1587,Sakalti/SJT-1.5B-Alpha-1.1,sjt15balpha11,0,0,unmatched,,
1588,Sakalti/SJT-1.7B,sjt17b,0,0,unmatched,,
1589,Sakalti/SJT-14B,sjt14b,0,0,unmatched,,
1590,Sakalti/SJT-2.4B,sjt24b,0,0,unmatched,,
1591,Sakalti/SJT-24B-Alpha,sjt24balpha,0,0,unmatched,,
1592,Sakalti/SJT-2B,sjt2b,0,0,unmatched,,
1593,Sakalti/SJT-2B-V1.1,sjt2bv11,0,0,unmatched,,
1594,Sakalti/SJT-3.7B,sjt37b,0,0,unmatched,,
1595,Sakalti/SJT-4B,sjt4b,0,0,unmatched,,
1596,Sakalti/SJT-7.5B,sjt75b,0,0,unmatched,,
1597,Sakalti/SJT-7B-V1.1,sjt7bv11,0,0,unmatched,,
1598,Sakalti/SJT-7B-V1.1-Multilingal,sjt7bv11multilingal,0,0,unmatched,,
1599,Sakalti/SJT-8B,sjt8b,0,0,unmatched,,
1600,Sakalti/SJT-8B-V1.1,sjt8bv11,0,0,unmatched,,
1601,Sakalti/SJT-900M,sjt900m,0,0,unmatched,,
1602,Sakalti/SJT-Moe2x7.5B,sjtmoe2x75b,0,0,unmatched,,
1603,Sakalti/SJTPass-2,sjtpass2,0,0,unmatched,,
1604,Sakalti/SJTPass-4,sjtpass4,0,0,unmatched,,
1605,Sakalti/SJTPass-5,sjtpass5,0,0,unmatched,,
1606,Sakalti/Saba-Passthrough-2,sabapassthrough2,0,0,unmatched,,
1607,Sakalti/Saba1-1.8B,saba118b,0,0,unmatched,,
1608,Sakalti/Saba1-7B,saba17b,0,0,unmatched,,
1609,Sakalti/Saba1.5-1.5B,saba1515b,0,0,unmatched,,
1610,Sakalti/Saba1.5-Pro-3B,saba15pro3b,0,0,unmatched,,
1611,Sakalti/Saba2-14B-Preview,saba214bpreview,0,0,unmatched,,
1612,Sakalti/Saba2-3B,saba23b,0,0,unmatched,,
1613,Sakalti/Sailor-japanese,sailorjapanese,0,0,unmatched,,
1614,Sakalti/Saka-1.5B,saka15b,0,0,unmatched,,
1615,Sakalti/Saka-14B,saka14b,0,0,unmatched,,
1616,Sakalti/Saka-24B,saka24b,0,0,unmatched,,
1617,Sakalti/Saka-7.2B,saka72b,0,0,unmatched,,
1618,Sakalti/Saka-7.6B,saka76b,0,0,unmatched,,
1619,Sakalti/SakaMoe-3x1.6B-Instruct,sakamoe3x16binstruct,0,0,unmatched,,
1620,Sakalti/SakalFusion-7B-Alpha,sakalfusion7balpha,0,0,unmatched,,
1621,Sakalti/SakalFusion-7B-Beta,sakalfusion7bbeta,0,0,unmatched,,
1622,Sakalti/Tara-3.8B-v1.1,tara38bv11,0,0,unmatched,,
1623,Sakalti/light-1.1-3B,light113b,0,0,unmatched,,
1624,Sakalti/light-3B,light3b,0,0,unmatched,,
1625,Sakalti/light-3b-beta,light3bbeta,0,0,unmatched,,
1626,Sakalti/light-7b-beta,light7bbeta,0,0,unmatched,,
1627,Sakalti/llama-3-yanyuedao-8b-instruct,llama3yanyuedao8binstruct,0,0,unmatched,,
1628,Sakalti/magro-7B,magro7b,0,0,unmatched,,
1629,Sakalti/mergekit-01,mergekit01,0,0,unmatched,,
1630,Sakalti/mergekit-della_linear-vmeykci,mergekitdellalinearvmeykci,0,0,unmatched,,
1631,Sakalti/model-3,model3,0,0,unmatched,,
1632,Sakalti/qwen2.5-2.3B,qwen2523b,0,0,unmatched,,
1633,Sakalti/tara-3.8B,tara38b,0,0,unmatched,,
1634,Sakalti/ultiima-14B,ultiima14b,0,0,unmatched,,
1635,Sakalti/ultiima-14B-v0.2,ultiima14bv02,0,0,unmatched,,
1636,Sakalti/ultiima-14B-v0.3,ultiima14bv03,0,0,unmatched,,
1637,Sakalti/ultiima-14B-v0.4,ultiima14bv04,0,0,unmatched,,
1638,Sakalti/ultiima-32B,ultiima32b,0,0,unmatched,,
1639,Sakalti/ultiima-72B,ultiima72b,0,0,unmatched,,
1640,Sakalti/ultiima-72B-v1.5,ultiima72bv15,0,0,unmatched,,
1641,Salesforce/LLaMA-3-8B-SFR-Iterative-DPO-R,llama38bsfriterativedpor,0,0,unmatched,,
1642,SanjiWatsuki/Kunoichi-DPO-v2-7B,kunoichidpov27b,0,0,unmatched,,
1643,SanjiWatsuki/Silicon-Maid-7B,siliconmaid7b,0,0,unmatched,,
1644,Sao10K/70B-L3.3-Cirrus-x1,70bl33cirrusx1,0,0,unmatched,,
1645,Sao10K/Fimbulvetr-11B-v2,fimbulvetr11bv2,0,0,unmatched,,
1646,Sao10K/L3-70B-Euryale-v2.1,l370beuryalev21,0,0,unmatched,,
1647,Sao10K/L3-70B-Euryale-v2.1,l370beuryalev21,0,0,unmatched,,
1648,Sao10K/L3-8B-Lunaris-v1,l38blunarisv1,0,0,unmatched,,
1649,Sao10K/L3-8B-Niitama-v1,l38bniitamav1,0,0,unmatched,,
1650,Sao10K/L3-8B-Stheno-v3.2,l38bsthenov32,0,0,unmatched,,
1651,Sao10K/L3-8B-Stheno-v3.3-32K,l38bsthenov3332k,0,0,unmatched,,
1652,Sao10K/MN-12B-Lyra-v3,mn12blyrav3,0,0,unmatched,,
1653,Saxo/Linkbricks-Horizon-AI-Avengers-V1-32B,linkbrickshorizonaiavengersv132b,0,0,unmatched,,
1654,Saxo/Linkbricks-Horizon-AI-Avengers-V2-32B,linkbrickshorizonaiavengersv232b,0,0,unmatched,,
1655,Saxo/Linkbricks-Horizon-AI-Avengers-V3-32B,linkbrickshorizonaiavengersv332b,0,0,unmatched,,
1656,Saxo/Linkbricks-Horizon-AI-Avengers-V4-32B,linkbrickshorizonaiavengersv432b,0,0,unmatched,,
1657,Saxo/Linkbricks-Horizon-AI-Avengers-V5-32B,linkbrickshorizonaiavengersv532b,0,0,unmatched,,
1658,Saxo/Linkbricks-Horizon-AI-Avengers-V6-32B,linkbrickshorizonaiavengersv632b,0,0,unmatched,,
1659,Saxo/Linkbricks-Horizon-AI-Korean-Avengers-V2-27B,linkbrickshorizonaikoreanavengersv227b,0,0,unmatched,,
1660,Saxo/Linkbricks-Horizon-AI-Korean-Avengers-V3-27B,linkbrickshorizonaikoreanavengersv327b,0,0,unmatched,,
1661,Saxo/Linkbricks-Horizon-AI-Korean-Superb-22B,linkbrickshorizonaikoreansuperb22b,0,0,unmatched,,
1662,Saxo/Linkbricks-Horizon-AI-Korean-Superb-27B,linkbrickshorizonaikoreansuperb27b,0,0,unmatched,,
1663,Saxo/Linkbricks-Horizon-AI-Superb-27B,linkbrickshorizonaisuperb27b,0,0,unmatched,,
1664,SeaLLMs/SeaLLM-7B-v2,seallm7bv2,1,0,unmatched,,1621:parameter_or_org_conflict
1665,SeaLLMs/SeaLLM-7B-v2.5,seallm7bv25,1,0,unmatched,,1622:parameter_or_org_conflict
1666,SeaLLMs/SeaLLMs-v3-7B-Chat,seallmsv37bchat,0,0,unmatched,,
1667,SenseLLM/ReflectionCoder-CL-34B,reflectioncodercl34b,0,0,unmatched,,
1668,SenseLLM/ReflectionCoder-DS-33B,reflectioncoderds33b,0,0,unmatched,,
1669,SentientAGI/Dobby-Mini-Leashed-Llama-3.1-8B,dobbyminileashedllama318b,0,0,unmatched,,
1670,SentientAGI/Dobby-Mini-Unhinged-Llama-3.1-8B,dobbyminiunhingedllama318b,0,0,unmatched,,
1671,SeppeV/SmolLM_pretrained_with_sft_trained_with_1pc_data_on_a_preference_dpo,smollmpretrainedwithsfttrainedwith1pcdataonapreferencedpo,0,0,unmatched,,
1672,Sharathhebbar24/SSH_355M,ssh355m,0,0,unmatched,,
1673,Sharathhebbar24/chat_gpt2_dpo,chatgpt2dpo,0,0,unmatched,,
1674,Shreyash2010/Uma-4x4B-Instruct-v0.1,uma4x4binstructv01,0,0,unmatched,,
1675,Sicarius-Prototyping/Brainy_LLAMA,brainyllama,0,0,unmatched,,
1676,Sicarius-Prototyping/Micropenis_1B,micropenis1b,0,0,unmatched,,
1677,Sicarius-Prototyping/bacon_and_food,baconandfood,0,0,unmatched,,
1678,SicariusSicariiStuff/2B-ad,2bad,0,0,unmatched,,
1679,SicariusSicariiStuff/2B_or_not_2B,2bornot2b,0,0,unmatched,,
1680,SicariusSicariiStuff/Dusk_Rainbow,duskrainbow,0,0,unmatched,,
1681,SicariusSicariiStuff/Eximius_Persona_5B,eximiuspersona5b,0,0,unmatched,,
1682,SicariusSicariiStuff/Impish_LLAMA_3B,impishllama3b,0,0,unmatched,,
1683,SicariusSicariiStuff/Impish_Mind_8B,impishmind8b,0,0,unmatched,,
1684,SicariusSicariiStuff/Impish_QWEN_14B-1M,impishqwen14b1m,0,0,unmatched,,
1685,SicariusSicariiStuff/Impish_QWEN_7B-1M,impishqwen7b1m,0,0,unmatched,,
1686,SicariusSicariiStuff/LLAMA-3_8B_Unaligned_BETA,llama38bunalignedbeta,0,0,unmatched,,
1687,SicariusSicariiStuff/Phi-Line_14B,philine14b,0,0,unmatched,,
1688,SicariusSicariiStuff/Phi-lthy4,philthy4,0,0,unmatched,,
1689,SicariusSicariiStuff/Qwen2.5-14B_Uncencored,qwen2514buncencored,0,0,unmatched,,
1690,SicariusSicariiStuff/Qwen2.5-14B_Uncensored,qwen2514buncensored,0,0,unmatched,,
1691,SicariusSicariiStuff/Qwen2.5-14B_Uncensored_Instruct,qwen2514buncensoredinstruct,0,0,unmatched,,
1692,SicariusSicariiStuff/Redemption_Wind_24B,redemptionwind24b,0,0,unmatched,,
1693,SicariusSicariiStuff/Winged_Imp_8B,wingedimp8b,0,0,unmatched,,
1694,SicariusSicariiStuff/Wingless_Imp_8B,winglessimp8b,0,0,unmatched,,
1695,SicariusSicariiStuff/Zion_Alpha,zionalpha,0,0,unmatched,,
1696,SicariusSicariiStuff/dn_ep02,dnep02,0,0,unmatched,,
1697,SkyOrbis/SKY-Ko-Llama3.1-8B-lora,skykollama318blora,0,0,unmatched,,
1698,SkyOrbis/SKY-Ko-Llama3.1-8B-lora-epoch1,skykollama318bloraepoch1,0,0,unmatched,,
1699,SkyOrbis/SKY-Ko-Llama3.2-1B-lora-epoch3,skykollama321bloraepoch3,0,0,unmatched,,
1700,SkyOrbis/SKY-Ko-Llama3.2-1B-lora-epoch5,skykollama321bloraepoch5,0,0,unmatched,,
1701,SkyOrbis/SKY-Ko-Llama3.2-1B-lora-v2-epoch3,skykollama321blorav2epoch3,0,0,unmatched,,
1702,SkyOrbis/SKY-Ko-Llama3.2-1B-lora-v2-epoch5,skykollama321blorav2epoch5,0,0,unmatched,,
1703,SkyOrbis/SKY-Ko-Llama3.2-3B-lora-epoch1,skykollama323bloraepoch1,0,0,unmatched,,
1704,SkyOrbis/SKY-Ko-Llama3.2-3B-lora-epoch2,skykollama323bloraepoch2,0,0,unmatched,,
1705,SkyOrbis/SKY-Ko-Llama3.2-3B-lora-epoch3,skykollama323bloraepoch3,0,0,unmatched,,
1706,SkyOrbis/SKY-Ko-Qwen2.5-3B-Instruct,skykoqwen253binstruct,0,0,unmatched,,
1707,SkyOrbis/SKY-Ko-Qwen2.5-7B-Instruct-SFT-step-15000,skykoqwen257binstructsftstep15000,0,0,unmatched,,
1708,SkyOrbis/SKY-Ko-Qwen2.5-7B-Instruct-SFT-step-5000,skykoqwen257binstructsftstep5000,0,0,unmatched,,
1709,Skywork/Skywork-Reward-Gemma-2-27B-v0.2,skyworkrewardgemma227bv02,0,0,unmatched,,
1710,Skywork/Skywork-o1-Open-Llama-3.1-8B,skyworko1openllama318b,0,0,unmatched,,
1711,Solshine/Brimful-merged-replete,brimfulmergedreplete,0,0,unmatched,,
1712,Solshine/Llama-3-1-big-thoughtful-passthrough-merge-2,llama31bigthoughtfulpassthroughmerge2,0,0,unmatched,,
1713,Sorawiz/Gemma-9B-Base,gemma9bbase,0,0,unmatched,,
1714,Sorawiz/Gemma-Creative-9B-Base,gemmacreative9bbase,0,0,unmatched,,
1715,Sourjayon/DeepSeek-R1-8b-Sify,deepseekr18bsify,0,0,unmatched,,
1716,Sourjayon/DeepSeek-R1-ForumNXT,deepseekr1forumnxt,0,0,unmatched,,
1717,SpaceYL/ECE_Poirot,ecepoirot,0,0,unmatched,,
1718,Spestly/Athena-1-3B,athena13b,0,0,unmatched,,
1719,Spestly/Atlas-Pro-1.5B-Preview,atlaspro15bpreview,0,0,unmatched,,
1720,Spestly/Atlas-Pro-7B-Preview,atlaspro7bpreview,0,0,unmatched,,
1721,Stark2008/GutenLaserPi,gutenlaserpi,0,0,unmatched,,
1722,Stark2008/LayleleFlamPi,layleleflampi,0,0,unmatched,,
1723,Stark2008/VisFlamCat,visflamcat,0,0,unmatched,,
1724,Steelskull/L3.3-MS-Nevoria-70b,l33msnevoria70b,0,0,unmatched,,
1725,Steelskull/L3.3-Nevoria-R1-70b,l33nevoriar170b,0,0,unmatched,,
1726,StelleX/Qwen2.5_Math_7B_Cot,qwen25math7bcot,0,0,unmatched,,
1727,StelleX/Vorisatex-7B-preview,vorisatex7bpreview,0,0,unmatched,,
1728,SultanR/SmolTulu-1.7b-Instruct,smoltulu17binstruct,0,0,unmatched,,
1729,SultanR/SmolTulu-1.7b-Reinforced,smoltulu17breinforced,0,0,unmatched,,
1730,SultanR/SmolTulu-1.7b-it-v0,smoltulu17bitv0,0,0,unmatched,,
1731,Supichi/BBA-123,bba123,0,0,unmatched,,
1732,Supichi/BBA99,bba99,0,0,unmatched,,
1733,Supichi/BBAIK29,bbaik29,0,0,unmatched,,
1734,Supichi/BBAI_135_Gemma,bbai135gemma,0,0,unmatched,,
1735,Supichi/BBAI_250_Xia0_gZ,bbai250xia0gz,0,0,unmatched,,
1736,Supichi/BBAI_275_Tsunami_gZ,bbai275tsunamigz,0,0,unmatched,,
1737,Supichi/BBAI_525_Tsu_gZ_Xia0,bbai525tsugzxia0,0,0,unmatched,,
1738,Supichi/BBAI_78B_Calme_3_1_Ties,bbai78bcalme31ties,0,0,unmatched,,
1739,Supichi/BBAI_QWEEN_V000000_LUMEN_14B,bbaiqweenv000000lumen14b,0,0,unmatched,,
1740,Supichi/HF_TOKEN,hftoken,0,0,unmatched,,
1741,Supichi/NJS26,njs26,0,0,unmatched,,
1742,Svak/MN-12B-Inferor-v0.0,mn12binferorv00,0,0,unmatched,,
1743,Svak/MN-12B-Inferor-v0.1,mn12binferorv01,0,0,unmatched,,
1744,Syed-Hasan-8503/Phi-3-mini-4K-instruct-cpo-simpo,phi3mini4kinstructcposimpo,0,0,unmatched,,
1745,T145/KRONOS-8B-V1-P1,kronos8bv1p1,0,0,unmatched,,
1746,T145/KRONOS-8B-V1-P2,kronos8bv1p2,0,0,unmatched,,
1747,T145/KRONOS-8B-V1-P3,kronos8bv1p3,0,0,unmatched,,
1748,T145/KRONOS-8B-V2,kronos8bv2,0,0,unmatched,,
1749,T145/KRONOS-8B-V3,kronos8bv3,0,0,unmatched,,
1750,T145/KRONOS-8B-V4,kronos8bv4,0,0,unmatched,,
1751,T145/KRONOS-8B-V5,kronos8bv5,0,0,unmatched,,
1752,T145/KRONOS-8B-V6,kronos8bv6,0,0,unmatched,,
1753,T145/KRONOS-8B-V7,kronos8bv7,0,0,unmatched,,
1754,T145/KRONOS-8B-V8,kronos8bv8,0,0,unmatched,,
1755,T145/KRONOS-8B-V9,kronos8bv9,0,0,unmatched,,
1756,T145/Llama-3.1-8B-Instruct-Zeus,llama318binstructzeus,0,0,unmatched,,
1757,T145/Llama-3.1-8B-Zeus,llama318bzeus,0,0,unmatched,,
1758,T145/Meta-Llama-3.1-8B-Instruct-TIES,metallama318binstructties,0,0,unmatched,,
1759,T145/ZEUS-8B-V10,zeus8bv10,0,0,unmatched,,
1760,T145/ZEUS-8B-V11,zeus8bv11,0,0,unmatched,,
1761,T145/ZEUS-8B-V12,zeus8bv12,0,0,unmatched,,
1762,T145/ZEUS-8B-V13,zeus8bv13,0,0,unmatched,,
1763,T145/ZEUS-8B-V13-abliterated,zeus8bv13abliterated,0,0,unmatched,,
1764,T145/ZEUS-8B-V14,zeus8bv14,0,0,unmatched,,
1765,T145/ZEUS-8B-V15,zeus8bv15,0,0,unmatched,,
1766,T145/ZEUS-8B-V16,zeus8bv16,0,0,unmatched,,
1767,T145/ZEUS-8B-V17,zeus8bv17,0,0,unmatched,,
1768,T145/ZEUS-8B-V17-abliterated,zeus8bv17abliterated,0,0,unmatched,,
1769,T145/ZEUS-8B-V17-abliterated-V2,zeus8bv17abliteratedv2,0,0,unmatched,,
1770,T145/ZEUS-8B-V17-abliterated-V4,zeus8bv17abliteratedv4,0,0,unmatched,,
1771,T145/ZEUS-8B-V18,zeus8bv18,0,0,unmatched,,
1772,T145/ZEUS-8B-V19,zeus8bv19,0,0,unmatched,,
1773,T145/ZEUS-8B-V2,zeus8bv2,0,0,unmatched,,
1774,T145/ZEUS-8B-V2-ORPO,zeus8bv2orpo,0,0,unmatched,,
1775,T145/ZEUS-8B-V2-abliterated,zeus8bv2abliterated,0,0,unmatched,,
1776,T145/ZEUS-8B-V20,zeus8bv20,0,0,unmatched,,
1777,T145/ZEUS-8B-V21,zeus8bv21,0,0,unmatched,,
1778,T145/ZEUS-8B-V22,zeus8bv22,0,0,unmatched,,
1779,T145/ZEUS-8B-V23,zeus8bv23,0,0,unmatched,,
1780,T145/ZEUS-8B-V24,zeus8bv24,0,0,unmatched,,
1781,T145/ZEUS-8B-V25,zeus8bv25,0,0,unmatched,,
1782,T145/ZEUS-8B-V26,zeus8bv26,0,0,unmatched,,
1783,T145/ZEUS-8B-V27,zeus8bv27,0,0,unmatched,,
1784,T145/ZEUS-8B-V28,zeus8bv28,0,0,unmatched,,
1785,T145/ZEUS-8B-V29,zeus8bv29,0,0,unmatched,,
1786,T145/ZEUS-8B-V2L1,zeus8bv2l1,0,0,unmatched,,
1787,T145/ZEUS-8B-V2L2,zeus8bv2l2,0,0,unmatched,,
1788,T145/ZEUS-8B-V3,zeus8bv3,0,0,unmatched,,
1789,T145/ZEUS-8B-V30,zeus8bv30,0,0,unmatched,,
1790,T145/ZEUS-8B-V4,zeus8bv4,0,0,unmatched,,
1791,T145/ZEUS-8B-V6,zeus8bv6,0,0,unmatched,,
1792,T145/ZEUS-8B-V7,zeus8bv7,0,0,unmatched,,
1793,T145/ZEUS-8B-V8,zeus8bv8,0,0,unmatched,,
1794,T145/ZEUS-8B-V9,zeus8bv9,0,0,unmatched,,
1795,T145/qwen-2.5-3B-merge-test,qwen253bmergetest,0,0,unmatched,,
1796,THUDM/glm-4-9b,glm49b,0,0,unmatched,,
1797,THUDM/glm-4-9b-chat,glm49bchat,0,0,unmatched,,
1798,THUDM/glm-4-9b-chat-1m,glm49bchat1m,0,0,unmatched,,
1799,THUDM/glm-4-9b-chat-1m-hf,glm49bchat1m,0,0,unmatched,,
1800,THUDM/glm-4-9b-chat-hf,glm49bchat,0,0,unmatched,,
1801,TIGER-Lab/AceCodeRM-7B,acecoderm7b,0,0,unmatched,,
1802,TIGER-Lab/AceCoder-Qwen2.5-7B-Ins-Rule,acecoderqwen257binsrule,0,0,unmatched,,
1803,TIGER-Lab/AceCoder-Qwen2.5-Coder-7B-Base-Rule,acecoderqwen25coder7bbaserule,0,0,unmatched,,
1804,TIGER-Lab/AceCoder-Qwen2.5-Coder-7B-Ins-Rule,acecoderqwen25coder7binsrule,0,0,unmatched,,
1805,TIGER-Lab/MAmmoTH2-7B-Plus,mammoth27bplus,0,0,unmatched,,
1806,TIGER-Lab/Qwen2.5-Math-7B-CFT,qwen25math7bcft,0,0,unmatched,,
1807,TTTXXX01/Mistral-7B-Base-SimPO2-5e-7,mistral7bbasesimpo25e7,0,0,unmatched,,
1808,Tarek07/Progenitor-V1.1-LLaMa-70B,progenitorv11llama70b,0,0,unmatched,,
1809,Tarek07/Thalassic-Alpha-LLaMa-70B,thalassicalphallama70b,0,0,unmatched,,
1810,TeeZee/DoubleBagel-57B-v1.0,doublebagel57bv10,0,0,unmatched,,
1811,Telugu-LLM-Labs/Indic-gemma-2b-finetuned-sft-Navarasa-2.0,indicgemma2bfinetunedsftnavarasa20,0,0,unmatched,,
1812,Telugu-LLM-Labs/Indic-gemma-7b-finetuned-sft-Navarasa-2.0,indicgemma7bfinetunedsftnavarasa20,0,0,unmatched,,
1813,TencentARC/LLaMA-Pro-8B,llamapro8b,0,0,unmatched,,
1814,TencentARC/LLaMA-Pro-8B-Instruct,llamapro8binstruct,0,0,unmatched,,
1815,TencentARC/MetaMath-Mistral-Pro,metamathmistralpro,0,0,unmatched,,
1816,TencentARC/Mistral_Pro_8B_v0.1,mistralpro8bv01,0,0,unmatched,,
1817,TheDrummer/Cydonia-22B-v1.2,cydonia22bv12,0,0,unmatched,,
1818,TheDrummer/Gemmasutra-9B-v1,gemmasutra9bv1,0,0,unmatched,,
1819,TheDrummer/Gemmasutra-Mini-2B-v1,gemmasutramini2bv1,0,0,unmatched,,
1820,TheDrummer/Llama-3SOME-8B-v2,llama3some8bv2,0,0,unmatched,,
1821,TheDrummer/Ministrations-8B-v1,ministrations8bv1,0,0,unmatched,,
1822,TheDrummer/Rocinante-12B-v1,rocinante12bv1,0,0,unmatched,,
1823,TheDrummer/Tiger-Gemma-9B-v1,tigergemma9bv1,0,0,unmatched,,
1824,TheDrummer/Tiger-Gemma-9B-v2,tigergemma9bv2,0,0,unmatched,,
1825,TheDrummer/Tiger-Gemma-9B-v3,tigergemma9bv3,0,0,unmatched,,
1826,TheDrunkenSnail/Daughter-of-Rhodia-12B,daughterofrhodia12b,0,0,unmatched,,
1827,TheDrunkenSnail/Mother-of-Rhodia-12B,motherofrhodia12b,0,0,unmatched,,
1828,TheDrunkenSnail/Son-of-Rhodia,sonofrhodia,0,0,unmatched,,
1829,TheHierophant/Underground-Cognitive-V0.3-test,undergroundcognitivev03test,0,0,unmatched,,
1830,TheTsar1209/nemo-carpmuscle-v0.1,nemocarpmusclev01,0,0,unmatched,,
1831,TheTsar1209/qwen-carpmuscle-r-v0.3,qwencarpmusclerv03,0,0,unmatched,,
1832,TheTsar1209/qwen-carpmuscle-v0.1,qwencarpmusclev01,0,0,unmatched,,
1833,TheTsar1209/qwen-carpmuscle-v0.2,qwencarpmusclev02,0,0,unmatched,,
1834,TheTsar1209/qwen-carpmuscle-v0.3,qwencarpmusclev03,0,0,unmatched,,
1835,TheTsar1209/qwen-carpmuscle-v0.4,qwencarpmusclev04,0,0,unmatched,,
1836,TheTsar1209/qwen-carpmuscle-v0.4.1,qwencarpmusclev041,0,0,unmatched,,
1837,Tijmen2/cosmosage-v3,cosmosagev3,0,0,unmatched,,
1838,TinyLlama/TinyLlama-1.1B-Chat-v0.1,tinyllama11bchatv01,0,0,unmatched,,
1839,TinyLlama/TinyLlama-1.1B-Chat-v0.5,tinyllama11bchatv05,0,0,unmatched,,
1840,TinyLlama/TinyLlama-1.1B-Chat-v0.6,tinyllama11bchatv06,0,0,unmatched,,
1841,TinyLlama/TinyLlama-1.1B-Chat-v1.0,tinyllama11bchatv10,0,0,unmatched,,
1842,TinyLlama/TinyLlama-1.1B-intermediate-step-1431k-3T,tinyllama11bintermediatestep1431k3t,0,0,unmatched,,
1843,TinyLlama/TinyLlama_v1.1,tinyllamav11,0,0,unmatched,,
1844,ToastyPigeon/Sto-vo-kor-12B,stovokor12b,0,0,unmatched,,
1845,Trappu/Magnum-Picaro-0.7-v2-12b,magnumpicaro07v212b,0,0,unmatched,,
1846,Trappu/Nemo-Picaro-12B,nemopicaro12b,0,0,unmatched,,
1847,Tremontaine/L3-12B-Lunaris-v1,l312blunarisv1,0,0,unmatched,,
1848,Triangle104/Annunaki-12b,annunaki12b,0,0,unmatched,,
1849,Triangle104/BigTalker-Lite-8B,bigtalkerlite8b,0,0,unmatched,,
1850,Triangle104/Chatty-Harry_V2.0,chattyharryv20,0,0,unmatched,,
1851,Triangle104/Chatty-Harry_V3.0,chattyharryv30,0,0,unmatched,,
1852,Triangle104/Chronos-Prism_V1.0,chronosprismv10,0,0,unmatched,,
1853,Triangle104/DS-Distilled-Hermes-Llama-3.1,dsdistilledhermesllama31,0,0,unmatched,,
1854,Triangle104/DS-Distilled-Hermes-Llama-3.1_TIES,dsdistilledhermesllama31ties,0,0,unmatched,,
1855,Triangle104/DS-R1-Distill-Q2.5-10B-Harmony,dsr1distillq2510bharmony,0,0,unmatched,,
1856,Triangle104/DS-R1-Distill-Q2.5-14B-Harmony_V0.1,dsr1distillq2514bharmonyv01,0,0,unmatched,,
1857,Triangle104/DS-R1-Distill-Q2.5-7B-RP,dsr1distillq257brp,0,0,unmatched,,
1858,Triangle104/DS-R1-Llama-8B-Harmony,dsr1llama8bharmony,0,0,unmatched,,
1859,Triangle104/DSR1-Distill-Llama-Lit-8B,dsr1distillllamalit8b,0,0,unmatched,,
1860,Triangle104/DSR1-Distill-Qwen-7B-RP,dsr1distillqwen7brp,0,0,unmatched,,
1861,Triangle104/Dark-Chivalry_V1.0,darkchivalryv10,0,0,unmatched,,
1862,Triangle104/Distilled-DarkPlanet-Allades-8B,distilleddarkplanetallades8b,0,0,unmatched,,
1863,Triangle104/Distilled-DarkPlanet-Allades-8B_TIES,distilleddarkplanetallades8bties,0,0,unmatched,,
1864,Triangle104/Distilled-Whiskey-8b,distilledwhiskey8b,0,0,unmatched,,
1865,Triangle104/Dolphin3-Llama3.2-Smart,dolphin3llama32smart,0,0,unmatched,,
1866,Triangle104/Gemmadevi-Stock-10B,gemmadevistock10b,0,0,unmatched,,
1867,Triangle104/Hermes-Llama-3.2-CoT,hermesllama32cot,0,0,unmatched,,
1868,Triangle104/Hermes-Llama-3.2-CoT-Summary,hermesllama32cotsummary,0,0,unmatched,,
1869,Triangle104/Hermes3-L3.1-DirtyHarry-8B,hermes3l31dirtyharry8b,0,0,unmatched,,
1870,Triangle104/Herodotos-14B,herodotos14b,0,0,unmatched,,
1871,Triangle104/Herodotos-14B_V0.1,herodotos14bv01,0,0,unmatched,,
1872,Triangle104/L3.1-8B-Dusky-Ink,l318bduskyink,0,0,unmatched,,
1873,Triangle104/L3.1-8B-Dusky-Ink_v0.r1,l318bduskyinkv0r1,0,0,unmatched,,
1874,Triangle104/LThreePointOne-8B-HermesBlackroot,lthreepointone8bhermesblackroot,0,0,unmatched,,
1875,Triangle104/LThreePointOne-8B-HermesInk,lthreepointone8bhermesink,0,0,unmatched,,
1876,Triangle104/Llama3.1-Allades-Lit-8b,llama31alladeslit8b,0,0,unmatched,,
1877,Triangle104/Llama3.1-cc-Lit-8b,llama31cclit8b,0,0,unmatched,,
1878,Triangle104/Minerva-1.5b,minerva15b,0,0,unmatched,,
1879,Triangle104/Minerva-1.5b_V0.2,minerva15bv02,0,0,unmatched,,
1880,Triangle104/Minerva-10b,minerva10b,0,0,unmatched,,
1881,Triangle104/Minerva-14b,minerva14b,0,0,unmatched,,
1882,Triangle104/Minerva-14b-V0.1,minerva14bv01,0,0,unmatched,,
1883,Triangle104/Minerva-7b,minerva7b,0,0,unmatched,,
1884,Triangle104/Minerva-8b,minerva8b,0,0,unmatched,,
1885,Triangle104/Mistral-Redemption-Arc,mistralredemptionarc,0,0,unmatched,,
1886,Triangle104/Mistral-Small-24b-Harmony,mistralsmall24bharmony,0,0,unmatched,,
1887,Triangle104/Pans_Gutenbergum_V0.1,pansgutenbergumv01,0,0,unmatched,,
1888,Triangle104/Pans_Gutenbergum_V0.2,pansgutenbergumv02,0,0,unmatched,,
1889,Triangle104/Pantheon_ChatWaifu_V0.2,pantheonchatwaifuv02,0,0,unmatched,,
1890,Triangle104/Phi-4-AbliteratedRP,phi4abliteratedrp,0,0,unmatched,,
1891,Triangle104/Phi4-RP-o1,phi4rpo1,0,0,unmatched,,
1892,Triangle104/Phi4-RP-o1-Ablit,phi4rpo1ablit,0,0,unmatched,,
1893,Triangle104/Porpoise-R1-Llama3.2-3b,porpoiser1llama323b,0,0,unmatched,,
1894,Triangle104/Q2.5-14B-Instruct-1M-Harmony,q2514binstruct1mharmony,0,0,unmatched,,
1895,Triangle104/Q2.5-AthensCOT,q25athenscot,0,0,unmatched,,
1896,Triangle104/Q2.5-CodeR1-3B,q25coder13b,0,0,unmatched,,
1897,Triangle104/Q2.5-EVACOT-7b,q25evacot7b,0,0,unmatched,,
1898,Triangle104/Q2.5-EvaHumane-RP,q25evahumanerp,0,0,unmatched,,
1899,Triangle104/Q2.5-Humane-RP,q25humanerp,0,0,unmatched,,
1900,Triangle104/Q2.5-Instruct-1M_Harmony,q25instruct1mharmony,0,0,unmatched,,
1901,Triangle104/Q2.5-R1-3B,q25r13b,0,0,unmatched,,
1902,Triangle104/Q2.5-R1-7B,q25r17b,0,0,unmatched,,
1903,Triangle104/Robo-Gutenberg_V1.0,robogutenbergv10,0,0,unmatched,,
1904,Triangle104/Rocinante-Prism_V2.0,rocinanteprismv20,0,0,unmatched,,
1905,Triangle104/Rocinante-Prism_V2.1,rocinanteprismv21,0,0,unmatched,,
1906,Triangle104/RomboHermes3-R1-Llama3.2-3b,rombohermes3r1llama323b,0,0,unmatched,,
1907,Triangle104/Rombos-Novasky-7B_V1c,rombosnovasky7bv1c,0,0,unmatched,,
1908,Triangle104/Set-70b,set70b,0,0,unmatched,,
1909,Tsunami-th/Tsunami-0.5-7B-Instruct,tsunami057binstruct,0,0,unmatched,,
1910,Tsunami-th/Tsunami-0.5x-7B-Instruct,tsunami05x7binstruct,0,0,unmatched,,
1911,Tsunami-th/Tsunami-1.0-14B-Instruct,tsunami1014binstruct,0,0,unmatched,,
1912,Tsunami-th/Tsunami-1.0-7B-Instruct,tsunami107binstruct,0,0,unmatched,,
1913,UCLA-AGI/Gemma-2-9B-It-SPPO-Iter1,gemma29bitsppoiter1,0,0,unmatched,,
1914,UCLA-AGI/Gemma-2-9B-It-SPPO-Iter2,gemma29bitsppoiter2,0,0,unmatched,,
1915,UCLA-AGI/Gemma-2-9B-It-SPPO-Iter3,gemma29bitsppoiter3,0,0,unmatched,,
1916,UCLA-AGI/Llama-3-Instruct-8B-SPPO-Iter1,llama3instruct8bsppoiter1,0,0,unmatched,,
1917,UCLA-AGI/Llama-3-Instruct-8B-SPPO-Iter2,llama3instruct8bsppoiter2,0,0,unmatched,,
1918,UCLA-AGI/Llama-3-Instruct-8B-SPPO-Iter3,llama3instruct8bsppoiter3,0,0,unmatched,,
1919,UCLA-AGI/Llama-3-Instruct-8B-SPPO-Iter3,llama3instruct8bsppoiter3,0,0,unmatched,,
1920,UCLA-AGI/Mistral7B-PairRM-SPPO,mistral7bpairrmsppo,0,0,unmatched,,
1921,UCLA-AGI/Mistral7B-PairRM-SPPO-Iter1,mistral7bpairrmsppoiter1,0,0,unmatched,,
1922,UCLA-AGI/Mistral7B-PairRM-SPPO-Iter2,mistral7bpairrmsppoiter2,0,0,unmatched,,
1923,UCLA-AGI/Mistral7B-PairRM-SPPO-Iter3,mistral7bpairrmsppoiter3,0,0,unmatched,,
1924,UKzExecution/LlamaExecutor-8B-3.0.5,llamaexecutor8b305,0,0,unmatched,,
1925,Unbabel/TowerInstruct-Mistral-7B-v0.2,towerinstructmistral7bv02,0,0,unmatched,,
1926,Undi95/MG-FinalMix-72B,mgfinalmix72b,0,0,unmatched,,
1927,Undi95/Phi4-abliterated,phi4abliterated,0,0,unmatched,,
1928,V3N0M/Jenna-Tiny-2.0,jennatiny20,0,0,unmatched,,
1929,VAGOsolutions/Llama-3-SauerkrautLM-70b-Instruct,llama3sauerkrautlm70binstruct,0,0,unmatched,,
1930,VAGOsolutions/Llama-3-SauerkrautLM-8b-Instruct,llama3sauerkrautlm8binstruct,0,0,unmatched,,
1931,VAGOsolutions/Llama-3.1-SauerkrautLM-70b-Instruct,llama31sauerkrautlm70binstruct,0,0,unmatched,,
1932,VAGOsolutions/Llama-3.1-SauerkrautLM-8b-Instruct,llama31sauerkrautlm8binstruct,0,0,unmatched,,
1933,VAGOsolutions/SauerkrautLM-1.5b,sauerkrautlm15b,0,0,unmatched,,
1934,VAGOsolutions/SauerkrautLM-7b-HerO,sauerkrautlm7bhero,0,0,unmatched,,
1935,VAGOsolutions/SauerkrautLM-7b-LaserChat,sauerkrautlm7blaserchat,0,0,unmatched,,
1936,VAGOsolutions/SauerkrautLM-Gemma-2b,sauerkrautlmgemma2b,0,0,unmatched,,
1937,VAGOsolutions/SauerkrautLM-Gemma-7b,sauerkrautlmgemma7b,0,0,unmatched,,
1938,VAGOsolutions/SauerkrautLM-Mixtral-8x7B-Instruct,sauerkrautlmmixtral8x7binstruct,0,0,unmatched,,
1939,VAGOsolutions/SauerkrautLM-Nemo-12b-Instruct,sauerkrautlmnemo12binstruct,0,0,unmatched,,
1940,VAGOsolutions/SauerkrautLM-Phi-3-medium,sauerkrautlmphi3medium,0,0,unmatched,,
1941,VAGOsolutions/SauerkrautLM-SOLAR-Instruct,sauerkrautlmsolarinstruct,0,0,unmatched,,
1942,VAGOsolutions/SauerkrautLM-gemma-2-2b-it,sauerkrautlmgemma22bit,0,0,unmatched,,
1943,VAGOsolutions/SauerkrautLM-gemma-2-9b-it,sauerkrautlmgemma29bit,0,0,unmatched,,
1944,VAGOsolutions/SauerkrautLM-v2-14b-DPO,sauerkrautlmv214bdpo,0,0,unmatched,,
1945,VAGOsolutions/SauerkrautLM-v2-14b-SFT,sauerkrautlmv214bsft,0,0,unmatched,,
1946,VIRNECT/llama-3-Korean-8B,llama3korean8b,0,0,unmatched,,
1947,VIRNECT/llama-3-Korean-8B-r-v-0.1,llama3korean8brv01,0,0,unmatched,,
1948,ValiantLabs/Llama3-70B-Fireplace,llama370bfireplace,0,0,unmatched,,
1949,ValiantLabs/Llama3-70B-ShiningValiant2,llama370bshiningvaliant2,0,0,unmatched,,
1950,ValiantLabs/Llama3.1-70B-ShiningValiant2,llama3170bshiningvaliant2,0,0,unmatched,,
1951,ValiantLabs/Llama3.1-8B-Cobalt,llama318bcobalt,0,0,unmatched,,
1952,ValiantLabs/Llama3.1-8B-Cobalt,llama318bcobalt,0,0,unmatched,,
1953,ValiantLabs/Llama3.1-8B-Enigma,llama318benigma,0,0,unmatched,,
1954,ValiantLabs/Llama3.1-8B-Esper2,llama318besper2,0,0,unmatched,,
1955,ValiantLabs/Llama3.1-8B-Fireplace2,llama318bfireplace2,0,0,unmatched,,
1956,ValiantLabs/Llama3.1-8B-Fireplace2,llama318bfireplace2,0,0,unmatched,,
1957,ValiantLabs/Llama3.1-8B-ShiningValiant2,llama318bshiningvaliant2,0,0,unmatched,,
1958,ValiantLabs/Llama3.1-8B-ShiningValiant2,llama318bshiningvaliant2,0,0,unmatched,,
1959,ValiantLabs/Llama3.2-3B-Enigma,llama323benigma,0,0,unmatched,,
1960,ValiantLabs/Llama3.2-3B-Esper2,llama323besper2,0,0,unmatched,,
1961,ValiantLabs/Llama3.2-3B-ShiningValiant2,llama323bshiningvaliant2,0,0,unmatched,,
1962,Vikhrmodels/Vikhr-Llama3.1-8B-Instruct-R-21-09-24,vikhrllama318binstructr210924,0,0,unmatched,,
1963,Vikhrmodels/Vikhr-Nemo-12B-Instruct-R-21-09-24,vikhrnemo12binstructr210924,0,0,unmatched,,
1964,Weyaxi/Bagel-Hermes-2x34B,bagelhermes2x34b,0,0,unmatched,,
1965,Weyaxi/Bagel-Hermes-34B-Slerp,bagelhermes34bslerp,0,0,unmatched,,
1966,Weyaxi/Einstein-v4-7B,einsteinv47b,0,0,unmatched,,
1967,Weyaxi/Einstein-v6.1-Llama3-8B,einsteinv61llama38b,0,0,unmatched,,
1968,Weyaxi/Einstein-v6.1-developed-by-Weyaxi-Llama3-8B,einsteinv61developedbyweyaxillama38b,0,0,unmatched,,
1969,Weyaxi/Einstein-v7-Qwen2-7B,einsteinv7qwen27b,0,0,unmatched,,
1970,Weyaxi/Einstein-v8-Llama3.2-1B,einsteinv8llama321b,0,0,unmatched,,
1971,Weyaxi/SauerkrautLM-UNA-SOLAR-Instruct,sauerkrautlmunasolarinstruct,0,0,unmatched,,
1972,WizardLMTeam/WizardLM-13B-V1.0,wizardlm13bv10,0,0,unmatched,,
1973,WizardLMTeam/WizardLM-13B-V1.2,wizardlm13bv12,1,0,unmatched,,1841:parameter_or_org_conflict
1974,WizardLMTeam/WizardLM-70B-V1.0,wizardlm70bv10,0,0,unmatched,,
1975,Wladastic/Mini-Think-Base-1B,minithinkbase1b,0,0,unmatched,,
1976,Xclbr7/Arcanum-12b,arcanum12b,0,0,unmatched,,
1977,Xclbr7/Hyena-12b,hyena12b,0,0,unmatched,,
1978,Xclbr7/caliburn-12b,caliburn12b,0,0,unmatched,,
1979,Xclbr7/caliburn-v2-12b,caliburnv212b,0,0,unmatched,,
1980,Xiaojian9992024/Llama3.2-1B-THREADRIPPER,llama321bthreadripper,0,0,unmatched,,
1981,Xiaojian9992024/Llama3.2-1B-THREADRIPPER-v0.2,llama321bthreadripperv02,0,0,unmatched,,
1982,Xiaojian9992024/Phi-4-Megatron-Empathetic,phi4megatronempathetic,0,0,unmatched,,
1983,Xiaojian9992024/Phi-4-mini-UNOFFICAL,phi4miniunoffical,0,0,unmatched,,
1984,Xiaojian9992024/Qwen2.5-7B-MS-Destroyer,qwen257bmsdestroyer,0,0,unmatched,,
1985,Xiaojian9992024/Qwen2.5-Dyanka-7B-Preview,qwen25dyanka7bpreview,0,0,unmatched,,
1986,Xiaojian9992024/Qwen2.5-Dyanka-7B-Preview-v0.2,qwen25dyanka7bpreviewv02,0,0,unmatched,,
1987,Xiaojian9992024/Qwen2.5-THREADRIPPER-Medium-Censored,qwen25threadrippermediumcensored,0,0,unmatched,,
1988,Xiaojian9992024/Qwen2.5-THREADRIPPER-Small,qwen25threadrippersmall,0,0,unmatched,,
1989,Xiaojian9992024/Qwen2.5-THREADRIPPER-Small-AnniversaryEdition,qwen25threadrippersmallanniversaryedition,0,0,unmatched,,
1990,Xiaojian9992024/Qwen2.5-Ultra-1.5B-25.02-Exp,qwen25ultra15b2502exp,0,0,unmatched,,
1991,Xiaojian9992024/Reflection-L3.2-JametMiniMix-3B,reflectionl32jametminimix3b,0,0,unmatched,,
1992,Xkev/Llama-3.2V-11B-cot,llama32v11bcot,0,0,unmatched,,
1993,YOYO-AI/Qwen2.5-14B-1M-YOYO-V3,qwen2514b1myoyov3,0,0,unmatched,,
1994,YOYO-AI/Qwen2.5-14B-YOYO-0505,qwen2514byoyo0505,0,0,unmatched,,
1995,YOYO-AI/Qwen2.5-14B-YOYO-0510-v2,qwen2514byoyo0510v2,0,0,unmatched,,
1996,YOYO-AI/Qwen2.5-14B-YOYO-0805,qwen2514byoyo0805,0,0,unmatched,,
1997,YOYO-AI/Qwen2.5-14B-YOYO-1005,qwen2514byoyo1005,0,0,unmatched,,
1998,YOYO-AI/Qwen2.5-14B-YOYO-1005-v2,qwen2514byoyo1005v2,0,0,unmatched,,
1999,YOYO-AI/Qwen2.5-14B-YOYO-1010,qwen2514byoyo1010,0,0,unmatched,,
2000,YOYO-AI/Qwen2.5-14B-YOYO-1010-v2,qwen2514byoyo1010v2,0,0,unmatched,,
2001,YOYO-AI/Qwen2.5-14B-YOYO-SCE,qwen2514byoyosce,0,0,unmatched,,
2002,YOYO-AI/Qwen2.5-14B-YOYO-V4,qwen2514byoyov4,0,0,unmatched,,
2003,YOYO-AI/Qwen2.5-14B-YOYO-V4-p1,qwen2514byoyov4p1,0,0,unmatched,,
2004,YOYO-AI/Qwen2.5-14B-YOYO-V4-p2,qwen2514byoyov4p2,0,0,unmatched,,
2005,YOYO-AI/Qwen2.5-14B-YOYO-latest,qwen2514byoyolatest,0,0,unmatched,,
2006,YOYO-AI/Qwen2.5-14B-YOYO-latest-V2,qwen2514byoyolatestv2,0,0,unmatched,,
2007,YOYO-AI/Qwen2.5-14B-it-restore,qwen2514bitrestore,0,0,unmatched,,
2008,YOYO-AI/Qwen2.5-7B-it-restore,qwen257bitrestore,0,0,unmatched,,
2009,YOYO-AI/Qwen2.5-Coder-14B-YOYO-1010,qwen25coder14byoyo1010,0,0,unmatched,,
2010,YOYO-AI/ZYH-LLM-Qwen2.5-14B,zyhllmqwen2514b,0,0,unmatched,,
2011,YOYO-AI/ZYH-LLM-Qwen2.5-14B-V2,zyhllmqwen2514bv2,0,0,unmatched,,
2012,YOYO-AI/ZYH-LLM-Qwen2.5-14B-V3,zyhllmqwen2514bv3,0,0,unmatched,,
2013,YOYO-AI/ZYH-LLM-Qwen2.5-14B-V4,zyhllmqwen2514bv4,0,0,unmatched,,
2014,Yash21/TinyYi-7B-Test,tinyyi7btest,0,0,unmatched,,
2015,Youlln/1PARAMMYL-8B-ModelStock,1parammyl8bmodelstock,0,0,unmatched,,
2016,Youlln/2PRYMMAL-Yi1.5-6B-SLERP,2prymmalyi156bslerp,0,0,unmatched,,
2017,Youlln/3PRYMMAL-PHI3-3B-SLERP,3prymmalphi33bslerp,0,0,unmatched,,
2018,Youlln/4PRYMMAL-GEMMA2-9B-SLERP,4prymmalgemma29bslerp,0,0,unmatched,,
2019,Youlln/ECE-MIRAGE-1-12B,ecemirage112b,0,0,unmatched,,
2020,Youlln/ECE-MIRAGE-1-15B,ecemirage115b,0,0,unmatched,,
2021,Youlln/ECE-PRYMMAL-0.5B-FT-V3,eceprymmal05bftv3,0,0,unmatched,,
2022,Youlln/ECE-PRYMMAL-0.5B-FT-V3-MUSR,eceprymmal05bftv3musr,0,0,unmatched,,
2023,Youlln/ECE-PRYMMAL-0.5B-FT-V4-MUSR,eceprymmal05bftv4musr,0,0,unmatched,,
2024,Youlln/ECE-PRYMMAL-0.5B-SLERP-V2,eceprymmal05bslerpv2,0,0,unmatched,,
2025,Youlln/ECE-PRYMMAL-0.5B-SLERP-V3,eceprymmal05bslerpv3,0,0,unmatched,,
2026,Youlln/ECE-PRYMMAL-YL-1B-SLERP-V1,eceprymmalyl1bslerpv1,0,0,unmatched,,
2027,Youlln/ECE-PRYMMAL-YL-1B-SLERP-V2,eceprymmalyl1bslerpv2,0,0,unmatched,,
2028,Youlln/ECE-PRYMMAL-YL-7B-SLERP-V4,eceprymmalyl7bslerpv4,0,0,unmatched,,
2029,Youlln/ECE-PRYMMAL0.5-FT,eceprymmal05ft,0,0,unmatched,,
2030,Youlln/ECE-PRYMMAL0.5B-Youri,eceprymmal05byouri,0,0,unmatched,,
2031,Youlln/ECE-PRYMMAL1B-FT-V1,eceprymmal1bftv1,0,0,unmatched,,
2032,Youlln/ECE-Qwen0.5B-FT-V2,eceqwen05bftv2,0,0,unmatched,,
2033,Youlln/ECE.EIFFEIL.ia-0.5B-SLERP,eceeiffeilia05bslerp,0,0,unmatched,,
2034,YoungPanda/qwenqwen,qwenqwen,0,0,unmatched,,
2035,Yuma42/KangalKhan-RawRuby-7B,kangalkhanrawruby7b,0,0,unmatched,,
2036,Yuma42/Llama3.1-IgneousIguana-8B,llama31igneousiguana8b,0,0,unmatched,,
2037,Yuma42/Llama3.1-SuperHawk-8B,llama31superhawk8b,0,0,unmatched,,
2038,Z1-Coder/Z1-Coder-7B,z1coder7b,0,0,unmatched,,
2039,ZHLiu627/zephyr-7b-gemma-dpo-avg,zephyr7bgemmadpoavg,0,0,unmatched,,
2040,ZHLiu627/zephyr-7b-gemma-rpo-avg,zephyr7bgemmarpoavg,0,0,unmatched,,
2041,ZeroXClem/L3-Aspire-Heart-Matrix-8B,l3aspireheartmatrix8b,0,0,unmatched,,
2042,ZeroXClem/Llama-3.1-8B-AthenaSky-MegaMix,llama318bathenaskymegamix,0,0,unmatched,,
2043,ZeroXClem/Llama-3.1-8B-RainbowLight-EtherealMix,llama318brainbowlightetherealmix,0,0,unmatched,,
2044,ZeroXClem/Llama-3.1-8B-SpecialTitanFusion,llama318bspecialtitanfusion,0,0,unmatched,,
2045,ZeroXClem/Llama-3.1-8B-SuperNova-EtherealHermes,llama318bsupernovaetherealhermes,0,0,unmatched,,
2046,ZeroXClem/Llama-3.1-8B-SuperTulu-LexiNova,llama318bsupertululexinova,0,0,unmatched,,
2047,ZeroXClem/Qwen-2.5-Aether-SlerpFusion-7B,qwen25aetherslerpfusion7b,0,0,unmatched,,
2048,ZeroXClem/Qwen2.5-7B-CelestialHarmony-1M,qwen257bcelestialharmony1m,0,0,unmatched,,
2049,ZeroXClem/Qwen2.5-7B-HomerAnvita-NerdMix,qwen257bhomeranvitanerdmix,0,0,unmatched,,
2050,ZeroXClem/Qwen2.5-7B-HomerCreative-Mix,qwen257bhomercreativemix,0,0,unmatched,,
2051,ZeroXClem/Qwen2.5-7B-Qandora-CySec,qwen257bqandoracysec,0,0,unmatched,,
2052,ZeusLabs/L3-Aethora-15B-V2,l3aethora15bv2,0,0,unmatched,,
2053,ZhangShenao/SELM-Llama-3-8B-Instruct-iter-3,selmllama38binstructiter3,0,0,unmatched,,
2054,aaditya/Llama3-OpenBioLLM-70B,llama3openbiollm70b,0,0,unmatched,,
2055,abacusai/Dracarys-72B-Instruct,dracarys72binstruct,0,0,unmatched,,
2056,abacusai/Liberated-Qwen1.5-14B,liberatedqwen1514b,0,0,unmatched,,
2057,abacusai/Llama-3-Smaug-8B,llama3smaug8b,0,0,unmatched,,
2058,abacusai/Smaug-34B-v0.1,smaug34bv01,0,0,unmatched,,
2059,abacusai/Smaug-72B-v0.1,smaug72bv01,0,0,unmatched,,
2060,abacusai/Smaug-Llama-3-70B-Instruct-32K,smaugllama370binstruct32k,0,0,unmatched,,
2061,abacusai/Smaug-Mixtral-v0.1,smaugmixtralv01,0,0,unmatched,,
2062,abacusai/Smaug-Qwen2-72B-Instruct,smaugqwen272binstruct,0,0,unmatched,,
2063,abacusai/bigstral-12b-32k,bigstral12b32k,0,0,unmatched,,
2064,abacusai/bigyi-15b,bigyi15b,0,0,unmatched,,
2065,abhishek/autotrain-0tmgq-5tpbg,autotrain0tmgq5tpbg,0,0,unmatched,,
2066,abhishek/autotrain-0tmgq-5tpbg,autotrain0tmgq5tpbg,0,0,unmatched,,
2067,abhishek/autotrain-llama3-70b-orpo-v1,autotrainllama370borpov1,0,0,unmatched,,
2068,abhishek/autotrain-llama3-70b-orpo-v2,autotrainllama370borpov2,0,0,unmatched,,
2069,abhishek/autotrain-llama3-orpo-v2,autotrainllama3orpov2,0,0,unmatched,,
2070,abhishek/autotrain-vr4a1-e5mms,autotrainvr4a1e5mms,0,0,unmatched,,
2071,abideen/MedPhi-4-14B-v1,medphi414bv1,0,0,unmatched,,
2072,adamo1139/Yi-34B-200K-AEZAKMI-v2,yi34b200kaezakmiv2,0,0,unmatched,,
2073,adriszmar/QAIMath-Qwen2.5-7B-TIES,qaimathqwen257bties,0,0,unmatched,,
2074,aevalone/distill_qw_test,distillqwtest,0,0,unmatched,,
2075,agentlans/Gemma2-9B-AdvancedFuse,gemma29badvancedfuse,0,0,unmatched,,
2076,agentlans/Llama-3.2-1B-Instruct-CrashCourse12K,llama321binstructcrashcourse12k,0,0,unmatched,,
2077,agentlans/Llama3.1-8B-drill,llama318bdrill,0,0,unmatched,,
2078,agentlans/Llama3.1-Daredevilish,llama31daredevilish,0,0,unmatched,,
2079,agentlans/Llama3.1-Daredevilish-Instruct,llama31daredevilishinstruct,0,0,unmatched,,
2080,agentlans/Llama3.1-LexiHermes-SuperStorm,llama31lexihermessuperstorm,0,0,unmatched,,
2081,agentlans/Llama3.1-SuperDeepFuse,llama31superdeepfuse,0,0,unmatched,,
2082,agentlans/Llama3.1-SuperDeepFuse-CrashCourse12K,llama31superdeepfusecrashcourse12k,0,0,unmatched,,
2083,agentlans/Qwen2.5-0.5B-Instruct-CrashCourse-dropout,qwen2505binstructcrashcoursedropout,0,0,unmatched,,
2084,ahmeda335/13_outOf_32_pruned_layers_llama3.1-8b,13outof32prunedlayersllama318b,0,0,unmatched,,
2085,ai21labs/Jamba-v0.1,jambav01,0,0,unmatched,,
2086,ai4bharat/Airavata,airavata,0,0,unmatched,,
2087,aixonlab/Aether-12b,aether12b,0,0,unmatched,,
2088,aixonlab/Grey-12b,grey12b,0,0,unmatched,,
2089,aixonlab/Zara-14b-v1.2,zara14bv12,0,0,unmatched,,
2090,akhadangi/Llama3.2.1B.0.01-First,llama321b001first,0,0,unmatched,,
2091,akhadangi/Llama3.2.1B.0.01-Last,llama321b001last,0,0,unmatched,,
2092,akhadangi/Llama3.2.1B.0.1-First,llama321b01first,0,0,unmatched,,
2093,akhadangi/Llama3.2.1B.0.1-Last,llama321b01last,0,0,unmatched,,
2094,akhadangi/Llama3.2.1B.BaseFiT,llama321bbasefit,0,0,unmatched,,
2095,akjindal53244/Llama-3.1-Storm-8B,llama31storm8b,0,0,unmatched,,
2096,akjindal53244/Llama-3.1-Storm-8B,llama31storm8b,0,0,unmatched,,
2097,alcholjung/llama3_medical_tuned,llama3medicaltuned,0,0,unmatched,,
2098,allenai/Llama-3.1-Tulu-3-70B,llama31tulu370b,0,0,unmatched,,
2099,allenai/Llama-3.1-Tulu-3-70B-DPO,llama31tulu370bdpo,0,0,unmatched,,
2100,allenai/Llama-3.1-Tulu-3-70B-SFT,llama31tulu370bsft,0,0,unmatched,,
2101,allenai/Llama-3.1-Tulu-3-8B,llama31tulu38b,0,0,unmatched,,
2102,allenai/Llama-3.1-Tulu-3-8B,llama31tulu38b,0,0,unmatched,,
2103,allenai/Llama-3.1-Tulu-3-8B-DPO,llama31tulu38bdpo,0,0,unmatched,,
2104,allenai/Llama-3.1-Tulu-3-8B-RM,llama31tulu38brm,0,0,unmatched,,
2105,allenai/Llama-3.1-Tulu-3-8B-SFT,llama31tulu38bsft,0,0,unmatched,,
2106,allenai/OLMo-1.7-7B-hf,olmo177b,2,0,unmatched,,1355:parameter_or_org_conflict;1357:parameter_or_org_conflict
2107,allenai/OLMo-1B-hf,olmo1b,1,0,unmatched,,1511:parameter_or_org_conflict
2108,allenai/OLMo-2-1124-7B-Instruct,olmo211247binstruct,0,0,unmatched,,
2109,allenai/OLMo-7B-Instruct-hf,olmo7binstruct,0,0,unmatched,,
2110,allenai/OLMo-7B-hf,olmo7b,1,0,unmatched,,1510:parameter_or_org_conflict
2111,allenai/OLMoE-1B-7B-0125-Instruct,olmoe1b7b0125instruct,0,0,unmatched,,
2112,allenai/OLMoE-1B-7B-0924,olmoe1b7b0924,0,0,unmatched,,
2113,allenai/OLMoE-1B-7B-0924-Instruct,olmoe1b7b0924instruct,0,0,unmatched,,
2114,allknowingroger/Chocolatine-24B,chocolatine24b,0,0,unmatched,,
2115,allknowingroger/Gemma2Slerp1-2.6B,gemma2slerp126b,0,0,unmatched,,
2116,allknowingroger/Gemma2Slerp1-27B,gemma2slerp127b,0,0,unmatched,,
2117,allknowingroger/Gemma2Slerp2-2.6B,gemma2slerp226b,0,0,unmatched,,
2118,allknowingroger/Gemma2Slerp2-27B,gemma2slerp227b,0,0,unmatched,,
2119,allknowingroger/Gemma2Slerp3-27B,gemma2slerp327b,0,0,unmatched,,
2120,allknowingroger/Gemma2Slerp4-27B,gemma2slerp427b,0,0,unmatched,,
2121,allknowingroger/GemmaSlerp-9B,gemmaslerp9b,0,0,unmatched,,
2122,allknowingroger/GemmaSlerp2-9B,gemmaslerp29b,0,0,unmatched,,
2123,allknowingroger/GemmaSlerp4-10B,gemmaslerp410b,0,0,unmatched,,
2124,allknowingroger/GemmaSlerp5-10B,gemmaslerp510b,0,0,unmatched,,
2125,allknowingroger/GemmaStock1-27B,gemmastock127b,0,0,unmatched,,
2126,allknowingroger/HomerSlerp1-7B,homerslerp17b,0,0,unmatched,,
2127,allknowingroger/HomerSlerp2-7B,homerslerp27b,0,0,unmatched,,
2128,allknowingroger/HomerSlerp3-7B,homerslerp37b,0,0,unmatched,,
2129,allknowingroger/HomerSlerp4-7B,homerslerp47b,0,0,unmatched,,
2130,allknowingroger/LimyQstar-7B-slerp,limyqstar7bslerp,0,0,unmatched,,
2131,allknowingroger/Llama3.1-60B,llama3160b,0,0,unmatched,,
2132,allknowingroger/Marco-01-slerp1-7B,marco01slerp17b,0,0,unmatched,,
2133,allknowingroger/Meme-7B-slerp,meme7bslerp,0,0,unmatched,,
2134,allknowingroger/Ministral-8B-slerp,ministral8bslerp,0,0,unmatched,,
2135,allknowingroger/MistralPhi3-11B,mistralphi311b,0,0,unmatched,,
2136,allknowingroger/Mistralmash1-7B-s,mistralmash17bs,0,0,unmatched,,
2137,allknowingroger/Mistralmash2-7B-s,mistralmash27bs,0,0,unmatched,,
2138,allknowingroger/MixTAO-19B-pass,mixtao19bpass,0,0,unmatched,,
2139,allknowingroger/MixTaoTruthful-13B-slerp,mixtaotruthful13bslerp,0,0,unmatched,,
2140,allknowingroger/MultiCalm-7B-slerp,multicalm7bslerp,0,0,unmatched,,
2141,allknowingroger/MultiMash-12B-slerp,multimash12bslerp,0,0,unmatched,,
2142,allknowingroger/MultiMash10-13B-slerp,multimash1013bslerp,0,0,unmatched,,
2143,allknowingroger/MultiMash11-13B-slerp,multimash1113bslerp,0,0,unmatched,,
2144,allknowingroger/MultiMash2-12B-slerp,multimash212bslerp,0,0,unmatched,,
2145,allknowingroger/MultiMash5-12B-slerp,multimash512bslerp,0,0,unmatched,,
2146,allknowingroger/MultiMash6-12B-slerp,multimash612bslerp,0,0,unmatched,,
2147,allknowingroger/MultiMash7-12B-slerp,multimash712bslerp,0,0,unmatched,,
2148,allknowingroger/MultiMash8-13B-slerp,multimash813bslerp,0,0,unmatched,,
2149,allknowingroger/MultiMash9-13B-slerp,multimash913bslerp,0,0,unmatched,,
2150,allknowingroger/MultiMerge-7B-slerp,multimerge7bslerp,0,0,unmatched,,
2151,allknowingroger/Multimash3-12B-slerp,multimash312bslerp,0,0,unmatched,,
2152,allknowingroger/Multimerge-19B-pass,multimerge19bpass,0,0,unmatched,,
2153,allknowingroger/MultiverseEx26-7B-slerp,multiverseex267bslerp,0,0,unmatched,,
2154,allknowingroger/NeuralWestSeverus-7B-slerp,neuralwestseverus7bslerp,0,0,unmatched,,
2155,allknowingroger/Neuralcoven-7B-slerp,neuralcoven7bslerp,0,0,unmatched,,
2156,allknowingroger/Neuralmultiverse-7B-slerp,neuralmultiverse7bslerp,0,0,unmatched,,
2157,allknowingroger/Ph3della5-14B,ph3della514b,0,0,unmatched,,
2158,allknowingroger/Ph3merge-14B,ph3merge14b,0,0,unmatched,,
2159,allknowingroger/Ph3merge2-14B,ph3merge214b,0,0,unmatched,,
2160,allknowingroger/Ph3merge3-14B,ph3merge314b,0,0,unmatched,,
2161,allknowingroger/Ph3task1-14B,ph3task114b,0,0,unmatched,,
2162,allknowingroger/Ph3task2-14B,ph3task214b,0,0,unmatched,,
2163,allknowingroger/Ph3task3-14B,ph3task314b,0,0,unmatched,,
2164,allknowingroger/Ph3unsloth-3B-slerp,ph3unsloth3bslerp,0,0,unmatched,,
2165,allknowingroger/Phi3mash1-17B-pass,phi3mash117bpass,0,0,unmatched,,
2166,allknowingroger/Quen2-65B,quen265b,0,0,unmatched,,
2167,allknowingroger/Qwen2.5-42B-AGI,qwen2542bagi,0,0,unmatched,,
2168,allknowingroger/Qwen2.5-7B-task2,qwen257btask2,0,0,unmatched,,
2169,allknowingroger/Qwen2.5-7B-task3,qwen257btask3,0,0,unmatched,,
2170,allknowingroger/Qwen2.5-7B-task4,qwen257btask4,0,0,unmatched,,
2171,allknowingroger/Qwen2.5-7B-task7,qwen257btask7,0,0,unmatched,,
2172,allknowingroger/Qwen2.5-7B-task8,qwen257btask8,0,0,unmatched,,
2173,allknowingroger/Qwen2.5-slerp-14B,qwen25slerp14b,0,0,unmatched,,
2174,allknowingroger/QwenSlerp12-7B,qwenslerp127b,0,0,unmatched,,
2175,allknowingroger/QwenSlerp4-14B,qwenslerp414b,0,0,unmatched,,
2176,allknowingroger/QwenSlerp5-14B,qwenslerp514b,0,0,unmatched,,
2177,allknowingroger/QwenSlerp6-14B,qwenslerp614b,0,0,unmatched,,
2178,allknowingroger/QwenStock1-14B,qwenstock114b,0,0,unmatched,,
2179,allknowingroger/QwenStock2-14B,qwenstock214b,0,0,unmatched,,
2180,allknowingroger/QwenStock3-14B,qwenstock314b,0,0,unmatched,,
2181,allknowingroger/Qwenslerp2-14B,qwenslerp214b,0,0,unmatched,,
2182,allknowingroger/Qwenslerp2-7B,qwenslerp27b,0,0,unmatched,,
2183,allknowingroger/Qwenslerp3-14B,qwenslerp314b,0,0,unmatched,,
2184,allknowingroger/Qwenslerp3-7B,qwenslerp37b,0,0,unmatched,,
2185,allknowingroger/ROGERphi-7B-slerp,rogerphi7bslerp,0,0,unmatched,,
2186,allknowingroger/RogerMerge-7B-slerp,rogermerge7bslerp,0,0,unmatched,,
2187,allknowingroger/Rombos-LLM-V2.5-Qwen-42b,rombosllmv25qwen42b,0,0,unmatched,,
2188,allknowingroger/Strangecoven-7B-slerp,strangecoven7bslerp,0,0,unmatched,,
2189,allknowingroger/Weirdslerp2-25B,weirdslerp225b,0,0,unmatched,,
2190,allknowingroger/WestlakeMaziyar-7B-slerp,westlakemaziyar7bslerp,0,0,unmatched,,
2191,allknowingroger/YamMaths-7B-slerp,yammaths7bslerp,0,0,unmatched,,
2192,allknowingroger/Yi-1.5-34B,yi1534b,1,0,unmatched,,1273:parameter_or_org_conflict
2193,allknowingroger/Yi-blossom-40B,yiblossom40b,0,0,unmatched,,
2194,allknowingroger/Yibuddy-35B,yibuddy35b,0,0,unmatched,,
2195,allknowingroger/Yillama-40B,yillama40b,0,0,unmatched,,
2196,allknowingroger/Yislerp-34B,yislerp34b,0,0,unmatched,,
2197,allknowingroger/Yislerp2-34B,yislerp234b,0,0,unmatched,,
2198,allknowingroger/Yunconglong-13B-slerp,yunconglong13bslerp,0,0,unmatched,,
2199,allknowingroger/limyClown-7B-slerp,limyclown7bslerp,0,0,unmatched,,
2200,allknowingroger/llama3-Jallabi-40B-s,llama3jallabi40bs,0,0,unmatched,,
2201,allknowingroger/llama3AnFeng-40B,llama3anfeng40b,0,0,unmatched,,
2202,allura-org/L3.1-8b-RP-Ink,l318brpink,0,0,unmatched,,
2203,allura-org/MN-12b-RP-Ink,mn12brpink,0,0,unmatched,,
2204,allura-org/MS-Meadowlark-22B,msmeadowlark22b,0,0,unmatched,,
2205,allura-org/Mistral-Small-24b-Sertraline-0304,mistralsmall24bsertraline0304,0,0,unmatched,,
2206,allura-org/Mistral-Small-Sisyphus-24b-2503,mistralsmallsisyphus24b2503,0,0,unmatched,,
2207,allura-org/MoE-Girl-1BA-7BT,moegirl1ba7bt,0,0,unmatched,,
2208,allura-org/TQ2.5-14B-Aletheia-v1,tq2514baletheiav1,0,0,unmatched,,
2209,allura-org/TQ2.5-14B-Neon-v1,tq2514bneonv1,0,0,unmatched,,
2210,allura-org/Teleut-7b,teleut7b,0,0,unmatched,,
2211,aloobun/Meta-Llama-3-7B-28Layers,metallama37b28layers,0,0,unmatched,,
2212,aloobun/d-SmolLM2-360M,dsmollm2360m,0,0,unmatched,,
2213,alpindale/WizardLM-2-8x22B,wizardlm28x22b,1,0,unmatched,,1360:parameter_or_org_conflict
2214,alpindale/magnum-72b-v1,magnum72bv1,0,0,unmatched,,
2215,altomek/YiSM-34B-0rn,yism34b0rn,0,0,unmatched,,
2216,amazon/MegaBeam-Mistral-7B-300k,megabeammistral7b300k,0,0,unmatched,,
2217,amd/AMD-Llama-135m,amdllama135m,0,0,unmatched,,
2218,amd/AMD-Llama-135m,amdllama135m,0,0,unmatched,,
2219,anakin87/gemma-2b-orpo,gemma2borpo,0,0,unmatched,,
2220,anthracite-org/magnum-v1-72b,magnumv172b,0,0,unmatched,,
2221,anthracite-org/magnum-v2-12b,magnumv212b,0,0,unmatched,,
2222,anthracite-org/magnum-v2-72b,magnumv272b,0,0,unmatched,,
2223,anthracite-org/magnum-v2.5-12b-kto,magnumv2512bkto,0,0,unmatched,,
2224,anthracite-org/magnum-v3-27b-kto,magnumv327bkto,0,0,unmatched,,
2225,anthracite-org/magnum-v3-34b,magnumv334b,0,0,unmatched,,
2226,anthracite-org/magnum-v3-9b-chatml,magnumv39bchatml,0,0,unmatched,,
2227,anthracite-org/magnum-v3-9b-customgemma2,magnumv39bcustomgemma2,0,0,unmatched,,
2228,anthracite-org/magnum-v4-12b,magnumv412b,0,0,unmatched,,
2229,anthracite-org/magnum-v4-22b,magnumv422b,0,0,unmatched,,
2230,anthracite-org/magnum-v4-27b,magnumv427b,0,0,unmatched,,
2231,anthracite-org/magnum-v4-9b,magnumv49b,0,0,unmatched,,
2232,apple/DCLM-7B,dclm7b,1,1,accepted_exact,1111.0,exact normalized name; parameter <= tolerance; organization compatible
2233,appvoid/arco-2,arco2,0,0,unmatched,,
2234,appvoid/arco-2-instruct,arco2instruct,0,0,unmatched,,
2235,arcee-ai/Arcee-Blitz,arceeblitz,0,0,unmatched,,
2236,arcee-ai/Arcee-Maestro-7B-Preview,arceemaestro7bpreview,0,0,unmatched,,
2237,arcee-ai/Arcee-Nova,arceenova,0,0,unmatched,,
2238,arcee-ai/Arcee-Spark,arceespark,0,0,unmatched,,
2239,arcee-ai/Llama-3.1-SuperNova-Lite,llama31supernovalite,0,0,unmatched,,
2240,arcee-ai/Llama-Spark,llamaspark,0,0,unmatched,,
2241,arcee-ai/SuperNova-Medius,supernovamedius,0,0,unmatched,,
2242,arcee-ai/Virtuoso-Lite,virtuosolite,0,0,unmatched,,
2243,arcee-ai/Virtuoso-Small,virtuososmall,0,0,unmatched,,
2244,arcee-ai/Virtuoso-Small-v2,virtuososmallv2,0,0,unmatched,,
2245,arcee-ai/raspberry-3B,raspberry3b,0,0,unmatched,,
2246,argilla/notus-7b-v1,notus7bv1,0,0,unmatched,,
2247,argilla/notux-8x7b-v1,notux8x7bv1,0,0,unmatched,,
2248,argilla-warehouse/Llama-3.1-8B-MagPie-Ultra,llama318bmagpieultra,0,0,unmatched,,
2249,arisin/orca-platypus-13B-slerp,orcaplatypus13bslerp,0,0,unmatched,,
2250,arshiaafshani/Arsh-V1,arshv1,0,0,unmatched,,
2251,asharsha30/LLAMA_Harsha_8_B_ORDP_10k,llamaharsha8bordp10k,0,0,unmatched,,
2252,ashercn97/a1-v0.0.1,a1v001,0,0,unmatched,,
2253,ashercn97/a1-v002,a1v002,0,0,unmatched,,
2254,assskelad/smollm2-360M-sft_SmallThoughts,smollm2360msftsmallthoughts,0,0,unmatched,,
2255,athirdpath/Llama-3.1-Instruct_NSFW-pretrained_e1-plus_reddit,llama31instructnsfwpretrainede1plusreddit,0,0,unmatched,,
2256,automerger/YamshadowExperiment28-7B,yamshadowexperiment287b,0,0,unmatched,,
2257,avemio/GRAG-NEMO-12B-ORPO-HESSIAN-AI,gragnemo12borpohessianai,0,0,unmatched,,
2258,awnr/Mistral-7B-v0.1-signtensors-1-over-2,mistral7bv01signtensors1over2,0,0,unmatched,,
2259,awnr/Mistral-7B-v0.1-signtensors-1-over-4,mistral7bv01signtensors1over4,0,0,unmatched,,
2260,awnr/Mistral-7B-v0.1-signtensors-3-over-8,mistral7bv01signtensors3over8,0,0,unmatched,,
2261,awnr/Mistral-7B-v0.1-signtensors-5-over-16,mistral7bv01signtensors5over16,0,0,unmatched,,
2262,awnr/Mistral-7B-v0.1-signtensors-7-over-16,mistral7bv01signtensors7over16,0,0,unmatched,,
2263,aws-prototyping/MegaBeam-Mistral-7B-512k,megabeammistral7b512k,0,0,unmatched,,
2264,axolotl-ai-co/romulus-mistral-nemo-12b-simpo,romulusmistralnemo12bsimpo,0,0,unmatched,,
2265,baconnier/Napoleon_24B_V0.0,napoleon24bv00,0,0,unmatched,,
2266,baconnier/Napoleon_24B_V0.2,napoleon24bv02,0,0,unmatched,,
2267,baebee/7B-Cetacea,7bcetacea,0,0,unmatched,,
2268,baebee/mergekit-model_stock-nzjnheg,mergekitmodelstocknzjnheg,0,0,unmatched,,
2269,baebee/mergekit-ties-fnjenli,mergekittiesfnjenli,0,0,unmatched,,
2270,bamec66557/MISCHIEVOUS-12B,mischievous12b,0,0,unmatched,,
2271,bamec66557/MISCHIEVOUS-12B-Mix_0.1v,mischievous12bmix01v,0,0,unmatched,,
2272,bamec66557/MISCHIEVOUS-12B-Mix_0.2v,mischievous12bmix02v,0,0,unmatched,,
2273,bamec66557/MISCHIEVOUS-12B-Mix_0.3v,mischievous12bmix03v,0,0,unmatched,,
2274,bamec66557/MISCHIEVOUS-12B-Mix_0.4v,mischievous12bmix04v,0,0,unmatched,,
2275,bamec66557/MISCHIEVOUS-12B-Mix_0.5v,mischievous12bmix05v,0,0,unmatched,,
2276,bamec66557/MISCHIEVOUS-12B-Mix_0.6v,mischievous12bmix06v,0,0,unmatched,,
2277,bamec66557/MISCHIEVOUS-12B-Mix_III_IV_V,mischievous12bmixiiiivv,0,0,unmatched,,
2278,bamec66557/MISCHIEVOUS-12B-Mix_III_ex_V,mischievous12bmixiiiexv,0,0,unmatched,,
2279,bamec66557/MISCHIEVOUS-12B-Mix_Neo,mischievous12bmixneo,0,0,unmatched,,
2280,bamec66557/Mistral-Nemo-VICIOUS_MESH-12B-2407,mistralnemoviciousmesh12b2407,0,0,unmatched,,
2281,bamec66557/NameLess-12B-prob,nameless12bprob,0,0,unmatched,,
2282,bamec66557/VICIOUS_MESH-12B,viciousmesh12b,0,0,unmatched,,
2283,bamec66557/VICIOUS_MESH-12B-0.1v,viciousmesh12b01v,0,0,unmatched,,
2284,bamec66557/VICIOUS_MESH-12B-0.X.ver,viciousmesh12b0xver,0,0,unmatched,,
2285,bamec66557/VICIOUS_MESH-12B-ALPHA,viciousmesh12balpha,0,0,unmatched,,
2286,bamec66557/VICIOUS_MESH-12B-BETA,viciousmesh12bbeta,0,0,unmatched,,
2287,bamec66557/VICIOUS_MESH-12B-DELTA,viciousmesh12bdelta,0,0,unmatched,,
2288,bamec66557/VICIOUS_MESH-12B-DIGAMMA,viciousmesh12bdigamma,0,0,unmatched,,
2289,bamec66557/VICIOUS_MESH-12B-EPSILON,viciousmesh12bepsilon,0,0,unmatched,,
2290,bamec66557/VICIOUS_MESH-12B-GAMMA,viciousmesh12bgamma,0,0,unmatched,,
2291,bamec66557/VICIOUS_MESH-12B-NEMO,viciousmesh12bnemo,0,0,unmatched,,
2292,bamec66557/VICIOUS_MESH-12B-OMEGA,viciousmesh12bomega,0,0,unmatched,,
2293,bamec66557/VICIOUS_MESH-12B-UNION,viciousmesh12bunion,0,0,unmatched,,
2294,bamec66557/VICIOUS_MESH-12B_Razor,viciousmesh12brazor,0,0,unmatched,,
2295,bamec66557/mergekit-model_stock-zdaysvi,mergekitmodelstockzdaysvi,0,0,unmatched,,
2296,bamec66557/mergekit-ties-sinbkow,mergekittiessinbkow,0,0,unmatched,,
2297,belztjti/dffghgjh,dffghgjh,0,0,unmatched,,
2298,belztjti/dtfgv,dtfgv,0,0,unmatched,,
2299,benhaotang/phi4-qwq-sky-t1,phi4qwqskyt1,0,0,unmatched,,
2300,beomi/gemma-mling-7b,gemmamling7b,0,0,unmatched,,
2301,beowolx/CodeNinja-1.0-OpenChat-7B,codeninja10openchat7b,0,0,unmatched,,
2302,berkeley-nest/Starling-LM-7B-alpha,starlinglm7balpha,1,0,unmatched,,1638:parameter_or_org_conflict
2303,bfuzzy1/Gunny,gunny,0,0,unmatched,,
2304,bfuzzy1/acheron,acheron,0,0,unmatched,,
2305,bfuzzy1/acheron-c,acheronc,0,0,unmatched,,
2306,bfuzzy1/acheron-d,acherond,0,0,unmatched,,
2307,bfuzzy1/acheron-m,acheronm,0,0,unmatched,,
2308,bfuzzy1/acheron-m1a-llama,acheronm1allama,0,0,unmatched,,
2309,bfuzzy1/llambses-1,llambses1,0,0,unmatched,,
2310,bhuvneshsaini/merged_model,mergedmodel,0,0,unmatched,,
2311,bigcode/starcoder2-15b,starcoder215b,1,0,unmatched,,1447:parameter_or_org_conflict
2312,bigcode/starcoder2-3b,starcoder23b,1,1,accepted_exact,1449.0,exact normalized name; parameter <= tolerance; organization compatible
2313,bigcode/starcoder2-7b,starcoder27b,1,1,accepted_exact,1448.0,exact normalized name; parameter <= tolerance; organization compatible
2314,bigscience/bloom-1b1,bloom1b1,0,0,unmatched,,
2315,bigscience/bloom-1b7,bloom1b7,0,0,unmatched,,
2316,bigscience/bloom-3b,bloom3b,1,1,accepted_exact,2210.0,exact normalized name; parameter <= tolerance; organization compatible
2317,bigscience/bloom-560m,bloom560m,1,1,accepted_exact,2208.0,exact normalized name; parameter <= tolerance; organization compatible
2318,bigscience/bloom-7b1,bloom7b1,0,0,unmatched,,
2319,bluuwhale/L3-SthenoMaid-8B-V1,l3sthenomaid8bv1,0,0,unmatched,,
2320,bond005/meno-tiny-0.1,menotiny01,0,0,unmatched,,
2321,bosonai/Higgs-Llama-3-70B,higgsllama370b,0,0,unmatched,,
2322,braindao/DeepSeek-R1-Distill-Qwen-1.5B-Blunt,deepseekr1distillqwen15bblunt,0,0,unmatched,,
2323,braindao/DeepSeek-R1-Distill-Qwen-1.5B-Reflective,deepseekr1distillqwen15breflective,0,0,unmatched,,
2324,braindao/DeepSeek-R1-Distill-Qwen-14B,deepseekr1distillqwen14b,1,0,unmatched,,588:parameter_or_org_conflict
2325,braindao/DeepSeek-R1-Distill-Qwen-14B-ABUB-ST,deepseekr1distillqwen14babubst,0,0,unmatched,,
2326,braindao/DeepSeek-R1-Distill-Qwen-14B-Blunt,deepseekr1distillqwen14bblunt,0,0,unmatched,,
2327,braindao/DeepSeek-R1-Distill-Qwen-14B-Blunt-Uncensored,deepseekr1distillqwen14bbluntuncensored,0,0,unmatched,,
2328,braindao/DeepSeek-R1-Distill-Qwen-14B-Blunt-Uncensored-Blunt,deepseekr1distillqwen14bbluntuncensoredblunt,0,0,unmatched,,
2329,braindao/DeepSeek-R1-Distill-Qwen-14B-Blunt-Uncensored-Blunt-Reflective,deepseekr1distillqwen14bbluntuncensoredbluntreflective,0,0,unmatched,,
2330,braindao/DeepSeek-R1-Distill-Qwen-14B-Blunt-Uncensored-Reflective,deepseekr1distillqwen14bbluntuncensoredreflective,0,0,unmatched,,
2331,braindao/DeepSeek-R1-Distill-Qwen-14B-Reflective,deepseekr1distillqwen14breflective,0,0,unmatched,,
2332,braindao/DeepSeek-R1-Distill-Qwen-7B,deepseekr1distillqwen7b,1,0,unmatched,,592:parameter_or_org_conflict
2333,braindao/DeepSeek-R1-Distill-Qwen-7B-Blunt,deepseekr1distillqwen7bblunt,0,0,unmatched,,
2334,braindao/DeepSeek-R1-Distill-Qwen-7B-ORPO-Uncensored,deepseekr1distillqwen7borpouncensored,0,0,unmatched,,
2335,braindao/DeepSeek-R1-Distill-Qwen-7B-Reflective,deepseekr1distillqwen7breflective,0,0,unmatched,,
2336,braindao/Qwen2.5-14B,qwen2514b,1,0,unmatched,,915:parameter_or_org_conflict
2337,braindao/Qwen2.5-14B-Instruct,qwen2514binstruct,0,0,unmatched,,
2338,braindao/iq-code-evmind-0.5b,iqcodeevmind05b,0,0,unmatched,,
2339,brgx53/3Bgeneral-ECE-PRYMMAL-Martial,3bgeneraleceprymmalmartial,0,0,unmatched,,
2340,brgx53/3Bgeneralv2-ECE-PRYMMAL-Martial,3bgeneralv2eceprymmalmartial,0,0,unmatched,,
2341,brgx53/3Blareneg-ECE-PRYMMAL-Martial,3blarenegeceprymmalmartial,0,0,unmatched,,
2342,brgx53/3Blarenegv2-ECE-PRYMMAL-Martial,3blarenegv2eceprymmalmartial,0,0,unmatched,,
2343,brgx53/Barracuda-PRYMMAL-ECE-TW3,barracudaprymmalecetw3,0,0,unmatched,,
2344,brgx53/LaConfiance-PRYMMAL-ECE-TW3,laconfianceprymmalecetw3,0,0,unmatched,,
2345,bunnycore/Best-Mix-Llama-3.1-8B,bestmixllama318b,0,0,unmatched,,
2346,bunnycore/Blabbertron-1.0,blabbertron10,0,0,unmatched,,
2347,bunnycore/Blabbertron-1.1,blabbertron11,0,0,unmatched,,
2348,bunnycore/CyberCore-Qwen-2.1-7B,cybercoreqwen217b,0,0,unmatched,,
2349,bunnycore/DeepQwen-3B-LCoT-SCE,deepqwen3blcotsce,0,0,unmatched,,
2350,bunnycore/DeepSeek-R1-Distill-Qwen-7B-RRP-Ex,deepseekr1distillqwen7brrpex,0,0,unmatched,,
2351,bunnycore/DeepThinker-7B-Sce-v1,deepthinker7bscev1,0,0,unmatched,,
2352,bunnycore/DeepThinker-7B-Sce-v2,deepthinker7bscev2,0,0,unmatched,,
2353,bunnycore/FuseCyberMix-Qwen-2.5-7B-Instruct,fusecybermixqwen257binstruct,0,0,unmatched,,
2354,bunnycore/FuseQwQen-7B,fuseqwqen7b,0,0,unmatched,,
2355,bunnycore/FwF-Qwen-7B-0.1,fwfqwen7b01,0,0,unmatched,,
2356,bunnycore/FwF-Qwen-7B-0.2,fwfqwen7b02,0,0,unmatched,,
2357,bunnycore/Gemma-2-2B-Smart,gemma22bsmart,0,0,unmatched,,
2358,bunnycore/Gemma2-9B-TitanFusion,gemma29btitanfusion,0,0,unmatched,,
2359,bunnycore/HyperLlama-3.1-8B,hyperllama318b,0,0,unmatched,,
2360,bunnycore/Llama-3.1-8B-TitanFusion-Mix,llama318btitanfusionmix,0,0,unmatched,,
2361,bunnycore/Llama-3.1-8B-TitanFusion-v3,llama318btitanfusionv3,0,0,unmatched,,
2362,bunnycore/Llama-3.2-3B-All-Mix,llama323ballmix,0,0,unmatched,,
2363,bunnycore/Llama-3.2-3B-Bespoke-Thought,llama323bbespokethought,0,0,unmatched,,
2364,bunnycore/Llama-3.2-3B-Booval,llama323bbooval,0,0,unmatched,,
2365,bunnycore/Llama-3.2-3B-Deep-Test,llama323bdeeptest,0,0,unmatched,,
2366,bunnycore/Llama-3.2-3B-Deep-Test,llama323bdeeptest,0,0,unmatched,,
2367,bunnycore/Llama-3.2-3B-Della,llama323bdella,0,0,unmatched,,
2368,bunnycore/Llama-3.2-3B-Long-Think,llama323blongthink,0,0,unmatched,,
2369,bunnycore/Llama-3.2-3B-Mix-Skill,llama323bmixskill,0,0,unmatched,,
2370,bunnycore/Llama-3.2-3B-ProdigyPlus,llama323bprodigyplus,0,0,unmatched,,
2371,bunnycore/Llama-3.2-3B-ProdigyPlusPlus,llama323bprodigyplusplus,0,0,unmatched,,
2372,bunnycore/Llama-3.2-3B-RP-DeepThink,llama323brpdeepthink,0,0,unmatched,,
2373,bunnycore/Llama-3.2-3B-RRStock,llama323brrstock,0,0,unmatched,,
2374,bunnycore/Llama-3.2-3B-ToxicKod,llama323btoxickod,0,0,unmatched,,
2375,bunnycore/Llama-3.2-3b-RP-Toxic-Fuse,llama323brptoxicfuse,0,0,unmatched,,
2376,bunnycore/Maestro-S1k-7B-Sce,maestros1k7bsce,0,0,unmatched,,
2377,bunnycore/Phi-3.5-mini-TitanFusion-0.1,phi35minititanfusion01,0,0,unmatched,,
2378,bunnycore/Phi-4-Model-Stock,phi4modelstock,0,0,unmatched,,
2379,bunnycore/Phi-4-Model-Stock-v2,phi4modelstockv2,0,0,unmatched,,
2380,bunnycore/Phi-4-Model-Stock-v3,phi4modelstockv3,0,0,unmatched,,
2381,bunnycore/Phi-4-Model-Stock-v4,phi4modelstockv4,0,0,unmatched,,
2382,bunnycore/Phi-4-RP-v0,phi4rpv0,0,0,unmatched,,
2383,bunnycore/Phi-4-RR-Shoup,phi4rrshoup,0,0,unmatched,,
2384,bunnycore/Phi-4-RStock-v0.1,phi4rstockv01,0,0,unmatched,,
2385,bunnycore/Phi-4-ReasoningRP,phi4reasoningrp,0,0,unmatched,,
2386,bunnycore/Phi-4-Sce-exp-v0.1,phi4sceexpv01,0,0,unmatched,,
2387,bunnycore/Phi-4-Stock-Ex,phi4stockex,0,0,unmatched,,
2388,bunnycore/Phi-4-Stock-RP,phi4stockrp,0,0,unmatched,,
2389,bunnycore/Phi-4-Trim-Exp1,phi4trimexp1,0,0,unmatched,,
2390,bunnycore/Phi-Seek-4-Sce-V1,phiseek4scev1,0,0,unmatched,,
2391,bunnycore/Qandora-2.5-7B-Creative,qandora257bcreative,0,0,unmatched,,
2392,bunnycore/QandoraExp-7B,qandoraexp7b,0,0,unmatched,,
2393,bunnycore/QandoraExp-7B-Persona,qandoraexp7bpersona,0,0,unmatched,,
2394,bunnycore/QandoraExp-7B-v2,qandoraexp7bv2,0,0,unmatched,,
2395,bunnycore/QwQen-3B-LCoT,qwqen3blcot,0,0,unmatched,,
2396,bunnycore/QwQen-3B-LCoT-R1,qwqen3blcotr1,0,0,unmatched,,
2397,bunnycore/Qwen-2.5-7B-Deep-Sky-T1,qwen257bdeepskyt1,0,0,unmatched,,
2398,bunnycore/Qwen-2.5-7B-Deep-Stock-v1,qwen257bdeepstockv1,0,0,unmatched,,
2399,bunnycore/Qwen-2.5-7B-Deep-Stock-v4,qwen257bdeepstockv4,0,0,unmatched,,
2400,bunnycore/Qwen-2.5-7B-Deep-Stock-v5,qwen257bdeepstockv5,0,0,unmatched,,
2401,bunnycore/Qwen-2.5-7B-Exp-Sce,qwen257bexpsce,0,0,unmatched,,
2402,bunnycore/Qwen-2.5-7B-R1-Stock,qwen257br1stock,0,0,unmatched,,
2403,bunnycore/Qwen-2.5-7B-Stock-Deep-Bespoke,qwen257bstockdeepbespoke,0,0,unmatched,,
2404,bunnycore/Qwen-2.5-7b-S1k,qwen257bs1k,0,0,unmatched,,
2405,bunnycore/Qwen2.5-1.5B-Model-Stock,qwen2515bmodelstock,0,0,unmatched,,
2406,bunnycore/Qwen2.5-3B-Model-Stock,qwen253bmodelstock,0,0,unmatched,,
2407,bunnycore/Qwen2.5-3B-Model-Stock-v2,qwen253bmodelstockv2,0,0,unmatched,,
2408,bunnycore/Qwen2.5-3B-Model-Stock-v3.1,qwen253bmodelstockv31,0,0,unmatched,,
2409,bunnycore/Qwen2.5-3B-Model-Stock-v3.2,qwen253bmodelstockv32,0,0,unmatched,,
2410,bunnycore/Qwen2.5-3B-Model-Stock-v4.1,qwen253bmodelstockv41,0,0,unmatched,,
2411,bunnycore/Qwen2.5-3B-RP-Mix,qwen253brpmix,0,0,unmatched,,
2412,bunnycore/Qwen2.5-3B-RP-Thinker,qwen253brpthinker,0,0,unmatched,,
2413,bunnycore/Qwen2.5-3B-RP-Thinker-V2,qwen253brpthinkerv2,0,0,unmatched,,
2414,bunnycore/Qwen2.5-7B-CyberRombos,qwen257bcyberrombos,0,0,unmatched,,
2415,bunnycore/Qwen2.5-7B-Fuse-Exp,qwen257bfuseexp,0,0,unmatched,,
2416,bunnycore/Qwen2.5-7B-Instruct-Fusion,qwen257binstructfusion,0,0,unmatched,,
2417,bunnycore/Qwen2.5-7B-Instruct-Merge-Stock-v0.1,qwen257binstructmergestockv01,0,0,unmatched,,
2418,bunnycore/Qwen2.5-7B-MixStock-Sce-V0.3,qwen257bmixstockscev03,0,0,unmatched,,
2419,bunnycore/Qwen2.5-7B-MixStock-V0.1,qwen257bmixstockv01,0,0,unmatched,,
2420,bunnycore/Qwen2.5-7B-R1-Bespoke-Stock,qwen257br1bespokestock,0,0,unmatched,,
2421,bunnycore/Qwen2.5-7B-R1-Bespoke-Task,qwen257br1bespoketask,0,0,unmatched,,
2422,bunnycore/Qwen2.5-7B-RRP-1M,qwen257brrp1m,0,0,unmatched,,
2423,bunnycore/Qwen2.5-7B-RRP-1M-Thinker,qwen257brrp1mthinker,0,0,unmatched,,
2424,bunnycore/Qwen2.5-7B-RRP-ID,qwen257brrpid,0,0,unmatched,,
2425,bunnycore/Qwen2.5-7B-Sky-R1-Mini,qwen257bskyr1mini,0,0,unmatched,,
2426,bunnycore/QwenMosaic-7B,qwenmosaic7b,0,0,unmatched,,
2427,bunnycore/Smol-Llama-3.2-3B,smolllama323b,0,0,unmatched,,
2428,bunnycore/SmolLM2-1.7-Persona,smollm217persona,0,0,unmatched,,
2429,bunnycore/SmolLM2-1.7B-roleplay-lora,smollm217broleplaylora,0,0,unmatched,,
2430,bunnycore/Tulu-3.1-8B-SuperNova,tulu318bsupernova,0,0,unmatched,,
2431,byroneverson/Mistral-Small-Instruct-2409-abliterated,mistralsmallinstruct2409abliterated,0,0,unmatched,,
2432,byroneverson/Yi-1.5-9B-Chat-16K-abliterated,yi159bchat16kabliterated,0,0,unmatched,,
2433,byroneverson/Yi-1.5-9B-Chat-abliterated,yi159bchatabliterated,0,0,unmatched,,
2434,c10x/Q-Pluse,qpluse,0,0,unmatched,,
2435,c10x/longthinker,longthinker,0,0,unmatched,,
2436,carsenk/flippa-v6,flippav6,0,0,unmatched,,
2437,carsenk/phi3.5_mini_exp_825_uncensored,phi35miniexp825uncensored,0,0,unmatched,,
2438,cat-searcher/gemma-2-9b-it-sppo-iter-1,gemma29bitsppoiter1,0,0,unmatched,,
2439,cat-searcher/gemma-2-9b-it-sppo-iter-1-evol-1,gemma29bitsppoiter1evol1,0,0,unmatched,,
2440,cckm/tinymistral_950m,tinymistral950m,0,0,unmatched,,
2441,cgato/TheSalt-L3-8b-v0.3.2,thesaltl38bv032,0,0,unmatched,,
2442,chargoddard/prometheus-2-llama-3-8b,prometheus2llama38b,0,0,unmatched,,
2443,chujiezheng/Llama-3-Instruct-8B-SimPO-ExPO,llama3instruct8bsimpoexpo,0,0,unmatched,,
2444,chujiezheng/Mistral7B-PairRM-SPPO-ExPO,mistral7bpairrmsppoexpo,0,0,unmatched,,
2445,cjvt/GaMS-1B,gams1b,0,0,unmatched,,
2446,cloudyu/Llama-3-70Bx2-MOE,llama370bx2moe,0,0,unmatched,,
2447,cloudyu/Llama-3.2-3Bx4,llama323bx4,0,0,unmatched,,
2448,cloudyu/Mixtral_11Bx2_MoE_19B,mixtral11bx2moe19b,0,0,unmatched,,
2449,cloudyu/Mixtral_34Bx2_MoE_60B,mixtral34bx2moe60b,0,0,unmatched,,
2450,cloudyu/Mixtral_7Bx2_MoE,mixtral7bx2moe,0,0,unmatched,,
2451,cloudyu/S1-Llama-3.2-3Bx4-MoE,s1llama323bx4moe,0,0,unmatched,,
2452,cloudyu/Yi-34Bx2-MoE-60B-DPO,yi34bx2moe60bdpo,0,0,unmatched,,
2453,cluebbers/Llama-3.1-8B-paraphrase-type-generation-apty-ipo,llama318bparaphrasetypegenerationaptyipo,0,0,unmatched,,
2454,cluebbers/Llama-3.1-8B-paraphrase-type-generation-apty-sigmoid,llama318bparaphrasetypegenerationaptysigmoid,0,0,unmatched,,
2455,cluebbers/Llama-3.1-8B-paraphrase-type-generation-etpc,llama318bparaphrasetypegenerationetpc,0,0,unmatched,,
2456,cognitivecomputations/Dolphin3.0-Llama3.1-8B,dolphin30llama318b,0,0,unmatched,,
2457,cognitivecomputations/Dolphin3.0-Llama3.2-1B,dolphin30llama321b,0,0,unmatched,,
2458,cognitivecomputations/Dolphin3.0-Qwen2.5-0.5B,dolphin30qwen2505b,0,0,unmatched,,
2459,cognitivecomputations/Dolphin3.0-R1-Mistral-24B,dolphin30r1mistral24b,0,0,unmatched,,
2460,cognitivecomputations/dolphin-2.9-llama3-8b,dolphin29llama38b,0,0,unmatched,,
2461,cognitivecomputations/dolphin-2.9.1-llama-3-70b,dolphin291llama370b,0,0,unmatched,,
2462,cognitivecomputations/dolphin-2.9.1-yi-1.5-34b,dolphin291yi1534b,0,0,unmatched,,
2463,cognitivecomputations/dolphin-2.9.1-yi-1.5-9b,dolphin291yi159b,0,0,unmatched,,
2464,cognitivecomputations/dolphin-2.9.2-Phi-3-Medium,dolphin292phi3medium,0,0,unmatched,,
2465,cognitivecomputations/dolphin-2.9.2-Phi-3-Medium-abliterated,dolphin292phi3mediumabliterated,0,0,unmatched,,
2466,cognitivecomputations/dolphin-2.9.2-Phi-3-Medium-abliterated,dolphin292phi3mediumabliterated,0,0,unmatched,,
2467,cognitivecomputations/dolphin-2.9.2-qwen2-72b,dolphin292qwen272b,0,0,unmatched,,
2468,cognitivecomputations/dolphin-2.9.2-qwen2-7b,dolphin292qwen27b,0,0,unmatched,,
2469,cognitivecomputations/dolphin-2.9.3-Yi-1.5-34B-32k,dolphin293yi1534b32k,0,0,unmatched,,
2470,cognitivecomputations/dolphin-2.9.3-mistral-7B-32k,dolphin293mistral7b32k,0,0,unmatched,,
2471,cognitivecomputations/dolphin-2.9.3-mistral-nemo-12b,dolphin293mistralnemo12b,0,0,unmatched,,
2472,cognitivecomputations/dolphin-2.9.4-gemma2-2b,dolphin294gemma22b,0,0,unmatched,,
2473,cognitivecomputations/dolphin-2.9.4-llama3.1-8b,dolphin294llama318b,0,0,unmatched,,
2474,collaiborateorg/Collaiborator-MEDLLM-Llama-3-8B-v2,collaiboratormedllmllama38bv2,0,0,unmatched,,
2475,cpayne1303/cp2024,cp2024,0,0,unmatched,,
2476,cpayne1303/cp2024-instruct,cp2024instruct,0,0,unmatched,,
2477,cpayne1303/llama-43m-beta,llama43mbeta,0,0,unmatched,,
2478,cpayne1303/llama-43m-beta,llama43mbeta,0,0,unmatched,,
2479,cpayne1303/smallcp2024,smallcp2024,0,0,unmatched,,
2480,crestf411/MN-Slush,mnslush,0,0,unmatched,,
2481,cstr/llama3.1-8b-spaetzle-v90,llama318bspaetzlev90,0,0,unmatched,,
2482,cyberagent/calm3-22b-chat,calm322bchat,0,0,unmatched,,
2483,darkc0de/BuddyGlassNeverSleeps,buddyglassneversleeps,0,0,unmatched,,
2484,darkc0de/BuddyGlassUncensored2025.2,buddyglassuncensored20252,0,0,unmatched,,
2485,darkc0de/BuddyGlass_v0.3_Xortron7MethedUpSwitchedUp,buddyglassv03xortron7methedupswitchedup,0,0,unmatched,,
2486,databricks/dbrx-base,dbrxbase,0,0,unmatched,,
2487,databricks/dbrx-instruct,dbrxinstruct,0,0,unmatched,,
2488,databricks/dolly-v1-6b,dollyv16b,0,0,unmatched,,
2489,databricks/dolly-v2-12b,dollyv212b,0,0,unmatched,,
2490,databricks/dolly-v2-3b,dollyv23b,0,0,unmatched,,
2491,databricks/dolly-v2-7b,dollyv27b,0,0,unmatched,,
2492,davidkim205/Rhea-72b-v0.5,rhea72bv05,0,0,unmatched,,
2493,davidkim205/nox-solar-10.7b-v4,noxsolar107bv4,0,0,unmatched,,
2494,deepseek-ai/DeepSeek-R1-Distill-Llama-70B,deepseekr1distillllama70b,1,1,accepted_exact,587.0,exact normalized name; parameter <= tolerance; organization compatible
2495,deepseek-ai/DeepSeek-R1-Distill-Llama-8B,deepseekr1distillllama8b,1,1,accepted_exact,590.0,exact normalized name; parameter <= tolerance; organization compatible
2496,deepseek-ai/DeepSeek-R1-Distill-Qwen-1.5B,deepseekr1distillqwen15b,1,1,accepted_exact,589.0,exact normalized name; parameter <= tolerance; organization compatible
2497,deepseek-ai/DeepSeek-R1-Distill-Qwen-14B,deepseekr1distillqwen14b,1,1,accepted_exact,588.0,exact normalized name; parameter <= tolerance; organization compatible
2498,deepseek-ai/DeepSeek-R1-Distill-Qwen-32B,deepseekr1distillqwen32b,1,1,accepted_exact,591.0,exact normalized name; parameter <= tolerance; organization compatible
2499,deepseek-ai/DeepSeek-R1-Distill-Qwen-7B,deepseekr1distillqwen7b,1,0,unmatched,,592:parameter_or_org_conflict
2500,deepseek-ai/deepseek-llm-67b-chat,deepseekllm67bchat,0,0,unmatched,,
2501,deepseek-ai/deepseek-llm-7b-base,deepseekllm7bbase,0,0,unmatched,,
2502,deepseek-ai/deepseek-llm-7b-chat,deepseekllm7bchat,0,0,unmatched,,
2503,deepseek-ai/deepseek-moe-16b-base,deepseekmoe16bbase,0,0,unmatched,,
2504,deepseek-ai/deepseek-moe-16b-chat,deepseekmoe16bchat,0,0,unmatched,,
2505,dfurman/CalmeRys-78B-Orpo-v0.1,calmerys78borpov01,0,0,unmatched,,
2506,dfurman/Llama-3-70B-Orpo-v0.1,llama370borpov01,0,0,unmatched,,
2507,dfurman/Llama-3-8B-Orpo-v0.1,llama38borpov01,0,0,unmatched,,
2508,dfurman/Qwen2-72B-Orpo-v0.1,qwen272borpov01,0,0,unmatched,,
2509,dicta-il/dictalm2.0,dictalm20,0,0,unmatched,,
2510,dicta-il/dictalm2.0-instruct,dictalm20instruct,0,0,unmatched,,
2511,distilbert/distilgpt2,distilgpt2,0,0,unmatched,,
2512,divyanshukunwar/SASTRI_1_9B,sastri19b,0,0,unmatched,,
2513,djuna/G2-BigGSHT-27B-2,g2biggsht27b2,0,0,unmatched,,
2514,djuna/G2-GSHT,g2gsht,0,0,unmatched,,
2515,djuna/Gemma-2-gemmama-9b,gemma2gemmama9b,0,0,unmatched,,
2516,djuna/L3.1-ForStHS,l31forsths,0,0,unmatched,,
2517,djuna/L3.1-Promissum_Mane-8B-Della-1.5-calc,l31promissummane8bdella15calc,0,0,unmatched,,
2518,djuna/L3.1-Promissum_Mane-8B-Della-calc,l31promissummane8bdellacalc,0,0,unmatched,,
2519,djuna/L3.1-Purosani-2-8B,l31purosani28b,0,0,unmatched,,
2520,djuna/L3.1-Suze-Vume-calc,l31suzevumecalc,0,0,unmatched,,
2521,djuna/MN-Chinofun,mnchinofun,0,0,unmatched,,
2522,djuna/MN-Chinofun-12B-2,mnchinofun12b2,0,0,unmatched,,
2523,djuna/MN-Chinofun-12B-3,mnchinofun12b3,0,0,unmatched,,
2524,djuna/MN-Chinofun-12B-4,mnchinofun12b4,0,0,unmatched,,
2525,djuna/Q2.5-Partron-7B,q25partron7b,0,0,unmatched,,
2526,djuna/Q2.5-Veltha-14B,q25veltha14b,0,0,unmatched,,
2527,djuna/Q2.5-Veltha-14B-0.5,q25veltha14b05,0,0,unmatched,,
2528,djuna-test-lab/TEST-L3.2-ReWish-3B,testl32rewish3b,0,0,unmatched,,
2529,djuna-test-lab/TEST-L3.2-ReWish-3B-ties-w-base,testl32rewish3btieswbase,0,0,unmatched,,
2530,dnhkng/RYS-Medium,rysmedium,0,0,unmatched,,
2531,dnhkng/RYS-Llama-3-8B-Instruct,rysllama38binstruct,0,0,unmatched,,
2532,dnhkng/RYS-Llama-3-Huge-Instruct,rysllama3hugeinstruct,0,0,unmatched,,
2533,dnhkng/RYS-Llama-3-Large-Instruct,rysllama3largeinstruct,0,0,unmatched,,
2534,dnhkng/RYS-Llama-3.1-8B-Instruct,rysllama318binstruct,0,0,unmatched,,
2535,dnhkng/RYS-Llama3.1-Large,rysllama31large,0,0,unmatched,,
2536,dnhkng/RYS-Phi-3-medium-4k-instruct,rysphi3medium4kinstruct,0,0,unmatched,,
2537,dnhkng/RYS-XLarge,rysxlarge,0,0,unmatched,,
2538,dnhkng/RYS-XLarge-base,rysxlargebase,0,0,unmatched,,
2539,dnhkng/RYS-XLarge2,rysxlarge2,0,0,unmatched,,
2540,dreamgen/WizardLM-2-7B,wizardlm27b,1,0,unmatched,,1362:parameter_or_org_conflict
2541,dustinwloring1988/Reflexis-8b-chat-v1,reflexis8bchatv1,0,0,unmatched,,
2542,dustinwloring1988/Reflexis-8b-chat-v2,reflexis8bchatv2,0,0,unmatched,,
2543,dustinwloring1988/Reflexis-8b-chat-v3,reflexis8bchatv3,0,0,unmatched,,
2544,dustinwloring1988/Reflexis-8b-chat-v4,reflexis8bchatv4,0,0,unmatched,,
2545,dustinwloring1988/Reflexis-8b-chat-v5,reflexis8bchatv5,0,0,unmatched,,
2546,dustinwloring1988/Reflexis-8b-chat-v6,reflexis8bchatv6,0,0,unmatched,,
2547,dustinwloring1988/Reflexis-8b-chat-v7,reflexis8bchatv7,0,0,unmatched,,
2548,duyhv1411/Llama-3.2-1B-en-vi,llama321benvi,0,0,unmatched,,
2549,duyhv1411/Llama-3.2-3B-en-vi,llama323benvi,0,0,unmatched,,
2550,dwikitheduck/gemma-2-2b-id,gemma22bid,0,0,unmatched,,
2551,dwikitheduck/gemma-2-2b-id-inst,gemma22bidinst,0,0,unmatched,,
2552,dwikitheduck/gemma-2-2b-id-instruct,gemma22bidinstruct,0,0,unmatched,,
2553,dwikitheduck/gen-inst-1,geninst1,0,0,unmatched,,
2554,dwikitheduck/gen-try1,gentry1,0,0,unmatched,,
2555,dwikitheduck/gen-try1-notemp,gentry1notemp,0,0,unmatched,,
2556,dzakwan/dzakwan-MoE-4x7b-Beta,dzakwanmoe4x7bbeta,0,0,unmatched,,
2557,ehristoforu/Falcon3-8B-Franken-Basestruct,falcon38bfrankenbasestruct,0,0,unmatched,,
2558,ehristoforu/Falcon3-MoE-2x7B-Insruct,falcon3moe2x7binsruct,0,0,unmatched,,
2559,ehristoforu/Gemma2-9B-it-psy10k-mental_health,gemma29bitpsy10kmentalhealth,0,0,unmatched,,
2560,ehristoforu/Gemma2-9b-it-train6,gemma29bittrain6,0,0,unmatched,,
2561,ehristoforu/HappyLlama1,happyllama1,0,0,unmatched,,
2562,ehristoforu/QwenQwen2.5-7B-IT,qwenqwen257bit,0,0,unmatched,,
2563,ehristoforu/QwenQwen2.5-7B-IT-Dare,qwenqwen257bitdare,0,0,unmatched,,
2564,ehristoforu/RQwen-v0.1,rqwenv01,0,0,unmatched,,
2565,ehristoforu/RQwen-v0.2,rqwenv02,0,0,unmatched,,
2566,ehristoforu/SoRu-0009,soru0009,0,0,unmatched,,
2567,ehristoforu/coolqwen-3b-it,coolqwen3bit,0,0,unmatched,,
2568,ehristoforu/della-70b-test-v1,della70btestv1,0,0,unmatched,,
2569,ehristoforu/falcon3-ultraset,falcon3ultraset,0,0,unmatched,,
2570,ehristoforu/fd-lora-merged-16x32,fdloramerged16x32,0,0,unmatched,,
2571,ehristoforu/fd-lora-merged-64x128,fdloramerged64x128,0,0,unmatched,,
2572,ehristoforu/fp4-14b-it-v1,fp414bitv1,0,0,unmatched,,
2573,ehristoforu/fp4-14b-v1-fix,fp414bv1fix,0,0,unmatched,,
2574,ehristoforu/fq2.5-7b-it-normalize_false,fq257bitnormalizefalse,0,0,unmatched,,
2575,ehristoforu/fq2.5-7b-it-normalize_true,fq257bitnormalizetrue,0,0,unmatched,,
2576,ehristoforu/frqwen2.5-from7b-duable4layers-it,frqwen25from7bduable4layersit,0,0,unmatched,,
2577,ehristoforu/frqwen2.5-from7b-it,frqwen25from7bit,0,0,unmatched,,
2578,ehristoforu/mllama-3.1-8b-instruct,mllama318binstruct,0,0,unmatched,,
2579,ehristoforu/mllama-3.1-8b-it,mllama318bit,0,0,unmatched,,
2580,ehristoforu/moremerge,moremerge,0,0,unmatched,,
2581,ehristoforu/moremerge-upscaled,moremergeupscaled,0,0,unmatched,,
2582,ehristoforu/phi-4-25b,phi425b,0,0,unmatched,,
2583,ehristoforu/qwen2.5-test-32b-it,qwen25test32bit,0,0,unmatched,,
2584,ehristoforu/qwen2.5-with-lora-think-3b-it,qwen25withlorathink3bit,0,0,unmatched,,
2585,ehristoforu/rmoe-v1,rmoev1,0,0,unmatched,,
2586,ehristoforu/rufalcon3-3b-it,rufalcon33bit,0,0,unmatched,,
2587,ehristoforu/ruphi-4b,ruphi4b,0,0,unmatched,,
2588,ehristoforu/testq-32b,testq32b,0,0,unmatched,,
2589,ehristoforu/tmoe,tmoe,0,0,unmatched,,
2590,ehristoforu/tmoe-v2,tmoev2,0,0,unmatched,,
2591,ehristoforu/trd-7b-it,trd7bit,0,0,unmatched,,
2592,ehristoforu/ud-14b,ud14b,0,0,unmatched,,
2593,elinas/Chronos-Gold-12B-1.0,chronosgold12b10,0,0,unmatched,,
2594,ell44ot/gemma-2b-def,gemma2bdef,0,0,unmatched,,
2595,euclaise/ReMask-3B,remask3b,0,0,unmatched,,
2596,eworojoshua/vas-01,vas01,0,0,unmatched,,
2597,ewre324/Thinker-Llama-3.2-3B-Instruct-Reasoning,thinkerllama323binstructreasoning,0,0,unmatched,,
2598,ewre324/Thinker-Qwen2.5-0.5B-Instruct-Reasoning,thinkerqwen2505binstructreasoning,0,0,unmatched,,
2599,ewre324/Thinker-SmolLM2-135M-Instruct-Reasoning,thinkersmollm2135minstructreasoning,0,0,unmatched,,
2600,ewre324/ewre324-R1-SmolLM2-135M-Distill,ewre324r1smollm2135mdistill,0,0,unmatched,,
2601,experiment-llm/exp-3-q-r,exp3qr,0,0,unmatched,,
2602,facebook/opt-1.3b,opt13b,2,1,accepted_exact,2223.0,exact normalized name; parameter <= tolerance; organization compatible
2603,facebook/opt-30b,opt30b,1,1,accepted_exact,2232.0,exact normalized name; parameter <= tolerance; organization compatible
2604,failspy/Llama-3-8B-Instruct-MopeyMule,llama38binstructmopeymule,0,0,unmatched,,
2605,failspy/Llama-3-8B-Instruct-abliterated,llama38binstructabliterated,0,0,unmatched,,
2606,failspy/Meta-Llama-3-70B-Instruct-abliterated-v3.5,metallama370binstructabliteratedv35,0,0,unmatched,,
2607,failspy/Meta-Llama-3-8B-Instruct-abliterated-v3,metallama38binstructabliteratedv3,0,0,unmatched,,
2608,failspy/Phi-3-medium-4k-instruct-abliterated-v3,phi3medium4kinstructabliteratedv3,0,0,unmatched,,
2609,failspy/llama-3-70B-Instruct-abliterated,llama370binstructabliterated,0,0,unmatched,,
2610,fblgit/TheBeagle-v2beta-32B-MGS,thebeaglev2beta32bmgs,0,0,unmatched,,
2611,fblgit/TheBeagle-v2beta-32B-MGS,thebeaglev2beta32bmgs,0,0,unmatched,,
2612,fblgit/UNA-SimpleSmaug-34b-v1beta,unasimplesmaug34bv1beta,0,0,unmatched,,
2613,fblgit/UNA-TheBeagle-7b-v1,unathebeagle7bv1,0,0,unmatched,,
2614,fblgit/UNA-ThePitbull-21.4B-v2,unathepitbull214bv2,0,0,unmatched,,
2615,fblgit/cybertron-v4-qw7B-MGS,cybertronv4qw7bmgs,0,0,unmatched,,
2616,fblgit/cybertron-v4-qw7B-UNAMGS,cybertronv4qw7bunamgs,0,0,unmatched,,
2617,fblgit/juanako-7b-UNA,juanako7buna,0,0,unmatched,,
2618,fblgit/miniclaus-qw1.5B-UNAMGS,miniclausqw15bunamgs,0,0,unmatched,,
2619,fblgit/miniclaus-qw1.5B-UNAMGS-GRPO,miniclausqw15bunamgsgrpo,0,0,unmatched,,
2620,fblgit/pancho-v1-qw25-3B-UNAMGS,panchov1qw253bunamgs,0,0,unmatched,,
2621,fblgit/una-cybertron-7b-v2-bf16,unacybertron7bv2bf16,0,0,unmatched,,
2622,fhai50032/RolePlayLake-7B,roleplaylake7b,0,0,unmatched,,
2623,fhai50032/Unaligned-Thinker-PHI-4,unalignedthinkerphi4,0,0,unmatched,,
2624,flammenai/Llama3.1-Flammades-70B,llama31flammades70b,0,0,unmatched,,
2625,flammenai/Mahou-1.2a-llama3-8B,mahou12allama38b,0,0,unmatched,,
2626,flammenai/Mahou-1.2a-mistral-7B,mahou12amistral7b,0,0,unmatched,,
2627,flammenai/Mahou-1.5-llama3.1-70B,mahou15llama3170b,0,0,unmatched,,
2628,flammenai/Mahou-1.5-mistral-nemo-12B,mahou15mistralnemo12b,0,0,unmatched,,
2629,flammenai/flammen15-gutenberg-DPO-v1-7B,flammen15gutenbergdpov17b,0,0,unmatched,,
2630,fluently-lm/FluentlyLM-Prinum,fluentlylmprinum,0,0,unmatched,,
2631,fluently-lm/Llama-TI-8B,llamati8b,0,0,unmatched,,
2632,fluently-lm/Llama-TI-8B-Instruct,llamati8binstruct,0,0,unmatched,,
2633,fluently-sets/FalconThink3-10B-IT,falconthink310bit,0,0,unmatched,,
2634,fluently-sets/reasoning-1-1k-demo,reasoning11kdemo,0,0,unmatched,,
2635,formulae/mita-elite-sce-gen1.1-v1-7b-2-26-2025-exp,mitaelitescegen11v17b2262025exp,0,0,unmatched,,
2636,formulae/mita-elite-v1.1-7b-2-25-2025,mitaelitev117b2252025,0,0,unmatched,,
2637,formulae/mita-elite-v1.1-gen2-7b-2-25-2025,mitaelitev11gen27b2252025,0,0,unmatched,,
2638,formulae/mita-elite-v1.2-7b-2-26-2025,mitaelitev127b2262025,0,0,unmatched,,
2639,formulae/mita-gen3-7b-2-26-2025,mitagen37b2262025,0,0,unmatched,,
2640,formulae/mita-gen3-v1.2-7b-2-26-2025,mitagen3v127b2262025,0,0,unmatched,,
2641,formulae/mita-math-v2.3-2-25-2025,mitamathv232252025,0,0,unmatched,,
2642,formulae/mita-v1-7b,mitav17b,0,0,unmatched,,
2643,formulae/mita-v1.1-7b-2-24-2025,mitav117b2242025,0,0,unmatched,,
2644,formulae/mita-v1.2-7b-2-24-2025,mitav127b2242025,0,0,unmatched,,
2645,frameai/Loxa-4B,loxa4b,0,0,unmatched,,
2646,freewheelin/free-evo-qwen72b-v0.8-re,freeevoqwen72bv08re,0,0,unmatched,,
2647,freewheelin/free-solar-evo-v0.1,freesolarevov01,0,0,unmatched,,
2648,freewheelin/free-solar-evo-v0.11,freesolarevov011,0,0,unmatched,,
2649,freewheelin/free-solar-evo-v0.13,freesolarevov013,0,0,unmatched,,
2650,fulim/FineLlama-3.1-8B,finellama318b,0,0,unmatched,,
2651,gabrielmbmb/SmolLM-1.7B-Instruct-IFEval,smollm17binstructifeval,0,0,unmatched,,
2652,gaverfraxz/Meta-Llama-3.1-8B-Instruct-HalfAbliterated-DELLA,metallama318binstructhalfabliterateddella,0,0,unmatched,,
2653,gaverfraxz/Meta-Llama-3.1-8B-Instruct-HalfAbliterated-TIES,metallama318binstructhalfabliteratedties,0,0,unmatched,,
2654,gbueno86/Brinebreath-Llama-3.1-70B,brinebreathllama3170b,0,0,unmatched,,
2655,gbueno86/Meta-LLama-3-Cat-Smaug-LLama-70b,metallama3catsmaugllama70b,0,0,unmatched,,
2656,ghost-x/ghost-8b-beta-1608,ghost8bbeta1608,0,0,unmatched,,
2657,glaiveai/Reflection-Llama-3.1-70B,reflectionllama3170b,0,0,unmatched,,
2658,gmonsoon/SahabatAI-Llama-11B-Test,sahabataillama11btest,0,0,unmatched,,
2659,gmonsoon/SahabatAI-MediChatIndo-8B-v1,sahabataimedichatindo8bv1,0,0,unmatched,,
2660,gmonsoon/SahabatAI-Rebase-8B-Test,sahabatairebase8btest,0,0,unmatched,,
2661,gmonsoon/StockSeaLLMs-7B-v1,stockseallms7bv1,0,0,unmatched,,
2662,gmonsoon/gemma2-9b-sahabatai-v1-instruct-BaseTIES,gemma29bsahabataiv1instructbaseties,0,0,unmatched,,
2663,godlikehhd/alpaca_data_full_2,alpacadatafull2,0,0,unmatched,,
2664,godlikehhd/alpaca_data_full_3B,alpacadatafull3b,0,0,unmatched,,
2665,godlikehhd/alpaca_data_ifd_max_2600,alpacadataifdmax2600,0,0,unmatched,,
2666,godlikehhd/alpaca_data_ifd_max_2600_3B,alpacadataifdmax26003b,0,0,unmatched,,
2667,godlikehhd/alpaca_data_ifd_me_max_5200,alpacadataifdmemax5200,0,0,unmatched,,
2668,godlikehhd/alpaca_data_ifd_min_2600,alpacadataifdmin2600,0,0,unmatched,,
2669,godlikehhd/alpaca_data_ins_ans_max_5200,alpacadatainsansmax5200,0,0,unmatched,,
2670,godlikehhd/alpaca_data_ins_max_5200,alpacadatainsmax5200,0,0,unmatched,,
2671,godlikehhd/alpaca_data_ins_min_2600,alpacadatainsmin2600,0,0,unmatched,,
2672,godlikehhd/alpaca_data_ins_min_5200,alpacadatainsmin5200,0,0,unmatched,,
2673,godlikehhd/alpaca_data_sampled_ifd_5200,alpacadatasampledifd5200,0,0,unmatched,,
2674,godlikehhd/alpaca_data_sampled_ifd_new_5200,alpacadatasampledifdnew5200,0,0,unmatched,,
2675,godlikehhd/alpaca_data_score_max_0.1_2600,alpacadatascoremax012600,0,0,unmatched,,
2676,godlikehhd/alpaca_data_score_max_0.3_2600,alpacadatascoremax032600,0,0,unmatched,,
2677,godlikehhd/alpaca_data_score_max_0.7_2600,alpacadatascoremax072600,0,0,unmatched,,
2678,godlikehhd/alpaca_data_score_max_2500,alpacadatascoremax2500,0,0,unmatched,,
2679,godlikehhd/alpaca_data_score_max_2600_3B,alpacadatascoremax26003b,0,0,unmatched,,
2680,godlikehhd/alpaca_data_score_max_5200,alpacadatascoremax5200,0,0,unmatched,,
2681,godlikehhd/ifd_2500_qwen,ifd2500qwen,0,0,unmatched,,
2682,godlikehhd/ifd_new_correct_all_sample_2500_qwen,ifdnewcorrectallsample2500qwen,0,0,unmatched,,
2683,godlikehhd/ifd_new_correct_sample_2500_qwen,ifdnewcorrectsample2500qwen,0,0,unmatched,,
2684,godlikehhd/ifd_new_qwen_2500,ifdnewqwen2500,0,0,unmatched,,
2685,godlikehhd/qwen-2.5-1.5b-cherry,qwen2515bcherry,0,0,unmatched,,
2686,godlikehhd/qwen_2.5-1.5b-cherry_new,qwen2515bcherrynew,0,0,unmatched,,
2687,godlikehhd/qwen_full_data_alpaca,qwenfulldataalpaca,0,0,unmatched,,
2688,godlikehhd/qwen_ins_ans_2500,qweninsans2500,0,0,unmatched,,
2689,google/codegemma-1.1-2b,codegemma112b,0,0,unmatched,,
2690,google/flan-t5-base,flant5base,0,0,unmatched,,
2691,google/flan-t5-large,flant5large,0,0,unmatched,,
2692,google/flan-t5-small,flant5small,0,0,unmatched,,
2693,google/flan-t5-xl,flant5xl,0,0,unmatched,,
2694,google/flan-t5-xxl,flant5xxl,0,0,unmatched,,
2695,google/flan-ul2,flanul2,1,1,accepted_exact,2030.0,exact normalized name; parameter <= tolerance; organization compatible
2696,google/gemma-1.1-2b-it,gemma112bit,0,0,unmatched,,
2697,google/gemma-1.1-7b-it,gemma117bit,0,0,unmatched,,
2698,google/gemma-2-27b,gemma227b,1,1,accepted_exact,1164.0,exact normalized name; parameter <= tolerance; organization compatible
2699,google/gemma-2-27b-it,gemma227bit,0,0,unmatched,,
2700,google/gemma-2-2b,gemma22b,1,1,accepted_exact,1165.0,exact normalized name; parameter <= tolerance; organization compatible
2701,google/gemma-2-2b-it,gemma22bit,0,0,unmatched,,
2702,google/gemma-2-2b-jpn-it,gemma22bjpnit,0,0,unmatched,,
2703,google/gemma-2-2b-jpn-it,gemma22bjpnit,0,0,unmatched,,
2704,google/gemma-2-9b,gemma29b,1,1,accepted_exact,1163.0,exact normalized name; parameter <= tolerance; organization compatible
2705,google/gemma-2-9b-it,gemma29bit,0,0,unmatched,,
2706,google/gemma-2b,gemma2b,1,1,accepted_exact,1478.0,exact normalized name; parameter <= tolerance; organization compatible
2707,google/gemma-2b-it,gemma2bit,0,0,unmatched,,
2708,google/gemma-7b,gemma7b,1,1,accepted_exact,1474.0,exact normalized name; parameter <= tolerance; organization compatible
2709,google/gemma-7b-it,gemma7bit,0,0,unmatched,,
2710,google/mt5-base,mt5base,0,0,unmatched,,
2711,google/mt5-small,mt5small,0,0,unmatched,,
2712,google/mt5-xl,mt5xl,0,0,unmatched,,
2713,google/mt5-xxl,mt5xxl,1,0,unmatched,,2566:parameter_or_org_conflict
2714,google/recurrentgemma-2b,recurrentgemma2b,0,0,unmatched,,
2715,google/recurrentgemma-2b-it,recurrentgemma2bit,0,0,unmatched,,
2716,google/recurrentgemma-9b,recurrentgemma9b,0,0,unmatched,,
2717,google/recurrentgemma-9b-it,recurrentgemma9bit,0,0,unmatched,,
2718,google/switch-base-8,switchbase8,0,0,unmatched,,
2719,google/umt5-base,umt5base,0,0,unmatched,,
2720,goulue5/merging_LLM,mergingllm,0,0,unmatched,,
2721,gpt2,gpt2,0,0,unmatched,,
2722,gradientai/Llama-3-8B-Instruct-Gradient-1048k,llama38binstructgradient1048k,0,0,unmatched,,
2723,grimjim/DeepSauerHuatuoSkywork-R1-o1-Llama-3.1-8B,deepsauerhuatuoskyworkr1o1llama318b,0,0,unmatched,,
2724,grimjim/Gigantes-v1-gemma2-9b-it,gigantesv1gemma29bit,0,0,unmatched,,
2725,grimjim/Gigantes-v2-gemma2-9b-it,gigantesv2gemma29bit,0,0,unmatched,,
2726,grimjim/Gigantes-v3-gemma2-9b-it,gigantesv3gemma29bit,0,0,unmatched,,
2727,grimjim/HuatuoSkywork-o1-Llama-3.1-8B,huatuoskyworko1llama318b,0,0,unmatched,,
2728,grimjim/Llama-3-Instruct-8B-SPPO-Iter3-SimPO-merge,llama3instruct8bsppoiter3simpomerge,0,0,unmatched,,
2729,grimjim/Llama-3-Instruct-8B-SimPO-SPPO-Iter3-merge,llama3instruct8bsimposppoiter3merge,0,0,unmatched,,
2730,grimjim/Llama-3.1-8B-Instruct-abliterated_via_adapter,llama318binstructabliteratedviaadapter,0,0,unmatched,,
2731,grimjim/Llama-3.1-Bonsaikraft-8B-Instruct,llama31bonsaikraft8binstruct,0,0,unmatched,,
2732,grimjim/Llama-Nephilim-Metamorphosis-v2-8B,llamanephilimmetamorphosisv28b,0,0,unmatched,,
2733,grimjim/Llama3.1-SuperNovaLite-HuatuoSkywork-o1-8B,llama31supernovalitehuatuoskyworko18b,0,0,unmatched,,
2734,grimjim/Magnolia-v1-Gemma2-8k-9B,magnoliav1gemma28k9b,0,0,unmatched,,
2735,grimjim/Magnolia-v2-12B,magnoliav212b,0,0,unmatched,,
2736,grimjim/Magnolia-v2-Gemma2-8k-9B,magnoliav2gemma28k9b,0,0,unmatched,,
2737,grimjim/Magnolia-v3-12B,magnoliav312b,0,0,unmatched,,
2738,grimjim/Magnolia-v3-Gemma2-8k-9B,magnoliav3gemma28k9b,0,0,unmatched,,
2739,grimjim/Magnolia-v4-12B,magnoliav412b,0,0,unmatched,,
2740,grimjim/Magnolia-v5a-12B,magnoliav5a12b,0,0,unmatched,,
2741,grimjim/Magot-v1-Gemma2-8k-9B,magotv1gemma28k9b,0,0,unmatched,,
2742,grimjim/Magot-v2-Gemma2-8k-9B,magotv2gemma28k9b,0,0,unmatched,,
2743,grimjim/SauerHuatuoSkywork-o1-Llama-3.1-8B,sauerhuatuoskyworko1llama318b,0,0,unmatched,,
2744,grimjim/llama-3-Nephilim-v1-8B,llama3nephilimv18b,0,0,unmatched,,
2745,grimjim/llama-3-Nephilim-v2-8B,llama3nephilimv28b,0,0,unmatched,,
2746,grimjim/llama-3-Nephilim-v2.1-8B,llama3nephilimv218b,0,0,unmatched,,
2747,grimjim/llama-3-Nephilim-v3-8B,llama3nephilimv38b,0,0,unmatched,,
2748,gupta-tanish/llama-7b-dpo-baseline,llama7bdpobaseline,0,0,unmatched,,
2749,gz987/qwen2.5-7b-cabs-v0.1,qwen257bcabsv01,0,0,unmatched,,
2750,gz987/qwen2.5-7b-cabs-v0.2,qwen257bcabsv02,0,0,unmatched,,
2751,gz987/qwen2.5-7b-cabs-v0.3,qwen257bcabsv03,0,0,unmatched,,
2752,gz987/qwen2.5-7b-cabs-v0.4,qwen257bcabsv04,0,0,unmatched,,
2753,h2oai/h2o-danube-1.8b-chat,h2odanube18bchat,0,0,unmatched,,
2754,h2oai/h2o-danube3-4b-base,h2odanube34bbase,0,0,unmatched,,
2755,h2oai/h2o-danube3-4b-chat,h2odanube34bchat,0,0,unmatched,,
2756,h2oai/h2o-danube3-500m-chat,h2odanube3500mchat,0,0,unmatched,,
2757,h2oai/h2o-danube3.1-4b-chat,h2odanube314bchat,0,0,unmatched,,
2758,haoranxu/ALMA-13B-R,alma13br,0,0,unmatched,,
2759,haoranxu/Llama-3-Instruct-8B-CPO-SimPO,llama3instruct8bcposimpo,0,0,unmatched,,
2760,haoranxu/Llama-3-Instruct-8B-SimPO,llama3instruct8bsimpo,0,0,unmatched,,
2761,hatemmahmoud/qwen2.5-1.5b-sft-raft-grpo-hra-doc,qwen2515bsftraftgrpohradoc,0,0,unmatched,,
2762,hon9kon9ize/CantoneseLLMChat-v0.5,cantonesellmchatv05,0,0,unmatched,,
2763,hon9kon9ize/CantoneseLLMChat-v1.0-7B,cantonesellmchatv107b,0,0,unmatched,,
2764,hongbai12/li-0.4-pre,li04pre,0,0,unmatched,,
2765,hotmailuser/Deepseek-qwen-modelstock-2B,deepseekqwenmodelstock2b,0,0,unmatched,,
2766,hotmailuser/Falcon3Slerp1-10B,falcon3slerp110b,0,0,unmatched,,
2767,hotmailuser/Falcon3Slerp2-10B,falcon3slerp210b,0,0,unmatched,,
2768,hotmailuser/Falcon3Slerp4-10B,falcon3slerp410b,0,0,unmatched,,
2769,hotmailuser/FalconSlerp-3B,falconslerp3b,0,0,unmatched,,
2770,hotmailuser/FalconSlerp1-7B,falconslerp17b,0,0,unmatched,,
2771,hotmailuser/FalconSlerp2-7B,falconslerp27b,0,0,unmatched,,
2772,hotmailuser/FalconSlerp3-10B,falconslerp310b,0,0,unmatched,,
2773,hotmailuser/FalconSlerp3-7B,falconslerp37b,0,0,unmatched,,
2774,hotmailuser/FalconSlerp4-7B,falconslerp47b,0,0,unmatched,,
2775,hotmailuser/FalconSlerp6-7B,falconslerp67b,0,0,unmatched,,
2776,hotmailuser/Gemma2Crono-27B,gemma2crono27b,0,0,unmatched,,
2777,hotmailuser/Gemma2SimPO-27B,gemma2simpo27b,0,0,unmatched,,
2778,hotmailuser/Gemma2atlas-27B,gemma2atlas27b,0,0,unmatched,,
2779,hotmailuser/Gemma2magnum-27b,gemma2magnum27b,0,0,unmatched,,
2780,hotmailuser/Llama-Hermes-slerp-8B,llamahermesslerp8b,0,0,unmatched,,
2781,hotmailuser/Llama-Hermes-slerp2-8B,llamahermesslerp28b,0,0,unmatched,,
2782,hotmailuser/LlamaStock-8B,llamastock8b,0,0,unmatched,,
2783,hotmailuser/Mistral-modelstock-24B,mistralmodelstock24b,0,0,unmatched,,
2784,hotmailuser/Mistral-modelstock2-24B,mistralmodelstock224b,0,0,unmatched,,
2785,hotmailuser/Phi4-Slerp4-14B,phi4slerp414b,0,0,unmatched,,
2786,hotmailuser/Qwen2.5-HomerSlerp-7B,qwen25homerslerp7b,0,0,unmatched,,
2787,hotmailuser/QwenModelStock-1.8B,qwenmodelstock18b,0,0,unmatched,,
2788,hotmailuser/QwenSlerp-14B,qwenslerp14b,0,0,unmatched,,
2789,hotmailuser/QwenSlerp-3B,qwenslerp3b,0,0,unmatched,,
2790,hotmailuser/QwenSlerp-7B,qwenslerp7b,0,0,unmatched,,
2791,hotmailuser/QwenSlerp2-14B,qwenslerp214b,0,0,unmatched,,
2792,hotmailuser/QwenSlerp2-3B,qwenslerp23b,0,0,unmatched,,
2793,hotmailuser/QwenSlerp3-14B,qwenslerp314b,0,0,unmatched,,
2794,hotmailuser/QwenSparse-7B,qwensparse7b,0,0,unmatched,,
2795,hotmailuser/QwenStock-0.5B,qwenstock05b,0,0,unmatched,,
2796,hotmailuser/QwenStock-1.7B,qwenstock17b,0,0,unmatched,,
2797,hotmailuser/QwenStock1-14B,qwenstock114b,0,0,unmatched,,
2798,hotmailuser/RombosBeagle-v2beta-MGS-32B,rombosbeaglev2betamgs32b,0,0,unmatched,,
2799,huggyllama/llama-13b,llama13b,1,0,unmatched,,2040:parameter_or_org_conflict
2800,huggyllama/llama-65b,llama65b,1,0,unmatched,,2043:parameter_or_org_conflict
2801,huggyllama/llama-7b,llama7b,1,0,unmatched,,2044:parameter_or_org_conflict
2802,huihui-ai/DeepSeek-R1-Distill-Qwen-14B-abliterated-v2,deepseekr1distillqwen14babliteratedv2,0,0,unmatched,,
2803,huihui-ai/QwQ-32B-Coder-Fusion-7030,qwq32bcoderfusion7030,0,0,unmatched,,
2804,huihui-ai/QwQ-32B-Coder-Fusion-8020,qwq32bcoderfusion8020,0,0,unmatched,,
2805,huihui-ai/QwQ-32B-Coder-Fusion-9010,qwq32bcoderfusion9010,0,0,unmatched,,
2806,huihui-ai/Qwen2.5-14B-Instruct-abliterated-v2,qwen2514binstructabliteratedv2,0,0,unmatched,,
2807,huihui-ai/Qwen2.5-72B-Instruct-abliterated,qwen2572binstructabliterated,0,0,unmatched,,
2808,huihui-ai/Qwen2.5-7B-Instruct-abliterated,qwen257binstructabliterated,0,0,unmatched,,
2809,huihui-ai/Qwen2.5-7B-Instruct-abliterated-v2,qwen257binstructabliteratedv2,0,0,unmatched,,
2810,huu-ontocord/wide_3b_orpo_stage1.1-ss1-orpo3,wide3borpostage11ss1orpo3,0,0,unmatched,,
2811,iFaz/llama31_8B_en_emo_v4,llama318benemov4,0,0,unmatched,,
2812,iFaz/llama32_1B_en_emo_v1,llama321benemov1,0,0,unmatched,,
2813,iFaz/llama32_3B_en_emo_1000_stp,llama323benemo1000stp,0,0,unmatched,,
2814,iFaz/llama32_3B_en_emo_2000_stp,llama323benemo2000stp,0,0,unmatched,,
2815,iFaz/llama32_3B_en_emo_300_stp,llama323benemo300stp,0,0,unmatched,,
2816,iFaz/llama32_3B_en_emo_5000_stp,llama323benemo5000stp,0,0,unmatched,,
2817,iFaz/llama32_3B_en_emo_v2,llama323benemov2,0,0,unmatched,,
2818,iFaz/llama32_3B_en_emo_v3,llama323benemov3,0,0,unmatched,,
2819,iRyanBell/ARC1,arc1,0,0,unmatched,,
2820,iRyanBell/ARC1-II,arc1ii,0,0,unmatched,,
2821,ibivibiv/colossus_120b,colossus120b,0,0,unmatched,,
2822,ibivibiv/multimaster-7b-v6,multimaster7bv6,0,0,unmatched,,
2823,ibm/PowerLM-3b,powerlm3b,0,0,unmatched,,
2824,ibm/merlinite-7b,merlinite7b,0,0,unmatched,,
2825,ibm-granite/granite-3.0-1b-a400m-base,granite301ba400mbase,0,0,unmatched,,
2826,ibm-granite/granite-3.0-1b-a400m-instruct,granite301ba400minstruct,0,0,unmatched,,
2827,ibm-granite/granite-3.0-2b-base,granite302bbase,0,0,unmatched,,
2828,ibm-granite/granite-3.0-2b-instruct,granite302binstruct,0,0,unmatched,,
2829,ibm-granite/granite-3.0-3b-a800m-base,granite303ba800mbase,0,0,unmatched,,
2830,ibm-granite/granite-3.0-3b-a800m-instruct,granite303ba800minstruct,0,0,unmatched,,
2831,ibm-granite/granite-3.0-8b-base,granite308bbase,0,0,unmatched,,
2832,ibm-granite/granite-3.0-8b-instruct,granite308binstruct,0,0,unmatched,,
2833,ibm-granite/granite-3.1-1b-a400m-base,granite311ba400mbase,0,0,unmatched,,
2834,ibm-granite/granite-3.1-1b-a400m-instruct,granite311ba400minstruct,0,0,unmatched,,
2835,ibm-granite/granite-3.1-2b-base,granite312bbase,0,0,unmatched,,
2836,ibm-granite/granite-3.1-2b-instruct,granite312binstruct,0,0,unmatched,,
2837,ibm-granite/granite-3.1-3b-a800m-base,granite313ba800mbase,0,0,unmatched,,
2838,ibm-granite/granite-3.1-3b-a800m-instruct,granite313ba800minstruct,0,0,unmatched,,
2839,ibm-granite/granite-3.1-8b-base,granite318bbase,0,0,unmatched,,
2840,ibm-granite/granite-3.1-8b-instruct,granite318binstruct,0,0,unmatched,,
2841,ibm-granite/granite-3.2-2b-instruct,granite322binstruct,0,0,unmatched,,
2842,ibm-granite/granite-3.2-8b-instruct,granite328binstruct,0,0,unmatched,,
2843,ibm-granite/granite-7b-base,granite7bbase,0,0,unmatched,,
2844,ibm-granite/granite-7b-instruct,granite7binstruct,0,0,unmatched,,
2845,icefog72/Ice0.15-02.10-RP,ice0150210rp,0,0,unmatched,,
2846,icefog72/Ice0.16-02.10-RP,ice0160210rp,0,0,unmatched,,
2847,icefog72/Ice0.17-03.10-RP,ice0170310rp,0,0,unmatched,,
2848,icefog72/Ice0.27-06.11-RP,ice0270611rp,0,0,unmatched,,
2849,icefog72/Ice0.29-06.11-RP,ice0290611rp,0,0,unmatched,,
2850,icefog72/Ice0.31-08.11-RP,ice0310811rp,0,0,unmatched,,
2851,icefog72/Ice0.32-10.11-RP,ice0321011rp,0,0,unmatched,,
2852,icefog72/Ice0.34b-14.11-RP,ice034b1411rp,0,0,unmatched,,
2853,icefog72/Ice0.34n-14.11-RP,ice034n1411rp,0,0,unmatched,,
2854,icefog72/Ice0.37-18.11-RP,ice0371811rp,0,0,unmatched,,
2855,icefog72/Ice0.38-19.11-RP,ice0381911rp,0,0,unmatched,,
2856,icefog72/Ice0.39-19.11-RP,ice0391911rp,0,0,unmatched,,
2857,icefog72/Ice0.40-20.11-RP,ice0402011rp,0,0,unmatched,,
2858,icefog72/Ice0.41-22.11-RP,ice0412211rp,0,0,unmatched,,
2859,icefog72/Ice0.50-16.01-RP,ice0501601rp,0,0,unmatched,,
2860,icefog72/Ice0.50.1-16.01-RP,ice05011601rp,0,0,unmatched,,
2861,icefog72/Ice0.51-16.01-RP,ice0511601rp,0,0,unmatched,,
2862,icefog72/Ice0.51.1-16.01-RP,ice05111601rp,0,0,unmatched,,
2863,icefog72/Ice0.52-16.01-RP,ice0521601rp,0,0,unmatched,,
2864,icefog72/Ice0.52.1-16.01-RP,ice05211601rp,0,0,unmatched,,
2865,icefog72/Ice0.53-16.01-RP,ice0531601rp,0,0,unmatched,,
2866,icefog72/Ice0.54-17.01-RP,ice0541701rp,0,0,unmatched,,
2867,icefog72/Ice0.55-17.01-RP,ice0551701rp,0,0,unmatched,,
2868,icefog72/Ice0.57-17.01-RP,ice0571701rp,0,0,unmatched,,
2869,icefog72/Ice0.60-18.01-RP,ice0601801rp,0,0,unmatched,,
2870,icefog72/Ice0.60.1-18.01-RP,ice06011801rp,0,0,unmatched,,
2871,icefog72/Ice0.61-18.01-RP,ice0611801rp,0,0,unmatched,,
2872,icefog72/Ice0.62-18.01-RP,ice0621801rp,0,0,unmatched,,
2873,icefog72/Ice0.62.1-24.01-RP,ice06212401rp,0,0,unmatched,,
2874,icefog72/Ice0.64-24.01-RP,ice0642401rp,0,0,unmatched,,
2875,icefog72/Ice0.64.1-24.01-RP,ice06412401rp,0,0,unmatched,,
2876,icefog72/Ice0.65-25.01-RP,ice0652501rp,0,0,unmatched,,
2877,icefog72/Ice0.66-25.01-RP,ice0662501rp,0,0,unmatched,,
2878,icefog72/Ice0.67-25.01-RP,ice0672501rp,0,0,unmatched,,
2879,icefog72/Ice0.68-25.01-RP,ice0682501rp,0,0,unmatched,,
2880,icefog72/Ice0.69-25.01-RP,ice0692501rp,0,0,unmatched,,
2881,icefog72/Ice0.7-29.09-RP,ice072909rp,0,0,unmatched,,
2882,icefog72/Ice0.70-25.01-RP,ice0702501rp,0,0,unmatched,,
2883,icefog72/Ice0.70.1-01.02-RP,ice07010102rp,0,0,unmatched,,
2884,icefog72/Ice0.73-01.02-RP,ice0730102rp,0,0,unmatched,,
2885,icefog72/Ice0.74-02.02-RP,ice0740202rp,0,0,unmatched,,
2886,icefog72/Ice0.76-02.02-RP,ice0760202rp,0,0,unmatched,,
2887,icefog72/Ice0.77-02.02-RP,ice0770202rp,0,0,unmatched,,
2888,icefog72/Ice0.78-02.02-RP,ice0780202rp,0,0,unmatched,,
2889,icefog72/Ice0.80-03.02-RP,ice0800302rp,0,0,unmatched,,
2890,icefog72/IceCocoaRP-7b,icecocoarp7b,0,0,unmatched,,
2891,icefog72/IceCoffeeRP-7b,icecoffeerp7b,0,0,unmatched,,
2892,icefog72/IceDrinkByFrankensteinV3RP,icedrinkbyfrankensteinv3rp,0,0,unmatched,,
2893,icefog72/IceDrinkNameGoesHereRP-7b-Model_Stock,icedrinknamegoeshererp7bmodelstock,0,0,unmatched,,
2894,icefog72/IceDrinkNameNotFoundRP-7b-Model_Stock,icedrinknamenotfoundrp7bmodelstock,0,0,unmatched,,
2895,icefog72/IceDrunkCherryRP-7b,icedrunkcherryrp7b,0,0,unmatched,,
2896,icefog72/IceDrunkenCherryRP-7b,icedrunkencherryrp7b,0,0,unmatched,,
2897,icefog72/IceEspressoRPv2-7b,iceespressorpv27b,0,0,unmatched,,
2898,icefog72/IceLemonTeaRP-32k-7b,icelemontearp32k7b,0,0,unmatched,,
2899,icefog72/IceMartiniRP-7b,icemartinirp7b,0,0,unmatched,,
2900,icefog72/IceNalyvkaRP-7b,icenalyvkarp7b,0,0,unmatched,,
2901,icefog72/IceSakeRP-7b,icesakerp7b,0,0,unmatched,,
2902,icefog72/IceSakeV4RP-7b,icesakev4rp7b,0,0,unmatched,,
2903,icefog72/IceSakeV6RP-7b,icesakev6rp7b,0,0,unmatched,,
2904,icefog72/IceSakeV8RP-7b,icesakev8rp7b,0,0,unmatched,,
2905,icefog72/IceTea21EnergyDrinkRPV13-DPOv3,icetea21energydrinkrpv13dpov3,0,0,unmatched,,
2906,icefog72/IceTea21EnergyDrinkRPV13-DPOv3.5,icetea21energydrinkrpv13dpov35,0,0,unmatched,,
2907,ifable/gemma-2-Ifable-9B,gemma2ifable9b,0,0,unmatched,,
2908,ilsp/Llama-Krikri-8B-Instruct,llamakrikri8binstruct,0,0,unmatched,,
2909,inflatebot/MN-12B-Mag-Mell-R1,mn12bmagmellr1,0,0,unmatched,,
2910,informatiker/Qwen2-7B-Instruct-abliterated,qwen27binstructabliterated,0,0,unmatched,,
2911,insightfactory/Llama-3.2-3B-Instruct-unsloth-bnb-4bitlora_model,llama323binstructunslothbnb4bitloramodel,0,0,unmatched,,
2912,instruction-pretrain/InstructLM-500M,instructlm500m,0,0,unmatched,,
2913,internlm/internlm2-1_8b,internlm218b,0,0,unmatched,,
2914,internlm/internlm2-7b,internlm27b,0,0,unmatched,,
2915,internlm/internlm2-chat-1_8b,internlm2chat18b,0,0,unmatched,,
2916,internlm/internlm2_5-1_8b-chat,internlm2518bchat,0,0,unmatched,,
2917,internlm/internlm2_5-20b-chat,internlm2520bchat,0,0,unmatched,,
2918,internlm/internlm2_5-7b-chat,internlm257bchat,0,0,unmatched,,
2919,intervitens/mini-magnum-12b-v1.1,minimagnum12bv11,0,0,unmatched,,
2920,inumulaisk/eval_model,evalmodel,0,0,unmatched,,
2921,invalid-coder/Sakura-SOLAR-Instruct-CarbonVillain-en-10.7B-v2-slerp,sakurasolarinstructcarbonvillainen107bv2slerp,0,0,unmatched,,
2922,invisietch/EtherealRainbow-v0.2-8B,etherealrainbowv028b,0,0,unmatched,,
2923,invisietch/EtherealRainbow-v0.3-8B,etherealrainbowv038b,0,0,unmatched,,
2924,invisietch/MiS-Firefly-v0.2-22B,misfireflyv0222b,0,0,unmatched,,
2925,invisietch/Nimbus-Miqu-v0.1-70B,nimbusmiquv0170b,0,0,unmatched,,
2926,irahulpandey/mistralai-7B-slerp-v0.1,mistralai7bslerpv01,0,0,unmatched,,
2927,jaredjoss/pythia-410m-roberta-lr_8e7-kl_01-steps_12000-rlhf-model,pythia410mrobertalr8e7kl01steps12000rlhfmodel,0,0,unmatched,,
2928,jaspionjader/Auro-Kosmos-EVAA-v2-8B,aurokosmosevaav28b,0,0,unmatched,,
2929,jaspionjader/Auro-Kosmos-EVAA-v2.1-8B,aurokosmosevaav218b,0,0,unmatched,,
2930,jaspionjader/Auro-Kosmos-EVAA-v2.2-8B,aurokosmosevaav228b,0,0,unmatched,,
2931,jaspionjader/Auro-Kosmos-EVAA-v2.3-8B,aurokosmosevaav238b,0,0,unmatched,,
2932,jaspionjader/Kosmos-Aurora_faustus-8B,kosmosaurorafaustus8b,0,0,unmatched,,
2933,jaspionjader/Kosmos-EVAA-8B,kosmosevaa8b,0,0,unmatched,,
2934,jaspionjader/Kosmos-EVAA-Franken-Immersive-v39-8B,kosmosevaafrankenimmersivev398b,0,0,unmatched,,
2935,jaspionjader/Kosmos-EVAA-Franken-v38-8B,kosmosevaafrankenv388b,0,0,unmatched,,
2936,jaspionjader/Kosmos-EVAA-Fusion-8B,kosmosevaafusion8b,0,0,unmatched,,
2937,jaspionjader/Kosmos-EVAA-PRP-8B,kosmosevaaprp8b,0,0,unmatched,,
2938,jaspionjader/Kosmos-EVAA-PRP-light-8B,kosmosevaaprplight8b,0,0,unmatched,,
2939,jaspionjader/Kosmos-EVAA-PRP-v23-8B,kosmosevaaprpv238b,0,0,unmatched,,
2940,jaspionjader/Kosmos-EVAA-PRP-v24-8B,kosmosevaaprpv248b,0,0,unmatched,,
2941,jaspionjader/Kosmos-EVAA-PRP-v25-8B,kosmosevaaprpv258b,0,0,unmatched,,
2942,jaspionjader/Kosmos-EVAA-PRP-v26-8B,kosmosevaaprpv268b,0,0,unmatched,,
2943,jaspionjader/Kosmos-EVAA-PRP-v27-8B,kosmosevaaprpv278b,0,0,unmatched,,
2944,jaspionjader/Kosmos-EVAA-PRP-v28-8B,kosmosevaaprpv288b,0,0,unmatched,,
2945,jaspionjader/Kosmos-EVAA-PRP-v29-8B,kosmosevaaprpv298b,0,0,unmatched,,
2946,jaspionjader/Kosmos-EVAA-PRP-v30-8B,kosmosevaaprpv308b,0,0,unmatched,,
2947,jaspionjader/Kosmos-EVAA-PRP-v31-8B,kosmosevaaprpv318b,0,0,unmatched,,
2948,jaspionjader/Kosmos-EVAA-PRP-v32-8B,kosmosevaaprpv328b,0,0,unmatched,,
2949,jaspionjader/Kosmos-EVAA-PRP-v33-8B,kosmosevaaprpv338b,0,0,unmatched,,
2950,jaspionjader/Kosmos-EVAA-PRP-v34-8B,kosmosevaaprpv348b,0,0,unmatched,,
2951,jaspionjader/Kosmos-EVAA-TSN-8B,kosmosevaatsn8b,0,0,unmatched,,
2952,jaspionjader/Kosmos-EVAA-TSN-light-8B,kosmosevaatsnlight8b,0,0,unmatched,,
2953,jaspionjader/Kosmos-EVAA-TSN-v19-8B,kosmosevaatsnv198b,0,0,unmatched,,
2954,jaspionjader/Kosmos-EVAA-TSN-v20-8B,kosmosevaatsnv208b,0,0,unmatched,,
2955,jaspionjader/Kosmos-EVAA-TSN-v21-8B,kosmosevaatsnv218b,0,0,unmatched,,
2956,jaspionjader/Kosmos-EVAA-TSN-v22-8B,kosmosevaatsnv228b,0,0,unmatched,,
2957,jaspionjader/Kosmos-EVAA-gamma-8B,kosmosevaagamma8b,0,0,unmatched,,
2958,jaspionjader/Kosmos-EVAA-gamma-alt-8B,kosmosevaagammaalt8b,0,0,unmatched,,
2959,jaspionjader/Kosmos-EVAA-gamma-light-8B,kosmosevaagammalight8b,0,0,unmatched,,
2960,jaspionjader/Kosmos-EVAA-gamma-light-alt-8B,kosmosevaagammalightalt8b,0,0,unmatched,,
2961,jaspionjader/Kosmos-EVAA-gamma-ultra-light-8B,kosmosevaagammaultralight8b,0,0,unmatched,,
2962,jaspionjader/Kosmos-EVAA-gamma-v13-8B,kosmosevaagammav138b,0,0,unmatched,,
2963,jaspionjader/Kosmos-EVAA-gamma-v14-8B,kosmosevaagammav148b,0,0,unmatched,,
2964,jaspionjader/Kosmos-EVAA-gamma-v15-8B,kosmosevaagammav158b,0,0,unmatched,,
2965,jaspionjader/Kosmos-EVAA-gamma-v16-8B,kosmosevaagammav168b,0,0,unmatched,,
2966,jaspionjader/Kosmos-EVAA-gamma-v17-8B,kosmosevaagammav178b,0,0,unmatched,,
2967,jaspionjader/Kosmos-EVAA-gamma-v18-8B,kosmosevaagammav188b,0,0,unmatched,,
2968,jaspionjader/Kosmos-EVAA-immersive-sof-v44-8B,kosmosevaaimmersivesofv448b,0,0,unmatched,,
2969,jaspionjader/Kosmos-EVAA-v10-8B,kosmosevaav108b,0,0,unmatched,,
2970,jaspionjader/Kosmos-EVAA-v11-8B,kosmosevaav118b,0,0,unmatched,,
2971,jaspionjader/Kosmos-EVAA-v12-8B,kosmosevaav128b,0,0,unmatched,,
2972,jaspionjader/Kosmos-EVAA-v2-8B,kosmosevaav28b,0,0,unmatched,,
2973,jaspionjader/Kosmos-EVAA-v3-8B,kosmosevaav38b,0,0,unmatched,,
2974,jaspionjader/Kosmos-EVAA-v4-8B,kosmosevaav48b,0,0,unmatched,,
2975,jaspionjader/Kosmos-EVAA-v5-8B,kosmosevaav58b,0,0,unmatched,,
2976,jaspionjader/Kosmos-EVAA-v6-8B,kosmosevaav68b,0,0,unmatched,,
2977,jaspionjader/Kosmos-EVAA-v7-8B,kosmosevaav78b,0,0,unmatched,,
2978,jaspionjader/Kosmos-EVAA-v8-8B,kosmosevaav88b,0,0,unmatched,,
2979,jaspionjader/Kosmos-EVAA-v9-8B,kosmosevaav98b,0,0,unmatched,,
2980,jaspionjader/Kosmos-EVAA-v9-TitanFusion-Mix-8B,kosmosevaav9titanfusionmix8b,0,0,unmatched,,
2981,jaspionjader/Kosmos-Elusive-8b,kosmoselusive8b,0,0,unmatched,,
2982,jaspionjader/Kosmos-Elusive-VENN-8B,kosmoselusivevenn8b,0,0,unmatched,,
2983,jaspionjader/Kosmos-Elusive-VENN-Asymmetric-8B,kosmoselusivevennasymmetric8b,0,0,unmatched,,
2984,jaspionjader/Kosmos-Elusive-VENN-Aurora_faustus-8B,kosmoselusivevennaurorafaustus8b,0,0,unmatched,,
2985,jaspionjader/Kosmos-VENN-8B,kosmosvenn8b,0,0,unmatched,,
2986,jaspionjader/PRP-Kosmos-EVAA-8B,prpkosmosevaa8b,0,0,unmatched,,
2987,jaspionjader/PRP-Kosmos-EVAA-light-8B,prpkosmosevaalight8b,0,0,unmatched,,
2988,jaspionjader/TSN-Kosmos-EVAA-8B,tsnkosmosevaa8b,0,0,unmatched,,
2989,jaspionjader/TSN-Kosmos-EVAA-v2-8B,tsnkosmosevaav28b,0,0,unmatched,,
2990,jaspionjader/bbb-1,bbb1,0,0,unmatched,,
2991,jaspionjader/bbb-2,bbb2,0,0,unmatched,,
2992,jaspionjader/bbb-3,bbb3,0,0,unmatched,,
2993,jaspionjader/bbb-4,bbb4,0,0,unmatched,,
2994,jaspionjader/bbb-5,bbb5,0,0,unmatched,,
2995,jaspionjader/bbb-6,bbb6,0,0,unmatched,,
2996,jaspionjader/bbb-7,bbb7,0,0,unmatched,,
2997,jaspionjader/bh-1,bh1,0,0,unmatched,,
2998,jaspionjader/bh-10,bh10,0,0,unmatched,,
2999,jaspionjader/bh-11,bh11,0,0,unmatched,,
3000,jaspionjader/bh-12,bh12,0,0,unmatched,,
3001,jaspionjader/bh-13,bh13,0,0,unmatched,,
3002,jaspionjader/bh-15,bh15,0,0,unmatched,,
3003,jaspionjader/bh-16,bh16,0,0,unmatched,,
3004,jaspionjader/bh-17,bh17,0,0,unmatched,,
3005,jaspionjader/bh-18,bh18,0,0,unmatched,,
3006,jaspionjader/bh-19,bh19,0,0,unmatched,,
3007,jaspionjader/bh-2,bh2,0,0,unmatched,,
3008,jaspionjader/bh-20,bh20,0,0,unmatched,,
3009,jaspionjader/bh-21,bh21,0,0,unmatched,,
3010,jaspionjader/bh-22,bh22,0,0,unmatched,,
3011,jaspionjader/bh-23,bh23,0,0,unmatched,,
3012,jaspionjader/bh-24,bh24,0,0,unmatched,,
3013,jaspionjader/bh-25,bh25,0,0,unmatched,,
3014,jaspionjader/bh-26,bh26,0,0,unmatched,,
3015,jaspionjader/bh-27,bh27,0,0,unmatched,,
3016,jaspionjader/bh-28,bh28,0,0,unmatched,,
3017,jaspionjader/bh-29,bh29,0,0,unmatched,,
3018,jaspionjader/bh-3,bh3,0,0,unmatched,,
3019,jaspionjader/bh-30,bh30,0,0,unmatched,,
3020,jaspionjader/bh-31,bh31,0,0,unmatched,,
3021,jaspionjader/bh-32,bh32,0,0,unmatched,,
3022,jaspionjader/bh-33,bh33,0,0,unmatched,,
3023,jaspionjader/bh-34,bh34,0,0,unmatched,,
3024,jaspionjader/bh-35,bh35,0,0,unmatched,,
3025,jaspionjader/bh-36,bh36,0,0,unmatched,,
3026,jaspionjader/bh-37,bh37,0,0,unmatched,,
3027,jaspionjader/bh-38,bh38,0,0,unmatched,,
3028,jaspionjader/bh-39,bh39,0,0,unmatched,,
3029,jaspionjader/bh-4,bh4,0,0,unmatched,,
3030,jaspionjader/bh-40,bh40,0,0,unmatched,,
3031,jaspionjader/bh-41,bh41,0,0,unmatched,,
3032,jaspionjader/bh-42,bh42,0,0,unmatched,,
3033,jaspionjader/bh-43,bh43,0,0,unmatched,,
3034,jaspionjader/bh-44,bh44,0,0,unmatched,,
3035,jaspionjader/bh-46,bh46,0,0,unmatched,,
3036,jaspionjader/bh-47,bh47,0,0,unmatched,,
3037,jaspionjader/bh-48,bh48,0,0,unmatched,,
3038,jaspionjader/bh-49,bh49,0,0,unmatched,,
3039,jaspionjader/bh-5,bh5,0,0,unmatched,,
3040,jaspionjader/bh-50,bh50,0,0,unmatched,,
3041,jaspionjader/bh-51,bh51,0,0,unmatched,,
3042,jaspionjader/bh-52,bh52,0,0,unmatched,,
3043,jaspionjader/bh-53,bh53,0,0,unmatched,,
3044,jaspionjader/bh-54,bh54,0,0,unmatched,,
3045,jaspionjader/bh-55,bh55,0,0,unmatched,,
3046,jaspionjader/bh-56,bh56,0,0,unmatched,,
3047,jaspionjader/bh-57,bh57,0,0,unmatched,,
3048,jaspionjader/bh-58,bh58,0,0,unmatched,,
3049,jaspionjader/bh-59,bh59,0,0,unmatched,,
3050,jaspionjader/bh-6,bh6,0,0,unmatched,,
3051,jaspionjader/bh-60,bh60,0,0,unmatched,,
3052,jaspionjader/bh-61,bh61,0,0,unmatched,,
3053,jaspionjader/bh-62,bh62,0,0,unmatched,,
3054,jaspionjader/bh-63,bh63,0,0,unmatched,,
3055,jaspionjader/bh-64,bh64,0,0,unmatched,,
3056,jaspionjader/bh-7,bh7,0,0,unmatched,,
3057,jaspionjader/bh-8,bh8,0,0,unmatched,,
3058,jaspionjader/bh-9,bh9,0,0,unmatched,,
3059,jaspionjader/dp-6-8b,dp68b,0,0,unmatched,,
3060,jaspionjader/dp-7-8b,dp78b,0,0,unmatched,,
3061,jaspionjader/ek-6,ek6,0,0,unmatched,,
3062,jaspionjader/ek-7,ek7,0,0,unmatched,,
3063,jaspionjader/f-1-8b,f18b,0,0,unmatched,,
3064,jaspionjader/f-2-8b,f28b,0,0,unmatched,,
3065,jaspionjader/f-3-8b,f38b,0,0,unmatched,,
3066,jaspionjader/f-4-8b,f48b,0,0,unmatched,,
3067,jaspionjader/f-5-8b,f58b,0,0,unmatched,,
3068,jaspionjader/f-6-8b,f68b,0,0,unmatched,,
3069,jaspionjader/f-7-8b,f78b,0,0,unmatched,,
3070,jaspionjader/f-8-8b,f88b,0,0,unmatched,,
3071,jaspionjader/f-9-8b,f98b,0,0,unmatched,,
3072,jaspionjader/fct-14-8b,fct148b,0,0,unmatched,,
3073,jaspionjader/fct-9-8b,fct98b,0,0,unmatched,,
3074,jaspionjader/fr-1-8b,fr18b,0,0,unmatched,,
3075,jaspionjader/fr-10-8b,fr108b,0,0,unmatched,,
3076,jaspionjader/fr-3-8b,fr38b,0,0,unmatched,,
3077,jaspionjader/gamma-Kosmos-EVAA-8B,gammakosmosevaa8b,0,0,unmatched,,
3078,jaspionjader/gamma-Kosmos-EVAA-v2-8B,gammakosmosevaav28b,0,0,unmatched,,
3079,jaspionjader/gamma-Kosmos-EVAA-v3-8B,gammakosmosevaav38b,0,0,unmatched,,
3080,jaspionjader/knf-2-8b,knf28b,0,0,unmatched,,
3081,jaspionjader/knfp-2-8b,knfp28b,0,0,unmatched,,
3082,jaspionjader/knfp-3-8b,knfp38b,0,0,unmatched,,
3083,jaspionjader/kstc-1-8b,kstc18b,0,0,unmatched,,
3084,jaspionjader/kstc-11-8b,kstc118b,0,0,unmatched,,
3085,jaspionjader/kstc-4-8b,kstc48b,0,0,unmatched,,
3086,jaspionjader/kstc-5-8b,kstc58b,0,0,unmatched,,
3087,jaspionjader/kstc-6-8b,kstc68b,0,0,unmatched,,
3088,jaspionjader/kstc-8-8b,kstc88b,0,0,unmatched,,
3089,jaspionjader/kstc-9-8b,kstc98b,0,0,unmatched,,
3090,jaspionjader/slu-10,slu10,0,0,unmatched,,
3091,jaspionjader/slu-11,slu11,0,0,unmatched,,
3092,jaspionjader/slu-13,slu13,0,0,unmatched,,
3093,jaspionjader/slu-14,slu14,0,0,unmatched,,
3094,jaspionjader/slu-17,slu17,0,0,unmatched,,
3095,jaspionjader/slu-2,slu2,0,0,unmatched,,
3096,jaspionjader/slu-20,slu20,0,0,unmatched,,
3097,jaspionjader/slu-22,slu22,0,0,unmatched,,
3098,jaspionjader/slu-23,slu23,0,0,unmatched,,
3099,jaspionjader/slu-25,slu25,0,0,unmatched,,
3100,jaspionjader/slu-29,slu29,0,0,unmatched,,
3101,jaspionjader/slu-32,slu32,0,0,unmatched,,
3102,jaspionjader/slu-33,slu33,0,0,unmatched,,
3103,jaspionjader/slu-34,slu34,0,0,unmatched,,
3104,jaspionjader/slu-35,slu35,0,0,unmatched,,
3105,jaspionjader/slu-36,slu36,0,0,unmatched,,
3106,jaspionjader/slu-37,slu37,0,0,unmatched,,
3107,jaspionjader/slu-6,slu6,0,0,unmatched,,
3108,jaspionjader/slu-mix-1,slumix1,0,0,unmatched,,
3109,jaspionjader/sof-1,sof1,0,0,unmatched,,
3110,jaspionjader/sof-10,sof10,0,0,unmatched,,
3111,jaspionjader/sof-3,sof3,0,0,unmatched,,
3112,jaspionjader/sof-6,sof6,0,0,unmatched,,
3113,jaspionjader/test-10,test10,0,0,unmatched,,
3114,jaspionjader/test-11,test11,0,0,unmatched,,
3115,jaspionjader/test-12,test12,0,0,unmatched,,
3116,jaspionjader/test-13,test13,0,0,unmatched,,
3117,jaspionjader/test-14,test14,0,0,unmatched,,
3118,jaspionjader/test-15,test15,0,0,unmatched,,
3119,jaspionjader/test-16,test16,0,0,unmatched,,
3120,jaspionjader/test-17,test17,0,0,unmatched,,
3121,jaspionjader/test-18,test18,0,0,unmatched,,
3122,jaspionjader/test-19,test19,0,0,unmatched,,
3123,jaspionjader/test-20,test20,0,0,unmatched,,
3124,jayasuryajsk/Qwen2.5-3B-reasoner,qwen253breasoner,0,0,unmatched,,
3125,jeanmichela/o-distil-qwen,odistilqwen,0,0,unmatched,,
3126,jebcarter/psyonic-cetacean-20B,psyoniccetacean20b,0,0,unmatched,,
3127,jebish7/Llama-3-Nanda-10B-Chat,llama3nanda10bchat,0,0,unmatched,,
3128,jebish7/Llama-3.1-8B-Instruct,llama318binstruct,0,0,unmatched,,
3129,jebish7/Nemotron-4-Mini-Hindi-4B-Base,nemotron4minihindi4bbase,0,0,unmatched,,
3130,jebish7/Nemotron-4-Mini-Hindi-4B-Instruct,nemotron4minihindi4binstruct,0,0,unmatched,,
3131,jebish7/Nemotron-Mini-4B-Instruct,nemotronmini4binstruct,0,0,unmatched,,
3132,jebish7/aya-expanse-8b,ayaexpanse8b,1,0,unmatched,,777:parameter_or_org_conflict
3133,jebish7/gemma-2-2b-it,gemma22bit,0,0,unmatched,,
3134,jebish7/gemma-2-9b-it,gemma29bit,0,0,unmatched,,
3135,jebish7/qwen2.5-0.5B-IHA-Hin,qwen2505bihahin,0,0,unmatched,,
3136,jeffmeloy/Qwen-7B-nerd-uncensored-v1.0,qwen7bnerduncensoredv10,0,0,unmatched,,
3137,jeffmeloy/Qwen2.5-7B-minperplexity-2,qwen257bminperplexity2,0,0,unmatched,,
3138,jeffmeloy/Qwen2.5-7B-nerd-uncensored-v0.9,qwen257bnerduncensoredv09,0,0,unmatched,,
3139,jeffmeloy/Qwen2.5-7B-nerd-uncensored-v1.0,qwen257bnerduncensoredv10,0,0,unmatched,,
3140,jeffmeloy/Qwen2.5-7B-nerd-uncensored-v1.1,qwen257bnerduncensoredv11,0,0,unmatched,,
3141,jeffmeloy/Qwen2.5-7B-nerd-uncensored-v1.2,qwen257bnerduncensoredv12,0,0,unmatched,,
3142,jeffmeloy/Qwen2.5-7B-nerd-uncensored-v1.3,qwen257bnerduncensoredv13,0,0,unmatched,,
3143,jeffmeloy/Qwen2.5-7B-nerd-uncensored-v1.4,qwen257bnerduncensoredv14,0,0,unmatched,,
3144,jeffmeloy/Qwen2.5-7B-nerd-uncensored-v1.5,qwen257bnerduncensoredv15,0,0,unmatched,,
3145,jeffmeloy/Qwen2.5-7B-nerd-uncensored-v1.7,qwen257bnerduncensoredv17,0,0,unmatched,,
3146,jeffmeloy/Qwen2.5-7B-nerd-uncensored-v1.8,qwen257bnerduncensoredv18,0,0,unmatched,,
3147,jeffmeloy/Qwen2.5-7B-olm-v1.0,qwen257bolmv10,0,0,unmatched,,
3148,jeffmeloy/Qwen2.5-7B-olm-v1.1,qwen257bolmv11,0,0,unmatched,,
3149,jeffmeloy/Qwen2.5-7B-olm-v1.2,qwen257bolmv12,0,0,unmatched,,
3150,jeffmeloy/Qwen2.5-7B-olm-v1.3,qwen257bolmv13,0,0,unmatched,,
3151,jeffmeloy/Qwen2.5-7B-olm-v1.4,qwen257bolmv14,0,0,unmatched,,
3152,jeffmeloy/Qwen2.5-7B-olm-v1.5,qwen257bolmv15,0,0,unmatched,,
3153,jeffmeloy/jeffmeloy_Qwen2.5-7B-minperplexity-1,jeffmeloyqwen257bminperplexity1,0,0,unmatched,,
3154,jeonsworld/CarbonVillain-en-10.7B-v4,carbonvillainen107bv4,0,0,unmatched,,
3155,jiangxinyang-shanda/Homer-LLama3-8B,homerllama38b,0,0,unmatched,,
3156,jieliu/Storm-7B,storm7b,0,0,unmatched,,
3157,jiviai/medX_v2,medxv2,0,0,unmatched,,
3158,jlzhou/Qwen2.5-3B-Infinity-Instruct-0625,qwen253binfinityinstruct0625,0,0,unmatched,,
3159,johnsutor/Llama-3-8B-Instruct_breadcrumbs-density-0.1-gamma-0.01,llama38binstructbreadcrumbsdensity01gamma001,0,0,unmatched,,
3160,johnsutor/Llama-3-8B-Instruct_breadcrumbs-density-0.1-gamma-0.1,llama38binstructbreadcrumbsdensity01gamma01,0,0,unmatched,,
3161,johnsutor/Llama-3-8B-Instruct_breadcrumbs-density-0.3-gamma-0.01,llama38binstructbreadcrumbsdensity03gamma001,0,0,unmatched,,
3162,johnsutor/Llama-3-8B-Instruct_breadcrumbs-density-0.3-gamma-0.1,llama38binstructbreadcrumbsdensity03gamma01,0,0,unmatched,,
3163,johnsutor/Llama-3-8B-Instruct_breadcrumbs-density-0.5-gamma-0.01,llama38binstructbreadcrumbsdensity05gamma001,0,0,unmatched,,
3164,johnsutor/Llama-3-8B-Instruct_breadcrumbs-density-0.5-gamma-0.1,llama38binstructbreadcrumbsdensity05gamma01,0,0,unmatched,,
3165,johnsutor/Llama-3-8B-Instruct_breadcrumbs-density-0.7-gamma-0.01,llama38binstructbreadcrumbsdensity07gamma001,0,0,unmatched,,
3166,johnsutor/Llama-3-8B-Instruct_breadcrumbs-density-0.7-gamma-0.1,llama38binstructbreadcrumbsdensity07gamma01,0,0,unmatched,,
3167,johnsutor/Llama-3-8B-Instruct_breadcrumbs-density-0.9-gamma-0.01,llama38binstructbreadcrumbsdensity09gamma001,0,0,unmatched,,
3168,johnsutor/Llama-3-8B-Instruct_breadcrumbs-density-0.9-gamma-0.1,llama38binstructbreadcrumbsdensity09gamma01,0,0,unmatched,,
3169,johnsutor/Llama-3-8B-Instruct_breadcrumbs_ties-density-0.1-gamma-0.01,llama38binstructbreadcrumbstiesdensity01gamma001,0,0,unmatched,,
3170,johnsutor/Llama-3-8B-Instruct_breadcrumbs_ties-density-0.1-gamma-0.1,llama38binstructbreadcrumbstiesdensity01gamma01,0,0,unmatched,,
3171,johnsutor/Llama-3-8B-Instruct_breadcrumbs_ties-density-0.3-gamma-0.01,llama38binstructbreadcrumbstiesdensity03gamma001,0,0,unmatched,,
3172,johnsutor/Llama-3-8B-Instruct_breadcrumbs_ties-density-0.3-gamma-0.1,llama38binstructbreadcrumbstiesdensity03gamma01,0,0,unmatched,,
3173,johnsutor/Llama-3-8B-Instruct_breadcrumbs_ties-density-0.5-gamma-0.01,llama38binstructbreadcrumbstiesdensity05gamma001,0,0,unmatched,,
3174,johnsutor/Llama-3-8B-Instruct_breadcrumbs_ties-density-0.5-gamma-0.1,llama38binstructbreadcrumbstiesdensity05gamma01,0,0,unmatched,,
3175,johnsutor/Llama-3-8B-Instruct_breadcrumbs_ties-density-0.7-gamma-0.01,llama38binstructbreadcrumbstiesdensity07gamma001,0,0,unmatched,,
3176,johnsutor/Llama-3-8B-Instruct_breadcrumbs_ties-density-0.7-gamma-0.1,llama38binstructbreadcrumbstiesdensity07gamma01,0,0,unmatched,,
3177,johnsutor/Llama-3-8B-Instruct_breadcrumbs_ties-density-0.9-gamma-0.01,llama38binstructbreadcrumbstiesdensity09gamma001,0,0,unmatched,,
3178,johnsutor/Llama-3-8B-Instruct_breadcrumbs_ties-density-0.9-gamma-0.1,llama38binstructbreadcrumbstiesdensity09gamma01,0,0,unmatched,,
3179,johnsutor/Llama-3-8B-Instruct_dare_linear,llama38binstructdarelinear,0,0,unmatched,,
3180,johnsutor/Llama-3-8B-Instruct_dare_ties-density-0.1,llama38binstructdaretiesdensity01,0,0,unmatched,,
3181,johnsutor/Llama-3-8B-Instruct_dare_ties-density-0.3,llama38binstructdaretiesdensity03,0,0,unmatched,,
3182,johnsutor/Llama-3-8B-Instruct_dare_ties-density-0.7,llama38binstructdaretiesdensity07,0,0,unmatched,,
3183,johnsutor/Llama-3-8B-Instruct_dare_ties-density-0.9,llama38binstructdaretiesdensity09,0,0,unmatched,,
3184,johnsutor/Llama-3-8B-Instruct_linear,llama38binstructlinear,0,0,unmatched,,
3185,johnsutor/Llama-3-8B-Instruct_ties-density-0.1,llama38binstructtiesdensity01,0,0,unmatched,,
3186,johnsutor/Llama-3-8B-Instruct_ties-density-0.3,llama38binstructtiesdensity03,0,0,unmatched,,
3187,johnsutor/Llama-3-8B-Instruct_ties-density-0.5,llama38binstructtiesdensity05,0,0,unmatched,,
3188,johnsutor/Llama-3-8B-Instruct_ties-density-0.7,llama38binstructtiesdensity07,0,0,unmatched,,
3189,johnsutor/Llama-3-8B-Instruct_ties-density-0.9,llama38binstructtiesdensity09,0,0,unmatched,,
3190,jpacifico/Chocolatine-14B-Instruct-4k-DPO,chocolatine14binstruct4kdpo,0,0,unmatched,,
3191,jpacifico/Chocolatine-14B-Instruct-DPO-v1.2,chocolatine14binstructdpov12,0,0,unmatched,,
3192,jpacifico/Chocolatine-14B-Instruct-DPO-v1.3,chocolatine14binstructdpov13,0,0,unmatched,,
3193,jpacifico/Chocolatine-2-14B-Instruct-DPO-v2.0b1,chocolatine214binstructdpov20b1,0,0,unmatched,,
3194,jpacifico/Chocolatine-2-14B-Instruct-v2.0,chocolatine214binstructv20,0,0,unmatched,,
3195,jpacifico/Chocolatine-2-14B-Instruct-v2.0.1,chocolatine214binstructv201,0,0,unmatched,,
3196,jpacifico/Chocolatine-2-14B-Instruct-v2.0.3,chocolatine214binstructv203,0,0,unmatched,,
3197,jpacifico/Chocolatine-2-14B-Instruct-v2.0b2,chocolatine214binstructv20b2,0,0,unmatched,,
3198,jpacifico/Chocolatine-2-14B-Instruct-v2.0b3,chocolatine214binstructv20b3,0,0,unmatched,,
3199,jpacifico/Chocolatine-3B-Instruct-DPO-Revised,chocolatine3binstructdporevised,0,0,unmatched,,
3200,jpacifico/Chocolatine-3B-Instruct-DPO-v1.0,chocolatine3binstructdpov10,0,0,unmatched,,
3201,jpacifico/Chocolatine-3B-Instruct-DPO-v1.2,chocolatine3binstructdpov12,0,0,unmatched,,
3202,jpacifico/Distilucie-7B-Math-Instruct-DPO-v0.1,distilucie7bmathinstructdpov01,0,0,unmatched,,
3203,jpacifico/Lucie-7B-Instruct-DPO-v1.1,lucie7binstructdpov11,0,0,unmatched,,
3204,jpacifico/Lucie-7B-Instruct-DPO-v1.1.3,lucie7binstructdpov113,0,0,unmatched,,
3205,jpacifico/Lucie-7B-Instruct-Merged-Model_Stock-v1.0,lucie7binstructmergedmodelstockv10,0,0,unmatched,,
3206,jpacifico/Lucie-7B-Instruct-Merged-Model_Stock-v1.1,lucie7binstructmergedmodelstockv11,0,0,unmatched,,
3207,jpacifico/Lucie-Boosted-7B-Instruct,lucieboosted7binstruct,0,0,unmatched,,
3208,jsfs11/L3-8B-Stheno-slerp,l38bsthenoslerp,0,0,unmatched,,
3209,jsfs11/MixtureofMerges-MoE-4x7b-v4,mixtureofmergesmoe4x7bv4,0,0,unmatched,,
3210,jsfs11/MixtureofMerges-MoE-4x7b-v5,mixtureofmergesmoe4x7bv5,0,0,unmatched,,
3211,kaist-ai/janus-7b,janus7b,0,0,unmatched,,
3212,kaist-ai/janus-dpo-7b,janusdpo7b,0,0,unmatched,,
3213,kaist-ai/janus-rm-7b,janusrm7b,0,0,unmatched,,
3214,kaist-ai/mistral-orpo-capybara-7k,mistralorpocapybara7k,0,0,unmatched,,
3215,kavonalds/BunderMaxx-0710,bundermaxx0710,0,0,unmatched,,
3216,kavonalds/BunderMaxx-1010,bundermaxx1010,0,0,unmatched,,
3217,kavonalds/Lancer-1-1b-Instruct,lancer11binstruct,0,0,unmatched,,
3218,kayfour/T3Q-Qwen2.5-7B-it-KOR-Safe,t3qqwen257bitkorsafe,0,0,unmatched,,
3219,keeeeenw/MicroLlama,microllama,0,0,unmatched,,
3220,kekmodel/StopCarbon-10.7B-v5,stopcarbon107bv5,0,0,unmatched,,
3221,kevin009/llamaRAGdrama,llamaragdrama,0,0,unmatched,,
3222,khoantap/cheap-moe-merge,cheapmoemerge,0,0,unmatched,,
3223,khoantap/llama-3-8b-stock-merge,llama38bstockmerge,0,0,unmatched,,
3224,khoantap/llama-breadcrumbs-ties-merge,llamabreadcrumbstiesmerge,0,0,unmatched,,
3225,khoantap/llama-evolve-ties-best-merge,llamaevolvetiesbestmerge,0,0,unmatched,,
3226,khoantap/llama-linear-0.5-0.5-1-merge,llamalinear05051merge,0,0,unmatched,,
3227,khoantap/llama-linear-0.5-1-0.5-merge,llamalinear05105merge,0,0,unmatched,,
3228,khoantap/llama-linear-1-0.5-0.5-merge,llamalinear10505merge,0,0,unmatched,,
3229,khoantap/llama-slerp-merge,llamaslerpmerge,0,0,unmatched,,
3230,khoantap/moe-out-merge,moeoutmerge,0,0,unmatched,,
3231,khulaifi95/Llama-3.1-8B-Reason-Blend-888k,llama318breasonblend888k,0,0,unmatched,,
3232,kms7530/chemeng_llama-3-8b-Instruct-bnb-4bit_24_1_100_1,chemengllama38binstructbnb4bit2411001,0,0,unmatched,,
3233,kms7530/chemeng_phi-3-mini-4k-instruct-bnb-4bit_16_4_100_1_nonmath,chemengphi3mini4kinstructbnb4bit1641001nonmath,0,0,unmatched,,
3234,kms7530/chemeng_qwen-math-7b_24_1_100_1,chemengqwenmath7b2411001,0,0,unmatched,,
3235,kms7530/chemeng_qwen-math-7b_24_1_100_1_nonmath,chemengqwenmath7b2411001nonmath,0,0,unmatched,,
3236,kno10/ende-chat-0.0.5,endechat005,0,0,unmatched,,
3237,kno10/ende-chat-0.0.7,endechat007,0,0,unmatched,,
3238,kyutai/helium-1-preview-2b,helium1preview2b,0,0,unmatched,,
3239,kz919/QwQ-0.5B-Distilled-SFT,qwq05bdistilledsft,0,0,unmatched,,
3240,ladydaina/ECE-FDF,ecefdf,0,0,unmatched,,
3241,laislemke/LLaMA-2-vicuna-7b-slerp,llama2vicuna7bslerp,0,0,unmatched,,
3242,lalainy/ECE-PRYMMAL-0.5B-FT-V5-MUSR,eceprymmal05bftv5musr,0,0,unmatched,,
3243,lalainy/ECE-PRYMMAL-0.5B-SLERP-V4,eceprymmal05bslerpv4,0,0,unmatched,,
3244,lalainy/ECE-PRYMMAL-YL-0.5B-SLERP-BIS-V1,eceprymmalyl05bslerpbisv1,0,0,unmatched,,
3245,lalainy/ECE-PRYMMAL-YL-1B-SLERP-V3,eceprymmalyl1bslerpv3,0,0,unmatched,,
3246,lalainy/ECE-PRYMMAL-YL-1B-SLERP-V4,eceprymmalyl1bslerpv4,0,0,unmatched,,
3247,lalainy/ECE-PRYMMAL-YL-6B-SLERP-V1,eceprymmalyl6bslerpv1,0,0,unmatched,,
3248,lalainy/ECE-PRYMMAL-YL-6B-SLERP-V2,eceprymmalyl6bslerpv2,0,0,unmatched,,
3249,langgptai/Qwen-las-v0.1,qwenlasv01,0,0,unmatched,,
3250,langgptai/qwen1.5-7b-chat-sa-v0.1,qwen157bchatsav01,0,0,unmatched,,
3251,lars1234/Mistral-Small-24B-Instruct-2501-writer,mistralsmall24binstruct2501writer,0,0,unmatched,,
3252,leafspark/Llama-3.1-8B-MultiReflection-Instruct,llama318bmultireflectioninstruct,0,0,unmatched,,
3253,lemon07r/Gemma-2-Ataraxy-9B,gemma2ataraxy9b,0,0,unmatched,,
3254,lemon07r/Gemma-2-Ataraxy-Advanced-9B,gemma2ataraxyadvanced9b,0,0,unmatched,,
3255,lemon07r/Gemma-2-Ataraxy-Remix-9B,gemma2ataraxyremix9b,0,0,unmatched,,
3256,lemon07r/Gemma-2-Ataraxy-v2-9B,gemma2ataraxyv29b,0,0,unmatched,,
3257,lemon07r/Gemma-2-Ataraxy-v2a-9B,gemma2ataraxyv2a9b,0,0,unmatched,,
3258,lemon07r/Gemma-2-Ataraxy-v2f-9B,gemma2ataraxyv2f9b,0,0,unmatched,,
3259,lemon07r/Gemma-2-Ataraxy-v3-Advanced-9B,gemma2ataraxyv3advanced9b,0,0,unmatched,,
3260,lemon07r/Gemma-2-Ataraxy-v3b-9B,gemma2ataraxyv3b9b,0,0,unmatched,,
3261,lemon07r/Gemma-2-Ataraxy-v3i-9B,gemma2ataraxyv3i9b,0,0,unmatched,,
3262,lemon07r/Gemma-2-Ataraxy-v3j-9B,gemma2ataraxyv3j9b,0,0,unmatched,,
3263,lemon07r/Gemma-2-Ataraxy-v4-Advanced-9B,gemma2ataraxyv4advanced9b,0,0,unmatched,,
3264,lemon07r/Gemma-2-Ataraxy-v4a-Advanced-9B,gemma2ataraxyv4aadvanced9b,0,0,unmatched,,
3265,lemon07r/Gemma-2-Ataraxy-v4b-9B,gemma2ataraxyv4b9b,0,0,unmatched,,
3266,lemon07r/Gemma-2-Ataraxy-v4c-9B,gemma2ataraxyv4c9b,0,0,unmatched,,
3267,lemon07r/Gemma-2-Ataraxy-v4d-9B,gemma2ataraxyv4d9b,0,0,unmatched,,
3268,lemon07r/Llama-3-RedMagic4-8B,llama3redmagic48b,0,0,unmatched,,
3269,lemon07r/llama-3-NeuralMahou-8b,llama3neuralmahou8b,0,0,unmatched,,
3270,lesubra/ECE-EIFFEL-3B,eceeiffel3b,0,0,unmatched,,
3271,lesubra/ECE-EIFFEL-3Bv2,eceeiffel3bv2,0,0,unmatched,,
3272,lesubra/ECE-EIFFEL-3Bv3,eceeiffel3bv3,0,0,unmatched,,
3273,lesubra/ECE-PRYMMAL-3B-SLERP-V1,eceprymmal3bslerpv1,0,0,unmatched,,
3274,lesubra/ECE-PRYMMAL-3B-SLERP-V2,eceprymmal3bslerpv2,0,0,unmatched,,
3275,lesubra/ECE-PRYMMAL-3B-SLERP_2-V1,eceprymmal3bslerp2v1,0,0,unmatched,,
3276,lesubra/ECE-PRYMMAL-3B-SLERP_2-V2,eceprymmal3bslerp2v2,0,0,unmatched,,
3277,lesubra/merge-test,mergetest,0,0,unmatched,,
3278,lightblue/suzume-llama-3-8B-multilingual,suzumellama38bmultilingual,0,0,unmatched,,
3279,lightblue/suzume-llama-3-8B-multilingual-orpo-borda-full,suzumellama38bmultilingualorpobordafull,0,0,unmatched,,
3280,lightblue/suzume-llama-3-8B-multilingual-orpo-borda-half,suzumellama38bmultilingualorpobordahalf,0,0,unmatched,,
3281,lightblue/suzume-llama-3-8B-multilingual-orpo-borda-top25,suzumellama38bmultilingualorpobordatop25,0,0,unmatched,,
3282,lightblue/suzume-llama-3-8B-multilingual-orpo-borda-top75,suzumellama38bmultilingualorpobordatop75,0,0,unmatched,,
3283,lkoenig/BBAI_145_,bbai145,0,0,unmatched,,
3284,lkoenig/BBAI_200_Gemma,bbai200gemma,0,0,unmatched,,
3285,lkoenig/BBAI_212_QwenLawLo,bbai212qwenlawlo,0,0,unmatched,,
3286,lkoenig/BBAI_212_Qwencore,bbai212qwencore,0,0,unmatched,,
3287,lkoenig/BBAI_230_Xiaqwen,bbai230xiaqwen,0,0,unmatched,,
3288,lkoenig/BBAI_375_QwenDyancabs,bbai375qwendyancabs,0,0,unmatched,,
3289,lkoenig/BBAI_456_QwenKoen,bbai456qwenkoen,0,0,unmatched,,
3290,lkoenig/BBAI_7B_KoenQwenDyan,bbai7bkoenqwendyan,0,0,unmatched,,
3291,lkoenig/BBAI_7B_Qwen2.5koen,bbai7bqwen25koen,0,0,unmatched,,
3292,lkoenig/BBAI_7B_QwenDyanKoenLo,bbai7bqwendyankoenlo,0,0,unmatched,,
3293,lkoenig/BBAI_7B_QwenDyancabsLAW,bbai7bqwendyancabslaw,0,0,unmatched,,
3294,llmat/Mistral-v0.3-7B-ORPO,mistralv037borpo,0,0,unmatched,,
3295,llmat/Mistral-v0.3-7B-ORPO,mistralv037borpo,0,0,unmatched,,
3296,llnYou/ECE-PRYMMAL-YL-1B-SLERP-V5,eceprymmalyl1bslerpv5,0,0,unmatched,,
3297,llnYou/ECE-PRYMMAL-YL-1B-SLERP-V6,eceprymmalyl1bslerpv6,0,0,unmatched,,
3298,llnYou/ECE-PRYMMAL-YL-3B-SLERP-V1,eceprymmalyl3bslerpv1,0,0,unmatched,,
3299,llnYou/ECE-PRYMMAL-YL-3B-SLERP-V2,eceprymmalyl3bslerpv2,0,0,unmatched,,
3300,llnYou/ECE-PRYMMAL-YL-3B-SLERP-V3,eceprymmalyl3bslerpv3,0,0,unmatched,,
3301,lmsys/vicuna-13b-v1.3,vicuna13bv13,1,0,unmatched,,1887:parameter_or_org_conflict
3302,lmsys/vicuna-7b-v1.3,vicuna7bv13,1,0,unmatched,,1888:parameter_or_org_conflict
3303,lmsys/vicuna-7b-v1.5,vicuna7bv15,1,0,unmatched,,1831:parameter_or_org_conflict
3304,lodrick-the-lafted/llama-3.1-8b-instruct-ortho-v7,llama318binstructorthov7,0,0,unmatched,,
3305,lordjia/Llama-3-Cantonese-8B-Instruct,llama3cantonese8binstruct,0,0,unmatched,,
3306,lordjia/Qwen2-Cantonese-7B-Instruct,qwen2cantonese7binstruct,0,0,unmatched,,
3307,lt-asset/nova-1.3b,nova13b,0,0,unmatched,,
3308,lunahr/thea-3b-50r-u1,thea3b50ru1,0,0,unmatched,,
3309,lunahr/thea-v2-3b-50r,theav23b50r,0,0,unmatched,,
3310,m42-health/Llama3-Med42-70B,llama3med4270b,0,0,unmatched,,
3311,macadeliccc/Samantha-Qwen-2-7B,samanthaqwen27b,0,0,unmatched,,
3312,macadeliccc/magistrate-3.2-3b-base,magistrate323bbase,0,0,unmatched,,
3313,macadeliccc/magistrate-3.2-3b-it,magistrate323bit,0,0,unmatched,,
3314,magnifi/Phi3_intent_v56_3_w_unknown_5_lr_0.002,phi3intentv563wunknown5lr0002,0,0,unmatched,,
3315,maldv/Awqward2.5-32B-Instruct,awqward2532binstruct,0,0,unmatched,,
3316,maldv/Lytta2.5-32B-Instruct,lytta2532binstruct,0,0,unmatched,,
3317,maldv/Qwentile2.5-32B-Instruct,qwentile2532binstruct,0,0,unmatched,,
3318,maldv/badger-kappa-llama-3-8b,badgerkappallama38b,0,0,unmatched,,
3319,maldv/badger-lambda-llama-3-8b,badgerlambdallama38b,0,0,unmatched,,
3320,maldv/badger-mu-llama-3-8b,badgermullama38b,0,0,unmatched,,
3321,maldv/badger-writer-llama-3-8b,badgerwriterllama38b,0,0,unmatched,,
3322,marcuscedricridia/Cheng-1,cheng1,0,0,unmatched,,
3323,marcuscedricridia/Cheng-2,cheng2,0,0,unmatched,,
3324,marcuscedricridia/Cheng-2-v1.1,cheng2v11,0,0,unmatched,,
3325,marcuscedricridia/Hush-Qwen2.5-7B-MST,hushqwen257bmst,0,0,unmatched,,
3326,marcuscedricridia/Hush-Qwen2.5-7B-MST-v1.1,hushqwen257bmstv11,0,0,unmatched,,
3327,marcuscedricridia/Hush-Qwen2.5-7B-MST-v1.3,hushqwen257bmstv13,0,0,unmatched,,
3328,marcuscedricridia/Hush-Qwen2.5-7B-Preview,hushqwen257bpreview,0,0,unmatched,,
3329,marcuscedricridia/Hush-Qwen2.5-7B-RP-v1.4-1M,hushqwen257brpv141m,0,0,unmatched,,
3330,marcuscedricridia/Hush-Qwen2.5-7B-v1.1,hushqwen257bv11,0,0,unmatched,,
3331,marcuscedricridia/Hush-Qwen2.5-7B-v1.2,hushqwen257bv12,0,0,unmatched,,
3332,marcuscedricridia/Hush-Qwen2.5-7B-v1.3,hushqwen257bv13,0,0,unmatched,,
3333,marcuscedricridia/Hush-Qwen2.5-7B-v1.4,hushqwen257bv14,0,0,unmatched,,
3334,marcuscedricridia/Qwen2.5-7B-Preview,qwen257bpreview,0,0,unmatched,,
3335,marcuscedricridia/Yell-Qwen2.5-7B-Preview,yellqwen257bpreview,0,0,unmatched,,
3336,marcuscedricridia/Yell-Qwen2.5-7B-Preview-v1.1,yellqwen257bpreviewv11,0,0,unmatched,,
3337,marcuscedricridia/absolute-o1-7b,absoluteo17b,0,0,unmatched,,
3338,marcuscedricridia/cursa-o1-7b,cursao17b,0,0,unmatched,,
3339,marcuscedricridia/cursa-o1-7b-2-28-2025,cursao17b2282025,0,0,unmatched,,
3340,marcuscedricridia/cursa-o1-7b-v1.1,cursao17bv11,0,0,unmatched,,
3341,marcuscedricridia/cursa-o1-7b-v1.2-normalize-false,cursao17bv12normalizefalse,0,0,unmatched,,
3342,marcuscedricridia/cursor-o1-7b,cursoro17b,0,0,unmatched,,
3343,marcuscedricridia/cursorr-o1.2-7b,cursorro127b,0,0,unmatched,,
3344,marcuscedricridia/etr1o-explicit-v1.1,etr1oexplicitv11,0,0,unmatched,,
3345,marcuscedricridia/etr1o-explicit-v1.2,etr1oexplicitv12,0,0,unmatched,,
3346,marcuscedricridia/etr1o-v1.1,etr1ov11,0,0,unmatched,,
3347,marcuscedricridia/etr1o-v1.2,etr1ov12,0,0,unmatched,,
3348,marcuscedricridia/fan-o1-7b,fano17b,0,0,unmatched,,
3349,marcuscedricridia/olmner-7b,olmner7b,0,0,unmatched,,
3350,marcuscedricridia/olmner-della-7b,olmnerdella7b,0,0,unmatched,,
3351,marcuscedricridia/olmner-o1-7b,olmnero17b,0,0,unmatched,,
3352,marcuscedricridia/olmner-sbr-7b,olmnersbr7b,0,0,unmatched,,
3353,marcuscedricridia/post-cursa-o1,postcursao1,0,0,unmatched,,
3354,marcuscedricridia/pre-cursa-o1,precursao1,0,0,unmatched,,
3355,marcuscedricridia/pre-cursa-o1-v1.2,precursao1v12,0,0,unmatched,,
3356,marcuscedricridia/pre-cursa-o1-v1.3,precursao1v13,0,0,unmatched,,
3357,marcuscedricridia/pre-cursa-o1-v1.4,precursao1v14,0,0,unmatched,,
3358,marcuscedricridia/pre-cursa-o1-v1.6,precursao1v16,0,0,unmatched,,
3359,marcuscedricridia/r1o-et,r1oet,0,0,unmatched,,
3360,marcuscedricridia/sbr-o1-7b,sbro17b,0,0,unmatched,,
3361,marcuscedricridia/stray-r1o-et,strayr1oet,0,0,unmatched,,
3362,matouLeLoup/ECE-PRYMMAL-0.5B-FT-EnhancedMUSREnsembleV3,eceprymmal05bftenhancedmusrensemblev3,0,0,unmatched,,
3363,matouLeLoup/ECE-PRYMMAL-0.5B-FT-MUSR-ENSEMBLE-V2Mathis,eceprymmal05bftmusrensemblev2mathis,0,0,unmatched,,
3364,matouLeLoup/ECE-PRYMMAL-0.5B-FT-V4-MUSR-ENSEMBLE-Mathis,eceprymmal05bftv4musrensemblemathis,0,0,unmatched,,
3365,matouLeLoup/ECE-PRYMMAL-0.5B-FT-V4-MUSR-Mathis,eceprymmal05bftv4musrmathis,0,0,unmatched,,
3366,matouLeLoup/ECE-PRYMMAL-0.5B-FT-V5-MUSR-Mathis,eceprymmal05bftv5musrmathis,0,0,unmatched,,
3367,mattshumer/Reflection-Llama-3.1-70B,reflectionllama3170b,0,0,unmatched,,
3368,mattshumer/ref_70_e3,ref70e3,0,0,unmatched,,
3369,maywell/Qwen2-7B-Multilingual-RP,qwen27bmultilingualrp,0,0,unmatched,,
3370,meditsolutions/Llama-3.1-MedIT-SUN-8B,llama31meditsun8b,0,0,unmatched,,
3371,meditsolutions/Llama-3.2-SUN-1B-Instruct,llama32sun1binstruct,0,0,unmatched,,
3372,meditsolutions/Llama-3.2-SUN-1B-chat,llama32sun1bchat,0,0,unmatched,,
3373,meditsolutions/Llama-3.2-SUN-2.4B-checkpoint-26000,llama32sun24bcheckpoint26000,0,0,unmatched,,
3374,meditsolutions/Llama-3.2-SUN-2.4B-checkpoint-34800,llama32sun24bcheckpoint34800,0,0,unmatched,,
3375,meditsolutions/Llama-3.2-SUN-2.4B-v1.0.0,llama32sun24bv100,0,0,unmatched,,
3376,meditsolutions/Llama-3.2-SUN-2.5B-chat,llama32sun25bchat,0,0,unmatched,,
3377,meditsolutions/Llama-3.2-SUN-HDIC-1B-Instruct,llama32sunhdic1binstruct,0,0,unmatched,,
3378,meditsolutions/MSH-Lite-7B-v1-Bielik-v2.3-Instruct-Llama-Prune,mshlite7bv1bielikv23instructllamaprune,0,0,unmatched,,
3379,meditsolutions/MSH-v1-Bielik-v2.3-Instruct-MedIT-merge,mshv1bielikv23instructmeditmerge,0,0,unmatched,,
3380,meditsolutions/MedIT-Mesh-3B-Instruct,meditmesh3binstruct,0,0,unmatched,,
3381,meditsolutions/SmolLM2-MedIT-Upscale-2B,smollm2meditupscale2b,0,0,unmatched,,
3382,meetkai/functionary-small-v3.1,functionarysmallv31,0,0,unmatched,,
3383,meraGPT/mera-mix-4x7B,meramix4x7b,0,0,unmatched,,
3384,mergekit-community/JAJUKA-WEWILLNEVERFORGETYOU-3B,jajukawewillneverforgetyou3b,0,0,unmatched,,
3385,mergekit-community/SuperQwen-2.5-1.5B,superqwen2515b,0,0,unmatched,,
3386,mergekit-community/VirtuosoSmall-InstructModelStock,virtuososmallinstructmodelstock,0,0,unmatched,,
3387,mergekit-community/diabolic6045_ELN-AOC-CAIN,diabolic6045elnaoccain,0,0,unmatched,,
3388,mergekit-community/mergekit-dare_ties-ajgjgea,mergekitdaretiesajgjgea,0,0,unmatched,,
3389,mergekit-community/mergekit-della-zgowfmf,mergekitdellazgowfmf,0,0,unmatched,,
3390,mergekit-community/mergekit-model_stock-azgztvm,mergekitmodelstockazgztvm,0,0,unmatched,,
3391,mergekit-community/mergekit-slerp-fmrazcr,mergekitslerpfmrazcr,0,0,unmatched,,
3392,mergekit-community/mergekit-ties-rraxdhv,mergekittiesrraxdhv,0,0,unmatched,,
3393,mergekit-community/mergekit-ties-ykqemwr,mergekittiesykqemwr,0,0,unmatched,,
3394,mergekit-community/sexeh_time_testing,sexehtimetesting,0,0,unmatched,,
3395,meta-llama/Llama-2-13b-chat-hf,llama213bchat,0,0,unmatched,,
3396,meta-llama/Llama-2-13b-hf,llama213b,1,0,unmatched,,1852:parameter_or_org_conflict
3397,meta-llama/Llama-2-70b-chat-hf,llama270bchat,0,0,unmatched,,
3398,meta-llama/Llama-2-70b-hf,llama270b,1,0,unmatched,,1849:parameter_or_org_conflict
3399,meta-llama/Llama-2-7b-chat-hf,llama27bchat,0,0,unmatched,,
3400,meta-llama/Llama-2-7b-hf,llama27b,1,0,unmatched,,1851:parameter_or_org_conflict
3401,meta-llama/Llama-3.1-70B,llama3170b,1,0,unmatched,,1105:parameter_or_org_conflict
3402,meta-llama/Llama-3.1-70B-Instruct,llama3170binstruct,0,0,unmatched,,
3403,meta-llama/Llama-3.1-8B,llama318b,1,0,unmatched,,1106:parameter_or_org_conflict
3404,meta-llama/Llama-3.1-8B-Instruct,llama318binstruct,0,0,unmatched,,
3405,meta-llama/Llama-3.2-1B,llama321b,1,0,unmatched,,880:parameter_or_org_conflict
3406,meta-llama/Llama-3.2-1B-Instruct,llama321binstruct,0,0,unmatched,,
3407,meta-llama/Llama-3.2-3B,llama323b,1,0,unmatched,,881:parameter_or_org_conflict
3408,meta-llama/Llama-3.2-3B-Instruct,llama323binstruct,0,0,unmatched,,
3409,meta-llama/Llama-3.3-70B-Instruct,llama3370binstruct,0,0,unmatched,,
3410,meta-llama/Meta-Llama-3-70B,metallama370b,0,0,unmatched,,
3411,meta-llama/Meta-Llama-3-70B-Instruct,metallama370binstruct,0,0,unmatched,,
3412,meta-llama/Meta-Llama-3-8B,metallama38b,0,0,unmatched,,
3413,meta-llama/Meta-Llama-3-8B-Instruct,metallama38binstruct,0,0,unmatched,,
3414,meta-llama/Meta-Llama-3-8B-Instruct,metallama38binstruct,0,0,unmatched,,
3415,mhl1/Qwen2.5-0.5B-cinstruct-stage1,qwen2505bcinstructstage1,0,0,unmatched,,
3416,microsoft/DialoGPT-medium,dialogptmedium,0,0,unmatched,,
3417,microsoft/Orca-2-13b,orca213b,1,1,accepted_exact,1647.0,exact normalized name; parameter <= tolerance; organization compatible
3418,microsoft/Orca-2-7b,orca27b,0,0,unmatched,,
3419,microsoft/Phi-3-medium-128k-instruct,phi3medium128kinstruct,0,0,unmatched,,
3420,microsoft/Phi-3-medium-4k-instruct,phi3medium4kinstruct,0,0,unmatched,,
3421,microsoft/Phi-3-mini-128k-instruct,phi3mini128kinstruct,0,0,unmatched,,
3422,microsoft/Phi-3-mini-4k-instruct,phi3mini4kinstruct,0,0,unmatched,,
3423,microsoft/Phi-3-mini-4k-instruct,phi3mini4kinstruct,0,0,unmatched,,
3424,microsoft/Phi-3-small-128k-instruct,phi3small128kinstruct,0,0,unmatched,,
3425,microsoft/Phi-3-small-8k-instruct,phi3small8kinstruct,0,0,unmatched,,
3426,microsoft/Phi-3.5-MoE-instruct,phi35moeinstruct,0,0,unmatched,,
3427,microsoft/Phi-3.5-mini-instruct,phi35miniinstruct,0,0,unmatched,,
3428,microsoft/Phi-4-mini-instruct,phi4miniinstruct,0,0,unmatched,,
3429,microsoft/phi-1,phi1,1,0,unmatched,,1741:parameter_or_org_conflict
3430,microsoft/phi-1_5,phi15,1,0,unmatched,,1773:parameter_or_org_conflict
3431,microsoft/phi-2,phi2,1,1,accepted_exact,1594.0,exact normalized name; parameter <= tolerance; organization compatible
3432,microsoft/phi-4,phi4,1,1,accepted_exact,666.0,exact normalized name; parameter <= tolerance; organization compatible
3433,microsoft/phi-4,phi4,1,1,accepted_exact,666.0,exact normalized name; parameter <= tolerance; organization compatible
3434,migtissera/Llama-3-70B-Synthia-v3.5,llama370bsynthiav35,1,1,accepted_exact,1230.0,exact normalized name; parameter <= tolerance; organization compatible
3435,migtissera/Llama-3-8B-Synthia-v3.5,llama38bsynthiav35,0,0,unmatched,,
3436,migtissera/Tess-3-7B-SFT,tess37bsft,0,0,unmatched,,
3437,migtissera/Tess-3-Mistral-Nemo-12B,tess3mistralnemo12b,0,0,unmatched,,
3438,migtissera/Tess-v2.5-Phi-3-medium-128k-14B,tessv25phi3medium128k14b,0,0,unmatched,,
3439,migtissera/Tess-v2.5.2-Qwen2-72B,tessv252qwen272b,0,0,unmatched,,
3440,migtissera/Trinity-2-Codestral-22B,trinity2codestral22b,0,0,unmatched,,
3441,migtissera/Trinity-2-Codestral-22B-v0.2,trinity2codestral22bv02,0,0,unmatched,,
3442,migtissera/Trinity-2-Codestral-22B-v0.2,trinity2codestral22bv02,0,0,unmatched,,
3443,mindw96/DeepSeek-llama3.3-Bllossom-8B-DACON-LLM3,deepseekllama33bllossom8bdaconllm3,0,0,unmatched,,
3444,minghaowu/Qwen1.5-1.8B-OpenHermes-2.5,qwen1518bopenhermes25,0,0,unmatched,,
3445,ministral/Ministral-3b-instruct,ministral3binstruct,0,0,unmatched,,
3446,mistral-community/Mistral-7B-v0.2,mistral7bv02,0,0,unmatched,,
3447,mistral-community/Mixtral-8x22B-v0.1,mixtral8x22bv01,0,0,unmatched,,
3448,mistral-community/mixtral-8x22B-v0.3,mixtral8x22bv03,0,0,unmatched,,
3449,mistralai/Codestral-22B-v0.1,codestral22bv01,0,0,unmatched,,
3450,mistralai/Ministral-8B-Instruct-2410,ministral8binstruct2410,0,0,unmatched,,
3451,mistralai/Mistral-7B-Instruct-v0.1,mistral7binstructv01,0,0,unmatched,,
3452,mistralai/Mistral-7B-Instruct-v0.2,mistral7binstructv02,0,0,unmatched,,
3453,mistralai/Mistral-7B-Instruct-v0.3,mistral7binstructv03,0,0,unmatched,,
3454,mistralai/Mistral-7B-v0.1,mistral7bv01,0,0,unmatched,,
3455,mistralai/Mistral-7B-v0.3,mistral7bv03,0,0,unmatched,,
3456,mistralai/Mistral-Large-Instruct-2411,mistrallargeinstruct2411,0,0,unmatched,,
3457,mistralai/Mistral-Nemo-Base-2407,mistralnemobase2407,0,0,unmatched,,
3458,mistralai/Mistral-Nemo-Instruct-2407,mistralnemoinstruct2407,0,0,unmatched,,
3459,mistralai/Mistral-Small-24B-Base-2501,mistralsmall24bbase2501,0,0,unmatched,,
3460,mistralai/Mistral-Small-Instruct-2409,mistralsmallinstruct2409,0,0,unmatched,,
3461,mistralai/Mistral-Small-Instruct-2409,mistralsmallinstruct2409,0,0,unmatched,,
3462,mistralai/Mixtral-8x22B-Instruct-v0.1,mixtral8x22binstructv01,0,0,unmatched,,
3463,mistralai/Mixtral-8x22B-v0.1,mixtral8x22bv01,0,0,unmatched,,
3464,mistralai/Mixtral-8x7B-Instruct-v0.1,mixtral8x7binstructv01,0,0,unmatched,,
3465,mistralai/Mixtral-8x7B-v0.1,mixtral8x7bv01,0,0,unmatched,,
3466,mistralai/Mixtral-8x7B-v0.1,mixtral8x7bv01,0,0,unmatched,,
3467,mixtao/MixTAO-7Bx2-MoE-v8.1,mixtao7bx2moev81,0,0,unmatched,,
3468,mkurman/llama-3.2-MEDIT-3B-o1,llama32medit3bo1,0,0,unmatched,,
3469,mkurman/phi-4-MedIT-11B-exp-1,phi4medit11bexp1,0,0,unmatched,,
3470,mkurman/phi4-MedIT-10B-o1,phi4medit10bo1,0,0,unmatched,,
3471,mkxu/llama-3-8b-instruct-fpo,llama38binstructfpo,0,0,unmatched,,
3472,mkxu/llama-3-8b-po1,llama38bpo1,0,0,unmatched,,
3473,mlabonne/AlphaMonarch-7B,alphamonarch7b,0,0,unmatched,,
3474,mlabonne/Beyonder-4x7B-v3,beyonder4x7bv3,0,0,unmatched,,
3475,mlabonne/BigQwen2.5-52B-Instruct,bigqwen2552binstruct,0,0,unmatched,,
3476,mlabonne/BigQwen2.5-Echo-47B-Instruct,bigqwen25echo47binstruct,0,0,unmatched,,
3477,mlabonne/ChimeraLlama-3-8B-v2,chimerallama38bv2,0,0,unmatched,,
3478,mlabonne/ChimeraLlama-3-8B-v3,chimerallama38bv3,0,0,unmatched,,
3479,mlabonne/Daredevil-8B,daredevil8b,0,0,unmatched,,
3480,mlabonne/Daredevil-8B-abliterated,daredevil8babliterated,0,0,unmatched,,
3481,mlabonne/Hermes-3-Llama-3.1-70B-lorablated,hermes3llama3170blorablated,0,0,unmatched,,
3482,mlabonne/Meta-Llama-3.1-8B-Instruct-abliterated,metallama318binstructabliterated,0,0,unmatched,,
3483,mlabonne/NeuralBeagle14-7B,neuralbeagle147b,0,0,unmatched,,
3484,mlabonne/NeuralDaredevil-8B-abliterated,neuraldaredevil8babliterated,0,0,unmatched,,
3485,mlabonne/NeuralDaredevil-8B-abliterated,neuraldaredevil8babliterated,0,0,unmatched,,
3486,mlabonne/OrpoLlama-3-8B,orpollama38b,0,0,unmatched,,
3487,mlabonne/phixtral-2x2_8,phixtral2x28,0,0,unmatched,,
3488,mlx-community/Josiefied-Qwen2.5-0.5B-Instruct-abliterated-v1-float32,josiefiedqwen2505binstructabliteratedv1float32,0,0,unmatched,,
3489,mlx-community/Mistral-Small-24B-Instruct-2501-bf16,mistralsmall24binstruct2501bf16,0,0,unmatched,,
3490,mmnga/Llama-3-70B-japanese-suzume-vector-v0.1,llama370bjapanesesuzumevectorv01,0,0,unmatched,,
3491,mobiuslabsgmbh/DeepSeek-R1-ReDistill-Llama3-8B-v1.1,deepseekr1redistillllama38bv11,0,0,unmatched,,
3492,mobiuslabsgmbh/DeepSeek-R1-ReDistill-Qwen-7B-v1.1,deepseekr1redistillqwen7bv11,0,0,unmatched,,
3493,moeru-ai/L3.1-Moe-2x8B-v0.2,l31moe2x8bv02,0,0,unmatched,,
3494,moeru-ai/L3.1-Moe-4x8B-v0.1,l31moe4x8bv01,0,0,unmatched,,
3495,moeru-ai/L3.1-Moe-4x8B-v0.2,l31moe4x8bv02,0,0,unmatched,,
3496,monsterapi/Llama-3_1-8B-Instruct-orca-ORPO,llama318binstructorcaorpo,0,0,unmatched,,
3497,monsterapi/gemma-2-2b-LoRA-MonsterInstruct,gemma22bloramonsterinstruct,0,0,unmatched,,
3498,mosaicml/mpt-7b,mpt7b,1,1,accepted_exact,1952.0,exact normalized name; parameter <= tolerance; organization compatible
3499,mosama/Qwen2.5-1.5B-Instruct-CoT-Reflection,qwen2515binstructcotreflection,0,0,unmatched,,
3500,mrdayl/OpenCogito,opencogito,0,0,unmatched,,
3501,mrdayl/OpenCognito,opencognito,0,0,unmatched,,
3502,mrdayl/OpenCognito-r1,opencognitor1,0,0,unmatched,,
3503,mrdayl/OpenCognito-r2,opencognitor2,0,0,unmatched,,
3504,mrdayl/OpenThink,openthink,0,0,unmatched,,
3505,mrm8488/phi-4-14B-grpo-gsm8k-3e,phi414bgrpogsm8k3e,0,0,unmatched,,
3506,mrm8488/phi-4-14B-grpo-limo,phi414bgrpolimo,0,0,unmatched,,
3507,mukaj/Llama-3.1-Hawkish-8B,llama31hawkish8b,0,0,unmatched,,
3508,natong19/Mistral-Nemo-Instruct-2407-abliterated,mistralnemoinstruct2407abliterated,0,0,unmatched,,
3509,natong19/Qwen2-7B-Instruct-abliterated,qwen27binstructabliterated,0,0,unmatched,,
3510,nazimali/Mistral-Nemo-Kurdish,mistralnemokurdish,0,0,unmatched,,
3511,nazimali/Mistral-Nemo-Kurdish-Instruct,mistralnemokurdishinstruct,0,0,unmatched,,
3512,nbeerbower/BigKartoffel-mistral-nemo-20B,bigkartoffelmistralnemo20b,0,0,unmatched,,
3513,nbeerbower/DoppelKartoffel-Mistral-Nemo-23B,doppelkartoffelmistralnemo23b,0,0,unmatched,,
3514,nbeerbower/DoublePotato-Mistral-Nemo-13B,doublepotatomistralnemo13b,0,0,unmatched,,
3515,nbeerbower/Dumpling-Qwen2.5-1.5B,dumplingqwen2515b,0,0,unmatched,,
3516,nbeerbower/Dumpling-Qwen2.5-14B,dumplingqwen2514b,0,0,unmatched,,
3517,nbeerbower/Dumpling-Qwen2.5-7B-1k-r16,dumplingqwen257b1kr16,0,0,unmatched,,
3518,nbeerbower/Dumpling-Qwen2.5-7B-1k-r64-2e-5,dumplingqwen257b1kr642e5,0,0,unmatched,,
3519,nbeerbower/EVA-abliterated-TIES-Qwen2.5-1.5B,evaabliteratedtiesqwen2515b,0,0,unmatched,,
3520,nbeerbower/EVA-abliterated-TIES-Qwen2.5-14B,evaabliteratedtiesqwen2514b,0,0,unmatched,,
3521,nbeerbower/Flammades-Mistral-Nemo-12B,flammadesmistralnemo12b,0,0,unmatched,,
3522,nbeerbower/Gemma2-Gutenberg-Doppel-9B,gemma2gutenbergdoppel9b,0,0,unmatched,,
3523,nbeerbower/Gutensuppe-mistral-nemo-12B,gutensuppemistralnemo12b,0,0,unmatched,,
3524,nbeerbower/Hermes2-Gutenberg2-Mistral-7B,hermes2gutenberg2mistral7b,0,0,unmatched,,
3525,nbeerbower/Kartoffel-Deepfry-12B,kartoffeldeepfry12b,0,0,unmatched,,
3526,nbeerbower/Llama-3.1-Nemotron-lorablated-70B,llama31nemotronlorablated70b,0,0,unmatched,,
3527,nbeerbower/Llama3.1-Gutenberg-Doppel-70B,llama31gutenbergdoppel70b,0,0,unmatched,,
3528,nbeerbower/Lyra-Gutenberg-mistral-nemo-12B,lyragutenbergmistralnemo12b,0,0,unmatched,,
3529,nbeerbower/Lyra4-Gutenberg-12B,lyra4gutenberg12b,0,0,unmatched,,
3530,nbeerbower/Lyra4-Gutenberg2-12B,lyra4gutenberg212b,0,0,unmatched,,
3531,nbeerbower/Mahou-1.5-mistral-nemo-12B-lorablated,mahou15mistralnemo12blorablated,0,0,unmatched,,
3532,nbeerbower/Mistral-Gutenberg-Doppel-7B-FFT,mistralgutenbergdoppel7bfft,0,0,unmatched,,
3533,nbeerbower/Mistral-Nemo-Gutenberg-Doppel-12B,mistralnemogutenbergdoppel12b,0,0,unmatched,,
3534,nbeerbower/Mistral-Nemo-Gutenberg-Doppel-12B-v2,mistralnemogutenbergdoppel12bv2,0,0,unmatched,,
3535,nbeerbower/Mistral-Nemo-Moderne-12B-FFT-experimental,mistralnemomoderne12bfftexperimental,0,0,unmatched,,
3536,nbeerbower/Mistral-Nemo-Prism-12B,mistralnemoprism12b,0,0,unmatched,,
3537,nbeerbower/Mistral-Nemo-Prism-12B-v2,mistralnemoprism12bv2,0,0,unmatched,,
3538,nbeerbower/Mistral-Nemo-Prism-12B-v7,mistralnemoprism12bv7,0,0,unmatched,,
3539,nbeerbower/Mistral-Small-Drummer-22B,mistralsmalldrummer22b,0,0,unmatched,,
3540,nbeerbower/Mistral-Small-Gutenberg-Doppel-22B,mistralsmallgutenbergdoppel22b,0,0,unmatched,,
3541,nbeerbower/Nemo-Loony-12B-experimental,nemoloony12bexperimental,0,0,unmatched,,
3542,nbeerbower/Nemoties-ChatML-12B,nemotieschatml12b,0,0,unmatched,,
3543,nbeerbower/Qwen2.5-Gutenberg-Doppel-14B,qwen25gutenbergdoppel14b,0,0,unmatched,,
3544,nbeerbower/SmolNemo-12B-FFT-experimental,smolnemo12bfftexperimental,0,0,unmatched,,
3545,nbeerbower/Stella-mistral-nemo-12B-v2,stellamistralnemo12bv2,0,0,unmatched,,
3546,nbeerbower/gemma2-gutenberg-27B,gemma2gutenberg27b,0,0,unmatched,,
3547,nbeerbower/gemma2-gutenberg-9B,gemma2gutenberg9b,0,0,unmatched,,
3548,nbeerbower/llama-3-gutenberg-8B,llama3gutenberg8b,0,0,unmatched,,
3549,nbeerbower/llama3.1-cc-8B,llama31cc8b,0,0,unmatched,,
3550,nbeerbower/llama3.1-kartoffeldes-70B,llama31kartoffeldes70b,0,0,unmatched,,
3551,nbeerbower/mistral-nemo-bophades-12B,mistralnemobophades12b,0,0,unmatched,,
3552,nbeerbower/mistral-nemo-bophades3-12B,mistralnemobophades312b,0,0,unmatched,,
3553,nbeerbower/mistral-nemo-cc-12B,mistralnemocc12b,0,0,unmatched,,
3554,nbeerbower/mistral-nemo-gutades-12B,mistralnemogutades12b,0,0,unmatched,,
3555,nbeerbower/mistral-nemo-gutenberg-12B,mistralnemogutenberg12b,0,0,unmatched,,
3556,nbeerbower/mistral-nemo-gutenberg-12B-v2,mistralnemogutenberg12bv2,0,0,unmatched,,
3557,nbeerbower/mistral-nemo-gutenberg-12B-v3,mistralnemogutenberg12bv3,0,0,unmatched,,
3558,nbeerbower/mistral-nemo-gutenberg-12B-v4,mistralnemogutenberg12bv4,0,0,unmatched,,
3559,nbeerbower/mistral-nemo-gutenberg2-12B-test,mistralnemogutenberg212btest,0,0,unmatched,,
3560,nbeerbower/mistral-nemo-kartoffel-12B,mistralnemokartoffel12b,0,0,unmatched,,
3561,nbeerbower/mistral-nemo-narwhal-12B,mistralnemonarwhal12b,0,0,unmatched,,
3562,nbeerbower/mistral-nemo-wissenschaft-12B,mistralnemowissenschaft12b,0,0,unmatched,,
3563,nbrahme/IndusQ,indusq,0,0,unmatched,,
3564,necva/IE-cont-Llama3.1-8B,iecontllama318b,0,0,unmatched,,
3565,necva/replica-IEPile,replicaiepile,0,0,unmatched,,
3566,neopolita/jessi-v0.1-bf16-falcon3-7b-instruct,jessiv01bf16falcon37binstruct,0,0,unmatched,,
3567,neopolita/jessi-v0.1-falcon3-10b-instruct,jessiv01falcon310binstruct,0,0,unmatched,,
3568,neopolita/jessi-v0.1-qwen2.5-7b-instruct,jessiv01qwen257binstruct,0,0,unmatched,,
3569,neopolita/jessi-v0.1-virtuoso-small,jessiv01virtuososmall,0,0,unmatched,,
3570,neopolita/jessi-v0.2-falcon3-10b-instruct,jessiv02falcon310binstruct,0,0,unmatched,,
3571,neopolita/jessi-v0.2-falcon3-7b-instruct,jessiv02falcon37binstruct,0,0,unmatched,,
3572,neopolita/jessi-v0.3-falcon3-7b-instruct,jessiv03falcon37binstruct,0,0,unmatched,,
3573,neopolita/jessi-v0.4-falcon3-7b-instruct,jessiv04falcon37binstruct,0,0,unmatched,,
3574,neopolita/jessi-v0.5-falcon3-7b-instruct,jessiv05falcon37binstruct,0,0,unmatched,,
3575,neopolita/jessi-v0.6-falcon3-7b-instruct,jessiv06falcon37binstruct,0,0,unmatched,,
3576,neopolita/loki-v0.1-virtuoso,lokiv01virtuoso,0,0,unmatched,,
3577,netcat420/DeepSeek-R1-Distill-Qwen-MFANN-Slerp-7b,deepseekr1distillqwenmfannslerp7b,0,0,unmatched,,
3578,netcat420/DeepSeek-R1-MFANN-TIES-unretrained-7b,deepseekr1mfanntiesunretrained7b,0,0,unmatched,,
3579,netcat420/Llama3.1-MFANN-8b,llama31mfann8b,0,0,unmatched,,
3580,netcat420/MFANN-Llama3.1-Abliterated-SLERP-TIES-V2,mfannllama31abliteratedslerptiesv2,0,0,unmatched,,
3581,netcat420/MFANN-Llama3.1-Abliterated-SLERP-TIES-V3,mfannllama31abliteratedslerptiesv3,0,0,unmatched,,
3582,netcat420/MFANN-Llama3.1-Abliterated-SLERP-V4,mfannllama31abliteratedslerpv4,0,0,unmatched,,
3583,netcat420/MFANN-Llama3.1-Abliterated-SLERP-V5,mfannllama31abliteratedslerpv5,0,0,unmatched,,
3584,netcat420/MFANN-Llama3.1-Abliterated-Slerp-TIES,mfannllama31abliteratedslerpties,0,0,unmatched,,
3585,netcat420/MFANN-Llama3.1-Abliterated-Slerp-V3.2,mfannllama31abliteratedslerpv32,0,0,unmatched,,
3586,netcat420/MFANN-SFT,mfannsft,0,0,unmatched,,
3587,netcat420/MFANN-abliterated-phi2-merge-unretrained,mfannabliteratedphi2mergeunretrained,0,0,unmatched,,
3588,netcat420/MFANN-llama3.1-Abliterated-SLERP,mfannllama31abliteratedslerp,0,0,unmatched,,
3589,netcat420/MFANN-llama3.1-abliterated-SLERP-v3,mfannllama31abliteratedslerpv3,0,0,unmatched,,
3590,netcat420/MFANN-llama3.1-abliterated-SLERP-v3.1,mfannllama31abliteratedslerpv31,0,0,unmatched,,
3591,netcat420/MFANN-llama3.1-abliterated-v2,mfannllama31abliteratedv2,0,0,unmatched,,
3592,netcat420/MFANN-phigments-slerp-V2,mfannphigmentsslerpv2,0,0,unmatched,,
3593,netcat420/MFANN-phigments-slerp-V3.2,mfannphigmentsslerpv32,0,0,unmatched,,
3594,netcat420/MFANN-phigments-slerp-V3.3,mfannphigmentsslerpv33,0,0,unmatched,,
3595,netcat420/MFANN3b,mfann3b,0,0,unmatched,,
3596,netcat420/MFANN3bv0.15,mfann3bv015,0,0,unmatched,,
3597,netcat420/MFANN3bv0.18,mfann3bv018,0,0,unmatched,,
3598,netcat420/MFANN3bv0.19,mfann3bv019,0,0,unmatched,,
3599,netcat420/MFANN3bv0.20,mfann3bv020,0,0,unmatched,,
3600,netcat420/MFANN3bv0.21,mfann3bv021,0,0,unmatched,,
3601,netcat420/MFANN3bv0.22,mfann3bv022,0,0,unmatched,,
3602,netcat420/MFANN3bv0.23,mfann3bv023,0,0,unmatched,,
3603,netcat420/MFANN3bv0.24,mfann3bv024,0,0,unmatched,,
3604,netcat420/MFANN3bv1.1,mfann3bv11,0,0,unmatched,,
3605,netcat420/MFANN3bv1.2,mfann3bv12,0,0,unmatched,,
3606,netcat420/MFANN3bv1.3,mfann3bv13,0,0,unmatched,,
3607,netcat420/MFANN3bv1.4,mfann3bv14,0,0,unmatched,,
3608,netcat420/MFANNv0.19,mfannv019,0,0,unmatched,,
3609,netcat420/MFANNv0.20,mfannv020,0,0,unmatched,,
3610,netcat420/MFANNv0.21,mfannv021,0,0,unmatched,,
3611,netcat420/MFANNv0.22.1,mfannv0221,0,0,unmatched,,
3612,netcat420/MFANNv0.23,mfannv023,0,0,unmatched,,
3613,netcat420/MFANNv0.24,mfannv024,0,0,unmatched,,
3614,netcat420/MFANNv0.25,mfannv025,0,0,unmatched,,
3615,netcat420/Qwen2.5-7B-nerd-uncensored-v0.9-MFANN,qwen257bnerduncensoredv09mfann,0,0,unmatched,,
3616,netcat420/Qwen2.5-7b-MFANN-slerp,qwen257bmfannslerp,0,0,unmatched,,
3617,netcat420/Qwen2.5-7b-nerd-uncensored-MFANN-slerp,qwen257bnerduncensoredmfannslerp,0,0,unmatched,,
3618,netcat420/Qwen2.5-Coder-Scholar-7B-Abliterated-MFANN,qwen25coderscholar7babliteratedmfann,0,0,unmatched,,
3619,netcat420/Qwen2.5-Coder-Scholar-7B-Abliterated-MFANN-Slerp-Unretrained,qwen25coderscholar7babliteratedmfannslerpunretrained,0,0,unmatched,,
3620,netcat420/Qwen2.5-DeepSeek-R1-MFANN-Slerp-7b,qwen25deepseekr1mfannslerp7b,0,0,unmatched,,
3621,netcat420/Qwen2.5-MFANN-7b,qwen25mfann7b,0,0,unmatched,,
3622,netcat420/qwen2.5-MFANN-7b-SLERP-V1.2,qwen25mfann7bslerpv12,0,0,unmatched,,
3623,netcat420/qwen2.5-MFANN-7b-SLERPv1.1,qwen25mfann7bslerpv11,0,0,unmatched,,
3624,netcat420/qwen2.5-MFANN-7b-v1.1,qwen25mfann7bv11,0,0,unmatched,,
3625,netease-youdao/Confucius-o1-14B,confuciuso114b,0,0,unmatched,,
3626,newsbang/Homer-7B-v0.1,homer7bv01,0,0,unmatched,,
3627,newsbang/Homer-7B-v0.2,homer7bv02,0,0,unmatched,,
3628,newsbang/Homer-v0.3-Qwen2.5-7B,homerv03qwen257b,0,0,unmatched,,
3629,newsbang/Homer-v0.4-Qwen2.5-7B,homerv04qwen257b,0,0,unmatched,,
3630,newsbang/Homer-v0.5-Qwen2.5-7B,homerv05qwen257b,0,0,unmatched,,
3631,newsbang/Homer-v1.0-Qwen2.5-72B,homerv10qwen2572b,0,0,unmatched,,
3632,newsbang/Homer-v1.0-Qwen2.5-7B,homerv10qwen257b,0,0,unmatched,,
3633,nguyentd/FinancialAdvice-Qwen2.5-7B,financialadviceqwen257b,0,0,unmatched,,
3634,ngxson/MiniThinky-1B-Llama-3.2,minithinky1bllama32,0,0,unmatched,,
3635,ngxson/MiniThinky-v2-1B-Llama-3.2,minithinkyv21bllama32,0,0,unmatched,,
3636,nhyha/N3N_Delirium-v1_1030_0227,n3ndeliriumv110300227,0,0,unmatched,,
3637,nhyha/N3N_Llama-3.1-8B-Instruct_1028_0216,n3nllama318binstruct10280216,0,0,unmatched,,
3638,nhyha/N3N_gemma-2-9b-it_20241029_1532,n3ngemma29bit202410291532,0,0,unmatched,,
3639,nhyha/N3N_gemma-2-9b-it_20241110_2026,n3ngemma29bit202411102026,0,0,unmatched,,
3640,nhyha/merge_Qwen2.5-7B-Instruct_20241023_0314,mergeqwen257binstruct202410230314,0,0,unmatched,,
3641,nidum/Nidum-Limitless-Gemma-2B,nidumlimitlessgemma2b,0,0,unmatched,,
3642,nisten/franqwenstein-35b,franqwenstein35b,0,0,unmatched,,
3643,nisten/franqwenstein-35b,franqwenstein35b,0,0,unmatched,,
3644,nisten/tqwendo-36b,tqwendo36b,0,0,unmatched,,
3645,nlpguy/Lion-Lamarck-v.1.0.8,lionlamarckv108,0,0,unmatched,,
3646,nlpguy/Lion-Lamarck-v.1.0.9,lionlamarckv109,0,0,unmatched,,
3647,nlpguy/Lion-Lamarck-v.1.1.0,lionlamarckv110,0,0,unmatched,,
3648,nlpguy/Miisce-one,miisceone,0,0,unmatched,,
3649,nlpguy/Mistral-NeMo-Minitron-Upscale-v1,mistralnemominitronupscalev1,0,0,unmatched,,
3650,nlpguy/Mistral-NeMo-Minitron-Upscale-v2,mistralnemominitronupscalev2,0,0,unmatched,,
3651,nlpguy/Mistral-NeMo-Minitron-Upscale-v3,mistralnemominitronupscalev3,0,0,unmatched,,
3652,nlpguy/StableProse,stableprose,0,0,unmatched,,
3653,nlpguy/StarFusion-alpha1,starfusionalpha1,0,0,unmatched,,
3654,noname0202/Llama-3.2-4x3B-Instruct,llama324x3binstruct,0,0,unmatched,,
3655,noname0202/gemma-2-2b-it-ties,gemma22bitties,0,0,unmatched,,
3656,noname0202/gemma-2-9b-sft-jp-en-zh-v1,gemma29bsftjpenzhv1,0,0,unmatched,,
3657,noname0202/gemma-2-9b-sft-jp-en-zh-v2,gemma29bsftjpenzhv2,0,0,unmatched,,
3658,noname0202/llama-math-1b-r16-0to512tokens-test,llamamath1br160to512tokenstest,0,0,unmatched,,
3659,noname0202/llama-math-1b-r32-0to512tokens-test,llamamath1br320to512tokenstest,0,0,unmatched,,
3660,noname0202/llama-math-1b-r32-test,llamamath1br32test,0,0,unmatched,,
3661,noname0202/llama-math-1b-r8-512tokens-test,llamamath1br8512tokenstest,0,0,unmatched,,
3662,notbdq/Qwen2.5-14B-Instruct-1M-GRPO-Reasoning,qwen2514binstruct1mgrporeasoning,0,0,unmatched,,
3663,nothingiisreal/L3.1-8B-Celeste-V1.5,l318bcelestev15,0,0,unmatched,,
3664,nothingiisreal/MN-12B-Starcannon-v2,mn12bstarcannonv2,0,0,unmatched,,
3665,nothingiisreal/MN-12B-Starcannon-v3,mn12bstarcannonv3,0,0,unmatched,,
3666,nvidia/AceInstruct-1.5B,aceinstruct15b,0,0,unmatched,,
3667,nvidia/AceInstruct-72B,aceinstruct72b,0,0,unmatched,,
3668,nvidia/AceInstruct-7B,aceinstruct7b,0,0,unmatched,,
3669,nvidia/AceMath-1.5B-Instruct,acemath15binstruct,0,0,unmatched,,
3670,nvidia/AceMath-72B-Instruct,acemath72binstruct,0,0,unmatched,,
3671,nvidia/AceMath-72B-RM,acemath72brm,0,0,unmatched,,
3672,nvidia/AceMath-7B-Instruct,acemath7binstruct,0,0,unmatched,,
3673,nvidia/AceMath-7B-RM,acemath7brm,0,0,unmatched,,
3674,nvidia/Hymba-1.5B-Base,hymba15bbase,0,0,unmatched,,
3675,nvidia/Hymba-1.5B-Instruct,hymba15binstruct,0,0,unmatched,,
3676,nvidia/Llama-3.1-Minitron-4B-Depth-Base,llama31minitron4bdepthbase,0,0,unmatched,,
3677,nvidia/Llama-3.1-Nemotron-70B-Instruct-HF,llama31nemotron70binstruct,1,1,accepted_exact,1193.0,exact normalized name; parameter <= tolerance; organization compatible
3678,nvidia/Minitron-4B-Base,minitron4bbase,0,0,unmatched,,
3679,nvidia/Minitron-8B-Base,minitron8bbase,0,0,unmatched,,
3680,nvidia/Mistral-NeMo-Minitron-8B-Base,mistralnemominitron8bbase,0,0,unmatched,,
3681,nvidia/Mistral-NeMo-Minitron-8B-Instruct,mistralnemominitron8binstruct,0,0,unmatched,,
3682,nvidia/Nemotron-Mini-4B-Instruct,nemotronmini4binstruct,0,0,unmatched,,
3683,nvidia/OpenMath2-Llama3.1-8B,openmath2llama318b,0,0,unmatched,,
3684,nxmwxm/Beast-Soul-new,beastsoulnew,0,0,unmatched,,
3685,occiglot/occiglot-7b-es-en-instruct,occiglot7beseninstruct,0,0,unmatched,,
3686,odyssey-labs/Astral-1-10B,astral110b,0,0,unmatched,,
3687,olabs-ai/reflection_model,reflectionmodel,0,0,unmatched,,
3688,ontocord/Llama_3.2_1b-autoredteam_helpfulness-train,llama321bautoredteamhelpfulnesstrain,0,0,unmatched,,
3689,ontocord/RedPajama-3B-v1-AutoRedteam,redpajama3bv1autoredteam,0,0,unmatched,,
3690,ontocord/RedPajama-3B-v1-AutoRedteam-Harmless-only,redpajama3bv1autoredteamharmlessonly,0,0,unmatched,,
3691,ontocord/RedPajama3b_v1-autoredteam_helpfulness-train,redpajama3bv1autoredteamhelpfulnesstrain,0,0,unmatched,,
3692,ontocord/merged_0.2_expert_0.8,merged02expert08,0,0,unmatched,,
3693,ontocord/merged_0.2_expert_0.8-stack_2x,merged02expert08stack2x,0,0,unmatched,,
3694,ontocord/merged_0.5_expert_0.5,merged05expert05,0,0,unmatched,,
3695,ontocord/ontocord_wide_3b-stage1_shuf_sample1_jsonl-pretrained-autoredteam_helpful-0.25_helpful,ontocordwide3bstage1shufsample1jsonlpretrainedautoredteamhelpful025helpful,0,0,unmatched,,
3696,ontocord/ontocord_wide_7b-stacked-stage1,ontocordwide7bstackedstage1,0,0,unmatched,,
3697,ontocord/ontocord_wide_7b-stacked-stage1-instruct,ontocordwide7bstackedstage1instruct,0,0,unmatched,,
3698,ontocord/starcoder2-29b-ls,starcoder229bls,0,0,unmatched,,
3699,ontocord/starcoder2_3b-AutoRedteam,starcoder23bautoredteam,0,0,unmatched,,
3700,ontocord/wide_3b-merge_test,wide3bmergetest,0,0,unmatched,,
3701,ontocord/wide_3b-stage1_shuf_sample1_jsonl-pretrained,wide3bstage1shufsample1jsonlpretrained,0,0,unmatched,,
3702,ontocord/wide_3b_sft_stag1.2-lyrical_law_news_software_howto_formattedtext_math_wiki-merge,wide3bsftstag12lyricallawnewssoftwarehowtoformattedtextmathwikimerge,0,0,unmatched,,
3703,ontocord/wide_3b_sft_stag1.2-lyrical_news_software_howto_formattedtext-merge,wide3bsftstag12lyricalnewssoftwarehowtoformattedtextmerge,0,0,unmatched,,
3704,ontocord/wide_3b_sft_stage1.1-ss1-no_redteam_skg_poem.no_issue,wide3bsftstage11ss1noredteamskgpoemnoissue,0,0,unmatched,,
3705,ontocord/wide_3b_sft_stage1.1-ss1-with_generics_intr.no_issue,wide3bsftstage11ss1withgenericsintrnoissue,0,0,unmatched,,
3706,ontocord/wide_3b_sft_stage1.1-ss1-with_generics_intr_math.no_issue,wide3bsftstage11ss1withgenericsintrmathnoissue,0,0,unmatched,,
3707,ontocord/wide_3b_sft_stage1.1-ss1-with_generics_intr_math_stories.no_issue,wide3bsftstage11ss1withgenericsintrmathstoriesnoissue,0,0,unmatched,,
3708,ontocord/wide_3b_sft_stage1.1-ss1-with_generics_intr_math_stories.no_issue,wide3bsftstage11ss1withgenericsintrmathstoriesnoissue,0,0,unmatched,,
3709,ontocord/wide_3b_sft_stage1.1-ss1-with_generics_intr_math_stories_no_orig_instr.no_issue,wide3bsftstage11ss1withgenericsintrmathstoriesnooriginstrnoissue,0,0,unmatched,,
3710,ontocord/wide_3b_sft_stage1.1-ss1-with_generics_intr_stories.no_issue,wide3bsftstage11ss1withgenericsintrstoriesnoissue,0,0,unmatched,,
3711,ontocord/wide_3b_sft_stage1.1-ss1-with_generics_math.no_issue,wide3bsftstage11ss1withgenericsmathnoissue,0,0,unmatched,,
3712,ontocord/wide_3b_sft_stage1.1-ss1-with_math.no_issue,wide3bsftstage11ss1withmathnoissue,0,0,unmatched,,
3713,ontocord/wide_3b_sft_stage1.1-ss1-with_r1_generics_intr_math_stories.no_issue,wide3bsftstage11ss1withr1genericsintrmathstoriesnoissue,0,0,unmatched,,
3714,ontocord/wide_3b_sft_stage1.2-ss1-expert_fictional_lyrical,wide3bsftstage12ss1expertfictionallyrical,0,0,unmatched,,
3715,ontocord/wide_3b_sft_stage1.2-ss1-expert_formatted_text,wide3bsftstage12ss1expertformattedtext,0,0,unmatched,,
3716,ontocord/wide_3b_sft_stage1.2-ss1-expert_how-to,wide3bsftstage12ss1experthowto,0,0,unmatched,,
3717,ontocord/wide_3b_sft_stage1.2-ss1-expert_math,wide3bsftstage12ss1expertmath,0,0,unmatched,,
3718,ontocord/wide_3b_sft_stage1.2-ss1-expert_news,wide3bsftstage12ss1expertnews,0,0,unmatched,,
3719,ontocord/wide_3b_sft_stage1.2-ss1-expert_software,wide3bsftstage12ss1expertsoftware,0,0,unmatched,,
3720,ontocord/wide_6.6b_sft_stag1.2-lyrical_law_news_software_howto_formattedtext_math_wiki-merge-stacked,wide66bsftstag12lyricallawnewssoftwarehowtoformattedtextmathwikimergestacked,0,0,unmatched,,
3721,oobabooga/CodeBooga-34B-v0.1,codebooga34bv01,0,0,unmatched,,
3722,oopere/Llama-FinSent-S,llamafinsents,0,0,unmatched,,
3723,oopere/Llama-FinSent-S,llamafinsents,0,0,unmatched,,
3724,oopere/pruned10-llama-3.2-3B,pruned10llama323b,0,0,unmatched,,
3725,oopere/pruned20-llama-1b,pruned20llama1b,0,0,unmatched,,
3726,oopere/pruned20-llama-3.2-3b,pruned20llama323b,0,0,unmatched,,
3727,oopere/pruned40-llama-1b,pruned40llama1b,0,0,unmatched,,
3728,oopere/pruned40-llama-3.2-1B,pruned40llama321b,0,0,unmatched,,
3729,oopere/pruned40-llama-3.2-3b,pruned40llama323b,0,0,unmatched,,
3730,oopere/pruned60-llama-1b,pruned60llama1b,0,0,unmatched,,
3731,oopere/pruned60-llama-3.2-3b,pruned60llama323b,0,0,unmatched,,
3732,open-atlas/Atlas-Flash-1.5B-Preview,atlasflash15bpreview,0,0,unmatched,,
3733,open-atlas/Atlas-Flash-7B-Preview,atlasflash7bpreview,0,0,unmatched,,
3734,open-neo/Kyro-n1-3B,kyron13b,0,0,unmatched,,
3735,open-neo/Kyro-n1-7B,kyron17b,0,0,unmatched,,
3736,open-thoughts/OpenThinker-7B,openthinker7b,0,0,unmatched,,
3737,openai-community/gpt2,gpt2,0,0,unmatched,,
3738,openai-community/gpt2,gpt2,0,0,unmatched,,
3739,openai-community/gpt2-large,gpt2large,0,0,unmatched,,
3740,openai-community/gpt2-medium,gpt2medium,0,0,unmatched,,
3741,openai-community/gpt2-xl,gpt2xl,0,0,unmatched,,
3742,openbmb/MiniCPM-S-1B-sft-llama-format,minicpms1bsftllamaformat,0,0,unmatched,,
3743,openchat/openchat-3.5-0106,openchat350106,0,0,unmatched,,
3744,openchat/openchat-3.5-1210,openchat351210,0,0,unmatched,,
3745,openchat/openchat-3.6-8b-20240522,openchat368b20240522,0,0,unmatched,,
3746,openchat/openchat_3.5,openchat35,0,0,unmatched,,
3747,openchat/openchat_v3.2,openchatv32,0,0,unmatched,,
3748,openchat/openchat_v3.2_super,openchatv32super,0,0,unmatched,,
3749,orai-nlp/Llama-eus-8B,llamaeus8b,0,0,unmatched,,
3750,oxyapi/oxy-1-small,oxy1small,0,0,unmatched,,
3751,ozone-ai/0x-lite,0xlite,0,0,unmatched,,
3752,ozone-research/Chirp-01,chirp01,0,0,unmatched,,
3753,paloalma/ECE-TW3-JRGL-V1,ecetw3jrglv1,0,0,unmatched,,
3754,paloalma/ECE-TW3-JRGL-V2,ecetw3jrglv2,0,0,unmatched,,
3755,paloalma/ECE-TW3-JRGL-V5,ecetw3jrglv5,0,0,unmatched,,
3756,paloalma/Le_Triomphant-ECE-TW3,letriomphantecetw3,1,0,unmatched,,1401:parameter_or_org_conflict
3757,paloalma/TW3-JRGL-v2,tw3jrglv2,1,0,unmatched,,1400:parameter_or_org_conflict
3758,pankajmathur/Al_Dente_v1_8b,aldentev18b,0,0,unmatched,,
3759,pankajmathur/model_007_13b_v2,model00713bv2,0,0,unmatched,,
3760,pankajmathur/orca_mini_3b,orcamini3b,0,0,unmatched,,
3761,pankajmathur/orca_mini_7b,orcamini7b,0,0,unmatched,,
3762,pankajmathur/orca_mini_phi-4,orcaminiphi4,0,0,unmatched,,
3763,pankajmathur/orca_mini_v2_7b,orcaminiv27b,0,0,unmatched,,
3764,pankajmathur/orca_mini_v3_13b,orcaminiv313b,0,0,unmatched,,
3765,pankajmathur/orca_mini_v3_70b,orcaminiv370b,0,0,unmatched,,
3766,pankajmathur/orca_mini_v3_7b,orcaminiv37b,0,0,unmatched,,
3767,pankajmathur/orca_mini_v5_8b,orcaminiv58b,0,0,unmatched,,
3768,pankajmathur/orca_mini_v5_8b_dpo,orcaminiv58bdpo,0,0,unmatched,,
3769,pankajmathur/orca_mini_v5_8b_orpo,orcaminiv58borpo,0,0,unmatched,,
3770,pankajmathur/orca_mini_v6_8b,orcaminiv68b,0,0,unmatched,,
3771,pankajmathur/orca_mini_v6_8b_dpo,orcaminiv68bdpo,0,0,unmatched,,
3772,pankajmathur/orca_mini_v7_72b,orcaminiv772b,0,0,unmatched,,
3773,pankajmathur/orca_mini_v7_7b,orcaminiv77b,0,0,unmatched,,
3774,pankajmathur/orca_mini_v8_1_70b,orcaminiv8170b,0,0,unmatched,,
3775,pankajmathur/orca_mini_v9_0_3B-Instruct,orcaminiv903binstruct,0,0,unmatched,,
3776,pankajmathur/orca_mini_v9_1_1B-Instruct,orcaminiv911binstruct,0,0,unmatched,,
3777,pankajmathur/orca_mini_v9_2_14B,orcaminiv9214b,0,0,unmatched,,
3778,pankajmathur/orca_mini_v9_2_70b,orcaminiv9270b,0,0,unmatched,,
3779,pankajmathur/orca_mini_v9_4_70B,orcaminiv9470b,0,0,unmatched,,
3780,pankajmathur/orca_mini_v9_5_1B-Instruct,orcaminiv951binstruct,0,0,unmatched,,
3781,pankajmathur/orca_mini_v9_5_1B-Instruct_preview,orcaminiv951binstructpreview,0,0,unmatched,,
3782,pankajmathur/orca_mini_v9_5_3B-Instruct,orcaminiv953binstruct,0,0,unmatched,,
3783,pankajmathur/orca_mini_v9_6_1B-Instruct,orcaminiv961binstruct,0,0,unmatched,,
3784,pankajmathur/orca_mini_v9_6_3B-Instruct,orcaminiv963binstruct,0,0,unmatched,,
3785,pankajmathur/orca_mini_v9_7_1B-Instruct,orcaminiv971binstruct,0,0,unmatched,,
3786,pankajmathur/orca_mini_v9_7_3B-Instruct,orcaminiv973binstruct,0,0,unmatched,,
3787,paulml/ECE-ILAB-Q1,eceilabq1,0,0,unmatched,,
3788,pints-ai/1.5-Pints-16K-v0.1,15pints16kv01,0,0,unmatched,,
3789,pints-ai/1.5-Pints-2K-v0.1,15pints2kv01,0,0,unmatched,,
3790,piotr25691/thea-3b-25r,thea3b25r,0,0,unmatched,,
3791,piotr25691/thea-c-3b-25r,theac3b25r,0,0,unmatched,,
3792,piotr25691/thea-rp-3b-25r,thearp3b25r,0,0,unmatched,,
3793,postbot/gpt2-medium-emailgen,gpt2mediumemailgen,0,0,unmatched,,
3794,prince-canuma/Ministral-8B-Instruct-2410-HF,ministral8binstruct2410,0,0,unmatched,,
3795,princeton-nlp/Llama-3-8B-ProLong-512k-Base,llama38bprolong512kbase,0,0,unmatched,,
3796,princeton-nlp/Llama-3-8B-ProLong-512k-Instruct,llama38bprolong512kinstruct,0,0,unmatched,,
3797,princeton-nlp/Llama-3-8B-ProLong-64k-Base,llama38bprolong64kbase,0,0,unmatched,,
3798,princeton-nlp/Llama-3-8B-ProLong-64k-Instruct,llama38bprolong64kinstruct,0,0,unmatched,,
3799,princeton-nlp/Llama-3-Base-8B-SFT,llama3base8bsft,0,0,unmatched,,
3800,princeton-nlp/Llama-3-Base-8B-SFT-CPO,llama3base8bsftcpo,0,0,unmatched,,
3801,princeton-nlp/Llama-3-Base-8B-SFT-DPO,llama3base8bsftdpo,0,0,unmatched,,
3802,princeton-nlp/Llama-3-Base-8B-SFT-IPO,llama3base8bsftipo,0,0,unmatched,,
3803,princeton-nlp/Llama-3-Base-8B-SFT-KTO,llama3base8bsftkto,0,0,unmatched,,
3804,princeton-nlp/Llama-3-Base-8B-SFT-ORPO,llama3base8bsftorpo,0,0,unmatched,,
3805,princeton-nlp/Llama-3-Base-8B-SFT-RDPO,llama3base8bsftrdpo,0,0,unmatched,,
3806,princeton-nlp/Llama-3-Base-8B-SFT-RRHF,llama3base8bsftrrhf,0,0,unmatched,,
3807,princeton-nlp/Llama-3-Base-8B-SFT-SLiC-HF,llama3base8bsftslic,0,0,unmatched,,
3808,princeton-nlp/Llama-3-Base-8B-SFT-SimPO,llama3base8bsftsimpo,0,0,unmatched,,
3809,princeton-nlp/Llama-3-Instruct-8B-CPO,llama3instruct8bcpo,0,0,unmatched,,
3810,princeton-nlp/Llama-3-Instruct-8B-CPO-v0.2,llama3instruct8bcpov02,0,0,unmatched,,
3811,princeton-nlp/Llama-3-Instruct-8B-DPO,llama3instruct8bdpo,0,0,unmatched,,
3812,princeton-nlp/Llama-3-Instruct-8B-DPO-v0.2,llama3instruct8bdpov02,0,0,unmatched,,
3813,princeton-nlp/Llama-3-Instruct-8B-KTO,llama3instruct8bkto,0,0,unmatched,,
3814,princeton-nlp/Llama-3-Instruct-8B-KTO-v0.2,llama3instruct8bktov02,0,0,unmatched,,
3815,princeton-nlp/Llama-3-Instruct-8B-ORPO,llama3instruct8borpo,0,0,unmatched,,
3816,princeton-nlp/Llama-3-Instruct-8B-ORPO-v0.2,llama3instruct8borpov02,0,0,unmatched,,
3817,princeton-nlp/Llama-3-Instruct-8B-RDPO,llama3instruct8brdpo,0,0,unmatched,,
3818,princeton-nlp/Llama-3-Instruct-8B-RDPO-v0.2,llama3instruct8brdpov02,0,0,unmatched,,
3819,princeton-nlp/Llama-3-Instruct-8B-RRHF,llama3instruct8brrhf,0,0,unmatched,,
3820,princeton-nlp/Llama-3-Instruct-8B-RRHF-v0.2,llama3instruct8brrhfv02,0,0,unmatched,,
3821,princeton-nlp/Llama-3-Instruct-8B-SLiC-HF,llama3instruct8bslic,0,0,unmatched,,
3822,princeton-nlp/Llama-3-Instruct-8B-SLiC-HF-v0.2,llama3instruct8bslicv02,0,0,unmatched,,
3823,princeton-nlp/Llama-3-Instruct-8B-SimPO,llama3instruct8bsimpo,0,0,unmatched,,
3824,princeton-nlp/Llama-3-Instruct-8B-SimPO-v0.2,llama3instruct8bsimpov02,0,0,unmatched,,
3825,princeton-nlp/Mistral-7B-Base-SFT-CPO,mistral7bbasesftcpo,0,0,unmatched,,
3826,princeton-nlp/Mistral-7B-Base-SFT-DPO,mistral7bbasesftdpo,0,0,unmatched,,
3827,princeton-nlp/Mistral-7B-Base-SFT-IPO,mistral7bbasesftipo,0,0,unmatched,,
3828,princeton-nlp/Mistral-7B-Base-SFT-KTO,mistral7bbasesftkto,0,0,unmatched,,
3829,princeton-nlp/Mistral-7B-Base-SFT-RDPO,mistral7bbasesftrdpo,0,0,unmatched,,
3830,princeton-nlp/Mistral-7B-Base-SFT-RRHF,mistral7bbasesftrrhf,0,0,unmatched,,
3831,princeton-nlp/Mistral-7B-Base-SFT-SLiC-HF,mistral7bbasesftslic,0,0,unmatched,,
3832,princeton-nlp/Mistral-7B-Base-SFT-SimPO,mistral7bbasesftsimpo,0,0,unmatched,,
3833,princeton-nlp/Mistral-7B-Instruct-CPO,mistral7binstructcpo,0,0,unmatched,,
3834,princeton-nlp/Mistral-7B-Instruct-DPO,mistral7binstructdpo,0,0,unmatched,,
3835,princeton-nlp/Mistral-7B-Instruct-IPO,mistral7binstructipo,0,0,unmatched,,
3836,princeton-nlp/Mistral-7B-Instruct-KTO,mistral7binstructkto,0,0,unmatched,,
3837,princeton-nlp/Mistral-7B-Instruct-ORPO,mistral7binstructorpo,0,0,unmatched,,
3838,princeton-nlp/Mistral-7B-Instruct-RDPO,mistral7binstructrdpo,0,0,unmatched,,
3839,princeton-nlp/Mistral-7B-Instruct-RRHF,mistral7binstructrrhf,0,0,unmatched,,
3840,princeton-nlp/Mistral-7B-Instruct-SLiC-HF,mistral7binstructslic,0,0,unmatched,,
3841,princeton-nlp/Mistral-7B-Instruct-SimPO,mistral7binstructsimpo,0,0,unmatched,,
3842,princeton-nlp/Sheared-LLaMA-1.3B,shearedllama13b,0,0,unmatched,,
3843,princeton-nlp/Sheared-LLaMA-2.7B,shearedllama27b,0,0,unmatched,,
3844,princeton-nlp/gemma-2-9b-it-DPO,gemma29bitdpo,0,0,unmatched,,
3845,princeton-nlp/gemma-2-9b-it-SimPO,gemma29bitsimpo,0,0,unmatched,,
3846,prithivMLmods/Bellatrix-1.5B-xElite,bellatrix15bxelite,0,0,unmatched,,
3847,prithivMLmods/Bellatrix-Tiny-1.5B-R1,bellatrixtiny15br1,0,0,unmatched,,
3848,prithivMLmods/Bellatrix-Tiny-1B-v2,bellatrixtiny1bv2,0,0,unmatched,,
3849,prithivMLmods/Blaze-14B-xElite,blaze14bxelite,0,0,unmatched,,
3850,prithivMLmods/COCO-7B-Instruct-1M,coco7binstruct1m,0,0,unmatched,,
3851,prithivMLmods/Calcium-Opus-14B-Elite,calciumopus14belite,0,0,unmatched,,
3852,prithivMLmods/Calcium-Opus-14B-Elite-1M,calciumopus14belite1m,0,0,unmatched,,
3853,prithivMLmods/Calcium-Opus-14B-Elite-Stock,calciumopus14belitestock,0,0,unmatched,,
3854,prithivMLmods/Calcium-Opus-14B-Elite2,calciumopus14belite2,0,0,unmatched,,
3855,prithivMLmods/Calcium-Opus-14B-Elite2-R1,calciumopus14belite2r1,0,0,unmatched,,
3856,prithivMLmods/Calcium-Opus-14B-Elite3,calciumopus14belite3,0,0,unmatched,,
3857,prithivMLmods/Calcium-Opus-14B-Elite4,calciumopus14belite4,0,0,unmatched,,
3858,prithivMLmods/Calcium-Opus-14B-Merge,calciumopus14bmerge,0,0,unmatched,,
3859,prithivMLmods/Calcium-Opus-20B-v1,calciumopus20bv1,0,0,unmatched,,
3860,prithivMLmods/Codepy-Deepthink-3B,codepydeepthink3b,0,0,unmatched,,
3861,prithivMLmods/Coma-II-14B,comaii14b,0,0,unmatched,,
3862,prithivMLmods/Condor-Opus-14B-Exp,condoropus14bexp,0,0,unmatched,,
3863,prithivMLmods/Cygnus-II-14B,cygnusii14b,0,0,unmatched,,
3864,prithivMLmods/Deepthink-Llama-3-8B-Preview,deepthinkllama38bpreview,0,0,unmatched,,
3865,prithivMLmods/Deepthink-Reasoning-14B,deepthinkreasoning14b,0,0,unmatched,,
3866,prithivMLmods/Deepthink-Reasoning-7B,deepthinkreasoning7b,0,0,unmatched,,
3867,prithivMLmods/Dinobot-Opus-14B-Exp,dinobotopus14bexp,0,0,unmatched,,
3868,prithivMLmods/Elita-0.1-Distilled-R1-abliterated,elita01distilledr1abliterated,0,0,unmatched,,
3869,prithivMLmods/Elita-1,elita1,0,0,unmatched,,
3870,prithivMLmods/Epimetheus-14B-Axo,epimetheus14baxo,0,0,unmatched,,
3871,prithivMLmods/Equuleus-Opus-14B-Exp,equuleusopus14bexp,0,0,unmatched,,
3872,prithivMLmods/Eridanus-Opus-14B-r999,eridanusopus14br999,0,0,unmatched,,
3873,prithivMLmods/Evac-Opus-14B-Exp,evacopus14bexp,0,0,unmatched,,
3874,prithivMLmods/FastThink-0.5B-Tiny,fastthink05btiny,0,0,unmatched,,
3875,prithivMLmods/GWQ-9B-Preview,gwq9bpreview,0,0,unmatched,,
3876,prithivMLmods/GWQ-9B-Preview2,gwq9bpreview2,0,0,unmatched,,
3877,prithivMLmods/GWQ2b,gwq2b,0,0,unmatched,,
3878,prithivMLmods/Gaea-Opus-14B-Exp,gaeaopus14bexp,0,0,unmatched,,
3879,prithivMLmods/Galactic-Qwen-14B-Exp1,galacticqwen14bexp1,0,0,unmatched,,
3880,prithivMLmods/Galactic-Qwen-14B-Exp2,galacticqwen14bexp2,0,0,unmatched,,
3881,prithivMLmods/Gauss-Opus-14B-R999,gaussopus14br999,0,0,unmatched,,
3882,prithivMLmods/Jolt-v0.1,joltv01,0,0,unmatched,,
3883,prithivMLmods/Lacerta-Opus-14B-Elite8,lacertaopus14belite8,0,0,unmatched,,
3884,prithivMLmods/Llama-3.1-5B-Instruct,llama315binstruct,0,0,unmatched,,
3885,prithivMLmods/Llama-3.1-8B-Open-SFT,llama318bopensft,0,0,unmatched,,
3886,prithivMLmods/Llama-3.2-3B-Math-Oct,llama323bmathoct,0,0,unmatched,,
3887,prithivMLmods/Llama-3.2-6B-AlgoCode,llama326balgocode,0,0,unmatched,,
3888,prithivMLmods/Llama-8B-Distill-CoT,llama8bdistillcot,0,0,unmatched,,
3889,prithivMLmods/Llama-Deepsync-1B,llamadeepsync1b,0,0,unmatched,,
3890,prithivMLmods/Llama-Deepsync-3B,llamadeepsync3b,0,0,unmatched,,
3891,prithivMLmods/Llama-Express.1-Math,llamaexpress1math,0,0,unmatched,,
3892,prithivMLmods/LwQ-10B-Instruct,lwq10binstruct,0,0,unmatched,,
3893,prithivMLmods/LwQ-Reasoner-10B,lwqreasoner10b,0,0,unmatched,,
3894,prithivMLmods/Magellanic-Opus-14B-Exp,magellanicopus14bexp,0,0,unmatched,,
3895,prithivMLmods/Magellanic-Qwen-25B-R999,magellanicqwen25br999,0,0,unmatched,,
3896,prithivMLmods/Megatron-Corpus-14B-Exp,megatroncorpus14bexp,0,0,unmatched,,
3897,prithivMLmods/Megatron-Corpus-14B-Exp.v2,megatroncorpus14bexpv2,0,0,unmatched,,
3898,prithivMLmods/Megatron-Opus-14B-2.0,megatronopus14b20,0,0,unmatched,,
3899,prithivMLmods/Megatron-Opus-14B-2.1,megatronopus14b21,0,0,unmatched,,
3900,prithivMLmods/Megatron-Opus-14B-Exp,megatronopus14bexp,0,0,unmatched,,
3901,prithivMLmods/Megatron-Opus-14B-Stock,megatronopus14bstock,0,0,unmatched,,
3902,prithivMLmods/Megatron-Opus-7B-Exp,megatronopus7bexp,0,0,unmatched,,
3903,prithivMLmods/Messier-Opus-14B-Elite7,messieropus14belite7,0,0,unmatched,,
3904,prithivMLmods/Omni-Reasoner-Merged,omnireasonermerged,0,0,unmatched,,
3905,prithivMLmods/Omni-Reasoner3-Merged,omnireasoner3merged,0,0,unmatched,,
3906,prithivMLmods/Pegasus-Opus-14B-Exp,pegasusopus14bexp,0,0,unmatched,,
3907,prithivMLmods/Phi-4-Empathetic,phi4empathetic,0,0,unmatched,,
3908,prithivMLmods/Phi-4-Math-IO,phi4mathio,0,0,unmatched,,
3909,prithivMLmods/Phi-4-QwQ,phi4qwq,0,0,unmatched,,
3910,prithivMLmods/Phi-4-Super,phi4super,0,0,unmatched,,
3911,prithivMLmods/Phi-4-Super-1,phi4super1,0,0,unmatched,,
3912,prithivMLmods/Phi-4-Super-o1,phi4supero1,0,0,unmatched,,
3913,prithivMLmods/Phi-4-o1,phi4o1,0,0,unmatched,,
3914,prithivMLmods/Phi4-Super,phi4super,0,0,unmatched,,
3915,prithivMLmods/Porpoise-Opus-14B-Exp,porpoiseopus14bexp,0,0,unmatched,,
3916,prithivMLmods/Primal-Opus-14B-Optimus-v1,primalopus14boptimusv1,0,0,unmatched,,
3917,prithivMLmods/Primal-Opus-14B-Optimus-v2,primalopus14boptimusv2,0,0,unmatched,,
3918,prithivMLmods/QwQ-LCoT-14B-Conversational,qwqlcot14bconversational,0,0,unmatched,,
3919,prithivMLmods/QwQ-LCoT-3B-Instruct,qwqlcot3binstruct,0,0,unmatched,,
3920,prithivMLmods/QwQ-LCoT-7B-Instruct,qwqlcot7binstruct,0,0,unmatched,,
3921,prithivMLmods/QwQ-LCoT1-Merged,qwqlcot1merged,0,0,unmatched,,
3922,prithivMLmods/QwQ-LCoT2-7B-Instruct,qwqlcot27binstruct,0,0,unmatched,,
3923,prithivMLmods/QwQ-MathOct-7B,qwqmathoct7b,0,0,unmatched,,
3924,prithivMLmods/QwQ-R1-Distill-1.5B-CoT,qwqr1distill15bcot,0,0,unmatched,,
3925,prithivMLmods/QwQ-R1-Distill-7B-CoT,qwqr1distill7bcot,0,0,unmatched,,
3926,prithivMLmods/Qwen-7B-Distill-Reasoner,qwen7bdistillreasoner,0,0,unmatched,,
3927,prithivMLmods/Qwen2.5-1.5B-DeepSeek-R1-Instruct,qwen2515bdeepseekr1instruct,0,0,unmatched,,
3928,prithivMLmods/Qwen2.5-14B-DeepSeek-R1-1M,qwen2514bdeepseekr11m,0,0,unmatched,,
3929,prithivMLmods/Qwen2.5-7B-DeepSeek-R1-1M,qwen257bdeepseekr11m,0,0,unmatched,,
3930,prithivMLmods/SmolLM2-CoT-360M,smollm2cot360m,0,0,unmatched,,
3931,prithivMLmods/Sombrero-Opus-14B-Elite5,sombreroopus14belite5,0,0,unmatched,,
3932,prithivMLmods/Sombrero-Opus-14B-Elite6,sombreroopus14belite6,0,0,unmatched,,
3933,prithivMLmods/Sombrero-Opus-14B-Sm1,sombreroopus14bsm1,0,0,unmatched,,
3934,prithivMLmods/Sombrero-Opus-14B-Sm2,sombreroopus14bsm2,0,0,unmatched,,
3935,prithivMLmods/Sombrero-Opus-14B-Sm4,sombreroopus14bsm4,0,0,unmatched,,
3936,prithivMLmods/Sombrero-Opus-14B-Sm5,sombreroopus14bsm5,0,0,unmatched,,
3937,prithivMLmods/Sqweeks-7B-Instruct,sqweeks7binstruct,0,0,unmatched,,
3938,prithivMLmods/Tadpole-Opus-14B-Exp,tadpoleopus14bexp,0,0,unmatched,,
3939,prithivMLmods/Taurus-Opus-7B,taurusopus7b,0,0,unmatched,,
3940,prithivMLmods/Triangulum-10B,triangulum10b,0,0,unmatched,,
3941,prithivMLmods/Triangulum-5B,triangulum5b,0,0,unmatched,,
3942,prithivMLmods/Triangulum-v2-10B,triangulumv210b,0,0,unmatched,,
3943,prithivMLmods/Tucana-Opus-14B-r999,tucanaopus14br999,0,0,unmatched,,
3944,prithivMLmods/Tulu-MathLingo-8B,tulumathlingo8b,0,0,unmatched,,
3945,prithivMLmods/Viper-Coder-7B-Elite14,vipercoder7belite14,0,0,unmatched,,
3946,prithivMLmods/Viper-Coder-Hybrid-v1.2,vipercoderhybridv12,0,0,unmatched,,
3947,prithivMLmods/Viper-Coder-Hybrid-v1.3,vipercoderhybridv13,0,0,unmatched,,
3948,prithivMLmods/Viper-Coder-HybridMini-v1.3,vipercoderhybridminiv13,0,0,unmatched,,
3949,prithivMLmods/Viper-Coder-v0.1,vipercoderv01,0,0,unmatched,,
3950,prithivMLmods/Viper-Coder-v1.1,vipercoderv11,0,0,unmatched,,
3951,prithivMLmods/Viper-Coder-v1.6-r999,vipercoderv16r999,0,0,unmatched,,
3952,prithivMLmods/Viper-Coder-v1.7-Vsm6,vipercoderv17vsm6,0,0,unmatched,,
3953,prithivMLmods/Viper-OneCoder-UIGEN,viperonecoderuigen,0,0,unmatched,,
3954,prithivMLmods/Volans-Opus-14B-Exp,volansopus14bexp,0,0,unmatched,,
3955,prithivMLmods/WebMind-7B-v0.1,webmind7bv01,0,0,unmatched,,
3956,pszemraj/Llama-3-6.3b-v0.1,llama363bv01,0,0,unmatched,,
3957,pszemraj/Mistral-v0.3-6B,mistralv036b,0,0,unmatched,,
3958,qingy2019/LLaMa_3.2_3B_Catalysts,llama323bcatalysts,0,0,unmatched,,
3959,qingy2019/OpenMath2-Llama3.1-8B,openmath2llama318b,0,0,unmatched,,
3960,qingy2019/Oracle-14B,oracle14b,0,0,unmatched,,
3961,qingy2019/Oracle-14B,oracle14b,0,0,unmatched,,
3962,qingy2019/Qwen2.5-Math-14B-Instruct,qwen25math14binstruct,0,0,unmatched,,
3963,qingy2019/Qwen2.5-Math-14B-Instruct-Alpha,qwen25math14binstructalpha,0,0,unmatched,,
3964,qingy2019/Qwen2.5-Math-14B-Instruct-Pro,qwen25math14binstructpro,0,0,unmatched,,
3965,qingy2019/Qwen2.5-Ultimate-14B-Instruct,qwen25ultimate14binstruct,0,0,unmatched,,
3966,qingy2024/Benchmaxx-Llama-3.2-1B-Instruct,benchmaxxllama321binstruct,0,0,unmatched,,
3967,qingy2024/Eyas-17B-Instruct,eyas17binstruct,0,0,unmatched,,
3968,qingy2024/Falcon3-2x10B-MoE-Instruct,falcon32x10bmoeinstruct,0,0,unmatched,,
3969,qingy2024/Fusion-14B-Instruct,fusion14binstruct,0,0,unmatched,,
3970,qingy2024/Fusion2-14B-Instruct,fusion214binstruct,0,0,unmatched,,
3971,qingy2024/Fusion4-14B-Instruct,fusion414binstruct,0,0,unmatched,,
3972,qingy2024/OwO-14B-Instruct,owo14binstruct,0,0,unmatched,,
3973,qingy2024/QwEnlarge-16B-Instruct,qwenlarge16binstruct,0,0,unmatched,,
3974,qingy2024/QwQ-14B-Math-v0.2,qwq14bmathv02,0,0,unmatched,,
3975,qingy2024/Qwarkstar-4B,qwarkstar4b,0,0,unmatched,,
3976,qingy2024/Qwarkstar-4B-Instruct-Preview,qwarkstar4binstructpreview,0,0,unmatched,,
3977,qingy2024/Qwen2.5-4B,qwen254b,0,0,unmatched,,
3978,qingy2024/Qwen2.5-Coder-Draft-1.5B-Instruct,qwen25coderdraft15binstruct,0,0,unmatched,,
3979,qingy2024/Qwen2.5-Math-14B-Instruct-Alpha,qwen25math14binstructalpha,0,0,unmatched,,
3980,qingy2024/Qwen2.5-Math-14B-Instruct-Preview,qwen25math14binstructpreview,0,0,unmatched,,
3981,qingy2024/Qwen2.6-14B-Instruct,qwen2614binstruct,0,0,unmatched,,
3982,qingy2024/Qwen2.6-Math-14B-Instruct,qwen26math14binstruct,0,0,unmatched,,
3983,qq8933/OpenLongCoT-Base-Gemma2-2B,openlongcotbasegemma22b,0,0,unmatched,,
3984,raphgg/test-2.5-72B,test2572b,0,0,unmatched,,
3985,rasyosef/Mistral-NeMo-Minitron-8B-Chat,mistralnemominitron8bchat,0,0,unmatched,,
3986,rasyosef/Phi-1_5-Instruct-v0.1,phi15instructv01,0,0,unmatched,,
3987,rasyosef/phi-2-instruct-apo,phi2instructapo,0,0,unmatched,,
3988,rasyosef/phi-2-instruct-v0.1,phi2instructv01,0,0,unmatched,,
3989,realtreetune/rho-1b-sft-MATH,rho1bsftmath,0,0,unmatched,,
3990,recoilme/Gemma-2-Ataraxy-Gemmasutra-9B-slerp,gemma2ataraxygemmasutra9bslerp,0,0,unmatched,,
3991,recoilme/Gemma-2-Ataraxy-Gemmasutra-9B-slerp,gemma2ataraxygemmasutra9bslerp,0,0,unmatched,,
3992,recoilme/recoilme-gemma-2-9B-v0.1,recoilmegemma29bv01,0,0,unmatched,,
3993,recoilme/recoilme-gemma-2-9B-v0.2,recoilmegemma29bv02,0,0,unmatched,,
3994,recoilme/recoilme-gemma-2-9B-v0.2,recoilmegemma29bv02,0,0,unmatched,,
3995,recoilme/recoilme-gemma-2-9B-v0.3,recoilmegemma29bv03,0,0,unmatched,,
3996,recoilme/recoilme-gemma-2-9B-v0.3,recoilmegemma29bv03,0,0,unmatched,,
3997,recoilme/recoilme-gemma-2-9B-v0.4,recoilmegemma29bv04,0,0,unmatched,,
3998,recoilme/recoilme-gemma-2-9B-v0.5,recoilmegemma29bv05,0,0,unmatched,,
3999,redrix/AngelSlayer-12B-Unslop-Mell-RPMax-DARKNESS,angelslayer12bunslopmellrpmaxdarkness,0,0,unmatched,,
4000,redrix/patricide-12B-Unslop-Mell,patricide12bunslopmell,0,0,unmatched,,
4001,refuelai/Llama-3-Refueled,llama3refueled,0,0,unmatched,,
4002,rhplus0831/maid-yuzu-v7,maidyuzuv7,0,0,unmatched,,
4003,rhymes-ai/Aria,aria,1,1,accepted_exact,840.0,exact normalized name; parameter <= tolerance; organization compatible
4004,rhysjones/phi-2-orange-v2,phi2orangev2,0,0,unmatched,,
4005,riaz/FineLlama-3.1-8B,finellama318b,0,0,unmatched,,
4006,rmdhirr/Gluon-8B,gluon8b,0,0,unmatched,,
4007,rombodawg/Rombos-Coder-V2.5-Qwen-14b,romboscoderv25qwen14b,0,0,unmatched,,
4008,rombodawg/Rombos-Coder-V2.5-Qwen-7b,romboscoderv25qwen7b,0,0,unmatched,,
4009,rombodawg/Rombos-LLM-V2.5-Qwen-0.5b,rombosllmv25qwen05b,0,0,unmatched,,
4010,rombodawg/Rombos-LLM-V2.5-Qwen-1.5b,rombosllmv25qwen15b,0,0,unmatched,,
4011,rombodawg/Rombos-LLM-V2.5-Qwen-14b,rombosllmv25qwen14b,0,0,unmatched,,
4012,rombodawg/Rombos-LLM-V2.5-Qwen-32b,rombosllmv25qwen32b,0,0,unmatched,,
4013,rombodawg/Rombos-LLM-V2.5-Qwen-3b,rombosllmv25qwen3b,0,0,unmatched,,
4014,rombodawg/Rombos-LLM-V2.5-Qwen-72b,rombosllmv25qwen72b,0,0,unmatched,,
4015,rombodawg/Rombos-LLM-V2.5-Qwen-7b,rombosllmv25qwen7b,0,0,unmatched,,
4016,rombodawg/Rombos-LLM-V2.5.1-Qwen-3b,rombosllmv251qwen3b,0,0,unmatched,,
4017,rombodawg/Rombos-LLM-V2.5.1-Qwen-3b,rombosllmv251qwen3b,0,0,unmatched,,
4018,rombodawg/Rombos-LLM-V2.6-Nemotron-70b,rombosllmv26nemotron70b,0,0,unmatched,,
4019,rombodawg/Rombos-LLM-V2.6-Qwen-14b,rombosllmv26qwen14b,0,0,unmatched,,
4020,rombodawg/rombos_Replete-Coder-Instruct-8b-Merged,rombosrepletecoderinstruct8bmerged,0,0,unmatched,,
4021,rombodawg/rombos_Replete-Coder-Llama3-8B,rombosrepletecoderllama38b,0,0,unmatched,,
4022,rootxhacker/Apollo-70B,apollo70b,0,0,unmatched,,
4023,rootxhacker/Apollo_v2-32B,apollov232b,0,0,unmatched,,
4024,rootxhacker/apollo-7B,apollo7b,2,0,unmatched,,660:parameter_or_org_conflict;664:parameter_or_org_conflict
4025,rsh345/mistral-ft-optimized-1218-NeuralHermes-2.5-Mistral-7B,mistralftoptimized1218neuralhermes25mistral7b,0,0,unmatched,,
4026,rubenroy/Geneva-12B-GCv2-5m,geneva12bgcv25m,0,0,unmatched,,
4027,rubenroy/Gilgamesh-72B,gilgamesh72b,0,0,unmatched,,
4028,rubenroy/Zurich-14B-GCv2-5m,zurich14bgcv25m,0,0,unmatched,,
4029,ruizhe1217/sft-s1-qwen-0.5b,sfts1qwen05b,0,0,unmatched,,
4030,rwitz/go-bruins-v2,gobruinsv2,0,0,unmatched,,
4031,sabersaleh/Llama2-7B-CPO,llama27bcpo,0,0,unmatched,,
4032,sabersaleh/Llama2-7B-DPO,llama27bdpo,0,0,unmatched,,
4033,sabersaleh/Llama2-7B-IPO,llama27bipo,0,0,unmatched,,
4034,sabersaleh/Llama2-7B-KTO,llama27bkto,0,0,unmatched,,
4035,sabersaleh/Llama2-7B-SPO,llama27bspo,0,0,unmatched,,
4036,sabersaleh/Llama2-7B-SimPO,llama27bsimpo,0,0,unmatched,,
4037,sabersaleh/Llama3,llama3,0,0,unmatched,,
4038,sabersalehk/Llama3-001-300,llama3001300,0,0,unmatched,,
4039,sabersalehk/Llama3-SimPO,llama3simpo,0,0,unmatched,,
4040,sabersalehk/Llama3_001_200,llama3001200,0,0,unmatched,,
4041,sabersalehk/Llama3_01_300,llama301300,0,0,unmatched,,
4042,saishf/Fimbulvetr-Kuro-Lotus-10.7B,fimbulvetrkurolotus107b,0,0,unmatched,,
4043,saishf/Neural-SOVLish-Devil-8B-L3,neuralsovlishdevil8bl3,0,0,unmatched,,
4044,saishshinde15/TethysAI_Base_Reasoning,tethysaibasereasoning,0,0,unmatched,,
4045,saishshinde15/TethysAI_Vortex,tethysaivortex,0,0,unmatched,,
4046,saishshinde15/TethysAI_Vortex_Reasoning,tethysaivortexreasoning,0,0,unmatched,,
4047,sakaltcommunity/novablast-preview,novablastpreview,0,0,unmatched,,
4048,sakaltcommunity/sakaltum-7b,sakaltum7b,0,0,unmatched,,
4049,sakhan10/quantized_open_llama_3b_v2,quantizedopenllama3bv2,0,0,unmatched,,
4050,saltlux/luxia-21.4b-alignment-v1.0,luxia214balignmentv10,0,0,unmatched,,
4051,saltlux/luxia-21.4b-alignment-v1.2,luxia214balignmentv12,0,0,unmatched,,
4052,sam-paech/Darkest-muse-v1,darkestmusev1,0,0,unmatched,,
4053,sam-paech/Delirium-v1,deliriumv1,0,0,unmatched,,
4054,sam-paech/Quill-v1,quillv1,0,0,unmatched,,
4055,sarvamai/OpenHathi-7B-Hi-v0.1-Base,openhathi7bhiv01base,0,0,unmatched,,
4056,schnapss/testmerge-7b,testmerge7b,0,0,unmatched,,
4057,sci-m-wang/Mistral-7B-Instruct-sa-v0.1,mistral7binstructsav01,0,0,unmatched,,
4058,sci-m-wang/Phi-3-mini-4k-instruct-sa-v0.1,phi3mini4kinstructsav01,0,0,unmatched,,
4059,sci-m-wang/deepseek-llm-7b-chat-sa-v0.1,deepseekllm7bchatsav01,0,0,unmatched,,
4060,securin/Securin-LLM-V2.5-Qwen-1.5B,securinllmv25qwen15b,0,0,unmatched,,
4061,senseable/WestLake-7B-v2,westlake7bv2,0,0,unmatched,,
4062,sequelbox/Llama3.1-70B-PlumChat,llama3170bplumchat,0,0,unmatched,,
4063,sequelbox/Llama3.1-8B-MOTH,llama318bmoth,0,0,unmatched,,
4064,sequelbox/Llama3.1-8B-PlumChat,llama318bplumchat,0,0,unmatched,,
4065,sequelbox/Llama3.1-8B-PlumCode,llama318bplumcode,0,0,unmatched,,
4066,sequelbox/Llama3.1-8B-PlumMath,llama318bplummath,0,0,unmatched,,
4067,sequelbox/gemma-2-9B-MOTH,gemma29bmoth,0,0,unmatched,,
4068,sethuiyer/Llama-3.1-8B-Experimental-1206-Instruct,llama318bexperimental1206instruct,0,0,unmatched,,
4069,sethuiyer/Llama-3.1-8B-Experimental-1208-Instruct,llama318bexperimental1208instruct,0,0,unmatched,,
4070,sethuiyer/LlamaZero-3.1-8B-Experimental-1208,llamazero318bexperimental1208,0,0,unmatched,,
4071,sethuiyer/Llamaverse-3.1-8B-Instruct,llamaverse318binstruct,0,0,unmatched,,
4072,sethuiyer/Llamazing-3.1-8B-Instruct,llamazing318binstruct,0,0,unmatched,,
4073,sethuiyer/Qwen2.5-7B-Anvita,qwen257banvita,0,0,unmatched,,
4074,shadowml/BeagSake-7B,beagsake7b,0,0,unmatched,,
4075,shadowml/Mixolar-4x7b,mixolar4x7b,0,0,unmatched,,
4076,shastraai/Shastra-LLAMA2-Math-Commonsense-SFT,shastrallama2mathcommonsensesft,0,0,unmatched,,
4077,shivam9980/NEPALI-LLM,nepalillm,0,0,unmatched,,
4078,shivam9980/mistral-7b-news-cnn-merged,mistral7bnewscnnmerged,0,0,unmatched,,
4079,shivank21/mistral_dpo_self,mistraldpoself,0,0,unmatched,,
4080,shuttleai/shuttle-3,shuttle3,0,0,unmatched,,
4081,shyamieee/Padma-v7.0,padmav70,0,0,unmatched,,
4082,silma-ai/SILMA-9B-Instruct-v1.0,silma9binstructv10,0,0,unmatched,,
4083,silma-ai/SILMA-Kashif-2B-Instruct-v1.0,silmakashif2binstructv10,0,0,unmatched,,
4084,siqi00/Mistral-7B-DFT,mistral7bdft,0,0,unmatched,,
4085,siqi00/Mistral-7B-DFT2,mistral7bdft2,0,0,unmatched,,
4086,skumar9/Llama-medx_v2,llamamedxv2,0,0,unmatched,,
4087,skymizer/Llama2-7b-sft-chat-custom-template-dpo,llama27bsftchatcustomtemplatedpo,0,0,unmatched,,
4088,someon98/qwen-CoMa-0.5b,qwencoma05b,0,0,unmatched,,
4089,sometimesanotion/ChocoTrio-14B-v1,chocotrio14bv1,0,0,unmatched,,
4090,sometimesanotion/IF-reasoning-experiment-40,ifreasoningexperiment40,0,0,unmatched,,
4091,sometimesanotion/IF-reasoning-experiment-80,ifreasoningexperiment80,0,0,unmatched,,
4092,sometimesanotion/KytheraMix-7B-v0.2,kytheramix7bv02,0,0,unmatched,,
4093,sometimesanotion/Lamarck-14B-v0.1-experimental,lamarck14bv01experimental,0,0,unmatched,,
4094,sometimesanotion/Lamarck-14B-v0.3,lamarck14bv03,0,0,unmatched,,
4095,sometimesanotion/Lamarck-14B-v0.4-Qwenvergence,lamarck14bv04qwenvergence,0,0,unmatched,,
4096,sometimesanotion/Lamarck-14B-v0.6,lamarck14bv06,0,0,unmatched,,
4097,sometimesanotion/Lamarck-14B-v0.6-002-model_stock,lamarck14bv06002modelstock,0,0,unmatched,,
4098,sometimesanotion/Lamarck-14B-v0.6-model_stock,lamarck14bv06modelstock,0,0,unmatched,,
4099,sometimesanotion/Lamarck-14B-v0.7-Fusion,lamarck14bv07fusion,0,0,unmatched,,
4100,sometimesanotion/Lamarck-14B-v0.7-rc1,lamarck14bv07rc1,0,0,unmatched,,
4101,sometimesanotion/Lamarck-14B-v0.7-rc4,lamarck14bv07rc4,0,0,unmatched,,
4102,sometimesanotion/LamarckInfusion-14B-v1,lamarckinfusion14bv1,0,0,unmatched,,
4103,sometimesanotion/LamarckInfusion-14B-v2,lamarckinfusion14bv2,0,0,unmatched,,
4104,sometimesanotion/LamarckInfusion-14B-v2-hi,lamarckinfusion14bv2hi,0,0,unmatched,,
4105,sometimesanotion/LamarckInfusion-14B-v2-lo,lamarckinfusion14bv2lo,0,0,unmatched,,
4106,sometimesanotion/LamarckInfusion-14B-v3,lamarckinfusion14bv3,0,0,unmatched,,
4107,sometimesanotion/Qwen-14B-ProseStock-v4,qwen14bprosestockv4,0,0,unmatched,,
4108,sometimesanotion/Qwen-2.5-14B-Virmarckeoso,qwen2514bvirmarckeoso,0,0,unmatched,,
4109,sometimesanotion/Qwen2.5-14B-Vimarckoso,qwen2514bvimarckoso,0,0,unmatched,,
4110,sometimesanotion/Qwen2.5-14B-Vimarckoso-v2,qwen2514bvimarckosov2,0,0,unmatched,,
4111,sometimesanotion/Qwen2.5-14B-Vimarckoso-v3,qwen2514bvimarckosov3,0,0,unmatched,,
4112,sometimesanotion/Qwen2.5-14B-Vimarckoso-v3-IF-Variant,qwen2514bvimarckosov3ifvariant,0,0,unmatched,,
4113,sometimesanotion/Qwen2.5-14B-Vimarckoso-v3-Prose01,qwen2514bvimarckosov3prose01,0,0,unmatched,,
4114,sometimesanotion/Qwen2.5-14B-Vimarckoso-v3-model_stock,qwen2514bvimarckosov3modelstock,0,0,unmatched,,
4115,sometimesanotion/Qwen2.5-7B-Gordion-v0.1,qwen257bgordionv01,0,0,unmatched,,
4116,sometimesanotion/Qwen2.5-7B-Gordion-v0.1-Prose,qwen257bgordionv01prose,0,0,unmatched,,
4117,sometimesanotion/Qwen2.5-7B-Gordion-v0.1-Reason,qwen257bgordionv01reason,0,0,unmatched,,
4118,sometimesanotion/Qwentessential-14B-v1,qwentessential14bv1,0,0,unmatched,,
4119,sometimesanotion/Qwentinuum-14B-v013,qwentinuum14bv013,0,0,unmatched,,
4120,sometimesanotion/Qwentinuum-14B-v1,qwentinuum14bv1,0,0,unmatched,,
4121,sometimesanotion/Qwentinuum-14B-v2,qwentinuum14bv2,0,0,unmatched,,
4122,sometimesanotion/Qwentinuum-14B-v3,qwentinuum14bv3,0,0,unmatched,,
4123,sometimesanotion/Qwentinuum-14B-v5,qwentinuum14bv5,0,0,unmatched,,
4124,sometimesanotion/Qwentinuum-14B-v6,qwentinuum14bv6,0,0,unmatched,,
4125,sometimesanotion/Qwentinuum-14B-v6-Prose,qwentinuum14bv6prose,0,0,unmatched,,
4126,sometimesanotion/Qwentinuum-14B-v7,qwentinuum14bv7,0,0,unmatched,,
4127,sometimesanotion/Qwentinuum-14B-v8,qwentinuum14bv8,0,0,unmatched,,
4128,sometimesanotion/Qwentinuum-14B-v9,qwentinuum14bv9,0,0,unmatched,,
4129,sometimesanotion/Qwenvergence-14B-qv256,qwenvergence14bqv256,0,0,unmatched,,
4130,sometimesanotion/Qwenvergence-14B-v0.6-004-model_stock,qwenvergence14bv06004modelstock,0,0,unmatched,,
4131,sometimesanotion/Qwenvergence-14B-v10,qwenvergence14bv10,0,0,unmatched,,
4132,sometimesanotion/Qwenvergence-14B-v11,qwenvergence14bv11,0,0,unmatched,,
4133,sometimesanotion/Qwenvergence-14B-v12-Prose,qwenvergence14bv12prose,0,0,unmatched,,
4134,sometimesanotion/Qwenvergence-14B-v12-Prose-DS,qwenvergence14bv12proseds,0,0,unmatched,,
4135,sometimesanotion/Qwenvergence-14B-v13-Prose-DS,qwenvergence14bv13proseds,0,0,unmatched,,
4136,sometimesanotion/Qwenvergence-14B-v15-Prose-MS,qwenvergence14bv15prosems,0,0,unmatched,,
4137,sometimesanotion/Qwenvergence-14B-v2-Prose,qwenvergence14bv2prose,0,0,unmatched,,
4138,sometimesanotion/Qwenvergence-14B-v3,qwenvergence14bv3,0,0,unmatched,,
4139,sometimesanotion/Qwenvergence-14B-v3-Prose,qwenvergence14bv3prose,0,0,unmatched,,
4140,sometimesanotion/Qwenvergence-14B-v3-Reason,qwenvergence14bv3reason,0,0,unmatched,,
4141,sometimesanotion/Qwenvergence-14B-v3-Reason,qwenvergence14bv3reason,0,0,unmatched,,
4142,sometimesanotion/Qwenvergence-14B-v6-Prose,qwenvergence14bv6prose,0,0,unmatched,,
4143,sometimesanotion/Qwenvergence-14B-v6-Prose-model_stock,qwenvergence14bv6prosemodelstock,0,0,unmatched,,
4144,sometimesanotion/Qwenvergence-14B-v8,qwenvergence14bv8,0,0,unmatched,,
4145,sometimesanotion/Qwenvergence-14B-v9,qwenvergence14bv9,0,0,unmatched,,
4146,sometimesanotion/lamarck-14b-prose-model_stock,lamarck14bprosemodelstock,0,0,unmatched,,
4147,sometimesanotion/lamarck-14b-reason-model_stock,lamarck14breasonmodelstock,0,0,unmatched,,
4148,sonthenguyen/ft-unsloth-zephyr-sft-bnb-4bit-20241014-161415,ftunslothzephyrsftbnb4bit20241014161415,0,0,unmatched,,
4149,sonthenguyen/ft-unsloth-zephyr-sft-bnb-4bit-20241014-164205,ftunslothzephyrsftbnb4bit20241014164205,0,0,unmatched,,
4150,sonthenguyen/ft-unsloth-zephyr-sft-bnb-4bit-20241014-170522,ftunslothzephyrsftbnb4bit20241014170522,0,0,unmatched,,
4151,sonthenguyen/zephyr-sft-bnb-4bit-DPO-mtbc-213steps,zephyrsftbnb4bitdpomtbc213steps,0,0,unmatched,,
4152,sonthenguyen/zephyr-sft-bnb-4bit-DPO-mtbo-180steps,zephyrsftbnb4bitdpomtbo180steps,0,0,unmatched,,
4153,sonthenguyen/zephyr-sft-bnb-4bit-DPO-mtbr-180steps,zephyrsftbnb4bitdpomtbr180steps,0,0,unmatched,,
4154,sophosympatheia/Midnight-Miqu-70B-v1.5,midnightmiqu70bv15,0,0,unmatched,,
4155,speakleash/Bielik-11B-v2,bielik11bv2,1,1,accepted_exact,1018.0,exact normalized name; parameter <= tolerance; organization compatible
4156,speakleash/Bielik-11B-v2.0-Instruct,bielik11bv20instruct,0,0,unmatched,,
4157,speakleash/Bielik-11B-v2.1-Instruct,bielik11bv21instruct,0,0,unmatched,,
4158,speakleash/Bielik-11B-v2.2-Instruct,bielik11bv22instruct,0,0,unmatched,,
4159,speakleash/Bielik-11B-v2.3-Instruct,bielik11bv23instruct,0,0,unmatched,,
4160,spmurrayzzz/Mistral-Syndicate-7B,mistralsyndicate7b,0,0,unmatched,,
4161,spow12/ChatWaifu_12B_v2.0,chatwaifu12bv20,0,0,unmatched,,
4162,spow12/ChatWaifu_22B_v2.0_preview,chatwaifu22bv20preview,0,0,unmatched,,
4163,spow12/ChatWaifu_v1.4,chatwaifuv14,0,0,unmatched,,
4164,spow12/ChatWaifu_v2.0_22B,chatwaifuv2022b,0,0,unmatched,,
4165,spow12/ChatWaifu_v2.0_22B,chatwaifuv2022b,0,0,unmatched,,
4166,ssmits/Qwen2.5-95B-Instruct,qwen2595binstruct,0,0,unmatched,,
4167,stabilityai/StableBeluga2,stablebeluga2,1,1,accepted_exact,1847.0,exact normalized name; parameter <= tolerance; organization compatible
4168,stabilityai/stablelm-2-12b,stablelm212b,2,2,accepted_exact_unique_compute,1376.0,exact normalized name; parameter <= tolerance; organization compatible
4169,stabilityai/stablelm-2-12b-chat,stablelm212bchat,0,0,unmatched,,
4170,stabilityai/stablelm-2-1_6b,stablelm216b,1,1,accepted_exact,1534.0,exact normalized name; parameter <= tolerance; organization compatible
4171,stabilityai/stablelm-2-1_6b-chat,stablelm216bchat,0,0,unmatched,,
4172,stabilityai/stablelm-2-zephyr-1_6b,stablelm2zephyr16b,0,0,unmatched,,
4173,stabilityai/stablelm-3b-4e1t,stablelm3b4e1t,1,1,accepted_exact,1749.0,exact normalized name; parameter <= tolerance; organization compatible
4174,stabilityai/stablelm-zephyr-3b,stablelmzephyr3b,1,0,unmatched,,1607:parameter_or_org_conflict
4175,sthenno/tempesthenno-0120,tempesthenno0120,0,0,unmatched,,
4176,sthenno/tempesthenno-fusion-0309,tempesthennofusion0309,0,0,unmatched,,
4177,sthenno/tempesthenno-kto-0205-ckpt80,tempesthennokto0205ckpt80,0,0,unmatched,,
4178,sthenno/tempesthenno-nuslerp-001,tempesthennonuslerp001,0,0,unmatched,,
4179,sthenno/tempesthenno-nuslerp-0124,tempesthennonuslerp0124,0,0,unmatched,,
4180,sthenno/tempesthenno-ppo-ckpt40,tempesthennoppockpt40,0,0,unmatched,,
4181,sthenno/tempesthenno-sft-0309-ckpt10,tempesthennosft0309ckpt10,0,0,unmatched,,
4182,sthenno/tempesthenno-sft-0314-stage1-ckpt50,tempesthennosft0314stage1ckpt50,0,0,unmatched,,
4183,sthenno/tempestissimo-14b-0309,tempestissimo14b0309,0,0,unmatched,,
4184,sthenno-com/miscii-14b-0130,miscii14b0130,0,0,unmatched,,
4185,sthenno-com/miscii-14b-0218,miscii14b0218,0,0,unmatched,,
4186,sthenno-com/miscii-14b-1028,miscii14b1028,0,0,unmatched,,
4187,sthenno-com/miscii-14b-1225,miscii14b1225,0,0,unmatched,,
4188,streamerbtw1002/Nexuim-R1-7B-Instruct,nexuimr17binstruct,0,0,unmatched,,
4189,stupidity-ai/Llama-3-8B-Instruct-MultiMoose,llama38binstructmultimoose,0,0,unmatched,,
4190,suayptalha/Clarus-7B-v0.1,clarus7bv01,0,0,unmatched,,
4191,suayptalha/Clarus-7B-v0.2,clarus7bv02,0,0,unmatched,,
4192,suayptalha/Clarus-7B-v0.3,clarus7bv03,0,0,unmatched,,
4193,suayptalha/DeepSeek-R1-Distill-Llama-3B,deepseekr1distillllama3b,0,0,unmatched,,
4194,suayptalha/Falcon3-Jessi-v0.4-7B-Slerp,falcon3jessiv047bslerp,0,0,unmatched,,
4195,suayptalha/HomerCreativeAnvita-Mix-Qw7B,homercreativeanvitamixqw7b,0,0,unmatched,,
4196,suayptalha/Komodo-Llama-3.2-3B-v2-fp16,komodollama323bv2fp16,0,0,unmatched,,
4197,suayptalha/Lamarckvergence-14B,lamarckvergence14b,0,0,unmatched,,
4198,suayptalha/Lix-14B-v0.1,lix14bv01,0,0,unmatched,,
4199,suayptalha/Luminis-phi-4,luminisphi4,0,0,unmatched,,
4200,suayptalha/Maestro-10B,maestro10b,0,0,unmatched,,
4201,suayptalha/Rombos-2.5-T.E-8.1,rombos25te81,0,0,unmatched,,
4202,sumink/Qmerft,qmerft,0,0,unmatched,,
4203,sumink/Qwenftmodel,qwenftmodel,0,0,unmatched,,
4204,sumink/Qwenmplus,qwenmplus,0,0,unmatched,,
4205,sumink/Qwensci,qwensci,0,0,unmatched,,
4206,sumink/bbhqwen,bbhqwen,0,0,unmatched,,
4207,sumink/bbhqwen2,bbhqwen2,0,0,unmatched,,
4208,sumink/bbhqwen3,bbhqwen3,0,0,unmatched,,
4209,sumink/bbhqwen4,bbhqwen4,0,0,unmatched,,
4210,sumink/bbhqwen5,bbhqwen5,0,0,unmatched,,
4211,sumink/bbhqwen6,bbhqwen6,0,0,unmatched,,
4212,sumink/flflmillama,flflmillama,0,0,unmatched,,
4213,sumink/ftgpt,ftgpt,0,0,unmatched,,
4214,sumink/llamaft,llamaft,0,0,unmatched,,
4215,sumink/llamamerge,llamamerge,0,0,unmatched,,
4216,sumink/llftfl7,llftfl7,0,0,unmatched,,
4217,sumink/llmer,llmer,0,0,unmatched,,
4218,sumink/qwft,qwft,0,0,unmatched,,
4219,sumink/qwmer,qwmer,0,0,unmatched,,
4220,sumink/solarmer3,solarmer3,0,0,unmatched,,
4221,sumink/somer,somer,0,0,unmatched,,
4222,sumink/somer2,somer2,0,0,unmatched,,
4223,sumink/somerft,somerft,0,0,unmatched,,
4224,sunbaby/BrainCog-8B-0.1-Instruct,braincog8b01instruct,0,0,unmatched,,
4225,swap-uniba/LLaMAntino-3-ANITA-8B-Inst-DPO-ITA,llamantino3anita8binstdpoita,0,0,unmatched,,
4226,synergetic/FrankenQwen2.5-14B,frankenqwen2514b,0,0,unmatched,,
4227,talha2001/Beast-Soul-new,beastsoulnew,0,0,unmatched,,
4228,tangledgroup/tangled-llama-pints-1.5b-v0.1-instruct,tangledllamapints15bv01instruct,0,0,unmatched,,
4229,tangledgroup/tangled-llama-pints-1.5b-v0.2-instruct,tangledllamapints15bv02instruct,0,0,unmatched,,
4230,tanliboy/lambda-gemma-2-9b-dpo,lambdagemma29bdpo,0,0,unmatched,,
4231,tanliboy/lambda-qwen2.5-14b-dpo-test,lambdaqwen2514bdpotest,0,0,unmatched,,
4232,tanliboy/lambda-qwen2.5-32b-dpo-test,lambdaqwen2532bdpotest,0,0,unmatched,,
4233,tannedbum/Ellaria-9B,ellaria9b,0,0,unmatched,,
4234,tannedbum/L3-Nymeria-Maid-8B,l3nymeriamaid8b,0,0,unmatched,,
4235,tannedbum/L3-Nymeria-v2-8B,l3nymeriav28b,0,0,unmatched,,
4236,tannedbum/L3-Rhaenys-8B,l3rhaenys8b,0,0,unmatched,,
4237,teknium/CollectiveCognition-v1.1-Mistral-7B,collectivecognitionv11mistral7b,0,0,unmatched,,
4238,teknium/OpenHermes-13B,openhermes13b,0,0,unmatched,,
4239,teknium/OpenHermes-2-Mistral-7B,openhermes2mistral7b,0,0,unmatched,,
4240,teknium/OpenHermes-2.5-Mistral-7B,openhermes25mistral7b,0,0,unmatched,,
4241,teknium/OpenHermes-7B,openhermes7b,0,0,unmatched,,
4242,tensopolis/falcon3-10b-tensopolis-v1,falcon310btensopolisv1,0,0,unmatched,,
4243,tensopolis/falcon3-10b-tensopolis-v2,falcon310btensopolisv2,0,0,unmatched,,
4244,tensopolis/lamarckvergence-14b-tensopolis-v1,lamarckvergence14btensopolisv1,0,0,unmatched,,
4245,tensopolis/mistral-small-2501-tensopolis-v1,mistralsmall2501tensopolisv1,0,0,unmatched,,
4246,tensopolis/mistral-small-r1-tensopolis,mistralsmallr1tensopolis,0,0,unmatched,,
4247,tensopolis/phi-4-tensopolis-v1,phi4tensopolisv1,0,0,unmatched,,
4248,tensopolis/qwen2.5-14b-tensopolis-v1,qwen2514btensopolisv1,0,0,unmatched,,
4249,tensopolis/qwen2.5-3b-or1-tensopolis,qwen253bor1tensopolis,0,0,unmatched,,
4250,tensopolis/qwen2.5-7b-tensopolis-v1,qwen257btensopolisv1,0,0,unmatched,,
4251,tensopolis/qwen2.5-7b-tensopolis-v2,qwen257btensopolisv2,0,0,unmatched,,
4252,tensopolis/virtuoso-lite-tensopolis-v1,virtuosolitetensopolisv1,0,0,unmatched,,
4253,tensopolis/virtuoso-lite-tensopolis-v2,virtuosolitetensopolisv2,0,0,unmatched,,
4254,tensopolis/virtuoso-small-tensopolis-v1,virtuososmalltensopolisv1,0,0,unmatched,,
4255,tensopolis/virtuoso-small-tensopolis-v2,virtuososmalltensopolisv2,0,0,unmatched,,
4256,tensopolis/virtuoso-small-v2-tensopolis-v1,virtuososmallv2tensopolisv1,0,0,unmatched,,
4257,tensoropera/Fox-1-1.6B,fox116b,0,0,unmatched,,
4258,tenyx/Llama3-TenyxChat-70B,llama3tenyxchat70b,0,0,unmatched,,
4259,theo77186/Qwen2.5-Coder-7B-Instruct-20241106,qwen25coder7binstruct20241106,0,0,unmatched,,
4260,theprint/Boptruth-Agatha-7B,boptruthagatha7b,0,0,unmatched,,
4261,theprint/CleverBoi-7B-v2,cleverboi7bv2,0,0,unmatched,,
4262,theprint/CleverBoi-7B-v3,cleverboi7bv3,0,0,unmatched,,
4263,theprint/CleverBoi-Llama-3.1-8B-Instruct,cleverboillama318binstruct,0,0,unmatched,,
4264,theprint/CleverBoi-Llama-3.1-8B-v2,cleverboillama318bv2,0,0,unmatched,,
4265,theprint/CleverBoi-Nemo-12B-v2,cleverboinemo12bv2,0,0,unmatched,,
4266,theprint/Code-Llama-Bagel-8B,codellamabagel8b,0,0,unmatched,,
4267,theprint/Conversely-Mistral-7B,converselymistral7b,0,0,unmatched,,
4268,theprint/Llama-3.2-3B-VanRossum,llama323bvanrossum,0,0,unmatched,,
4269,theprint/ReWiz-7B,rewiz7b,0,0,unmatched,,
4270,theprint/ReWiz-Llama-3.1-8B-v2,rewizllama318bv2,0,0,unmatched,,
4271,theprint/ReWiz-Llama-3.2-3B,rewizllama323b,0,0,unmatched,,
4272,theprint/ReWiz-Nemo-12B-Instruct,rewiznemo12binstruct,0,0,unmatched,,
4273,theprint/ReWiz-Qwen-2.5-14B,rewizqwen2514b,0,0,unmatched,,
4274,theprint/ReWiz-Worldbuilder-7B,rewizworldbuilder7b,0,0,unmatched,,
4275,theprint/RuDolph-Hermes-7B,rudolphhermes7b,0,0,unmatched,,
4276,theprint/WorldBuilder-12B,worldbuilder12b,0,0,unmatched,,
4277,theprint/phi-3-mini-4k-python,phi3mini4kpython,0,0,unmatched,,
4278,thinkcoder/llama3-8b-instruct-lora-8-sft,llama38binstructlora8sft,0,0,unmatched,,
4279,thirdeyeai/elevate360m,elevate360m,0,0,unmatched,,
4280,thomas-yanxin/XinYuan-Qwen2-1_5B,xinyuanqwen215b,0,0,unmatched,,
4281,thomas-yanxin/XinYuan-Qwen2-7B,xinyuanqwen27b,0,0,unmatched,,
4282,thomas-yanxin/XinYuan-Qwen2-7B-0917,xinyuanqwen27b0917,0,0,unmatched,,
4283,thomas-yanxin/XinYuan-Qwen2.5-7B-0917,xinyuanqwen257b0917,0,0,unmatched,,
4284,tianyil1/MistralForCausalLM_Cal_DPO,mistralforcausallmcaldpo,0,0,unmatched,,
4285,tiiuae/Falcon3-10B-Base,falcon310bbase,0,0,unmatched,,
4286,tiiuae/Falcon3-10B-Instruct,falcon310binstruct,0,0,unmatched,,
4287,tiiuae/Falcon3-1B-Base,falcon31bbase,0,0,unmatched,,
4288,tiiuae/Falcon3-1B-Instruct,falcon31binstruct,0,0,unmatched,,
4289,tiiuae/Falcon3-3B-Base,falcon33bbase,0,0,unmatched,,
4290,tiiuae/Falcon3-3B-Instruct,falcon33binstruct,0,0,unmatched,,
4291,tiiuae/Falcon3-7B-Base,falcon37bbase,0,0,unmatched,,
4292,tiiuae/Falcon3-7B-Instruct,falcon37binstruct,0,0,unmatched,,
4293,tiiuae/Falcon3-Mamba-7B-Base,falcon3mamba7bbase,0,0,unmatched,,
4294,tiiuae/Falcon3-Mamba-7B-Instruct,falcon3mamba7binstruct,0,0,unmatched,,
4295,tiiuae/falcon-11B,falcon11b,0,0,unmatched,,
4296,tiiuae/falcon-40b,falcon40b,1,0,unmatched,,2019:parameter_or_org_conflict
4297,tiiuae/falcon-40b-instruct,falcon40binstruct,0,0,unmatched,,
4298,tiiuae/falcon-7b,falcon7b,1,0,unmatched,,1963:parameter_or_org_conflict
4299,tiiuae/falcon-7b-instruct,falcon7binstruct,0,0,unmatched,,
4300,tiiuae/falcon-mamba-7b,falconmamba7b,0,0,unmatched,,
4301,tinycompany/BiBo-v0.3,bibov03,0,0,unmatched,,
4302,tinycompany/BiBo-v0.7,bibov07,0,0,unmatched,,
4303,tinycompany/ShawtyIsBad-bgem3,shawtyisbadbgem3,0,0,unmatched,,
4304,tinycompany/ShawtyIsBad-e5-large,shawtyisbade5large,0,0,unmatched,,
4305,tinycompany/ShawtyIsBad-ib,shawtyisbadib,0,0,unmatched,,
4306,tinycompany/ShawtyIsBad-nomic-moe,shawtyisbadnomicmoe,0,0,unmatched,,
4307,tinycompany/ShawtyIsBad-nomic1.5,shawtyisbadnomic15,0,0,unmatched,,
4308,tinycompany/SigmaBoi-base,sigmaboibase,0,0,unmatched,,
4309,tinycompany/SigmaBoi-bge-m3,sigmaboibgem3,0,0,unmatched,,
4310,tinycompany/SigmaBoi-bgem3,sigmaboibgem3,0,0,unmatched,,
4311,tinycompany/SigmaBoi-ib,sigmaboiib,0,0,unmatched,,
4312,tinycompany/SigmaBoi-nomic-moe,sigmaboinomicmoe,0,0,unmatched,,
4313,tinycompany/SigmaBoi-nomic1.5,sigmaboinomic15,0,0,unmatched,,
4314,tinycompany/SigmaBoi-nomic1.5-fp32,sigmaboinomic15fp32,0,0,unmatched,,
4315,tinycompany/Tamed-Shawty,tamedshawty,0,0,unmatched,,
4316,tklohj/WindyFloLLM,windyflollm,0,0,unmatched,,
4317,togethercomputer/GPT-JT-6B-v1,gptjt6bv1,0,0,unmatched,,
4318,togethercomputer/GPT-NeoXT-Chat-Base-20B,gptneoxtchatbase20b,0,0,unmatched,,
4319,togethercomputer/LLaMA-2-7B-32K,llama27b32k,0,0,unmatched,,
4320,togethercomputer/Llama-2-7B-32K-Instruct,llama27b32kinstruct,0,0,unmatched,,
4321,togethercomputer/RedPajama-INCITE-7B-Base,redpajamaincite7bbase,1,1,accepted_exact,1903.0,exact normalized name; parameter <= tolerance; organization compatible
4322,togethercomputer/RedPajama-INCITE-7B-Chat,redpajamaincite7bchat,0,0,unmatched,,
4323,togethercomputer/RedPajama-INCITE-7B-Instruct,redpajamaincite7binstruct,0,0,unmatched,,
4324,togethercomputer/RedPajama-INCITE-Base-3B-v1,redpajamaincitebase3bv1,0,0,unmatched,,
4325,togethercomputer/RedPajama-INCITE-Chat-3B-v1,redpajamaincitechat3bv1,0,0,unmatched,,
4326,togethercomputer/RedPajama-INCITE-Instruct-3B-v1,redpajamainciteinstruct3bv1,0,0,unmatched,,
4327,tokyotech-llm/Llama-3-Swallow-8B-Instruct-v0.1,llama3swallow8binstructv01,0,0,unmatched,,
4328,tomasmcm/sky-t1-coder-32b-flash,skyt1coder32bflash,0,0,unmatched,,
4329,trthminh1112/autotrain-llama32-1b-finetune,autotrainllama321bfinetune,0,0,unmatched,,
4330,tugstugi/Qwen2.5-7B-Instruct-QwQ-v0.1,qwen257binstructqwqv01,0,0,unmatched,,
4331,universalml/NepaliGPT-2.0,nepaligpt20,0,0,unmatched,,
4332,unsloth/Llama-3.2-1B-Instruct,llama321binstruct,0,0,unmatched,,
4333,unsloth/Llama-3.2-1B-Instruct-no-system-message,llama321binstructnosystemmessage,0,0,unmatched,,
4334,unsloth/Phi-3-mini-4k-instruct,phi3mini4kinstruct,0,0,unmatched,,
4335,unsloth/phi-4,phi4,1,0,unmatched,,666:parameter_or_org_conflict
4336,unsloth/phi-4-bnb-4bit,phi4bnb4bit,0,0,unmatched,,
4337,unsloth/phi-4-unsloth-bnb-4bit,phi4unslothbnb4bit,0,0,unmatched,,
4338,upstage/SOLAR-10.7B-Instruct-v1.0,solar107binstructv10,0,0,unmatched,,
4339,upstage/SOLAR-10.7B-v1.0,solar107bv10,0,0,unmatched,,
4340,upstage/solar-pro-preview-instruct,solarpropreviewinstruct,0,0,unmatched,,
4341,utkmst/chimera-beta-test2-lora-merged,chimerabetatest2loramerged,0,0,unmatched,,
4342,uukuguy/speechless-code-mistral-7b-v1.0,speechlesscodemistral7bv10,0,0,unmatched,,
4343,uukuguy/speechless-codellama-34b-v2.0,speechlesscodellama34bv20,0,0,unmatched,,
4344,uukuguy/speechless-coder-ds-6.7b,speechlesscoderds67b,0,0,unmatched,,
4345,uukuguy/speechless-instruct-mistral-7b-v0.2,speechlessinstructmistral7bv02,0,0,unmatched,,
4346,uukuguy/speechless-llama2-hermes-orca-platypus-wizardlm-13b,speechlessllama2hermesorcaplatypuswizardlm13b,0,0,unmatched,,
4347,uukuguy/speechless-mistral-dolphin-orca-platypus-samantha-7b,speechlessmistraldolphinorcaplatypussamantha7b,0,0,unmatched,,
4348,uukuguy/speechless-zephyr-code-functionary-7b,speechlesszephyrcodefunctionary7b,0,0,unmatched,,
4349,v000000/L3-8B-Stheno-v3.2-abliterated,l38bsthenov32abliterated,0,0,unmatched,,
4350,v000000/L3.1-Niitorm-8B-DPO-t0.0001,l31niitorm8bdpot00001,0,0,unmatched,,
4351,v000000/L3.1-Storniitova-8B,l31storniitova8b,0,0,unmatched,,
4352,v000000/Qwen2.5-14B-Gutenberg-1e-Delta,qwen2514bgutenberg1edelta,0,0,unmatched,,
4353,v000000/Qwen2.5-14B-Gutenberg-Instruct-Slerpeno,qwen2514bgutenberginstructslerpeno,0,0,unmatched,,
4354,v000000/Qwen2.5-Lumen-14B,qwen25lumen14b,0,0,unmatched,,
4355,vhab10/Llama-3.1-8B-Base-Instruct-SLERP,llama318bbaseinstructslerp,0,0,unmatched,,
4356,vhab10/Llama-3.2-Instruct-3B-TIES,llama32instruct3bties,0,0,unmatched,,
4357,vhab10/llama-3-8b-merged-linear,llama38bmergedlinear,0,0,unmatched,,
4358,vicgalle/CarbonBeagle-11B,carbonbeagle11b,0,0,unmatched,,
4359,vicgalle/CarbonBeagle-11B-truthy,carbonbeagle11btruthy,0,0,unmatched,,
4360,vicgalle/Configurable-Hermes-2-Pro-Llama-3-8B,configurablehermes2prollama38b,0,0,unmatched,,
4361,vicgalle/Configurable-Llama-3.1-8B-Instruct,configurablellama318binstruct,0,0,unmatched,,
4362,vicgalle/Configurable-Yi-1.5-9B-Chat,configurableyi159bchat,0,0,unmatched,,
4363,vicgalle/ConfigurableBeagle-11B,configurablebeagle11b,0,0,unmatched,,
4364,vicgalle/ConfigurableHermes-7B,configurablehermes7b,0,0,unmatched,,
4365,vicgalle/ConfigurableSOLAR-10.7B,configurablesolar107b,0,0,unmatched,,
4366,vicgalle/Humanish-RP-Llama-3.1-8B,humanishrpllama318b,0,0,unmatched,,
4367,vicgalle/Merge-Mistral-Prometheus-7B,mergemistralprometheus7b,0,0,unmatched,,
4368,vicgalle/Merge-Mixtral-Prometheus-8x7B,mergemixtralprometheus8x7b,0,0,unmatched,,
4369,vicgalle/Roleplay-Llama-3-8B,roleplayllama38b,0,0,unmatched,,
4370,viettelsecurity-ai/security-llama3.2-3b,securityllama323b,0,0,unmatched,,
4371,vihangd/smart-dan-sft-v0.1,smartdansftv01,0,0,unmatched,,
4372,voidful/smol-360m-ft,smol360mft,0,0,unmatched,,
4373,vonjack/MobileLLM-125M-HF,mobilellm125m,0,0,unmatched,,
4374,vonjack/Phi-3-mini-4k-instruct-LLaMAfied,phi3mini4kinstructllamafied,0,0,unmatched,,
4375,vonjack/Phi-3.5-mini-instruct-hermes-fc-json,phi35miniinstructhermesfcjson,0,0,unmatched,,
4376,vonjack/Qwen2.5-Coder-0.5B-Merged,qwen25coder05bmerged,0,0,unmatched,,
4377,vonjack/SmolLM2-1.7B-Merged,smollm217bmerged,0,0,unmatched,,
4378,vonjack/SmolLM2-135M-Merged,smollm2135mmerged,0,0,unmatched,,
4379,vonjack/SmolLM2-360M-Merged,smollm2360mmerged,0,0,unmatched,,
4380,w4r10ck/SOLAR-10.7B-Instruct-v1.0-uncensored,solar107binstructv10uncensored,0,0,unmatched,,
4381,wanlige/li-14b-v0.4,li14bv04,0,0,unmatched,,
4382,wanlige/li-14b-v0.4-slerp,li14bv04slerp,0,0,unmatched,,
4383,wanlige/li-14b-v0.4-slerp0.1,li14bv04slerp01,0,0,unmatched,,
4384,wannaphong/KhanomTanLLM-Instruct,khanomtanllminstruct,0,0,unmatched,,
4385,waqasali1707/Beast-Soul-new,beastsoulnew,0,0,unmatched,,
4386,wave-on-discord/qwent-7b,qwent7b,0,0,unmatched,,
4387,weathermanj/Menda-3B-500,menda3b500,0,0,unmatched,,
4388,weathermanj/Menda-3b-750,menda3b750,0,0,unmatched,,
4389,weathermanj/Menda-3b-Optim-100,menda3boptim100,0,0,unmatched,,
4390,weathermanj/Menda-3b-Optim-200,menda3boptim200,0,0,unmatched,,
4391,win10/ArliAI-RPMax-v1.3-merge-13.3B,arliairpmaxv13merge133b,0,0,unmatched,,
4392,win10/Breeze-13B-32k-Instruct-v1_0,breeze13b32kinstructv10,0,0,unmatched,,
4393,win10/EVA-Norns-Qwen2.5-v0.1,evanornsqwen25v01,0,0,unmatched,,
4394,win10/Llama-3.2-3B-Instruct-24-9-29,llama323binstruct24929,0,0,unmatched,,
4395,win10/Norns-Qwen2.5-12B,nornsqwen2512b,0,0,unmatched,,
4396,win10/Norns-Qwen2.5-7B,nornsqwen257b,0,0,unmatched,,
4397,win10/Qwen2.5-2B-Instruct,qwen252binstruct,0,0,unmatched,,
4398,win10/llama3-13.45b-Instruct,llama31345binstruct,0,0,unmatched,,
4399,win10/miscii-14b-1M-0128,miscii14b1m0128,0,0,unmatched,,
4400,winglian/Llama-3-8b-64k-PoSE,llama38b64kpose,0,0,unmatched,,
4401,winglian/llama-3-8b-256k-PoSE,llama38b256kpose,0,0,unmatched,,
4402,wzhouad/gemma-2-9b-it-WPO-HB,gemma29bitwpohb,0,0,unmatched,,
4403,x0000001/Deepseek-Lumen-R1-Qwen2.5-14B,deepseeklumenr1qwen2514b,0,0,unmatched,,
4404,xMaulana/FinMatcha-3B-Instruct,finmatcha3binstruct,0,0,unmatched,,
4405,xinchen9/Llama3.1_8B_Instruct_CoT,llama318binstructcot,0,0,unmatched,,
4406,xinchen9/Llama3.1_CoT,llama31cot,0,0,unmatched,,
4407,xinchen9/Llama3.1_CoT_V1,llama31cotv1,0,0,unmatched,,
4408,xinchen9/Mistral-7B-CoT,mistral7bcot,0,0,unmatched,,
4409,xinchen9/llama3-b8-ft-dis,llama3b8ftdis,0,0,unmatched,,
4410,xkp24/Llama-3-8B-Instruct-SPPO-Iter2_bt_2b-table,llama38binstructsppoiter2bt2btable,0,0,unmatched,,
4411,xkp24/Llama-3-8B-Instruct-SPPO-Iter2_bt_8b-table,llama38binstructsppoiter2bt8btable,0,0,unmatched,,
4412,xkp24/Llama-3-8B-Instruct-SPPO-Iter2_gp_2b-table,llama38binstructsppoiter2gp2btable,0,0,unmatched,,
4413,xkp24/Llama-3-8B-Instruct-SPPO-Iter2_gp_8b-table,llama38binstructsppoiter2gp8btable,0,0,unmatched,,
4414,xkp24/Llama-3-8B-Instruct-SPPO-score-Iter2_bt_2b-table-0.001,llama38binstructspposcoreiter2bt2btable0001,0,0,unmatched,,
4415,xkp24/Llama-3-8B-Instruct-SPPO-score-Iter2_bt_8b-table-0.002,llama38binstructspposcoreiter2bt8btable0002,0,0,unmatched,,
4416,xkp24/Llama-3-8B-Instruct-SPPO-score-Iter2_gp_2b-table-0.001,llama38binstructspposcoreiter2gp2btable0001,0,0,unmatched,,
4417,xkp24/Llama-3-8B-Instruct-SPPO-score-Iter2_gp_8b-table-0.002,llama38binstructspposcoreiter2gp8btable0002,0,0,unmatched,,
4418,xukp20/Llama-3-8B-Instruct-SPPO-Iter3_bt_2b-table,llama38binstructsppoiter3bt2btable,0,0,unmatched,,
4419,xukp20/Llama-3-8B-Instruct-SPPO-Iter3_bt_8b-table,llama38binstructsppoiter3bt8btable,0,0,unmatched,,
4420,xukp20/Llama-3-8B-Instruct-SPPO-Iter3_gp_2b-table,llama38binstructsppoiter3gp2btable,0,0,unmatched,,
4421,xukp20/Llama-3-8B-Instruct-SPPO-Iter3_gp_8b-table,llama38binstructsppoiter3gp8btable,0,0,unmatched,,
4422,xukp20/Llama-3-8B-Instruct-SPPO-score-Iter3_bt_2b-table-0.001,llama38binstructspposcoreiter3bt2btable0001,0,0,unmatched,,
4423,xukp20/Llama-3-8B-Instruct-SPPO-score-Iter3_bt_8b-table-0.002,llama38binstructspposcoreiter3bt8btable0002,0,0,unmatched,,
4424,xukp20/Llama-3-8B-Instruct-SPPO-score-Iter3_gp_2b-table-0.001,llama38binstructspposcoreiter3gp2btable0001,0,0,unmatched,,
4425,xukp20/llama-3-8b-instruct-sppo-iter1-gp-2b-tau01-table,llama38binstructsppoiter1gp2btau01table,0,0,unmatched,,
4426,xwen-team/Xwen-7B-Chat,xwen7bchat,0,0,unmatched,,
4427,xxx777xxxASD/L3.1-ClaudeMaid-4x8B,l31claudemaid4x8b,0,0,unmatched,,
4428,yam-peleg/Hebrew-Gemma-11B-Instruct,hebrewgemma11binstruct,0,0,unmatched,,
4429,yam-peleg/Hebrew-Mistral-7B,hebrewmistral7b,0,0,unmatched,,
4430,yam-peleg/Hebrew-Mistral-7B-200K,hebrewmistral7b200k,0,0,unmatched,,
4431,yam-peleg/Hebrew-Mistral-7B-200K,hebrewmistral7b200k,0,0,unmatched,,
4432,yanng1242/Marcoro14-7B-slerp,marcoro147bslerp,0,0,unmatched,,
4433,yasserrmd/Coder-GRPO-3B,codergrpo3b,0,0,unmatched,,
4434,yasserrmd/Text2SQL-1.5B,text2sql15b,0,0,unmatched,,
4435,ycros/BagelMIsteryTour-v2-8x7B,bagelmisterytourv28x7b,0,0,unmatched,,
4436,ycros/BagelMIsteryTour-v2-8x7B,bagelmisterytourv28x7b,0,0,unmatched,,
4437,yfzp/Llama-3-8B-Instruct-SPPO-Iter1_bt_2b-table,llama38binstructsppoiter1bt2btable,0,0,unmatched,,
4438,yfzp/Llama-3-8B-Instruct-SPPO-Iter1_bt_8b-table,llama38binstructsppoiter1bt8btable,0,0,unmatched,,
4439,yfzp/Llama-3-8B-Instruct-SPPO-Iter1_gp_2b-table,llama38binstructsppoiter1gp2btable,0,0,unmatched,,
4440,yfzp/Llama-3-8B-Instruct-SPPO-Iter1_gp_8b-table,llama38binstructsppoiter1gp8btable,0,0,unmatched,,
4441,yfzp/Llama-3-8B-Instruct-SPPO-score-Iter1_bt_2b-table-0.001,llama38binstructspposcoreiter1bt2btable0001,0,0,unmatched,,
4442,yfzp/Llama-3-8B-Instruct-SPPO-score-Iter1_bt_8b-table-0.002,llama38binstructspposcoreiter1bt8btable0002,0,0,unmatched,,
4443,yfzp/Llama-3-8B-Instruct-SPPO-score-Iter1_gp_2b-table-0.001,llama38binstructspposcoreiter1gp2btable0001,0,0,unmatched,,
4444,yfzp/Llama-3-8B-Instruct-SPPO-score-Iter1_gp_8b-table-0.002,llama38binstructspposcoreiter1gp8btable0002,0,0,unmatched,,
4445,yifAI/Llama-3-8B-Instruct-SPPO-score-Iter3_gp_8b-table-0.002,llama38binstructspposcoreiter3gp8btable0002,0,0,unmatched,,
4446,ylalain/ECE-PRYMMAL-YL-1B-SLERP-V8,eceprymmalyl1bslerpv8,0,0,unmatched,,
4447,ymcki/Llama-3.1-8B-GRPO-Instruct,llama318bgrpoinstruct,0,0,unmatched,,
4448,ymcki/Llama-3.1-8B-SFT-GRPO-Instruct,llama318bsftgrpoinstruct,0,0,unmatched,,
4449,ymcki/gemma-2-2b-ORPO-jpn-it-abliterated-18,gemma22borpojpnitabliterated18,0,0,unmatched,,
4450,ymcki/gemma-2-2b-ORPO-jpn-it-abliterated-18-merge,gemma22borpojpnitabliterated18merge,0,0,unmatched,,
4451,ymcki/gemma-2-2b-jpn-it-abliterated-17,gemma22bjpnitabliterated17,0,0,unmatched,,
4452,ymcki/gemma-2-2b-jpn-it-abliterated-17-18-24,gemma22bjpnitabliterated171824,0,0,unmatched,,
4453,ymcki/gemma-2-2b-jpn-it-abliterated-17-ORPO,gemma22bjpnitabliterated17orpo,0,0,unmatched,,
4454,ymcki/gemma-2-2b-jpn-it-abliterated-17-ORPO-alpaca,gemma22bjpnitabliterated17orpoalpaca,0,0,unmatched,,
4455,ymcki/gemma-2-2b-jpn-it-abliterated-18,gemma22bjpnitabliterated18,0,0,unmatched,,
4456,ymcki/gemma-2-2b-jpn-it-abliterated-18-ORPO,gemma22bjpnitabliterated18orpo,0,0,unmatched,,
4457,ymcki/gemma-2-2b-jpn-it-abliterated-24,gemma22bjpnitabliterated24,0,0,unmatched,,
4458,yuchenxie/ArlowGPT-3B-Multilingual,arlowgpt3bmultilingual,0,0,unmatched,,
4459,yuchenxie/ArlowGPT-8B,arlowgpt8b,0,0,unmatched,,
4460,yuvraj17/Llama3-8B-SuperNova-Spectrum-Hermes-DPO,llama38bsupernovaspectrumhermesdpo,0,0,unmatched,,
4461,yuvraj17/Llama3-8B-SuperNova-Spectrum-dare_ties,llama38bsupernovaspectrumdareties,0,0,unmatched,,
4462,yuvraj17/Llama3-8B-abliterated-Spectrum-slerp,llama38babliteratedspectrumslerp,0,0,unmatched,,
4463,zake7749/gemma-2-2b-it-chinese-kyara-dpo,gemma22bitchinesekyaradpo,0,0,unmatched,,
4464,zake7749/gemma-2-9b-it-chinese-kyara,gemma29bitchinesekyara,0,0,unmatched,,
4465,zelk12/Gemma-2-TM-9B,gemma2tm9b,0,0,unmatched,,
4466,zelk12/MT-Gen1-gemma-2-9B,mtgen1gemma29b,0,0,unmatched,,
4467,zelk12/MT-Gen2-GI-gemma-2-9B,mtgen2gigemma29b,0,0,unmatched,,
4468,zelk12/MT-Gen2-gemma-2-9B,mtgen2gemma29b,0,0,unmatched,,
4469,zelk12/MT-Gen3-gemma-2-9B,mtgen3gemma29b,0,0,unmatched,,
4470,zelk12/MT-Gen4-gemma-2-9B,mtgen4gemma29b,0,0,unmatched,,
4471,zelk12/MT-Gen5-gemma-2-9B,mtgen5gemma29b,0,0,unmatched,,
4472,zelk12/MT-Gen6-gemma-2-9B,mtgen6gemma29b,0,0,unmatched,,
4473,zelk12/MT-Gen6fix-gemma-2-9B,mtgen6fixgemma29b,0,0,unmatched,,
4474,zelk12/MT-Gen7-gemma-2-9B,mtgen7gemma29b,0,0,unmatched,,
4475,zelk12/MT-Max-Merge_02012025163610-gemma-2-9B,mtmaxmerge02012025163610gemma29b,0,0,unmatched,,
4476,zelk12/MT-Merge-gemma-2-9B,mtmergegemma29b,0,0,unmatched,,
4477,zelk12/MT-Merge1-gemma-2-9B,mtmerge1gemma29b,0,0,unmatched,,
4478,zelk12/MT-Merge2-MU-gemma-2-MTg2MT1g2-9B,mtmerge2mugemma2mtg2mt1g29b,0,0,unmatched,,
4479,zelk12/MT-Merge2-gemma-2-9B,mtmerge2gemma29b,0,0,unmatched,,
4480,zelk12/MT-Merge3-gemma-2-9B,mtmerge3gemma29b,0,0,unmatched,,
4481,zelk12/MT-Merge4-gemma-2-9B,mtmerge4gemma29b,0,0,unmatched,,
4482,zelk12/MT-Merge5-gemma-2-9B,mtmerge5gemma29b,0,0,unmatched,,
4483,zelk12/MT-Merge6-gemma-2-9B,mtmerge6gemma29b,0,0,unmatched,,
4484,zelk12/MT-gemma-2-9B,mtgemma29b,0,0,unmatched,,
4485,zelk12/MT1-Gen1-gemma-2-9B,mt1gen1gemma29b,0,0,unmatched,,
4486,zelk12/MT1-Gen2-gemma-2-9B,mt1gen2gemma29b,0,0,unmatched,,
4487,zelk12/MT1-Gen3-gemma-2-9B,mt1gen3gemma29b,0,0,unmatched,,
4488,zelk12/MT1-Gen4-gemma-2-9B,mt1gen4gemma29b,0,0,unmatched,,
4489,zelk12/MT1-Gen5-IF-gemma-2-S2DMv1-9B,mt1gen5ifgemma2s2dmv19b,0,0,unmatched,,
4490,zelk12/MT1-Gen5-gemma-2-9B,mt1gen5gemma29b,0,0,unmatched,,
4491,zelk12/MT1-Gen6-gemma-2-9B,mt1gen6gemma29b,0,0,unmatched,,
4492,zelk12/MT1-Gen7-gemma-2-9B,mt1gen7gemma29b,0,0,unmatched,,
4493,zelk12/MT1-Max-Merge_02012025163610-gemma-2-9B,mt1maxmerge02012025163610gemma29b,0,0,unmatched,,
4494,zelk12/MT1-gemma-2-9B,mt1gemma29b,0,0,unmatched,,
4495,zelk12/MT2-Gen1-gemma-2-9B,mt2gen1gemma29b,0,0,unmatched,,
4496,zelk12/MT2-Gen2-gemma-2-9B,mt2gen2gemma29b,0,0,unmatched,,
4497,zelk12/MT2-Gen3-gemma-2-9B,mt2gen3gemma29b,0,0,unmatched,,
4498,zelk12/MT2-Gen4-gemma-2-9B,mt2gen4gemma29b,0,0,unmatched,,
4499,zelk12/MT2-Gen5-gemma-2-9B,mt2gen5gemma29b,0,0,unmatched,,
4500,zelk12/MT2-Gen6-gemma-2-9B,mt2gen6gemma29b,0,0,unmatched,,
4501,zelk12/MT2-Gen7-gemma-2-9B,mt2gen7gemma29b,0,0,unmatched,,
4502,zelk12/MT2-Max-Merge_02012025163610-gemma-2-9B,mt2maxmerge02012025163610gemma29b,0,0,unmatched,,
4503,zelk12/MT2-gemma-2-9B,mt2gemma29b,0,0,unmatched,,
4504,zelk12/MT3-Gen1-gemma-2-9B,mt3gen1gemma29b,0,0,unmatched,,
4505,zelk12/MT3-Gen2-gemma-2-9B,mt3gen2gemma29b,0,0,unmatched,,
4506,zelk12/MT3-Gen3-gemma-2-9B,mt3gen3gemma29b,0,0,unmatched,,
4507,zelk12/MT3-Gen4-gemma-2-9B,mt3gen4gemma29b,0,0,unmatched,,
4508,zelk12/MT3-Gen5-gemma-2-9B,mt3gen5gemma29b,0,0,unmatched,,
4509,zelk12/MT3-Gen5-gemma-2-9B_v1,mt3gen5gemma29bv1,0,0,unmatched,,
4510,zelk12/MT3-Gen6-gemma-2-9B,mt3gen6gemma29b,0,0,unmatched,,
4511,zelk12/MT3-Max-Merge_02012025163610-gemma-2-9B,mt3maxmerge02012025163610gemma29b,0,0,unmatched,,
4512,zelk12/MT3-gemma-2-9B,mt3gemma29b,0,0,unmatched,,
4513,zelk12/MT4-Gen1-gemma-2-9B,mt4gen1gemma29b,0,0,unmatched,,
4514,zelk12/MT4-Gen2-gemma-2-9B,mt4gen2gemma29b,0,0,unmatched,,
4515,zelk12/MT4-Gen3-gemma-2-9B,mt4gen3gemma29b,0,0,unmatched,,
4516,zelk12/MT4-Gen4-gemma-2-9B,mt4gen4gemma29b,0,0,unmatched,,
4517,zelk12/MT4-Gen5-gemma-2-9B,mt4gen5gemma29b,0,0,unmatched,,
4518,zelk12/MT4-Max-Merge_02012025163610-gemma-2-9B,mt4maxmerge02012025163610gemma29b,0,0,unmatched,,
4519,zelk12/MT4-gemma-2-9B,mt4gemma29b,0,0,unmatched,,
4520,zelk12/MT5-Gen1-gemma-2-9B,mt5gen1gemma29b,0,0,unmatched,,
4521,zelk12/MT5-Gen2-gemma-2-9B,mt5gen2gemma29b,0,0,unmatched,,
4522,zelk12/MT5-Gen3-gemma-2-9B,mt5gen3gemma29b,0,0,unmatched,,
4523,zelk12/MT5-Gen4-gemma-2-9B,mt5gen4gemma29b,0,0,unmatched,,
4524,zelk12/MT5-Gen5-gemma-2-9B,mt5gen5gemma29b,0,0,unmatched,,
4525,zelk12/MT5-Max-Merge_02012025163610-gemma-2-9B,mt5maxmerge02012025163610gemma29b,0,0,unmatched,,
4526,zelk12/MT5-gemma-2-9B,mt5gemma29b,0,0,unmatched,,
4527,zelk12/MTM-Merge-gemma-2-9B,mtmmergegemma29b,0,0,unmatched,,
4528,zelk12/MTMaMe-Merge_02012025163610-gemma-2-9B,mtmamemerge02012025163610gemma29b,0,0,unmatched,,
4529,zelk12/Rv0.4DMv1t0.25-gemma-2-9B,rv04dmv1t025gemma29b,0,0,unmatched,,
4530,zelk12/Rv0.4DMv1t0.25Tt0.25-gemma-2-9B,rv04dmv1t025tt025gemma29b,0,0,unmatched,,
4531,zelk12/Rv0.4MT4g2-gemma-2-9B,rv04mt4g2gemma29b,0,0,unmatched,,
4532,zelk12/T31122024203920-gemma-2-9B,t31122024203920gemma29b,0,0,unmatched,,
4533,zelk12/Test01012025155054,test01012025155054,0,0,unmatched,,
4534,zelk12/Test01012025155054t0.5_gemma-2,test01012025155054t05gemma2,0,0,unmatched,,
4535,zelk12/gemma-2-S2MTM-9B,gemma2s2mtm9b,0,0,unmatched,,
4536,zelk12/recoilme-gemma-2-Ataraxy-9B-v0.1,recoilmegemma2ataraxy9bv01,0,0,unmatched,,
4537,zelk12/recoilme-gemma-2-Ataraxy-9B-v0.1-t0.25,recoilmegemma2ataraxy9bv01t025,0,0,unmatched,,
4538,zelk12/recoilme-gemma-2-Ataraxy-9B-v0.1-t0.75,recoilmegemma2ataraxy9bv01t075,0,0,unmatched,,
4539,zelk12/recoilme-gemma-2-Ataraxy-9B-v0.2,recoilmegemma2ataraxy9bv02,0,0,unmatched,,
4540,zelk12/recoilme-gemma-2-Gutenberg-Doppel-9B-v0.1,recoilmegemma2gutenbergdoppel9bv01,0,0,unmatched,,
4541,zelk12/recoilme-gemma-2-Ifable-9B-v0.1,recoilmegemma2ifable9bv01,0,0,unmatched,,
4542,zelk12/recoilme-gemma-2-psy10k-mental_healt-9B-v0.1,recoilmegemma2psy10kmentalhealt9bv01,0,0,unmatched,,
4543,zetasepic/Qwen2.5-32B-Instruct-abliterated-v2,qwen2532binstructabliteratedv2,0,0,unmatched,,
4544,zetasepic/Qwen2.5-72B-Instruct-abliterated,qwen2572binstructabliterated,0,0,unmatched,,
4545,zhengr/MixTAO-7Bx2-MoE-v8.1,mixtao7bx2moev81,0,0,unmatched,,
