model_directory,json_file,fallback_used,model_name_json,normalized_core,bbh_normalized_equal_pct,bbh_subtasks,math_weighted_pct,math_categories,official_bbh,official_math,bbh_abs_diff,math_abs_diff
0-hero_Matter-0.2-7B-DPO,real_attachments/C_efficiency_evolution/detailed_results/0-hero_Matter-0.2-7B-DPO/results_2024-08-07T13-21-02.903091.json,False,0-hero/Matter-0.2-7B-DPO,matter027bdpo,10.055525080241035,24,0.8308157099697886,7,10.055525080241036,1.4350453172205435,1.7763568394002505e-15,0.6042296072507549
01-ai_Yi-1.5-34B,real_attachments/C_efficiency_evolution/detailed_results/01-ai_Yi-1.5-34B/results_2024-06-19T03-56-15.142347.json,False,01-ai/Yi-1.5-34B,yi1534b,42.749362688396516,24,14.04833836858006,7,,,,
01-ai_Yi-1.5-34B-32K,real_attachments/C_efficiency_evolution/detailed_results/01-ai_Yi-1.5-34B-32K/results_2024-06-17T17-59-09.162276.json,False,01-ai/Yi-1.5-34B-32K,yi1534b32k,43.381846667625716,24,13.444108761329304,7,43.38184666762572,15.40785498489426,7.105427357601002e-15,1.9637462235649572
01-ai_Yi-1.5-34B-Chat,real_attachments/C_efficiency_evolution/detailed_results/01-ai_Yi-1.5-34B-Chat/results_2024-06-17T00-49-43.171619.json,False,01-ai/Yi-1.5-34B-Chat,yi1534bchat,44.26282598100566,24,23.338368580060422,7,44.262825981005655,27.7190332326284,7.105427357601002e-15,4.3806646525679795
01-ai_Yi-1.5-34B-Chat-16K,real_attachments/C_efficiency_evolution/detailed_results/01-ai_Yi-1.5-34B-Chat-16K/results_2024-07-17T11-40-22.183397.json,False,01-ai/Yi-1.5-34B-Chat-16K,yi1534bchat16k,44.53615654671033,24,18.806646525679756,7,44.53615654671034,21.37462235649547,7.105427357601002e-15,2.567975830815712
01-ai_Yi-1.5-6B,real_attachments/C_efficiency_evolution/detailed_results/01-ai_Yi-1.5-6B/results_2024-06-17T14-53-45.170909.json,False,01-ai/Yi-1.5-6B,yi156b,21.940358359022017,24,5.664652567975831,7,22.027904536694773,6.646525679758309,0.08754617767275619,0.9818731117824777
01-ai_Yi-1.5-6B-Chat,real_attachments/C_efficiency_evolution/detailed_results/01-ai_Yi-1.5-6B-Chat/results_2024-06-17T10-38-31.759281.json,False,01-ai/Yi-1.5-6B-Chat,yi156bchat,23.550511456633714,24,12.537764350453173,7,23.67872313235784,16.238670694864048,0.12821167572412762,3.7009063444108747
01-ai_Yi-1.5-9B,real_attachments/C_efficiency_evolution/detailed_results/01-ai_Yi-1.5-9B/results_2024-06-16T17-52-34.155462.json,False,01-ai/Yi-1.5-9B,yi159b,30.500716994921223,24,10.196374622356496,7,30.50071699492122,11.404833836858003,3.552713678800501e-15,1.2084592145015076
01-ai_Yi-1.5-9B-32K,real_attachments/C_efficiency_evolution/detailed_results/01-ai_Yi-1.5-9B-32K/results_2024-06-16T17-46-59.477573.json,False,01-ai/Yi-1.5-9B-32K,yi159b32k,28.937011582169664,24,9.592145015105741,7,28.937011582169664,10.80060422960725,0.0,1.2084592145015094
01-ai_Yi-1.5-9B-Chat,real_attachments/C_efficiency_evolution/detailed_results/01-ai_Yi-1.5-9B-Chat/results_2024-06-17T09-46-28.414421.json,False,01-ai/Yi-1.5-9B-Chat,yi159bchat,36.952931384178925,24,11.63141993957704,7,36.95293138417893,22.58308157099698,7.105427357601002e-15,10.951661631419942
01-ai_Yi-1.5-9B-Chat-16K,real_attachments/C_efficiency_evolution/detailed_results/01-ai_Yi-1.5-9B-Chat-16K/results_2024-06-16T18-02-27.668102.json,False,01-ai/Yi-1.5-9B-Chat-16K,yi159bchat16k,31.497608947018314,24,12.613293051359516,7,31.49760894701832,17.82477341389728,7.105427357601002e-15,5.211480362537763
01-ai_Yi-34B,real_attachments/C_efficiency_evolution/detailed_results/01-ai_Yi-34B/results_2024-06-17T01-51-43.500501.json,False,01-ai/Yi-34B,yi34b,35.5424312590088,24,4.45619335347432,7,35.542431259008794,5.13595166163142,7.105427357601002e-15,0.6797583081571004
01-ai_Yi-34B-200K,real_attachments/C_efficiency_evolution/detailed_results/01-ai_Yi-34B-200K/results_2024-06-17T01-54-37.398814.json,False,01-ai/Yi-34B-200K,yi34b200k,36.022110289000025,24,4.45619335347432,7,36.02211028900003,5.740181268882175,7.105427357601002e-15,1.283987915407855
01-ai_Yi-34B-Chat,real_attachments/C_efficiency_evolution/detailed_results/01-ai_Yi-34B-Chat/results_2025-02-13T18-27-04.338360.json,False,01-ai/Yi-34B-Chat,yi34bchat,37.623987597243485,24,6.268882175226587,7,37.623987597243485,6.268882175226587,0.0,0.0
01-ai_Yi-6B,real_attachments/C_efficiency_evolution/detailed_results/01-ai_Yi-6B/results_2024-06-16T17-47-09.271300.json,False,01-ai/Yi-6B,yi6b,19.408504737915056,24,1.5105740181268883,7,19.408504737915056,1.5861027190332326,0.0,0.07552870090634434
01-ai_Yi-6B-200K,real_attachments/C_efficiency_evolution/detailed_results/01-ai_Yi-6B-200K/results_2024-06-16T17-48-55.414532.json,False,01-ai/Yi-6B-200K,yi6b200k,20.14802010376805,24,1.2084592145015105,7,20.148020103768047,1.812688821752266,3.552713678800501e-15,0.6042296072507556
01-ai_Yi-6B-Chat,real_attachments/C_efficiency_evolution/detailed_results/01-ai_Yi-6B-Chat/results_2024-06-16T17-51-39.036011.json,False,01-ai/Yi-6B-Chat,yi6bchat,17.00016656742376,24,0.6797583081570997,7,17.00016656742376,1.3595166163141994,0.0,0.6797583081570997
01-ai_Yi-9B,real_attachments/C_efficiency_evolution/detailed_results/01-ai_Yi-9B/results_2024-06-17T09-47-58.683900.json,False,01-ai/Yi-9B,yi9b,27.626956112077934,24,4.380664652567976,7,27.62695611207793,5.589123867069486,3.552713678800501e-15,1.2084592145015103
01-ai_Yi-9B-200K,real_attachments/C_efficiency_evolution/detailed_results/01-ai_Yi-9B-200K/results_2024-06-16T17-43-23.132103.json,False,01-ai/Yi-9B-200K,yi9b200k,26.492495097147533,24,5.81570996978852,7,26.49249509714754,6.646525679758309,7.105427357601002e-15,0.830815709969789
01-ai_Yi-Coder-9B-Chat,real_attachments/C_efficiency_evolution/detailed_results/01-ai_Yi-Coder-9B-Chat/results_2024-09-14T00-02-12.867980.json,False,01-ai/Yi-Coder-9B-Chat,yicoder9bchat,25.943152944913894,24,2.9456193353474323,7,25.94315294491389,4.003021148036254,3.552713678800501e-15,1.0574018126888216
1-800-LLMs_Qwen-2.5-14B-Hindi,real_attachments/C_efficiency_evolution/detailed_results/1-800-LLMs_Qwen-2.5-14B-Hindi/results_2025-02-06T06-30-20.641880.json,False,1-800-LLMs/Qwen-2.5-14B-Hindi,qwen2514bhindi,49.32988995210337,24,25.075528700906347,7,49.32988995210337,33.30815709969788,0.0,8.232628398791533
1-800-LLMs_Qwen-2.5-14B-Hindi-Custom-Instruct,real_attachments/C_efficiency_evolution/detailed_results/1-800-LLMs_Qwen-2.5-14B-Hindi-Custom-Instruct/results_2025-02-06T11-27-58.645224.json,False,1-800-LLMs/Qwen-2.5-14B-Hindi-Custom-Instruct,qwen2514bhindicustominstruct,46.54015554088327,24,30.589123867069485,7,46.54015554088327,31.1178247734139,0.0,0.5287009063444152
1024m_PHI-4-Hindi,real_attachments/C_efficiency_evolution/detailed_results/1024m_PHI-4-Hindi/results_2025-02-06T05-43-08.878637.json,False,1024m/PHI-4-Hindi,phi4hindi,52.46181381023762,24,23.11178247734139,7,52.46181381023763,23.338368580060425,7.105427357601002e-15,0.22658610271903612
1024m_QWEN-14B-B100,real_attachments/C_efficiency_evolution/detailed_results/1024m_QWEN-14B-B100/results_2025-02-06T10-49-32.966803.json,False,1024m/QWEN-14B-B100,qwen14bb100,49.77664782103219,24,0.0,7,49.77664782103219,54.38066465256798,0.0,54.38066465256798
152334H_miqu-1-70b-sf,real_attachments/C_efficiency_evolution/detailed_results/152334H_miqu-1-70b-sf/results_2024-07-26T02-32-43.573766.json,False,152334H/miqu-1-70b-sf,miqu170bsf,43.80714700369197,24,10.80060422960725,7,43.807147003691966,12.462235649546828,7.105427357601002e-15,1.661631419939578
1TuanPham_T-VisStar-7B-v0.1,real_attachments/C_efficiency_evolution/detailed_results/1TuanPham_T-VisStar-7B-v0.1/results_2024-09-21T10-25-05.082341.json,False,1TuanPham/T-VisStar-7B-v0.1,tvisstar7bv01,30.243834478825992,24,4.531722054380665,7,30.24383447882599,5.740181268882175,3.552713678800501e-15,1.2084592145015103
1TuanPham_T-VisStar-v0.1,real_attachments/C_efficiency_evolution/detailed_results/1TuanPham_T-VisStar-v0.1/results_2024-09-21T08-53-27.413933.json,False,1TuanPham/T-VisStar-v0.1,tvisstarv01,30.243834478825992,24,4.531722054380665,7,30.24383447882599,5.740181268882175,3.552713678800501e-15,1.2084592145015103
3rd-Degree-Burn_L-3.1-Science-Writer-8B,real_attachments/C_efficiency_evolution/detailed_results/3rd-Degree-Burn_L-3.1-Science-Writer-8B/results_2024-11-20T00-17-49.945335.json,False,3rd-Degree-Burn/L-3.1-Science-Writer-8B,l31sciencewriter8b,29.19930078641656,24,10.27190332326284,7,29.19930078641656,10.347432024169184,0.0,0.075528700906343
3rd-Degree-Burn_Llama-3.1-8B-Squareroot,real_attachments/C_efficiency_evolution/detailed_results/3rd-Degree-Burn_Llama-3.1-8B-Squareroot/results_2024-10-10T16-33-29.207911.json,False,3rd-Degree-Burn/Llama-3.1-8B-Squareroot,llama318bsquareroot,8.618063681935197,24,21.07250755287009,7,8.618063681935197,26.586102719033235,0.0,5.513595166163146
3rd-Degree-Burn_Llama-3.1-8B-Squareroot-v1,real_attachments/C_efficiency_evolution/detailed_results/3rd-Degree-Burn_Llama-3.1-8B-Squareroot-v1/results_2024-11-10T09-13-13.695538.json,False,3rd-Degree-Burn/Llama-3.1-8B-Squareroot-v1,llama318bsquarerootv1,6.515144725982738,24,6.193353474320242,7,6.515144725982737,8.836858006042297,8.881784197001252e-16,2.643504531722055
3rd-Degree-Burn_Llama-Squared-8B,real_attachments/C_efficiency_evolution/detailed_results/3rd-Degree-Burn_Llama-Squared-8B/results_2024-10-08T16-24-46.765820.json,False,3rd-Degree-Burn/Llama-Squared-8B,llamasquared8b,21.277103190106818,24,4.229607250755287,7,21.277103190106818,5.740181268882175,0.0,1.5105740181268876
4season_final_model_test_v2,real_attachments/C_efficiency_evolution/detailed_results/4season_final_model_test_v2/results_2024-07-25T15-13-01.854583.json,False,4season/final_model_test_v2,finalmodeltestv2,47.41067013690643,24,1.3595166163141994,7,47.410670136906425,8.38368580060423,7.105427357601002e-15,7.024169184290031
AALF_FuseChat-Llama-3.1-8B-Instruct-preview,real_attachments/C_efficiency_evolution/detailed_results/AALF_FuseChat-Llama-3.1-8B-Instruct-preview/results_2024-11-20T12-47-00.610130.json,False,AALF/FuseChat-Llama-3.1-8B-Instruct-preview,fusechatllama318binstructpreview,30.848065216229575,24,7.02416918429003,7,30.84806521622957,24.773413897280967,3.552713678800501e-15,17.749244712990937
AALF_FuseChat-Llama-3.1-8B-SFT-preview,real_attachments/C_efficiency_evolution/detailed_results/AALF_FuseChat-Llama-3.1-8B-SFT-preview/results_2024-11-21T13-45-14.605333.json,False,AALF/FuseChat-Llama-3.1-8B-SFT-preview,fusechatllama318bsftpreview,32.53678156315301,24,11.404833836858005,7,32.53678156315301,22.507552870090635,0.0,11.10271903323263
AALF_gemma-2-27b-it-SimPO-37K,real_attachments/C_efficiency_evolution/detailed_results/AALF_gemma-2-27b-it-SimPO-37K/results_2024-09-01T02-53-57.422115.json,False,AALF/gemma-2-27b-it-SimPO-37K,gemma227bitsimpo37k,15.3078809719543,24,0.0,7,15.307880971954305,1.283987915407855,5.329070518200751e-15,1.283987915407855
AALF_gemma-2-27b-it-SimPO-37K-100steps,real_attachments/C_efficiency_evolution/detailed_results/AALF_gemma-2-27b-it-SimPO-37K-100steps/results_2024-09-27T18-43-00.611233.json,False,AALF/gemma-2-27b-it-SimPO-37K-100steps,gemma227bitsimpo37k100steps,15.261078322847055,24,0.0,7,15.261078322847055,2.114803625377644,0.0,2.114803625377644
AELLM_gemma-2-aeria-infinity-9b,real_attachments/C_efficiency_evolution/detailed_results/AELLM_gemma-2-aeria-infinity-9b/results_2024-10-09T11-48-07.657590.json,False,AELLM/gemma-2-aeria-infinity-9b,gemma2aeriainfinity9b,42.0902142313775,24,0.0,7,42.0902142313775,21.45015105740181,0.0,21.45015105740181
AELLM_gemma-2-lyco-infinity-9b,real_attachments/C_efficiency_evolution/detailed_results/AELLM_gemma-2-lyco-infinity-9b/results_2024-10-10T12-58-52.149709.json,False,AELLM/gemma-2-lyco-infinity-9b,gemma2lycoinfinity9b,39.78753882674738,24,0.0,7,39.78753882674737,17.069486404833835,7.105427357601002e-15,17.069486404833835
AGI-0_Art-v0-3B,real_attachments/C_efficiency_evolution/detailed_results/AGI-0_Art-v0-3B/results_2025-01-18T12-23-40.344038.json,False,AGI-0/Art-v0-3B,artv03b,7.994103396305249,24,13.595166163141995,7,8.029776912286984,24.62235649546828,0.03567351598173474,11.027190332326287
AGI-0_Artificium-llama3.1-8B-001,real_attachments/C_efficiency_evolution/detailed_results/AGI-0_Artificium-llama3.1-8B-001/results_2024-09-11T00-52-31.543315.json,False,AGI-0/Artificium-llama3.1-8B-001,artificiumllama318b001,19.34889807323965,24,10.27190332326284,7,19.34889807323965,13.595166163141997,0.0,3.323262839879156
AGI-0_smartllama3.1-8B-001,real_attachments/C_efficiency_evolution/detailed_results/AGI-0_smartllama3.1-8B-001/results_2024-11-25T22-15-59.091478.json,False,AGI-0/smartllama3.1-8B-001,smartllama318b001,24.857736913281393,24,11.858006042296072,7,24.8577369132814,12.990936555891238,7.105427357601002e-15,1.1329305135951664
AI-MO_NuminaMath-7B-CoT,real_attachments/C_efficiency_evolution/detailed_results/AI-MO_NuminaMath-7B-CoT/results_2024-09-11T22-04-44.864778.json,False,AI-MO/NuminaMath-7B-CoT,numinamath7bcot,19.152364282090307,24,7.930513595166164,7,19.152364282090307,26.96374622356496,0.0,19.033232628398796
AI-MO_NuminaMath-7B-TIR,real_attachments/C_efficiency_evolution/detailed_results/AI-MO_NuminaMath-7B-TIR/results_2024-07-25T13-40-31.863736.json,False,AI-MO/NuminaMath-7B-TIR,numinamath7btir,16.873547257958663,24,1.7371601208459215,7,16.87354725795866,16.08761329305136,3.552713678800501e-15,14.350453172205437
AI-Sweden-Models_Llama-3-8B-instruct,real_attachments/C_efficiency_evolution/detailed_results/AI-Sweden-Models_Llama-3-8B-instruct/results_2024-07-22T12-09-41.340187.json,False,AI-Sweden-Models/Llama-3-8B-instruct,llama38binstruct,18.388095615027524,24,0.4531722054380665,7,18.388095615027524,3.8519637462235647,0.0,3.3987915407854983
AI-Sweden-Models_gpt-sw3-40b,real_attachments/C_efficiency_evolution/detailed_results/AI-Sweden-Models_gpt-sw3-40b/results_2024-07-26T18-58-19.331750.json,False,AI-Sweden-Models/gpt-sw3-40b,gptsw340b,6.894934050796577,24,0.6042296072507553,7,6.894934050796576,1.7371601208459215,8.881784197001252e-16,1.1329305135951664
AI4free_Dhanishtha,real_attachments/C_efficiency_evolution/detailed_results/AI4free_Dhanishtha/results_2025-02-23T21-34-08.816420.json,False,AI4free/Dhanishtha,dhanishtha,7.936484405572809,24,25.604229607250755,7,7.93648440557281,25.604229607250755,8.881784197001252e-16,0.0
AI4free_t2,real_attachments/C_efficiency_evolution/detailed_results/AI4free_t2/results_2025-02-27T13-24-19.191994.json,False,AI4free/t2,t2,2.1331520686315204,24,18.957703927492446,7,2.133152068631521,18.95770392749245,4.440892098500626e-16,3.552713678800501e-15
AIDC-AI_Marco-o1,real_attachments/C_efficiency_evolution/detailed_results/AIDC-AI_Marco-o1/results_2025-02-01T05-51-39.702980.json,False,AIDC-AI/Marco-o1,marcoo1,34.84254498655976,24,10.649546827794563,7,34.84254498655976,37.46223564954683,0.0,26.812688821752264
Aashraf995_Creative-7B-nerd,real_attachments/C_efficiency_evolution/detailed_results/Aashraf995_Creative-7B-nerd/results_2024-12-18T03-17-53.359820.json,False,Aashraf995/Creative-7B-nerd,creative7bnerd,37.080153817355196,24,28.54984894259819,7,37.0801538173552,31.64652567975831,7.105427357601002e-15,3.09667673716012
Aashraf995_Gemma-Evo-10B,real_attachments/C_efficiency_evolution/detailed_results/Aashraf995_Gemma-Evo-10B/results_2024-12-18T04-35-43.057636.json,False,Aashraf995/Gemma-Evo-10B,gemmaevo10b,43.42455936867185,24,20.090634441087612,7,43.42455936867185,22.2809667673716,0.0,2.190332326283986
Aashraf995_Qwen-Evo-7B,real_attachments/C_efficiency_evolution/detailed_results/Aashraf995_Qwen-Evo-7B/results_2024-12-18T03-20-24.239014.json,False,Aashraf995/Qwen-Evo-7B,qwenevo7b,38.585326990506125,24,29.984894259818727,7,38.585326990506125,31.41993957703928,0.0,1.4350453172205526
Aashraf995_QwenStock-14B,real_attachments/C_efficiency_evolution/detailed_results/Aashraf995_QwenStock-14B/results_2024-12-18T04-15-47.313168.json,False,Aashraf995/QwenStock-14B,qwenstock14b,50.43389870716874,24,33.383685800604226,7,50.43389870716874,35.725075528700906,0.0,2.3413897280966793
AbacusResearch_Jallabi-34B,real_attachments/C_efficiency_evolution/detailed_results/AbacusResearch_Jallabi-34B/results_2024-07-30T05-45-04.496708.json,False,AbacusResearch/Jallabi-34B,jallabi34b,43.615764987195064,24,3.927492447129909,7,43.61576498719506,5.211480362537765,7.105427357601002e-15,1.283987915407856
Ahdoot_StructuredThinker-v0.3-MoreStructure,real_attachments/C_efficiency_evolution/detailed_results/Ahdoot_StructuredThinker-v0.3-MoreStructure/results_2025-01-01T03-42-11.275880.json,False,Ahdoot/StructuredThinker-v0.3-MoreStructure,structuredthinkerv03morestructure,27.25854177780241,24,23.48942598187311,7,27.258541777802407,29.0785498489426,3.552713678800501e-15,5.589123867069489
Ahdoot_Test_StealthThinker,real_attachments/C_efficiency_evolution/detailed_results/Ahdoot_Test_StealthThinker/results_2025-01-06T23-06-48.071737.json,False,Ahdoot/Test_StealthThinker,teststealththinker,25.366571749083093,24,14.577039274924472,7,25.366571749083093,17.900302114803626,0.0,3.3232628398791544
AicoresSecurity_Cybernet-Sec-3B-R1-V0,real_attachments/C_efficiency_evolution/detailed_results/AicoresSecurity_Cybernet-Sec-3B-R1-V0/results_2025-02-27T08-26-21.525046.json,False,AicoresSecurity/Cybernet-Sec-3B-R1-V0,cybernetsec3br1v0,22.322105869787155,24,11.555891238670695,7,22.32210586978715,11.555891238670696,3.552713678800501e-15,1.7763568394002505e-15
AicoresSecurity_Cybernet-Sec-3B-R1-V0-Coder,real_attachments/C_efficiency_evolution/detailed_results/AicoresSecurity_Cybernet-Sec-3B-R1-V0-Coder/results_2025-02-27T08-25-30.321172.json,False,AicoresSecurity/Cybernet-Sec-3B-R1-V0-Coder,cybernetsec3br1v0coder,22.651493210389194,24,14.879154078549849,7,22.65149321038919,14.879154078549847,3.552713678800501e-15,1.7763568394002505e-15
AicoresSecurity_Cybernet-Sec-3B-R1-V1,real_attachments/C_efficiency_evolution/detailed_results/AicoresSecurity_Cybernet-Sec-3B-R1-V1/results_2025-03-07T07-38-49.658744.json,False,AicoresSecurity/Cybernet-Sec-3B-R1-V1,cybernetsec3br1v1,19.12507159428184,24,15.181268882175228,7,19.125071594281845,15.181268882175228,3.552713678800501e-15,0.0
AicoresSecurity_Cybernet-Sec-3B-R1-V1.1,real_attachments/C_efficiency_evolution/detailed_results/AicoresSecurity_Cybernet-Sec-3B-R1-V1.1/results_2025-03-07T20-20-00.411476.json,False,AicoresSecurity/Cybernet-Sec-3B-R1-V1.1,cybernetsec3br1v11,20.43056853928926,24,17.598187311178247,7,20.43056853928926,17.598187311178247,0.0,0.0
Alepach_notHumpback-M0,real_attachments/C_efficiency_evolution/detailed_results/Alepach_notHumpback-M0/results_2025-01-06T21-45-58.081166.json,False,Alepach/notHumpback-M0,nothumpbackm0,1.8364854019648535,24,0.3021148036253776,7,1.2773603683897798,1.8882175226586104,0.5591250335750737,1.5861027190332329
Alepach_notHumpback-M1,real_attachments/C_efficiency_evolution/detailed_results/Alepach_notHumpback-M1/results_2025-01-06T21-45-56.042287.json,False,Alepach/notHumpback-M1,nothumpbackm1,2.364818240684115,24,0.6042296072507553,7,1.922946094565394,1.5861027190332326,0.44187214611872094,0.9818731117824774
Alepach_notHumpback-M1-v2,real_attachments/C_efficiency_evolution/detailed_results/Alepach_notHumpback-M1-v2/results_2025-01-20T06-48-43.444170.json,False,Alepach/notHumpback-M1-v2,nothumpbackm1v2,1.2676708259061193,24,1.2084592145015105,7,1.2676708259061196,2.190332326283988,2.220446049250313e-16,0.9818731117824775
Alibaba-NLP_gte-Qwen2-7B-instruct,real_attachments/C_efficiency_evolution/detailed_results/Alibaba-NLP_gte-Qwen2-7B-instruct/results_2024-08-12T13-03-04.687518.json,False,Alibaba-NLP/gte-Qwen2-7B-instruct,gteqwen27binstruct,21.925482485662364,24,3.474320241691843,7,21.92548248566236,6.419939577039275,3.552713678800501e-15,2.9456193353474323
Alsebay_Qwen2.5-7B-test-novelist,real_attachments/C_efficiency_evolution/detailed_results/Alsebay_Qwen2.5-7B-test-novelist/results_2024-12-18T02-28-41.543232.json,False,Alsebay/Qwen2.5-7B-test-novelist,qwen257btestnovelist,30.41750003635299,24,16.08761329305136,7,30.417500036353,23.48942598187311,1.0658141036401503e-14,7.401812688821753
Amaorynho_BBAI2006,real_attachments/C_efficiency_evolution/detailed_results/Amaorynho_BBAI2006/results_2025-02-27T22-01-12.890348.json,False,Amaorynho/BBAI2006,bbai2006,1.677668316787616,24,0.0,7,1.6776683167876156,0.0,4.440892098500626e-16,0.0
Amaorynho_BBAI270V4,real_attachments/C_efficiency_evolution/detailed_results/Amaorynho_BBAI270V4/results_2025-02-27T08-30-09.873664.json,False,Amaorynho/BBAI270V4,bbai270v4,3.006785000149223,24,0.8308157099697886,7,3.006785000149223,0.8308157099697886,0.0,0.0
Amaorynho_BBAIIFEV1,real_attachments/C_efficiency_evolution/detailed_results/Amaorynho_BBAIIFEV1/results_2025-03-01T19-40-25.427409.json,False,Amaorynho/BBAIIFEV1,bbaiifev1,32.97465792285014,24,19.335347432024168,7,32.97465792285014,19.335347432024168,0.0,0.0
Amaorynho_BBAI_375,real_attachments/C_efficiency_evolution/detailed_results/Amaorynho_BBAI_375/results_2025-02-27T12-12-55.675096.json,False,Amaorynho/BBAI_375,bbai375,1.677668316787616,24,0.0,7,1.6776683167876156,0.0,4.440892098500626e-16,0.0
Amu_t1-1.5B,real_attachments/C_efficiency_evolution/detailed_results/Amu_t1-1.5B/results_2025-03-08T04-40-03.345654.json,False,Amu/t1-1.5B,t115b,15.17286027788074,24,5.13595166163142,7,15.17286027788074,5.13595166163142,0.0,0.0
Amu_t1-3B,real_attachments/C_efficiency_evolution/detailed_results/Amu_t1-3B/results_2025-03-13T16-46-20.235537.json,False,Amu/t1-3B,t13b,15.248848632790676,24,13.746223564954683,7,15.248848632790676,13.746223564954684,0.0,1.7763568394002505e-15
ArliAI_ArliAI-RPMax-12B-v1.1,real_attachments/C_efficiency_evolution/detailed_results/ArliAI_ArliAI-RPMax-12B-v1.1/results_2024-09-14T01-35-22.892458.json,False,ArliAI/ArliAI-RPMax-12B-v1.1,arliairpmax12bv11,24.809063317932775,24,9.214501510574017,7,24.80906331793277,11.253776435045316,3.552713678800501e-15,2.0392749244712984
ArliAI_Llama-3.1-8B-ArliAI-RPMax-v1.1,real_attachments/C_efficiency_evolution/detailed_results/ArliAI_Llama-3.1-8B-ArliAI-RPMax-v1.1/results_2024-09-19T08-16-03.312956.json,False,ArliAI/Llama-3.1-8B-ArliAI-RPMax-v1.1,llama318barliairpmaxv11,28.78701409944282,24,11.329305135951662,7,28.787014099442825,13.141993957703926,3.552713678800501e-15,1.812688821752264
Arthur-LAGACHERIE_Precis-1B-Instruct,real_attachments/C_efficiency_evolution/detailed_results/Arthur-LAGACHERIE_Precis-1B-Instruct/results_2025-01-20T02-26-42.196441.json,False,Arthur-LAGACHERIE/Precis-1B-Instruct,precis1binstruct,6.069097922855629,24,0.0755287009063444,7,6.06909792285563,0.3776435045317221,8.881784197001252e-16,0.3021148036253777
Artples_L-MChat-7b,real_attachments/C_efficiency_evolution/detailed_results/Artples_L-MChat-7b/results_2024-08-21T15-54-00.632996.json,False,Artples/L-MChat-7b,lmchat7b,24.20155738881327,24,7.930513595166164,7,24.20155738881327,9.214501510574015,0.0,1.2839879154078515
Artples_L-MChat-Small,real_attachments/C_efficiency_evolution/detailed_results/Artples_L-MChat-Small/results_2024-08-12T20-08-53.082655.json,False,Artples/L-MChat-Small,lmchatsmall,26.856515500031357,24,1.5861027190332326,7,26.85651550003136,3.776435045317221,3.552713678800501e-15,2.190332326283988
Aryanne_QwentileSwap,real_attachments/C_efficiency_evolution/detailed_results/Aryanne_QwentileSwap/results_2025-03-14T11-42-48.673718.json,False,Aryanne/QwentileSwap,qwentileswap,57.67565555333627,24,42.220543806646525,7,57.67565555333628,42.220543806646525,7.105427357601002e-15,0.0
Aryanne_SHBA,real_attachments/C_efficiency_evolution/detailed_results/Aryanne_SHBA/results_2025-01-14T02-47-19.535563.json,False,Aryanne/SHBA,shba,32.47770265291173,24,17.371601208459214,7,32.47770265291174,17.97583081570997,7.105427357601002e-15,0.6042296072507547
Aryanne_SuperHeart,real_attachments/C_efficiency_evolution/detailed_results/Aryanne_SuperHeart/results_2024-09-23T11-59-42.090754.json,False,Aryanne/SuperHeart,superheart,31.893554212659293,24,13.897280966767372,7,31.893554212659296,15.634441087613292,3.552713678800501e-15,1.7371601208459193
AtAndDev_Qwen2.5-1.5B-continuous-learnt,real_attachments/C_efficiency_evolution/detailed_results/AtAndDev_Qwen2.5-1.5B-continuous-learnt/results_2024-10-15T04-55-44.027283.json,False,AtAndDev/Qwen2.5-1.5B-continuous-learnt,qwen2515bcontinuouslearnt,19.537665997360087,24,7.477341389728097,7,,,,
Ateron_Glowing-Forest-12B,real_attachments/C_efficiency_evolution/detailed_results/Ateron_Glowing-Forest-12B/results_2025-03-06T15-03-45.762050.json,False,Ateron/Glowing-Forest-12B,glowingforest12b,35.52548240518279,24,7.779456193353475,7,35.52548240518279,7.779456193353475,0.0,0.0
Ateron_Lotus-Magpic,real_attachments/C_efficiency_evolution/detailed_results/Ateron_Lotus-Magpic/results_2025-03-05T13-12-09.385184.json,False,Ateron/Lotus-Magpic,lotusmagpic,32.65772737584173,24,9.969788519637463,7,32.65772737584173,9.969788519637463,0.0,0.0
Ateron_Way_of_MagPicaro,real_attachments/C_efficiency_evolution/detailed_results/Ateron_Way_of_MagPicaro/results_2025-03-05T15-31-39.956586.json,False,Ateron/Way_of_MagPicaro,wayofmagpicaro,34.31594112170484,24,5.8912386706948645,7,34.315941121704846,5.8912386706948645,7.105427357601002e-15,0.0
AuraIndustries_Aura-4B,real_attachments/C_efficiency_evolution/detailed_results/AuraIndustries_Aura-4B/results_2024-12-18T03-06-02.963485.json,False,AuraIndustries/Aura-4B,aura4b,22.64085672774061,24,4.305135951661631,7,22.64085672774061,4.229607250755287,0.0,0.07552870090634389
AuraIndustries_Aura-8B,real_attachments/C_efficiency_evolution/detailed_results/AuraIndustries_Aura-8B/results_2024-12-11T04-50-16.483325.json,False,AuraIndustries/Aura-8B,aura8b,30.98134841070972,24,15.030211480362537,7,30.98134841070972,15.181268882175228,0.0,0.15105740181269134
AuraIndustries_Aura-MoE-2x4B,real_attachments/C_efficiency_evolution/detailed_results/AuraIndustries_Aura-MoE-2x4B/results_2024-12-18T04-41-59.014444.json,False,AuraIndustries/Aura-MoE-2x4B,auramoe2x4b,20.613848083609014,24,2.9456193353474323,7,20.61384808360901,3.096676737160121,3.552713678800501e-15,0.15105740181268867
AuraIndustries_Aura-MoE-2x4B-v2,real_attachments/C_efficiency_evolution/detailed_results/AuraIndustries_Aura-MoE-2x4B-v2/results_2024-12-18T04-58-06.054592.json,False,AuraIndustries/Aura-MoE-2x4B-v2,auramoe2x4bv2,20.801181076748463,24,2.3413897280966767,7,20.801181076748463,3.1722054380664653,0.0,0.8308157099697886
Aurel9_testmerge-7b,real_attachments/C_efficiency_evolution/detailed_results/Aurel9_testmerge-7b/results_2024-11-20T00-59-08.345134.json,False,Aurel9/testmerge-7b,testmerge7b,32.79279332763635,24,6.722054380664652,7,,,,
Ayush-Singh_Llama1B-sft-2,real_attachments/C_efficiency_evolution/detailed_results/Ayush-Singh_Llama1B-sft-2/results_2025-02-05T09-53-28.796940.json,False,Ayush-Singh/Llama1B-sft-2,llama1bsft2,1.2375708061002189,24,0.0,7,1.2375708061002186,0.0,2.220446049250313e-16,0.0
Azure99_Blossom-V6-14B,real_attachments/C_efficiency_evolution/detailed_results/Azure99_Blossom-V6-14B/results_2025-02-01T09-24-58.712862.json,False,Azure99/Blossom-V6-14B,blossomv614b,30.352801195277202,24,7.552870090634441,7,30.3528011952772,52.567975830815705,3.552713678800501e-15,45.01510574018126
Azure99_Blossom-V6-7B,real_attachments/C_efficiency_evolution/detailed_results/Azure99_Blossom-V6-7B/results_2025-02-01T08-37-59.351105.json,False,Azure99/Blossom-V6-7B,blossomv67b,29.447521285247884,24,7.854984894259818,7,29.447521285247884,45.84592145015105,0.0,37.99093655589124
Azure99_blossom-v5-32b,real_attachments/C_efficiency_evolution/detailed_results/Azure99_blossom-v5-32b/results_2024-09-27T16-03-40.225448.json,False,Azure99/blossom-v5-32b,blossomv532b,42.883055884713976,24,9.667673716012084,7,42.883055884713976,18.65558912386707,0.0,8.987915407854986
Azure99_blossom-v5-llama3-8b,real_attachments/C_efficiency_evolution/detailed_results/Azure99_blossom-v5-llama3-8b/results_2024-09-21T11-45-04.971156.json,False,Azure99/blossom-v5-llama3-8b,blossomv5llama38b,18.306535405618444,24,4.003021148036254,7,18.306535405618444,5.13595166163142,0.0,1.1329305135951664
Azure99_blossom-v5.1-34b,real_attachments/C_efficiency_evolution/detailed_results/Azure99_blossom-v5.1-34b/results_2024-07-17T02-52-19.756120.json,False,Azure99/blossom-v5.1-34b,blossomv5134b,44.1277045883846,24,14.425981873111782,7,44.14770458838461,25.90634441087613,0.020000000000010232,11.480362537764348
Azure99_blossom-v5.1-9b,real_attachments/C_efficiency_evolution/detailed_results/Azure99_blossom-v5.1-9b/results_2024-07-17T00-49-16.822666.json,False,Azure99/blossom-v5.1-9b,blossomv519b,34.20124449031171,24,10.498489425981873,7,34.20124449031171,21.22356495468278,0.0,10.725075528700906
BAAI_Gemma2-9B-IT-Simpo-Infinity-Preference,real_attachments/C_efficiency_evolution/detailed_results/BAAI_Gemma2-9B-IT-Simpo-Infinity-Preference/results_2024-09-03T10-12-22.221077.json,False,BAAI/Gemma2-9B-IT-Simpo-Infinity-Preference,gemma29bitsimpoinfinitypreference,42.19084405906615,24,0.0,7,42.19084405906616,9.743202416918429,7.105427357601002e-15,9.743202416918429
BAAI_Infinity-Instruct-3M-0613-Llama3-70B,real_attachments/C_efficiency_evolution/detailed_results/BAAI_Infinity-Instruct-3M-0613-Llama3-70B/results_2024-07-25T07-35-25.760033.json,False,BAAI/Infinity-Instruct-3M-0613-Llama3-70B,infinityinstruct3m0613llama370b,51.32716098252214,24,14.879154078549849,7,51.32716098252212,21.52567975830816,1.4210854715202004e-14,6.646525679758312
BAAI_Infinity-Instruct-3M-0613-Mistral-7B,real_attachments/C_efficiency_evolution/detailed_results/BAAI_Infinity-Instruct-3M-0613-Mistral-7B/results_2024-07-22T10-30-55.104090.json,False,BAAI/Infinity-Instruct-3M-0613-Mistral-7B,infinityinstruct3m0613mistral7b,28.99293647032058,24,6.646525679758309,7,28.992936470320583,8.157099697885197,3.552713678800501e-15,1.5105740181268885
BAAI_Infinity-Instruct-3M-0625-Llama3-70B,real_attachments/C_efficiency_evolution/detailed_results/BAAI_Infinity-Instruct-3M-0625-Llama3-70B/results_2024-09-03T00-17-17.935598.json,False,BAAI/Infinity-Instruct-3M-0625-Llama3-70B,infinityinstruct3m0625llama370b,52.02816164280524,24,16.314199395770395,7,52.02816164280523,22.507552870090635,7.105427357601002e-15,6.19335347432024
BAAI_Infinity-Instruct-3M-0625-Llama3-8B,real_attachments/C_efficiency_evolution/detailed_results/BAAI_Infinity-Instruct-3M-0625-Llama3-8B/results_2024-07-25T14-21-16.697446.json,False,BAAI/Infinity-Instruct-3M-0625-Llama3-8B,infinityinstruct3m0625llama38b,28.988222245756408,24,5.287009063444108,7,28.9882222457564,8.836858006042297,7.105427357601002e-15,3.5498489425981887
BAAI_Infinity-Instruct-3M-0625-Mistral-7B,real_attachments/C_efficiency_evolution/detailed_results/BAAI_Infinity-Instruct-3M-0625-Mistral-7B/results_2024-08-12T18-08-03.104883.json,False,BAAI/Infinity-Instruct-3M-0625-Mistral-7B,infinityinstruct3m0625mistral7b,28.82328942958971,24,6.722054380664652,7,28.82328942958971,7.628398791540786,0.0,0.9063444108761338
BAAI_Infinity-Instruct-3M-0625-Qwen2-7B,real_attachments/C_efficiency_evolution/detailed_results/BAAI_Infinity-Instruct-3M-0625-Qwen2-7B/results_2024-08-12T18-24-56.268433.json,False,BAAI/Infinity-Instruct-3M-0625-Qwen2-7B,infinityinstruct3m0625qwen27b,34.65682860864863,24,6.117824773413897,7,34.65682860864863,19.259818731117825,0.0,13.141993957703928
BAAI_Infinity-Instruct-3M-0625-Yi-1.5-9B,real_attachments/C_efficiency_evolution/detailed_results/BAAI_Infinity-Instruct-3M-0625-Yi-1.5-9B/results_2024-08-21T05-35-19.299638.json,False,BAAI/Infinity-Instruct-3M-0625-Yi-1.5-9B,infinityinstruct3m0625yi159b,35.37870748220464,24,13.972809667673717,7,35.37870748220464,16.389728096676738,0.0,2.4169184290030206
BAAI_Infinity-Instruct-7M-0729-Llama3_1-8B,real_attachments/C_efficiency_evolution/detailed_results/BAAI_Infinity-Instruct-7M-0729-Llama3_1-8B/results_2024-08-12T13-18-16.514134.json,False,BAAI/Infinity-Instruct-7M-0729-Llama3_1-8B,infinityinstruct7m0729llama318b,30.88880460756557,24,9.743202416918429,7,30.88880460756557,12.764350453172204,0.0,3.0211480362537753
BAAI_Infinity-Instruct-7M-0729-mistral-7B,real_attachments/C_efficiency_evolution/detailed_results/BAAI_Infinity-Instruct-7M-0729-mistral-7B/results_2024-08-12T13-10-51.363675.json,False,BAAI/Infinity-Instruct-7M-0729-mistral-7B,infinityinstruct7m0729mistral7b,28.697915491520025,24,5.589123867069486,7,28.697915491520025,8.308157099697885,0.0,2.719033232628399
BAAI_Infinity-Instruct-7M-Gen-Llama3_1-70B,real_attachments/C_efficiency_evolution/detailed_results/BAAI_Infinity-Instruct-7M-Gen-Llama3_1-70B/results_2024-09-29T01-05-56.315539.json,False,BAAI/Infinity-Instruct-7M-Gen-Llama3_1-70B,infinityinstruct7mgenllama3170b,52.49894685232329,24,21.07250755287009,7,52.49894685232329,25.22658610271904,0.0,4.1540785498489505
BAAI_Infinity-Instruct-7M-Gen-Llama3_1-8B,real_attachments/C_efficiency_evolution/detailed_results/BAAI_Infinity-Instruct-7M-Gen-Llama3_1-8B/results_2024-09-02T15-50-11.409871.json,False,BAAI/Infinity-Instruct-7M-Gen-Llama3_1-8B,infinityinstruct7mgenllama318b,30.88880460756557,24,9.743202416918429,7,30.88880460756557,12.764350453172204,0.0,3.0211480362537753
BAAI_Infinity-Instruct-7M-Gen-mistral-7B,real_attachments/C_efficiency_evolution/detailed_results/BAAI_Infinity-Instruct-7M-Gen-mistral-7B/results_2024-09-02T15-46-52.517392.json,False,BAAI/Infinity-Instruct-7M-Gen-mistral-7B,infinityinstruct7mgenmistral7b,28.697915491520025,24,5.589123867069486,7,28.697915491520025,8.308157099697885,0.0,2.719033232628399
BAAI_OPI-Llama-3.1-8B-Instruct,real_attachments/C_efficiency_evolution/detailed_results/BAAI_OPI-Llama-3.1-8B-Instruct/results_2024-09-23T11-57-00.029469.json,False,BAAI/OPI-Llama-3.1-8B-Instruct,opillama318binstruct,9.76871171424153,24,0.0,7,9.76871171424153,1.3595166163141994,0.0,1.3595166163141994
BEE-spoke-data_Meta-Llama-3-8Bee,real_attachments/C_efficiency_evolution/detailed_results/BEE-spoke-data_Meta-Llama-3-8Bee/results_2024-07-25T12-24-55.860310.json,False,BEE-spoke-data/Meta-Llama-3-8Bee,metallama38bee,24.199032699797485,24,3.8519637462235647,7,24.19903269979749,4.833836858006042,3.552713678800501e-15,0.9818731117824773
BEE-spoke-data_smol_llama-101M-GQA,real_attachments/C_efficiency_evolution/detailed_results/BEE-spoke-data_smol_llama-101M-GQA/results_2024-08-13T08-16-04.970628.json,False,BEE-spoke-data/smol_llama-101M-GQA,smolllama101mgqa,3.1980040943527936,24,0.0,7,3.1980040943527936,0.6042296072507553,0.0,0.6042296072507553
BEE-spoke-data_smol_llama-220M-GQA,real_attachments/C_efficiency_evolution/detailed_results/BEE-spoke-data_smol_llama-220M-GQA/results_2024-06-26T23-24-10.372392.json,False,BEE-spoke-data/smol_llama-220M-GQA,smolllama220mgqa,3.0378427577205307,24,0.0,7,3.03784275772053,1.0574018126888218,8.881784197001252e-16,1.0574018126888218
BEE-spoke-data_smol_llama-220M-GQA-fineweb_edu,real_attachments/C_efficiency_evolution/detailed_results/BEE-spoke-data_smol_llama-220M-GQA-fineweb_edu/results_2024-07-18T11-09-45.118921.json,False,BEE-spoke-data/smol_llama-220M-GQA-fineweb_edu,smolllama220mgqafinewebedu,2.3149024491490247,24,0.0,7,2.314902449149024,0.6797583081570997,4.440892098500626e-16,0.6797583081570997
BEE-spoke-data_smol_llama-220M-openhermes,real_attachments/C_efficiency_evolution/detailed_results/BEE-spoke-data_smol_llama-220M-openhermes/results_2024-09-21T20-51-56.948604.json,False,BEE-spoke-data/smol_llama-220M-openhermes,smolllama220mopenhermes,3.1076920770873633,24,0.0,7,3.107692077087363,1.0574018126888218,4.440892098500626e-16,1.0574018126888218
BEE-spoke-data_tFINE-900m-e16-d32-flan,real_attachments/C_efficiency_evolution/detailed_results/BEE-spoke-data_tFINE-900m-e16-d32-flan/results_2024-09-14T06-01-16.457735.json,False,BEE-spoke-data/tFINE-900m-e16-d32-flan,tfine900me16d32flan,4.411893932611097,24,0.0,7,4.411893932611097,0.9818731117824772,0.0,0.9818731117824772
BEE-spoke-data_tFINE-900m-e16-d32-flan-infinity-instruct-7m-T2T_en-1024,real_attachments/C_efficiency_evolution/detailed_results/BEE-spoke-data_tFINE-900m-e16-d32-flan-infinity-instruct-7m-T2T_en-1024/results_2024-09-14T09-26-54.566432.json,False,BEE-spoke-data/tFINE-900m-e16-d32-flan-infinity-instruct-7m-T2T_en-1024,tfine900me16d32flaninfinityinstruct7mt2ten1024,4.737018282627999,24,0.0,7,4.737018282627999,1.0574018126888218,0.0,1.0574018126888218
BEE-spoke-data_tFINE-900m-e16-d32-instruct_2e,real_attachments/C_efficiency_evolution/detailed_results/BEE-spoke-data_tFINE-900m-e16-d32-instruct_2e/results_2024-09-23T16-45-27.487413.json,False,BEE-spoke-data/tFINE-900m-e16-d32-instruct_2e,tfine900me16d32instruct2e,5.013070335904382,24,0.0,7,5.013070335904381,1.3595166163141994,8.881784197001252e-16,1.3595166163141994
BEE-spoke-data_tFINE-900m-instruct-orpo,real_attachments/C_efficiency_evolution/detailed_results/BEE-spoke-data_tFINE-900m-instruct-orpo/results_2024-09-23T17-46-03.770289.json,False,BEE-spoke-data/tFINE-900m-instruct-orpo,tfine900minstructorpo,3.2673005779317745,24,0.0,7,3.267300577931774,1.5861027190332326,4.440892098500626e-16,1.5861027190332326
BSC-LT_salamandra-7b,real_attachments/C_efficiency_evolution/detailed_results/BSC-LT_salamandra-7b/results_2024-11-22T08-16-09.604171.json,False,BSC-LT/salamandra-7b,salamandra7b,10.157421990520298,24,0.0,7,10.157421990520298,0.3776435045317221,0.0,0.3776435045317221
BSC-LT_salamandra-7b-instruct,real_attachments/C_efficiency_evolution/detailed_results/BSC-LT_salamandra-7b-instruct/results_2024-11-22T08-58-14.996318.json,False,BSC-LT/salamandra-7b-instruct,salamandra7binstruct,14.688128545731285,24,0.22658610271903326,7,14.688128545731288,0.8308157099697886,3.552713678800501e-15,0.6042296072507554
Ba2han_Llama-Phi-3_DoRA,real_attachments/C_efficiency_evolution/detailed_results/Ba2han_Llama-Phi-3_DoRA/results_2024-07-29T08-29-23.036311.json,False,Ba2han/Llama-Phi-3_DoRA,llamaphi3dora,37.24916418079274,24,10.196374622356496,7,37.24916418079274,12.16012084592145,0.0,1.9637462235649537
Baptiste-HUVELLE-10_LeTriomphant2.2_ECE_iLAB,real_attachments/C_efficiency_evolution/detailed_results/Baptiste-HUVELLE-10_LeTriomphant2.2_ECE_iLAB/results_2025-03-01T08-30-05.978173.json,False,Baptiste-HUVELLE-10/LeTriomphant2.2_ECE_iLAB,letriomphant22eceilab,61.61232489960705,24,44.48640483383686,7,61.61232489960707,44.48640483383686,1.4210854715202004e-14,0.0
BenevolenceMessiah_Qwen2.5-72B-2x-Instruct-TIES-v1.0,real_attachments/C_efficiency_evolution/detailed_results/BenevolenceMessiah_Qwen2.5-72B-2x-Instruct-TIES-v1.0/results_2024-11-25T10-42-51.480482.json,False,BenevolenceMessiah/Qwen2.5-72B-2x-Instruct-TIES-v1.0,qwen2572b2xinstructtiesv10,61.91149453060485,24,9.365558912386707,7,61.91149453060484,57.85498489425982,7.105427357601002e-15,48.48942598187311
BenevolenceMessiah_Yi-Coder-9B-Chat-Instruct-TIES-MoE-v1.0,real_attachments/C_efficiency_evolution/detailed_results/BenevolenceMessiah_Yi-Coder-9B-Chat-Instruct-TIES-MoE-v1.0/results_2024-09-28T01-29-46.479228.json,False,BenevolenceMessiah/Yi-Coder-9B-Chat-Instruct-TIES-MoE-v1.0,yicoder9bchatinstructtiesmoev10,26.877991478721704,24,4.003021148036254,7,26.877991478721707,4.154078549848943,3.552713678800501e-15,0.15105740181268956
BlackBeenie_Bloslain-8B-v0.2,real_attachments/C_efficiency_evolution/detailed_results/BlackBeenie_Bloslain-8B-v0.2/results_2024-11-20T00-14-46.384603.json,False,BlackBeenie/Bloslain-8B-v0.2,bloslain8bv02,30.66290179734066,24,14.501510574018129,7,30.66290179734065,14.501510574018129,1.0658141036401503e-14,0.0
BlackBeenie_Llama-3.1-8B-OpenO1-SFT-v0.1,real_attachments/C_efficiency_evolution/detailed_results/BlackBeenie_Llama-3.1-8B-OpenO1-SFT-v0.1/results_2024-12-29T05-50-35.952715.json,False,BlackBeenie/Llama-3.1-8B-OpenO1-SFT-v0.1,llama318bopeno1sftv01,26.034289552808822,24,13.066465256797583,7,26.034289552808826,15.256797583081571,3.552713678800501e-15,2.190332326283988
BlackBeenie_Llama-3.1-8B-pythonic-passthrough-merge,real_attachments/C_efficiency_evolution/detailed_results/BlackBeenie_Llama-3.1-8B-pythonic-passthrough-merge/results_2024-11-06T21-15-20.894828.json,False,BlackBeenie/Llama-3.1-8B-pythonic-passthrough-merge,llama318bpythonicpassthroughmerge,9.359904687487282,24,0.6042296072507553,7,9.359904687487282,1.1329305135951662,0.0,0.5287009063444109
BlackBeenie_Neos-Gemma-2-9b,real_attachments/C_efficiency_evolution/detailed_results/BlackBeenie_Neos-Gemma-2-9b/results_2024-11-11T12-49-01.846333.json,False,BlackBeenie/Neos-Gemma-2-9b,neosgemma29b,35.638851313766615,24,8.23262839879154,7,35.638851313766615,9.818731117824774,0.0,1.5861027190332333
BlackBeenie_Neos-Llama-3.1-8B,real_attachments/C_efficiency_evolution/detailed_results/BlackBeenie_Neos-Llama-3.1-8B/results_2024-11-12T13-25-16.816634.json,False,BlackBeenie/Neos-Llama-3.1-8B,neosllama318b,21.080122945815937,24,12.915407854984895,7,21.080122945815933,13.217522658610273,3.552713678800501e-15,0.30211480362537735
BlackBeenie_Neos-Llama-3.1-base,real_attachments/C_efficiency_evolution/detailed_results/BlackBeenie_Neos-Llama-3.1-base/results_2024-11-11T14-31-42.592878.json,False,BlackBeenie/Neos-Llama-3.1-base,neosllama31base,2.2214471263806477,24,0.0,7,2.2214471263806472,0.0,4.440892098500626e-16,0.0
BlackBeenie_Neos-Phi-3-14B-v0.1,real_attachments/C_efficiency_evolution/detailed_results/BlackBeenie_Neos-Phi-3-14B-v0.1/results_2024-11-27T15-11-29.345795.json,False,BlackBeenie/Neos-Phi-3-14B-v0.1,neosphi314bv01,46.63138689861978,24,16.691842900302113,7,46.63138689861978,17.82477341389728,0.0,1.1329305135951664
BlackBeenie_llama-3-luminous-merged,real_attachments/C_efficiency_evolution/detailed_results/BlackBeenie_llama-3-luminous-merged/results_2024-10-11T13-21-44.421484.json,False,BlackBeenie/llama-3-luminous-merged,llama3luminousmerged,30.643687228787254,24,7.854984894259818,7,30.64368722878725,8.685800604229607,3.552713678800501e-15,0.830815709969789
BlackBeenie_llama-3.1-8B-Galore-openassistant-guanaco,real_attachments/C_efficiency_evolution/detailed_results/BlackBeenie_llama-3.1-8B-Galore-openassistant-guanaco/results_2024-10-19T11-26-56.879492.json,False,BlackBeenie/llama-3.1-8B-Galore-openassistant-guanaco,llama318bgaloreopenassistantguanaco,31.444704759068383,24,4.833836858006042,7,31.444704759068383,6.646525679758309,0.0,1.8126888217522668
Bllossom_llama-3.2-Korean-Bllossom-AICA-5B,real_attachments/C_efficiency_evolution/detailed_results/Bllossom_llama-3.2-Korean-Bllossom-AICA-5B/results_2024-12-18T04-48-36.945827.json,False,Bllossom/llama-3.2-Korean-Bllossom-AICA-5B,llama32koreanbllossomaica5b,18.650222512085886,24,7.326283987915408,7,18.65022251208589,12.386706948640484,3.552713678800501e-15,5.0604229607250755
BoltMonkey_DreadMix,real_attachments/C_efficiency_evolution/detailed_results/BoltMonkey_DreadMix/results_2024-10-15T10-14-27.298886.json,False,BoltMonkey/DreadMix,dreadmix,34.84501521605124,24,13.746223564954683,7,34.84501521605123,15.55891238670695,7.105427357601002e-15,1.8126888217522676
BoltMonkey_NeuralDaredevil-SuperNova-Lite-7B-DARETIES-abliterated,real_attachments/C_efficiency_evolution/detailed_results/BoltMonkey_NeuralDaredevil-SuperNova-Lite-7B-DARETIES-abliterated/results_2024-10-02T01-12-39.953335.json,False,BoltMonkey/NeuralDaredevil-SuperNova-Lite-7B-DARETIES-abliterated,neuraldaredevilsupernovalite7bdaretiesabliterated,30.542555579455556,24,9.969788519637463,7,,,,
BoltMonkey_SuperNeuralDreadDevil-8b,real_attachments/C_efficiency_evolution/detailed_results/BoltMonkey_SuperNeuralDreadDevil-8b/results_2024-10-15T04-58-27.394066.json,False,BoltMonkey/SuperNeuralDreadDevil-8b,superneuraldreaddevil8b,32.61215762394777,24,11.48036253776435,7,32.61215762394777,9.290030211480364,0.0,2.190332326283986
BrainWave-ML_llama3.2-3B-maths-orpo,real_attachments/C_efficiency_evolution/detailed_results/BrainWave-ML_llama3.2-3B-maths-orpo/results_2024-10-25T15-23-53.121910.json,False,BrainWave-ML/llama3.2-3B-maths-orpo,llama323bmathsorpo,2.3470409575204094,24,0.0,7,2.3470409575204094,0.0,0.0,0.0
BramVanroy_GEITje-7B-ultra,real_attachments/C_efficiency_evolution/detailed_results/BramVanroy_GEITje-7B-ultra/results_2024-10-28T15-46-03.761866.json,False,BramVanroy/GEITje-7B-ultra,geitje7bultra,12.879913010035896,24,0.906344410876133,7,12.879913010035898,1.5861027190332326,1.7763568394002505e-15,0.6797583081570996
BramVanroy_fietje-2,real_attachments/C_efficiency_evolution/detailed_results/BramVanroy_fietje-2/results_2024-10-28T15-01-12.007604.json,False,BramVanroy/fietje-2,fietje2,15.603676192567875,24,0.906344410876133,7,15.603676192567876,1.5861027190332326,1.7763568394002505e-15,0.6797583081570996
BramVanroy_fietje-2-chat,real_attachments/C_efficiency_evolution/detailed_results/BramVanroy_fietje-2-chat/results_2024-10-28T15-30-42.669861.json,False,BramVanroy/fietje-2-chat,fietje2chat,17.718965848323496,24,0.5287009063444109,7,17.718965848323496,1.8882175226586104,0.0,1.3595166163141994
BramVanroy_fietje-2-instruct,real_attachments/C_efficiency_evolution/detailed_results/BramVanroy_fietje-2-instruct/results_2024-10-29T06-19-03.359209.json,False,BramVanroy/fietje-2-instruct,fietje2instruct,17.57247980884759,24,0.5287009063444109,7,17.57247980884759,2.2658610271903323,0.0,1.7371601208459215
CYFRAGOVPL_Llama-PLLuM-8B-base,real_attachments/C_efficiency_evolution/detailed_results/CYFRAGOVPL_Llama-PLLuM-8B-base/results_2025-02-28T14-13-32.792972.json,False,CYFRAGOVPL/Llama-PLLuM-8B-base,llamapllum8bbase,20.218737977791477,24,3.625377643504532,7,20.21873797779148,3.625377643504532,3.552713678800501e-15,0.0
CYFRAGOVPL_Llama-PLLuM-8B-chat,real_attachments/C_efficiency_evolution/detailed_results/CYFRAGOVPL_Llama-PLLuM-8B-chat/results_2025-02-28T13-53-42.976676.json,False,CYFRAGOVPL/Llama-PLLuM-8B-chat,llamapllum8bchat,16.279056764258215,24,3.3987915407854987,7,16.279056764258215,3.3987915407854987,0.0,0.0
CYFRAGOVPL_PLLuM-12B-base,real_attachments/C_efficiency_evolution/detailed_results/CYFRAGOVPL_PLLuM-12B-base/results_2025-02-28T14-26-10.371596.json,False,CYFRAGOVPL/PLLuM-12B-base,pllum12bbase,21.240801542833136,24,2.8700906344410875,7,21.240801542833136,2.8700906344410875,0.0,0.0
CYFRAGOVPL_PLLuM-12B-chat,real_attachments/C_efficiency_evolution/detailed_results/CYFRAGOVPL_PLLuM-12B-chat/results_2025-02-28T14-04-50.916092.json,False,CYFRAGOVPL/PLLuM-12B-chat,pllum12bchat,21.319737721095155,24,1.812688821752266,7,21.319737721095155,1.812688821752266,0.0,0.0
CYFRAGOVPL_PLLuM-12B-nc-base,real_attachments/C_efficiency_evolution/detailed_results/CYFRAGOVPL_PLLuM-12B-nc-base/results_2025-02-28T14-13-34.734587.json,False,CYFRAGOVPL/PLLuM-12B-nc-base,pllum12bncbase,19.387664951963902,24,2.190332326283988,7,19.387664951963902,2.190332326283988,0.0,0.0
CYFRAGOVPL_PLLuM-12B-nc-chat,real_attachments/C_efficiency_evolution/detailed_results/CYFRAGOVPL_PLLuM-12B-nc-chat/results_2025-02-28T14-03-56.285441.json,False,CYFRAGOVPL/PLLuM-12B-nc-chat,pllum12bncchat,23.00855382329361,24,1.2084592145015105,7,23.008553823293614,1.2084592145015105,3.552713678800501e-15,0.0
CarrotAI_Llama-3.2-Rabbit-Ko-3B-Instruct,real_attachments/C_efficiency_evolution/detailed_results/CarrotAI_Llama-3.2-Rabbit-Ko-3B-Instruct/results_2024-12-20T07-08-53.216233.json,False,CarrotAI/Llama-3.2-Rabbit-Ko-3B-Instruct,llama32rabbitko3binstruct,21.49731033280348,24,2.492447129909366,7,21.49731033280348,20.54380664652568,0.0,18.051359516616316
CarrotAI_Llama-3.2-Rabbit-Ko-3B-Instruct-2412,real_attachments/C_efficiency_evolution/detailed_results/CarrotAI_Llama-3.2-Rabbit-Ko-3B-Instruct-2412/results_2024-12-19T09-37-44.312285.json,False,CarrotAI/Llama-3.2-Rabbit-Ko-3B-Instruct-2412,llama32rabbitko3binstruct2412,20.17567961421505,24,17.220543806646525,7,20.17567961421505,17.598187311178247,0.0,0.37764350453172213
Casual-Autopsy_L3-Umbral-Mind-RP-v2.0-8B,real_attachments/C_efficiency_evolution/detailed_results/Casual-Autopsy_L3-Umbral-Mind-RP-v2.0-8B/results_2024-07-22T09-49-57.500293.json,False,Casual-Autopsy/L3-Umbral-Mind-RP-v2.0-8B,l3umbralmindrpv208b,32.48627762381486,24,10.120845921450151,7,32.48627762381486,10.95166163141994,0.0,0.830815709969789
CausalLM_14B,real_attachments/C_efficiency_evolution/detailed_results/CausalLM_14B/results_2024-06-16T22-41-11.628824.json,False,CausalLM/14B,14b,24.78094267451867,24,3.3232628398791544,7,24.780942674518663,7.552870090634441,7.105427357601002e-15,4.229607250755286
CausalLM_34b-beta,real_attachments/C_efficiency_evolution/detailed_results/CausalLM_34b-beta/results_2024-08-13T04-12-29.067058.json,False,CausalLM/34b-beta,34bbeta,36.67722626273906,24,4.1540785498489425,7,36.677226262739055,4.833836858006042,7.105427357601002e-15,0.6797583081570995
CausalLM_preview-1-hf,real_attachments/C_efficiency_evolution/detailed_results/CausalLM_preview-1-hf/results_2025-01-26T19-50-38.868150.json,False,CausalLM/preview-1-hf,preview1,10.100940706274752,24,1.6616314199395772,7,10.100940706274752,3.0211480362537766,0.0,1.3595166163141994
Changgil_K2S3-14b-v0.2,real_attachments/C_efficiency_evolution/detailed_results/Changgil_K2S3-14b-v0.2/results_2024-08-12T22-44-05.278865.json,False,Changgil/K2S3-14b-v0.2,k2s314bv02,24.28394672665017,24,4.531722054380665,7,24.283946726650168,5.740181268882175,3.552713678800501e-15,1.2084592145015103
Changgil_K2S3-v0.1,real_attachments/C_efficiency_evolution/detailed_results/Changgil_K2S3-v0.1/results_2025-02-13T18-27-04.338360.json,False,Changgil/K2S3-v0.1,k2s3v01,24.559557672503786,24,4.607250755287009,7,24.559557672503782,4.607250755287009,3.552713678800501e-15,0.0
ClaudioItaly_Albacus,real_attachments/C_efficiency_evolution/detailed_results/ClaudioItaly_Albacus/results_2024-09-14T01-42-34.001195.json,False,ClaudioItaly/Albacus,albacus,31.638864744024797,24,6.419939577039275,7,31.63886474402479,7.099697885196375,7.105427357601002e-15,0.6797583081570995
ClaudioItaly_Book-Gut12B,real_attachments/C_efficiency_evolution/detailed_results/ClaudioItaly_Book-Gut12B/results_2024-09-18T16-10-32.498210.json,False,ClaudioItaly/Book-Gut12B,bookgut12b,34.63219258973313,24,8.761329305135952,7,34.63219258973313,10.196374622356496,0.0,1.4350453172205437
ClaudioItaly_Evolutionstory-7B-v2.2,real_attachments/C_efficiency_evolution/detailed_results/ClaudioItaly_Evolutionstory-7B-v2.2/results_2024-09-03T07-38-49.543556.json,False,ClaudioItaly/Evolutionstory-7B-v2.2,evolutionstory7bv22,31.623864744024793,24,6.419939577039275,7,31.62386474402479,7.099697885196375,3.552713678800501e-15,0.6797583081570995
ClaudioItaly_intelligence-cod-rag-7b-v3,real_attachments/C_efficiency_evolution/detailed_results/ClaudioItaly_intelligence-cod-rag-7b-v3/results_2024-12-02T20-56-56.981425.json,False,ClaudioItaly/intelligence-cod-rag-7b-v3,intelligencecodrag7bv3,34.776158539494425,24,9.818731117824774,7,34.776158539494425,38.06646525679759,0.0,28.247734138972817
CohereForAI_aya-23-35B,real_attachments/C_efficiency_evolution/detailed_results/CohereForAI_aya-23-35B/results_2024-06-17T22-14-18.057565.json,False,CohereForAI/aya-23-35B,aya2335b,34.85836046775463,24,2.643504531722054,7,34.85836046775463,3.474320241691843,0.0,0.830815709969789
CohereForAI_aya-23-8B,real_attachments/C_efficiency_evolution/detailed_results/CohereForAI_aya-23-8B/results_2024-06-17T11-49-39.129219.json,False,CohereForAI/aya-23-8B,aya238b,20.203760646739376,24,1.4350453172205437,7,20.20376064673937,1.6616314199395772,7.105427357601002e-15,0.22658610271903346
CohereForAI_aya-expanse-32b,real_attachments/C_efficiency_evolution/detailed_results/CohereForAI_aya-expanse-32b/results_2024-10-24T23-13-12.725496.json,False,CohereForAI/aya-expanse-32b,ayaexpanse32b,38.709611433014175,24,13.36858006042296,7,38.70961143301418,15.332326283987916,7.105427357601002e-15,1.9637462235649554
CohereForAI_aya-expanse-8b,real_attachments/C_efficiency_evolution/detailed_results/CohereForAI_aya-expanse-8b/results_2024-10-24T16-15-03.662470.json,False,CohereForAI/aya-expanse-8b,ayaexpanse8b,28.52348250428851,24,7.02416918429003,7,,,,
CohereForAI_c4ai-command-r-plus,real_attachments/C_efficiency_evolution/detailed_results/CohereForAI_c4ai-command-r-plus/results_2024-06-20T10-16-23.151914.json,False,CohereForAI/c4ai-command-r-plus,c4aicommandrplus,39.919954231431774,24,7.552870090634441,7,39.91995423143177,8.006042296072508,7.105427357601002e-15,0.4531722054380669
CohereForAI_c4ai-command-r-plus-08-2024,real_attachments/C_efficiency_evolution/detailed_results/CohereForAI_c4ai-command-r-plus-08-2024/results_2024-09-20T05-28-13.938100.json,False,CohereForAI/c4ai-command-r-plus-08-2024,c4aicommandrplus082024,42.836865407706945,24,11.027190332326283,7,42.83686540770696,12.386706948640484,1.4210854715202004e-14,1.3595166163142007
CohereForAI_c4ai-command-r-v01,real_attachments/C_efficiency_evolution/detailed_results/CohereForAI_c4ai-command-r-v01/results_2024-06-17T20-00-09.158840.json,False,CohereForAI/c4ai-command-r-v01,c4aicommandrv01,34.556659257058264,24,0.0,7,34.556659257058264,3.474320241691843,0.0,3.474320241691843
CohereForAI_c4ai-command-r7b-12-2024,real_attachments/C_efficiency_evolution/detailed_results/CohereForAI_c4ai-command-r7b-12-2024/results_2024-12-20T13-37-10.543380.json,False,CohereForAI/c4ai-command-r7b-12-2024,c4aicommandr7b122024,36.0245641700103,24,26.661631419939575,7,36.0245641700103,29.909365558912388,0.0,3.247734138972813
Columbia-NLP_LION-Gemma-2b-dpo-v1.0,real_attachments/C_efficiency_evolution/detailed_results/Columbia-NLP_LION-Gemma-2b-dpo-v1.0/results_2024-08-13T04-55-19.543716.json,False,Columbia-NLP/LION-Gemma-2b-dpo-v1.0,liongemma2bdpov10,14.585976093815775,24,4.305135951661631,7,,,,
Columbia-NLP_LION-Gemma-2b-odpo-v1.0,real_attachments/C_efficiency_evolution/detailed_results/Columbia-NLP_LION-Gemma-2b-odpo-v1.0/results_2024-08-13T02-35-20.190532.json,False,Columbia-NLP/LION-Gemma-2b-odpo-v1.0,liongemma2bodpov10,14.023921665416339,24,3.7009063444108756,7,14.02392166541634,6.948640483383686,1.7763568394002505e-15,3.2477341389728105
Columbia-NLP_LION-Gemma-2b-sft-v1.0,real_attachments/C_efficiency_evolution/detailed_results/Columbia-NLP_LION-Gemma-2b-sft-v1.0/results_2024-08-13T04-56-06.975578.json,False,Columbia-NLP/LION-Gemma-2b-sft-v1.0,liongemma2bsftv10,14.117170863600439,24,5.13595166163142,7,14.11717086360044,6.797583081570997,1.7763568394002505e-15,1.6616314199395772
Columbia-NLP_LION-LLaMA-3-8b-dpo-v1.0,real_attachments/C_efficiency_evolution/detailed_results/Columbia-NLP_LION-LLaMA-3-8b-dpo-v1.0/results_2024-08-13T04-36-21.322067.json,False,Columbia-NLP/LION-LLaMA-3-8b-dpo-v1.0,lionllama38bdpov10,30.356398875749075,24,9.06344410876133,7,30.356398875749075,11.706948640483382,0.0,2.643504531722053
Columbia-NLP_LION-LLaMA-3-8b-odpo-v1.0,real_attachments/C_efficiency_evolution/detailed_results/Columbia-NLP_LION-LLaMA-3-8b-odpo-v1.0/results_2024-08-13T04-44-27.328884.json,False,Columbia-NLP/LION-LLaMA-3-8b-odpo-v1.0,lionllama38bodpov10,30.4571730083507,24,7.250755287009064,7,30.457173008350704,10.649546827794564,3.552713678800501e-15,3.3987915407855
Columbia-NLP_LION-LLaMA-3-8b-sft-v1.0,real_attachments/C_efficiency_evolution/detailed_results/Columbia-NLP_LION-LLaMA-3-8b-sft-v1.0/results_2024-08-13T04-49-26.292140.json,False,Columbia-NLP/LION-LLaMA-3-8b-sft-v1.0,lionllama38bsftv10,30.884260360289993,24,8.459214501510575,7,30.88426036029,11.404833836858003,7.105427357601002e-15,2.9456193353474287
CombinHorizon_Josiefied-abliteratedV4-Qwen2.5-14B-Inst-BaseMerge-TIES,real_attachments/C_efficiency_evolution/detailed_results/CombinHorizon_Josiefied-abliteratedV4-Qwen2.5-14B-Inst-BaseMerge-TIES/results_2024-12-07T05-30-29.259046.json,False,CombinHorizon/Josiefied-abliteratedV4-Qwen2.5-14B-Inst-BaseMerge-TIES,josiefiedabliteratedv4qwen2514binstbasemergeties,48.195949866313974,24,0.0,7,48.19594986631396,53.17220543806647,1.4210854715202004e-14,53.17220543806647
CombinHorizon_Rombos-Qwen2.5-7B-Inst-BaseMerge-TIES,real_attachments/C_efficiency_evolution/detailed_results/CombinHorizon_Rombos-Qwen2.5-7B-Inst-BaseMerge-TIES/results_2024-10-29T15-00-49.989293.json,False,CombinHorizon/Rombos-Qwen2.5-7B-Inst-BaseMerge-TIES,rombosqwen257binstbasemergeties,34.954070231174235,24,0.0,7,34.954070231174235,49.320241691842895,0.0,49.320241691842895
CombinHorizon_YiSM-blossom5.1-34B-SLERP,real_attachments/C_efficiency_evolution/detailed_results/CombinHorizon_YiSM-blossom5.1-34B-SLERP/results_2024-09-02T18-34-45.787681.json,False,CombinHorizon/YiSM-blossom5.1-34B-SLERP,yismblossom5134bslerp,46.39761279639615,24,19.788519637462233,7,46.39761279639615,21.52567975830816,0.0,1.7371601208459282
CombinHorizon_huihui-ai-abliterated-Qwen2.5-32B-Inst-BaseMerge-TIES,real_attachments/C_efficiency_evolution/detailed_results/CombinHorizon_huihui-ai-abliterated-Qwen2.5-32B-Inst-BaseMerge-TIES/results_2024-12-07T17-16-26.181747.json,False,CombinHorizon/huihui-ai-abliterated-Qwen2.5-32B-Inst-BaseMerge-TIES,huihuiaiabliteratedqwen2532binstbasemergeties,56.044781840899006,24,0.0,7,56.04478184089901,59.44108761329305,7.105427357601002e-15,59.44108761329305
CombinHorizon_huihui-ai-abliteratedV2-Qwen2.5-14B-Inst-BaseMerge-TIES,real_attachments/C_efficiency_evolution/detailed_results/CombinHorizon_huihui-ai-abliteratedV2-Qwen2.5-14B-Inst-BaseMerge-TIES/results_2024-12-07T06-29-43.941929.json,False,CombinHorizon/huihui-ai-abliteratedV2-Qwen2.5-14B-Inst-BaseMerge-TIES,huihuiaiabliteratedv2qwen2514binstbasemergeties,47.76734600590982,24,0.0,7,47.767346005909815,54.7583081570997,7.105427357601002e-15,54.7583081570997
CombinHorizon_zetasepic-abliteratedV2-Qwen2.5-32B-Inst-BaseMerge-TIES,real_attachments/C_efficiency_evolution/detailed_results/CombinHorizon_zetasepic-abliteratedV2-Qwen2.5-32B-Inst-BaseMerge-TIES/results_2024-12-21T01-37-15.623991.json,False,CombinHorizon/zetasepic-abliteratedV2-Qwen2.5-32B-Inst-BaseMerge-TIES,zetasepicabliteratedv2qwen2532binstbasemergeties,56.827406977725715,24,0.0,7,56.82740697772572,58.53474320241692,7.105427357601002e-15,58.53474320241692
ContactDoctor_Bio-Medical-3B-CoT-012025,real_attachments/C_efficiency_evolution/detailed_results/ContactDoctor_Bio-Medical-3B-CoT-012025/results_2025-01-15T09-22-59.977970.json,False,ContactDoctor/Bio-Medical-3B-CoT-012025,biomedical3bcot012025,22.263528103895357,24,11.706948640483382,7,22.26352810389536,22.12990936555892,3.552713678800501e-15,10.422960725075537
ContactDoctor_Bio-Medical-Llama-3-8B,real_attachments/C_efficiency_evolution/detailed_results/ContactDoctor_Bio-Medical-Llama-3-8B/results_2024-12-24T06-22-56.971273.json,False,ContactDoctor/Bio-Medical-Llama-3-8B,biomedicalllama38b,26.195811296028186,24,7.250755287009064,7,26.195811296028182,6.722054380664652,3.552713678800501e-15,0.5287009063444126
CoolSpring_Qwen2-0.5B-Abyme,real_attachments/C_efficiency_evolution/detailed_results/CoolSpring_Qwen2-0.5B-Abyme/results_2024-09-06T09-06-54.964156.json,False,CoolSpring/Qwen2-0.5B-Abyme,qwen205babyme,2.2764835705971893,24,1.5105740181268883,7,2.2764835705971893,2.9456193353474323,0.0,1.435045317220544
CoolSpring_Qwen2-0.5B-Abyme-merge2,real_attachments/C_efficiency_evolution/detailed_results/CoolSpring_Qwen2-0.5B-Abyme-merge2/results_2024-07-30T04-00-30.669462.json,False,CoolSpring/Qwen2-0.5B-Abyme-merge2,qwen205babymemerge2,3.7090413943355114,24,1.812688821752266,7,3.709041394335512,3.3232628398791544,4.440892098500626e-16,1.5105740181268883
CoolSpring_Qwen2-0.5B-Abyme-merge3,real_attachments/C_efficiency_evolution/detailed_results/CoolSpring_Qwen2-0.5B-Abyme-merge3/results_2024-07-30T03-41-02.675646.json,False,CoolSpring/Qwen2-0.5B-Abyme-merge3,qwen205babymemerge3,4.301149162861492,24,2.1148036253776437,7,4.301149162861492,3.1722054380664653,0.0,1.0574018126888216
Corianas_Neural-Mistral-7B,real_attachments/C_efficiency_evolution/detailed_results/Corianas_Neural-Mistral-7B/results_2024-12-06T14-35-18.646555.json,False,Corianas/Neural-Mistral-7B,neuralmistral7b,22.431162626805254,24,1.8882175226586102,7,22.431162626805257,1.8882175226586104,3.552713678800501e-15,2.220446049250313e-16
Corianas_Quokka_2.7b,real_attachments/C_efficiency_evolution/detailed_results/Corianas_Quokka_2.7b/results_2024-12-11T18-32-14.809182.json,False,Corianas/Quokka_2.7b,quokka27b,3.16526761768835,24,0.3776435045317221,7,3.1652676176883503,0.8308157099697886,4.440892098500626e-16,0.4531722054380665
Corianas_llama-3-reactor,real_attachments/C_efficiency_evolution/detailed_results/Corianas_llama-3-reactor/results_2024-08-12T17-59-58.747351.json,False,Corianas/llama-3-reactor,llama3reactor,21.888559819250798,24,4.380664652567976,7,21.88855981925079,4.682779456193353,7.105427357601002e-15,0.30211480362537735
CortexLM_btlm-7b-base-v0.2,real_attachments/C_efficiency_evolution/detailed_results/CortexLM_btlm-7b-base-v0.2/results_2024-08-12T22-07-03.175931.json,False,CortexLM/btlm-7b-base-v0.2,btlm7bbasev02,16.19327709708517,24,1.0574018126888218,7,16.19327709708517,1.5105740181268883,0.0,0.45317220543806647
Cran-May_SCE-2-24B,real_attachments/C_efficiency_evolution/detailed_results/Cran-May_SCE-2-24B/results_2025-02-05T01-14-41.928805.json,False,Cran-May/SCE-2-24B,sce224b,46.325745714774946,24,18.27794561933535,7,46.32574571477496,18.95770392749245,1.4210854715202004e-14,0.6797583081571013
Cran-May_SCE-3-24B,real_attachments/C_efficiency_evolution/detailed_results/Cran-May_SCE-3-24B/results_2025-02-05T01-07-55.745567.json,False,Cran-May/SCE-3-24B,sce324b,42.27856480029648,24,17.522658610271904,7,42.278564800296486,18.80664652567976,7.105427357601002e-15,1.283987915407856
Cran-May_T.E-8.1,real_attachments/C_efficiency_evolution/detailed_results/Cran-May_T.E-8.1/results_2024-09-29T18-25-58.538578.json,False,Cran-May/T.E-8.1,te81,37.0243766258437,24,6.3444108761329305,7,37.02437662584371,44.5619335347432,7.105427357601002e-15,38.217522658610264
Cran-May_merge_model_20250308_2,real_attachments/C_efficiency_evolution/detailed_results/Cran-May_merge_model_20250308_2/results_2025-03-08T15-11-05.567757.json,False,Cran-May/merge_model_20250308_2,mergemodel202503082,50.995698419838355,24,43.80664652567976,7,50.99569841983836,43.80664652567976,7.105427357601002e-15,0.0
Cran-May_merge_model_20250308_3,real_attachments/C_efficiency_evolution/detailed_results/Cran-May_merge_model_20250308_3/results_2025-03-08T15-15-23.298099.json,False,Cran-May/merge_model_20250308_3,mergemodel202503083,46.568544995842345,24,25.45317220543807,7,46.56854499584235,25.45317220543807,7.105427357601002e-15,0.0
Cran-May_merge_model_20250308_4,real_attachments/C_efficiency_evolution/detailed_results/Cran-May_merge_model_20250308_4/results_2025-03-08T15-21-43.946714.json,False,Cran-May/merge_model_20250308_4,mergemodel202503084,52.0237066718454,24,41.99395770392749,7,52.02370667184541,41.99395770392749,7.105427357601002e-15,0.0
Cran-May_tempmotacilla-cinerea-0308,real_attachments/C_efficiency_evolution/detailed_results/Cran-May_tempmotacilla-cinerea-0308/results_2025-03-08T15-27-36.469214.json,False,Cran-May/tempmotacilla-cinerea-0308,tempmotacillacinerea0308,51.153095863096674,24,43.80664652567976,7,50.59894860885105,55.51359516616314,0.5541472542456205,11.706948640483382
CreitinGameplays_Llama-3.1-8B-R1-v0.1,real_attachments/C_efficiency_evolution/detailed_results/CreitinGameplays_Llama-3.1-8B-R1-v0.1/results_2025-03-11T00-12-57.650499.json,False,CreitinGameplays/Llama-3.1-8B-R1-v0.1,llama318br1v01,3.215980582076473,24,18.12688821752266,7,3.2159805820764724,18.12688821752266,4.440892098500626e-16,0.0
CultriX_Qwen2.5-14B-Broca,real_attachments/C_efficiency_evolution/detailed_results/CultriX_Qwen2.5-14B-Broca/results_2024-12-23T18-32-51.550970.json,False,CultriX/Qwen2.5-14B-Broca,qwen2514bbroca,50.034411781701095,24,34.59214501510574,7,50.034411781701095,35.80060422960725,0.0,1.2084592145015094
CultriX_Qwen2.5-14B-BrocaV9,real_attachments/C_efficiency_evolution/detailed_results/CultriX_Qwen2.5-14B-BrocaV9/results_2025-01-14T03-27-24.176624.json,False,CultriX/Qwen2.5-14B-BrocaV9,qwen2514bbrocav9,48.053224947385715,24,29.68277945619335,7,48.05322494738571,38.14199395770393,7.105427357601002e-15,8.45921450151058
CultriX_Qwen2.5-14B-Brocav3,real_attachments/C_efficiency_evolution/detailed_results/CultriX_Qwen2.5-14B-Brocav3/results_2024-12-24T00-40-55.160630.json,False,CultriX/Qwen2.5-14B-Brocav3,qwen2514bbrocav3,49.04911178348141,24,32.25075528700906,7,49.04911178348141,38.74622356495468,0.0,6.495468277945619
CultriX_Qwen2.5-14B-Brocav6,real_attachments/C_efficiency_evolution/detailed_results/CultriX_Qwen2.5-14B-Brocav6/results_2024-12-24T00-45-48.593643.json,False,CultriX/Qwen2.5-14B-Brocav6,qwen2514bbrocav6,47.81922480607394,24,29.607250755287005,7,47.81922480607394,38.74622356495468,0.0,9.138972809667678
CultriX_Qwen2.5-14B-Brocav7,real_attachments/C_efficiency_evolution/detailed_results/CultriX_Qwen2.5-14B-Brocav7/results_2024-12-24T00-39-18.307055.json,False,CultriX/Qwen2.5-14B-Brocav7,qwen2514bbrocav7,48.90536078331687,24,31.87311178247734,7,48.90536078331687,38.4441087613293,0.0,6.570996978851962
CultriX_Qwen2.5-14B-Emerged,real_attachments/C_efficiency_evolution/detailed_results/CultriX_Qwen2.5-14B-Emerged/results_2024-12-20T00-16-33.822279.json,False,CultriX/Qwen2.5-14B-Emerged,qwen2514bemerged,45.93241936868466,24,30.74018126888218,7,45.932419368684656,32.477341389728096,7.105427357601002e-15,1.7371601208459175
CultriX_Qwen2.5-14B-Emergedv3,real_attachments/C_efficiency_evolution/detailed_results/CultriX_Qwen2.5-14B-Emergedv3/results_2024-12-22T02-13-24.444781.json,False,CultriX/Qwen2.5-14B-Emergedv3,qwen2514bemergedv3,44.731608242608615,24,20.694864048338367,7,44.731608242608615,43.58006042296073,0.0,22.88519637462236
CultriX_Qwen2.5-14B-FinalMerge,real_attachments/C_efficiency_evolution/detailed_results/CultriX_Qwen2.5-14B-FinalMerge/results_2024-12-24T01-43-26.836129.json,False,CultriX/Qwen2.5-14B-FinalMerge,qwen2514bfinalmerge,38.16247948342353,24,13.066465256797583,7,38.16247948342354,38.14199395770393,7.105427357601002e-15,25.075528700906347
CultriX_Qwen2.5-14B-Hyper,real_attachments/C_efficiency_evolution/detailed_results/CultriX_Qwen2.5-14B-Hyper/results_2025-01-20T07-31-35.276448.json,False,CultriX/Qwen2.5-14B-Hyper,qwen2514bhyper,49.75987937749839,24,33.00604229607251,7,49.75987937749839,34.3655589123867,0.0,1.3595166163141954
CultriX_Qwen2.5-14B-HyperMarck-dl,real_attachments/C_efficiency_evolution/detailed_results/CultriX_Qwen2.5-14B-HyperMarck-dl/results_2025-02-25T03-04-33.550164.json,False,CultriX/Qwen2.5-14B-HyperMarck-dl,qwen2514bhypermarckdl,43.785859280680846,24,52.87009063444109,7,43.78585928068085,52.87009063444109,7.105427357601002e-15,0.0
CultriX_Qwen2.5-14B-Hyperionv3,real_attachments/C_efficiency_evolution/detailed_results/CultriX_Qwen2.5-14B-Hyperionv3/results_2025-01-19T05-37-04.733936.json,False,CultriX/Qwen2.5-14B-Hyperionv3,qwen2514bhyperionv3,49.95005488379496,24,34.13897280966767,7,49.95005488379496,37.00906344410876,0.0,2.870090634441091
CultriX_Qwen2.5-14B-Hyperionv4,real_attachments/C_efficiency_evolution/detailed_results/CultriX_Qwen2.5-14B-Hyperionv4/results_2025-01-20T19-39-31.032174.json,False,CultriX/Qwen2.5-14B-Hyperionv4,qwen2514bhyperionv4,49.076520181183916,24,33.00604229607251,7,49.07652018118392,34.74320241691843,7.105427357601002e-15,1.737160120845921
CultriX_Qwen2.5-14B-Hyperionv5,real_attachments/C_efficiency_evolution/detailed_results/CultriX_Qwen2.5-14B-Hyperionv5/results_2025-01-20T19-35-29.527144.json,False,CultriX/Qwen2.5-14B-Hyperionv5,qwen2514bhyperionv5,48.94827982737009,24,29.531722054380666,7,48.948279827370094,38.21752265861027,7.105427357601002e-15,8.685800604229605
CultriX_Qwen2.5-14B-MegaMerge-pt2,real_attachments/C_efficiency_evolution/detailed_results/CultriX_Qwen2.5-14B-MegaMerge-pt2/results_2024-10-25T17-28-29.915496.json,False,CultriX/Qwen2.5-14B-MegaMerge-pt2,qwen2514bmegamergept2,50.90790304736531,24,27.341389728096676,7,50.9079030473653,39.95468277945619,7.105427357601002e-15,12.613293051359516
CultriX_Qwen2.5-14B-MergeStock,real_attachments/C_efficiency_evolution/detailed_results/CultriX_Qwen2.5-14B-MergeStock/results_2024-10-24T00-00-00.000000.json,False,CultriX/Qwen2.5-14B-MergeStock,qwen2514bmergestock,51.00939101332111,24,29.38066465256798,7,51.00939101332111,41.46525679758308,0.0,12.084592145015101
CultriX_Qwen2.5-14B-ReasoningMerge,real_attachments/C_efficiency_evolution/detailed_results/CultriX_Qwen2.5-14B-ReasoningMerge/results_2025-02-24T23-23-47.851116.json,False,CultriX/Qwen2.5-14B-ReasoningMerge,qwen2514breasoningmerge,50.8678978041513,24,52.0392749244713,7,50.867897804151305,52.0392749244713,7.105427357601002e-15,0.0
CultriX_Qwen2.5-14B-Ultimav2,real_attachments/C_efficiency_evolution/detailed_results/CultriX_Qwen2.5-14B-Ultimav2/results_2025-02-05T01-39-46.826724.json,False,CultriX/Qwen2.5-14B-Ultimav2,qwen2514bultimav2,50.441052694140744,24,37.839879154078545,7,50.44105269414074,38.4441087613293,7.105427357601002e-15,0.6042296072507582
CultriX_Qwen2.5-14B-Unity,real_attachments/C_efficiency_evolution/detailed_results/CultriX_Qwen2.5-14B-Unity/results_2024-12-22T02-13-12.144491.json,False,CultriX/Qwen2.5-14B-Unity,qwen2514bunity,42.25861689291335,24,15.332326283987916,7,42.25861689291335,43.126888217522655,0.0,27.794561933534737
CultriX_Qwen2.5-14B-Wernicke,real_attachments/C_efficiency_evolution/detailed_results/CultriX_Qwen2.5-14B-Wernicke/results_2024-10-23T19-04-06.984034.json,False,CultriX/Qwen2.5-14B-Wernicke,qwen2514bwernicke,50.642876092422625,24,30.060422960725074,7,50.64287609242263,38.14199395770393,7.105427357601002e-15,8.081570996978858
CultriX_Qwen2.5-14B-Wernicke-SFT,real_attachments/C_efficiency_evolution/detailed_results/CultriX_Qwen2.5-14B-Wernicke-SFT/results_2024-11-20T02-17-53.848498.json,False,CultriX/Qwen2.5-14B-Wernicke-SFT,qwen2514bwernickesft,49.33057176327371,24,35.80060422960725,7,49.33057176327372,35.95166163141994,7.105427357601002e-15,0.151057401812686
CultriX_Qwen2.5-14B-Wernicke-SLERP,real_attachments/C_efficiency_evolution/detailed_results/CultriX_Qwen2.5-14B-Wernicke-SLERP/results_2024-10-25T21-08-24.240304.json,False,CultriX/Qwen2.5-14B-Wernicke-SLERP,qwen2514bwernickeslerp,49.37232709572403,24,9.441087613293051,7,49.372327095724025,44.864048338368576,7.105427357601002e-15,35.42296072507553
CultriX_Qwen2.5-14B-Wernickev3,real_attachments/C_efficiency_evolution/detailed_results/CultriX_Qwen2.5-14B-Wernickev3/results_2024-12-20T00-20-51.798524.json,False,CultriX/Qwen2.5-14B-Wernickev3,qwen2514bwernickev3,44.576274906181084,24,32.779456193353475,7,44.57627490618109,35.422960725075534,7.105427357601002e-15,2.6435045317220585
CultriX_Qwen2.5-14B-partialmergept1,real_attachments/C_efficiency_evolution/detailed_results/CultriX_Qwen2.5-14B-partialmergept1/results_2025-01-19T05-48-12.721431.json,False,CultriX/Qwen2.5-14B-partialmergept1,qwen2514bpartialmergept1,44.5944042928325,24,19.86404833836858,7,44.5944042928325,45.392749244713,0.0,25.528700906344422
CultriX_Qwenfinity-2.5-14B,real_attachments/C_efficiency_evolution/detailed_results/CultriX_Qwenfinity-2.5-14B/results_2024-12-23T20-53-54.936287.json,False,CultriX/Qwenfinity-2.5-14B,qwenfinity2514b,37.25994242212069,24,14.879154078549849,7,37.259942422120695,41.012084592145015,7.105427357601002e-15,26.132930513595166
CultriX_Qwestion-14B,real_attachments/C_efficiency_evolution/detailed_results/CultriX_Qwestion-14B/results_2024-11-23T06-19-01.826337.json,False,CultriX/Qwestion-14B,qwestion14b,48.75703449690036,24,31.722054380664655,7,48.75703449690036,37.235649546827794,0.0,5.513595166163139
CultriX_SeQwence-14B,real_attachments/C_efficiency_evolution/detailed_results/CultriX_SeQwence-14B/results_2024-11-20T10-20-14.065091.json,False,CultriX/SeQwence-14B,seqwence14b,50.16357763465521,24,33.987915407854985,7,50.16357763465521,35.34743202416919,0.0,1.3595166163142025
CultriX_SeQwence-14B-EvolMerge,real_attachments/C_efficiency_evolution/detailed_results/CultriX_SeQwence-14B-EvolMerge/results_2024-11-27T11-01-35.329151.json,False,CultriX/SeQwence-14B-EvolMerge,seqwence14bevolmerge,50.780351477179785,24,31.797583081570995,7,50.780351477179785,36.70694864048338,0.0,4.909365558912388
CultriX_SeQwence-14B-EvolMergev1,real_attachments/C_efficiency_evolution/detailed_results/CultriX_SeQwence-14B-EvolMergev1/results_2024-11-27T12-57-19.390079.json,False,CultriX/SeQwence-14B-EvolMergev1,seqwence14bevolmergev1,50.30225894842214,24,32.477341389728096,7,50.30225894842213,42.14501510574018,1.4210854715202004e-14,9.667673716012082
CultriX_SeQwence-14B-v5,real_attachments/C_efficiency_evolution/detailed_results/CultriX_SeQwence-14B-v5/results_2024-11-20T00-54-32.999873.json,False,CultriX/SeQwence-14B-v5,seqwence14bv5,49.99573116031766,24,31.042296072507554,7,49.99573116031767,33.081570996978854,7.105427357601002e-15,2.0392749244713
CultriX_SeQwence-14Bv1,real_attachments/C_efficiency_evolution/detailed_results/CultriX_SeQwence-14Bv1/results_2024-11-27T10-50-57.059584.json,False,CultriX/SeQwence-14Bv1,seqwence14bv1,47.19089791628923,24,33.53474320241692,7,47.19089791628922,36.102719033232624,1.4210854715202004e-14,2.567975830815705
CultriX_SeQwence-14Bv2,real_attachments/C_efficiency_evolution/detailed_results/CultriX_SeQwence-14Bv2/results_2024-12-08T17-38-34.281942.json,False,CultriX/SeQwence-14Bv2,seqwence14bv2,46.52922387651957,24,21.6012084592145,7,46.52922387651957,47.583081570996974,0.0,25.981873111782473
CultriX_SeQwence-14Bv3,real_attachments/C_efficiency_evolution/detailed_results/CultriX_SeQwence-14Bv3/results_2024-11-27T21-18-32.079945.json,False,CultriX/SeQwence-14Bv3,seqwence14bv3,46.38536750450479,24,22.129909365558913,7,46.38536750450479,47.65861027190332,0.0,25.528700906344408
DRXD1000_Atlas-7B,real_attachments/C_efficiency_evolution/detailed_results/DRXD1000_Atlas-7B/results_2024-12-11T04-58-40.091093.json,False,DRXD1000/Atlas-7B,atlas7b,7.540207541436389,24,0.22658610271903326,7,7.540207541436388,1.8882175226586104,8.881784197001252e-16,1.6616314199395772
DRXD1000_Phoenix-7B,real_attachments/C_efficiency_evolution/detailed_results/DRXD1000_Phoenix-7B/results_2024-12-11T05-51-08.434177.json,False,DRXD1000/Phoenix-7B,phoenix7b,15.620179664331877,24,0.0,7,15.620179664331877,1.6616314199395772,0.0,1.6616314199395772
DUAL-GPO_zephyr-7b-ipo-0k-15k-i1,real_attachments/C_efficiency_evolution/detailed_results/DUAL-GPO_zephyr-7b-ipo-0k-15k-i1/results_2024-09-23T12-42-02.224196.json,False,DUAL-GPO/zephyr-7b-ipo-0k-15k-i1,zephyr7bipo0k15ki1,22.658642660096362,24,2.56797583081571,7,22.65864266009636,3.0211480362537766,3.552713678800501e-15,0.45317220543806647
DZgas_GIGABATEMAN-7B,real_attachments/C_efficiency_evolution/detailed_results/DZgas_GIGABATEMAN-7B/results_2024-09-18T07-24-33.032428.json,False,DZgas/GIGABATEMAN-7B,gigabateman7b,29.827516654013998,24,4.758308157099698,7,29.827516654014,5.5135951661631415,3.552713678800501e-15,0.7552870090634434
Daemontatox_AetherDrake-SFT,real_attachments/C_efficiency_evolution/detailed_results/Daemontatox_AetherDrake-SFT/results_2024-12-25T20-08-51.776455.json,False,Daemontatox/AetherDrake-SFT,aetherdrakesft,27.139252321630053,24,14.652567975830816,7,27.13925232163005,15.105740181268882,3.552713678800501e-15,0.45317220543806513
Daemontatox_AetherSett,real_attachments/C_efficiency_evolution/detailed_results/Daemontatox_AetherSett/results_2024-12-30T14-23-42.325851.json,False,Daemontatox/AetherSett,aethersett,34.74414560189929,24,30.74018126888218,7,34.7441456018993,39.72809667673716,7.105427357601002e-15,8.987915407854981
Daemontatox_AetherTOT,real_attachments/C_efficiency_evolution/detailed_results/Daemontatox_AetherTOT/results_2024-12-28T17-49-09.639117.json,False,Daemontatox/AetherTOT,aethertot,29.436391495634606,24,14.954682779456194,7,,,,
Daemontatox_AetherUncensored,real_attachments/C_efficiency_evolution/detailed_results/Daemontatox_AetherUncensored/results_2025-01-13T09-52-18.924092.json,False,Daemontatox/AetherUncensored,aetheruncensored,21.678618361970496,24,6.797583081570997,7,21.678618361970496,14.501510574018129,0.0,7.703927492447131
Daemontatox_Cogito-MIS,real_attachments/C_efficiency_evolution/detailed_results/Daemontatox_Cogito-MIS/results_2025-02-18T21-15-33.420905.json,False,Daemontatox/Cogito-MIS,cogitomis,29.075970117521223,24,8.610271903323262,7,29.075970117521223,8.610271903323262,0.0,0.0
Daemontatox_CogitoDistil,real_attachments/C_efficiency_evolution/detailed_results/Daemontatox_CogitoDistil/results_2025-01-23T10-51-52.863988.json,False,Daemontatox/CogitoDistil,cogitodistil,11.948759479023378,24,10.498489425981873,7,11.94875947902338,39.27492447129909,1.7763568394002505e-15,28.776435045317214
Daemontatox_CogitoZ,real_attachments/C_efficiency_evolution/detailed_results/Daemontatox_CogitoZ/results_2025-01-08T09-03-00.911977.json,False,Daemontatox/CogitoZ,cogitoz,53.889571248021504,24,46.299093655589125,7,53.889571248021504,52.41691842900303,0.0,6.117824773413908
Daemontatox_CogitoZ14,real_attachments/C_efficiency_evolution/detailed_results/Daemontatox_CogitoZ14/results_2025-01-08T03-34-10.130534.json,False,Daemontatox/CogitoZ14,cogitoz14,46.479351868923274,24,20.770392749244714,7,46.47935186892328,42.220543806646525,7.105427357601002e-15,21.45015105740181
Daemontatox_DocumentCogito,real_attachments/C_efficiency_evolution/detailed_results/Daemontatox_DocumentCogito/results_2025-01-16T02-47-58.653318.json,False,Daemontatox/DocumentCogito,documentcogito,29.793608595971882,24,16.238670694864048,7,,,,
Daemontatox_Llama3.3-70B-CogniLink,real_attachments/C_efficiency_evolution/detailed_results/Daemontatox_Llama3.3-70B-CogniLink/results_2025-01-14T12-59-48.589114.json,False,Daemontatox/Llama3.3-70B-CogniLink,llama3370bcognilink,52.124662576261635,24,39.577039274924466,7,52.12466257626164,41.389728096676734,7.105427357601002e-15,1.8126888217522676
Daemontatox_Llama_cot,real_attachments/C_efficiency_evolution/detailed_results/Daemontatox_Llama_cot/results_2025-03-09T04-46-23.117014.json,False,Daemontatox/Llama_cot,llamacot,26.866582717626457,24,20.241691842900302,7,26.866582717626454,20.241691842900305,3.552713678800501e-15,3.552713678800501e-15
Daemontatox_MawaredT1,real_attachments/C_efficiency_evolution/detailed_results/Daemontatox_MawaredT1/results_2025-01-06T10-36-21.706918.json,False,Daemontatox/MawaredT1,mawaredt1,31.900788297617016,24,14.577039274924472,7,31.900788297617016,30.211480362537763,0.0,15.634441087613292
Daemontatox_Mini_QwQ,real_attachments/C_efficiency_evolution/detailed_results/Daemontatox_Mini_QwQ/results_2025-01-16T15-58-03.581284.json,False,Daemontatox/Mini_QwQ,miniqwq,36.21028479375264,24,28.172205438066467,7,36.21028479375264,41.918429003021146,0.0,13.74622356495468
Daemontatox_NemoR,real_attachments/C_efficiency_evolution/detailed_results/Daemontatox_NemoR/results_2024-12-31T20-41-25.756485.json,False,Daemontatox/NemoR,nemor,31.605520137148783,24,8.08157099697885,7,31.605520137148783,8.308157099697885,0.0,0.22658610271903434
Daemontatox_PathFinderAI2.0,real_attachments/C_efficiency_evolution/detailed_results/Daemontatox_PathFinderAI2.0/results_2024-12-30T20-53-06.571859.json,False,Daemontatox/PathFinderAI2.0,pathfinderai20,53.09554795008303,24,45.61933534743202,7,52.95651298557802,50.75528700906344,0.13903496450500796,5.135951661631417
Daemontatox_PathFinderAi3.0,real_attachments/C_efficiency_evolution/detailed_results/Daemontatox_PathFinderAi3.0/results_2024-12-31T20-18-44.352719.json,False,Daemontatox/PathFinderAi3.0,pathfinderai30,55.53835541644173,24,48.338368580060425,7,55.53835541644173,50.45317220543807,0.0,2.1148036253776468
Daemontatox_PathfinderAI,real_attachments/C_efficiency_evolution/detailed_results/Daemontatox_PathfinderAI/results_2024-12-25T22-39-30.466377.json,False,Daemontatox/PathfinderAI,pathfinderai,52.646547334353286,24,47.583081570996974,7,,,,
Daemontatox_Phi-4-COT,real_attachments/C_efficiency_evolution/detailed_results/Daemontatox_Phi-4-COT/results_2025-01-14T02-51-00.520335.json,False,Daemontatox/Phi-4-COT,phi4cot,45.34299043065812,24,18.35347432024169,7,45.34299043065811,22.432024169184288,7.105427357601002e-15,4.078549848942597
Daemontatox_PixelParse_AI,real_attachments/C_efficiency_evolution/detailed_results/Daemontatox_PixelParse_AI/results_2024-12-29T04-31-58.660338.json,False,Daemontatox/PixelParse_AI,pixelparseai,29.031857314174562,24,14.425981873111782,7,29.03185731417456,14.72809667673716,3.552713678800501e-15,0.30211480362537735
Daemontatox_RA2.0,real_attachments/C_efficiency_evolution/detailed_results/Daemontatox_RA2.0/results_2025-01-01T18-18-02.159312.json,False,Daemontatox/RA2.0,ra20,28.471838145021334,24,33.91238670694864,7,28.471838145021334,38.36858006042296,0.0,4.456193353474319
Daemontatox_RA_Reasoner,real_attachments/C_efficiency_evolution/detailed_results/Daemontatox_RA_Reasoner/results_2024-12-25T22-17-44.601562.json,False,Daemontatox/RA_Reasoner,rareasoner,43.073007773473634,24,20.090634441087612,7,43.07300777347365,21.22356495468278,1.4210854715202004e-14,1.1329305135951664
Daemontatox_RA_Reasoner2.0,real_attachments/C_efficiency_evolution/detailed_results/Daemontatox_RA_Reasoner2.0/results_2024-12-29T18-48-19.037398.json,False,Daemontatox/RA_Reasoner2.0,rareasoner20,43.07006895743249,24,22.885196374622357,7,43.07006895743249,23.11178247734139,0.0,0.22658610271903257
Daemontatox_ReasonTest,real_attachments/C_efficiency_evolution/detailed_results/Daemontatox_ReasonTest/results_2024-12-31T20-06-33.065277.json,False,Daemontatox/ReasonTest,reasontest,35.375036813843394,24,15.634441087613293,7,35.37503681384339,21.37462235649547,7.105427357601002e-15,5.740181268882175
Daemontatox_Research_PathfinderAI,real_attachments/C_efficiency_evolution/detailed_results/Daemontatox_Research_PathfinderAI/results_2025-02-24T17-46-32.815615.json,False,Daemontatox/Research_PathfinderAI,researchpathfinderai,1.4263456550462996,24,16.993957703927492,7,1.4263456550462994,16.993957703927492,2.220446049250313e-16,0.0
Daemontatox_SphinX,real_attachments/C_efficiency_evolution/detailed_results/Daemontatox_SphinX/results_2024-12-31T20-16-02.475993.json,False,Daemontatox/SphinX,sphinx,34.71245082713039,24,24.546827794561935,7,34.71245082713039,30.81570996978852,0.0,6.268882175226587
Daemontatox_Sphinx2.0,real_attachments/C_efficiency_evolution/detailed_results/Daemontatox_Sphinx2.0/results_2024-12-30T15-58-05.484286.json,False,Daemontatox/Sphinx2.0,sphinx20,49.396751537487646,24,2.719033232628399,7,49.39675153748764,40.181268882175225,7.105427357601002e-15,37.46223564954683
Daemontatox_TinySphinx,real_attachments/C_efficiency_evolution/detailed_results/Daemontatox_TinySphinx/results_2024-12-31T19-47-39.007434.json,False,Daemontatox/TinySphinx,tinysphinx,6.546575715522129,24,0.0,7,6.54657571552213,4.305135951661631,8.881784197001252e-16,4.305135951661631
Daemontatox_TinySphinx2.0,real_attachments/C_efficiency_evolution/detailed_results/Daemontatox_TinySphinx2.0/results_2024-12-31T19-44-34.193223.json,False,Daemontatox/TinySphinx2.0,tinysphinx20,5.004028710418718,24,2.643504531722054,7,5.004028710418718,3.2477341389728096,0.0,0.6042296072507556
Daemontatox_Zirel-7B-Math,real_attachments/C_efficiency_evolution/detailed_results/Daemontatox_Zirel-7B-Math/results_2025-02-28T23-12-53.666730.json,False,Daemontatox/Zirel-7B-Math,zirel7bmath,34.939441049136036,24,19.788519637462233,7,34.93944104913604,19.78851963746224,7.105427357601002e-15,7.105427357601002e-15
Daemontatox_Zirel_1.5,real_attachments/C_efficiency_evolution/detailed_results/Daemontatox_Zirel_1.5/results_2025-03-04T12-01-01.254825.json,False,Daemontatox/Zirel_1.5,zirel15,15.08212633316783,24,11.329305135951662,7,15.082126333167832,11.329305135951662,1.7763568394002505e-15,0.0
Daemontatox_mini-Cogito-R1,real_attachments/C_efficiency_evolution/detailed_results/Daemontatox_mini-Cogito-R1/results_2025-02-24T16-55-04.757962.json,False,Daemontatox/mini-Cogito-R1,minicogitor1,6.038995128638223,24,27.492447129909365,7,6.038995128638223,27.492447129909365,0.0,0.0
Daemontatox_mini_Pathfinder,real_attachments/C_efficiency_evolution/detailed_results/Daemontatox_mini_Pathfinder/results_2025-01-20T21-31-43.950385.json,False,Daemontatox/mini_Pathfinder,minipathfinder,16.03002789836758,24,21.90332326283988,7,16.03002789836758,47.50755287009064,0.0,25.604229607250762
Dampfinchen_Llama-3.1-8B-Ultra-Instruct,real_attachments/C_efficiency_evolution/detailed_results/Dampfinchen_Llama-3.1-8B-Ultra-Instruct/results_2024-09-02T16-31-28.146511.json,False,Dampfinchen/Llama-3.1-8B-Ultra-Instruct,llama318bultrainstruct,32.49458680420565,24,14.954682779456194,7,32.49458680420566,22.05438066465257,7.105427357601002e-15,7.099697885196376
Danielbrdz_Barcenas-10b,real_attachments/C_efficiency_evolution/detailed_results/Danielbrdz_Barcenas-10b/results_2025-01-06T22-44-16.806373.json,False,Danielbrdz/Barcenas-10b,barcenas10b,43.769694605609374,24,20.166163141993955,7,43.769694605609374,21.52567975830816,0.0,1.359516616314206
Danielbrdz_Barcenas-14b-Phi-3-medium-ORPO,real_attachments/C_efficiency_evolution/detailed_results/Danielbrdz_Barcenas-14b-Phi-3-medium-ORPO/results_2024-08-12T10-50-02.852147.json,False,Danielbrdz/Barcenas-14b-Phi-3-medium-ORPO,barcenas14bphi3mediumorpo,49.92786942549745,24,14.350453172205437,7,51.029418403280296,20.241691842900305,1.1015489777828478,5.891238670694868
Danielbrdz_Barcenas-14b-phi-4,real_attachments/C_efficiency_evolution/detailed_results/Danielbrdz_Barcenas-14b-phi-4/results_2025-01-26T19-24-19.048500.json,False,Danielbrdz/Barcenas-14b-phi-4,barcenas14bphi4,53.25769202541583,24,25.528700906344408,7,53.25769202541582,25.83081570996979,7.105427357601002e-15,0.3021148036253827
Danielbrdz_Barcenas-14b-phi-4-v2,real_attachments/C_efficiency_evolution/detailed_results/Danielbrdz_Barcenas-14b-phi-4-v2/results_2025-02-05T01-03-56.203278.json,False,Danielbrdz/Barcenas-14b-phi-4-v2,barcenas14bphi4v2,50.20692953827006,24,31.797583081570995,7,50.20692953827006,32.17522658610272,0.0,0.37764350453172213
Danielbrdz_Barcenas-3b-GRPO,real_attachments/C_efficiency_evolution/detailed_results/Danielbrdz_Barcenas-3b-GRPO/results_2025-02-24T21-04-06.645485.json,False,Danielbrdz/Barcenas-3b-GRPO,barcenas3bgrpo,21.136617403943433,24,13.746223564954683,7,21.13661740394343,13.746223564954684,3.552713678800501e-15,1.7763568394002505e-15
Danielbrdz_Barcenas-Llama3-8b-ORPO,real_attachments/C_efficiency_evolution/detailed_results/Danielbrdz_Barcenas-Llama3-8b-ORPO/results_2024-07-30T05-19-20.813390.json,False,Danielbrdz/Barcenas-Llama3-8b-ORPO,barcenasllama38borpo,28.600623499981843,24,5.740181268882175,7,28.600623499981847,6.570996978851963,3.552713678800501e-15,0.8308157099697882
Danielbrdz_Barcenas-R1-Qwen-1.5b,real_attachments/C_efficiency_evolution/detailed_results/Danielbrdz_Barcenas-R1-Qwen-1.5b/results_2025-01-26T19-17-19.771431.json,False,Danielbrdz/Barcenas-R1-Qwen-1.5b,barcenasr1qwen15b,10.491260075913582,24,26.586102719033235,7,10.491260075913582,34.96978851963746,0.0,8.383685800604226
Dans-DiscountModels_12b-mn-dans-reasoning-test-2,real_attachments/C_efficiency_evolution/detailed_results/Dans-DiscountModels_12b-mn-dans-reasoning-test-2/results_2025-03-07T23-17-49.989635.json,False,Dans-DiscountModels/12b-mn-dans-reasoning-test-2,12bmndansreasoningtest2,26.108938446170427,24,6.3444108761329305,7,26.108938446170427,6.3444108761329305,0.0,0.0
Dans-DiscountModels_12b-mn-dans-reasoning-test-3,real_attachments/C_efficiency_evolution/detailed_results/Dans-DiscountModels_12b-mn-dans-reasoning-test-3/results_2025-03-10T00-55-26.687847.json,False,Dans-DiscountModels/12b-mn-dans-reasoning-test-3,12bmndansreasoningtest3,25.848641268165483,24,7.779456193353475,7,25.84864126816548,7.779456193353475,3.552713678800501e-15,0.0
Dans-DiscountModels_Dans-Instruct-CoreCurriculum-12b-ChatML,real_attachments/C_efficiency_evolution/detailed_results/Dans-DiscountModels_Dans-Instruct-CoreCurriculum-12b-ChatML/results_2024-09-05T05-25-31.840107.json,False,Dans-DiscountModels/Dans-Instruct-CoreCurriculum-12b-ChatML,dansinstructcorecurriculum12bchatml,32.02461293225116,24,3.7764350453172204,7,26.046417064819565,4.305135951661631,5.9781958674315945,0.5287009063444108
Dans-DiscountModels_Dans-Instruct-Mix-8b-ChatML,real_attachments/C_efficiency_evolution/detailed_results/Dans-DiscountModels_Dans-Instruct-Mix-8b-ChatML/results_2024-09-16T04-36-47.830370.json,False,Dans-DiscountModels/Dans-Instruct-Mix-8b-ChatML,dansinstructmix8bchatml,26.336393544053255,24,4.758308157099698,7,26.33639354405325,5.5135951661631415,3.552713678800501e-15,0.7552870090634434
Dans-DiscountModels_Dans-Instruct-Mix-8b-ChatML-V0.1.0,real_attachments/C_efficiency_evolution/detailed_results/Dans-DiscountModels_Dans-Instruct-Mix-8b-ChatML-V0.1.0/results_2024-09-21T05-00-02.509113.json,False,Dans-DiscountModels/Dans-Instruct-Mix-8b-ChatML-V0.1.0,dansinstructmix8bchatmlv010,26.7376519507015,24,5.287009063444108,7,26.737651950701505,6.722054380664652,3.552713678800501e-15,1.4350453172205437
Dans-DiscountModels_Dans-Instruct-Mix-8b-ChatML-V0.1.1,real_attachments/C_efficiency_evolution/detailed_results/Dans-DiscountModels_Dans-Instruct-Mix-8b-ChatML-V0.1.1/results_2024-09-23T12-04-51.145255.json,False,Dans-DiscountModels/Dans-Instruct-Mix-8b-ChatML-V0.1.1,dansinstructmix8bchatmlv011,26.412550636134664,24,4.909365558912387,7,26.412550636134668,5.966767371601208,3.552713678800501e-15,1.0574018126888216
Dans-DiscountModels_Dans-Instruct-Mix-8b-ChatML-V0.2.0,real_attachments/C_efficiency_evolution/detailed_results/Dans-DiscountModels_Dans-Instruct-Mix-8b-ChatML-V0.2.0/results_2024-09-30T09-20-31.787829.json,False,Dans-DiscountModels/Dans-Instruct-Mix-8b-ChatML-V0.2.0,dansinstructmix8bchatmlv020,24.734770612245036,24,4.078549848942599,7,24.73477061224504,7.326283987915408,3.552713678800501e-15,3.2477341389728096
Dans-DiscountModels_Mistral-7b-v0.3-Test-E0.7,real_attachments/C_efficiency_evolution/detailed_results/Dans-DiscountModels_Mistral-7b-v0.3-Test-E0.7/results_2024-11-17T23-39-37.800317.json,False,Dans-DiscountModels/Mistral-7b-v0.3-Test-E0.7,mistral7bv03teste07,26.820762256757718,24,3.2477341389728096,7,26.82076225675772,3.3987915407854987,3.552713678800501e-15,0.15105740181268912
Dans-DiscountModels_mistral-7b-test-merged,real_attachments/C_efficiency_evolution/detailed_results/Dans-DiscountModels_mistral-7b-test-merged/results_2024-11-27T06-47-09.799669.json,False,Dans-DiscountModels/mistral-7b-test-merged,mistral7btestmerged,28.412474408713646,24,4.1540785498489425,7,28.94100499482477,4.45619335347432,0.528530586111124,0.30211480362537735
Darkknight535_OpenCrystal-12B-L3,real_attachments/C_efficiency_evolution/detailed_results/Darkknight535_OpenCrystal-12B-L3/results_2024-09-03T01-29-38.043440.json,False,Darkknight535/OpenCrystal-12B-L3,opencrystal12bl3,31.844490915456113,24,7.930513595166164,7,31.84449091545611,8.987915407854985,3.552713678800501e-15,1.0574018126888207
DavidAU_DeepHermes-3-Llama-3-8B-Preview-16.5B-Brainstorm,real_attachments/C_efficiency_evolution/detailed_results/DavidAU_DeepHermes-3-Llama-3-8B-Preview-16.5B-Brainstorm/results_2025-03-10T04-29-31.276484.json,False,DavidAU/DeepHermes-3-Llama-3-8B-Preview-16.5B-Brainstorm,deephermes3llama38bpreview165bbrainstorm,24.908753951844496,24,10.574018126888216,7,24.9087539518445,10.574018126888216,3.552713678800501e-15,0.0
DavidAU_DeepSeek-BlackRoot-R1-Distill-Llama-3.1-8B,real_attachments/C_efficiency_evolution/detailed_results/DavidAU_DeepSeek-BlackRoot-R1-Distill-Llama-3.1-8B/results_2025-03-10T03-34-45.491804.json,False,DavidAU/DeepSeek-BlackRoot-R1-Distill-Llama-3.1-8B,deepseekblackrootr1distillllama318b,27.616644147779652,24,6.570996978851963,7,27.61664414777965,6.570996978851963,3.552713678800501e-15,0.0
DavidAU_DeepSeek-Grand-Horror-SMB-R1-Distill-Llama-3.1-16B,real_attachments/C_efficiency_evolution/detailed_results/DavidAU_DeepSeek-Grand-Horror-SMB-R1-Distill-Llama-3.1-16B/results_2025-03-10T05-04-21.696996.json,False,DavidAU/DeepSeek-Grand-Horror-SMB-R1-Distill-Llama-3.1-16B,deepseekgrandhorrorsmbr1distillllama3116b,22.777139438535446,24,2.9456193353474323,7,22.777139438535443,2.9456193353474323,3.552713678800501e-15,0.0
DavidAU_DeepSeek-MOE-4X8B-R1-Distill-Llama-3.1-Deep-Thinker-Uncensored-24B,real_attachments/C_efficiency_evolution/detailed_results/DavidAU_DeepSeek-MOE-4X8B-R1-Distill-Llama-3.1-Deep-Thinker-Uncensored-24B/results_2025-03-10T04-45-27.408239.json,False,DavidAU/DeepSeek-MOE-4X8B-R1-Distill-Llama-3.1-Deep-Thinker-Uncensored-24B,deepseekmoe4x8br1distillllama31deepthinkeruncensored24b,27.773550052185218,24,8.157099697885197,7,27.77355005218521,8.157099697885197,7.105427357601002e-15,0.0
DavidAU_DeepSeek-MOE-4X8B-R1-Distill-Llama-3.1-Mad-Scientist-24B,real_attachments/C_efficiency_evolution/detailed_results/DavidAU_DeepSeek-MOE-4X8B-R1-Distill-Llama-3.1-Mad-Scientist-24B/results_2025-03-10T04-48-15.064174.json,False,DavidAU/DeepSeek-MOE-4X8B-R1-Distill-Llama-3.1-Mad-Scientist-24B,deepseekmoe4x8br1distillllama31madscientist24b,25.61443384964336,24,7.552870090634441,7,25.61443384964336,7.552870090634441,0.0,0.0
DavidAU_DeepSeek-R1-Distill-Qwen-25.5B-Brainstorm,real_attachments/C_efficiency_evolution/detailed_results/DavidAU_DeepSeek-R1-Distill-Qwen-25.5B-Brainstorm/results_2025-03-10T06-34-12.025015.json,False,DavidAU/DeepSeek-R1-Distill-Qwen-25.5B-Brainstorm,deepseekr1distillqwen255bbrainstorm,38.54849081746308,24,55.36253776435045,7,38.54849081746308,55.36253776435045,0.0,0.0
DavidAU_DeepSeek-V2-Grand-Horror-SMB-R1-Distill-Llama-3.1-Uncensored-16.5B,real_attachments/C_efficiency_evolution/detailed_results/DavidAU_DeepSeek-V2-Grand-Horror-SMB-R1-Distill-Llama-3.1-Uncensored-16.5B/results_2025-03-10T05-06-15.045531.json,False,DavidAU/DeepSeek-V2-Grand-Horror-SMB-R1-Distill-Llama-3.1-Uncensored-16.5B,deepseekv2grandhorrorsmbr1distillllama31uncensored165b,22.87842410217943,24,1.7371601208459215,7,22.87842410217944,1.7371601208459215,1.0658141036401503e-14,0.0
DavidAU_DeepThought-MOE-8X3B-R1-Llama-3.2-Reasoning-18B,real_attachments/C_efficiency_evolution/detailed_results/DavidAU_DeepThought-MOE-8X3B-R1-Llama-3.2-Reasoning-18B/results_2025-03-10T05-04-45.792108.json,False,DavidAU/DeepThought-MOE-8X3B-R1-Llama-3.2-Reasoning-18B,deepthoughtmoe8x3br1llama32reasoning18b,18.81085739291651,24,10.80060422960725,7,18.81085739291652,10.80060422960725,1.0658141036401503e-14,0.0
DavidAU_Gemma-The-Writer-9B,real_attachments/C_efficiency_evolution/detailed_results/DavidAU_Gemma-The-Writer-9B/results_2025-01-14T03-35-46.382052.json,False,DavidAU/Gemma-The-Writer-9B,gemmathewriter9b,41.272318662592205,24,0.0,7,41.272318662592205,8.761329305135952,0.0,8.761329305135952
DavidAU_Gemma-The-Writer-DEADLINE-10B,real_attachments/C_efficiency_evolution/detailed_results/DavidAU_Gemma-The-Writer-DEADLINE-10B/results_2025-01-14T04-00-14.444095.json,False,DavidAU/Gemma-The-Writer-DEADLINE-10B,gemmathewriterdeadline10b,41.01919903629973,24,1.6616314199395772,7,41.01919903629973,9.894259818731117,0.0,8.23262839879154
DavidAU_Gemma-The-Writer-J.GutenBerg-10B,real_attachments/C_efficiency_evolution/detailed_results/DavidAU_Gemma-The-Writer-J.GutenBerg-10B/results_2025-01-14T03-56-59.713142.json,False,DavidAU/Gemma-The-Writer-J.GutenBerg-10B,gemmathewriterjgutenberg10b,41.15599097529755,24,3.7764350453172204,7,41.15599097529756,9.214501510574015,1.4210854715202004e-14,5.438066465256795
DavidAU_Gemma-The-Writer-Mighty-Sword-9B,real_attachments/C_efficiency_evolution/detailed_results/DavidAU_Gemma-The-Writer-Mighty-Sword-9B/results_2025-01-14T03-13-25.874400.json,False,DavidAU/Gemma-The-Writer-Mighty-Sword-9B,gemmathewritermightysword9b,41.392610073884825,24,0.0,7,41.392610073884825,19.10876132930513,0.0,19.10876132930513
DavidAU_Gemma-The-Writer-N-Restless-Quill-10B-Uncensored,real_attachments/C_efficiency_evolution/detailed_results/DavidAU_Gemma-The-Writer-N-Restless-Quill-10B-Uncensored/results_2025-01-14T03-26-20.349500.json,False,DavidAU/Gemma-The-Writer-N-Restless-Quill-10B-Uncensored,gemmathewriternrestlessquill10buncensored,40.85009081777402,24,0.0755287009063444,7,40.85009081777402,22.9607250755287,0.0,22.885196374622357
DavidAU_L3-DARKEST-PLANET-16.5B,real_attachments/C_efficiency_evolution/detailed_results/DavidAU_L3-DARKEST-PLANET-16.5B/results_2025-01-14T03-40-51.254747.json,False,DavidAU/L3-DARKEST-PLANET-16.5B,l3darkestplanet165b,31.776241491685315,24,9.138972809667674,7,31.776241491685315,8.987915407854985,0.0,0.15105740181268956
DavidAU_L3-Dark-Planet-8B,real_attachments/C_efficiency_evolution/detailed_results/DavidAU_L3-Dark-Planet-8B/results_2024-09-14T01-22-26.219344.json,False,DavidAU/L3-Dark-Planet-8B,l3darkplanet8b,29.789626944995533,24,7.477341389728097,7,29.78962694499553,8.23262839879154,3.552713678800501e-15,0.7552870090634434
DavidAU_L3-Jamet-12.2B-MK.V-Blackroot-Instruct,real_attachments/C_efficiency_evolution/detailed_results/DavidAU_L3-Jamet-12.2B-MK.V-Blackroot-Instruct/results_2024-09-11T18-30-00.046087.json,False,DavidAU/L3-Jamet-12.2B-MK.V-Blackroot-Instruct,l3jamet122bmkvblackrootinstruct,25.869793144697734,24,4.078549848942599,7,25.86979314469773,4.078549848942599,3.552713678800501e-15,0.0
DavidAU_L3-Lumimaid-12.2B-v0.1-OAS-Instruct,real_attachments/C_efficiency_evolution/detailed_results/DavidAU_L3-Lumimaid-12.2B-v0.1-OAS-Instruct/results_2024-09-14T01-49-45.517798.json,False,DavidAU/L3-Lumimaid-12.2B-v0.1-OAS-Instruct,l3lumimaid122bv01oasinstruct,24.50481558318139,24,3.8519637462235647,7,24.5048155831814,4.607250755287009,1.0658141036401503e-14,0.7552870090634438
DavidAU_L3-SMB-Instruct-12.2B-F32,real_attachments/C_efficiency_evolution/detailed_results/DavidAU_L3-SMB-Instruct-12.2B-F32/results_2024-09-14T01-44-45.928610.json,False,DavidAU/L3-SMB-Instruct-12.2B-F32,l3smbinstruct122bf32,26.130957088441537,24,4.078549848942599,7,26.130957088441544,4.682779456193353,7.105427357601002e-15,0.6042296072507547
DavidAU_L3-Stheno-Maid-Blackroot-Grand-HORROR-16B,real_attachments/C_efficiency_evolution/detailed_results/DavidAU_L3-Stheno-Maid-Blackroot-Grand-HORROR-16B/results_2024-09-10T01-41-23.314602.json,False,DavidAU/L3-Stheno-Maid-Blackroot-Grand-HORROR-16B,l3sthenomaidblackrootgrandhorror16b,26.69202134153786,24,1.5861027190332326,7,26.692021341537863,2.190332326283988,3.552713678800501e-15,0.6042296072507554
DavidAU_L3-Stheno-v3.2-12.2B-Instruct,real_attachments/C_efficiency_evolution/detailed_results/DavidAU_L3-Stheno-v3.2-12.2B-Instruct/results_2024-09-14T01-49-00.730479.json,False,DavidAU/L3-Stheno-v3.2-12.2B-Instruct,l3sthenov32122binstruct,27.36962320894452,24,4.984894259818732,7,27.36962320894452,5.060422960725076,0.0,0.07552870090634478
DavidAU_L3.1-Dark-Planet-SpinFire-Uncensored-8B,real_attachments/C_efficiency_evolution/detailed_results/DavidAU_L3.1-Dark-Planet-SpinFire-Uncensored-8B/results_2025-01-13T16-26-31.175383.json,False,DavidAU/L3.1-Dark-Planet-SpinFire-Uncensored-8B,l31darkplanetspinfireuncensored8b,32.46178300050608,24,9.290030211480364,7,32.46178300050608,9.290030211480364,0.0,0.0
DavidAU_L3.1-MOE-2X8B-Deepseek-DeepHermes-e32-uncensored-abliterated-13.7B,real_attachments/C_efficiency_evolution/detailed_results/DavidAU_L3.1-MOE-2X8B-Deepseek-DeepHermes-e32-uncensored-abliterated-13.7B/results_2025-03-10T03-23-45.418230.json,False,DavidAU/L3.1-MOE-2X8B-Deepseek-DeepHermes-e32-uncensored-abliterated-13.7B,l31moe2x8bdeepseekdeephermese32uncensoredabliterated137b,21.197829273123393,24,26.057401812688823,7,21.1978292731234,26.057401812688823,7.105427357601002e-15,0.0
DavidAU_Qwen2.5-MOE-2X1.5B-DeepSeek-Uncensored-Censored-4B,real_attachments/C_efficiency_evolution/detailed_results/DavidAU_Qwen2.5-MOE-2X1.5B-DeepSeek-Uncensored-Censored-4B/results_2025-03-10T03-21-01.285602.json,False,DavidAU/Qwen2.5-MOE-2X1.5B-DeepSeek-Uncensored-Censored-4B,qwen25moe2x15bdeepseekuncensoredcensored4b,3.0235812123382635,24,2.492447129909366,7,3.023581212338263,2.492447129909366,4.440892098500626e-16,0.0
DavidAU_Qwen2.5-MOE-2X7B-DeepSeek-Abliterated-Censored-19B,real_attachments/C_efficiency_evolution/detailed_results/DavidAU_Qwen2.5-MOE-2X7B-DeepSeek-Abliterated-Censored-19B/results_2025-03-10T04-01-27.449634.json,False,DavidAU/Qwen2.5-MOE-2X7B-DeepSeek-Abliterated-Censored-19B,qwen25moe2x7bdeepseekabliteratedcensored19b,10.87019907736261,24,24.169184290030213,7,10.870199077362608,24.169184290030213,1.7763568394002505e-15,0.0
DavidAU_Qwen2.5-MOE-6x1.5B-DeepSeek-Reasoning-e32,real_attachments/C_efficiency_evolution/detailed_results/DavidAU_Qwen2.5-MOE-6x1.5B-DeepSeek-Reasoning-e32/results_2025-03-10T04-10-10.425547.json,False,DavidAU/Qwen2.5-MOE-6x1.5B-DeepSeek-Reasoning-e32,qwen25moe6x15bdeepseekreasoninge32,6.218964782807417,24,6.646525679758309,7,6.218964782807416,6.646525679758309,8.881784197001252e-16,0.0
Davidsv_SUONG-1,real_attachments/C_efficiency_evolution/detailed_results/Davidsv_SUONG-1/results_2025-02-24T16-35-20.128773.json,False,Davidsv/SUONG-1,suong1,1.8272424825748756,24,0.0,7,1.827242482574876,0.0,4.440892098500626e-16,0.0
DavieLion_Llama-3.2-1B-SPIN-iter0,real_attachments/C_efficiency_evolution/detailed_results/DavieLion_Llama-3.2-1B-SPIN-iter0/results_2024-12-29T02-42-14.122225.json,False,DavieLion/Llama-3.2-1B-SPIN-iter0,llama321bspiniter0,2.1008283750749497,24,0.0,7,,,,
DavieLion_Llama-3.2-1B-SPIN-iter1,real_attachments/C_efficiency_evolution/detailed_results/DavieLion_Llama-3.2-1B-SPIN-iter1/results_2024-12-29T07-27-12.916238.json,False,DavieLion/Llama-3.2-1B-SPIN-iter1,llama321bspiniter1,2.433772217660189,24,0.0,7,2.433772217660189,0.2265861027190332,0.0,0.2265861027190332
DavieLion_Llama-3.2-1B-SPIN-iter2,real_attachments/C_efficiency_evolution/detailed_results/DavieLion_Llama-3.2-1B-SPIN-iter2/results_2024-12-29T09-28-09.319125.json,False,DavieLion/Llama-3.2-1B-SPIN-iter2,llama321bspiniter2,3.1573429783229794,24,0.0,7,3.1573429783229785,0.5287009063444108,8.881784197001252e-16,0.5287009063444108
DavieLion_Llama-3.2-1B-SPIN-iter3,real_attachments/C_efficiency_evolution/detailed_results/DavieLion_Llama-3.2-1B-SPIN-iter3/results_2024-12-29T06-27-51.383742.json,False,DavieLion/Llama-3.2-1B-SPIN-iter3,llama321bspiniter3,3.1395015434855087,24,0.0,7,,,,
DavieLion_Lllma-3.2-1B,real_attachments/C_efficiency_evolution/detailed_results/DavieLion_Lllma-3.2-1B/results_2024-12-27T07-42-34.986242.json,False,DavieLion/Lllma-3.2-1B,lllma321b,2.4381228956228957,24,0.0,7,2.438122895622896,0.6797583081570997,4.440892098500626e-16,0.6797583081570997
DebateLabKIT_Llama-3.1-Argunaut-1-8B-SFT,real_attachments/C_efficiency_evolution/detailed_results/DebateLabKIT_Llama-3.1-Argunaut-1-8B-SFT/results_2025-01-02T23-42-32.363726.json,False,DebateLabKIT/Llama-3.1-Argunaut-1-8B-SFT,llama31argunaut18bsft,27.187826826803345,24,11.178247734138973,7,27.187826826803345,14.501510574018129,0.0,3.323262839879156
Deci_DeciLM-7B,real_attachments/C_efficiency_evolution/detailed_results/Deci_DeciLM-7B/results_2024-06-16T21-49-06.071553.json,False,Deci/DeciLM-7B,decilm7b,21.252729791067395,24,2.416918429003021,7,21.252729791067395,2.8700906344410875,0.0,0.45317220543806647
Deci_DeciLM-7B-instruct,real_attachments/C_efficiency_evolution/detailed_results/Deci_DeciLM-7B-instruct/results_2024-06-16T21-50-32.589302.json,False,Deci/DeciLM-7B-instruct,decilm7binstruct,23.8871490441846,24,2.794561933534743,7,23.8871490441846,3.0211480362537766,0.0,0.22658610271903346
DeepAutoAI_Explore_Llama-3.1-8B-Inst,real_attachments/C_efficiency_evolution/detailed_results/DeepAutoAI_Explore_Llama-3.1-8B-Inst/results_2024-09-21T17-34-15.250414.json,False,DeepAutoAI/Explore_Llama-3.1-8B-Inst,explorellama318binst,30.393262902042363,24,17.522658610271904,7,30.393262902042363,20.09063444108761,0.0,2.567975830815705
DeepAutoAI_Explore_Llama-3.2-1B-Inst,real_attachments/C_efficiency_evolution/detailed_results/DeepAutoAI_Explore_Llama-3.2-1B-Inst/results_2024-10-07T07-57-21.365937.json,False,DeepAutoAI/Explore_Llama-3.2-1B-Inst,explorellama321binst,8.308930915995083,24,4.531722054380665,7,8.292273657131942,7.477341389728097,0.016657258863141067,2.9456193353474323
DeepAutoAI_Explore_Llama-3.2-1B-Inst_v0,real_attachments/C_efficiency_evolution/detailed_results/DeepAutoAI_Explore_Llama-3.2-1B-Inst_v0/results_2024-10-08T11-14-35.125813.json,False,DeepAutoAI/Explore_Llama-3.2-1B-Inst_v0,explorellama321binstv0,7.042771972349902,24,4.229607250755287,7,7.042771972349901,5.966767371601208,8.881784197001252e-16,1.737160120845921
DeepAutoAI_Explore_Llama-3.2-1B-Inst_v1,real_attachments/C_efficiency_evolution/detailed_results/DeepAutoAI_Explore_Llama-3.2-1B-Inst_v1/results_2024-10-09T10-26-35.079919.json,False,DeepAutoAI/Explore_Llama-3.2-1B-Inst_v1,explorellama321binstv1,4.257780193079652,24,1.283987915407855,7,4.257780193079653,3.096676737160121,8.881784197001252e-16,1.8126888217522659
DeepAutoAI_Explore_Llama-3.2-1B-Inst_v1.1,real_attachments/C_efficiency_evolution/detailed_results/DeepAutoAI_Explore_Llama-3.2-1B-Inst_v1.1/results_2024-10-09T10-29-37.972649.json,False,DeepAutoAI/Explore_Llama-3.2-1B-Inst_v1.1,explorellama321binstv11,5.18530518107402,24,1.3595166163141994,7,8.818154144791238,7.175226586102719,3.632848963717218,5.81570996978852
DeepAutoAI_causal_gpt2,real_attachments/C_efficiency_evolution/detailed_results/DeepAutoAI_causal_gpt2/results_2024-10-17T06-14-28.690757.json,False,DeepAutoAI/causal_gpt2,causalgpt2,2.6333438399574582,24,0.22658610271903326,7,2.6333438399574587,0.5287009063444109,4.440892098500626e-16,0.3021148036253777
DeepAutoAI_d2nwg_Llama-3.1-8B-Instruct-v0.0,real_attachments/C_efficiency_evolution/detailed_results/DeepAutoAI_d2nwg_Llama-3.1-8B-Instruct-v0.0/results_2024-09-12T00-17-43.652795.json,False,DeepAutoAI/d2nwg_Llama-3.1-8B-Instruct-v0.0,d2nwgllama318binstructv00,30.510076038263527,24,7.930513595166164,7,30.51007603826353,18.051359516616312,3.552713678800501e-15,10.120845921450147
DeepAutoAI_d2nwg_causal_gpt2,real_attachments/C_efficiency_evolution/detailed_results/DeepAutoAI_d2nwg_causal_gpt2/results_2024-10-18T01-36-00.225326.json,False,DeepAutoAI/d2nwg_causal_gpt2,d2nwgcausalgpt2,2.850573557678693,24,0.3776435045317221,7,2.850573557678692,0.4531722054380665,8.881784197001252e-16,0.07552870090634445
DeepAutoAI_d2nwg_causal_gpt2_v1,real_attachments/C_efficiency_evolution/detailed_results/DeepAutoAI_d2nwg_causal_gpt2_v1/results_2024-10-18T17-39-39.780270.json,False,DeepAutoAI/d2nwg_causal_gpt2_v1,d2nwgcausalgpt2v1,2.3872783507070148,24,0.1510574018126888,7,2.3872783507070148,0.3776435045317221,0.0,0.22658610271903326
DeepAutoAI_ldm_soup_Llama-3.1-8B-Inst,real_attachments/C_efficiency_evolution/detailed_results/DeepAutoAI_ldm_soup_Llama-3.1-8B-Inst/results_2024-09-17T16-53-14.508118.json,False,DeepAutoAI/ldm_soup_Llama-3.1-8B-Inst,ldmsoupllama318binst,31.10162822417879,24,11.555891238670695,7,31.101628224178786,18.882175226586103,3.552713678800501e-15,7.326283987915408
DeepAutoAI_ldm_soup_Llama-3.1-8B-Instruct-v0.0,real_attachments/C_efficiency_evolution/detailed_results/DeepAutoAI_ldm_soup_Llama-3.1-8B-Instruct-v0.0/results_2024-09-16T00-55-20.303513.json,False,DeepAutoAI/ldm_soup_Llama-3.1-8B-Instruct-v0.0,ldmsoupllama318binstructv00,31.162649496607862,24,10.42296072507553,7,31.162649496607862,19.18429003021148,0.0,8.761329305135948
DeepAutoAI_ldm_soup_Llama-3.1-8B-Instruct-v0.1,real_attachments/C_efficiency_evolution/detailed_results/DeepAutoAI_ldm_soup_Llama-3.1-8B-Instruct-v0.1/results_2024-09-16T11-07-45.732075.json,False,DeepAutoAI/ldm_soup_Llama-3.1-8B-Instruct-v0.1,ldmsoupllama318binstructv01,31.162649496607862,24,10.42296072507553,7,31.162649496607862,19.18429003021148,0.0,8.761329305135948
DeepMount00_Lexora-Lite-3B,real_attachments/C_efficiency_evolution/detailed_results/DeepMount00_Lexora-Lite-3B/results_2024-10-20T17-04-44.753677.json,False,DeepMount00/Lexora-Lite-3B,lexoralite3b,28.43627869001684,24,9.743202416918429,7,28.43627869001684,23.036253776435046,0.0,13.293051359516618
DeepMount00_Lexora-Lite-3B_v2,real_attachments/C_efficiency_evolution/detailed_results/DeepMount00_Lexora-Lite-3B_v2/results_2025-02-26T01-20-11.246594.json,False,DeepMount00/Lexora-Lite-3B_v2,lexoralite3bv2,27.168451763223718,24,22.80966767371601,7,27.16845176322372,22.80966767371601,3.552713678800501e-15,0.0
DeepMount00_Lexora-Medium-7B,real_attachments/C_efficiency_evolution/detailed_results/DeepMount00_Lexora-Medium-7B/results_2024-09-24T13-30-06.561197.json,False,DeepMount00/Lexora-Medium-7B,lexoramedium7b,32.695331180855206,24,13.746223564954683,7,32.6953311808552,22.20543806646526,7.105427357601002e-15,8.459214501510576
DeepMount00_Llama-3-8b-Ita,real_attachments/C_efficiency_evolution/detailed_results/DeepMount00_Llama-3-8b-Ita/results_2024-08-13T04-33-17.994268.json,False,DeepMount00/Llama-3-8b-Ita,llama38bita,28.077745566893725,24,5.362537764350453,7,28.077745566893725,6.646525679758309,0.0,1.283987915407856
DeepMount00_Llama-3.1-8b-ITA,real_attachments/C_efficiency_evolution/detailed_results/DeepMount00_Llama-3.1-8b-ITA/results_2025-02-13T18-27-04.338360.json,False,DeepMount00/Llama-3.1-8b-Ita,llama318bita,31.3336391135077,24,17.069486404833835,7,,,,
DeepMount00_Llama-3.1-Distilled,real_attachments/C_efficiency_evolution/detailed_results/DeepMount00_Llama-3.1-Distilled/results_2024-10-25T16-30-54.674107.json,False,DeepMount00/Llama-3.1-Distilled,llama31distilled,30.84142128641545,24,15.55891238670695,7,30.84142128641545,20.31722054380665,0.0,4.758308157099698
DeepMount00_Qwen2-1.5B-Ita,real_attachments/C_efficiency_evolution/detailed_results/DeepMount00_Qwen2-1.5B-Ita/results_2025-02-28T20-55-59.716664.json,False,DeepMount00/Qwen2-1.5B-Ita,qwen215bita,15.42299613137108,24,11.404833836858005,7,15.42299613137108,11.404833836858003,0.0,1.7763568394002505e-15
DeepMount00_Qwen2-1.5B-Ita_v2,real_attachments/C_efficiency_evolution/detailed_results/DeepMount00_Qwen2-1.5B-Ita_v2/results_2025-03-06T07-46-27.142642.json,False,DeepMount00/Qwen2-1.5B-Ita_v2,qwen215bitav2,15.106125348603847,24,9.667673716012084,7,15.106125348603843,9.667673716012084,3.552713678800501e-15,0.0
DeepMount00_Qwen2-1.5B-Ita_v3,real_attachments/C_efficiency_evolution/detailed_results/DeepMount00_Qwen2-1.5B-Ita_v3/results_2025-03-06T09-07-19.003105.json,False,DeepMount00/Qwen2-1.5B-Ita_v3,qwen215bitav3,15.22652186012814,24,10.42296072507553,7,15.22652186012814,10.42296072507553,0.0,0.0
DeepMount00_Qwen2-1.5B-Ita_v5,real_attachments/C_efficiency_evolution/detailed_results/DeepMount00_Qwen2-1.5B-Ita_v5/results_2025-03-10T13-52-00.461153.json,False,DeepMount00/Qwen2-1.5B-Ita_v5,qwen215bitav5,16.487037607634196,24,11.782477341389729,7,16.487037607634196,11.782477341389727,0.0,1.7763568394002505e-15
DeepMount00_Qwen2-1.5B-Ita_v6,real_attachments/C_efficiency_evolution/detailed_results/DeepMount00_Qwen2-1.5B-Ita_v6/results_2025-03-10T16-42-48.688447.json,False,DeepMount00/Qwen2-1.5B-Ita_v6,qwen215bitav6,19.093803548070223,24,8.459214501510575,7,19.093803548070223,8.459214501510575,0.0,0.0
DeepMount00_Qwen2.5-7B-Instruct-MathCoder,real_attachments/C_efficiency_evolution/detailed_results/DeepMount00_Qwen2.5-7B-Instruct-MathCoder/results_2024-10-25T16-48-55.371157.json,False,DeepMount00/Qwen2.5-7B-Instruct-MathCoder,qwen257binstructmathcoder,2.636670587150039,24,0.0,7,2.636670587150039,0.0755287009063444,0.0,0.0755287009063444
DeepMount00_mergekit-ties-okvgjfz,real_attachments/C_efficiency_evolution/detailed_results/DeepMount00_mergekit-ties-okvgjfz/results_2024-10-25T16-48-46.916487.json,False,DeepMount00/mergekit-ties-okvgjfz,mergekittiesokvgjfz,2.636670587150039,24,0.0,7,2.636670587150039,0.0755287009063444,0.0,0.0755287009063444
Delta-Vector_Baldur-8B,real_attachments/C_efficiency_evolution/detailed_results/Delta-Vector_Baldur-8B/results_2024-10-06T23-26-24.662364.json,False,Delta-Vector/Baldur-8B,baldur8b,32.54183409581637,24,12.613293051359516,7,32.54183409581636,14.350453172205436,7.105427357601002e-15,1.7371601208459193
Delta-Vector_Control-8B,real_attachments/C_efficiency_evolution/detailed_results/Delta-Vector_Control-8B/results_2024-11-25T22-58-23.311876.json,False,Delta-Vector/Control-8B,control8b,29.15507782169402,24,13.746223564954683,7,29.15507782169402,13.897280966767372,0.0,0.15105740181268956
Delta-Vector_Control-8B-V1.1,real_attachments/C_efficiency_evolution/detailed_results/Delta-Vector_Control-8B-V1.1/results_2024-11-25T22-59-39.146282.json,False,Delta-Vector/Control-8B-V1.1,control8bv11,28.72585026552011,24,12.462235649546828,7,28.725850265520112,12.764350453172204,3.552713678800501e-15,0.30211480362537557
Delta-Vector_Darkens-8B,real_attachments/C_efficiency_evolution/detailed_results/Delta-Vector_Darkens-8B/results_2024-10-06T23-43-28.378749.json,False,Delta-Vector/Darkens-8B,darkens8b,32.883795037431085,24,5.0604229607250755,7,32.88379503743108,5.8912386706948645,7.105427357601002e-15,0.830815709969789
Delta-Vector_Henbane-7b-attempt2,real_attachments/C_efficiency_evolution/detailed_results/Delta-Vector_Henbane-7b-attempt2/results_2024-10-11T04-26-22.219154.json,False,Delta-Vector/Henbane-7b-attempt2,henbane7battempt2,30.865849451121658,24,20.694864048338367,7,30.86584945112165,22.734138972809667,7.105427357601002e-15,2.0392749244713
Delta-Vector_Odin-9B,real_attachments/C_efficiency_evolution/detailed_results/Delta-Vector_Odin-9B/results_2024-10-07T06-28-49.718610.json,False,Delta-Vector/Odin-9B,odin9b,34.83242280758617,24,12.537764350453173,7,34.83242280758616,14.501510574018129,7.105427357601002e-15,1.9637462235649554
Delta-Vector_Tor-8B,real_attachments/C_efficiency_evolution/detailed_results/Delta-Vector_Tor-8B/results_2024-10-07T05-32-42.968657.json,False,Delta-Vector/Tor-8B,tor8b,31.738224498498674,24,5.438066465256798,7,31.73822449849867,5.8912386706948645,3.552713678800501e-15,0.4531722054380669
DevQuasar_DevQuasar-R1-Uncensored-Llama-8B,real_attachments/C_efficiency_evolution/detailed_results/DevQuasar_DevQuasar-R1-Uncensored-Llama-8B/results_2025-02-24T21-08-11.864665.json,False,DevQuasar/DevQuasar-R1-Uncensored-Llama-8B,devquasarr1uncensoredllama8b,30.220238234792646,24,33.081570996978854,7,30.22023823479265,33.081570996978854,3.552713678800501e-15,0.0
Dongwei_DeepSeek-R1-Distill-Qwen-7B-GRPO,real_attachments/C_efficiency_evolution/detailed_results/Dongwei_DeepSeek-R1-Distill-Qwen-7B-GRPO/results_2025-02-05T21-39-58.605765.json,False,Dongwei/DeepSeek-R1-Distill-Qwen-7B-GRPO,deepseekr1distillqwen7bgrpo,7.882702983365755,24,0.0,7,7.882702983365756,19.561933534743204,8.881784197001252e-16,19.561933534743204
DoppelReflEx_L3-8B-R1-WolfCore,real_attachments/C_efficiency_evolution/detailed_results/DoppelReflEx_L3-8B-R1-WolfCore/results_2025-02-28T08-19-11.374461.json,False,DoppelReflEx/L3-8B-R1-WolfCore,l38br1wolfcore,33.760104762918594,24,16.314199395770395,7,33.760104762918594,16.314199395770395,0.0,0.0
DoppelReflEx_L3-8B-R1-WolfCore-V1.5-test,real_attachments/C_efficiency_evolution/detailed_results/DoppelReflEx_L3-8B-R1-WolfCore-V1.5-test/results_2025-03-01T06-02-01.732045.json,False,DoppelReflEx/L3-8B-R1-WolfCore-V1.5-test,l38br1wolfcorev15test,33.45949833611521,24,12.311178247734139,7,33.45949833611522,12.31117824773414,7.105427357601002e-15,1.7763568394002505e-15
DoppelReflEx_L3-8B-WolfCore,real_attachments/C_efficiency_evolution/detailed_results/DoppelReflEx_L3-8B-WolfCore/results_2025-02-28T15-09-48.824639.json,False,DoppelReflEx/L3-8B-WolfCore,l38bwolfcore,31.29007207609234,24,9.818731117824774,7,31.290072076092343,9.818731117824774,3.552713678800501e-15,0.0
DoppelReflEx_MN-12B-FoxFrame-test,real_attachments/C_efficiency_evolution/detailed_results/DoppelReflEx_MN-12B-FoxFrame-test/results_2025-02-06T06-23-45.550962.json,False,DoppelReflEx/MN-12B-FoxFrame-test,mn12bfoxframetest,34.55981394889724,24,8.308157099697885,7,34.55981394889724,13.972809667673715,0.0,5.66465256797583
DoppelReflEx_MN-12B-FoxFrame2-test,real_attachments/C_efficiency_evolution/detailed_results/DoppelReflEx_MN-12B-FoxFrame2-test/results_2025-02-18T20-23-38.255325.json,False,DoppelReflEx/MN-12B-FoxFrame2-test,mn12bfoxframe2test,34.99669953906846,24,14.04833836858006,7,34.99669953906846,14.04833836858006,0.0,0.0
DoppelReflEx_MN-12B-FoxFrame3-test,real_attachments/C_efficiency_evolution/detailed_results/DoppelReflEx_MN-12B-FoxFrame3-test/results_2025-02-18T20-33-24.161176.json,False,DoppelReflEx/MN-12B-FoxFrame3-test,mn12bfoxframe3test,34.04118574479262,24,13.217522658610273,7,34.041185744792614,13.217522658610273,7.105427357601002e-15,0.0
DoppelReflEx_MN-12B-Kakigori,real_attachments/C_efficiency_evolution/detailed_results/DoppelReflEx_MN-12B-Kakigori/results_2025-01-29T06-05-49.129207.json,False,DoppelReflEx/MN-12B-Kakigori,mn12bkakigori,34.33134719734291,24,11.48036253776435,7,34.3313471973429,11.933534743202417,7.105427357601002e-15,0.4531722054380669
DoppelReflEx_MN-12B-LilithFrame,real_attachments/C_efficiency_evolution/detailed_results/DoppelReflEx_MN-12B-LilithFrame/results_2025-01-29T06-14-21.361820.json,False,DoppelReflEx/MN-12B-LilithFrame,mn12blilithframe,27.492064455270775,24,5.966767371601208,7,,,,
DoppelReflEx_MN-12B-LilithFrame-Experiment-2,real_attachments/C_efficiency_evolution/detailed_results/DoppelReflEx_MN-12B-LilithFrame-Experiment-2/results_2025-01-29T09-38-43.090670.json,False,DoppelReflEx/MN-12B-LilithFrame-Experiment-2,mn12blilithframeexperiment2,28.111182970228683,24,6.117824773413897,7,28.11118297022868,10.725075528700906,3.552713678800501e-15,4.607250755287009
DoppelReflEx_MN-12B-LilithFrame-Experiment-3,real_attachments/C_efficiency_evolution/detailed_results/DoppelReflEx_MN-12B-LilithFrame-Experiment-3/results_2025-01-30T03-11-48.420023.json,False,DoppelReflEx/MN-12B-LilithFrame-Experiment-3,mn12blilithframeexperiment3,34.99828632411449,24,12.990936555891238,7,34.998286324114495,13.444108761329304,7.105427357601002e-15,0.45317220543806513
DoppelReflEx_MN-12B-LilithFrame-Experiment-4,real_attachments/C_efficiency_evolution/detailed_results/DoppelReflEx_MN-12B-LilithFrame-Experiment-4/results_2025-02-01T07-44-15.589128.json,False,DoppelReflEx/MN-12B-LilithFrame-Experiment-4,mn12blilithframeexperiment4,35.77765007970374,24,10.574018126888216,7,35.77765007970374,12.235649546827794,0.0,1.661631419939578
DoppelReflEx_MN-12B-Mimicore-GreenSnake,real_attachments/C_efficiency_evolution/detailed_results/DoppelReflEx_MN-12B-Mimicore-GreenSnake/results_2025-01-27T04-06-45.582696.json,False,DoppelReflEx/MN-12B-Mimicore-GreenSnake,mn12bmimicoregreensnake,35.390600609410264,24,12.990936555891238,7,35.390600609410264,13.897280966767372,0.0,0.9063444108761338
DoppelReflEx_MN-12B-Mimicore-Nocturne,real_attachments/C_efficiency_evolution/detailed_results/DoppelReflEx_MN-12B-Mimicore-Nocturne/results_2025-03-09T01-56-11.380620.json,False,DoppelReflEx/MN-12B-Mimicore-Nocturne,mn12bmimicorenocturne,38.398667723235484,24,10.574018126888216,7,38.39866772323549,10.574018126888216,7.105427357601002e-15,0.0
DoppelReflEx_MN-12B-Mimicore-Orochi,real_attachments/C_efficiency_evolution/detailed_results/DoppelReflEx_MN-12B-Mimicore-Orochi/results_2025-01-28T04-52-13.925053.json,False,DoppelReflEx/MN-12B-Mimicore-Orochi,mn12bmimicoreorochi,35.283229755354576,24,11.253776435045317,7,35.28322975535459,13.595166163141997,1.4210854715202004e-14,2.3413897280966793
DoppelReflEx_MN-12B-Mimicore-Orochi-v2-Experiment,real_attachments/C_efficiency_evolution/detailed_results/DoppelReflEx_MN-12B-Mimicore-Orochi-v2-Experiment/results_2025-01-28T07-33-29.878696.json,False,DoppelReflEx/MN-12B-Mimicore-Orochi-v2-Experiment,mn12bmimicoreorochiv2experiment,32.774710606184065,24,0.4531722054380665,7,32.77471060618407,6.117824773413897,7.105427357601002e-15,5.66465256797583
DoppelReflEx_MN-12B-Mimicore-Orochi-v3-Experiment,real_attachments/C_efficiency_evolution/detailed_results/DoppelReflEx_MN-12B-Mimicore-Orochi-v3-Experiment/results_2025-01-28T08-45-35.014563.json,False,DoppelReflEx/MN-12B-Mimicore-Orochi-v3-Experiment,mn12bmimicoreorochiv3experiment,34.56947966310029,24,5.664652567975831,7,34.569479663100296,12.16012084592145,7.105427357601002e-15,6.495468277945618
DoppelReflEx_MN-12B-Mimicore-Orochi-v4-Experiment,real_attachments/C_efficiency_evolution/detailed_results/DoppelReflEx_MN-12B-Mimicore-Orochi-v4-Experiment/results_2025-01-28T11-41-49.522671.json,False,DoppelReflEx/MN-12B-Mimicore-Orochi-v4-Experiment,mn12bmimicoreorochiv4experiment,35.299068474646475,24,10.27190332326284,7,35.29906847464648,12.084592145015106,7.105427357601002e-15,1.8126888217522659
DoppelReflEx_MN-12B-Mimicore-WhiteSnake,real_attachments/C_efficiency_evolution/detailed_results/DoppelReflEx_MN-12B-Mimicore-WhiteSnake/results_2025-01-27T04-00-36.616405.json,False,DoppelReflEx/MN-12B-Mimicore-WhiteSnake,mn12bmimicorewhitesnake,36.899710477157626,24,11.706948640483382,7,36.89971047715762,13.141993957703926,7.105427357601002e-15,1.4350453172205437
DoppelReflEx_MN-12B-Mimicore-WhiteSnake-v2-Experiment-1,real_attachments/C_efficiency_evolution/detailed_results/DoppelReflEx_MN-12B-Mimicore-WhiteSnake-v2-Experiment-1/results_2025-01-29T01-43-28.326883.json,False,DoppelReflEx/MN-12B-Mimicore-WhiteSnake-v2-Experiment-1,mn12bmimicorewhitesnakev2experiment1,27.07796440244996,24,1.6616314199395772,7,27.07796440244996,7.854984894259818,0.0,6.193353474320241
DoppelReflEx_MN-12B-Mimicore-WhiteSnake-v2-Experiment-2,real_attachments/C_efficiency_evolution/detailed_results/DoppelReflEx_MN-12B-Mimicore-WhiteSnake-v2-Experiment-2/results_2025-01-29T02-00-09.948353.json,False,DoppelReflEx/MN-12B-Mimicore-WhiteSnake-v2-Experiment-2,mn12bmimicorewhitesnakev2experiment2,31.422947025186726,24,4.45619335347432,7,30.66571959351228,11.253776435045316,0.7572274316744476,6.797583081570996
DoppelReflEx_MN-12B-Mimicore-WhiteSnake-v2-Experiment-3,real_attachments/C_efficiency_evolution/detailed_results/DoppelReflEx_MN-12B-Mimicore-WhiteSnake-v2-Experiment-3/results_2025-01-29T01-52-03.291596.json,False,DoppelReflEx/MN-12B-Mimicore-WhiteSnake-v2-Experiment-3,mn12bmimicorewhitesnakev2experiment3,26.32139545026083,24,2.794561933534743,7,26.321395450260827,8.987915407854985,3.552713678800501e-15,6.193353474320242
DoppelReflEx_MN-12B-Mimicore-WhiteSnake-v2-Experiment-4,real_attachments/C_efficiency_evolution/detailed_results/DoppelReflEx_MN-12B-Mimicore-WhiteSnake-v2-Experiment-4/results_2025-01-29T02-06-49.274720.json,False,DoppelReflEx/MN-12B-Mimicore-WhiteSnake-v2-Experiment-4,mn12bmimicorewhitesnakev2experiment4,31.422947025186726,24,4.45619335347432,7,31.42294702518673,11.404833836858003,3.552713678800501e-15,6.9486404833836835
DoppelReflEx_MN-12B-Unleashed-Twilight,real_attachments/C_efficiency_evolution/detailed_results/DoppelReflEx_MN-12B-Unleashed-Twilight/results_2025-02-24T16-40-04.762595.json,False,DoppelReflEx/MN-12B-Unleashed-Twilight,mn12bunleashedtwilight,35.97610662338389,24,9.592145015105741,7,35.97610662338389,9.59214501510574,0.0,1.7763568394002505e-15
DoppelReflEx_MN-12B-WolFrame,real_attachments/C_efficiency_evolution/detailed_results/DoppelReflEx_MN-12B-WolFrame/results_2025-02-01T13-32-06.626014.json,False,DoppelReflEx/MN-12B-WolFrame,mn12bwolframe,29.991929835267143,24,7.552870090634441,7,29.991929835267143,13.141993957703926,0.0,5.589123867069485
DoppelReflEx_MiniusLight-24B,real_attachments/C_efficiency_evolution/detailed_results/DoppelReflEx_MiniusLight-24B/results_2025-03-04T03-48-41.345537.json,False,DoppelReflEx/MiniusLight-24B,miniuslight24b,46.00296887424892,24,12.613293051359516,7,46.002968874248914,12.613293051359516,7.105427357601002e-15,0.0
DoppelReflEx_MiniusLight-24B-test,real_attachments/C_efficiency_evolution/detailed_results/DoppelReflEx_MiniusLight-24B-test/results_2025-03-04T04-36-04.245444.json,False,DoppelReflEx/MiniusLight-24B-test,miniuslight24btest,46.95696642451459,24,2.56797583081571,7,46.95696642451458,2.56797583081571,7.105427357601002e-15,0.0
DoppelReflEx_MiniusLight-24B-v1b-test,real_attachments/C_efficiency_evolution/detailed_results/DoppelReflEx_MiniusLight-24B-v1b-test/results_2025-03-04T05-07-42.130665.json,False,DoppelReflEx/MiniusLight-24B-v1b-test,miniuslight24bv1btest,50.63814760323434,24,23.94259818731118,7,50.63814760323434,23.94259818731118,0.0,0.0
DoppelReflEx_MiniusLight-24B-v1c-test,real_attachments/C_efficiency_evolution/detailed_results/DoppelReflEx_MiniusLight-24B-v1c-test/results_2025-03-04T19-39-54.628918.json,False,DoppelReflEx/MiniusLight-24B-v1c-test,miniuslight24bv1ctest,52.840658095378245,24,29.68277945619335,7,52.84065809537824,29.68277945619335,7.105427357601002e-15,0.0
DoppelReflEx_MiniusLight-24B-v1d-test,real_attachments/C_efficiency_evolution/detailed_results/DoppelReflEx_MiniusLight-24B-v1d-test/results_2025-03-07T08-10-57.040104.json,False,DoppelReflEx/MiniusLight-24B-v1d-test,miniuslight24bv1dtest,52.358441041606326,24,29.45619335347432,7,52.35844104160633,29.45619335347432,7.105427357601002e-15,0.0
DreadPoor_Again-8B-Model_Stock,real_attachments/C_efficiency_evolution/detailed_results/DreadPoor_Again-8B-Model_Stock/results_2024-12-18T05-38-04.604621.json,False,DreadPoor/Again-8B-Model_Stock,again8bmodelstock,33.25946122687519,24,11.48036253776435,7,33.2594612268752,12.009063444108762,1.4210854715202004e-14,0.5287009063444117
DreadPoor_Alita99-8B-LINEAR,real_attachments/C_efficiency_evolution/detailed_results/DreadPoor_Alita99-8B-LINEAR/results_2024-11-26T09-13-36.210728.json,False,DreadPoor/Alita99-8B-LINEAR,alita998blinear,35.00891825379863,24,16.46525679758308,7,35.00891825379863,16.46525679758308,0.0,0.0
DreadPoor_AnotherTest,real_attachments/C_efficiency_evolution/detailed_results/DreadPoor_AnotherTest/results_2025-01-29T02-35-35.598992.json,False,DreadPoor/AnotherTest,anothertest,25.19713750603482,24,4.380664652567976,7,25.197137506034824,6.193353474320242,3.552713678800501e-15,1.8126888217522659
DreadPoor_Aspire-8B-model_stock,real_attachments/C_efficiency_evolution/detailed_results/DreadPoor_Aspire-8B-model_stock/results_2024-09-18T14-56-50.576279.json,False,DreadPoor/Aspire-8B-model_stock,aspire8bmodelstock,32.534270073092834,24,12.990936555891238,7,32.534270073092834,14.954682779456194,0.0,1.9637462235649554
DreadPoor_Aspire_1.3-8B_model-stock,real_attachments/C_efficiency_evolution/detailed_results/DreadPoor_Aspire_1.3-8B_model-stock/results_2024-11-06T17-49-07.924455.json,False,DreadPoor/Aspire_1.3-8B_model-stock,aspire138bmodelstock,32.661850707304225,24,16.91842900302115,7,32.66185070730422,16.91842900302115,7.105427357601002e-15,0.0
DreadPoor_Aspire_V2-8B-Model_Stock,real_attachments/C_efficiency_evolution/detailed_results/DreadPoor_Aspire_V2-8B-Model_Stock/results_2025-02-13T18-27-04.338360.json,False,DreadPoor/Aspire_V2-8B-Model_Stock,aspirev28bmodelstock,33.32740601753424,24,17.598187311178247,7,33.327406017534244,17.598187311178247,7.105427357601002e-15,0.0
DreadPoor_Aspire_V2.1-8B-Model_Stock,real_attachments/C_efficiency_evolution/detailed_results/DreadPoor_Aspire_V2.1-8B-Model_Stock/results_2025-02-13T18-27-04.338360.json,False,DreadPoor/Aspire_V2.1-8B-Model_Stock,aspirev218bmodelstock,32.18794456865431,24,17.673716012084594,7,32.18794456865431,17.673716012084594,0.0,0.0
DreadPoor_Aspire_V2_ALT-8B-Model_Stock,real_attachments/C_efficiency_evolution/detailed_results/DreadPoor_Aspire_V2_ALT-8B-Model_Stock/results_2025-02-13T18-27-04.338360.json,False,DreadPoor/Aspire_V2_ALT-8B-Model_Stock,aspirev2alt8bmodelstock,32.44516856104618,24,17.29607250755287,7,32.44516856104618,17.29607250755287,0.0,0.0
DreadPoor_Aspire_V2_ALT_ROW-8B-Model_Stock,real_attachments/C_efficiency_evolution/detailed_results/DreadPoor_Aspire_V2_ALT_ROW-8B-Model_Stock/results_2025-02-13T18-27-04.338360.json,False,DreadPoor/Aspire_V2_ALT_ROW-8B-Model_Stock,aspirev2altrow8bmodelstock,32.44516856104618,24,17.29607250755287,7,32.44516856104618,17.29607250755287,0.0,0.0
DreadPoor_Aspire_V3-8B-Model_Stock,real_attachments/C_efficiency_evolution/detailed_results/DreadPoor_Aspire_V3-8B-Model_Stock/results_2025-02-13T18-27-04.338360.json,False,DreadPoor/Aspire_V3-8B-Model_Stock,aspirev38bmodelstock,32.683681775076465,24,18.580060422960727,7,32.68368177507647,18.580060422960727,7.105427357601002e-15,0.0
DreadPoor_Aspire_V4-8B-Model_Stock,real_attachments/C_efficiency_evolution/detailed_results/DreadPoor_Aspire_V4-8B-Model_Stock/results_2025-02-13T18-27-04.338360.json,False,DreadPoor/Aspire_V4-8B-Model_Stock,aspirev48bmodelstock,33.20598944793845,24,19.259818731117825,7,33.20598944793845,19.259818731117825,0.0,0.0
DreadPoor_Aspire_V4_ALT-8B-Model_Stock,real_attachments/C_efficiency_evolution/detailed_results/DreadPoor_Aspire_V4_ALT-8B-Model_Stock/results_2025-02-13T18-27-04.338360.json,False,DreadPoor/Aspire_V4_ALT-8B-Model_Stock,aspirev4alt8bmodelstock,32.635435811775096,24,18.12688821752266,7,32.63543581177509,18.12688821752266,7.105427357601002e-15,0.0
DreadPoor_Asymmetric_Linearity-8B-Model_Stock,real_attachments/C_efficiency_evolution/detailed_results/DreadPoor_Asymmetric_Linearity-8B-Model_Stock/results_2025-02-13T18-27-04.338360.json,False,DreadPoor/Asymmetric_Linearity-8B-Model_Stock,asymmetriclinearity8bmodelstock,35.4412470409656,24,16.46525679758308,7,35.4412470409656,16.46525679758308,0.0,0.0
DreadPoor_Aurora_faustus-8B-LINEAR,real_attachments/C_efficiency_evolution/detailed_results/DreadPoor_Aurora_faustus-8B-LINEAR/results_2025-02-13T18-27-04.338360.json,False,DreadPoor/Aurora_faustus-8B-LINEAR,aurorafaustus8blinear,36.263482483482704,24,17.069486404833835,7,36.26348248348271,17.069486404833835,7.105427357601002e-15,0.0
DreadPoor_Aurora_faustus-8B-LORABLATED,real_attachments/C_efficiency_evolution/detailed_results/DreadPoor_Aurora_faustus-8B-LORABLATED/results_2025-02-13T18-27-04.338360.json,False,DreadPoor/Aurora_faustus-8B-LORABLATED,aurorafaustus8blorablated,34.199935313701005,24,14.879154078549849,7,34.19993531370101,14.879154078549847,7.105427357601002e-15,1.7763568394002505e-15
DreadPoor_Aurora_faustus-8B-LORABLATED_ALT,real_attachments/C_efficiency_evolution/detailed_results/DreadPoor_Aurora_faustus-8B-LORABLATED_ALT/results_2025-02-13T18-27-04.338360.json,False,DreadPoor/Aurora_faustus-8B-LORABLATED_ALT,aurorafaustus8blorablatedalt,34.21152011815683,24,15.861027190332328,7,34.21152011815682,15.861027190332328,7.105427357601002e-15,0.0
DreadPoor_Autumn_Dawn-8B-LINEAR,real_attachments/C_efficiency_evolution/detailed_results/DreadPoor_Autumn_Dawn-8B-LINEAR/results_2025-02-13T18-27-04.338360.json,False,DreadPoor/Autumn_Dawn-8B-LINEAR,autumndawn8blinear,35.845555124121006,24,18.580060422960727,7,35.845555124121006,18.580060422960727,0.0,0.0
DreadPoor_BaeZel-8B-LINEAR,real_attachments/C_efficiency_evolution/detailed_results/DreadPoor_BaeZel-8B-LINEAR/results_2025-02-13T18-27-04.338360.json,False,DreadPoor/BaeZel-8B-LINEAR,baezel8blinear,35.53537606986395,24,18.12688821752266,7,35.53537606986396,18.12688821752266,7.105427357601002e-15,0.0
DreadPoor_BaeZel-8B-Model_Stock,real_attachments/C_efficiency_evolution/detailed_results/DreadPoor_BaeZel-8B-Model_Stock/results_2025-02-13T18-27-04.338360.json,False,DreadPoor/BaeZel-8B-Model_Stock,baezel8bmodelstock,34.643632940053415,24,16.389728096676738,7,34.643632940053415,16.389728096676738,0.0,0.0
DreadPoor_BaeZel_V2-8B-Model_Stock,real_attachments/C_efficiency_evolution/detailed_results/DreadPoor_BaeZel_V2-8B-Model_Stock/results_2025-02-13T18-27-04.338360.json,False,DreadPoor/BaeZel_V2-8B-Model_Stock,baezelv28bmodelstock,34.4487493680143,24,17.97583081570997,7,34.4487493680143,17.97583081570997,0.0,0.0
DreadPoor_BaeZel_V2_ALT-8B-Model_Stock,real_attachments/C_efficiency_evolution/detailed_results/DreadPoor_BaeZel_V2_ALT-8B-Model_Stock/results_2025-02-13T18-27-04.338360.json,False,DreadPoor/BaeZel_V2_ALT-8B-Model_Stock,baezelv2alt8bmodelstock,34.4487493680143,24,17.97583081570997,7,34.4487493680143,17.97583081570997,0.0,0.0
DreadPoor_BaeZel_V3-8B-Model_Stock,real_attachments/C_efficiency_evolution/detailed_results/DreadPoor_BaeZel_V3-8B-Model_Stock/results_2025-02-13T18-27-04.338360.json,False,DreadPoor/BaeZel_V3-8B-Model_Stock,baezelv38bmodelstock,34.408658796480346,24,18.957703927492446,7,34.408658796480346,18.95770392749245,0.0,3.552713678800501e-15
DreadPoor_Blunt_Edge-8B-SLERP,real_attachments/C_efficiency_evolution/detailed_results/DreadPoor_Blunt_Edge-8B-SLERP/results_2025-02-13T18-27-04.338360.json,False,DreadPoor/Blunt_Edge-8B-SLERP,bluntedge8bslerp,34.14138253488904,24,18.580060422960727,7,34.14138253488904,18.580060422960727,0.0,0.0
DreadPoor_BulkUp,real_attachments/C_efficiency_evolution/detailed_results/DreadPoor_BulkUp/results_2025-02-13T18-27-04.338360.json,False,DreadPoor/BulkUp,bulkup,1.6612873090290494,24,0.0,7,1.6612873090290492,0.0,2.220446049250313e-16,0.0
DreadPoor_Cadence-8B-LINEAR,real_attachments/C_efficiency_evolution/detailed_results/DreadPoor_Cadence-8B-LINEAR/results_2025-02-25T20-04-11.601267.json,False,DreadPoor/Cadence-8B-LINEAR,cadence8blinear,34.91438034886251,24,16.76737160120846,7,34.914380348862515,16.76737160120846,7.105427357601002e-15,0.0
DreadPoor_Caelid-8B-Model_Stock,real_attachments/C_efficiency_evolution/detailed_results/DreadPoor_Caelid-8B-Model_Stock/results_2025-02-13T18-27-04.338360.json,False,DreadPoor/Caelid-8B-Model_Stock,caelid8bmodelstock,35.23706805025388,24,15.105740181268882,7,35.23706805025389,15.105740181268882,7.105427357601002e-15,0.0
DreadPoor_Casuar-9B-Model_Stock,real_attachments/C_efficiency_evolution/detailed_results/DreadPoor_Casuar-9B-Model_Stock/results_2025-02-13T18-27-04.338360.json,False,DreadPoor/Casuar-9B-Model_Stock,casuar9bmodelstock,43.92726768312373,24,21.299093655589125,7,43.92726768312374,21.299093655589125,7.105427357601002e-15,0.0
DreadPoor_Condensed_Milk-8B-Model_Stock,real_attachments/C_efficiency_evolution/detailed_results/DreadPoor_Condensed_Milk-8B-Model_Stock/results_2025-02-13T18-27-04.338360.json,False,DreadPoor/Condensed_Milk-8B-Model_Stock,condensedmilk8bmodelstock,35.12062025244798,24,17.447129909365557,7,35.12062025244797,17.447129909365557,7.105427357601002e-15,0.0
DreadPoor_CoolerCoder-8B-LINEAR,real_attachments/C_efficiency_evolution/detailed_results/DreadPoor_CoolerCoder-8B-LINEAR/results_2025-02-13T18-27-04.338360.json,False,DreadPoor/CoolerCoder-8B-LINEAR,coolercoder8blinear,26.365382993394,24,7.930513595166164,7,26.365382993394,7.930513595166164,0.0,0.0
DreadPoor_Damasteel-8B-LINEAR,real_attachments/C_efficiency_evolution/detailed_results/DreadPoor_Damasteel-8B-LINEAR/results_2025-02-13T18-27-04.338360.json,False,DreadPoor/Damasteel-8B-LINEAR,damasteel8blinear,34.10613777622062,24,16.691842900302113,7,34.10613777622061,16.691842900302113,7.105427357601002e-15,0.0
DreadPoor_Dearly_Beloved-8B-TIES,real_attachments/C_efficiency_evolution/detailed_results/DreadPoor_Dearly_Beloved-8B-TIES/results_2025-02-13T18-27-04.338360.json,False,DreadPoor/Dearly_Beloved-8B-TIES,dearlybeloved8bties,16.67181299324798,24,21.148036253776432,7,16.671812993247975,21.148036253776432,3.552713678800501e-15,0.0
DreadPoor_Decayed-8B-LINEAR,real_attachments/C_efficiency_evolution/detailed_results/DreadPoor_Decayed-8B-LINEAR/results_2025-02-25T20-09-22.458828.json,False,DreadPoor/Decayed-8B-LINEAR,decayed8blinear,34.490500759556504,24,17.14501510574018,7,34.490500759556504,17.14501510574018,0.0,0.0
DreadPoor_Derivative-8B-Model_Stock,real_attachments/C_efficiency_evolution/detailed_results/DreadPoor_Derivative-8B-Model_Stock/results_2025-02-13T18-27-04.338360.json,False,DreadPoor/Derivative-8B-Model_Stock,derivative8bmodelstock,34.248821021284016,24,17.900302114803626,7,34.248821021284016,17.900302114803626,0.0,0.0
DreadPoor_Derivative_V2-8B-Model_Stock,real_attachments/C_efficiency_evolution/detailed_results/DreadPoor_Derivative_V2-8B-Model_Stock/results_2025-02-13T18-27-04.338360.json,False,DreadPoor/Derivative_V2-8B-Model_Stock,derivativev28bmodelstock,34.49028104908971,24,17.97583081570997,7,34.49028104908971,17.97583081570997,0.0,0.0
DreadPoor_Derivative_V2_ALT-8B-Model_Stock,real_attachments/C_efficiency_evolution/detailed_results/DreadPoor_Derivative_V2_ALT-8B-Model_Stock/results_2025-02-13T18-27-04.338360.json,False,DreadPoor/Derivative_V2_ALT-8B-Model_Stock,derivativev2alt8bmodelstock,34.09335381950132,24,18.806646525679756,7,34.09335381950132,18.80664652567976,0.0,3.552713678800501e-15
DreadPoor_Derivative_V3-8B-Model_Stock,real_attachments/C_efficiency_evolution/detailed_results/DreadPoor_Derivative_V3-8B-Model_Stock/results_2025-02-13T18-27-04.338360.json,False,DreadPoor/Derivative_V3-8B-Model_Stock,derivativev38bmodelstock,32.42070195179438,24,14.652567975830816,7,32.42070195179438,14.652567975830816,0.0,0.0
DreadPoor_Elusive_Dragon_Heart-8B-LINEAR,real_attachments/C_efficiency_evolution/detailed_results/DreadPoor_Elusive_Dragon_Heart-8B-LINEAR/results_2025-02-13T18-27-04.338360.json,False,DreadPoor/Elusive_Dragon_Heart-8B-LINEAR,elusivedragonheart8blinear,35.31017141761392,24,14.803625377643503,7,35.31017141761393,14.803625377643504,7.105427357601002e-15,1.7763568394002505e-15
DreadPoor_Emu_Eggs-9B-Model_Stock,real_attachments/C_efficiency_evolution/detailed_results/DreadPoor_Emu_Eggs-9B-Model_Stock/results_2025-02-13T18-27-04.338360.json,False,DreadPoor/Emu_Eggs-9B-Model_Stock,emueggs9bmodelstock,42.783674159620205,24,20.996978851963746,7,42.783674159620205,20.996978851963743,0.0,3.552713678800501e-15
DreadPoor_Eunoia_Vespera-8B-LINEAR,real_attachments/C_efficiency_evolution/detailed_results/DreadPoor_Eunoia_Vespera-8B-LINEAR/results_2025-02-13T18-27-04.338360.json,False,DreadPoor/Eunoia_Vespera-8B-LINEAR,eunoiavespera8blinear,34.21610348917685,24,15.407854984894259,7,34.21610348917685,15.40785498489426,0.0,1.7763568394002505e-15
DreadPoor_Fu_sion_HA-8B-SLERP,real_attachments/C_efficiency_evolution/detailed_results/DreadPoor_Fu_sion_HA-8B-SLERP/results_2025-02-13T18-27-04.338360.json,False,DreadPoor/Fu_sion_HA-8B-SLERP,fusionha8bslerp,34.05290214273218,24,17.522658610271904,7,34.05290214273217,17.522658610271904,7.105427357601002e-15,0.0
DreadPoor_HOT_STINKING_GARBAGE,real_attachments/C_efficiency_evolution/detailed_results/DreadPoor_HOT_STINKING_GARBAGE/results_2025-02-13T18-27-04.338360.json,False,DreadPoor/HOT_STINKING_GARBAGE,hotstinkinggarbage,27.851418136508794,24,6.722054380664652,7,27.851418136508787,6.722054380664652,7.105427357601002e-15,0.0
DreadPoor_H_the_eighth-8B-LINEAR,real_attachments/C_efficiency_evolution/detailed_results/DreadPoor_H_the_eighth-8B-LINEAR/results_2025-03-06T15-42-24.897731.json,False,DreadPoor/H_the_eighth-8B-LINEAR,htheeighth8blinear,34.154244989986246,24,17.749244712990937,7,34.15424498998624,17.749244712990937,7.105427357601002e-15,0.0
DreadPoor_Happy_New_Year-8B-Model_Stock,real_attachments/C_efficiency_evolution/detailed_results/DreadPoor_Happy_New_Year-8B-Model_Stock/results_2025-02-13T18-27-04.338360.json,False,DreadPoor/Happy_New_Year-8B-Model_Stock,happynewyear8bmodelstock,34.00006494069371,24,15.93655589123867,7,34.00006494069371,15.93655589123867,0.0,0.0
DreadPoor_Heart_Stolen-8B-Model_Stock,real_attachments/C_efficiency_evolution/detailed_results/DreadPoor_Heart_Stolen-8B-Model_Stock/results_2025-02-13T18-27-04.338360.json,False,DreadPoor/Heart_Stolen-8B-Model_Stock,heartstolen8bmodelstock,34.444821646204886,24,17.220543806646525,7,34.44482164620488,17.220543806646525,7.105427357601002e-15,0.0
DreadPoor_Heart_Stolen-ALT-8B-Model_Stock,real_attachments/C_efficiency_evolution/detailed_results/DreadPoor_Heart_Stolen-ALT-8B-Model_Stock/results_2025-02-13T18-27-04.338360.json,False,DreadPoor/Heart_Stolen-ALT-8B-Model_Stock,heartstolenalt8bmodelstock,32.35442445647248,24,15.63444108761329,7,32.354424456472486,15.634441087613292,7.105427357601002e-15,1.7763568394002505e-15
DreadPoor_Here_We_Go_Again-8B-SLERP,real_attachments/C_efficiency_evolution/detailed_results/DreadPoor_Here_We_Go_Again-8B-SLERP/results_2025-02-13T18-27-04.338360.json,False,DreadPoor/Here_We_Go_Again-8B-SLERP,herewegoagain8bslerp,35.53148620432186,24,17.29607250755287,7,35.53148620432186,17.29607250755287,0.0,0.0
DreadPoor_Howdy-8B-LINEAR,real_attachments/C_efficiency_evolution/detailed_results/DreadPoor_Howdy-8B-LINEAR/results_2025-02-13T18-27-04.338360.json,False,DreadPoor/Howdy-8B-LINEAR,howdy8blinear,34.22706196535763,24,17.749244712990937,7,34.22706196535763,17.749244712990937,0.0,0.0
DreadPoor_Incidental-8B-Model_Stock,real_attachments/C_efficiency_evolution/detailed_results/DreadPoor_Incidental-8B-Model_Stock/results_2025-02-13T18-27-04.338360.json,False,DreadPoor/Incidental-8B-Model_Stock,incidental8bmodelstock,35.15766080254052,24,16.1631419939577,7,35.15766080254052,16.1631419939577,0.0,0.0
DreadPoor_Irina-8B-model_stock,real_attachments/C_efficiency_evolution/detailed_results/DreadPoor_Irina-8B-model_stock/results_2025-02-13T18-27-04.338360.json,False,DreadPoor/Irina-8B-model_stock,irina8bmodelstock,32.08833034979686,24,10.196374622356496,7,32.08833034979686,10.196374622356496,0.0,0.0
DreadPoor_Kindling-8B-Model_Stock,real_attachments/C_efficiency_evolution/detailed_results/DreadPoor_Kindling-8B-Model_Stock/results_2025-02-13T18-27-04.338360.json,False,DreadPoor/Kindling-8B-Model_Stock,kindling8bmodelstock,35.77883534009465,24,17.522658610271904,7,35.77883534009465,17.522658610271904,0.0,0.0
DreadPoor_L3.1-BaeZel-8B-Della,real_attachments/C_efficiency_evolution/detailed_results/DreadPoor_L3.1-BaeZel-8B-Della/results_2025-02-13T18-27-04.338360.json,False,DreadPoor/L3.1-BaeZel-8B-Della,l31baezel8bdella,35.15745504522052,24,17.447129909365557,7,35.15745504522053,17.447129909365557,7.105427357601002e-15,0.0
DreadPoor_Laughing_Stock-8B-Model_Stock,real_attachments/C_efficiency_evolution/detailed_results/DreadPoor_Laughing_Stock-8B-Model_Stock/results_2025-02-13T18-27-04.338360.json,False,DreadPoor/Laughing_Stock-8B-Model_Stock,laughingstock8bmodelstock,34.93824337423677,24,15.785498489425981,7,34.93824337423678,15.78549848942598,7.105427357601002e-15,1.7763568394002505e-15
DreadPoor_Lava_Lamp-8B-SLERP,real_attachments/C_efficiency_evolution/detailed_results/DreadPoor_Lava_Lamp-8B-SLERP/results_2025-02-13T18-27-04.338360.json,False,DreadPoor/Lava_Lamp-8B-SLERP,lavalamp8bslerp,33.80273419922957,24,17.371601208459214,7,33.802734199229576,17.371601208459214,7.105427357601002e-15,0.0
DreadPoor_LemonP-8B-Model_Stock,real_attachments/C_efficiency_evolution/detailed_results/DreadPoor_LemonP-8B-Model_Stock/results_2025-02-13T18-27-04.338360.json,False,DreadPoor/LemonP-8B-Model_Stock,lemonp8bmodelstock,35.371476735853804,24,17.673716012084594,7,35.371476735853804,17.673716012084594,0.0,0.0
DreadPoor_Lydia_of_Whiterun-8B-LINEAR,real_attachments/C_efficiency_evolution/detailed_results/DreadPoor_Lydia_of_Whiterun-8B-LINEAR/results_2025-02-26T06-05-04.586560.json,False,DreadPoor/Lydia_of_Whiterun-8B-LINEAR,lydiaofwhiterun8blinear,33.869087336818886,24,17.673716012084594,7,33.86908733681889,17.673716012084594,7.105427357601002e-15,0.0
DreadPoor_Machroom-3B-model_stock,real_attachments/C_efficiency_evolution/detailed_results/DreadPoor_Machroom-3B-model_stock/results_2024-07-25T13-13-48.957746.json,False,DreadPoor/Machroom-3B-model_stock,machroom3bmodelstock,11.998773582459695,24,2.416918429003021,7,,,,
DreadPoor_Matryoshka-8B-LINEAR,real_attachments/C_efficiency_evolution/detailed_results/DreadPoor_Matryoshka-8B-LINEAR/results_2025-02-13T18-27-04.338360.json,False,DreadPoor/Matryoshka-8B-LINEAR,matryoshka8blinear,35.110911704209016,24,17.522658610271904,7,35.110911704209016,17.522658610271904,0.0,0.0
DreadPoor_Mercury_In_Retrograde-8b-Model-Stock,real_attachments/C_efficiency_evolution/detailed_results/DreadPoor_Mercury_In_Retrograde-8b-Model-Stock/results_2025-02-13T18-27-04.338360.json,False,DreadPoor/Mercury_In_Retrograde-8b-Model-Stock,mercuryinretrograde8bmodelstock,34.38486477258895,24,16.46525679758308,7,34.38486477258895,16.46525679758308,0.0,0.0
DreadPoor_Minthy-8B-Model_Stock,real_attachments/C_efficiency_evolution/detailed_results/DreadPoor_Minthy-8B-Model_Stock/results_2025-02-13T18-27-04.338360.json,False,DreadPoor/Minthy-8B-Model_Stock,minthy8bmodelstock,34.17002969063863,24,19.184290030211482,7,34.17002969063864,19.18429003021148,1.4210854715202004e-14,3.552713678800501e-15
DreadPoor_Minthy_ALT-8B-Model_Stock,real_attachments/C_efficiency_evolution/detailed_results/DreadPoor_Minthy_ALT-8B-Model_Stock/results_2025-02-13T18-27-04.338360.json,False,DreadPoor/Minthy_ALT-8B-Model_Stock,minthyalt8bmodelstock,34.16825686462601,24,17.598187311178247,7,34.16825686462601,17.598187311178247,0.0,0.0
DreadPoor_Minthy_V2-8B-Model_Stock,real_attachments/C_efficiency_evolution/detailed_results/DreadPoor_Minthy_V2-8B-Model_Stock/results_2025-02-13T18-27-04.338360.json,False,DreadPoor/Minthy_V2-8B-Model_Stock,minthyv28bmodelstock,35.82274773153525,24,15.93655589123867,7,35.82274773153525,15.93655589123867,0.0,0.0
DreadPoor_Minus_Penus-8B-Model_Stock,real_attachments/C_efficiency_evolution/detailed_results/DreadPoor_Minus_Penus-8B-Model_Stock/results_2025-03-07T16-10-05.679943.json,False,DreadPoor/Minus_Penus-8B-Model_Stock,minuspenus8bmodelstock,33.57084078325774,24,20.01510574018127,7,33.57084078325773,20.01510574018127,7.105427357601002e-15,0.0
DreadPoor_Morphing-8B-Model_Stock,real_attachments/C_efficiency_evolution/detailed_results/DreadPoor_Morphing-8B-Model_Stock/results_2025-01-14T22-41-03.161406.json,False,DreadPoor/Morphing-8B-Model_Stock,morphing8bmodelstock,34.45242092050773,24,18.35347432024169,7,34.452420920507734,18.882175226586103,7.105427357601002e-15,0.5287009063444117
DreadPoor_Not_Even_My_Final_Form-8B-Model_Stock,real_attachments/C_efficiency_evolution/detailed_results/DreadPoor_Not_Even_My_Final_Form-8B-Model_Stock/results_2025-02-13T18-27-04.338360.json,False,DreadPoor/Not_Even_My_Final_Form-8B-Model_Stock,notevenmyfinalform8bmodelstock,33.719014468200854,24,17.598187311178247,7,33.71901446820086,17.598187311178247,7.105427357601002e-15,0.0
DreadPoor_Nother_One-8B-Model_Stock,real_attachments/C_efficiency_evolution/detailed_results/DreadPoor_Nother_One-8B-Model_Stock/results_2025-02-13T18-27-04.338360.json,False,DreadPoor/Nother_One-8B-Model_Stock,notherone8bmodelstock,31.92112823138842,24,15.181268882175228,7,31.92112823138842,15.181268882175228,0.0,0.0
DreadPoor_Noxis-8B-LINEAR,real_attachments/C_efficiency_evolution/detailed_results/DreadPoor_Noxis-8B-LINEAR/results_2025-03-13T18-41-06.692706.json,False,DreadPoor/Noxis-8B-LINEAR,noxis8blinear,34.8222565522494,24,19.788519637462233,7,34.8222565522494,19.78851963746224,0.0,7.105427357601002e-15
DreadPoor_Nullsworn-12B-LINEAR,real_attachments/C_efficiency_evolution/detailed_results/DreadPoor_Nullsworn-12B-LINEAR/results_2025-03-10T22-33-42.048008.json,False,DreadPoor/Nullsworn-12B-LINEAR,nullsworn12blinear,35.512408576647644,24,11.253776435045317,7,35.51240857664764,11.253776435045316,7.105427357601002e-15,1.7763568394002505e-15
DreadPoor_Nwah-8B-Model_Stock,real_attachments/C_efficiency_evolution/detailed_results/DreadPoor_Nwah-8B-Model_Stock/results_2025-02-27T09-24-09.065204.json,False,DreadPoor/Nwah-8B-Model_Stock,nwah8bmodelstock,34.11306781436336,24,17.97583081570997,7,34.11306781436337,17.97583081570997,7.105427357601002e-15,0.0
DreadPoor_ONeil-model_stock-8B,real_attachments/C_efficiency_evolution/detailed_results/DreadPoor_ONeil-model_stock-8B/results_2025-02-13T18-27-04.338360.json,False,DreadPoor/ONeil-model_stock-8B,oneilmodelstock8b,36.4126125295027,24,10.120845921450151,7,36.4126125295027,10.120845921450153,0.0,1.7763568394002505e-15
DreadPoor_Oh_Boy-8B-LINEAR,real_attachments/C_efficiency_evolution/detailed_results/DreadPoor_Oh_Boy-8B-LINEAR/results_2025-02-13T18-27-04.338360.json,False,DreadPoor/Oh_Boy-8B-LINEAR,ohboy8blinear,34.14329045372283,24,17.82477341389728,7,34.14329045372282,17.82477341389728,7.105427357601002e-15,0.0
DreadPoor_OrangeJ-8B-Model_Stock,real_attachments/C_efficiency_evolution/detailed_results/DreadPoor_OrangeJ-8B-Model_Stock/results_2025-02-13T18-27-04.338360.json,False,DreadPoor/OrangeJ-8B-Model_Stock,orangej8bmodelstock,35.15080738484264,24,17.598187311178247,7,35.15080738484264,17.598187311178247,0.0,0.0
DreadPoor_Promissum_Mane-8B-LINEAR,real_attachments/C_efficiency_evolution/detailed_results/DreadPoor_Promissum_Mane-8B-LINEAR/results_2025-02-13T18-27-04.338360.json,False,DreadPoor/Promissum_Mane-8B-LINEAR,promissummane8blinear,35.25319023111753,24,15.558912386706947,7,35.253190231117536,15.55891238670695,7.105427357601002e-15,3.552713678800501e-15
DreadPoor_Promissum_Mane-8B-LINEAR-lorablated,real_attachments/C_efficiency_evolution/detailed_results/DreadPoor_Promissum_Mane-8B-LINEAR-lorablated/results_2025-02-13T18-27-04.338360.json,False,DreadPoor/Promissum_Mane-8B-LINEAR-lorablated,promissummane8blinearlorablated,34.60910725048443,24,15.332326283987916,7,34.60910725048443,15.332326283987916,0.0,0.0
DreadPoor_RPMash-8B-Model_Stock,real_attachments/C_efficiency_evolution/detailed_results/DreadPoor_RPMash-8B-Model_Stock/results_2025-02-13T18-27-04.338360.json,False,DreadPoor/RPMash-8B-Model_Stock,rpmash8bmodelstock,31.112591631105513,24,10.80060422960725,7,31.11259163110552,10.80060422960725,7.105427357601002e-15,0.0
DreadPoor_RPMash_V3-8B-Model_Stock,real_attachments/C_efficiency_evolution/detailed_results/DreadPoor_RPMash_V3-8B-Model_Stock/results_2025-02-13T18-27-04.338360.json,False,DreadPoor/RPMash_V3-8B-Model_Stock,rpmashv38bmodelstock,31.99104716376097,24,10.42296072507553,7,31.99104716376097,10.42296072507553,0.0,0.0
DreadPoor_Rusted_Gold-8B-LINEAR,real_attachments/C_efficiency_evolution/detailed_results/DreadPoor_Rusted_Gold-8B-LINEAR/results_2025-03-07T18-29-34.818596.json,False,DreadPoor/Rusted_Gold-8B-LINEAR,rustedgold8blinear,34.12086145705898,24,19.335347432024168,7,34.12086145705898,19.335347432024168,0.0,0.0
DreadPoor_Rusted_Platinum-8B-LINEAR,real_attachments/C_efficiency_evolution/detailed_results/DreadPoor_Rusted_Platinum-8B-LINEAR/results_2025-03-06T22-38-56.474512.json,False,DreadPoor/Rusted_Platinum-8B-LINEAR,rustedplatinum8blinear,34.78573450204922,24,17.220543806646525,7,34.78573450204923,17.220543806646525,7.105427357601002e-15,0.0
DreadPoor_Rusted_Platinum-8B-Model_Stock,real_attachments/C_efficiency_evolution/detailed_results/DreadPoor_Rusted_Platinum-8B-Model_Stock/results_2025-03-06T20-43-28.942442.json,False,DreadPoor/Rusted_Platinum-8B-Model_Stock,rustedplatinum8bmodelstock,32.36931288487491,24,10.196374622356496,7,32.36931288487491,10.196374622356496,0.0,0.0
DreadPoor_Sellen-8B-model_stock,real_attachments/C_efficiency_evolution/detailed_results/DreadPoor_Sellen-8B-model_stock/results_2025-02-13T18-27-04.338360.json,False,DreadPoor/Sellen-8B-model_stock,sellen8bmodelstock,31.360979314370695,24,13.36858006042296,7,31.3609793143707,13.36858006042296,3.552713678800501e-15,0.0
DreadPoor_Something-8B-Model_Stock,real_attachments/C_efficiency_evolution/detailed_results/DreadPoor_Something-8B-Model_Stock/results_2025-02-13T18-27-04.338360.json,False,DreadPoor/Something-8B-Model_Stock,something8bmodelstock,34.539896807500135,24,17.97583081570997,7,34.539896807500135,17.97583081570997,0.0,0.0
DreadPoor_Spring_Dusk-8B-SCE,real_attachments/C_efficiency_evolution/detailed_results/DreadPoor_Spring_Dusk-8B-SCE/results_2025-02-13T18-27-04.338360.json,False,DreadPoor/Spring_Dusk-8B-SCE,springdusk8bsce,37.76481840522523,24,7.628398791540786,7,37.76481840522523,7.628398791540786,0.0,0.0
DreadPoor_Summer_Dawn-8B-SCE,real_attachments/C_efficiency_evolution/detailed_results/DreadPoor_Summer_Dawn-8B-SCE/results_2025-02-13T18-27-04.338360.json,False,DreadPoor/Summer_Dawn-8B-SCE,summerdawn8bsce,34.62851818112924,24,17.220543806646525,7,34.62851818112923,17.220543806646525,7.105427357601002e-15,0.0
DreadPoor_Summer_Dusk-8B-TIES,real_attachments/C_efficiency_evolution/detailed_results/DreadPoor_Summer_Dusk-8B-TIES/results_2025-02-13T18-27-04.338360.json,False,DreadPoor/Summer_Dusk-8B-TIES,summerdusk8bties,33.83081371910365,24,18.051359516616312,7,33.83081371910365,18.051359516616312,0.0,0.0
DreadPoor_Summer_Rain-8B-SCE,real_attachments/C_efficiency_evolution/detailed_results/DreadPoor_Summer_Rain-8B-SCE/results_2025-02-13T18-27-04.338360.json,False,DreadPoor/Summer_Rain-8B-SCE,summerrain8bsce,40.61854240395791,24,7.02416918429003,7,40.61854240395792,7.02416918429003,7.105427357601002e-15,0.0
DreadPoor_Summer_Rain-8B-TIES,real_attachments/C_efficiency_evolution/detailed_results/DreadPoor_Summer_Rain-8B-TIES/results_2025-02-13T18-27-04.338360.json,False,DreadPoor/Summer_Rain-8B-TIES,summerrain8bties,40.61854240395791,24,7.02416918429003,7,40.61854240395792,7.02416918429003,7.105427357601002e-15,0.0
DreadPoor_Sun-8B-Model_Stock,real_attachments/C_efficiency_evolution/detailed_results/DreadPoor_Sun-8B-Model_Stock/results_2025-02-13T18-27-04.338360.json,False,DreadPoor/Sun-8B-Model_Stock,sun8bmodelstock,32.954595045664995,24,20.996978851963746,7,32.954595045665,20.996978851963743,7.105427357601002e-15,3.552713678800501e-15
DreadPoor_Sweetened_Condensed_Milk-8B-Model_Stock,real_attachments/C_efficiency_evolution/detailed_results/DreadPoor_Sweetened_Condensed_Milk-8B-Model_Stock/results_2025-02-13T18-27-04.338360.json,False,DreadPoor/Sweetened_Condensed_Milk-8B-Model_Stock,sweetenedcondensedmilk8bmodelstock,34.670888066076664,24,18.731117824773413,7,34.670888066076664,18.731117824773413,0.0,0.0
DreadPoor_TEST02-Ignore,real_attachments/C_efficiency_evolution/detailed_results/DreadPoor_TEST02-Ignore/results_2025-02-13T18-27-04.338360.json,False,DreadPoor/TEST02-Ignore,test02ignore,37.132187836027,24,8.685800604229607,7,37.13218783602701,8.685800604229607,7.105427357601002e-15,0.0
DreadPoor_TEST03-ignore,real_attachments/C_efficiency_evolution/detailed_results/DreadPoor_TEST03-ignore/results_2025-02-13T18-27-04.338360.json,False,DreadPoor/TEST03-ignore,test03ignore,34.38735467240193,24,16.540785498489427,7,34.38735467240193,16.540785498489427,0.0,0.0
DreadPoor_TEST06-ignore,real_attachments/C_efficiency_evolution/detailed_results/DreadPoor_TEST06-ignore/results_2025-02-13T18-27-04.338360.json,False,DreadPoor/TEST06-ignore,test06ignore,35.92411184894726,24,11.782477341389729,7,35.92411184894727,11.782477341389727,7.105427357601002e-15,1.7763568394002505e-15
DreadPoor_TEST07-ignore,real_attachments/C_efficiency_evolution/detailed_results/DreadPoor_TEST07-ignore/results_2025-02-13T18-27-04.338360.json,False,DreadPoor/TEST07-ignore,test07ignore,36.88142926288663,24,16.616314199395767,7,36.88142926288663,16.61631419939577,0.0,3.552713678800501e-15
DreadPoor_TEST08-ignore,real_attachments/C_efficiency_evolution/detailed_results/DreadPoor_TEST08-ignore/results_2025-02-13T18-27-04.338360.json,False,DreadPoor/TEST08-ignore,test08ignore,35.35061865878467,24,18.202416918429005,7,35.35061865878467,18.202416918429005,0.0,0.0
DreadPoor_Trinas_Nectar-8B-model_stock,real_attachments/C_efficiency_evolution/detailed_results/DreadPoor_Trinas_Nectar-8B-model_stock/results_2025-02-13T18-27-04.338360.json,False,DreadPoor/Trinas_Nectar-8B-model_stock,trinasnectar8bmodelstock,31.97509368554489,24,15.256797583081571,7,31.97509368554489,15.256797583081571,0.0,0.0
DreadPoor_UNTESTED-VENN_1.2-8B-Model_Stock,real_attachments/C_efficiency_evolution/detailed_results/DreadPoor_UNTESTED-VENN_1.2-8B-Model_Stock/results_2025-02-13T18-27-04.338360.json,False,DreadPoor/UNTESTED-VENN_1.2-8B-Model_Stock,untestedvenn128bmodelstock,35.42709875648992,24,15.407854984894259,7,35.427098756489926,15.40785498489426,7.105427357601002e-15,1.7763568394002505e-15
DreadPoor_VENN_1.2-8B-Model_Stock,real_attachments/C_efficiency_evolution/detailed_results/DreadPoor_VENN_1.2-8B-Model_Stock/results_2025-02-13T18-27-04.338360.json,False,DreadPoor/VENN_1.2-8B-Model_Stock,venn128bmodelstock,35.12536864211715,24,17.069486404833835,7,35.12536864211717,17.069486404833835,1.4210854715202004e-14,0.0
DreadPoor_WIP-Acacia-8B-Model_Stock,real_attachments/C_efficiency_evolution/detailed_results/DreadPoor_WIP-Acacia-8B-Model_Stock/results_2025-02-13T18-27-04.338360.json,False,DreadPoor/WIP-Acacia-8B-Model_Stock,wipacacia8bmodelstock,31.162352922428386,24,16.691842900302113,7,31.162352922428383,16.691842900302113,3.552713678800501e-15,0.0
DreadPoor_WIP_Damascus-8B-TIES,real_attachments/C_efficiency_evolution/detailed_results/DreadPoor_WIP_Damascus-8B-TIES/results_2025-02-13T18-27-04.338360.json,False,DreadPoor/WIP_Damascus-8B-TIES,wipdamascus8bties,34.52230581565854,24,16.540785498489427,7,34.52230581565854,16.540785498489427,0.0,0.0
DreadPoor_Wannabe-8B-Model_Stock,real_attachments/C_efficiency_evolution/detailed_results/DreadPoor_Wannabe-8B-Model_Stock/results_2025-02-13T18-27-04.338360.json,False,DreadPoor/Wannabe-8B-Model_Stock,wannabe8bmodelstock,34.278852846231906,24,17.749244712990937,7,34.278852846231906,17.749244712990937,0.0,0.0
DreadPoor_What_A_Thrill-8B-Model_Stock,real_attachments/C_efficiency_evolution/detailed_results/DreadPoor_What_A_Thrill-8B-Model_Stock/results_2025-02-13T18-27-04.338360.json,False,DreadPoor/What_A_Thrill-8B-Model_Stock,whatathrill8bmodelstock,32.94877726470522,24,18.202416918429005,7,32.94877726470522,18.202416918429005,0.0,0.0
DreadPoor_Winter-8B-SCE,real_attachments/C_efficiency_evolution/detailed_results/DreadPoor_Winter-8B-SCE/results_2025-02-13T18-27-04.338360.json,False,DreadPoor/Winter-8B-SCE,winter8bsce,32.53825480363242,24,19.184290030211482,7,32.53825480363242,19.18429003021148,0.0,3.552713678800501e-15
DreadPoor_Winter_Dawn-8B-TIES,real_attachments/C_efficiency_evolution/detailed_results/DreadPoor_Winter_Dawn-8B-TIES/results_2025-02-01T16-17-05.641334.json,True,DreadPoor/Winter_Dawn-8B-TIES,winterdawn8bties,33.71410059102799,24,17.522658610271904,7,33.71410059102799,18.580060422960727,0.0,1.0574018126888234
DreadPoor_Winter_Dusk-8B-TIES,real_attachments/C_efficiency_evolution/detailed_results/DreadPoor_Winter_Dusk-8B-TIES/results_2025-02-13T18-27-04.338360.json,False,DreadPoor/Winter_Dusk-8B-TIES,winterdusk8bties,28.22781538216535,24,7.175226586102719,7,28.22781538216536,7.175226586102719,1.0658141036401503e-14,0.0
DreadPoor_Winter_Night-8B-Model_Stock,real_attachments/C_efficiency_evolution/detailed_results/DreadPoor_Winter_Night-8B-Model_Stock/results_2025-02-18T19-05-03.458954.json,False,DreadPoor/Winter_Night-8B-Model_Stock,winternight8bmodelstock,31.60427414805736,24,14.577039274924472,7,31.604274148057367,14.577039274924472,7.105427357601002e-15,0.0
DreadPoor_Yafune-8B-Model_Stock,real_attachments/C_efficiency_evolution/detailed_results/DreadPoor_Yafune-8B-Model_Stock/results_2025-02-24T16-41-29.051993.json,False,DreadPoor/Yafune-8B-Model_Stock,yafune8bmodelstock,35.29123009826161,24,16.61631419939577,7,35.2912300982616,16.61631419939577,7.105427357601002e-15,0.0
DreadPoor_Yearn_V3-8B-Model_Stock,real_attachments/C_efficiency_evolution/detailed_results/DreadPoor_Yearn_V3-8B-Model_Stock/results_2025-02-13T18-27-04.338360.json,False,DreadPoor/Yearn_V3-8B-Model_Stock,yearnv38bmodelstock,33.41239643429133,24,18.957703927492446,7,33.41239643429133,18.95770392749245,0.0,3.552713678800501e-15
DreadPoor_ZEUS-8B-V17-Abliterated_ALT,real_attachments/C_efficiency_evolution/detailed_results/DreadPoor_ZEUS-8B-V17-Abliterated_ALT/results_2025-02-13T18-27-04.338360.json,False,DreadPoor/ZEUS-8B-V17-Abliterated_ALT,zeus8bv17abliteratedalt,32.2576119397764,24,19.033232628398792,7,32.2576119397764,19.033232628398792,0.0,0.0
DreadPoor_Zelus-8B-Model_Stock,real_attachments/C_efficiency_evolution/detailed_results/DreadPoor_Zelus-8B-Model_Stock/results_2025-02-13T18-27-04.338360.json,False,DreadPoor/Zelus-8B-Model_Stock,zelus8bmodelstock,33.05816146454602,24,16.46525679758308,7,33.05816146454601,16.46525679758308,7.105427357601002e-15,0.0
DreadPoor_Zelus_V2-8B-Model_Stock,real_attachments/C_efficiency_evolution/detailed_results/DreadPoor_Zelus_V2-8B-Model_Stock/results_2025-02-13T18-27-04.338360.json,False,DreadPoor/Zelus_V2-8B-Model_Stock,zelusv28bmodelstock,33.66407644966964,24,20.54380664652568,7,33.66407644966964,20.54380664652568,0.0,0.0
DreadPoor_felix_dies-mistral-7B-model_stock,real_attachments/C_efficiency_evolution/detailed_results/DreadPoor_felix_dies-mistral-7B-model_stock/results_2025-02-13T18-27-04.338360.json,False,DreadPoor/felix_dies-mistral-7B-model_stock,felixdiesmistral7bmodelstock,28.890798050964488,24,5.362537764350453,7,28.890798050964488,5.362537764350453,0.0,0.0
DreadPoor_hakuchido-8B-MODEL_STOCK,real_attachments/C_efficiency_evolution/detailed_results/DreadPoor_hakuchido-8B-MODEL_STOCK/results_2025-02-27T14-30-59.823930.json,False,DreadPoor/hakuchido-8B-MODEL_STOCK,hakuchido8bmodelstock,34.575610505807134,24,19.486404833836858,7,34.575610505807134,19.486404833836858,0.0,0.0
DreadPoor_ichor-8B-Model_Stock,real_attachments/C_efficiency_evolution/detailed_results/DreadPoor_ichor-8B-Model_Stock/results_2025-03-03T05-09-40.415004.json,False,DreadPoor/ichor-8B-Model_Stock,ichor8bmodelstock,29.922368800073574,24,10.876132930513595,7,29.92236880007357,10.876132930513595,3.552713678800501e-15,0.0
DreadPoor_ichor_1.1-8B-Model_Stock,real_attachments/C_efficiency_evolution/detailed_results/DreadPoor_ichor_1.1-8B-Model_Stock/results_2025-03-06T05-28-40.569766.json,False,DreadPoor/ichor_1.1-8B-Model_Stock,ichor118bmodelstock,32.620749261897096,24,17.749244712990937,7,32.6207492618971,17.749244712990937,7.105427357601002e-15,0.0
DreadPoor_inexpertus-8B-Model_Stock,real_attachments/C_efficiency_evolution/detailed_results/DreadPoor_inexpertus-8B-Model_Stock/results_2025-03-07T04-36-48.980204.json,False,DreadPoor/inexpertus-8B-Model_Stock,inexpertus8bmodelstock,32.46337367951379,24,17.069486404833835,7,32.4633736795138,17.069486404833835,7.105427357601002e-15,0.0
DreadPoor_inexpertus_1.1-8B-LINEAR,real_attachments/C_efficiency_evolution/detailed_results/DreadPoor_inexpertus_1.1-8B-LINEAR/results_2025-03-07T19-46-05.126898.json,False,DreadPoor/inexpertus_1.1-8B-LINEAR,inexpertus118blinear,36.199191195409206,24,17.29607250755287,7,36.1991911954092,17.29607250755287,7.105427357601002e-15,0.0
DreadPoor_inexpertus_1.2-8B-LINEAR,real_attachments/C_efficiency_evolution/detailed_results/DreadPoor_inexpertus_1.2-8B-LINEAR/results_2025-03-08T03-04-56.665051.json,False,DreadPoor/inexpertus_1.2-8B-LINEAR,inexpertus128blinear,36.05652346278443,24,15.861027190332324,7,36.05652346278443,15.861027190332324,0.0,0.0
DreadPoor_mergekit-nuslerp-nqzkedi,real_attachments/C_efficiency_evolution/detailed_results/DreadPoor_mergekit-nuslerp-nqzkedi/results_2025-02-13T18-27-04.338360.json,False,DreadPoor/mergekit-nuslerp-nqzkedi,mergekitnuslerpnqzkedi,34.09522783768477,24,18.806646525679756,7,34.09522783768477,18.80664652567976,0.0,3.552713678800501e-15
DreadPoor_remember_to_breathe-8b-Model-Stock,real_attachments/C_efficiency_evolution/detailed_results/DreadPoor_remember_to_breathe-8b-Model-Stock/results_2025-02-13T18-27-04.338360.json,False,DreadPoor/remember_to_breathe-8b-Model-Stock,remembertobreathe8bmodelstock,34.67899076231628,24,14.879154078549849,7,34.67899076231628,14.879154078549847,0.0,1.7763568394002505e-15
DreadPoor_test,real_attachments/C_efficiency_evolution/detailed_results/DreadPoor_test/results_2025-02-13T18-27-04.338360.json,False,DreadPoor/test,test,34.28751436834826,24,19.335347432024168,7,34.28751436834826,19.335347432024168,0.0,0.0
DreadPoor_test_ALT,real_attachments/C_efficiency_evolution/detailed_results/DreadPoor_test_ALT/results_2025-02-13T18-27-04.338360.json,False,DreadPoor/test_ALT,testalt,33.986912493518574,24,17.069486404833835,7,33.986912493518574,17.069486404833835,0.0,0.0
DreadPoor_tests_pending-do_not_use_yet,real_attachments/C_efficiency_evolution/detailed_results/DreadPoor_tests_pending-do_not_use_yet/results_2025-02-13T18-27-04.338360.json,False,DreadPoor/tests_pending-do_not_use_yet,testspendingdonotuseyet,34.6745089445582,24,19.788519637462233,7,34.6745089445582,19.78851963746224,0.0,7.105427357601002e-15
EVA-UNIT-01_EVA-Qwen2.5-14B-v0.2,real_attachments/C_efficiency_evolution/detailed_results/EVA-UNIT-01_EVA-Qwen2.5-14B-v0.2/results_2025-02-13T18-27-04.338360.json,False,EVA-UNIT-01/EVA-Qwen2.5-14B-v0.2,evaqwen2514bv02,43.60784925797067,24,34.06344410876133,7,43.60784925797068,34.06344410876133,7.105427357601002e-15,0.0
EVA-UNIT-01_EVA-Qwen2.5-72B-v0.2,real_attachments/C_efficiency_evolution/detailed_results/EVA-UNIT-01_EVA-Qwen2.5-72B-v0.2/results_2024-11-28T01-23-33.473911.json,False,EVA-UNIT-01/EVA-Qwen2.5-72B-v0.2,evaqwen2572bv02,59.06673268286019,24,39.04833836858006,7,59.0667326828602,43.126888217522655,7.105427357601002e-15,4.078549848942593
Edgerunners_meta-llama-3-8b-instruct-hf-ortho-baukit-34fail-3000total-bf16,real_attachments/C_efficiency_evolution/detailed_results/Edgerunners_meta-llama-3-8b-instruct-hf-ortho-baukit-34fail-3000total-bf16/results_2025-02-01T09-23-19.367481.json,False,Edgerunners/meta-llama-3-8b-instruct-hf-ortho-baukit-34fail-3000total-bf16,metallama38binstructorthobaukit34fail3000totalbf16,28.25639185977421,24,8.308157099697885,7,28.25639185977421,9.06344410876133,0.0,0.7552870090634443
EleutherAI_gpt-j-6b,real_attachments/C_efficiency_evolution/detailed_results/EleutherAI_gpt-j-6b/results_2025-02-13T18-27-04.338360.json,False,EleutherAI/gpt-j-6b,gptj6b,4.912818068323685,24,1.3595166163141994,7,4.912818068323685,1.3595166163141994,0.0,0.0
EleutherAI_gpt-neo-1.3B,real_attachments/C_efficiency_evolution/detailed_results/EleutherAI_gpt-neo-1.3B/results_2025-02-13T18-27-04.338360.json,False,EleutherAI/gpt-neo-1.3B,gptneo13b,3.024569180930987,24,1.0574018126888218,7,3.024569180930987,1.0574018126888218,0.0,0.0
EleutherAI_gpt-neo-125m,real_attachments/C_efficiency_evolution/detailed_results/EleutherAI_gpt-neo-125m/results_2025-02-13T18-27-04.338360.json,False,EleutherAI/gpt-neo-125m,gptneo125m,3.4367389514267046,24,0.6042296072507553,7,3.436738951426704,0.6042296072507553,4.440892098500626e-16,0.0
EleutherAI_gpt-neo-2.7B,real_attachments/C_efficiency_evolution/detailed_results/EleutherAI_gpt-neo-2.7B/results_2025-02-13T18-27-04.338360.json,False,EleutherAI/gpt-neo-2.7B,gptneo27b,4.178602667081014,24,1.0574018126888218,7,4.178602667081014,1.0574018126888218,0.0,0.0
EleutherAI_gpt-neox-20b,real_attachments/C_efficiency_evolution/detailed_results/EleutherAI_gpt-neox-20b/results_2025-02-13T18-27-04.338360.json,False,EleutherAI/gpt-neox-20b,gptneox20b,4.929114201526899,24,1.3595166163141994,7,4.929114201526899,1.3595166163141994,0.0,0.0
EleutherAI_pythia-1.4b,real_attachments/C_efficiency_evolution/detailed_results/EleutherAI_pythia-1.4b/results_2025-02-13T18-27-04.338360.json,False,EleutherAI/pythia-1.4b,pythia14b,3.8789894789871036,24,1.5105740181268883,7,3.878989478987103,1.5105740181268883,4.440892098500626e-16,0.0
EleutherAI_pythia-12b,real_attachments/C_efficiency_evolution/detailed_results/EleutherAI_pythia-12b/results_2025-02-13T18-27-04.338360.json,False,EleutherAI/pythia-12b,pythia12b,4.9875310382905065,24,1.6616314199395772,7,4.987531038290507,1.6616314199395772,8.881784197001252e-16,0.0
EleutherAI_pythia-160m,real_attachments/C_efficiency_evolution/detailed_results/EleutherAI_pythia-160m/results_2025-02-13T18-27-04.338360.json,False,EleutherAI/pythia-160m,pythia160m,2.198832279508135,24,0.906344410876133,7,2.198832279508135,0.906344410876133,0.0,0.0
EleutherAI_pythia-1b,real_attachments/C_efficiency_evolution/detailed_results/EleutherAI_pythia-1b/results_2025-01-27T10-10-36.877664.json,False,EleutherAI/pythia-1b,pythia1b,2.2939863995762866,24,0.3021148036253776,7,2.2939863995762866,0.906344410876133,0.0,0.6042296072507554
EleutherAI_pythia-2.8b,real_attachments/C_efficiency_evolution/detailed_results/EleutherAI_pythia-2.8b/results_2025-02-13T18-27-04.338360.json,False,EleutherAI/pythia-2.8b,pythia28b,5.077786161905462,24,1.3595166163141994,7,5.077786161905462,1.3595166163141994,0.0,0.0
EleutherAI_pythia-410m,real_attachments/C_efficiency_evolution/detailed_results/EleutherAI_pythia-410m/results_2025-02-13T18-27-04.338360.json,False,EleutherAI/pythia-410m,pythia410m,2.7154281203357473,24,0.9818731117824773,7,2.715428120335748,0.9818731117824772,8.881784197001252e-16,1.1102230246251565e-16
EleutherAI_pythia-6.9b,real_attachments/C_efficiency_evolution/detailed_results/EleutherAI_pythia-6.9b/results_2024-06-16T22-34-46.256992.json,False,EleutherAI/pythia-6.9b,pythia69b,5.88163197981621,24,0.7552870090634441,7,5.88163197981621,1.4350453172205435,0.0,0.6797583081570994
Enno-Ai_EnnoAi-Pro-French-Llama-3-8B-v0.4,real_attachments/C_efficiency_evolution/detailed_results/Enno-Ai_EnnoAi-Pro-French-Llama-3-8B-v0.4/results_2024-07-22T09-45-37.259005.json,False,Enno-Ai/EnnoAi-Pro-French-Llama-3-8B-v0.4,ennoaiprofrenchllama38bv04,16.87592837498959,24,0.6042296072507553,7,16.875928374989595,3.625377643504532,3.552713678800501e-15,3.021148036253777
Enno-Ai_EnnoAi-Pro-Llama-3-8B,real_attachments/C_efficiency_evolution/detailed_results/Enno-Ai_EnnoAi-Pro-Llama-3-8B/results_2025-02-13T18-27-04.338360.json,False,Enno-Ai/EnnoAi-Pro-Llama-3-8B,ennoaiprollama38b,17.507545086854382,24,2.190332326283988,7,17.507545086854382,2.190332326283988,0.0,0.0
Enno-Ai_EnnoAi-Pro-Llama-3-8B-v0.3,real_attachments/C_efficiency_evolution/detailed_results/Enno-Ai_EnnoAi-Pro-Llama-3-8B-v0.3/results_2025-02-13T18-27-04.338360.json,False,Enno-Ai/EnnoAi-Pro-Llama-3-8B-v0.3,ennoaiprollama38bv03,16.66838555451938,24,4.833836858006042,7,16.668385554519382,4.833836858006042,3.552713678800501e-15,0.0
Enno-Ai_EnnoAi-Pro-Llama-3.1-8B-v0.9,real_attachments/C_efficiency_evolution/detailed_results/Enno-Ai_EnnoAi-Pro-Llama-3.1-8B-v0.9/results_2025-02-13T18-27-04.338360.json,False,Enno-Ai/EnnoAi-Pro-Llama-3.1-8B-v0.9,ennoaiprollama318bv09,17.498296374382825,24,3.7764350453172204,7,17.49829637438283,3.776435045317221,3.552713678800501e-15,4.440892098500626e-16
EnnoAi_EnnoAi-Pro-Llama-3.1-8B-v1.0,real_attachments/C_efficiency_evolution/detailed_results/EnnoAi_EnnoAi-Pro-Llama-3.1-8B-v1.0/results_2024-09-10T15-36-07.744412.json,False,EnnoAi/EnnoAi-Pro-Llama-3.1-8B-v1.0,ennoaiprollama318bv10,17.498296374382825,24,0.0,7,17.49829637438283,3.776435045317221,3.552713678800501e-15,3.776435045317221
Epiculous_Azure_Dusk-v0.2,real_attachments/C_efficiency_evolution/detailed_results/Epiculous_Azure_Dusk-v0.2/results_2025-02-13T18-27-04.338360.json,False,Epiculous/Azure_Dusk-v0.2,azureduskv02,17.39641439237934,24,2.9456193353474323,7,17.396414392379338,2.9456193353474323,3.552713678800501e-15,0.0
Epiculous_Crimson_Dawn-v0.2,real_attachments/C_efficiency_evolution/detailed_results/Epiculous_Crimson_Dawn-v0.2/results_2025-02-13T18-27-04.338360.json,False,Epiculous/Crimson_Dawn-v0.2,crimsondawnv02,21.688248513955266,24,4.305135951661631,7,21.68824851395527,4.305135951661631,3.552713678800501e-15,0.0
Epiculous_NovaSpark,real_attachments/C_efficiency_evolution/detailed_results/Epiculous_NovaSpark/results_2025-02-13T18-27-04.338360.json,False,Epiculous/NovaSpark,novaspark,29.52691068844395,24,15.181268882175228,7,29.52691068844395,15.181268882175228,0.0,0.0
Epiculous_Violet_Twilight-v0.2,real_attachments/C_efficiency_evolution/detailed_results/Epiculous_Violet_Twilight-v0.2/results_2024-10-24T00-00-00.000000.json,False,Epiculous/Violet_Twilight-v0.2,violettwilightv02,23.940537255901862,24,2.8700906344410875,7,23.94053725590186,2.870090634441088,3.552713678800501e-15,4.440892098500626e-16
EpistemeAI2_Athene-codegemma-2-7b-it-alpaca-v1.2,real_attachments/C_efficiency_evolution/detailed_results/EpistemeAI2_Athene-codegemma-2-7b-it-alpaca-v1.2/results_2024-09-02T14-11-04.110306.json,False,EpistemeAI2/Athene-codegemma-2-7b-it-alpaca-v1.2,athenecodegemma27bitalpacav12,18.97136977491295,24,3.3987915407854987,7,18.971369774912947,4.229607250755287,3.552713678800501e-15,0.8308157099697886
EpistemeAI2_Fireball-12B-v1.2,real_attachments/C_efficiency_evolution/detailed_results/EpistemeAI2_Fireball-12B-v1.2/results_2025-02-13T18-27-04.338360.json,False,EpistemeAI2/Fireball-12B-v1.2,fireball12bv12,29.776014226579218,24,4.1540785498489425,7,29.776014226579218,4.154078549848943,0.0,8.881784197001252e-16
EpistemeAI2_Fireball-Alpaca-Llama3.1-8B-Philos,real_attachments/C_efficiency_evolution/detailed_results/EpistemeAI2_Fireball-Alpaca-Llama3.1-8B-Philos/results_2025-02-13T18-27-04.338360.json,False,EpistemeAI2/Fireball-Alpaca-Llama3.1-8B-Philos,fireballalpacallama318bphilos,29.259226071264727,24,11.858006042296072,7,29.259226071264724,11.858006042296072,3.552713678800501e-15,0.0
EpistemeAI2_Fireball-Alpaca-Llama3.1.01-8B-Philos,real_attachments/C_efficiency_evolution/detailed_results/EpistemeAI2_Fireball-Alpaca-Llama3.1.01-8B-Philos/results_2025-02-13T18-27-04.338360.json,False,EpistemeAI2/Fireball-Alpaca-Llama3.1.01-8B-Philos,fireballalpacallama31018bphilos,28.62847532590647,24,13.595166163141995,7,28.628475325906475,13.595166163141997,3.552713678800501e-15,1.7763568394002505e-15
EpistemeAI2_Fireball-Alpaca-Llama3.1.03-8B-Philos,real_attachments/C_efficiency_evolution/detailed_results/EpistemeAI2_Fireball-Alpaca-Llama3.1.03-8B-Philos/results_2025-02-13T18-27-04.338360.json,False,EpistemeAI2/Fireball-Alpaca-Llama3.1.03-8B-Philos,fireballalpacallama31038bphilos,27.992548796612347,24,12.83987915407855,7,27.99254879661235,12.83987915407855,3.552713678800501e-15,0.0
EpistemeAI2_Fireball-Alpaca-Llama3.1.04-8B-Philos,real_attachments/C_efficiency_evolution/detailed_results/EpistemeAI2_Fireball-Alpaca-Llama3.1.04-8B-Philos/results_2024-09-14T01-13-51.381155.json,False,EpistemeAI2/Fireball-Alpaca-Llama3.1.04-8B-Philos,fireballalpacallama31048bphilos,27.963797525362725,24,10.27190332326284,7,27.963797525362725,12.009063444108762,0.0,1.737160120845921
EpistemeAI2_Fireball-Alpaca-Llama3.1.06-8B-Philos-dpo,real_attachments/C_efficiency_evolution/detailed_results/EpistemeAI2_Fireball-Alpaca-Llama3.1.06-8B-Philos-dpo/results_2024-09-14T01-20-38.820444.json,False,EpistemeAI2/Fireball-Alpaca-Llama3.1.06-8B-Philos-dpo,fireballalpacallama31068bphilosdpo,27.207176615070416,24,11.706948640483382,7,27.207176615070413,13.066465256797583,3.552713678800501e-15,1.3595166163142007
EpistemeAI2_Fireball-Alpaca-Llama3.1.07-8B-Philos-Math,real_attachments/C_efficiency_evolution/detailed_results/EpistemeAI2_Fireball-Alpaca-Llama3.1.07-8B-Philos-Math/results_2025-02-13T18-27-04.338360.json,False,EpistemeAI2/Fireball-Alpaca-Llama3.1.07-8B-Philos-Math,fireballalpacallama31078bphilosmath,26.901201452028396,24,12.009063444108762,7,26.901201452028392,12.009063444108762,3.552713678800501e-15,0.0
EpistemeAI2_Fireball-Alpaca-Llama3.1.08-8B-C-R1-KTO-Reflection,real_attachments/C_efficiency_evolution/detailed_results/EpistemeAI2_Fireball-Alpaca-Llama3.1.08-8B-C-R1-KTO-Reflection/results_2025-02-13T18-27-04.338360.json,False,EpistemeAI2/Fireball-Alpaca-Llama3.1.08-8B-C-R1-KTO-Reflection,fireballalpacallama31088bcr1ktoreflection,27.571611204577167,24,12.462235649546828,7,27.571611204577167,12.462235649546828,0.0,0.0
EpistemeAI2_Fireball-Alpaca-Llama3.1.08-8B-Philos-C-R1,real_attachments/C_efficiency_evolution/detailed_results/EpistemeAI2_Fireball-Alpaca-Llama3.1.08-8B-Philos-C-R1/results_2024-09-14T02-25-21.957551.json,False,EpistemeAI2/Fireball-Alpaca-Llama3.1.08-8B-Philos-C-R1,fireballalpacallama31088bphiloscr1,26.76368521382555,24,10.876132930513595,7,26.76368521382555,12.386706948640484,0.0,1.5105740181268885
EpistemeAI2_Fireball-Llama-3.1-8B-Philos-Reflection,real_attachments/C_efficiency_evolution/detailed_results/EpistemeAI2_Fireball-Llama-3.1-8B-Philos-Reflection/results_2025-02-13T18-27-04.338360.json,False,EpistemeAI2/Fireball-Llama-3.1-8B-Philos-Reflection,fireballllama318bphilosreflection,27.76979570236311,24,12.83987915407855,7,27.76979570236311,12.83987915407855,0.0,0.0
EpistemeAI2_Fireball-MathMistral-Nemo-Base-2407-v2dpo,real_attachments/C_efficiency_evolution/detailed_results/EpistemeAI2_Fireball-MathMistral-Nemo-Base-2407-v2dpo/results_2024-09-02T16-12-06.252706.json,False,EpistemeAI2/Fireball-MathMistral-Nemo-Base-2407-v2dpo,fireballmathmistralnemobase2407v2dpo,21.145528378150853,24,3.2477341389728096,7,21.145528378150857,3.700906344410876,3.552713678800501e-15,0.45317220543806647
EpistemeAI2_Fireball-Meta-Llama-3.1-8B-Instruct-Agent-0.003-128K-code-math,real_attachments/C_efficiency_evolution/detailed_results/EpistemeAI2_Fireball-Meta-Llama-3.1-8B-Instruct-Agent-0.003-128K-code-math/results_2024-10-15T15-17-27.675353.json,False,EpistemeAI2/Fireball-Meta-Llama-3.1-8B-Instruct-Agent-0.003-128K-code-math,fireballmetallama318binstructagent0003128kcodemath,26.743767165585176,24,12.009063444108762,7,26.74376716558517,13.51963746223565,7.105427357601002e-15,1.5105740181268885
EpistemeAI2_Fireball-Meta-Llama-3.1-8B-Instruct-Agent-0.005-128K-code-COT,real_attachments/C_efficiency_evolution/detailed_results/EpistemeAI2_Fireball-Meta-Llama-3.1-8B-Instruct-Agent-0.005-128K-code-COT/results_2025-02-13T18-27-04.338360.json,False,EpistemeAI2/Fireball-Meta-Llama-3.1-8B-Instruct-Agent-0.005-128K-code-COT,fireballmetallama318binstructagent0005128kcodecot,26.400991557555102,24,11.706948640483382,7,26.400991557555106,11.706948640483382,3.552713678800501e-15,0.0
EpistemeAI2_Fireball-Phi-3-medium-4k-inst-Philos,real_attachments/C_efficiency_evolution/detailed_results/EpistemeAI2_Fireball-Phi-3-medium-4k-inst-Philos/results_2024-09-21T11-05-45.666210.json,False,EpistemeAI2/Fireball-Phi-3-medium-4k-inst-Philos,fireballphi3medium4kinstphilos,46.20887281141656,24,12.990936555891238,7,46.20887281141656,17.069486404833835,0.0,4.078549848942597
EpistemeAI_Alpaca-Llama3.1-8B,real_attachments/C_efficiency_evolution/detailed_results/EpistemeAI_Alpaca-Llama3.1-8B/results_2024-09-13T23-51-55.057359.json,False,EpistemeAI/Alpaca-Llama3.1-8B,alpacallama318b,25.9352265551177,24,4.1540785498489425,7,25.93522655511771,5.060422960725076,7.105427357601002e-15,0.9063444108761338
EpistemeAI_Athena-gemma-2-2b-it,real_attachments/C_efficiency_evolution/detailed_results/EpistemeAI_Athena-gemma-2-2b-it/results_2025-02-13T18-27-04.338360.json,False,EpistemeAI/Athena-gemma-2-2b-it,athenagemma22bit,19.417817674461514,24,4.909365558912387,7,19.41781767446152,4.909365558912387,7.105427357601002e-15,0.0
EpistemeAI_Athena-gemma-2-2b-it-Philos,real_attachments/C_efficiency_evolution/detailed_results/EpistemeAI_Athena-gemma-2-2b-it-Philos/results_2025-02-13T18-27-04.338360.json,False,EpistemeAI/Athena-gemma-2-2b-it-Philos,athenagemma22bitphilos,13.212088152695852,24,3.7009063444108756,7,13.212088152695856,3.700906344410876,3.552713678800501e-15,4.440892098500626e-16
EpistemeAI_Athene-codegemma-2-7b-it-alpaca-v1.3,real_attachments/C_efficiency_evolution/detailed_results/EpistemeAI_Athene-codegemma-2-7b-it-alpaca-v1.3/results_2024-09-12T00-22-14.676123.json,False,EpistemeAI/Athene-codegemma-2-7b-it-alpaca-v1.3,athenecodegemma27bitalpacav13,20.87379456667128,24,5.589123867069486,7,20.87379456667128,6.193353474320242,0.0,0.6042296072507556
EpistemeAI_DeepPhi-3.5-mini-instruct,real_attachments/C_efficiency_evolution/detailed_results/EpistemeAI_DeepPhi-3.5-mini-instruct/results_2025-02-28T03-49-49.665483.json,False,EpistemeAI/DeepPhi-3.5-mini-instruct,deepphi35miniinstruct,1.667358455856632,24,0.6797583081570997,7,1.667358455856632,0.6797583081570997,0.0,0.0
EpistemeAI_DeepThinkers-Phi4,real_attachments/C_efficiency_evolution/detailed_results/EpistemeAI_DeepThinkers-Phi4/results_2025-03-01T23-25-47.678589.json,False,EpistemeAI/DeepThinkers-Phi4,deepthinkersphi4,53.78666871935317,24,45.84592145015105,7,53.786668719353166,45.84592145015105,7.105427357601002e-15,0.0
EpistemeAI_FineLlama3.1-8B-Instruct,real_attachments/C_efficiency_evolution/detailed_results/EpistemeAI_FineLlama3.1-8B-Instruct/results_2024-09-06T12-17-19.771656.json,False,EpistemeAI/FineLlama3.1-8B-Instruct,finellama318binstruct,23.506618815003456,24,2.3413897280966767,7,23.506618815003453,3.474320241691843,3.552713678800501e-15,1.1329305135951664
EpistemeAI_Fireball-12B,real_attachments/C_efficiency_evolution/detailed_results/EpistemeAI_Fireball-12B/results_2025-02-13T18-27-04.338360.json,False,EpistemeAI/Fireball-12B,fireball12b,30.66671150263206,24,4.078549848942599,7,30.66671150263205,4.078549848942599,1.0658141036401503e-14,0.0
EpistemeAI_Fireball-12B-v1.13a-philosophers,real_attachments/C_efficiency_evolution/detailed_results/EpistemeAI_Fireball-12B-v1.13a-philosophers/results_2024-09-10T07-39-57.330192.json,False,EpistemeAI/Fireball-12B-v1.13a-philosophers,fireball12bv113aphilosophers,30.336232640303567,24,3.8519637462235647,7,30.33623264030357,4.607250755287009,3.552713678800501e-15,0.7552870090634438
EpistemeAI_Fireball-Alpaca-Llama-3.1-8B-Philos-DPO-200,real_attachments/C_efficiency_evolution/detailed_results/EpistemeAI_Fireball-Alpaca-Llama-3.1-8B-Philos-DPO-200/results_2024-09-16T11-50-18.226636.json,False,EpistemeAI/Fireball-Alpaca-Llama-3.1-8B-Philos-DPO-200,fireballalpacallama318bphilosdpo200,26.377774027551393,24,10.80060422960725,7,26.377774027551386,12.31117824773414,7.105427357601002e-15,1.5105740181268903
EpistemeAI_Fireball-Alpaca-Llama3.1.07-8B-Philos-Math-KTO-beta,real_attachments/C_efficiency_evolution/detailed_results/EpistemeAI_Fireball-Alpaca-Llama3.1.07-8B-Philos-Math-KTO-beta/results_2025-02-13T18-27-04.338360.json,False,EpistemeAI/Fireball-Alpaca-Llama3.1.07-8B-Philos-Math-KTO-beta,fireballalpacallama31078bphilosmathktobeta,26.897964171299808,24,15.256797583081571,7,26.897964171299805,15.256797583081571,3.552713678800501e-15,0.0
EpistemeAI_Fireball-Alpaca-Llama3.1.08-8B-Philos-C-R2,real_attachments/C_efficiency_evolution/detailed_results/EpistemeAI_Fireball-Alpaca-Llama3.1.08-8B-Philos-C-R2/results_2025-02-13T18-27-04.338360.json,False,EpistemeAI/Fireball-Alpaca-Llama3.1.08-8B-Philos-C-R2,fireballalpacallama31088bphiloscr2,28.24700927539328,24,12.386706948640484,7,28.24700927539328,12.386706948640484,0.0,0.0
EpistemeAI_Fireball-Meta-Llama-3.1-8B-Instruct-0.001-128K-auto,real_attachments/C_efficiency_evolution/detailed_results/EpistemeAI_Fireball-Meta-Llama-3.1-8B-Instruct-0.001-128K-auto/results_2025-02-13T18-27-04.338360.json,False,EpistemeAI/Fireball-Meta-Llama-3.1-8B-Instruct-0.001-128K-auto,fireballmetallama318binstruct0001128kauto,26.83296698587489,24,13.293051359516618,7,26.832966985874886,13.293051359516618,3.552713678800501e-15,0.0
EpistemeAI_Fireball-Meta-Llama-3.1-8B-Instruct-Agent-0.003-128K,real_attachments/C_efficiency_evolution/detailed_results/EpistemeAI_Fireball-Meta-Llama-3.1-8B-Instruct-Agent-0.003-128K/results_2025-02-13T18-27-04.338360.json,False,EpistemeAI/Fireball-Meta-Llama-3.1-8B-Instruct-Agent-0.003-128K,fireballmetallama318binstructagent0003128k,28.02516078188715,24,12.084592145015106,7,28.02516078188715,12.084592145015106,0.0,0.0
EpistemeAI_Fireball-Meta-Llama-3.1-8B-Instruct-Agent-0.003-128K-code,real_attachments/C_efficiency_evolution/detailed_results/EpistemeAI_Fireball-Meta-Llama-3.1-8B-Instruct-Agent-0.003-128K-code/results_2024-10-07T10-02-11.286074.json,False,EpistemeAI/Fireball-Meta-Llama-3.1-8B-Instruct-Agent-0.003-128K-code,fireballmetallama318binstructagent0003128kcode,28.171887782172757,24,12.084592145015106,7,28.17188778217276,13.36858006042296,3.552713678800501e-15,1.2839879154078542
EpistemeAI_Fireball-Meta-Llama-3.1-8B-Instruct-Agent-0.003-128K-code-ds,real_attachments/C_efficiency_evolution/detailed_results/EpistemeAI_Fireball-Meta-Llama-3.1-8B-Instruct-Agent-0.003-128K-code-ds/results_2025-02-13T18-27-04.338360.json,False,EpistemeAI/Fireball-Meta-Llama-3.1-8B-Instruct-Agent-0.003-128K-code-ds,fireballmetallama318binstructagent0003128kcodeds,24.462654168996075,24,13.36858006042296,7,24.46265416899608,13.36858006042296,7.105427357601002e-15,0.0
EpistemeAI_Fireball-Meta-Llama-3.1-8B-Instruct-Agent-0.003-128K-code-ds-auto,real_attachments/C_efficiency_evolution/detailed_results/EpistemeAI_Fireball-Meta-Llama-3.1-8B-Instruct-Agent-0.003-128K-code-ds-auto/results_2024-10-29T22-09-32.822876.json,False,EpistemeAI/Fireball-Meta-Llama-3.1-8B-Instruct-Agent-0.003-128K-code-ds-auto,fireballmetallama318binstructagent0003128kcodedsauto,24.307564132544616,24,13.51963746223565,7,,,,
EpistemeAI_Fireball-Meta-Llama-3.1-8B-Instruct-Agent-0.004-128K-code-COT,real_attachments/C_efficiency_evolution/detailed_results/EpistemeAI_Fireball-Meta-Llama-3.1-8B-Instruct-Agent-0.004-128K-code-COT/results_2024-10-11T07-28-43.923029.json,False,EpistemeAI/Fireball-Meta-Llama-3.1-8B-Instruct-Agent-0.004-128K-code-COT,fireballmetallama318binstructagent0004128kcodecot,25.820865375865694,24,12.386706948640484,7,25.82086537586569,13.821752265861026,3.552713678800501e-15,1.435045317220542
EpistemeAI_Fireball-Meta-Llama-3.1-8B-Instruct-Agent-0.004-128K-code-ds-auto,real_attachments/C_efficiency_evolution/detailed_results/EpistemeAI_Fireball-Meta-Llama-3.1-8B-Instruct-Agent-0.004-128K-code-ds-auto/results_2025-02-13T18-27-04.338360.json,False,EpistemeAI/Fireball-Meta-Llama-3.1-8B-Instruct-Agent-0.004-128K-code-ds-auto,fireballmetallama318binstructagent0004128kcodedsauto,26.452059604470925,24,14.350453172205437,7,26.45205960447092,14.350453172205436,3.552713678800501e-15,1.7763568394002505e-15
EpistemeAI_Fireball-Meta-Llama-3.1-8B-Instruct-Math,real_attachments/C_efficiency_evolution/detailed_results/EpistemeAI_Fireball-Meta-Llama-3.1-8B-Instruct-Math/results_2024-09-24T02-54-03.656817.json,False,EpistemeAI/Fireball-Meta-Llama-3.1-8B-Instruct-Math,fireballmetallama318binstructmath,28.959344093879675,24,9.818731117824774,7,28.95934409387967,10.80060422960725,7.105427357601002e-15,0.9818731117824768
EpistemeAI_Fireball-Meta-Llama-3.2-8B-Instruct-agent-003-128k-code-DPO,real_attachments/C_efficiency_evolution/detailed_results/EpistemeAI_Fireball-Meta-Llama-3.2-8B-Instruct-agent-003-128k-code-DPO/results_2024-10-09T10-38-32.448780.json,False,EpistemeAI/Fireball-Meta-Llama-3.2-8B-Instruct-agent-003-128k-code-DPO,fireballmetallama328binstructagent003128kcodedpo,26.317877757648738,24,10.876132930513595,7,26.31787775764873,12.537764350453172,7.105427357601002e-15,1.6616314199395763
EpistemeAI_Fireball-Mistral-Nemo-Base-2407-v1-DPO2,real_attachments/C_efficiency_evolution/detailed_results/EpistemeAI_Fireball-Mistral-Nemo-Base-2407-v1-DPO2/results_2025-02-13T18-27-04.338360.json,False,EpistemeAI/Fireball-Mistral-Nemo-Base-2407-v1-DPO2,fireballmistralnemobase2407v1dpo2,28.567824892702276,24,3.625377643504532,7,28.56782489270228,3.625377643504532,3.552713678800501e-15,0.0
EpistemeAI_Fireball-R1-Llama-3.1-8B,real_attachments/C_efficiency_evolution/detailed_results/EpistemeAI_Fireball-R1-Llama-3.1-8B/results_2025-02-19T13-46-24.133657.json,False,EpistemeAI/Fireball-R1-Llama-3.1-8B,fireballr1llama318b,10.273656027098815,24,31.1178247734139,7,10.273656027098816,31.1178247734139,1.7763568394002505e-15,0.0
EpistemeAI_Llama-3.2-3B-Agent007-Coder,real_attachments/C_efficiency_evolution/detailed_results/EpistemeAI_Llama-3.2-3B-Agent007-Coder/results_2025-02-13T18-27-04.338360.json,False,EpistemeAI/Llama-3.2-3B-Agent007-Coder,llama323bagent007coder,19.02580948500905,24,11.10271903323263,7,19.02580948500905,11.10271903323263,0.0,0.0
EpistemeAI_Mistral-Nemo-Instruct-12B-Philosophy-Math,real_attachments/C_efficiency_evolution/detailed_results/EpistemeAI_Mistral-Nemo-Instruct-12B-Philosophy-Math/results_2025-02-13T18-27-04.338360.json,False,EpistemeAI/Mistral-Nemo-Instruct-12B-Philosophy-Math,mistralnemoinstruct12bphilosophymath,33.835810999564586,24,9.592145015105741,7,33.835810999564586,9.59214501510574,0.0,1.7763568394002505e-15
EpistemeAI_OpenReasoner-Llama-3.2-3B-rs1.0,real_attachments/C_efficiency_evolution/detailed_results/EpistemeAI_OpenReasoner-Llama-3.2-3B-rs1.0/results_2025-02-18T16-15-11.292536.json,False,EpistemeAI/OpenReasoner-Llama-3.2-3B-rs1.0,openreasonerllama323brs10,22.80780815942809,24,13.444108761329304,7,22.80780815942809,13.444108761329304,0.0,0.0
EpistemeAI_Polypsyche-Llama-3.1-8B-Instruct-Agent-0.003-128K-code-ds-auto-Empathy,real_attachments/C_efficiency_evolution/detailed_results/EpistemeAI_Polypsyche-Llama-3.1-8B-Instruct-Agent-0.003-128K-code-ds-auto-Empathy/results_2025-02-13T18-27-04.338360.json,False,EpistemeAI/Polypsyche-Llama-3.1-8B-Instruct-Agent-0.003-128K-code-ds-auto-Empathy,polypsychellama318binstructagent0003128kcodedsautoempathy,24.419414132832703,24,13.972809667673717,7,24.419414132832703,13.972809667673715,0.0,1.7763568394002505e-15
EpistemeAI_Polypsyche-Llama-3.1-8B-Instruct-Agent-0.003-128K-code-ds-auto-Logic,real_attachments/C_efficiency_evolution/detailed_results/EpistemeAI_Polypsyche-Llama-3.1-8B-Instruct-Agent-0.003-128K-code-ds-auto-Logic/results_2024-12-20T17-44-58.771039.json,False,EpistemeAI/Polypsyche-Llama-3.1-8B-Instruct-Agent-0.003-128K-code-ds-auto-Logic,polypsychellama318binstructagent0003128kcodedsautologic,23.576450573055748,24,11.858006042296072,7,23.576450573055748,12.462235649546828,0.0,0.6042296072507565
EpistemeAI_Polypsyche-Llama-3.1-8B-Instruct-Agent-0.003-128K-code-ds-auto-divergent,real_attachments/C_efficiency_evolution/detailed_results/EpistemeAI_Polypsyche-Llama-3.1-8B-Instruct-Agent-0.003-128K-code-ds-auto-divergent/results_2024-12-20T17-48-24.829103.json,False,EpistemeAI/Polypsyche-Llama-3.1-8B-Instruct-Agent-0.003-128K-code-ds-auto-divergent,polypsychellama318binstructagent0003128kcodedsautodivergent,22.890368119762027,24,10.27190332326284,7,22.89036811976203,12.915407854984895,3.552713678800501e-15,2.643504531722055
EpistemeAI_Reasoning-Llama-3.1-CoT-RE1-NMT,real_attachments/C_efficiency_evolution/detailed_results/EpistemeAI_Reasoning-Llama-3.1-CoT-RE1-NMT/results_2025-01-29T06-39-48.331687.json,False,EpistemeAI/Reasoning-Llama-3.1-CoT-RE1-NMT,reasoningllama31cotre1nmt,25.544054444754472,24,8.08157099697885,7,25.54405444475448,12.990936555891238,7.105427357601002e-15,4.909365558912388
EpistemeAI_Reasoning-Llama-3.1-CoT-RE1-NMT-V2-ORPO,real_attachments/C_efficiency_evolution/detailed_results/EpistemeAI_Reasoning-Llama-3.1-CoT-RE1-NMT-V2-ORPO/results_2025-02-13T18-27-04.338360.json,False,EpistemeAI/Reasoning-Llama-3.1-CoT-RE1-NMT-V2-ORPO,reasoningllama31cotre1nmtv2orpo,25.895600838578908,24,12.915407854984895,7,25.89560083857891,12.915407854984895,3.552713678800501e-15,0.0
EpistemeAI_Reasoning-Llama-3.2-1B-Instruct-v1.2,real_attachments/C_efficiency_evolution/detailed_results/EpistemeAI_Reasoning-Llama-3.2-1B-Instruct-v1.2/results_2025-02-13T18-27-04.338360.json,False,EpistemeAI/Reasoning-Llama-3.2-1B-Instruct-v1.2,reasoningllama321binstructv12,6.577214835705972,24,5.0604229607250755,7,6.5772148357059725,5.060422960725076,8.881784197001252e-16,8.881784197001252e-16
EpistemeAI_Reasoning-Llama-3.2-1B-Instruct-v1.3,real_attachments/C_efficiency_evolution/detailed_results/EpistemeAI_Reasoning-Llama-3.2-1B-Instruct-v1.3/results_2025-02-13T18-27-04.338360.json,False,EpistemeAI/Reasoning-Llama-3.2-1B-Instruct-v1.3,reasoningllama321binstructv13,6.1111505335293,24,5.0604229607250755,7,6.111150533529301,5.060422960725076,8.881784197001252e-16,8.881784197001252e-16
EpistemeAI_Reasoning-Llama-3.2-3B-Math-Instruct-RE1,real_attachments/C_efficiency_evolution/detailed_results/EpistemeAI_Reasoning-Llama-3.2-3B-Math-Instruct-RE1/results_2025-02-13T18-27-04.338360.json,False,EpistemeAI/Reasoning-Llama-3.2-3B-Math-Instruct-RE1,reasoningllama323bmathinstructre1,20.728881523559497,24,10.80060422960725,7,20.728881523559497,10.80060422960725,0.0,0.0
EpistemeAI_Reasoning-Llama-3.2-3B-Math-Instruct-RE1-ORPO,real_attachments/C_efficiency_evolution/detailed_results/EpistemeAI_Reasoning-Llama-3.2-3B-Math-Instruct-RE1-ORPO/results_2025-02-13T18-27-04.338360.json,False,EpistemeAI/Reasoning-Llama-3.2-3B-Math-Instruct-RE1-ORPO,reasoningllama323bmathinstructre1orpo,23.004650311661738,24,15.332326283987916,7,23.00465031166173,15.332326283987916,7.105427357601002e-15,0.0
EpistemeAI_ReasoningCore-3B-T1_1,real_attachments/C_efficiency_evolution/detailed_results/EpistemeAI_ReasoningCore-3B-T1_1/results_2025-02-13T18-27-04.338360.json,False,EpistemeAI/ReasoningCore-3B-T1_1,reasoningcore3bt11,23.094998793873298,24,15.407854984894259,7,23.09499879387329,15.40785498489426,7.105427357601002e-15,1.7763568394002505e-15
Eric111_CatunaMayo,real_attachments/C_efficiency_evolution/detailed_results/Eric111_CatunaMayo/results_2025-02-13T18-27-04.338360.json,False,Eric111/CatunaMayo,catunamayo,33.29942590906789,24,8.459214501510575,7,33.299425909067885,8.459214501510575,7.105427357601002e-15,0.0
Eric111_CatunaMayo-DPO,real_attachments/C_efficiency_evolution/detailed_results/Eric111_CatunaMayo-DPO/results_2025-02-13T18-27-04.338360.json,False,Eric111/CatunaMayo-DPO,catunamayodpo,33.08995159999345,24,8.157099697885197,7,33.08995159999345,8.157099697885197,0.0,0.0
Etherll_Chocolatine-3B-Instruct-DPO-Revised-Ties,real_attachments/C_efficiency_evolution/detailed_results/Etherll_Chocolatine-3B-Instruct-DPO-Revised-Ties/results_2025-02-13T18-27-04.338360.json,False,Etherll/Chocolatine-3B-Instruct-DPO-Revised-Ties,chocolatine3binstructdporevisedties,35.58334267696659,24,16.314199395770395,7,35.58334267696659,16.314199395770395,0.0,0.0
Etherll_Chocolatine-3B-Instruct-DPO-Revised-Ties-v2,real_attachments/C_efficiency_evolution/detailed_results/Etherll_Chocolatine-3B-Instruct-DPO-Revised-Ties-v2/results_2025-02-13T18-27-04.338360.json,False,Etherll/Chocolatine-3B-Instruct-DPO-Revised-Ties-v2,chocolatine3binstructdporevisedtiesv2,35.58334267696659,24,16.314199395770395,7,35.58334267696659,16.314199395770395,0.0,0.0
Etherll_Herplete-LLM-Llama-3.1-8b,real_attachments/C_efficiency_evolution/detailed_results/Etherll_Herplete-LLM-Llama-3.1-8b/results_2025-02-13T18-27-04.338360.json,False,Etherll/Herplete-LLM-Llama-3.1-8b,herpletellmllama318b,33.20660836370904,24,15.483383685800604,7,,,,
Etherll_Herplete-LLM-Llama-3.1-8b-Ties,real_attachments/C_efficiency_evolution/detailed_results/Etherll_Herplete-LLM-Llama-3.1-8b-Ties/results_2024-10-17T17-17-33.503999.json,False,Etherll/Herplete-LLM-Llama-3.1-8b-Ties,herpletellmllama318bties,33.07089034564546,24,14.803625377643503,7,33.07089034564546,16.012084592145015,0.0,1.208459214501513
Etherll_Qwen2.5-7B-della-test,real_attachments/C_efficiency_evolution/detailed_results/Etherll_Qwen2.5-7B-della-test/results_2025-02-13T18-27-04.338360.json,False,Etherll/Qwen2.5-7B-della-test,qwen257bdellatest,35.54689390845198,24,48.94259818731118,7,35.54689390845198,48.94259818731118,0.0,0.0
Etherll_Qwen2.5-Coder-7B-Instruct-Ties,real_attachments/C_efficiency_evolution/detailed_results/Etherll_Qwen2.5-Coder-7B-Instruct-Ties/results_2025-02-13T18-27-04.338360.json,False,Etherll/Qwen2.5-Coder-7B-Instruct-Ties,qwen25coder7binstructties,28.00829426415647,24,29.154078549848943,7,28.008294264156472,29.154078549848943,3.552713678800501e-15,0.0
Etherll_Replete-LLM-V3-Llama-3.1-8b,real_attachments/C_efficiency_evolution/detailed_results/Etherll_Replete-LLM-V3-Llama-3.1-8b/results_2025-02-13T18-27-04.338360.json,False,Etherll/Replete-LLM-V3-Llama-3.1-8b,repletellmv3llama318b,22.902455222412783,24,22.734138972809667,7,22.902455222412783,22.734138972809667,0.0,0.0
Etherll_SuperHermes,real_attachments/C_efficiency_evolution/detailed_results/Etherll_SuperHermes/results_2025-02-13T18-27-04.338360.json,False,Etherll/SuperHermes,superhermes,32.84031674117277,24,16.540785498489427,7,32.84031674117277,16.540785498489427,0.0,0.0
Eurdem_Defne-llama3.1-8B,real_attachments/C_efficiency_evolution/detailed_results/Eurdem_Defne-llama3.1-8B/results_2024-08-12T18-16-51.931979.json,False,Eurdem/Defne-llama3.1-8B,defnellama318b,32.99183581896339,24,15.181268882175228,7,32.822381370434904,16.012084592145015,0.16945444852848368,0.8308157099697873
FINGU-AI_L3-8B,real_attachments/C_efficiency_evolution/detailed_results/FINGU-AI_L3-8B/results_2025-02-13T18-27-04.338360.json,False,FINGU-AI/L3-8B,l38b,28.80582124043844,24,25.45317220543807,7,28.805821240438444,25.45317220543807,3.552713678800501e-15,0.0
FINGU-AI_Phi-4-RRStock,real_attachments/C_efficiency_evolution/detailed_results/FINGU-AI_Phi-4-RRStock/results_2025-02-05T16-09-19.318994.json,False,FINGU-AI/Phi-4-RRStock,phi4rrstock,48.68220452265962,24,2.8700906344410875,7,48.68220452265962,5.81570996978852,0.0,2.9456193353474323
FINGU-AI_Q-Small-3B,real_attachments/C_efficiency_evolution/detailed_results/FINGU-AI_Q-Small-3B/results_2025-02-13T18-27-04.338360.json,False,FINGU-AI/Q-Small-3B,qsmall3b,21.386476977673592,24,8.308157099697885,7,21.386476977673595,8.308157099697885,3.552713678800501e-15,0.0
FINGU-AI_QwQ-Buddy-32B-Alpha,real_attachments/C_efficiency_evolution/detailed_results/FINGU-AI_QwQ-Buddy-32B-Alpha/results_2025-02-13T18-27-04.338360.json,False,FINGU-AI/QwQ-Buddy-32B-Alpha,qwqbuddy32balpha,48.730953196766194,24,38.51963746223564,7,48.730953196766194,38.51963746223565,0.0,7.105427357601002e-15
FINGU-AI_RomboUltima-32B,real_attachments/C_efficiency_evolution/detailed_results/FINGU-AI_RomboUltima-32B/results_2025-02-13T18-27-04.338360.json,False,FINGU-AI/RomboUltima-32B,romboultima32b,56.67376969863416,24,53.85196374622356,7,56.67376969863417,53.85196374622356,7.105427357601002e-15,0.0
FallenMerick_Chewy-Lemon-Cookie-11B,real_attachments/C_efficiency_evolution/detailed_results/FallenMerick_Chewy-Lemon-Cookie-11B/results_2025-02-13T18-27-04.338360.json,False,FallenMerick/Chewy-Lemon-Cookie-11B,chewylemoncookie11b,33.01430008846962,24,5.438066465256798,7,33.01430008846961,5.438066465256798,7.105427357601002e-15,0.0
Felladrin_Llama-160M-Chat-v1,real_attachments/C_efficiency_evolution/detailed_results/Felladrin_Llama-160M-Chat-v1/results_2024-07-25T09-54-15.757000.json,False,Felladrin/Llama-160M-Chat-v1,llama160mchatv1,3.1667555693925564,24,0.0,7,3.166755569392556,0.6042296072507553,4.440892098500626e-16,0.6042296072507553
Felladrin_Minueza-32M-UltraChat,real_attachments/C_efficiency_evolution/detailed_results/Felladrin_Minueza-32M-UltraChat/results_2025-02-13T18-27-04.338360.json,False,Felladrin/Minueza-32M-UltraChat,minueza32multrachat,2.4372895622895627,24,0.4531722054380665,7,2.4372895622895623,0.4531722054380665,4.440892098500626e-16,0.0
FlofloB_100k_fineweb_continued_pretraining_Qwen2.5-0.5B-Instruct_Unsloth_merged_16bit,real_attachments/C_efficiency_evolution/detailed_results/FlofloB_100k_fineweb_continued_pretraining_Qwen2.5-0.5B-Instruct_Unsloth_merged_16bit/results_2025-02-13T18-27-04.338360.json,False,FlofloB/100k_fineweb_continued_pretraining_Qwen2.5-0.5B-Instruct_Unsloth_merged_16bit,100kfinewebcontinuedpretrainingqwen2505binstructunslothmerged16bit,7.3478250067150155,24,4.078549848942599,7,7.347825006715015,4.078549848942599,8.881784197001252e-16,0.0
FlofloB_10k_continued_pretraining_Phi-3-mini-4k-instruct_Unsloth_merged_16bit,real_attachments/C_efficiency_evolution/detailed_results/FlofloB_10k_continued_pretraining_Phi-3-mini-4k-instruct_Unsloth_merged_16bit/results_2024-11-22T17-10-30.745797.json,False,FlofloB/10k_continued_pretraining_Phi-3-mini-4k-instruct_Unsloth_merged_16bit,10kcontinuedpretrainingphi3mini4kinstructunslothmerged16bit,32.60779983085875,24,8.761329305135952,7,32.60779983085876,9.743202416918429,7.105427357601002e-15,0.9818731117824768
FlofloB_10k_continued_pretraining_Qwen2.5-0.5B-Instruct_Unsloth_merged_16bit,real_attachments/C_efficiency_evolution/detailed_results/FlofloB_10k_continued_pretraining_Qwen2.5-0.5B-Instruct_Unsloth_merged_16bit/results_2024-11-25T18-35-35.437059.json,False,FlofloB/10k_continued_pretraining_Qwen2.5-0.5B-Instruct_Unsloth_merged_16bit,10kcontinuedpretrainingqwen2505binstructunslothmerged16bit,7.53022868355866,24,0.0,7,7.530228683558659,3.096676737160121,8.881784197001252e-16,3.096676737160121
FlofloB_40k_continued_pretraining_Qwen2.5-0.5B-Instruct_Unsloth_merged_16bit,real_attachments/C_efficiency_evolution/detailed_results/FlofloB_40k_continued_pretraining_Qwen2.5-0.5B-Instruct_Unsloth_merged_16bit/results_2024-11-25T20-12-20.428213.json,False,FlofloB/40k_continued_pretraining_Qwen2.5-0.5B-Instruct_Unsloth_merged_16bit,40kcontinuedpretrainingqwen2505binstructunslothmerged16bit,7.532089563374816,24,0.0,7,7.532089563374818,3.3232628398791544,1.7763568394002505e-15,3.3232628398791544
FlofloB_83k_continued_pretraining_Qwen2.5-0.5B-Instruct_Unsloth_merged_16bit,real_attachments/C_efficiency_evolution/detailed_results/FlofloB_83k_continued_pretraining_Qwen2.5-0.5B-Instruct_Unsloth_merged_16bit/results_2025-02-13T18-27-04.338360.json,False,FlofloB/83k_continued_pretraining_Qwen2.5-0.5B-Instruct_Unsloth_merged_16bit,83kcontinuedpretrainingqwen2505binstructunslothmerged16bit,8.132273330945774,24,3.0211480362537766,7,8.132273330945772,3.0211480362537766,1.7763568394002505e-15,0.0
FlofloB_smollm2-135M_pretrained_1000k_fineweb,real_attachments/C_efficiency_evolution/detailed_results/FlofloB_smollm2-135M_pretrained_1000k_fineweb/results_2025-02-13T18-27-04.338360.json,False,FlofloB/smollm2-135M_pretrained_1000k_fineweb,smollm2135mpretrained1000kfineweb,2.708743994249611,24,0.906344410876133,7,2.708743994249611,0.906344410876133,0.0,0.0
FlofloB_smollm2-135M_pretrained_1000k_fineweb_uncovai_human_removed,real_attachments/C_efficiency_evolution/detailed_results/FlofloB_smollm2-135M_pretrained_1000k_fineweb_uncovai_human_removed/results_2025-02-13T18-27-04.338360.json,False,FlofloB/smollm2-135M_pretrained_1000k_fineweb_uncovai_human_removed,smollm2135mpretrained1000kfinewebuncovaihumanremoved,3.274266910306394,24,0.6042296072507553,7,3.2742669103063946,0.6042296072507553,4.440892098500626e-16,0.0
FlofloB_smollm2-135M_pretrained_1000k_fineweb_uncovai_selected,real_attachments/C_efficiency_evolution/detailed_results/FlofloB_smollm2-135M_pretrained_1000k_fineweb_uncovai_selected/results_2025-02-13T18-27-04.338360.json,False,FlofloB/smollm2-135M_pretrained_1000k_fineweb_uncovai_selected,smollm2135mpretrained1000kfinewebuncovaiselected,2.1134135065400175,24,0.6797583081570997,7,2.113413506540018,0.6797583081570997,4.440892098500626e-16,0.0
FlofloB_smollm2-135M_pretrained_1200k_fineweb,real_attachments/C_efficiency_evolution/detailed_results/FlofloB_smollm2-135M_pretrained_1200k_fineweb/results_2025-02-13T18-27-04.338360.json,False,FlofloB/smollm2-135M_pretrained_1200k_fineweb,smollm2135mpretrained1200kfineweb,2.2372961213751537,24,0.6797583081570997,7,2.2372961213751537,0.6797583081570997,0.0,0.0
FlofloB_smollm2-135M_pretrained_1200k_fineweb_uncovai_human_removed,real_attachments/C_efficiency_evolution/detailed_results/FlofloB_smollm2-135M_pretrained_1200k_fineweb_uncovai_human_removed/results_2025-02-13T18-27-04.338360.json,False,FlofloB/smollm2-135M_pretrained_1200k_fineweb_uncovai_human_removed,smollm2135mpretrained1200kfinewebuncovaihumanremoved,2.8494191919191914,24,0.0755287009063444,7,2.849419191919192,0.0755287009063444,4.440892098500626e-16,0.0
FlofloB_smollm2-135M_pretrained_1200k_fineweb_uncovai_selected,real_attachments/C_efficiency_evolution/detailed_results/FlofloB_smollm2-135M_pretrained_1200k_fineweb_uncovai_selected/results_2025-02-13T18-27-04.338360.json,False,FlofloB/smollm2-135M_pretrained_1200k_fineweb_uncovai_selected,smollm2135mpretrained1200kfinewebuncovaiselected,2.2065453148188845,24,0.7552870090634441,7,2.206545314818884,0.7552870090634441,4.440892098500626e-16,0.0
FlofloB_smollm2-135M_pretrained_1400k_fineweb,real_attachments/C_efficiency_evolution/detailed_results/FlofloB_smollm2-135M_pretrained_1400k_fineweb/results_2025-02-13T18-27-04.338360.json,False,FlofloB/smollm2-135M_pretrained_1400k_fineweb,smollm2135mpretrained1400kfineweb,2.160100243639728,24,1.1329305135951662,7,2.1601002436397274,1.1329305135951662,4.440892098500626e-16,0.0
FlofloB_smollm2-135M_pretrained_1400k_fineweb_uncovai_human_removed,real_attachments/C_efficiency_evolution/detailed_results/FlofloB_smollm2-135M_pretrained_1400k_fineweb_uncovai_human_removed/results_2025-02-13T18-27-04.338360.json,False,FlofloB/smollm2-135M_pretrained_1400k_fineweb_uncovai_human_removed,smollm2135mpretrained1400kfinewebuncovaihumanremoved,2.6300292749036975,24,1.0574018126888218,7,2.630029274903698,1.0574018126888218,4.440892098500626e-16,0.0
FlofloB_smollm2-135M_pretrained_1400k_fineweb_uncovai_selected,real_attachments/C_efficiency_evolution/detailed_results/FlofloB_smollm2-135M_pretrained_1400k_fineweb_uncovai_selected/results_2025-02-13T18-27-04.338360.json,False,FlofloB/smollm2-135M_pretrained_1400k_fineweb_uncovai_selected,smollm2135mpretrained1400kfinewebuncovaiselected,2.6316160058394034,24,1.0574018126888218,7,2.631616005839404,1.0574018126888218,4.440892098500626e-16,0.0
FlofloB_smollm2-135M_pretrained_200k_fineweb_uncovai_human_removed,real_attachments/C_efficiency_evolution/detailed_results/FlofloB_smollm2-135M_pretrained_200k_fineweb_uncovai_human_removed/results_2025-02-13T18-27-04.338360.json,False,FlofloB/smollm2-135M_pretrained_200k_fineweb_uncovai_human_removed,smollm2135mpretrained200kfinewebuncovaihumanremoved,2.8225402293478963,24,0.3776435045317221,7,2.8225402293478967,0.3776435045317221,4.440892098500626e-16,0.0
FlofloB_smollm2-135M_pretrained_200k_fineweb_uncovai_selected,real_attachments/C_efficiency_evolution/detailed_results/FlofloB_smollm2-135M_pretrained_200k_fineweb_uncovai_selected/results_2025-02-13T18-27-04.338360.json,False,FlofloB/smollm2-135M_pretrained_200k_fineweb_uncovai_selected,smollm2135mpretrained200kfinewebuncovaiselected,2.3223515642592996,24,0.7552870090634441,7,2.3223515642593,0.7552870090634441,4.440892098500626e-16,0.0
FlofloB_smollm2-135M_pretrained_400k_fineweb,real_attachments/C_efficiency_evolution/detailed_results/FlofloB_smollm2-135M_pretrained_400k_fineweb/results_2025-02-13T18-27-04.338360.json,False,FlofloB/smollm2-135M_pretrained_400k_fineweb,smollm2135mpretrained400kfineweb,1.8897660733797557,24,1.2084592145015105,7,1.889766073379756,1.2084592145015105,4.440892098500626e-16,0.0
FlofloB_smollm2-135M_pretrained_400k_fineweb_uncovai_human_removed,real_attachments/C_efficiency_evolution/detailed_results/FlofloB_smollm2-135M_pretrained_400k_fineweb_uncovai_human_removed/results_2025-02-13T18-27-04.338360.json,False,FlofloB/smollm2-135M_pretrained_400k_fineweb_uncovai_human_removed,smollm2135mpretrained400kfinewebuncovaihumanremoved,3.575492461700485,24,0.906344410876133,7,3.575492461700485,0.906344410876133,0.0,0.0
FlofloB_smollm2-135M_pretrained_400k_fineweb_uncovai_selected,real_attachments/C_efficiency_evolution/detailed_results/FlofloB_smollm2-135M_pretrained_400k_fineweb_uncovai_selected/results_2025-02-13T18-27-04.338360.json,False,FlofloB/smollm2-135M_pretrained_400k_fineweb_uncovai_selected,smollm2135mpretrained400kfinewebuncovaiselected,2.073466032877798,24,0.6797583081570997,7,2.073466032877798,0.6797583081570997,0.0,0.0
FlofloB_smollm2-135M_pretrained_600k_fineweb,real_attachments/C_efficiency_evolution/detailed_results/FlofloB_smollm2-135M_pretrained_600k_fineweb/results_2025-02-13T18-27-04.338360.json,False,FlofloB/smollm2-135M_pretrained_600k_fineweb,smollm2135mpretrained600kfineweb,3.4240529327139217,24,0.6042296072507553,7,3.4240529327139213,0.6042296072507553,4.440892098500626e-16,0.0
FlofloB_smollm2-135M_pretrained_600k_fineweb_uncovai_human_removed,real_attachments/C_efficiency_evolution/detailed_results/FlofloB_smollm2-135M_pretrained_600k_fineweb_uncovai_human_removed/results_2025-02-13T18-27-04.338360.json,False,FlofloB/smollm2-135M_pretrained_600k_fineweb_uncovai_human_removed,smollm2135mpretrained600kfinewebuncovaihumanremoved,2.4187492572786686,24,0.906344410876133,7,2.418749257278669,0.906344410876133,4.440892098500626e-16,0.0
FlofloB_smollm2-135M_pretrained_600k_fineweb_uncovai_selected,real_attachments/C_efficiency_evolution/detailed_results/FlofloB_smollm2-135M_pretrained_600k_fineweb_uncovai_selected/results_2025-02-13T18-27-04.338360.json,False,FlofloB/smollm2-135M_pretrained_600k_fineweb_uncovai_selected,smollm2135mpretrained600kfinewebuncovaiselected,2.1651564259299954,24,0.7552870090634441,7,2.165156425929996,0.7552870090634441,4.440892098500626e-16,0.0
FlofloB_smollm2-135M_pretrained_800k_fineweb,real_attachments/C_efficiency_evolution/detailed_results/FlofloB_smollm2-135M_pretrained_800k_fineweb/results_2025-02-13T18-27-04.338360.json,False,FlofloB/smollm2-135M_pretrained_800k_fineweb,smollm2135mpretrained800kfineweb,2.3483884103250063,24,0.8308157099697886,7,2.348388410325006,0.8308157099697886,4.440892098500626e-16,0.0
FlofloB_smollm2-135M_pretrained_800k_fineweb_uncovai_human_removed,real_attachments/C_efficiency_evolution/detailed_results/FlofloB_smollm2-135M_pretrained_800k_fineweb_uncovai_human_removed/results_2025-02-13T18-27-04.338360.json,False,FlofloB/smollm2-135M_pretrained_800k_fineweb_uncovai_human_removed,smollm2135mpretrained800kfinewebuncovaihumanremoved,3.210703163941808,24,0.6797583081570997,7,3.210703163941808,0.6797583081570997,0.0,0.0
FlofloB_smollm2-135M_pretrained_800k_fineweb_uncovai_selected,real_attachments/C_efficiency_evolution/detailed_results/FlofloB_smollm2-135M_pretrained_800k_fineweb_uncovai_selected/results_2025-02-13T18-27-04.338360.json,False,FlofloB/smollm2-135M_pretrained_800k_fineweb_uncovai_selected,smollm2135mpretrained800kfinewebuncovaiselected,1.922857950984462,24,0.4531722054380665,7,1.9228579509844617,0.4531722054380665,4.440892098500626e-16,0.0
FlofloB_smollm2_pretrained_200k_fineweb,real_attachments/C_efficiency_evolution/detailed_results/FlofloB_smollm2_pretrained_200k_fineweb/results_2025-02-13T18-27-04.338360.json,False,FlofloB/smollm2_pretrained_200k_fineweb,smollm2pretrained200kfineweb,2.8725230006213094,24,0.3776435045317221,7,2.872523000621309,0.3776435045317221,4.440892098500626e-16,0.0
FlofloB_test_continued_pretraining_Phi-3-mini-4k-instruct_Unsloth_merged_16bit,real_attachments/C_efficiency_evolution/detailed_results/FlofloB_test_continued_pretraining_Phi-3-mini-4k-instruct_Unsloth_merged_16bit/results_2024-11-21T23-44-40.262072.json,False,FlofloB/test_continued_pretraining_Phi-3-mini-4k-instruct_Unsloth_merged_16bit,testcontinuedpretrainingphi3mini4kinstructunslothmerged16bit,32.88243317032256,24,10.876132930513595,7,32.882433170322564,11.027190332326285,7.105427357601002e-15,0.15105740181268956
FuJhen_ft-openhermes-25-mistral-7b-irca-dpo-pairs,real_attachments/C_efficiency_evolution/detailed_results/FuJhen_ft-openhermes-25-mistral-7b-irca-dpo-pairs/results_2024-09-14T01-13-21.040681.json,False,FuJhen/ft-openhermes-25-mistral-7b-irca-dpo-pairs,ftopenhermes25mistral7bircadpopairs,26.596860970431894,24,0.1510574018126888,7,26.59686097043189,4.833836858006042,3.552713678800501e-15,4.682779456193353
FuJhen_mistral-instruct-7B-DPO,real_attachments/C_efficiency_evolution/detailed_results/FuJhen_mistral-instruct-7B-DPO/results_2024-09-14T01-09-08.984631.json,False,FuJhen/mistral-instruct-7B-DPO,mistralinstruct7bdpo,24.925827194936446,24,3.474320241691843,7,24.92582719493644,3.8519637462235647,7.105427357601002e-15,0.3776435045317217
FuJhen_mistral_7b_v0.1_structedData_e2e,real_attachments/C_efficiency_evolution/detailed_results/FuJhen_mistral_7b_v0.1_structedData_e2e/results_2024-09-18T13-35-58.119143.json,False,FuJhen/mistral_7b_v0.1_structedData_e2e,mistral7bv01structeddatae2e,18.06242392393546,24,0.22658610271903326,7,18.06242392393546,0.4531722054380665,0.0,0.22658610271903326
FuJhen_mistral_7b_v0.1_structedData_viggo,real_attachments/C_efficiency_evolution/detailed_results/FuJhen_mistral_7b_v0.1_structedData_viggo/results_2025-02-13T18-27-04.338360.json,False,FuJhen/mistral_7b_v0.1_structedData_viggo,mistral7bv01structeddataviggo,23.960171694414896,24,2.8700906344410875,7,23.960171694414896,2.8700906344410875,0.0,0.0
FuseAI_FuseChat-7B-v2.0,real_attachments/C_efficiency_evolution/detailed_results/FuseAI_FuseChat-7B-v2.0/results_2025-02-13T18-27-04.338360.json,False,FuseAI/FuseChat-7B-v2.0,fusechat7bv20,29.34163818078292,24,6.117824773413897,7,29.341638180782923,6.117824773413897,3.552713678800501e-15,0.0
FuseAI_FuseChat-Llama-3.1-8B-Instruct,real_attachments/C_efficiency_evolution/detailed_results/FuseAI_FuseChat-Llama-3.1-8B-Instruct/results_2025-01-07T07-01-34.828380.json,False,FuseAI/FuseChat-Llama-3.1-8B-Instruct,fusechatllama318binstruct,30.848065216229575,24,7.02416918429003,7,30.84806521622957,24.773413897280967,3.552713678800501e-15,17.749244712990937
FuseAI_FuseChat-Llama-3.2-3B-Instruct,real_attachments/C_efficiency_evolution/detailed_results/FuseAI_FuseChat-Llama-3.2-3B-Instruct/results_2025-02-18T20-26-21.852409.json,False,FuseAI/FuseChat-Llama-3.2-3B-Instruct,fusechatllama323binstruct,24.2199004496583,24,24.244712990936556,7,24.2199004496583,24.24471299093656,0.0,3.552713678800501e-15
FuseAI_FuseChat-Qwen-2.5-7B-Instruct,real_attachments/C_efficiency_evolution/detailed_results/FuseAI_FuseChat-Qwen-2.5-7B-Instruct/results_2025-02-13T18-27-04.338360.json,False,FuseAI/FuseChat-Qwen-2.5-7B-Instruct,fusechatqwen257binstruct,36.25134763068276,24,45.61933534743202,7,36.25134763068275,45.61933534743202,7.105427357601002e-15,0.0
GalrionSoftworks_MN-LooseCannon-12B-v1,real_attachments/C_efficiency_evolution/detailed_results/GalrionSoftworks_MN-LooseCannon-12B-v1/results_2025-02-13T18-27-04.338360.json,False,GalrionSoftworks/MN-LooseCannon-12B-v1,mnloosecannon12bv1,29.976062092951295,24,8.534743202416918,7,29.97606209295129,8.534743202416918,3.552713678800501e-15,0.0
GalrionSoftworks_MagnusIntellectus-12B-v1,real_attachments/C_efficiency_evolution/detailed_results/GalrionSoftworks_MagnusIntellectus-12B-v1/results_2025-02-13T18-27-04.338360.json,False,GalrionSoftworks/MagnusIntellectus-12B-v1,magnusintellectus12bv1,33.26225439614359,24,6.495468277945619,7,33.26225439614359,6.495468277945619,0.0,0.0
GenVRadmin_AryaBhatta-GemmaOrca-2-Merged,real_attachments/C_efficiency_evolution/detailed_results/GenVRadmin_AryaBhatta-GemmaOrca-2-Merged/results_2025-02-06T10-54-15.198935.json,False,GenVRadmin/AryaBhatta-GemmaOrca-2-Merged,aryabhattagemmaorca2merged,13.661591696662837,24,0.9818731117824773,7,13.66159169666284,4.984894259818732,3.552713678800501e-15,4.003021148036254
GenVRadmin_AryaBhatta-GemmaOrca-Merged,real_attachments/C_efficiency_evolution/detailed_results/GenVRadmin_AryaBhatta-GemmaOrca-Merged/results_2025-02-06T10-43-35.410744.json,False,GenVRadmin/AryaBhatta-GemmaOrca-Merged,aryabhattagemmaorcamerged,17.683588205449606,24,2.2658610271903323,7,17.68358820544961,5.13595166163142,3.552713678800501e-15,2.870090634441088
GenVRadmin_AryaBhatta-GemmaUltra-Merged,real_attachments/C_efficiency_evolution/detailed_results/GenVRadmin_AryaBhatta-GemmaUltra-Merged/results_2025-02-13T18-27-04.338360.json,False,GenVRadmin/AryaBhatta-GemmaUltra-Merged,aryabhattagemmaultramerged,17.96825031857262,24,5.362537764350453,7,17.96825031857262,5.362537764350453,0.0,0.0
GenVRadmin_llama38bGenZ_Vikas-Merged,real_attachments/C_efficiency_evolution/detailed_results/GenVRadmin_llama38bGenZ_Vikas-Merged/results_2025-02-06T10-43-30.868879.json,False,GenVRadmin/llama38bGenZ_Vikas-Merged,llama38bgenzvikasmerged,23.131910422007778,24,4.607250755287009,7,23.13191042200777,5.740181268882175,7.105427357601002e-15,1.1329305135951664
GoToCompany_gemma2-9b-cpt-sahabatai-v1-instruct,real_attachments/C_efficiency_evolution/detailed_results/GoToCompany_gemma2-9b-cpt-sahabatai-v1-instruct/results_2024-11-21T16-06-20.952173.json,False,GoToCompany/gemma2-9b-cpt-sahabatai-v1-instruct,gemma29bcptsahabataiv1instruct,41.86650373118869,24,19.788519637462233,7,41.86650373118869,20.54380664652568,0.0,0.7552870090634478
GoToCompany_llama3-8b-cpt-sahabatai-v1-instruct,real_attachments/C_efficiency_evolution/detailed_results/GoToCompany_llama3-8b-cpt-sahabatai-v1-instruct/results_2025-02-13T18-27-04.338360.json,False,GoToCompany/llama3-8b-cpt-sahabatai-v1-instruct,llama38bcptsahabataiv1instruct,28.53952939391592,24,12.764350453172204,7,28.53952939391592,12.764350453172204,0.0,0.0
Goekdeniz-Guelmez_Josiefied-Qwen2.5-0.5B-Instruct-abliterated-v1,real_attachments/C_efficiency_evolution/detailed_results/Goekdeniz-Guelmez_Josiefied-Qwen2.5-0.5B-Instruct-abliterated-v1/results_2025-02-13T18-27-04.338360.json,False,Goekdeniz-Guelmez/Josiefied-Qwen2.5-0.5B-Instruct-abliterated-v1,josiefiedqwen2505binstructabliteratedv1,6.845785955173546,24,8.91238670694864,7,,,,
Goekdeniz-Guelmez_Josiefied-Qwen2.5-1.5B-Instruct-abliterated-v1,real_attachments/C_efficiency_evolution/detailed_results/Goekdeniz-Guelmez_Josiefied-Qwen2.5-1.5B-Instruct-abliterated-v1/results_2024-09-28T10-58-22.921064.json,False,Goekdeniz-Guelmez/Josiefied-Qwen2.5-1.5B-Instruct-abliterated-v1,josiefiedqwen2515binstructabliteratedv1,18.30601328940368,24,1.7371601208459215,7,18.30601328940368,20.84592145015106,0.0,19.10876132930514
Goekdeniz-Guelmez_Josiefied-Qwen2.5-1.5B-Instruct-abliterated-v2,real_attachments/C_efficiency_evolution/detailed_results/Goekdeniz-Guelmez_Josiefied-Qwen2.5-1.5B-Instruct-abliterated-v2/results_2024-09-28T10-55-49.897632.json,False,Goekdeniz-Guelmez/Josiefied-Qwen2.5-1.5B-Instruct-abliterated-v2,josiefiedqwen2515binstructabliteratedv2,16.49950321130282,24,0.9818731117824773,7,16.499503211302823,12.68882175226586,3.552713678800501e-15,11.706948640483382
Goekdeniz-Guelmez_Josiefied-Qwen2.5-1.5B-Instruct-abliterated-v3,real_attachments/C_efficiency_evolution/detailed_results/Goekdeniz-Guelmez_Josiefied-Qwen2.5-1.5B-Instruct-abliterated-v3/results_2024-09-28T10-55-18.813510.json,False,Goekdeniz-Guelmez/Josiefied-Qwen2.5-1.5B-Instruct-abliterated-v3,josiefiedqwen2515binstructabliteratedv3,16.439711885397816,24,0.6042296072507553,7,16.439711885397813,13.066465256797583,3.552713678800501e-15,12.462235649546828
Goekdeniz-Guelmez_Josiefied-Qwen2.5-14B-Instruct-abliterated-v4,real_attachments/C_efficiency_evolution/detailed_results/Goekdeniz-Guelmez_Josiefied-Qwen2.5-14B-Instruct-abliterated-v4/results_2025-02-13T18-27-04.338360.json,False,Goekdeniz-Guelmez/Josiefied-Qwen2.5-14B-Instruct-abliterated-v4,josiefiedqwen2514binstructabliteratedv4,48.052269929692855,24,54.229607250755286,7,48.05226992969286,54.229607250755286,7.105427357601002e-15,0.0
Goekdeniz-Guelmez_Josiefied-Qwen2.5-7B-Instruct-abliterated-v2,real_attachments/C_efficiency_evolution/detailed_results/Goekdeniz-Guelmez_Josiefied-Qwen2.5-7B-Instruct-abliterated-v2/results_2025-02-13T18-27-04.338360.json,False,Goekdeniz-Guelmez/Josiefied-Qwen2.5-7B-Instruct-abliterated-v2,josiefiedqwen257binstructabliteratedv2,33.33398601463088,24,45.31722054380665,7,,,,
Goekdeniz-Guelmez_j.o.s.i.e.v4o-1.5b-dpo-stage1-v1,real_attachments/C_efficiency_evolution/detailed_results/Goekdeniz-Guelmez_j.o.s.i.e.v4o-1.5b-dpo-stage1-v1/results_2025-02-13T18-27-04.338360.json,False,Goekdeniz-Guelmez/j.o.s.i.e.v4o-1.5b-dpo-stage1-v1,josiev4o15bdpostage1v1,17.748016873381815,24,12.009063444108762,7,17.748016873381815,12.009063444108762,0.0,0.0
Goekdeniz-Guelmez_josie-3b-v6.0,real_attachments/C_efficiency_evolution/detailed_results/Goekdeniz-Guelmez_josie-3b-v6.0/results_2025-02-13T18-27-04.338360.json,False,Goekdeniz-Guelmez/josie-3b-v6.0,josie3bv60,22.87108835512943,24,29.38066465256798,7,22.87108835512943,29.38066465256798,0.0,0.0
Goekdeniz-Guelmez_josie-7b-v6.0,real_attachments/C_efficiency_evolution/detailed_results/Goekdeniz-Guelmez_josie-7b-v6.0/results_2025-02-13T18-27-04.338360.json,False,Goekdeniz-Guelmez/josie-7b-v6.0,josie7bv60,30.44475330982171,24,43.58006042296073,7,30.44475330982171,43.58006042296073,0.0,0.0
Goekdeniz-Guelmez_josie-7b-v6.0-step2000,real_attachments/C_efficiency_evolution/detailed_results/Goekdeniz-Guelmez_josie-7b-v6.0-step2000/results_2025-02-13T18-27-04.338360.json,False,Goekdeniz-Guelmez/josie-7b-v6.0-step2000,josie7bv60step2000,30.395812905314894,24,42.37160120845921,7,,,,
GreenNode_GreenNode-small-9B-it,real_attachments/C_efficiency_evolution/detailed_results/GreenNode_GreenNode-small-9B-it/results_2025-02-13T18-27-04.338360.json,False,GreenNode/GreenNode-small-9B-it,greennodesmall9bit,41.899925635193455,24,17.447129909365557,7,41.899925635193455,17.447129909365557,0.0,0.0
GritLM_GritLM-7B-KTO,real_attachments/C_efficiency_evolution/detailed_results/GritLM_GritLM-7B-KTO/results_2025-02-13T18-27-04.338360.json,False,GritLM/GritLM-7B-KTO,gritlm7bkto,27.90431762303384,24,2.719033232628399,7,27.904317623033844,2.719033232628399,3.552713678800501e-15,0.0
GritLM_GritLM-8x7B-KTO,real_attachments/C_efficiency_evolution/detailed_results/GritLM_GritLM-8x7B-KTO/results_2025-02-13T18-27-04.338360.json,False,GritLM/GritLM-8x7B-KTO,gritlm8x7bkto,40.82616155946009,24,12.235649546827794,7,40.8261615594601,12.235649546827794,7.105427357601002e-15,0.0
Groq_Llama-3-Groq-8B-Tool-Use,real_attachments/C_efficiency_evolution/detailed_results/Groq_Llama-3-Groq-8B-Tool-Use/results_2025-02-13T18-27-04.338360.json,False,Groq/Llama-3-Groq-8B-Tool-Use,llama3groq8btooluse,27.254234386573224,24,6.042296072507553,7,27.254234386573227,6.042296072507553,3.552713678800501e-15,0.0
Gryphe_Pantheon-RP-1.0-8b-Llama-3,real_attachments/C_efficiency_evolution/detailed_results/Gryphe_Pantheon-RP-1.0-8b-Llama-3/results_2025-02-13T18-27-04.338360.json,False,Gryphe/Pantheon-RP-1.0-8b-Llama-3,pantheonrp108bllama3,23.6319146881113,24,6.3444108761329305,7,23.631914688111305,6.3444108761329305,3.552713678800501e-15,0.0
Gryphe_Pantheon-RP-1.5-12b-Nemo,real_attachments/C_efficiency_evolution/detailed_results/Gryphe_Pantheon-RP-1.5-12b-Nemo/results_2025-02-13T18-27-04.338360.json,False,Gryphe/Pantheon-RP-1.5-12b-Nemo,pantheonrp1512bnemo,31.750144021634007,24,4.909365558912387,7,31.750144021634004,4.909365558912387,3.552713678800501e-15,0.0
Gryphe_Pantheon-RP-1.6-12b-Nemo,real_attachments/C_efficiency_evolution/detailed_results/Gryphe_Pantheon-RP-1.6-12b-Nemo/results_2025-02-13T18-27-04.338360.json,False,Gryphe/Pantheon-RP-1.6-12b-Nemo,pantheonrp1612bnemo,31.687343826178378,24,4.607250755287009,7,31.68734382617837,4.607250755287009,7.105427357601002e-15,0.0
Gryphe_Pantheon-RP-1.6-12b-Nemo-KTO,real_attachments/C_efficiency_evolution/detailed_results/Gryphe_Pantheon-RP-1.6-12b-Nemo-KTO/results_2025-02-13T18-27-04.338360.json,False,Gryphe/Pantheon-RP-1.6-12b-Nemo-KTO,pantheonrp1612bnemokto,33.03220036942565,24,5.287009063444108,7,33.032200369425645,5.287009063444108,7.105427357601002e-15,0.0
Gryphe_Pantheon-RP-Pure-1.6.2-22b-Small,real_attachments/C_efficiency_evolution/detailed_results/Gryphe_Pantheon-RP-Pure-1.6.2-22b-Small/results_2025-02-13T18-27-04.338360.json,False,Gryphe/Pantheon-RP-Pure-1.6.2-22b-Small,pantheonrppure16222bsmall,31.683163209870653,24,20.241691842900302,7,31.68316320987065,20.241691842900305,3.552713678800501e-15,3.552713678800501e-15
Gunulhona_Gemma-Ko-Merge,real_attachments/C_efficiency_evolution/detailed_results/Gunulhona_Gemma-Ko-Merge/results_2024-10-29T06-01-37.065452.json,False,Gunulhona/Gemma-Ko-Merge,gemmakomerge,38.7871970732687,24,0.1510574018126888,7,38.78719707326869,18.80664652567976,7.105427357601002e-15,18.65558912386707
Gunulhona_Gemma-Ko-Merge-PEFT,real_attachments/C_efficiency_evolution/detailed_results/Gunulhona_Gemma-Ko-Merge-PEFT/results_2025-02-13T18-27-04.338360.json,False,Gunulhona/Gemma-Ko-Merge-PEFT,gemmakomergepeft,26.015069295888743,24,0.0,7,,,,
HPAI-BSC_Llama3-Aloe-8B-Alpha,real_attachments/C_efficiency_evolution/detailed_results/HPAI-BSC_Llama3-Aloe-8B-Alpha/results_2024-10-29T15-05-18.647108.json,False,HPAI-BSC/Llama3-Aloe-8B-Alpha,llama3aloe8balpha,27.145977577581775,24,5.362537764350453,7,27.14597757758177,6.117824773413897,3.552713678800501e-15,0.7552870090634443
HPAI-BSC_Llama3.1-Aloe-Beta-8B,real_attachments/C_efficiency_evolution/detailed_results/HPAI-BSC_Llama3.1-Aloe-Beta-8B/results_2024-11-06T18-55-21.201805.json,False,HPAI-BSC/Llama3.1-Aloe-Beta-8B,llama31aloebeta8b,30.716273989354075,24,14.577039274924472,7,30.36962478134476,18.27794561933535,0.346649208009314,3.7009063444108765
HPAI-BSC_Qwen2.5-Aloe-Beta-7B,real_attachments/C_efficiency_evolution/detailed_results/HPAI-BSC_Qwen2.5-Aloe-Beta-7B/results_2024-12-18T05-23-22.292212.json,False,HPAI-BSC/Qwen2.5-Aloe-Beta-7B,qwen25aloebeta7b,30.331604599688326,24,8.459214501510575,7,30.33160459968833,35.422960725075534,3.552713678800501e-15,26.96374622356496
Hastagaras_Llama-3.1-Jamet-8B-MK.I,real_attachments/C_efficiency_evolution/detailed_results/Hastagaras_Llama-3.1-Jamet-8B-MK.I/results_2024-11-19T23-48-47.605970.json,False,Hastagaras/Llama-3.1-Jamet-8B-MK.I,llama31jamet8bmki,29.503904748319478,24,12.537764350453173,7,29.503904748319474,12.68882175226586,3.552713678800501e-15,0.151057401812686
Hastagaras_Zabuza-8B-Llama-3.1,real_attachments/C_efficiency_evolution/detailed_results/Hastagaras_Zabuza-8B-Llama-3.1/results_2024-11-06T19-01-58.072743.json,False,Hastagaras/Zabuza-8B-Llama-3.1,zabuza8bllama31,23.220320849670458,24,4.229607250755287,7,23.220320849670458,5.5135951661631415,0.0,1.2839879154078542
HelpingAI_Cipher-20B,real_attachments/C_efficiency_evolution/detailed_results/HelpingAI_Cipher-20B/results_2025-02-13T18-27-04.338360.json,False,HelpingAI/Cipher-20B,cipher20b,43.43973598811683,24,19.939577039274926,7,43.43973598811683,19.939577039274926,0.0,0.0
HelpingAI_Priya-10B,real_attachments/C_efficiency_evolution/detailed_results/HelpingAI_Priya-10B/results_2025-02-13T18-27-04.338360.json,False,HelpingAI/Priya-10B,priya10b,19.96679684299346,24,1.8882175226586102,7,19.96679684299346,1.8882175226586104,0.0,2.220446049250313e-16
HelpingAI_Priya-3B,real_attachments/C_efficiency_evolution/detailed_results/HelpingAI_Priya-3B/results_2025-02-13T18-27-04.338360.json,False,HelpingAI/Priya-3B,priya3b,14.335273409626756,24,1.4350453172205437,7,14.335273409626751,1.4350453172205435,5.329070518200751e-15,2.220446049250313e-16
HeraiHench_Double-Down-Qwen-Math-7B,real_attachments/C_efficiency_evolution/detailed_results/HeraiHench_Double-Down-Qwen-Math-7B/results_2025-02-13T18-27-04.338360.json,False,HeraiHench/Double-Down-Qwen-Math-7B,doubledownqwenmath7b,1.9548697694104624,24,0.0755287009063444,7,1.9548697694104624,0.0755287009063444,0.0,0.0
HeraiHench_Marge-Qwen-Math-7B,real_attachments/C_efficiency_evolution/detailed_results/HeraiHench_Marge-Qwen-Math-7B/results_2025-02-13T18-27-04.338360.json,False,HeraiHench/Marge-Qwen-Math-7B,margeqwenmath7b,3.363509103932151,24,0.5287009063444109,7,3.363509103932151,0.5287009063444109,0.0,0.0
HeraiHench_Phi-4-slerp-ReasoningRP-14B,real_attachments/C_efficiency_evolution/detailed_results/HeraiHench_Phi-4-slerp-ReasoningRP-14B/results_2025-01-29T13-31-01.353343.json,False,HeraiHench/Phi-4-slerp-ReasoningRP-14B,phi4slerpreasoningrp14b,18.8853764817121,24,0.0,7,18.8853764817121,0.0,0.0,0.0
HiroseKoichi_Llama-Salad-4x8B-V3,real_attachments/C_efficiency_evolution/detailed_results/HiroseKoichi_Llama-Salad-4x8B-V3/results_2025-02-13T18-27-04.338360.json,False,HiroseKoichi/Llama-Salad-4x8B-V3,llamasalad4x8bv3,31.92884881074505,24,9.592145015105741,7,31.92884881074505,9.59214501510574,0.0,1.7763568394002505e-15
HoangHa_Pensez-Llama3.1-8B,real_attachments/C_efficiency_evolution/detailed_results/HoangHa_Pensez-Llama3.1-8B/results_2025-02-24T17-22-21.367738.json,False,HoangHa/Pensez-Llama3.1-8B,pensezllama318b,24.84515798598393,24,11.48036253776435,7,24.84515798598393,11.48036253776435,0.0,0.0
HuggingFaceH4_zephyr-7b-alpha,real_attachments/C_efficiency_evolution/detailed_results/HuggingFaceH4_zephyr-7b-alpha/results_2025-02-13T18-27-04.338360.json,False,HuggingFaceH4/zephyr-7b-alpha,zephyr7balpha,23.890291427068444,24,,0,23.890291427068444,1.9637462235649543,0.0,
HuggingFaceH4_zephyr-7b-beta,real_attachments/C_efficiency_evolution/detailed_results/HuggingFaceH4_zephyr-7b-beta/results_2025-02-13T18-27-04.338360.json,False,HuggingFaceH4/zephyr-7b-beta,zephyr7bbeta,21.48754218280674,24,2.8700906344410875,7,21.48754218280673,2.8700906344410875,1.0658141036401503e-14,0.0
HuggingFaceH4_zephyr-7b-gemma-v0.1,real_attachments/C_efficiency_evolution/detailed_results/HuggingFaceH4_zephyr-7b-gemma-v0.1/results_2024-06-16T15-58-33.412754.json,False,HuggingFaceH4/zephyr-7b-gemma-v0.1,zephyr7bgemmav01,24.04605663184797,24,,0,23.751162749201274,8.157099697885197,0.29489388264669714,
HuggingFaceH4_zephyr-orpo-141b-A35b-v0.1,real_attachments/C_efficiency_evolution/detailed_results/HuggingFaceH4_zephyr-orpo-141b-A35b-v0.1/results_2025-02-13T18-27-04.338360.json,False,HuggingFaceH4/zephyr-orpo-141b-A35b-v0.1,zephyrorpo141ba35bv01,47.49094225604011,24,20.468277945619334,7,47.5037962865412,20.46827794561933,0.012854030501095792,3.552713678800501e-15
HuggingFaceTB_SmolLM-1.7B,real_attachments/C_efficiency_evolution/detailed_results/HuggingFaceTB_SmolLM-1.7B/results_2025-02-13T18-27-04.338360.json,False,HuggingFaceTB/SmolLM-1.7B,smollm17b,4.4111278515492005,24,1.6616314199395772,7,4.4111278515492005,1.6616314199395772,0.0,0.0
HuggingFaceTB_SmolLM-1.7B-Instruct,real_attachments/C_efficiency_evolution/detailed_results/HuggingFaceTB_SmolLM-1.7B-Instruct/results_2025-02-13T18-27-04.338360.json,False,HuggingFaceTB/SmolLM-1.7B-Instruct,smollm17binstruct,2.0803742908537424,24,2.1148036253776437,7,2.0803742908537424,2.114803625377644,0.0,4.440892098500626e-16
HuggingFaceTB_SmolLM-135M,real_attachments/C_efficiency_evolution/detailed_results/HuggingFaceTB_SmolLM-135M/results_2025-02-13T18-27-04.338360.json,False,HuggingFaceTB/SmolLM-135M,smollm135m,3.285399822085261,24,1.3595166163141994,7,3.2853998220852616,1.3595166163141994,4.440892098500626e-16,0.0
HuggingFaceTB_SmolLM-135M-Instruct,real_attachments/C_efficiency_evolution/detailed_results/HuggingFaceTB_SmolLM-135M-Instruct/results_2025-02-13T18-27-04.338360.json,False,HuggingFaceTB/SmolLM-135M-Instruct,smollm135minstruct,2.6929580047045802,24,0.5287009063444109,7,2.69295800470458,0.5287009063444109,4.440892098500626e-16,0.0
HuggingFaceTB_SmolLM-360M,real_attachments/C_efficiency_evolution/detailed_results/HuggingFaceTB_SmolLM-360M/results_2025-02-13T18-27-04.338360.json,False,HuggingFaceTB/SmolLM-360M,smollm360m,3.2849153032465916,24,1.1329305135951662,7,3.284915303246592,1.1329305135951662,4.440892098500626e-16,0.0
HuggingFaceTB_SmolLM-360M-Instruct,real_attachments/C_efficiency_evolution/detailed_results/HuggingFaceTB_SmolLM-360M-Instruct/results_2025-02-13T18-27-04.338360.json,False,HuggingFaceTB/SmolLM-360M-Instruct,smollm360minstruct,2.0803742908537424,24,1.812688821752266,7,2.0803742908537424,1.812688821752266,0.0,0.0
HuggingFaceTB_SmolLM2-1.7B,real_attachments/C_efficiency_evolution/detailed_results/HuggingFaceTB_SmolLM2-1.7B/results_2025-02-13T18-27-04.338360.json,False,HuggingFaceTB/SmolLM2-1.7B,smollm217b,9.30178845955168,24,2.643504531722054,7,9.301788459551682,2.643504531722054,1.7763568394002505e-15,0.0
HuggingFaceTB_SmolLM2-1.7B-Instruct,real_attachments/C_efficiency_evolution/detailed_results/HuggingFaceTB_SmolLM2-1.7B-Instruct/results_2025-02-13T18-27-04.338360.json,False,HuggingFaceTB/SmolLM2-1.7B-Instruct,smollm217binstruct,10.917989226208064,24,5.81570996978852,7,10.917989226208066,5.81570996978852,1.7763568394002505e-15,0.0
HuggingFaceTB_SmolLM2-135M,real_attachments/C_efficiency_evolution/detailed_results/HuggingFaceTB_SmolLM2-135M/results_2025-02-13T18-27-04.338360.json,False,HuggingFaceTB/SmolLM2-135M,smollm2135m,3.70807758683998,24,1.2084592145015105,7,3.70807758683998,1.2084592145015105,0.0,0.0
HuggingFaceTB_SmolLM2-135M-Instruct,real_attachments/C_efficiency_evolution/detailed_results/HuggingFaceTB_SmolLM2-135M-Instruct/results_2025-02-13T18-27-04.338360.json,False,HuggingFaceTB/SmolLM2-135M-Instruct,smollm2135minstruct,4.796275744662445,24,1.4350453172205437,7,,,,
HuggingFaceTB_SmolLM2-360M,real_attachments/C_efficiency_evolution/detailed_results/HuggingFaceTB_SmolLM2-360M/results_2025-02-13T18-27-04.338360.json,False,HuggingFaceTB/SmolLM2-360M,smollm2360m,5.543603155369512,24,1.2084592145015105,7,5.543603155369513,1.2084592145015105,8.881784197001252e-16,0.0
HuggingFaceTB_SmolLM2-360M-Instruct,real_attachments/C_efficiency_evolution/detailed_results/HuggingFaceTB_SmolLM2-360M-Instruct/results_2025-02-13T18-27-04.338360.json,False,HuggingFaceTB/SmolLM2-360M-Instruct,smollm2360minstruct,4.173863636363637,24,1.5105740181268883,7,,,,
HumanLLMs_Humanish-LLama3-8B-Instruct,real_attachments/C_efficiency_evolution/detailed_results/HumanLLMs_Humanish-LLama3-8B-Instruct/results_2025-02-13T18-27-04.338360.json,False,HumanLLMs/Humanish-LLama3-8B-Instruct,humanishllama38binstruct,28.012476599572,24,10.27190332326284,7,28.012476599572,10.27190332326284,0.0,0.0
HumanLLMs_Humanish-Mistral-Nemo-Instruct-2407,real_attachments/C_efficiency_evolution/detailed_results/HumanLLMs_Humanish-Mistral-Nemo-Instruct-2407/results_2024-10-07T02-41-47.679146.json,False,HumanLLMs/Humanish-Mistral-Nemo-Instruct-2407,humanishmistralnemoinstruct2407,32.70961342122556,24,7.628398791540786,7,32.70961342122556,13.670694864048338,0.0,6.042296072507552
HumanLLMs_Humanish-Qwen2.5-7B-Instruct,real_attachments/C_efficiency_evolution/detailed_results/HumanLLMs_Humanish-Qwen2.5-7B-Instruct/results_2025-02-13T18-27-04.338360.json,False,HumanLLMs/Humanish-Qwen2.5-7B-Instruct,humanishqwen257binstruct,34.47899758661866,24,50.0,7,34.47899758661866,50.0,0.0,0.0
IDEA-CCNL_Ziya-LLaMA-13B-v1,real_attachments/C_efficiency_evolution/detailed_results/IDEA-CCNL_Ziya-LLaMA-13B-v1/results_2025-02-13T18-27-04.338360.json,False,IDEA-CCNL/Ziya-LLaMA-13B-v1,ziyallama13bv1,1.4636170460989153,24,0.0,7,1.4636170460989155,0.0,2.220446049250313e-16,0.0
INSAIT-Institute_BgGPT-Gemma-2-27B-IT-v1.0,real_attachments/C_efficiency_evolution/detailed_results/INSAIT-Institute_BgGPT-Gemma-2-27B-IT-v1.0/results_2025-02-13T18-27-04.338360.json,False,INSAIT-Institute/BgGPT-Gemma-2-27B-IT-v1.0,bggptgemma227bitv10,2.3470409575204094,24,0.0,7,2.3470409575204094,0.0,0.0,0.0
IlyaGusev_gemma-2-2b-it-abliterated,real_attachments/C_efficiency_evolution/detailed_results/IlyaGusev_gemma-2-2b-it-abliterated/results_2025-02-13T18-27-04.338360.json,False,IlyaGusev/gemma-2-2b-it-abliterated,gemma22bitabliterated,16.79633450466176,24,6.117824773413897,7,16.796334504661765,6.117824773413897,3.552713678800501e-15,0.0
IlyaGusev_gemma-2-9b-it-abliterated,real_attachments/C_efficiency_evolution/detailed_results/IlyaGusev_gemma-2-9b-it-abliterated/results_2025-02-13T18-27-04.338360.json,False,IlyaGusev/gemma-2-9b-it-abliterated,gemma29bitabliterated,40.82468502686296,24,17.749244712990937,7,40.82468502686295,17.749244712990937,7.105427357601002e-15,0.0
Infinirc_Infinirc-Llama3-8B-2G-Release-v1.0,real_attachments/C_efficiency_evolution/detailed_results/Infinirc_Infinirc-Llama3-8B-2G-Release-v1.0/results_2025-02-13T18-27-04.338360.json,False,Infinirc/Infinirc-Llama3-8B-2G-Release-v1.0,infinircllama38b2greleasev10,20.83116494676627,24,1.6616314199395772,7,20.83116494676627,1.6616314199395772,0.0,0.0
Intel_neural-chat-7b-v3,real_attachments/C_efficiency_evolution/detailed_results/Intel_neural-chat-7b-v3/results_2025-02-13T18-27-04.338360.json,False,Intel/neural-chat-7b-v3,neuralchat7bv3,30.205692320538084,24,2.9456193353474323,7,30.205692320538088,2.9456193353474323,3.552713678800501e-15,0.0
Intel_neural-chat-7b-v3-1,real_attachments/C_efficiency_evolution/detailed_results/Intel_neural-chat-7b-v3-1/results_2025-02-13T18-27-04.338360.json,False,Intel/neural-chat-7b-v3-1,neuralchat7bv31,29.739752367616195,24,3.5498489425981874,7,29.7397523676162,3.5498489425981874,7.105427357601002e-15,0.0
Intel_neural-chat-7b-v3-2,real_attachments/C_efficiency_evolution/detailed_results/Intel_neural-chat-7b-v3-2/results_2025-02-13T18-27-04.338360.json,False,Intel/neural-chat-7b-v3-2,neuralchat7bv32,30.237457969159436,24,4.758308157099698,7,30.237457969159426,4.758308157099698,1.0658141036401503e-14,0.0
IntervitensInc_internlm2_5-20b-llamafied,real_attachments/C_efficiency_evolution/detailed_results/IntervitensInc_internlm2_5-20b-llamafied/results_2024-11-11T12-07-29.151211.json,False,IntervitensInc/internlm2_5-20b-llamafied,internlm2520bllamafied,63.470579524294365,24,17.069486404833835,7,63.47057952429436,17.14501510574018,7.105427357601002e-15,0.075528700906343
Invalid-Null_PeiYangMe-0.5,real_attachments/C_efficiency_evolution/detailed_results/Invalid-Null_PeiYangMe-0.5/results_2025-02-13T18-27-04.338360.json,False,Invalid-Null/PeiYangMe-0.5,peiyangme05,1.474577143988909,24,0.0,7,1.4745771439889088,0.0,2.220446049250313e-16,0.0
Invalid-Null_PeiYangMe-0.7,real_attachments/C_efficiency_evolution/detailed_results/Invalid-Null_PeiYangMe-0.7/results_2025-02-13T18-27-04.338360.json,False,Invalid-Null/PeiYangMe-0.7,peiyangme07,3.6007977173857806,24,1.1329305135951662,7,3.600797717385781,1.1329305135951662,4.440892098500626e-16,0.0
Isaak-Carter_JOSIEv4o-8b-stage1-v4,real_attachments/C_efficiency_evolution/detailed_results/Isaak-Carter_JOSIEv4o-8b-stage1-v4/results_2025-02-13T18-27-04.338360.json,False,Isaak-Carter/JOSIEv4o-8b-stage1-v4,josiev4o8bstage1v4,25.7872756997585,24,5.287009063444108,7,,,,
Isaak-Carter_Josiefied-Qwen2.5-7B-Instruct-abliterated,real_attachments/C_efficiency_evolution/detailed_results/Isaak-Carter_Josiefied-Qwen2.5-7B-Instruct-abliterated/results_2024-09-21T14-45-46.127361.json,False,Isaak-Carter/Josiefied-Qwen2.5-7B-Instruct-abliterated,josiefiedqwen257binstructabliterated,34.90431568832308,24,0.0,7,34.904315688323074,49.24471299093656,7.105427357601002e-15,49.24471299093656
Isaak-Carter_Josiefied-Qwen2.5-7B-Instruct-abliterated-v2,real_attachments/C_efficiency_evolution/detailed_results/Isaak-Carter_Josiefied-Qwen2.5-7B-Instruct-abliterated-v2/results_2025-02-13T18-27-04.338360.json,False,Isaak-Carter/Josiefied-Qwen2.5-7B-Instruct-abliterated-v2,josiefiedqwen257binstructabliteratedv2,33.29453982021289,24,47.205438066465256,7,,,,
J-LAB_Thynk_orpo,real_attachments/C_efficiency_evolution/detailed_results/J-LAB_Thynk_orpo/results_2025-02-13T18-27-04.338360.json,False,J-LAB/Thynk_orpo,thynkorpo,22.06278394414437,24,14.803625377643503,7,22.062783944144368,14.803625377643504,3.552713678800501e-15,1.7763568394002505e-15
JackFram_llama-160m,real_attachments/C_efficiency_evolution/detailed_results/JackFram_llama-160m/results_2025-02-13T18-27-04.338360.json,False,JackFram/llama-160m,llama160m,2.0336061528527276,24,0.8308157099697886,7,2.033606152852728,0.8308157099697886,4.440892098500626e-16,0.0
JackFram_llama-68m,real_attachments/C_efficiency_evolution/detailed_results/JackFram_llama-68m/results_2025-02-13T18-27-04.338360.json,False,JackFram/llama-68m,llama68m,2.5910478068354776,24,0.6042296072507553,7,2.5910478068354776,0.6042296072507553,0.0,0.0
Jacoby746_Casual-Magnum-34B,real_attachments/C_efficiency_evolution/detailed_results/Jacoby746_Casual-Magnum-34B/results_2025-02-13T18-27-04.338360.json,False,Jacoby746/Casual-Magnum-34B,casualmagnum34b,43.05156762846774,24,9.214501510574017,7,43.05156762846773,9.214501510574015,7.105427357601002e-15,1.7763568394002505e-15
Jacoby746_Inf-Silent-Kunoichi-v0.1-2x7B,real_attachments/C_efficiency_evolution/detailed_results/Jacoby746_Inf-Silent-Kunoichi-v0.1-2x7B/results_2025-02-13T18-27-04.338360.json,False,Jacoby746/Inf-Silent-Kunoichi-v0.1-2x7B,infsilentkunoichiv012x7b,32.38700420411291,24,7.099697885196375,7,32.38700420411291,7.099697885196375,0.0,0.0
Jacoby746_Inf-Silent-Kunoichi-v0.2-2x7B,real_attachments/C_efficiency_evolution/detailed_results/Jacoby746_Inf-Silent-Kunoichi-v0.2-2x7B/results_2025-02-13T18-27-04.338360.json,False,Jacoby746/Inf-Silent-Kunoichi-v0.2-2x7B,infsilentkunoichiv022x7b,32.259183510828905,24,6.268882175226587,7,32.259183510828905,6.268882175226587,0.0,0.0
Jacoby746_Proto-Athena-4x7B,real_attachments/C_efficiency_evolution/detailed_results/Jacoby746_Proto-Athena-4x7B/results_2025-02-13T18-27-04.338360.json,False,Jacoby746/Proto-Athena-4x7B,protoathena4x7b,30.870822876627884,24,6.495468277945619,7,30.870822876627887,6.495468277945619,3.552713678800501e-15,0.0
Jacoby746_Proto-Athena-v0.2-4x7B,real_attachments/C_efficiency_evolution/detailed_results/Jacoby746_Proto-Athena-v0.2-4x7B/results_2025-02-13T18-27-04.338360.json,False,Jacoby746/Proto-Athena-v0.2-4x7B,protoathenav024x7b,30.340844330303675,24,6.3444108761329305,7,30.34084433030367,6.3444108761329305,3.552713678800501e-15,0.0
Jacoby746_Proto-Harpy-Blazing-Light-v0.1-2x7B,real_attachments/C_efficiency_evolution/detailed_results/Jacoby746_Proto-Harpy-Blazing-Light-v0.1-2x7B/results_2025-02-13T18-27-04.338360.json,False,Jacoby746/Proto-Harpy-Blazing-Light-v0.1-2x7B,protoharpyblazinglightv012x7b,32.63252990159268,24,7.477341389728097,7,32.63252990159268,7.477341389728097,0.0,0.0
Jacoby746_Proto-Harpy-Spark-v0.1-7B,real_attachments/C_efficiency_evolution/detailed_results/Jacoby746_Proto-Harpy-Spark-v0.1-7B/results_2025-02-13T18-27-04.338360.json,False,Jacoby746/Proto-Harpy-Spark-v0.1-7B,protoharpysparkv017b,26.913110159424864,24,6.193353474320242,7,26.913110159424864,6.193353474320242,0.0,0.0
JayHyeon_Qwen-0.5B-DPO-1epoch,real_attachments/C_efficiency_evolution/detailed_results/JayHyeon_Qwen-0.5B-DPO-1epoch/results_2025-02-13T18-27-04.338360.json,False,JayHyeon/Qwen-0.5B-DPO-1epoch,qwen05bdpo1epoch,5.543694750350673,24,2.8700906344410875,7,5.543694750350672,2.8700906344410875,8.881784197001252e-16,0.0
JayHyeon_Qwen-0.5B-DPO-5epoch,real_attachments/C_efficiency_evolution/detailed_results/JayHyeon_Qwen-0.5B-DPO-5epoch/results_2024-12-26T05-35-35.448012.json,False,JayHyeon/Qwen-0.5B-DPO-5epoch,qwen05bdpo5epoch,5.05669225833408,24,2.190332326283988,7,5.056692258334079,4.003021148036254,8.881784197001252e-16,1.8126888217522659
JayHyeon_Qwen-0.5B-IRPO-1epoch,real_attachments/C_efficiency_evolution/detailed_results/JayHyeon_Qwen-0.5B-IRPO-1epoch/results_2024-12-26T08-46-55.267826.json,False,JayHyeon/Qwen-0.5B-IRPO-1epoch,qwen05birpo1epoch,5.324351851851852,24,1.6616314199395772,7,5.324351851851852,3.1722054380664653,0.0,1.510574018126888
JayHyeon_Qwen-0.5B-IRPO-5epoch,real_attachments/C_efficiency_evolution/detailed_results/JayHyeon_Qwen-0.5B-IRPO-5epoch/results_2025-02-13T18-27-04.338360.json,False,JayHyeon/Qwen-0.5B-IRPO-5epoch,qwen05birpo5epoch,5.7113344972692275,24,3.2477341389728096,7,5.711334497269228,3.2477341389728096,8.881784197001252e-16,0.0
JayHyeon_Qwen-0.5B-eDPO-1epoch,real_attachments/C_efficiency_evolution/detailed_results/JayHyeon_Qwen-0.5B-eDPO-1epoch/results_2025-02-13T18-27-04.338360.json,False,JayHyeon/Qwen-0.5B-eDPO-1epoch,qwen05bedpo1epoch,5.918400632703613,24,3.474320241691843,7,5.918400632703615,3.474320241691843,1.7763568394002505e-15,0.0
JayHyeon_Qwen-0.5B-eDPO-5epoch,real_attachments/C_efficiency_evolution/detailed_results/JayHyeon_Qwen-0.5B-eDPO-5epoch/results_2024-12-26T05-25-52.840251.json,False,JayHyeon/Qwen-0.5B-eDPO-5epoch,qwen05bedpo5epoch,5.197837690631808,24,1.283987915407855,7,5.197837690631808,2.3413897280966767,0.0,1.0574018126888216
JayHyeon_Qwen2.5-0.5B-Instruct-SFT,real_attachments/C_efficiency_evolution/detailed_results/JayHyeon_Qwen2.5-0.5B-Instruct-SFT/results_2025-02-13T18-27-04.338360.json,False,JayHyeon/Qwen2.5-0.5B-Instruct-SFT,qwen2505binstructsft,5.9324199421016495,24,3.927492447129909,7,5.93241994210165,3.927492447129909,8.881784197001252e-16,0.0
JayHyeon_Qwen2.5-0.5B-Instruct-SFT-DPO-1epoch_v1,real_attachments/C_efficiency_evolution/detailed_results/JayHyeon_Qwen2.5-0.5B-Instruct-SFT-DPO-1epoch_v1/results_2024-12-26T20-30-29.551698.json,False,JayHyeon/Qwen2.5-0.5B-Instruct-SFT-DPO-1epoch_v1,qwen2505binstructsftdpo1epochv1,6.126072910138181,24,3.625377643504532,7,6.12607291013818,6.495468277945618,8.881784197001252e-16,2.870090634441086
JayHyeon_Qwen2.5-0.5B-Instruct-SFT-IRPO-1epoch_v1,real_attachments/C_efficiency_evolution/detailed_results/JayHyeon_Qwen2.5-0.5B-Instruct-SFT-IRPO-1epoch_v1/results_2025-02-13T18-27-04.338360.json,False,JayHyeon/Qwen2.5-0.5B-Instruct-SFT-IRPO-1epoch_v1,qwen2505binstructsftirpo1epochv1,6.622365326648162,24,4.984894259818732,7,6.622365326648162,4.984894259818732,0.0,0.0
JayHyeon_Qwen2.5-0.5B-Instruct-SFT-MDPO-1epoch_v1,real_attachments/C_efficiency_evolution/detailed_results/JayHyeon_Qwen2.5-0.5B-Instruct-SFT-MDPO-1epoch_v1/results_2024-12-26T20-27-02.598498.json,False,JayHyeon/Qwen2.5-0.5B-Instruct-SFT-MDPO-1epoch_v1,qwen2505binstructsftmdpo1epochv1,6.129987166860654,24,2.794561933534743,7,6.129987166860655,5.664652567975831,8.881784197001252e-16,2.870090634441088
JayHyeon_Qwen2.5-0.5B-SFT,real_attachments/C_efficiency_evolution/detailed_results/JayHyeon_Qwen2.5-0.5B-SFT/results_2025-02-13T18-27-04.338360.json,False,JayHyeon/Qwen2.5-0.5B-SFT,qwen2505bsft,4.434475333512401,24,2.719033232628399,7,4.4344753335124,2.719033232628399,8.881784197001252e-16,0.0
JayHyeon_Qwen2.5-0.5B-SFT-1e-4,real_attachments/C_efficiency_evolution/detailed_results/JayHyeon_Qwen2.5-0.5B-SFT-1e-4/results_2024-12-28T09-28-08.864023.json,False,JayHyeon/Qwen2.5-0.5B-SFT-1e-4,qwen2505bsft1e4,4.3314933650227765,24,0.0755287009063444,7,4.331493365022777,1.8882175226586104,8.881784197001252e-16,1.812688821752266
JayHyeon_Qwen2.5-0.5B-SFT-1e-4-2ep,real_attachments/C_efficiency_evolution/detailed_results/JayHyeon_Qwen2.5-0.5B-SFT-1e-4-2ep/results_2025-02-13T18-27-04.338360.json,False,JayHyeon/Qwen2.5-0.5B-SFT-1e-4-2ep,qwen2505bsft1e42ep,5.650884333531392,24,2.643504531722054,7,5.650884333531393,2.643504531722054,8.881784197001252e-16,0.0
JayHyeon_Qwen2.5-0.5B-SFT-1e-4-3ep,real_attachments/C_efficiency_evolution/detailed_results/JayHyeon_Qwen2.5-0.5B-SFT-1e-4-3ep/results_2024-12-29T15-29-47.615567.json,False,JayHyeon/Qwen2.5-0.5B-SFT-1e-4-3ep,qwen2505bsft1e43ep,4.797235096058625,24,0.22658610271903326,7,4.797235096058625,2.643504531722054,0.0,2.4169184290030206
JayHyeon_Qwen2.5-0.5B-SFT-1e-4-5ep,real_attachments/C_efficiency_evolution/detailed_results/JayHyeon_Qwen2.5-0.5B-SFT-1e-4-5ep/results_2025-02-13T18-27-04.338360.json,False,JayHyeon/Qwen2.5-0.5B-SFT-1e-4-5ep,qwen2505bsft1e45ep,4.784241393250257,24,1.9637462235649545,7,4.784241393250257,1.9637462235649543,0.0,2.220446049250313e-16
JayHyeon_Qwen2.5-0.5B-SFT-1e-5,real_attachments/C_efficiency_evolution/detailed_results/JayHyeon_Qwen2.5-0.5B-SFT-1e-5/results_2025-02-13T18-27-04.338360.json,False,JayHyeon/Qwen2.5-0.5B-SFT-1e-5,qwen2505bsft1e5,4.213683823190269,24,3.7764350453172204,7,4.213683823190269,3.776435045317221,0.0,4.440892098500626e-16
JayHyeon_Qwen2.5-0.5B-SFT-1e-5-2ep,real_attachments/C_efficiency_evolution/detailed_results/JayHyeon_Qwen2.5-0.5B-SFT-1e-5-2ep/results_2024-12-30T00-38-42.524746.json,False,JayHyeon/Qwen2.5-0.5B-SFT-1e-5-2ep,qwen2505bsft1e52ep,5.619297426317974,24,0.3776435045317221,7,5.619297426317974,5.287009063444108,0.0,4.909365558912386
JayHyeon_Qwen2.5-0.5B-SFT-1e-5-3ep,real_attachments/C_efficiency_evolution/detailed_results/JayHyeon_Qwen2.5-0.5B-SFT-1e-5-3ep/results_2024-12-29T15-09-58.644085.json,False,JayHyeon/Qwen2.5-0.5B-SFT-1e-5-3ep,qwen2505bsft1e53ep,6.246296486215906,24,0.22658610271903326,7,6.246296486215907,5.362537764350453,8.881784197001252e-16,5.135951661631419
JayHyeon_Qwen2.5-0.5B-SFT-1e-5-5ep,real_attachments/C_efficiency_evolution/detailed_results/JayHyeon_Qwen2.5-0.5B-SFT-1e-5-5ep/results_2025-02-13T18-27-04.338360.json,False,JayHyeon/Qwen2.5-0.5B-SFT-1e-5-5ep,qwen2505bsft1e55ep,6.537614419782027,24,5.211480362537765,7,6.5376144197820265,5.211480362537765,8.881784197001252e-16,0.0
JayHyeon_Qwen2.5-0.5B-SFT-2e-4,real_attachments/C_efficiency_evolution/detailed_results/JayHyeon_Qwen2.5-0.5B-SFT-2e-4/results_2024-12-28T09-33-58.487922.json,False,JayHyeon/Qwen2.5-0.5B-SFT-2e-4,qwen2505bsft2e4,3.114588111846371,24,0.0,7,3.114588111846371,2.416918429003021,0.0,2.416918429003021
JayHyeon_Qwen2.5-0.5B-SFT-2e-4-2ep,real_attachments/C_efficiency_evolution/detailed_results/JayHyeon_Qwen2.5-0.5B-SFT-2e-4-2ep/results_2024-12-30T07-52-34.968240.json,False,JayHyeon/Qwen2.5-0.5B-SFT-2e-4-2ep,qwen2505bsft2e42ep,3.199499249817541,24,0.0,7,3.1994992498175416,2.492447129909366,4.440892098500626e-16,2.492447129909366
JayHyeon_Qwen2.5-0.5B-SFT-2e-4-3ep,real_attachments/C_efficiency_evolution/detailed_results/JayHyeon_Qwen2.5-0.5B-SFT-2e-4-3ep/results_2024-12-29T15-33-00.016651.json,False,JayHyeon/Qwen2.5-0.5B-SFT-2e-4-3ep,qwen2505bsft2e43ep,4.420916097586122,24,0.0755287009063444,7,4.420916097586122,1.5105740181268883,0.0,1.435045317220544
JayHyeon_Qwen2.5-0.5B-SFT-2e-4-5ep,real_attachments/C_efficiency_evolution/detailed_results/JayHyeon_Qwen2.5-0.5B-SFT-2e-4-5ep/results_2024-12-30T05-17-07.829474.json,False,JayHyeon/Qwen2.5-0.5B-SFT-2e-4-5ep,qwen2505bsft2e45ep,3.069330255279086,24,0.3776435045317221,7,3.069330255279086,1.812688821752266,0.0,1.435045317220544
JayHyeon_Qwen2.5-0.5B-SFT-2e-5,real_attachments/C_efficiency_evolution/detailed_results/JayHyeon_Qwen2.5-0.5B-SFT-2e-5/results_2025-02-13T18-27-04.338360.json,False,JayHyeon/Qwen2.5-0.5B-SFT-2e-5,qwen2505bsft2e5,4.981848012762598,24,3.7009063444108756,7,4.981848012762598,3.700906344410876,0.0,4.440892098500626e-16
JayHyeon_Qwen2.5-0.5B-SFT-2e-5-2ep,real_attachments/C_efficiency_evolution/detailed_results/JayHyeon_Qwen2.5-0.5B-SFT-2e-5-2ep/results_2024-12-30T00-39-36.534132.json,False,JayHyeon/Qwen2.5-0.5B-SFT-2e-5-2ep,qwen2505bsft2e52ep,5.7648020969838045,24,0.3021148036253776,7,5.7648020969838045,4.078549848942599,0.0,3.776435045317221
JayHyeon_Qwen2.5-0.5B-SFT-2e-5-2ep-DPOP_3e-7-3ep_0alp_5lam,real_attachments/C_efficiency_evolution/detailed_results/JayHyeon_Qwen2.5-0.5B-SFT-2e-5-2ep-DPOP_3e-7-3ep_0alp_5lam/results_2025-02-13T18-27-04.338360.json,False,JayHyeon/Qwen2.5-0.5B-SFT-2e-5-2ep-DPOP_3e-7-3ep_0alp_5lam,qwen2505bsft2e52epdpop3e73ep0alp5lam,6.70247985495568,24,3.474320241691843,7,6.702479854955681,3.474320241691843,8.881784197001252e-16,0.0
JayHyeon_Qwen2.5-0.5B-SFT-2e-5-2ep-DPOP_5e-6-1ep_0alp_5lam,real_attachments/C_efficiency_evolution/detailed_results/JayHyeon_Qwen2.5-0.5B-SFT-2e-5-2ep-DPOP_5e-6-1ep_0alp_5lam/results_2025-01-06T11-15-18.885108.json,False,JayHyeon/Qwen2.5-0.5B-SFT-2e-5-2ep-DPOP_5e-6-1ep_0alp_5lam,qwen2505bsft2e52epdpop5e61ep0alp5lam,6.892109783030413,24,0.22658610271903326,7,6.892109783030413,4.531722054380665,0.0,4.305135951661631
JayHyeon_Qwen2.5-0.5B-SFT-2e-5-2ep-DPOP_5e-6-2ep_0alp_5lam,real_attachments/C_efficiency_evolution/detailed_results/JayHyeon_Qwen2.5-0.5B-SFT-2e-5-2ep-DPOP_5e-6-2ep_0alp_5lam/results_2025-01-06T11-17-26.136733.json,False,JayHyeon/Qwen2.5-0.5B-SFT-2e-5-2ep-DPOP_5e-6-2ep_0alp_5lam,qwen2505bsft2e52epdpop5e62ep0alp5lam,7.351407019428778,24,0.0,7,7.351407019428777,3.474320241691843,8.881784197001252e-16,3.474320241691843
JayHyeon_Qwen2.5-0.5B-SFT-2e-5-2ep-DPOP_5e-6-3ep_0alp_5lam,real_attachments/C_efficiency_evolution/detailed_results/JayHyeon_Qwen2.5-0.5B-SFT-2e-5-2ep-DPOP_5e-6-3ep_0alp_5lam/results_2025-02-13T18-27-04.338360.json,False,JayHyeon/Qwen2.5-0.5B-SFT-2e-5-2ep-DPOP_5e-6-3ep_0alp_5lam,qwen2505bsft2e52epdpop5e63ep0alp5lam,6.453776300474527,24,4.078549848942599,7,6.453776300474527,4.078549848942599,0.0,0.0
JayHyeon_Qwen2.5-0.5B-SFT-2e-5-2ep-DPOP_5e-7-1ep_0alp_5lam,real_attachments/C_efficiency_evolution/detailed_results/JayHyeon_Qwen2.5-0.5B-SFT-2e-5-2ep-DPOP_5e-7-1ep_0alp_5lam/results_2025-02-13T18-27-04.338360.json,False,JayHyeon/Qwen2.5-0.5B-SFT-2e-5-2ep-DPOP_5e-7-1ep_0alp_5lam,qwen2505bsft2e52epdpop5e71ep0alp5lam,6.676263541946461,24,4.003021148036254,7,6.676263541946459,4.003021148036254,1.7763568394002505e-15,0.0
JayHyeon_Qwen2.5-0.5B-SFT-2e-5-2ep-DPOP_5e-7-2ep_0alp_5lam,real_attachments/C_efficiency_evolution/detailed_results/JayHyeon_Qwen2.5-0.5B-SFT-2e-5-2ep-DPOP_5e-7-2ep_0alp_5lam/results_2025-01-03T00-17-30.079517.json,False,JayHyeon/Qwen2.5-0.5B-SFT-2e-5-2ep-DPOP_5e-7-2ep_0alp_5lam,qwen2505bsft2e52epdpop5e72ep0alp5lam,6.449024830632405,24,0.0,7,6.449024830632406,3.474320241691843,8.881784197001252e-16,3.474320241691843
JayHyeon_Qwen2.5-0.5B-SFT-2e-5-2ep-DPOP_5e-7-3ep_0alp_5lam,real_attachments/C_efficiency_evolution/detailed_results/JayHyeon_Qwen2.5-0.5B-SFT-2e-5-2ep-DPOP_5e-7-3ep_0alp_5lam/results_2025-02-13T18-27-04.338360.json,False,JayHyeon/Qwen2.5-0.5B-SFT-2e-5-2ep-DPOP_5e-7-3ep_0alp_5lam,qwen2505bsft2e52epdpop5e73ep0alp5lam,6.9008385561226,24,4.380664652567976,7,6.900838556122601,4.380664652567976,8.881784197001252e-16,0.0
JayHyeon_Qwen2.5-0.5B-SFT-2e-5-2ep-DPO_1e-6-1ep_0alp_0lam,real_attachments/C_efficiency_evolution/detailed_results/JayHyeon_Qwen2.5-0.5B-SFT-2e-5-2ep-DPO_1e-6-1ep_0alp_0lam/results_2025-02-13T18-27-04.338360.json,False,JayHyeon/Qwen2.5-0.5B-SFT-2e-5-2ep-DPO_1e-6-1ep_0alp_0lam,qwen2505bsft2e52epdpo1e61ep0alp0lam,6.330228534336109,24,4.078549848942599,7,6.330228534336109,4.078549848942599,0.0,0.0
JayHyeon_Qwen2.5-0.5B-SFT-2e-5-2ep-DPO_1e-6-2ep_0alp_0lam,real_attachments/C_efficiency_evolution/detailed_results/JayHyeon_Qwen2.5-0.5B-SFT-2e-5-2ep-DPO_1e-6-2ep_0alp_0lam/results_2025-02-13T18-27-04.338360.json,False,JayHyeon/Qwen2.5-0.5B-SFT-2e-5-2ep-DPO_1e-6-2ep_0alp_0lam,qwen2505bsft2e52epdpo1e62ep0alp0lam,6.6363869489957334,24,4.078549848942599,7,6.636386948995733,4.078549848942599,8.881784197001252e-16,0.0
JayHyeon_Qwen2.5-0.5B-SFT-2e-5-2ep-DPO_1e-6-3ep_0alp_0lam,real_attachments/C_efficiency_evolution/detailed_results/JayHyeon_Qwen2.5-0.5B-SFT-2e-5-2ep-DPO_1e-6-3ep_0alp_0lam/results_2025-02-13T18-27-04.338360.json,False,JayHyeon/Qwen2.5-0.5B-SFT-2e-5-2ep-DPO_1e-6-3ep_0alp_0lam,qwen2505bsft2e52epdpo1e63ep0alp0lam,6.317309144357896,24,4.003021148036254,7,6.317309144357895,4.003021148036254,8.881784197001252e-16,0.0
JayHyeon_Qwen2.5-0.5B-SFT-2e-5-2ep-DPO_1e-7-2ep_0alp_0lam,real_attachments/C_efficiency_evolution/detailed_results/JayHyeon_Qwen2.5-0.5B-SFT-2e-5-2ep-DPO_1e-7-2ep_0alp_0lam/results_2025-02-13T18-27-04.338360.json,False,JayHyeon/Qwen2.5-0.5B-SFT-2e-5-2ep-DPO_1e-7-2ep_0alp_0lam,qwen2505bsft2e52epdpo1e72ep0alp0lam,6.43527427104784,24,3.625377643504532,7,6.435274271047841,3.625377643504532,8.881784197001252e-16,0.0
JayHyeon_Qwen2.5-0.5B-SFT-2e-5-2ep-DPO_1e-7-3ep_0alp_0lam,real_attachments/C_efficiency_evolution/detailed_results/JayHyeon_Qwen2.5-0.5B-SFT-2e-5-2ep-DPO_1e-7-3ep_0alp_0lam/results_2025-02-13T18-27-04.338360.json,False,JayHyeon/Qwen2.5-0.5B-SFT-2e-5-2ep-DPO_1e-7-3ep_0alp_0lam,qwen2505bsft2e52epdpo1e73ep0alp0lam,6.385350523771153,24,3.5498489425981874,7,6.3853505237711525,3.5498489425981874,8.881784197001252e-16,0.0
JayHyeon_Qwen2.5-0.5B-SFT-2e-5-2ep-DPO_2e-6-1ep_0alp_0lam,real_attachments/C_efficiency_evolution/detailed_results/JayHyeon_Qwen2.5-0.5B-SFT-2e-5-2ep-DPO_2e-6-1ep_0alp_0lam/results_2025-01-02T01-33-30.695249.json,False,JayHyeon/Qwen2.5-0.5B-SFT-2e-5-2ep-DPO_2e-6-1ep_0alp_0lam,qwen2505bsft2e52epdpo2e61ep0alp0lam,6.402744874205391,24,0.22658610271903326,7,6.402744874205392,3.8519637462235647,8.881784197001252e-16,3.6253776435045313
JayHyeon_Qwen2.5-0.5B-SFT-2e-5-2ep-DPO_2e-6-2ep_0alp_0lam,real_attachments/C_efficiency_evolution/detailed_results/JayHyeon_Qwen2.5-0.5B-SFT-2e-5-2ep-DPO_2e-6-2ep_0alp_0lam/results_2025-02-13T18-27-04.338360.json,False,JayHyeon/Qwen2.5-0.5B-SFT-2e-5-2ep-DPO_2e-6-2ep_0alp_0lam,qwen2505bsft2e52epdpo2e62ep0alp0lam,6.9018080550332765,24,5.0604229607250755,7,6.901808055033277,5.060422960725076,8.881784197001252e-16,8.881784197001252e-16
JayHyeon_Qwen2.5-0.5B-SFT-2e-5-2ep-DPO_2e-6-3ep_0alp_0lam,real_attachments/C_efficiency_evolution/detailed_results/JayHyeon_Qwen2.5-0.5B-SFT-2e-5-2ep-DPO_2e-6-3ep_0alp_0lam/results_2025-02-13T18-27-04.338360.json,False,JayHyeon/Qwen2.5-0.5B-SFT-2e-5-2ep-DPO_2e-6-3ep_0alp_0lam,qwen2505bsft2e52epdpo2e63ep0alp0lam,7.002679365505715,24,4.1540785498489425,7,7.002679365505716,4.154078549848943,8.881784197001252e-16,8.881784197001252e-16
JayHyeon_Qwen2.5-0.5B-SFT-2e-5-2ep-DPO_3e-6-1ep_0alp_0lam,real_attachments/C_efficiency_evolution/detailed_results/JayHyeon_Qwen2.5-0.5B-SFT-2e-5-2ep-DPO_3e-6-1ep_0alp_0lam/results_2025-01-02T01-42-47.105367.json,False,JayHyeon/Qwen2.5-0.5B-SFT-2e-5-2ep-DPO_3e-6-1ep_0alp_0lam,qwen2505bsft2e52epdpo3e61ep0alp0lam,6.620615393798311,24,0.0755287009063444,7,6.620615393798311,4.305135951661631,0.0,4.229607250755286
JayHyeon_Qwen2.5-0.5B-SFT-2e-5-2ep-DPO_3e-6-2ep_0alp_0lam,real_attachments/C_efficiency_evolution/detailed_results/JayHyeon_Qwen2.5-0.5B-SFT-2e-5-2ep-DPO_3e-6-2ep_0alp_0lam/results_2025-02-13T18-27-04.338360.json,False,JayHyeon/Qwen2.5-0.5B-SFT-2e-5-2ep-DPO_3e-6-2ep_0alp_0lam,qwen2505bsft2e52epdpo3e62ep0alp0lam,6.780448413764288,24,4.607250755287009,7,6.780448413764288,4.607250755287009,0.0,0.0
JayHyeon_Qwen2.5-0.5B-SFT-2e-5-2ep-DPO_3e-6-3ep_0alp_0lam,real_attachments/C_efficiency_evolution/detailed_results/JayHyeon_Qwen2.5-0.5B-SFT-2e-5-2ep-DPO_3e-6-3ep_0alp_0lam/results_2025-01-03T06-59-06.233458.json,False,JayHyeon/Qwen2.5-0.5B-SFT-2e-5-2ep-DPO_3e-6-3ep_0alp_0lam,qwen2505bsft2e52epdpo3e63ep0alp0lam,7.007125824454591,24,0.0755287009063444,7,7.007125824454593,4.758308157099698,1.7763568394002505e-15,4.682779456193353
JayHyeon_Qwen2.5-0.5B-SFT-2e-5-2ep-DPO_3e-7-3ep_0alp_0lam,real_attachments/C_efficiency_evolution/detailed_results/JayHyeon_Qwen2.5-0.5B-SFT-2e-5-2ep-DPO_3e-7-3ep_0alp_0lam/results_2025-01-08T03-28-31.813523.json,False,JayHyeon/Qwen2.5-0.5B-SFT-2e-5-2ep-DPO_3e-7-3ep_0alp_0lam,qwen2505bsft2e52epdpo3e73ep0alp0lam,6.671898931566539,24,0.0755287009063444,7,6.671898931566538,4.154078549848943,8.881784197001252e-16,4.078549848942599
JayHyeon_Qwen2.5-0.5B-SFT-2e-5-2ep-DPO_5e-6-1ep_0alp_0lam,real_attachments/C_efficiency_evolution/detailed_results/JayHyeon_Qwen2.5-0.5B-SFT-2e-5-2ep-DPO_5e-6-1ep_0alp_0lam/results_2025-01-02T01-51-21.319158.json,False,JayHyeon/Qwen2.5-0.5B-SFT-2e-5-2ep-DPO_5e-6-1ep_0alp_0lam,qwen2505bsft2e52epdpo5e61ep0alp0lam,6.428288118900529,24,0.3021148036253776,7,6.428288118900529,4.984894259818732,0.0,4.682779456193354
JayHyeon_Qwen2.5-0.5B-SFT-2e-5-2ep-DPO_5e-6-2ep_0alp_0lam,real_attachments/C_efficiency_evolution/detailed_results/JayHyeon_Qwen2.5-0.5B-SFT-2e-5-2ep-DPO_5e-6-2ep_0alp_0lam/results_2025-01-02T01-55-00.773602.json,False,JayHyeon/Qwen2.5-0.5B-SFT-2e-5-2ep-DPO_5e-6-2ep_0alp_0lam,qwen2505bsft2e52epdpo5e62ep0alp0lam,6.99268697585579,24,0.0755287009063444,7,6.992686975855793,4.003021148036254,2.6645352591003757e-15,3.9274924471299095
JayHyeon_Qwen2.5-0.5B-SFT-2e-5-2ep-DPO_5e-6-3ep_0alp_0lam,real_attachments/C_efficiency_evolution/detailed_results/JayHyeon_Qwen2.5-0.5B-SFT-2e-5-2ep-DPO_5e-6-3ep_0alp_0lam/results_2025-02-13T18-27-04.338360.json,False,JayHyeon/Qwen2.5-0.5B-SFT-2e-5-2ep-DPO_5e-6-3ep_0alp_0lam,qwen2505bsft2e52epdpo5e63ep0alp0lam,7.221132822992211,24,4.45619335347432,7,7.221132822992211,4.45619335347432,0.0,0.0
JayHyeon_Qwen2.5-0.5B-SFT-2e-5-2ep-DPO_5e-7_1ep_0alp_0lam,real_attachments/C_efficiency_evolution/detailed_results/JayHyeon_Qwen2.5-0.5B-SFT-2e-5-2ep-DPO_5e-7_1ep_0alp_0lam/results_2025-01-01T02-45-59.875419.json,False,JayHyeon/Qwen2.5-0.5B-SFT-2e-5-2ep-DPO_5e-7_1ep_0alp_0lam,qwen2505bsft2e52epdpo5e71ep0alp0lam,6.537585206076342,24,0.0755287009063444,7,6.537585206076343,4.380664652567976,8.881784197001252e-16,4.305135951661631
JayHyeon_Qwen2.5-0.5B-SFT-2e-5-2ep-DPO_5e-7_2ep_0alp_0lam,real_attachments/C_efficiency_evolution/detailed_results/JayHyeon_Qwen2.5-0.5B-SFT-2e-5-2ep-DPO_5e-7_2ep_0alp_0lam/results_2025-01-01T01-15-16.839837.json,False,JayHyeon/Qwen2.5-0.5B-SFT-2e-5-2ep-DPO_5e-7_2ep_0alp_0lam,qwen2505bsft2e52epdpo5e72ep0alp0lam,6.566722923568209,24,0.0,7,6.56672292356821,4.45619335347432,8.881784197001252e-16,4.45619335347432
JayHyeon_Qwen2.5-0.5B-SFT-2e-5-2ep-DPO_5e-7_3ep_0alp_0lam,real_attachments/C_efficiency_evolution/detailed_results/JayHyeon_Qwen2.5-0.5B-SFT-2e-5-2ep-DPO_5e-7_3ep_0alp_0lam/results_2025-02-13T18-27-04.338360.json,False,JayHyeon/Qwen2.5-0.5B-SFT-2e-5-2ep-DPO_5e-7_3ep_0alp_0lam,qwen2505bsft2e52epdpo5e73ep0alp0lam,6.9321259736771434,24,4.833836858006042,7,6.932125973677143,4.833836858006042,8.881784197001252e-16,0.0
JayHyeon_Qwen2.5-0.5B-SFT-2e-5-2ep-DPO_7e-7_1ep_0alp_0lam,real_attachments/C_efficiency_evolution/detailed_results/JayHyeon_Qwen2.5-0.5B-SFT-2e-5-2ep-DPO_7e-7_1ep_0alp_0lam/results_2025-01-01T02-41-24.803003.json,False,JayHyeon/Qwen2.5-0.5B-SFT-2e-5-2ep-DPO_7e-7_1ep_0alp_0lam,qwen2505bsft2e52epdpo7e71ep0alp0lam,6.426288909780046,24,0.0,7,6.4262889097800455,3.5498489425981874,8.881784197001252e-16,3.5498489425981874
JayHyeon_Qwen2.5-0.5B-SFT-2e-5-2ep-DPO_7e-7_2ep_0alp_0lam,real_attachments/C_efficiency_evolution/detailed_results/JayHyeon_Qwen2.5-0.5B-SFT-2e-5-2ep-DPO_7e-7_2ep_0alp_0lam/results_2025-01-01T02-36-55.162456.json,False,JayHyeon/Qwen2.5-0.5B-SFT-2e-5-2ep-DPO_7e-7_2ep_0alp_0lam,qwen2505bsft2e52epdpo7e72ep0alp0lam,6.4779954188677005,24,0.0755287009063444,7,6.4779954188677,3.927492447129909,8.881784197001252e-16,3.8519637462235647
JayHyeon_Qwen2.5-0.5B-SFT-2e-5-2ep-DPO_7e-7_3ep_0alp_0lam,real_attachments/C_efficiency_evolution/detailed_results/JayHyeon_Qwen2.5-0.5B-SFT-2e-5-2ep-DPO_7e-7_3ep_0alp_0lam/results_2025-01-01T02-37-22.197996.json,False,JayHyeon/Qwen2.5-0.5B-SFT-2e-5-2ep-DPO_7e-7_3ep_0alp_0lam,qwen2505bsft2e52epdpo7e73ep0alp0lam,6.25191698749515,24,0.0755287009063444,7,6.25191698749515,3.776435045317221,0.0,3.7009063444108765
JayHyeon_Qwen2.5-0.5B-SFT-2e-5-2ep-IRPO_1e-7-1ep_1alp_0lam,real_attachments/C_efficiency_evolution/detailed_results/JayHyeon_Qwen2.5-0.5B-SFT-2e-5-2ep-IRPO_1e-7-1ep_1alp_0lam/results_2025-02-13T18-27-04.338360.json,False,JayHyeon/Qwen2.5-0.5B-SFT-2e-5-2ep-IRPO_1e-7-1ep_1alp_0lam,qwen2505bsft2e52epirpo1e71ep1alp0lam,6.714916509982988,24,4.909365558912387,7,6.714916509982989,4.909365558912387,8.881784197001252e-16,0.0
JayHyeon_Qwen2.5-0.5B-SFT-2e-5-2ep-IRPO_1e-7-2ep_1alp_0lam,real_attachments/C_efficiency_evolution/detailed_results/JayHyeon_Qwen2.5-0.5B-SFT-2e-5-2ep-IRPO_1e-7-2ep_1alp_0lam/results_2025-01-07T11-36-11.134717.json,False,JayHyeon/Qwen2.5-0.5B-SFT-2e-5-2ep-IRPO_1e-7-2ep_1alp_0lam,qwen2505bsft2e52epirpo1e72ep1alp0lam,6.875548169039307,24,0.0755287009063444,7,6.875548169039305,4.229607250755287,1.7763568394002505e-15,4.1540785498489425
JayHyeon_Qwen2.5-0.5B-SFT-2e-5-2ep-IRPO_1e-7-3ep_1alp_0lam,real_attachments/C_efficiency_evolution/detailed_results/JayHyeon_Qwen2.5-0.5B-SFT-2e-5-2ep-IRPO_1e-7-3ep_1alp_0lam/results_2025-02-13T18-27-04.338360.json,False,JayHyeon/Qwen2.5-0.5B-SFT-2e-5-2ep-IRPO_1e-7-3ep_1alp_0lam,qwen2505bsft2e52epirpo1e73ep1alp0lam,7.08976945115946,24,4.003021148036254,7,7.08976945115946,4.003021148036254,0.0,0.0
JayHyeon_Qwen2.5-0.5B-SFT-2e-5-2ep-IRPO_3e-7-3ep_1alp_0lam,real_attachments/C_efficiency_evolution/detailed_results/JayHyeon_Qwen2.5-0.5B-SFT-2e-5-2ep-IRPO_3e-7-3ep_1alp_0lam/results_2025-02-13T18-27-04.338360.json,False,JayHyeon/Qwen2.5-0.5B-SFT-2e-5-2ep-IRPO_3e-7-3ep_1alp_0lam,qwen2505bsft2e52epirpo3e73ep1alp0lam,6.706365162503358,24,3.625377643504532,7,6.706365162503357,3.625377643504532,8.881784197001252e-16,0.0
JayHyeon_Qwen2.5-0.5B-SFT-2e-5-2ep-IRPO_5e-6-1ep_1alp_0lam,real_attachments/C_efficiency_evolution/detailed_results/JayHyeon_Qwen2.5-0.5B-SFT-2e-5-2ep-IRPO_5e-6-1ep_1alp_0lam/results_2025-02-13T18-27-04.338360.json,False,JayHyeon/Qwen2.5-0.5B-SFT-2e-5-2ep-IRPO_5e-6-1ep_1alp_0lam,qwen2505bsft2e52epirpo5e61ep1alp0lam,6.388945444235533,24,4.531722054380665,7,6.3889454442355325,4.531722054380665,8.881784197001252e-16,0.0
JayHyeon_Qwen2.5-0.5B-SFT-2e-5-2ep-IRPO_5e-6-2ep_1alp_0lam,real_attachments/C_efficiency_evolution/detailed_results/JayHyeon_Qwen2.5-0.5B-SFT-2e-5-2ep-IRPO_5e-6-2ep_1alp_0lam/results_2025-02-13T18-27-04.338360.json,False,JayHyeon/Qwen2.5-0.5B-SFT-2e-5-2ep-IRPO_5e-6-2ep_1alp_0lam,qwen2505bsft2e52epirpo5e62ep1alp0lam,7.4891521174679925,24,4.1540785498489425,7,7.489152117467992,4.154078549848943,8.881784197001252e-16,8.881784197001252e-16
JayHyeon_Qwen2.5-0.5B-SFT-2e-5-2ep-IRPO_5e-6-3ep_1alp_0lam,real_attachments/C_efficiency_evolution/detailed_results/JayHyeon_Qwen2.5-0.5B-SFT-2e-5-2ep-IRPO_5e-6-3ep_1alp_0lam/results_2025-01-06T12-01-03.647111.json,False,JayHyeon/Qwen2.5-0.5B-SFT-2e-5-2ep-IRPO_5e-6-3ep_1alp_0lam,qwen2505bsft2e52epirpo5e63ep1alp0lam,8.34016877070463,24,0.0755287009063444,7,8.34016877070463,4.305135951661631,0.0,4.229607250755286
JayHyeon_Qwen2.5-0.5B-SFT-2e-5-2ep-IRPO_5e-7-1ep_1alp_0lam,real_attachments/C_efficiency_evolution/detailed_results/JayHyeon_Qwen2.5-0.5B-SFT-2e-5-2ep-IRPO_5e-7-1ep_1alp_0lam/results_2025-01-02T23-19-17.617577.json,False,JayHyeon/Qwen2.5-0.5B-SFT-2e-5-2ep-IRPO_5e-7-1ep_1alp_0lam,qwen2505bsft2e52epirpo5e71ep1alp0lam,6.567071507446205,24,0.0,7,6.5670715074462045,4.154078549848943,8.881784197001252e-16,4.154078549848943
JayHyeon_Qwen2.5-0.5B-SFT-2e-5-2ep-IRPO_5e-7-2ep_1alp_0lam,real_attachments/C_efficiency_evolution/detailed_results/JayHyeon_Qwen2.5-0.5B-SFT-2e-5-2ep-IRPO_5e-7-2ep_1alp_0lam/results_2025-01-02T22-57-37.160585.json,False,JayHyeon/Qwen2.5-0.5B-SFT-2e-5-2ep-IRPO_5e-7-2ep_1alp_0lam,qwen2505bsft2e52epirpo5e72ep1alp0lam,6.6590467663473305,24,0.0,7,6.6590467663473305,3.700906344410876,0.0,3.700906344410876
JayHyeon_Qwen2.5-0.5B-SFT-2e-5-2ep-IRPO_5e-7-3ep_1alp_0lam,real_attachments/C_efficiency_evolution/detailed_results/JayHyeon_Qwen2.5-0.5B-SFT-2e-5-2ep-IRPO_5e-7-3ep_1alp_0lam/results_2025-01-02T23-09-51.306955.json,False,JayHyeon/Qwen2.5-0.5B-SFT-2e-5-2ep-IRPO_5e-7-3ep_1alp_0lam,qwen2505bsft2e52epirpo5e73ep1alp0lam,6.800973005640613,24,0.0,7,6.800973005640612,3.474320241691843,8.881784197001252e-16,3.474320241691843
JayHyeon_Qwen2.5-0.5B-SFT-2e-5-2ep-MDPO_0.5_1e-7-1ep_0alp_0lam,real_attachments/C_efficiency_evolution/detailed_results/JayHyeon_Qwen2.5-0.5B-SFT-2e-5-2ep-MDPO_0.5_1e-7-1ep_0alp_0lam/results_2025-01-07T09-49-10.164062.json,False,JayHyeon/Qwen2.5-0.5B-SFT-2e-5-2ep-MDPO_0.5_1e-7-1ep_0alp_0lam,qwen2505bsft2e52epmdpo051e71ep0alp0lam,6.560842435908914,24,0.0755287009063444,7,6.560842435908914,3.700906344410876,0.0,3.6253776435045317
JayHyeon_Qwen2.5-0.5B-SFT-2e-5-2ep-MDPO_0.5_1e-7-2ep_0alp_0lam,real_attachments/C_efficiency_evolution/detailed_results/JayHyeon_Qwen2.5-0.5B-SFT-2e-5-2ep-MDPO_0.5_1e-7-2ep_0alp_0lam/results_2025-02-13T18-27-04.338360.json,False,JayHyeon/Qwen2.5-0.5B-SFT-2e-5-2ep-MDPO_0.5_1e-7-2ep_0alp_0lam,qwen2505bsft2e52epmdpo051e72ep0alp0lam,6.524571656668756,24,4.003021148036254,7,6.524571656668756,4.003021148036254,0.0,0.0
JayHyeon_Qwen2.5-0.5B-SFT-2e-5-2ep-MDPO_0.5_1e-7-3ep_0alp_0lam,real_attachments/C_efficiency_evolution/detailed_results/JayHyeon_Qwen2.5-0.5B-SFT-2e-5-2ep-MDPO_0.5_1e-7-3ep_0alp_0lam/results_2025-02-13T18-27-04.338360.json,False,JayHyeon/Qwen2.5-0.5B-SFT-2e-5-2ep-MDPO_0.5_1e-7-3ep_0alp_0lam,qwen2505bsft2e52epmdpo051e73ep0alp0lam,6.739192109111529,24,4.229607250755287,7,6.739192109111529,4.229607250755287,0.0,0.0
JayHyeon_Qwen2.5-0.5B-SFT-2e-5-2ep-MDPO_1e-6-3ep_0alp_0lam,real_attachments/C_efficiency_evolution/detailed_results/JayHyeon_Qwen2.5-0.5B-SFT-2e-5-2ep-MDPO_1e-6-3ep_0alp_0lam/results_2025-01-01T04-51-16.407163.json,False,JayHyeon/Qwen2.5-0.5B-SFT-2e-5-2ep-MDPO_1e-6-3ep_0alp_0lam,qwen2505bsft2e52epmdpo1e63ep0alp0lam,6.420557197003611,24,0.1510574018126888,7,6.42055719700361,4.305135951661631,8.881784197001252e-16,4.1540785498489425
JayHyeon_Qwen2.5-0.5B-SFT-2e-5-2ep-MDPO_1e-6_1ep_0alp_0lam,real_attachments/C_efficiency_evolution/detailed_results/JayHyeon_Qwen2.5-0.5B-SFT-2e-5-2ep-MDPO_1e-6_1ep_0alp_0lam/results_2025-01-01T04-36-32.829954.json,False,JayHyeon/Qwen2.5-0.5B-SFT-2e-5-2ep-MDPO_1e-6_1ep_0alp_0lam,qwen2505bsft2e52epmdpo1e61ep0alp0lam,6.687463515086399,24,0.0755287009063444,7,6.6874635150864,4.758308157099698,1.7763568394002505e-15,4.682779456193353
JayHyeon_Qwen2.5-0.5B-SFT-2e-5-2ep-MDPO_1e-6_2ep_0alp_0lam,real_attachments/C_efficiency_evolution/detailed_results/JayHyeon_Qwen2.5-0.5B-SFT-2e-5-2ep-MDPO_1e-6_2ep_0alp_0lam/results_2025-01-01T04-32-33.474966.json,False,JayHyeon/Qwen2.5-0.5B-SFT-2e-5-2ep-MDPO_1e-6_2ep_0alp_0lam,qwen2505bsft2e52epmdpo1e62ep0alp0lam,6.553899558301252,24,0.0755287009063444,7,6.553899558301251,4.984894259818732,8.881784197001252e-16,4.909365558912387
JayHyeon_Qwen2.5-0.5B-SFT-2e-5-2ep-MDPO_2e-6-3ep_0alp_0lam,real_attachments/C_efficiency_evolution/detailed_results/JayHyeon_Qwen2.5-0.5B-SFT-2e-5-2ep-MDPO_2e-6-3ep_0alp_0lam/results_2025-01-01T04-56-12.225886.json,False,JayHyeon/Qwen2.5-0.5B-SFT-2e-5-2ep-MDPO_2e-6-3ep_0alp_0lam,qwen2505bsft2e52epmdpo2e63ep0alp0lam,6.583344002745695,24,0.0,7,6.583344002745696,3.927492447129909,1.7763568394002505e-15,3.927492447129909
JayHyeon_Qwen2.5-0.5B-SFT-2e-5-2ep-MDPO_2e-6_1ep_0alp_0lam,real_attachments/C_efficiency_evolution/detailed_results/JayHyeon_Qwen2.5-0.5B-SFT-2e-5-2ep-MDPO_2e-6_1ep_0alp_0lam/results_2025-02-13T18-27-04.338360.json,False,JayHyeon/Qwen2.5-0.5B-SFT-2e-5-2ep-MDPO_2e-6_1ep_0alp_0lam,qwen2505bsft2e52epmdpo2e61ep0alp0lam,6.560212045244278,24,4.531722054380665,7,6.560212045244278,4.531722054380665,0.0,0.0
JayHyeon_Qwen2.5-0.5B-SFT-2e-5-2ep-MDPO_2e-6_2ep_0alp_0lam,real_attachments/C_efficiency_evolution/detailed_results/JayHyeon_Qwen2.5-0.5B-SFT-2e-5-2ep-MDPO_2e-6_2ep_0alp_0lam/results_2025-02-13T18-27-04.338360.json,False,JayHyeon/Qwen2.5-0.5B-SFT-2e-5-2ep-MDPO_2e-6_2ep_0alp_0lam,qwen2505bsft2e52epmdpo2e62ep0alp0lam,6.830747828811889,24,4.305135951661631,7,6.83074782881189,4.305135951661631,8.881784197001252e-16,0.0
JayHyeon_Qwen2.5-0.5B-SFT-2e-5-2ep-MDPO_3e-6-1ep_0alp_0lam,real_attachments/C_efficiency_evolution/detailed_results/JayHyeon_Qwen2.5-0.5B-SFT-2e-5-2ep-MDPO_3e-6-1ep_0alp_0lam/results_2025-02-13T18-27-04.338360.json,False,JayHyeon/Qwen2.5-0.5B-SFT-2e-5-2ep-MDPO_3e-6-1ep_0alp_0lam,qwen2505bsft2e52epmdpo3e61ep0alp0lam,6.204970976213926,24,3.474320241691843,7,6.204970976213926,3.474320241691843,0.0,0.0
JayHyeon_Qwen2.5-0.5B-SFT-2e-5-2ep-MDPO_3e-6-2ep_0alp_0lam,real_attachments/C_efficiency_evolution/detailed_results/JayHyeon_Qwen2.5-0.5B-SFT-2e-5-2ep-MDPO_3e-6-2ep_0alp_0lam/results_2025-02-13T18-27-04.338360.json,False,JayHyeon/Qwen2.5-0.5B-SFT-2e-5-2ep-MDPO_3e-6-2ep_0alp_0lam,qwen2505bsft2e52epmdpo3e62ep0alp0lam,7.019682155967409,24,3.7764350453172204,7,7.019682155967409,3.776435045317221,0.0,4.440892098500626e-16
JayHyeon_Qwen2.5-0.5B-SFT-2e-5-2ep-MDPO_3e-6-3ep_0alp_0lam,real_attachments/C_efficiency_evolution/detailed_results/JayHyeon_Qwen2.5-0.5B-SFT-2e-5-2ep-MDPO_3e-6-3ep_0alp_0lam/results_2025-02-13T18-27-04.338360.json,False,JayHyeon/Qwen2.5-0.5B-SFT-2e-5-2ep-MDPO_3e-6-3ep_0alp_0lam,qwen2505bsft2e52epmdpo3e63ep0alp0lam,7.060401110215777,24,5.362537764350453,7,7.0604011102157775,5.362537764350453,8.881784197001252e-16,0.0
JayHyeon_Qwen2.5-0.5B-SFT-2e-5-2ep-MDPO_5e-6-1ep_0alp_0lam,real_attachments/C_efficiency_evolution/detailed_results/JayHyeon_Qwen2.5-0.5B-SFT-2e-5-2ep-MDPO_5e-6-1ep_0alp_0lam/results_2025-01-02T01-15-44.734990.json,False,JayHyeon/Qwen2.5-0.5B-SFT-2e-5-2ep-MDPO_5e-6-1ep_0alp_0lam,qwen2505bsft2e52epmdpo5e61ep0alp0lam,6.715595621810369,24,0.1510574018126888,7,6.715595621810369,4.758308157099698,0.0,4.6072507552870094
JayHyeon_Qwen2.5-0.5B-SFT-2e-5-2ep-MDPO_5e-6-2ep_0alp_0lam,real_attachments/C_efficiency_evolution/detailed_results/JayHyeon_Qwen2.5-0.5B-SFT-2e-5-2ep-MDPO_5e-6-2ep_0alp_0lam/results_2025-01-02T01-13-13.802530.json,False,JayHyeon/Qwen2.5-0.5B-SFT-2e-5-2ep-MDPO_5e-6-2ep_0alp_0lam,qwen2505bsft2e52epmdpo5e62ep0alp0lam,6.984740352762111,24,0.0,7,6.98474035276211,4.380664652567976,8.881784197001252e-16,4.380664652567976
JayHyeon_Qwen2.5-0.5B-SFT-2e-5-2ep-MDPO_5e-6-3ep_0alp_0lam,real_attachments/C_efficiency_evolution/detailed_results/JayHyeon_Qwen2.5-0.5B-SFT-2e-5-2ep-MDPO_5e-6-3ep_0alp_0lam/results_2025-02-13T18-27-04.338360.json,False,JayHyeon/Qwen2.5-0.5B-SFT-2e-5-2ep-MDPO_5e-6-3ep_0alp_0lam,qwen2505bsft2e52epmdpo5e63ep0alp0lam,7.363649162861492,24,4.078549848942599,7,7.363649162861492,4.078549848942599,0.0,0.0
JayHyeon_Qwen2.5-0.5B-SFT-2e-5-2ep-MDPO_5e-7-3ep_0alp_0lam,real_attachments/C_efficiency_evolution/detailed_results/JayHyeon_Qwen2.5-0.5B-SFT-2e-5-2ep-MDPO_5e-7-3ep_0alp_0lam/results_2025-02-13T18-27-04.338360.json,False,JayHyeon/Qwen2.5-0.5B-SFT-2e-5-2ep-MDPO_5e-7-3ep_0alp_0lam,qwen2505bsft2e52epmdpo5e73ep0alp0lam,6.726276300474527,24,3.625377643504532,7,6.726276300474528,3.625377643504532,8.881784197001252e-16,0.0
JayHyeon_Qwen2.5-0.5B-SFT-2e-5-2ep-MDPO_5e-7_1ep_0alp_0lam,real_attachments/C_efficiency_evolution/detailed_results/JayHyeon_Qwen2.5-0.5B-SFT-2e-5-2ep-MDPO_5e-7_1ep_0alp_0lam/results_2024-12-31T08-23-05.016642.json,False,JayHyeon/Qwen2.5-0.5B-SFT-2e-5-2ep-MDPO_5e-7_1ep_0alp_0lam,qwen2505bsft2e52epmdpo5e71ep0alp0lam,6.708541946458949,24,0.0755287009063444,7,6.708541946458948,3.776435045317221,8.881784197001252e-16,3.7009063444108765
JayHyeon_Qwen2.5-0.5B-SFT-2e-5-2ep-MDPO_5e-7_2ep_0alp_0lam,real_attachments/C_efficiency_evolution/detailed_results/JayHyeon_Qwen2.5-0.5B-SFT-2e-5-2ep-MDPO_5e-7_2ep_0alp_0lam/results_2024-12-31T08-20-06.028753.json,False,JayHyeon/Qwen2.5-0.5B-SFT-2e-5-2ep-MDPO_5e-7_2ep_0alp_0lam,qwen2505bsft2e52epmdpo5e72ep0alp0lam,6.2534694242994,24,0.0,7,6.253469424299401,3.776435045317221,8.881784197001252e-16,3.776435045317221
JayHyeon_Qwen2.5-0.5B-SFT-2e-5-2ep-MDPO_7e-7-3ep_0alp_0lam,real_attachments/C_efficiency_evolution/detailed_results/JayHyeon_Qwen2.5-0.5B-SFT-2e-5-2ep-MDPO_7e-7-3ep_0alp_0lam/results_2025-01-01T02-50-51.686412.json,False,JayHyeon/Qwen2.5-0.5B-SFT-2e-5-2ep-MDPO_7e-7-3ep_0alp_0lam,qwen2505bsft2e52epmdpo7e73ep0alp0lam,6.443718103679828,24,0.0,7,6.443718103679828,4.003021148036254,0.0,4.003021148036254
JayHyeon_Qwen2.5-0.5B-SFT-2e-5-2ep-MDPO_7e-7_1ep_0alp_0lam,real_attachments/C_efficiency_evolution/detailed_results/JayHyeon_Qwen2.5-0.5B-SFT-2e-5-2ep-MDPO_7e-7_1ep_0alp_0lam/results_2025-01-01T03-01-18.107162.json,False,JayHyeon/Qwen2.5-0.5B-SFT-2e-5-2ep-MDPO_7e-7_1ep_0alp_0lam,qwen2505bsft2e52epmdpo7e71ep0alp0lam,6.39987465305757,24,0.0755287009063444,7,6.39987465305757,4.531722054380665,0.0,4.45619335347432
JayHyeon_Qwen2.5-0.5B-SFT-2e-5-2ep-MDPO_7e-7_2ep_0alp_0lam,real_attachments/C_efficiency_evolution/detailed_results/JayHyeon_Qwen2.5-0.5B-SFT-2e-5-2ep-MDPO_7e-7_2ep_0alp_0lam/results_2025-02-13T18-27-04.338360.json,False,JayHyeon/Qwen2.5-0.5B-SFT-2e-5-2ep-MDPO_7e-7_2ep_0alp_0lam,qwen2505bsft2e52epmdpo7e72ep0alp0lam,6.482712194466829,24,4.380664652567976,7,6.482712194466828,4.380664652567976,8.881784197001252e-16,0.0
JayHyeon_Qwen2.5-0.5B-SFT-2e-5-3ep,real_attachments/C_efficiency_evolution/detailed_results/JayHyeon_Qwen2.5-0.5B-SFT-2e-5-3ep/results_2025-02-13T18-27-04.338360.json,False,JayHyeon/Qwen2.5-0.5B-SFT-2e-5-3ep,qwen2505bsft2e53ep,6.085450245131954,24,4.531722054380665,7,6.085450245131953,4.531722054380665,8.881784197001252e-16,0.0
JayHyeon_Qwen2.5-0.5B-SFT-2e-5-5ep,real_attachments/C_efficiency_evolution/detailed_results/JayHyeon_Qwen2.5-0.5B-SFT-2e-5-5ep/results_2024-12-30T07-10-54.556076.json,False,JayHyeon/Qwen2.5-0.5B-SFT-2e-5-5ep,qwen2505bsft2e55ep,7.179764119844702,24,0.5287009063444109,7,7.179764119844701,5.060422960725076,8.881784197001252e-16,4.5317220543806656
JayHyeon_Qwen2.5-0.5B-SFT-2e-5-5ep-MDPO_5e-7_3ep_0alp_0lam,real_attachments/C_efficiency_evolution/detailed_results/JayHyeon_Qwen2.5-0.5B-SFT-2e-5-5ep-MDPO_5e-7_3ep_0alp_0lam/results_2024-12-31T02-00-42.876223.json,False,JayHyeon/Qwen2.5-0.5B-SFT-2e-5-5ep-MDPO_5e-7_3ep_0alp_0lam,qwen2505bsft2e55epmdpo5e73ep0alp0lam,6.757650565553468,24,0.1510574018126888,7,6.757650565553466,3.927492447129909,1.7763568394002505e-15,3.7764350453172204
JayHyeon_Qwen2.5-0.5B-SFT-2e-5-5ep-MDPO_5e-7_3ep_0alp_0lam_1ep,real_attachments/C_efficiency_evolution/detailed_results/JayHyeon_Qwen2.5-0.5B-SFT-2e-5-5ep-MDPO_5e-7_3ep_0alp_0lam_1ep/results_2024-12-31T02-18-06.890327.json,False,JayHyeon/Qwen2.5-0.5B-SFT-2e-5-5ep-MDPO_5e-7_3ep_0alp_0lam_1ep,qwen2505bsft2e55epmdpo5e73ep0alp0lam1ep,5.959990748201868,24,0.1510574018126888,7,5.959990748201868,3.8519637462235647,0.0,3.700906344410876
JayHyeon_Qwen2.5-0.5B-SFT-2e-5-5ep-MDPO_5e-7_3ep_0alp_0lam_2ep,real_attachments/C_efficiency_evolution/detailed_results/JayHyeon_Qwen2.5-0.5B-SFT-2e-5-5ep-MDPO_5e-7_3ep_0alp_0lam_2ep/results_2025-02-13T18-27-04.338360.json,False,JayHyeon/Qwen2.5-0.5B-SFT-2e-5-5ep-MDPO_5e-7_3ep_0alp_0lam_2ep,qwen2505bsft2e55epmdpo5e73ep0alp0lam2ep,6.112343689378339,24,3.8519637462235647,7,6.1123436893783385,3.8519637462235647,8.881784197001252e-16,0.0
JayHyeon_Qwen2.5-0.5B-SFT-2e-5-5ep-MDPO_7e-7_3ep_0alp_0lam,real_attachments/C_efficiency_evolution/detailed_results/JayHyeon_Qwen2.5-0.5B-SFT-2e-5-5ep-MDPO_7e-7_3ep_0alp_0lam/results_2025-02-13T18-27-04.338360.json,False,JayHyeon/Qwen2.5-0.5B-SFT-2e-5-5ep-MDPO_7e-7_3ep_0alp_0lam,qwen2505bsft2e55epmdpo7e73ep0alp0lam,6.240268525979645,24,3.3987915407854987,7,6.240268525979645,3.3987915407854987,0.0,0.0
JayHyeon_Qwen2.5-0.5B-SFT-2e-5-5ep-MDPO_7e-7_3ep_0alp_0lam_1ep,real_attachments/C_efficiency_evolution/detailed_results/JayHyeon_Qwen2.5-0.5B-SFT-2e-5-5ep-MDPO_7e-7_3ep_0alp_0lam_1ep/results_2025-02-13T18-27-04.338360.json,False,JayHyeon/Qwen2.5-0.5B-SFT-2e-5-5ep-MDPO_7e-7_3ep_0alp_0lam_1ep,qwen2505bsft2e55epmdpo7e73ep0alp0lam1ep,6.292637807025398,24,3.9274924471299086,7,6.292637807025397,3.927492447129909,8.881784197001252e-16,4.440892098500626e-16
JayHyeon_Qwen2.5-0.5B-SFT-2e-5-5ep-MDPO_7e-7_3ep_0alp_0lam_2ep,real_attachments/C_efficiency_evolution/detailed_results/JayHyeon_Qwen2.5-0.5B-SFT-2e-5-5ep-MDPO_7e-7_3ep_0alp_0lam_2ep/results_2025-02-13T18-27-04.338360.json,False,JayHyeon/Qwen2.5-0.5B-SFT-2e-5-5ep-MDPO_7e-7_3ep_0alp_0lam_2ep,qwen2505bsft2e55epmdpo7e73ep0alp0lam2ep,6.357407183573582,24,4.1540785498489425,7,6.357407183573582,4.154078549848943,0.0,8.881784197001252e-16
JayHyeon_Qwen2.5-0.5B-SFT-5e-5,real_attachments/C_efficiency_evolution/detailed_results/JayHyeon_Qwen2.5-0.5B-SFT-5e-5/results_2025-02-13T18-27-04.338360.json,False,JayHyeon/Qwen2.5-0.5B-SFT-5e-5,qwen2505bsft5e5,4.746972667855022,24,3.3987915407854987,7,4.746972667855022,3.3987915407854987,0.0,0.0
JayHyeon_Qwen2.5-0.5B-SFT-5e-5-2ep,real_attachments/C_efficiency_evolution/detailed_results/JayHyeon_Qwen2.5-0.5B-SFT-5e-5-2ep/results_2024-12-30T00-39-05.683860.json,False,JayHyeon/Qwen2.5-0.5B-SFT-5e-5-2ep,qwen2505bsft5e52ep,5.832625611473314,24,0.1510574018126888,7,5.832625611473314,3.776435045317221,0.0,3.625377643504532
JayHyeon_Qwen2.5-0.5B-SFT-5e-5-3ep,real_attachments/C_efficiency_evolution/detailed_results/JayHyeon_Qwen2.5-0.5B-SFT-5e-5-3ep/results_2024-12-29T15-05-41.185341.json,False,JayHyeon/Qwen2.5-0.5B-SFT-5e-5-3ep,qwen2505bsft5e53ep,7.669544389639071,24,0.2265861027190332,7,7.669544389639071,3.0211480362537766,0.0,2.7945619335347436
JayHyeon_Qwen2.5-0.5B-SFT-5e-5-5ep,real_attachments/C_efficiency_evolution/detailed_results/JayHyeon_Qwen2.5-0.5B-SFT-5e-5-5ep/results_2025-02-13T18-27-04.338360.json,False,JayHyeon/Qwen2.5-0.5B-SFT-5e-5-5ep,qwen2505bsft5e55ep,7.191287458251599,24,2.719033232628399,7,7.191287458251598,2.719033232628399,8.881784197001252e-16,0.0
JayHyeon_Qwen2.5-0.5B-SFT-7e-5,real_attachments/C_efficiency_evolution/detailed_results/JayHyeon_Qwen2.5-0.5B-SFT-7e-5/results_2025-02-13T18-27-04.338360.json,False,JayHyeon/Qwen2.5-0.5B-SFT-7e-5,qwen2505bsft7e5,6.35784176033773,24,3.0211480362537766,7,6.35784176033773,3.0211480362537766,0.0,0.0
JayHyeon_Qwen2.5-0.5B-SFT-7e-5-2ep,real_attachments/C_efficiency_evolution/detailed_results/JayHyeon_Qwen2.5-0.5B-SFT-7e-5-2ep/results_2025-02-13T18-27-04.338360.json,False,JayHyeon/Qwen2.5-0.5B-SFT-7e-5-2ep,qwen2505bsft7e52ep,5.463607645078233,24,3.927492447129909,7,5.463607645078233,3.927492447129909,0.0,0.0
JayHyeon_Qwen2.5-0.5B-SFT-7e-5-3ep,real_attachments/C_efficiency_evolution/detailed_results/JayHyeon_Qwen2.5-0.5B-SFT-7e-5-3ep/results_2025-02-13T18-27-04.338360.json,False,JayHyeon/Qwen2.5-0.5B-SFT-7e-5-3ep,qwen2505bsft7e53ep,5.984021663044628,24,3.3232628398791544,7,5.984021663044627,3.3232628398791544,1.7763568394002505e-15,0.0
JayHyeon_Qwen2.5-0.5B-SFT-7e-5-5ep,real_attachments/C_efficiency_evolution/detailed_results/JayHyeon_Qwen2.5-0.5B-SFT-7e-5-5ep/results_2025-02-13T18-27-04.338360.json,False,JayHyeon/Qwen2.5-0.5B-SFT-7e-5-5ep,qwen2505bsft7e55ep,5.34366211130917,24,2.190332326283988,7,5.343662111309169,2.190332326283988,8.881784197001252e-16,0.0
JayHyeon_Qwen2.5-0.5B-SFT-DPO-1epoch_v1,real_attachments/C_efficiency_evolution/detailed_results/JayHyeon_Qwen2.5-0.5B-SFT-DPO-1epoch_v1/results_2025-02-13T18-27-04.338360.json,False,JayHyeon/Qwen2.5-0.5B-SFT-DPO-1epoch_v1,qwen2505bsftdpo1epochv1,6.136573850240248,24,3.625377643504532,7,6.136573850240249,3.625377643504532,8.881784197001252e-16,0.0
JayHyeon_Qwen2.5-0.5B-SFT-MDPO-1epoch_v1,real_attachments/C_efficiency_evolution/detailed_results/JayHyeon_Qwen2.5-0.5B-SFT-MDPO-1epoch_v1/results_2025-02-13T18-27-04.338360.json,False,JayHyeon/Qwen2.5-0.5B-SFT-MDPO-1epoch_v1,qwen2505bsftmdpo1epochv1,6.524721998388398,24,4.682779456193353,7,6.524721998388398,4.682779456193353,0.0,0.0
JayHyeon_Qwen_0.5-DPOP_1e-6-3ep_0alp_5lam,real_attachments/C_efficiency_evolution/detailed_results/JayHyeon_Qwen_0.5-DPOP_1e-6-3ep_0alp_5lam/results_2025-01-14T02-50-52.528378.json,False,JayHyeon/Qwen_0.5-DPOP_1e-6-3ep_0alp_5lam,qwen05dpop1e63ep0alp5lam,6.140998671919301,24,0.0,7,6.140998671919301,4.909365558912387,0.0,4.909365558912387
JayHyeon_Qwen_0.5-DPOP_1e-7-3ep_0alp_5lam,real_attachments/C_efficiency_evolution/detailed_results/JayHyeon_Qwen_0.5-DPOP_1e-7-3ep_0alp_5lam/results_2025-02-13T18-27-04.338360.json,False,JayHyeon/Qwen_0.5-DPOP_1e-7-3ep_0alp_5lam,qwen05dpop1e73ep0alp5lam,6.64210605246665,24,4.078549848942599,7,6.642106052466649,4.078549848942599,8.881784197001252e-16,0.0
JayHyeon_Qwen_0.5-DPOP_3e-6-1ep_0alp_5lam,real_attachments/C_efficiency_evolution/detailed_results/JayHyeon_Qwen_0.5-DPOP_3e-6-1ep_0alp_5lam/results_2025-01-09T03-58-26.030948.json,False,JayHyeon/Qwen_0.5-DPOP_3e-6-1ep_0alp_5lam,qwen05dpop3e61ep0alp5lam,6.943810696272422,24,0.3776435045317221,7,6.943810696272422,4.380664652567976,0.0,4.003021148036254
JayHyeon_Qwen_0.5-DPOP_3e-6-2ep_0alp_5lam,real_attachments/C_efficiency_evolution/detailed_results/JayHyeon_Qwen_0.5-DPOP_3e-6-2ep_0alp_5lam/results_2025-02-13T18-27-04.338360.json,False,JayHyeon/Qwen_0.5-DPOP_3e-6-2ep_0alp_5lam,qwen05dpop3e62ep0alp5lam,7.149861894529501,24,4.305135951661631,7,7.149861894529503,4.305135951661631,2.6645352591003757e-15,0.0
JayHyeon_Qwen_0.5-DPOP_3e-6-3ep_0alp_5lam,real_attachments/C_efficiency_evolution/detailed_results/JayHyeon_Qwen_0.5-DPOP_3e-6-3ep_0alp_5lam/results_2025-02-13T18-27-04.338360.json,False,JayHyeon/Qwen_0.5-DPOP_3e-6-3ep_0alp_5lam,qwen05dpop3e63ep0alp5lam,6.96901565344555,24,4.003021148036254,7,6.96901565344555,4.003021148036254,0.0,0.0
JayHyeon_Qwen_0.5-DPOP_3e-7-1ep_0alp_5lam,real_attachments/C_efficiency_evolution/detailed_results/JayHyeon_Qwen_0.5-DPOP_3e-7-1ep_0alp_5lam/results_2025-01-15T05-30-28.203370.json,False,JayHyeon/Qwen_0.5-DPOP_3e-7-1ep_0alp_5lam,qwen05dpop3e71ep0alp5lam,6.629315516160804,24,0.0755287009063444,7,6.629315516160802,4.380664652567976,1.7763568394002505e-15,4.305135951661631
JayHyeon_Qwen_0.5-DPOP_3e-7-2ep_0alp_5lam,real_attachments/C_efficiency_evolution/detailed_results/JayHyeon_Qwen_0.5-DPOP_3e-7-2ep_0alp_5lam/results_2025-01-15T05-21-45.094032.json,False,JayHyeon/Qwen_0.5-DPOP_3e-7-2ep_0alp_5lam,qwen05dpop3e72ep0alp5lam,6.682421807383532,24,0.0755287009063444,7,6.682421807383531,4.45619335347432,8.881784197001252e-16,4.380664652567975
JayHyeon_Qwen_0.5-DPOP_3e-7-3ep_0alp_5lam,real_attachments/C_efficiency_evolution/detailed_results/JayHyeon_Qwen_0.5-DPOP_3e-7-3ep_0alp_5lam/results_2025-02-13T18-27-04.338360.json,False,JayHyeon/Qwen_0.5-DPOP_3e-7-3ep_0alp_5lam,qwen05dpop3e73ep0alp5lam,6.35458053541051,24,4.1540785498489425,7,6.35458053541051,4.154078549848943,0.0,8.881784197001252e-16
JayHyeon_Qwen_0.5-DPOP_5e-7-1ep_0alp_5lam,real_attachments/C_efficiency_evolution/detailed_results/JayHyeon_Qwen_0.5-DPOP_5e-7-1ep_0alp_5lam/results_2025-02-13T18-27-04.338360.json,False,JayHyeon/Qwen_0.5-DPOP_5e-7-1ep_0alp_5lam,qwen05dpop5e71ep0alp5lam,6.505902199540394,24,3.7764350453172204,7,6.505902199540394,3.776435045317221,0.0,4.440892098500626e-16
JayHyeon_Qwen_0.5-DPOP_5e-7-2ep_0alp_5lam,real_attachments/C_efficiency_evolution/detailed_results/JayHyeon_Qwen_0.5-DPOP_5e-7-2ep_0alp_5lam/results_2025-02-13T18-27-04.338360.json,False,JayHyeon/Qwen_0.5-DPOP_5e-7-2ep_0alp_5lam,qwen05dpop5e72ep0alp5lam,6.769462425761781,24,4.380664652567976,7,6.769462425761781,4.380664652567976,0.0,0.0
JayHyeon_Qwen_0.5-DPOP_5e-7-3ep_0alp_5lam,real_attachments/C_efficiency_evolution/detailed_results/JayHyeon_Qwen_0.5-DPOP_5e-7-3ep_0alp_5lam/results_2025-01-09T03-09-40.868283.json,False,JayHyeon/Qwen_0.5-DPOP_5e-7-3ep_0alp_5lam,qwen05dpop5e73ep0alp5lam,6.7976270630017614,24,0.0755287009063444,7,6.7976270630017614,4.229607250755287,0.0,4.1540785498489425
JayHyeon_Qwen_0.5-DPO_1e-6-3ep_0alp_0lam,real_attachments/C_efficiency_evolution/detailed_results/JayHyeon_Qwen_0.5-DPO_1e-6-3ep_0alp_0lam/results_2025-02-13T18-27-04.338360.json,False,JayHyeon/Qwen_0.5-DPO_1e-6-3ep_0alp_0lam,qwen05dpo1e63ep0alp0lam,6.865286941551371,24,5.287009063444108,7,6.865286941551371,5.287009063444108,0.0,0.0
JayHyeon_Qwen_0.5-DPO_1e-7-3ep_0alp_0lam,real_attachments/C_efficiency_evolution/detailed_results/JayHyeon_Qwen_0.5-DPO_1e-7-3ep_0alp_0lam/results_2025-01-13T18-49-20.675984.json,False,JayHyeon/Qwen_0.5-DPO_1e-7-3ep_0alp_0lam,qwen05dpo1e73ep0alp0lam,7.100430208613124,24,0.0,7,7.100430208613126,4.380664652567976,1.7763568394002505e-15,4.380664652567976
JayHyeon_Qwen_0.5-DPO_3e-6-1ep_0alp_0lam,real_attachments/C_efficiency_evolution/detailed_results/JayHyeon_Qwen_0.5-DPO_3e-6-1ep_0alp_0lam/results_2025-02-13T18-27-04.338360.json,False,JayHyeon/Qwen_0.5-DPO_3e-6-1ep_0alp_0lam,qwen05dpo3e61ep0alp0lam,5.926862745098039,24,3.474320241691843,7,5.926862745098039,3.474320241691843,0.0,0.0
JayHyeon_Qwen_0.5-DPO_3e-6-2ep_0alp_0lam,real_attachments/C_efficiency_evolution/detailed_results/JayHyeon_Qwen_0.5-DPO_3e-6-2ep_0alp_0lam/results_2025-01-09T03-35-02.133914.json,False,JayHyeon/Qwen_0.5-DPO_3e-6-2ep_0alp_0lam,qwen05dpo3e62ep0alp0lam,7.3561957613753695,24,0.6042296072507553,7,7.35619576137537,5.438066465256798,8.881784197001252e-16,4.833836858006042
JayHyeon_Qwen_0.5-DPO_3e-6-3ep_0alp_0lam,real_attachments/C_efficiency_evolution/detailed_results/JayHyeon_Qwen_0.5-DPO_3e-6-3ep_0alp_0lam/results_2025-01-07T23-53-04.755874.json,False,JayHyeon/Qwen_0.5-DPO_3e-6-3ep_0alp_0lam,qwen05dpo3e63ep0alp0lam,7.139829635632065,24,0.22658610271903326,7,7.139829635632065,4.305135951661631,0.0,4.078549848942598
JayHyeon_Qwen_0.5-DPO_3e-7-1ep_0alp_0lam,real_attachments/C_efficiency_evolution/detailed_results/JayHyeon_Qwen_0.5-DPO_3e-7-1ep_0alp_0lam/results_2025-01-15T09-12-32.791967.json,False,JayHyeon/Qwen_0.5-DPO_3e-7-1ep_0alp_0lam,qwen05dpo3e71ep0alp0lam,6.93114558152028,24,0.0755287009063444,7,6.931145581520281,5.5135951661631415,8.881784197001252e-16,5.438066465256797
JayHyeon_Qwen_0.5-DPO_3e-7-2ep_0alp_0lam,real_attachments/C_efficiency_evolution/detailed_results/JayHyeon_Qwen_0.5-DPO_3e-7-2ep_0alp_0lam/results_2025-01-15T09-11-14.790371.json,False,JayHyeon/Qwen_0.5-DPO_3e-7-2ep_0alp_0lam,qwen05dpo3e72ep0alp0lam,7.1273111588623275,24,0.0,7,7.127311158862328,4.758308157099698,8.881784197001252e-16,4.758308157099698
JayHyeon_Qwen_0.5-DPO_3e-7-3ep_0alp_0lam,real_attachments/C_efficiency_evolution/detailed_results/JayHyeon_Qwen_0.5-DPO_3e-7-3ep_0alp_0lam/results_2025-01-15T09-23-39.196530.json,False,JayHyeon/Qwen_0.5-DPO_3e-7-3ep_0alp_0lam,qwen05dpo3e73ep0alp0lam,7.2227196555943545,24,0.0,7,7.222719655594354,4.45619335347432,8.881784197001252e-16,4.45619335347432
JayHyeon_Qwen_0.5-DPO_5e-7-1ep_0alp_0lam,real_attachments/C_efficiency_evolution/detailed_results/JayHyeon_Qwen_0.5-DPO_5e-7-1ep_0alp_0lam/results_2025-02-13T18-27-04.338360.json,False,JayHyeon/Qwen_0.5-DPO_5e-7-1ep_0alp_0lam,qwen05dpo5e71ep0alp0lam,6.663952457695406,24,6.3444108761329305,7,6.663952457695408,6.3444108761329305,1.7763568394002505e-15,0.0
JayHyeon_Qwen_0.5-DPO_5e-7-2ep_0alp_0lam,real_attachments/C_efficiency_evolution/detailed_results/JayHyeon_Qwen_0.5-DPO_5e-7-2ep_0alp_0lam/results_2025-02-13T18-27-04.338360.json,False,JayHyeon/Qwen_0.5-DPO_5e-7-2ep_0alp_0lam,qwen05dpo5e72ep0alp0lam,7.732770540484079,24,5.362537764350453,7,7.732770540484078,5.362537764350453,8.881784197001252e-16,0.0
JayHyeon_Qwen_0.5-DPO_5e-7-3ep_0alp_0lam,real_attachments/C_efficiency_evolution/detailed_results/JayHyeon_Qwen_0.5-DPO_5e-7-3ep_0alp_0lam/results_2025-01-08T03-45-44.132699.json,False,JayHyeon/Qwen_0.5-DPO_5e-7-3ep_0alp_0lam,qwen05dpo5e73ep0alp0lam,7.202138732205212,24,0.0755287009063444,7,7.20213873220521,5.13595166163142,1.7763568394002505e-15,5.0604229607250755
JayHyeon_Qwen_0.5-IPO_5e-7-1ep_0alp_0lam,real_attachments/C_efficiency_evolution/detailed_results/JayHyeon_Qwen_0.5-IPO_5e-7-1ep_0alp_0lam/results_2025-02-13T18-27-04.338360.json,False,JayHyeon/Qwen_0.5-IPO_5e-7-1ep_0alp_0lam,qwen05ipo5e71ep0alp0lam,7.733923210075506,24,5.589123867069486,7,7.733923210075507,5.589123867069486,8.881784197001252e-16,0.0
JayHyeon_Qwen_0.5-IPO_5e-7-3ep_0alp_0lam,real_attachments/C_efficiency_evolution/detailed_results/JayHyeon_Qwen_0.5-IPO_5e-7-3ep_0alp_0lam/results_2025-01-26T04-48-22.284565.json,False,JayHyeon/Qwen_0.5-IPO_5e-7-3ep_0alp_0lam,qwen05ipo5e73ep0alp0lam,6.747260572417704,24,0.0,7,6.747260572417705,5.81570996978852,8.881784197001252e-16,5.81570996978852
JayHyeon_Qwen_0.5-IRPO_1e-6-3ep_1alp_0lam,real_attachments/C_efficiency_evolution/detailed_results/JayHyeon_Qwen_0.5-IRPO_1e-6-3ep_1alp_0lam/results_2025-02-13T18-27-04.338360.json,False,JayHyeon/Qwen_0.5-IRPO_1e-6-3ep_1alp_0lam,qwen05irpo1e63ep1alp0lam,7.213578356761273,24,4.682779456193353,7,7.213578356761274,4.682779456193353,8.881784197001252e-16,0.0
JayHyeon_Qwen_0.5-IRPO_1e-7-3ep_1alp_0lam,real_attachments/C_efficiency_evolution/detailed_results/JayHyeon_Qwen_0.5-IRPO_1e-7-3ep_1alp_0lam/results_2025-02-13T18-27-04.338360.json,False,JayHyeon/Qwen_0.5-IRPO_1e-7-3ep_1alp_0lam,qwen05irpo1e73ep1alp0lam,6.9003466439848395,24,5.13595166163142,7,6.900346643984839,5.13595166163142,8.881784197001252e-16,0.0
JayHyeon_Qwen_0.5-IRPO_3e-6-1ep_1alp_0lam,real_attachments/C_efficiency_evolution/detailed_results/JayHyeon_Qwen_0.5-IRPO_3e-6-1ep_1alp_0lam/results_2025-01-09T04-15-28.904556.json,False,JayHyeon/Qwen_0.5-IRPO_3e-6-1ep_1alp_0lam,qwen05irpo3e61ep1alp0lam,7.306987942817919,24,0.2265861027190332,7,7.306987942817919,3.700906344410876,0.0,3.474320241691843
JayHyeon_Qwen_0.5-IRPO_3e-6-2ep_1alp_0lam,real_attachments/C_efficiency_evolution/detailed_results/JayHyeon_Qwen_0.5-IRPO_3e-6-2ep_1alp_0lam/results_2025-01-09T04-04-45.876414.json,False,JayHyeon/Qwen_0.5-IRPO_3e-6-2ep_1alp_0lam,qwen05irpo3e62ep1alp0lam,7.390762452621842,24,0.0,7,7.390762452621842,3.474320241691843,0.0,3.474320241691843
JayHyeon_Qwen_0.5-IRPO_3e-6-3ep_1alp_0lam,real_attachments/C_efficiency_evolution/detailed_results/JayHyeon_Qwen_0.5-IRPO_3e-6-3ep_1alp_0lam/results_2025-02-13T18-27-04.338360.json,False,JayHyeon/Qwen_0.5-IRPO_3e-6-3ep_1alp_0lam,qwen05irpo3e63ep1alp0lam,8.111779105858478,24,5.13595166163142,7,8.111779105858478,5.13595166163142,0.0,0.0
JayHyeon_Qwen_0.5-IRPO_3e-7-1ep_1alp_0lam,real_attachments/C_efficiency_evolution/detailed_results/JayHyeon_Qwen_0.5-IRPO_3e-7-1ep_1alp_0lam/results_2025-02-13T18-27-04.338360.json,False,JayHyeon/Qwen_0.5-IRPO_3e-7-1ep_1alp_0lam,qwen05irpo3e71ep1alp0lam,7.001027621094099,24,5.362537764350453,7,7.0010276210941,5.362537764350453,8.881784197001252e-16,0.0
JayHyeon_Qwen_0.5-IRPO_3e-7-3ep_1alp_0lam,real_attachments/C_efficiency_evolution/detailed_results/JayHyeon_Qwen_0.5-IRPO_3e-7-3ep_1alp_0lam/results_2025-01-15T09-24-06.937216.json,False,JayHyeon/Qwen_0.5-IRPO_3e-7-3ep_1alp_0lam,qwen05irpo3e73ep1alp0lam,7.133620064464143,24,0.0,7,7.133620064464142,4.758308157099698,8.881784197001252e-16,4.758308157099698
JayHyeon_Qwen_0.5-IRPO_5e-7-1ep_1alp_0lam,real_attachments/C_efficiency_evolution/detailed_results/JayHyeon_Qwen_0.5-IRPO_5e-7-1ep_1alp_0lam/results_2025-02-13T18-27-04.338360.json,False,JayHyeon/Qwen_0.5-IRPO_5e-7-1ep_1alp_0lam,qwen05irpo5e71ep1alp0lam,7.061898931566539,24,5.740181268882175,7,7.061898931566539,5.740181268882175,0.0,0.0
JayHyeon_Qwen_0.5-IRPO_5e-7-2ep_1alp_0lam,real_attachments/C_efficiency_evolution/detailed_results/JayHyeon_Qwen_0.5-IRPO_5e-7-2ep_1alp_0lam/results_2025-01-09T03-26-15.034504.json,False,JayHyeon/Qwen_0.5-IRPO_5e-7-2ep_1alp_0lam,qwen05irpo5e72ep1alp0lam,7.428291551019191,24,0.0,7,7.42829155101919,6.193353474320242,8.881784197001252e-16,6.193353474320242
JayHyeon_Qwen_0.5-IRPO_5e-7-3ep_1alp_0lam,real_attachments/C_efficiency_evolution/detailed_results/JayHyeon_Qwen_0.5-IRPO_5e-7-3ep_1alp_0lam/results_2025-02-13T18-27-04.338360.json,False,JayHyeon/Qwen_0.5-IRPO_5e-7-3ep_1alp_0lam,qwen05irpo5e73ep1alp0lam,7.086835437371295,24,5.287009063444108,7,7.086835437371295,5.287009063444108,0.0,0.0
JayHyeon_Qwen_0.5-MDPO_0.1_3e-6-3ep_0alp_0lam,real_attachments/C_efficiency_evolution/detailed_results/JayHyeon_Qwen_0.5-MDPO_0.1_3e-6-3ep_0alp_0lam/results_2025-02-13T18-27-04.338360.json,False,JayHyeon/Qwen_0.5-MDPO_0.1_3e-6-3ep_0alp_0lam,qwen05mdpo013e63ep0alp0lam,6.8191121258244545,24,4.984894259818732,7,6.819112125824454,4.984894259818732,8.881784197001252e-16,0.0
JayHyeon_Qwen_0.5-MDPO_0.1_5e-7-3ep_0alp_0lam,real_attachments/C_efficiency_evolution/detailed_results/JayHyeon_Qwen_0.5-MDPO_0.1_5e-7-3ep_0alp_0lam/results_2025-01-21T07-13-13.514593.json,False,JayHyeon/Qwen_0.5-MDPO_0.1_5e-7-3ep_0alp_0lam,qwen05mdpo015e73ep0alp0lam,6.622169397439342,24,0.0755287009063444,7,6.6221693974393405,3.474320241691843,1.7763568394002505e-15,3.3987915407854987
JayHyeon_Qwen_0.5-MDPO_0.3_3e-6-3ep_0alp_0lam,real_attachments/C_efficiency_evolution/detailed_results/JayHyeon_Qwen_0.5-MDPO_0.3_3e-6-3ep_0alp_0lam/results_2025-01-09T04-48-35.371892.json,False,JayHyeon/Qwen_0.5-MDPO_0.3_3e-6-3ep_0alp_0lam,qwen05mdpo033e63ep0alp0lam,6.5665358731011425,24,0.0,7,6.566535873101143,5.060422960725076,8.881784197001252e-16,5.060422960725076
JayHyeon_Qwen_0.5-MDPO_0.3_5e-7-3ep_0alp_0lam,real_attachments/C_efficiency_evolution/detailed_results/JayHyeon_Qwen_0.5-MDPO_0.3_5e-7-3ep_0alp_0lam/results_2025-01-09T04-44-39.692037.json,False,JayHyeon/Qwen_0.5-MDPO_0.3_5e-7-3ep_0alp_0lam,qwen05mdpo035e73ep0alp0lam,6.604420718058914,24,0.1510574018126888,7,6.633772569910765,4.003021148036254,0.029351851851851407,3.851963746223565
JayHyeon_Qwen_0.5-MDPO_0.5_1e-5-3ep_0alp_0lam,real_attachments/C_efficiency_evolution/detailed_results/JayHyeon_Qwen_0.5-MDPO_0.5_1e-5-3ep_0alp_0lam/results_2025-02-13T18-27-04.338360.json,False,JayHyeon/Qwen_0.5-MDPO_0.5_1e-5-3ep_0alp_0lam,qwen05mdpo051e53ep0alp0lam,7.674537111648312,24,3.927492447129909,7,7.674537111648312,3.927492447129909,0.0,0.0
JayHyeon_Qwen_0.5-MDPO_0.5_3e-7-1ep_0alp_0lam,real_attachments/C_efficiency_evolution/detailed_results/JayHyeon_Qwen_0.5-MDPO_0.5_3e-7-1ep_0alp_0lam/results_2025-02-13T18-27-04.338360.json,False,JayHyeon/Qwen_0.5-MDPO_0.5_3e-7-1ep_0alp_0lam,qwen05mdpo053e71ep0alp0lam,6.547597964604411,24,4.229607250755287,7,6.547597964604411,4.229607250755287,0.0,0.0
JayHyeon_Qwen_0.5-MDPO_0.5_3e-7-2ep_0alp_0lam,real_attachments/C_efficiency_evolution/detailed_results/JayHyeon_Qwen_0.5-MDPO_0.5_3e-7-2ep_0alp_0lam/results_2025-02-13T18-27-04.338360.json,False,JayHyeon/Qwen_0.5-MDPO_0.5_3e-7-2ep_0alp_0lam,qwen05mdpo053e72ep0alp0lam,6.797543498373475,24,4.229607250755287,7,6.797543498373474,4.229607250755287,8.881784197001252e-16,0.0
JayHyeon_Qwen_0.5-MDPO_0.5_3e-7-3ep_0alp_0lam,real_attachments/C_efficiency_evolution/detailed_results/JayHyeon_Qwen_0.5-MDPO_0.5_3e-7-3ep_0alp_0lam/results_2025-02-13T18-27-04.338360.json,False,JayHyeon/Qwen_0.5-MDPO_0.5_3e-7-3ep_0alp_0lam,qwen05mdpo053e73ep0alp0lam,6.479625973677143,24,4.229607250755287,7,6.479625973677142,4.229607250755287,8.881784197001252e-16,0.0
JayHyeon_Qwen_0.5-MDPO_0.5_4e-6-3ep_0alp_0lam,real_attachments/C_efficiency_evolution/detailed_results/JayHyeon_Qwen_0.5-MDPO_0.5_4e-6-3ep_0alp_0lam/results_2025-02-13T18-27-04.338360.json,False,JayHyeon/Qwen_0.5-MDPO_0.5_4e-6-3ep_0alp_0lam,qwen05mdpo054e63ep0alp0lam,7.112517981317336,24,4.758308157099698,7,7.112517981317336,4.758308157099698,0.0,0.0
JayHyeon_Qwen_0.5-MDPO_0.5_6e-6-3ep_0alp_0lam,real_attachments/C_efficiency_evolution/detailed_results/JayHyeon_Qwen_0.5-MDPO_0.5_6e-6-3ep_0alp_0lam/results_2025-01-13T15-45-01.205704.json,False,JayHyeon/Qwen_0.5-MDPO_0.5_6e-6-3ep_0alp_0lam,qwen05mdpo056e63ep0alp0lam,7.373346017250126,24,0.0755287009063444,7,7.373346017250125,3.8519637462235647,1.7763568394002505e-15,3.7764350453172204
JayHyeon_Qwen_0.5-MDPO_0.5_7e-6-3ep_0alp_0lam,real_attachments/C_efficiency_evolution/detailed_results/JayHyeon_Qwen_0.5-MDPO_0.5_7e-6-3ep_0alp_0lam/results_2025-01-13T17-57-25.419354.json,False,JayHyeon/Qwen_0.5-MDPO_0.5_7e-6-3ep_0alp_0lam,qwen05mdpo057e63ep0alp0lam,7.574128764138837,24,0.0,7,7.574128764138837,4.607250755287009,0.0,4.607250755287009
JayHyeon_Qwen_0.5-MDPO_0.5_7e-7-3ep_0alp_0lam,real_attachments/C_efficiency_evolution/detailed_results/JayHyeon_Qwen_0.5-MDPO_0.5_7e-7-3ep_0alp_0lam/results_2025-01-14T01-52-42.526523.json,False,JayHyeon/Qwen_0.5-MDPO_0.5_7e-7-3ep_0alp_0lam,qwen05mdpo057e73ep0alp0lam,6.263411227504702,24,0.0755287009063444,7,6.263411227504701,4.45619335347432,8.881784197001252e-16,4.380664652567975
JayHyeon_Qwen_0.5-MDPO_0.7_3e-6-3ep_0alp_0lam,real_attachments/C_efficiency_evolution/detailed_results/JayHyeon_Qwen_0.5-MDPO_0.7_3e-6-3ep_0alp_0lam/results_2025-02-13T18-27-04.338360.json,False,JayHyeon/Qwen_0.5-MDPO_0.7_3e-6-3ep_0alp_0lam,qwen05mdpo073e63ep0alp0lam,6.770439236577432,24,4.380664652567976,7,6.770439236577431,4.380664652567976,8.881784197001252e-16,0.0
JayHyeon_Qwen_0.5-MDPO_0.7_5e-7-3ep_0alp_0lam,real_attachments/C_efficiency_evolution/detailed_results/JayHyeon_Qwen_0.5-MDPO_0.7_5e-7-3ep_0alp_0lam/results_2025-02-13T18-27-04.338360.json,False,JayHyeon/Qwen_0.5-MDPO_0.7_5e-7-3ep_0alp_0lam,qwen05mdpo075e73ep0alp0lam,6.636595785955174,24,3.8519637462235647,7,6.636595785955174,3.8519637462235647,0.0,0.0
JayHyeon_Qwen_0.5-MDPO_0.9_5e-7-3ep_0alp_0lam,real_attachments/C_efficiency_evolution/detailed_results/JayHyeon_Qwen_0.5-MDPO_0.9_5e-7-3ep_0alp_0lam/results_2025-01-13T17-52-55.439417.json,False,JayHyeon/Qwen_0.5-MDPO_0.9_5e-7-3ep_0alp_0lam,qwen05mdpo095e73ep0alp0lam,6.860059838242756,24,0.0755287009063444,7,6.534335437371297,4.758308157099698,0.3257244008714588,4.682779456193353
JayHyeon_Qwen_0.5-VDPO_5e-7-1ep_0alp_0lam,real_attachments/C_efficiency_evolution/detailed_results/JayHyeon_Qwen_0.5-VDPO_5e-7-1ep_0alp_0lam/results_2025-01-25T09-34-19.451187.json,False,JayHyeon/Qwen_0.5-VDPO_5e-7-1ep_0alp_0lam,qwen05vdpo5e71ep0alp0lam,6.86099852269675,24,0.22658610271903326,7,6.86099852269675,5.287009063444108,0.0,5.060422960725075
JayHyeon_Qwen_0.5-VDPO_5e-7-1ep_10vpo_const,real_attachments/C_efficiency_evolution/detailed_results/JayHyeon_Qwen_0.5-VDPO_5e-7-1ep_10vpo_const/results_2025-02-25T00-37-19.926047.json,False,JayHyeon/Qwen_0.5-VDPO_5e-7-1ep_10vpo_const,qwen05vdpo5e71ep10vpoconst,7.109440788491956,24,4.909365558912387,7,7.109440788491956,4.909365558912387,0.0,0.0
JayHyeon_Qwen_0.5-VDPO_5e-7-1ep_3vpo_const,real_attachments/C_efficiency_evolution/detailed_results/JayHyeon_Qwen_0.5-VDPO_5e-7-1ep_3vpo_const/results_2025-02-25T00-38-16.358599.json,False,JayHyeon/Qwen_0.5-VDPO_5e-7-1ep_3vpo_const,qwen05vdpo5e71ep3vpoconst,6.8520044319097515,24,4.682779456193353,7,6.852004431909751,4.682779456193353,8.881784197001252e-16,0.0
JayHyeon_Qwen_0.5-VDPO_5e-7-3ep_0alp_0lam,real_attachments/C_efficiency_evolution/detailed_results/JayHyeon_Qwen_0.5-VDPO_5e-7-3ep_0alp_0lam/results_2025-02-13T18-27-04.338360.json,False,JayHyeon/Qwen_0.5-VDPO_5e-7-3ep_0alp_0lam,qwen05vdpo5e73ep0alp0lam,7.227975796102308,24,4.984894259818732,7,7.2279757961023074,4.984894259818732,8.881784197001252e-16,0.0
JayHyeon_Qwen_0.5-VIPO_5e-7-1ep_0alp_0lam,real_attachments/C_efficiency_evolution/detailed_results/JayHyeon_Qwen_0.5-VIPO_5e-7-1ep_0alp_0lam/results_2025-02-13T18-27-04.338360.json,False,JayHyeon/Qwen_0.5-VIPO_5e-7-1ep_0alp_0lam,qwen05vipo5e71ep0alp0lam,7.834260900707315,24,7.099697885196375,7,7.834260900707316,7.099697885196375,8.881784197001252e-16,0.0
JayHyeon_Qwen_0.5-VIPO_5e-7-1ep_30vpo_const,real_attachments/C_efficiency_evolution/detailed_results/JayHyeon_Qwen_0.5-VIPO_5e-7-1ep_30vpo_const/results_2025-02-25T03-20-46.678124.json,False,JayHyeon/Qwen_0.5-VIPO_5e-7-1ep_30vpo_const,qwen05vipo5e71ep30vpoconst,7.655186826633241,24,7.401812688821751,7,7.655186826633241,7.401812688821751,0.0,0.0
JayHyeon_Qwen_0.5-VIPO_5e-7-1ep_3vpo_const,real_attachments/C_efficiency_evolution/detailed_results/JayHyeon_Qwen_0.5-VIPO_5e-7-1ep_3vpo_const/results_2025-02-24T17-43-57.079384.json,False,JayHyeon/Qwen_0.5-VIPO_5e-7-1ep_3vpo_const,qwen05vipo5e71ep3vpoconst,7.67033388545677,24,6.495468277945619,7,7.67033388545677,6.495468277945619,0.0,0.0
JayHyeon_Qwen_0.5-VIPO_5e-7-3ep_0alp_0lam,real_attachments/C_efficiency_evolution/detailed_results/JayHyeon_Qwen_0.5-VIPO_5e-7-3ep_0alp_0lam/results_2025-01-26T01-45-44.854883.json,False,JayHyeon/Qwen_0.5-VIPO_5e-7-3ep_0alp_0lam,qwen05vipo5e73ep0alp0lam,6.099203002357717,24,0.0,7,6.099203002357716,6.268882175226587,8.881784197001252e-16,6.268882175226587
JayHyeon_Qwen_0.5-cDPO_5e-7-3ep_0vpo_const_0.1,real_attachments/C_efficiency_evolution/detailed_results/JayHyeon_Qwen_0.5-cDPO_5e-7-3ep_0vpo_const_0.1/results_2025-02-24T22-44-46.252795.json,False,JayHyeon/Qwen_0.5-cDPO_5e-7-3ep_0vpo_const_0.1,qwen05cdpo5e73ep0vpoconst01,7.20117467991763,24,5.13595166163142,7,7.201174679917629,5.13595166163142,8.881784197001252e-16,0.0
JayHyeon_Qwen_0.5-cDPO_5e-7-3ep_0vpo_const_0.3,real_attachments/C_efficiency_evolution/detailed_results/JayHyeon_Qwen_0.5-cDPO_5e-7-3ep_0vpo_const_0.3/results_2025-02-18T17-55-04.123975.json,False,JayHyeon/Qwen_0.5-cDPO_5e-7-3ep_0vpo_const_0.3,qwen05cdpo5e73ep0vpoconst03,6.986082087325037,24,4.607250755287009,7,6.9860820873250375,4.607250755287009,8.881784197001252e-16,0.0
JayHyeon_Qwen_0.5-rDPO_3e-6-1ep_0vpo_const_0.1,real_attachments/C_efficiency_evolution/detailed_results/JayHyeon_Qwen_0.5-rDPO_3e-6-1ep_0vpo_const_0.1/results_2025-02-27T10-38-23.212605.json,False,JayHyeon/Qwen_0.5-rDPO_3e-6-1ep_0vpo_const_0.1,qwen05rdpo3e61ep0vpoconst01,6.905189323176812,24,4.758308157099698,7,6.90518932317681,4.758308157099698,2.6645352591003757e-15,0.0
JayHyeon_Qwen_0.5-rDPO_5e-7-3ep_0vpo_const_0.3,real_attachments/C_efficiency_evolution/detailed_results/JayHyeon_Qwen_0.5-rDPO_5e-7-3ep_0vpo_const_0.3/results_2025-02-18T18-02-25.746599.json,False,JayHyeon/Qwen_0.5-rDPO_5e-7-3ep_0vpo_const_0.3,qwen05rdpo5e73ep0vpoconst03,6.775212492911929,24,4.607250755287009,7,6.775212492911929,4.607250755287009,0.0,0.0
Jimmy19991222_Llama-3-Instruct-8B-SimPO-v0.2,real_attachments/C_efficiency_evolution/detailed_results/Jimmy19991222_Llama-3-Instruct-8B-SimPO-v0.2/results_2025-02-13T18-27-04.338360.json,False,Jimmy19991222/Llama-3-Instruct-8B-SimPO-v0.2,llama3instruct8bsimpov02,29.1238227637126,24,6.193353474320242,7,,,,
Jimmy19991222_llama-3-8b-instruct-gapo-v2-bert-f1-beta10-gamma0.3-lr1.0e-6-1minus-rerun,real_attachments/C_efficiency_evolution/detailed_results/Jimmy19991222_llama-3-8b-instruct-gapo-v2-bert-f1-beta10-gamma0.3-lr1.0e-6-1minus-rerun/results_2025-02-13T18-27-04.338360.json,False,Jimmy19991222/llama-3-8b-instruct-gapo-v2-bert-f1-beta10-gamma0.3-lr1.0e-6-1minus-rerun,llama38binstructgapov2bertf1beta10gamma03lr10e61minusrerun,27.755228582197073,24,6.042296072507553,7,27.755228582197063,6.042296072507553,1.0658141036401503e-14,0.0
Jimmy19991222_llama-3-8b-instruct-gapo-v2-bert_f1-beta10-gamma0.3-lr1.0e-6-scale-log,real_attachments/C_efficiency_evolution/detailed_results/Jimmy19991222_llama-3-8b-instruct-gapo-v2-bert_f1-beta10-gamma0.3-lr1.0e-6-scale-log/results_2024-09-23T10-55-46.640885.json,False,Jimmy19991222/llama-3-8b-instruct-gapo-v2-bert_f1-beta10-gamma0.3-lr1.0e-6-scale-log,llama38binstructgapov2bertf1beta10gamma03lr10e6scalelog,28.61359667752562,24,2.9456193353474323,7,28.613596677525617,5.438066465256798,3.552713678800501e-15,2.4924471299093653
Jimmy19991222_llama-3-8b-instruct-gapo-v2-bert_p-beta10-gamma0.3-lr1.0e-6-scale-log,real_attachments/C_efficiency_evolution/detailed_results/Jimmy19991222_llama-3-8b-instruct-gapo-v2-bert_p-beta10-gamma0.3-lr1.0e-6-scale-log/results_2025-02-13T18-27-04.338360.json,False,Jimmy19991222/llama-3-8b-instruct-gapo-v2-bert_p-beta10-gamma0.3-lr1.0e-6-scale-log,llama38binstructgapov2bertpbeta10gamma03lr10e6scalelog,27.666183558964235,24,6.495468277945619,7,27.666183558964235,6.495468277945619,0.0,0.0
Jimmy19991222_llama-3-8b-instruct-gapo-v2-bleu-beta0.1-no-length-scale-gamma0.4,real_attachments/C_efficiency_evolution/detailed_results/Jimmy19991222_llama-3-8b-instruct-gapo-v2-bleu-beta0.1-no-length-scale-gamma0.4/results_2024-09-09T07-20-40.829244.json,False,Jimmy19991222/llama-3-8b-instruct-gapo-v2-bleu-beta0.1-no-length-scale-gamma0.4,llama38binstructgapov2bleubeta01nolengthscalegamma04,29.329731874817792,24,1.6616314199395772,7,29.3297318748178,5.13595166163142,7.105427357601002e-15,3.474320241691843
Jimmy19991222_llama-3-8b-instruct-gapo-v2-rouge2-beta10-1minus-gamma0.3-rerun,real_attachments/C_efficiency_evolution/detailed_results/Jimmy19991222_llama-3-8b-instruct-gapo-v2-rouge2-beta10-1minus-gamma0.3-rerun/results_2025-02-13T18-27-04.338360.json,False,Jimmy19991222/llama-3-8b-instruct-gapo-v2-rouge2-beta10-1minus-gamma0.3-rerun,llama38binstructgapov2rouge2beta101minusgamma03rerun,28.390676236054286,24,6.117824773413897,7,28.390676236054286,6.117824773413897,0.0,0.0
Jimmy19991222_llama-3-8b-instruct-gapo-v2-rouge2-beta10-gamma0.3-lr1.0e-6-scale-log,real_attachments/C_efficiency_evolution/detailed_results/Jimmy19991222_llama-3-8b-instruct-gapo-v2-rouge2-beta10-gamma0.3-lr1.0e-6-scale-log/results_2025-02-13T18-27-04.338360.json,False,Jimmy19991222/llama-3-8b-instruct-gapo-v2-rouge2-beta10-gamma0.3-lr1.0e-6-scale-log,llama38binstructgapov2rouge2beta10gamma03lr10e6scalelog,28.075035515119446,24,6.570996978851963,7,28.07503551511944,6.570996978851963,7.105427357601002e-15,0.0
Jimmy19991222_llama-3-8b-instruct-gapo-v2-rougeL-beta10-gamma0.3-lr1.0e-6-scale-log,real_attachments/C_efficiency_evolution/detailed_results/Jimmy19991222_llama-3-8b-instruct-gapo-v2-rougeL-beta10-gamma0.3-lr1.0e-6-scale-log/results_2024-09-23T10-57-23.954689.json,False,Jimmy19991222/llama-3-8b-instruct-gapo-v2-rougeL-beta10-gamma0.3-lr1.0e-6-scale-log,llama38binstructgapov2rougelbeta10gamma03lr10e6scalelog,28.562566838365576,24,4.1540785498489425,7,28.56256683836558,6.419939577039275,3.552713678800501e-15,2.2658610271903328
Joseph717171_Hermes-3-Llama-3.1-8B_TIES_with_Base_Embeds_Initialized_to_Special_Instruct_Toks_dtypeF32,real_attachments/C_efficiency_evolution/detailed_results/Joseph717171_Hermes-3-Llama-3.1-8B_TIES_with_Base_Embeds_Initialized_to_Special_Instruct_Toks_dtypeF32/results_2024-10-29T05-27-54.968559.json,False,Joseph717171/Hermes-3-Llama-3.1-8B_TIES_with_Base_Embeds_Initialized_to_Special_Instruct_Toks_dtypeF32,hermes3llama318btieswithbaseembedsinitializedtospecialinstructtoksdtypef32,30.72409661414795,24,5.13595166163142,7,30.72409661414796,5.13595166163142,1.0658141036401503e-14,0.0
Joseph717171_Llama-3.1-SuperNova-8B-Lite_TIES_with_Base,real_attachments/C_efficiency_evolution/detailed_results/Joseph717171_Llama-3.1-SuperNova-8B-Lite_TIES_with_Base/results_2025-02-13T18-27-04.338360.json,False,Joseph717171/Llama-3.1-SuperNova-8B-Lite_TIES_with_Base,llama31supernova8blitetieswithbase,31.465813394898994,24,18.35347432024169,7,31.46581339489899,18.35347432024169,3.552713678800501e-15,0.0
Josephgflowers_Cinder-Phi-2-V1-F16-gguf,real_attachments/C_efficiency_evolution/detailed_results/Josephgflowers_Cinder-Phi-2-V1-F16-gguf/results_2025-02-13T18-27-04.338360.json,False,Josephgflowers/Cinder-Phi-2-V1-F16-gguf,cinderphi2v1f16,22.45340222827221,24,2.416918429003021,7,22.45340222827221,2.416918429003021,0.0,0.0
Josephgflowers_Differential-Attention-Liquid-Metal-Tinyllama,real_attachments/C_efficiency_evolution/detailed_results/Josephgflowers_Differential-Attention-Liquid-Metal-Tinyllama/results_2025-02-13T18-27-04.338360.json,False,Josephgflowers/Differential-Attention-Liquid-Metal-Tinyllama,differentialattentionliquidmetaltinyllama,2.5522242028124382,24,3.2477341389728096,7,2.5522242028124382,3.2477341389728096,0.0,0.0
Josephgflowers_TinyLlama-Cinder-Agent-v1,real_attachments/C_efficiency_evolution/detailed_results/Josephgflowers_TinyLlama-Cinder-Agent-v1/results_2025-02-13T18-27-04.338360.json,False,Josephgflowers/TinyLlama-Cinder-Agent-v1,tinyllamacinderagentv1,3.804167155031377,24,3.474320241691843,7,3.804167155031377,3.474320241691843,0.0,0.0
Josephgflowers_TinyLlama-v1.1-Cinders-World,real_attachments/C_efficiency_evolution/detailed_results/Josephgflowers_TinyLlama-v1.1-Cinders-World/results_2025-02-13T18-27-04.338360.json,False,Josephgflowers/TinyLlama-v1.1-Cinders-World,tinyllamav11cindersworld,3.1077144735021447,24,3.474320241691843,7,3.107714473502144,3.474320241691843,8.881784197001252e-16,0.0
Josephgflowers_TinyLlama_v1.1_math_code-world-test-1,real_attachments/C_efficiency_evolution/detailed_results/Josephgflowers_TinyLlama_v1.1_math_code-world-test-1/results_2025-02-13T18-27-04.338360.json,False,Josephgflowers/TinyLlama_v1.1_math_code-world-test-1,tinyllamav11mathcodeworldtest1,4.164017098724634,24,1.9637462235649545,7,4.164017098724634,1.9637462235649543,0.0,2.220446049250313e-16
Josephgflowers_Tinyllama-STEM-Cinder-Agent-v1,real_attachments/C_efficiency_evolution/detailed_results/Josephgflowers_Tinyllama-STEM-Cinder-Agent-v1/results_2025-02-13T18-27-04.338360.json,False,Josephgflowers/Tinyllama-STEM-Cinder-Agent-v1,tinyllamastemcinderagentv1,3.7313126768626366,24,6.722054380664652,7,3.731312676862636,6.722054380664652,4.440892098500626e-16,0.0
JungZoona_T3Q-Qwen2.5-14B-Instruct-1M-e3,real_attachments/C_efficiency_evolution/detailed_results/JungZoona_T3Q-Qwen2.5-14B-Instruct-1M-e3/results_2025-03-13T11-19-17.541040.json,False,JungZoona/T3Q-Qwen2.5-14B-Instruct-1M-e3,t3qqwen2514binstruct1me3,65.46659667305961,24,28.625377643504528,7,65.46659667305961,28.625377643504528,0.0,0.0
JungZoona_T3Q-qwen2.5-14b-v1.0-e3,real_attachments/C_efficiency_evolution/detailed_results/JungZoona_T3Q-qwen2.5-14b-v1.0-e3/results_2025-03-13T18-54-06.038301.json,False,JungZoona/T3Q-qwen2.5-14b-v1.0-e3,t3qqwen2514bv10e3,65.46659667305961,24,28.625377643504528,7,65.46659667305961,28.625377643504528,0.0,0.0
Junhoee_Qwen-Megumin,real_attachments/C_efficiency_evolution/detailed_results/Junhoee_Qwen-Megumin/results_2025-02-13T18-27-04.338360.json,False,Junhoee/Qwen-Megumin,qwenmegumin,33.64214368642437,24,49.01812688821752,7,33.64214368642437,49.01812688821752,0.0,0.0
KSU-HW-SEC_Llama3-70b-SVA-FT-1415,real_attachments/C_efficiency_evolution/detailed_results/KSU-HW-SEC_Llama3-70b-SVA-FT-1415/results_2024-09-14T11-15-52.495807.json,False,KSU-HW-SEC/Llama3-70b-SVA-FT-1415,llama370bsvaft1415,51.328741195678994,24,20.090634441087612,7,51.328741195678994,21.978851963746223,0.0,1.8882175226586106
KSU-HW-SEC_Llama3-70b-SVA-FT-500,real_attachments/C_efficiency_evolution/detailed_results/KSU-HW-SEC_Llama3-70b-SVA-FT-500/results_2025-02-13T18-27-04.338360.json,False,KSU-HW-SEC/Llama3-70b-SVA-FT-500,llama370bsvaft500,51.887026248810606,24,21.37462235649547,7,51.8870262488106,21.37462235649547,7.105427357601002e-15,0.0
KSU-HW-SEC_Llama3-70b-SVA-FT-final,real_attachments/C_efficiency_evolution/detailed_results/KSU-HW-SEC_Llama3-70b-SVA-FT-final/results_2024-09-14T11-20-10.542367.json,False,KSU-HW-SEC/Llama3-70b-SVA-FT-final,llama370bsvaftfinal,51.328741195678994,24,20.090634441087612,7,51.328741195678994,21.978851963746223,0.0,1.8882175226586106
KSU-HW-SEC_Llama3.1-70b-SVA-FT-1000step,real_attachments/C_efficiency_evolution/detailed_results/KSU-HW-SEC_Llama3.1-70b-SVA-FT-1000step/results_2024-09-14T13-17-42.155979.json,False,KSU-HW-SEC/Llama3.1-70b-SVA-FT-1000step,llama3170bsvaft1000step,55.48536459580823,24,29.607250755287005,7,55.48536459580824,32.09969788519638,1.4210854715202004e-14,2.4924471299093724
Khetterman_DarkAtom-12B-v3,real_attachments/C_efficiency_evolution/detailed_results/Khetterman_DarkAtom-12B-v3/results_2025-02-13T18-27-04.338360.json,False,Khetterman/DarkAtom-12B-v3,darkatom12bv3,31.659541989960598,24,11.10271903323263,7,31.6595419899606,11.10271903323263,3.552713678800501e-15,0.0
Khetterman_Kosmos-8B-v1,real_attachments/C_efficiency_evolution/detailed_results/Khetterman_Kosmos-8B-v1/results_2025-02-13T18-27-04.338360.json,False,Khetterman/Kosmos-8B-v1,kosmos8bv1,31.758959201899266,24,9.894259818731117,7,31.75895920189927,9.894259818731117,3.552713678800501e-15,0.0
Kimargin_GPT-NEO-1.3B-wiki,real_attachments/C_efficiency_evolution/detailed_results/Kimargin_GPT-NEO-1.3B-wiki/results_2025-02-13T18-27-04.338360.json,False,Kimargin/GPT-NEO-1.3B-wiki,gptneo13bwiki,3.423611572649296,24,1.4350453172205437,7,3.423611572649296,1.4350453172205435,0.0,2.220446049250313e-16
KingNish_Qwen2.5-0.5b-Test-ft,real_attachments/C_efficiency_evolution/detailed_results/KingNish_Qwen2.5-0.5b-Test-ft/results_2024-09-29T12-44-22.226822.json,False,KingNish/Qwen2.5-0.5b-Test-ft,qwen2505btestft,6.058845092070314,24,1.1329305135951662,7,6.058845092070314,3.5498489425981874,0.0,2.4169184290030215
KingNish_Reasoning-Llama-3b-v0.1,real_attachments/C_efficiency_evolution/detailed_results/KingNish_Reasoning-Llama-3b-v0.1/results_2024-10-26T03-53-11.772801.json,False,KingNish/Reasoning-Llama-3b-v0.1,reasoningllama3bv01,19.862451157584413,24,10.876132930513595,7,19.86245115758441,12.990936555891238,3.552713678800501e-15,2.114803625377643
KingNish_qwen-1b-continued,real_attachments/C_efficiency_evolution/detailed_results/KingNish_qwen-1b-continued/results_2025-03-07T09-37-53.465122.json,False,KingNish/qwen-1b-continued,qwen1bcontinued,4.38746409902061,24,0.906344410876133,7,4.387464099020609,0.906344410876133,8.881784197001252e-16,0.0
KingNish_qwen-1b-continued-v2.1,real_attachments/C_efficiency_evolution/detailed_results/KingNish_qwen-1b-continued-v2.1/results_2025-03-08T10-12-52.903270.json,False,KingNish/qwen-1b-continued-v2.1,qwen1bcontinuedv21,4.197658352409889,24,0.906344410876133,7,4.197658352409889,0.906344410876133,0.0,0.0
KingNish_qwen-1b-continued-v2.2,real_attachments/C_efficiency_evolution/detailed_results/KingNish_qwen-1b-continued-v2.2/results_2025-03-09T05-05-28.063314.json,False,KingNish/qwen-1b-continued-v2.2,qwen1bcontinuedv22,4.956068589848116,24,1.5105740181268883,7,4.956068589848116,1.5105740181268883,0.0,0.0
Kquant03_CognitiveFusion2-4x7B-BF16,real_attachments/C_efficiency_evolution/detailed_results/Kquant03_CognitiveFusion2-4x7B-BF16/results_2025-02-13T18-27-04.338360.json,False,Kquant03/CognitiveFusion2-4x7B-BF16,cognitivefusion24x7bbf16,17.68900275987031,24,5.740181268882175,7,17.689002759870313,5.740181268882175,3.552713678800501e-15,0.0
Kquant03_L3-Pneuma-8B,real_attachments/C_efficiency_evolution/detailed_results/Kquant03_L3-Pneuma-8B/results_2025-02-13T18-27-04.338360.json,False,Kquant03/L3-Pneuma-8B,l3pneuma8b,28.82020171626968,24,5.0604229607250755,7,,,,
Krystalan_DRT-o1-14B,real_attachments/C_efficiency_evolution/detailed_results/Krystalan_DRT-o1-14B/results_2025-02-13T18-27-04.338360.json,False,Krystalan/DRT-o1-14B,drto114b,48.141821855070724,24,48.26283987915408,7,48.14182185507073,48.26283987915408,7.105427357601002e-15,0.0
Krystalan_DRT-o1-7B,real_attachments/C_efficiency_evolution/detailed_results/Krystalan_DRT-o1-7B/results_2025-02-13T18-27-04.338360.json,False,Krystalan/DRT-o1-7B,drto17b,35.73893662836845,24,44.78851963746224,7,35.73893662836844,44.78851963746224,7.105427357601002e-15,0.0
Kukedlc_NeuralExperiment-7b-MagicCoder-v7.5,real_attachments/C_efficiency_evolution/detailed_results/Kukedlc_NeuralExperiment-7b-MagicCoder-v7.5/results_2025-02-13T18-27-04.338360.json,False,Kukedlc/NeuralExperiment-7b-MagicCoder-v7.5,neuralexperiment7bmagiccoderv75,16.386034485864904,24,6.646525679758309,7,16.386034485864904,6.646525679758309,0.0,0.0
Kukedlc_NeuralLLaMa-3-8b-DT-v0.1,real_attachments/C_efficiency_evolution/detailed_results/Kukedlc_NeuralLLaMa-3-8b-DT-v0.1/results_2024-09-18T14-44-45.615531.json,False,Kukedlc/NeuralLLaMa-3-8b-DT-v0.1,neuralllama38bdtv01,28.008307823364888,24,7.250755287009064,7,28.008307823364888,8.08157099697885,0.0,0.8308157099697864
Kukedlc_NeuralLLaMa-3-8b-ORPO-v0.3,real_attachments/C_efficiency_evolution/detailed_results/Kukedlc_NeuralLLaMa-3-8b-ORPO-v0.3/results_2025-02-13T18-27-04.338360.json,False,Kukedlc/NeuralLLaMa-3-8b-ORPO-v0.3,neuralllama38borpov03,22.391711908230846,24,4.833836858006042,7,22.39171190823084,4.833836858006042,7.105427357601002e-15,0.0
Kukedlc_NeuralSynthesis-7B-v0.1,real_attachments/C_efficiency_evolution/detailed_results/Kukedlc_NeuralSynthesis-7B-v0.1/results_2025-02-13T18-27-04.338360.json,False,Kukedlc/NeuralSynthesis-7B-v0.1,neuralsynthesis7bv01,31.834395400067788,24,6.3444108761329305,7,31.83439540006779,6.3444108761329305,3.552713678800501e-15,0.0
Kukedlc_NeuralSynthesis-7B-v0.3,real_attachments/C_efficiency_evolution/detailed_results/Kukedlc_NeuralSynthesis-7B-v0.3/results_2025-02-13T18-27-04.338360.json,False,Kukedlc/NeuralSynthesis-7B-v0.3,neuralsynthesis7bv03,31.81174834124426,24,7.779456193353475,7,31.811748341244265,7.779456193353475,3.552713678800501e-15,0.0
Kukedlc_NeuralSynthesis-7b-v0.4-slerp,real_attachments/C_efficiency_evolution/detailed_results/Kukedlc_NeuralSynthesis-7b-v0.4-slerp/results_2025-02-13T18-27-04.338360.json,False,Kukedlc/NeuralSynthesis-7b-v0.4-slerp,neuralsynthesis7bv04slerp,31.99718681136041,24,6.268882175226587,7,31.99718681136041,6.268882175226587,0.0,0.0
Kukedlc_Qwen-2.5-7b-Spanish-o1-CoT,real_attachments/C_efficiency_evolution/detailed_results/Kukedlc_Qwen-2.5-7b-Spanish-o1-CoT/results_2024-12-04T02-31-08.583409.json,False,Kukedlc/Qwen-2.5-7b-Spanish-o1-CoT,qwen257bspanisho1cot,36.86336502529177,24,24.622356495468278,7,36.86336502529178,27.26586102719033,7.105427357601002e-15,2.6435045317220514
Kumar955_Hemanth-llm,real_attachments/C_efficiency_evolution/detailed_results/Kumar955_Hemanth-llm/results_2025-02-13T18-27-04.338360.json,False,Kumar955/Hemanth-llm,hemanthllm,33.044262388969805,24,7.02416918429003,7,33.044262388969805,7.02416918429003,0.0,0.0
LEESM_llama-2-7b-hf-lora-oki100p,real_attachments/C_efficiency_evolution/detailed_results/LEESM_llama-2-7b-hf-lora-oki100p/results_2024-11-10T03-46-21.542307.json,False,LEESM/llama-2-7b-hf-lora-oki100p,llama27bloraoki100p,10.265743141867233,24,1.2084592145015105,7,10.265743141867237,1.6616314199395772,3.552713678800501e-15,0.4531722054380667
LEESM_llama-2-7b-hf-lora-oki10p,real_attachments/C_efficiency_evolution/detailed_results/LEESM_llama-2-7b-hf-lora-oki10p/results_2024-11-10T03-44-42.609036.json,False,LEESM/llama-2-7b-hf-lora-oki10p,llama27bloraoki10p,9.438287176618806,24,1.283987915407855,7,9.438287176618806,1.6616314199395772,0.0,0.37764350453172213
LEESM_llama-3-8b-bnb-4b-kowiki231101,real_attachments/C_efficiency_evolution/detailed_results/LEESM_llama-3-8b-bnb-4b-kowiki231101/results_2025-02-13T18-27-04.338360.json,False,LEESM/llama-3-8b-bnb-4b-kowiki231101,llama38bbnb4bkowiki231101,16.93486814930169,24,1.3595166163141994,7,16.93486814930169,1.3595166163141994,0.0,0.0
LEESM_llama-3-Korean-Bllossom-8B-trexlab-oki10p,real_attachments/C_efficiency_evolution/detailed_results/LEESM_llama-3-Korean-Bllossom-8B-trexlab-oki10p/results_2025-02-13T18-27-04.338360.json,False,LEESM/llama-3-Korean-Bllossom-8B-trexlab-oki10p,llama3koreanbllossom8btrexlaboki10p,19.797435760911394,24,4.682779456193353,7,19.797435760911394,4.682779456193353,0.0,0.0
LGAI-EXAONE_EXAONE-3.0-7.8B-Instruct,real_attachments/C_efficiency_evolution/detailed_results/LGAI-EXAONE_EXAONE-3.0-7.8B-Instruct/results_2025-02-13T18-27-04.338360.json,False,LGAI-EXAONE/EXAONE-3.0-7.8B-Instruct,exaone3078binstruct,17.977335395180486,24,30.438066465256796,7,17.97733539518049,30.4380664652568,3.552713678800501e-15,3.552713678800501e-15
LGAI-EXAONE_EXAONE-3.5-2.4B-Instruct,real_attachments/C_efficiency_evolution/detailed_results/LGAI-EXAONE_EXAONE-3.5-2.4B-Instruct/results_2025-02-13T18-27-04.338360.json,False,LGAI-EXAONE/EXAONE-3.5-2.4B-Instruct,exaone3524binstruct,15.947437171056874,24,36.78247734138973,7,15.94743717105687,36.78247734138973,3.552713678800501e-15,0.0
LGAI-EXAONE_EXAONE-3.5-32B-Instruct,real_attachments/C_efficiency_evolution/detailed_results/LGAI-EXAONE_EXAONE-3.5-32B-Instruct/results_2025-02-13T18-27-04.338360.json,False,LGAI-EXAONE/EXAONE-3.5-32B-Instruct,exaone3532binstruct,39.82420331711212,24,51.283987915407856,7,39.82420331711213,51.283987915407856,7.105427357601002e-15,0.0
LGAI-EXAONE_EXAONE-3.5-7.8B-Instruct,real_attachments/C_efficiency_evolution/detailed_results/LGAI-EXAONE_EXAONE-3.5-7.8B-Instruct/results_2025-02-13T18-27-04.338360.json,False,LGAI-EXAONE/EXAONE-3.5-7.8B-Instruct,exaone3578binstruct,25.653749420829026,24,47.507552870090635,7,25.65374942082902,47.50755287009064,7.105427357601002e-15,7.105427357601002e-15
LLM360_K2,real_attachments/C_efficiency_evolution/detailed_results/LLM360_K2/results_2025-02-13T18-27-04.338360.json,False,LLM360/K2,k2,28.220402834201124,24,2.719033232628399,7,28.220402834201128,2.719033232628399,3.552713678800501e-15,0.0
LLM360_K2-Chat,real_attachments/C_efficiency_evolution/detailed_results/LLM360_K2-Chat/results_2025-02-13T18-27-04.338360.json,False,LLM360/K2-Chat,k2chat,33.79382923599304,24,10.347432024169184,7,33.79382923599304,10.347432024169184,0.0,0.0
LLM4Binary_llm4decompile-1.3b-v2,real_attachments/C_efficiency_evolution/detailed_results/LLM4Binary_llm4decompile-1.3b-v2/results_2025-02-13T18-27-04.338360.json,False,LLM4Binary/llm4decompile-1.3b-v2,llm4decompile13bv2,5.915475430438469,24,1.283987915407855,7,5.915475430438469,1.283987915407855,0.0,0.0
Lambent_qwen2.5-reinstruct-alternate-lumen-14B,real_attachments/C_efficiency_evolution/detailed_results/Lambent_qwen2.5-reinstruct-alternate-lumen-14B/results_2024-09-28T11-34-19.772653.json,False,Lambent/qwen2.5-reinstruct-alternate-lumen-14B,qwen25reinstructalternatelumen14b,48.989609006737815,24,19.788519637462233,7,48.989609006737815,46.22356495468278,0.0,26.435045317220546
Langboat_Mengzi3-8B-Chat,real_attachments/C_efficiency_evolution/detailed_results/Langboat_Mengzi3-8B-Chat/results_2025-02-13T18-27-04.338360.json,False,Langboat/Mengzi3-8B-Chat,mengzi38bchat,25.188298449475578,24,9.06344410876133,7,25.18829844947557,9.06344410876133,7.105427357601002e-15,0.0
LenguajeNaturalAI_leniachat-gemma-2b-v0,real_attachments/C_efficiency_evolution/detailed_results/LenguajeNaturalAI_leniachat-gemma-2b-v0/results_2024-09-03T08-54-22.794959.json,False,LenguajeNaturalAI/leniachat-gemma-2b-v0,leniachatgemma2bv0,4.1382969637280675,24,0.3021148036253776,7,4.138296963728068,1.1329305135951662,8.881784197001252e-16,0.8308157099697886
LenguajeNaturalAI_leniachat-qwen2-1.5B-v0,real_attachments/C_efficiency_evolution/detailed_results/LenguajeNaturalAI_leniachat-qwen2-1.5B-v0/results_2024-09-30T10-56-03.778577.json,False,LenguajeNaturalAI/leniachat-qwen2-1.5B-v0,leniachatqwen215bv0,12.771666354808303,24,1.0574018126888218,7,12.771666354808303,1.283987915407855,0.0,0.22658610271903323
LeroyDyer_CheckPoint_A,real_attachments/C_efficiency_evolution/detailed_results/LeroyDyer_CheckPoint_A/results_2025-02-13T18-27-04.338360.json,False,LeroyDyer/CheckPoint_A,checkpointa,25.80938677777848,24,5.8912386706948645,7,25.80938677777848,5.8912386706948645,0.0,0.0
LeroyDyer_CheckPoint_B,real_attachments/C_efficiency_evolution/detailed_results/LeroyDyer_CheckPoint_B/results_2025-02-13T18-27-04.338360.json,False,LeroyDyer/CheckPoint_B,checkpointb,26.271248933150222,24,7.175226586102719,7,26.27124893315022,7.175226586102719,3.552713678800501e-15,0.0
LeroyDyer_CheckPoint_C,real_attachments/C_efficiency_evolution/detailed_results/LeroyDyer_CheckPoint_C/results_2025-02-13T18-27-04.338360.json,False,LeroyDyer/CheckPoint_C,checkpointc,24.183040526223035,24,5.5135951661631415,7,24.18304052622304,5.5135951661631415,3.552713678800501e-15,0.0
LeroyDyer_LCARS_AI_001,real_attachments/C_efficiency_evolution/detailed_results/LeroyDyer_LCARS_AI_001/results_2025-02-13T18-27-04.338360.json,False,LeroyDyer/LCARS_AI_001,lcarsai001,19.460966800253622,24,2.3413897280966767,7,19.460966800253622,2.3413897280966767,0.0,0.0
LeroyDyer_LCARS_AI_1x4_003_SuperAI,real_attachments/C_efficiency_evolution/detailed_results/LeroyDyer_LCARS_AI_1x4_003_SuperAI/results_2025-02-13T18-27-04.338360.json,False,LeroyDyer/LCARS_AI_1x4_003_SuperAI,lcarsai1x4003superai,28.423430655930204,24,5.740181268882175,7,28.423430655930204,5.740181268882175,0.0,0.0
LeroyDyer_LCARS_AI_StarTrek_Computer,real_attachments/C_efficiency_evolution/detailed_results/LeroyDyer_LCARS_AI_StarTrek_Computer/results_2025-02-13T18-27-04.338360.json,False,LeroyDyer/LCARS_AI_StarTrek_Computer,lcarsaistartrekcomputer,21.781003095704886,24,4.078549848942599,7,21.78100309570489,4.078549848942599,3.552713678800501e-15,0.0
LeroyDyer_LCARS_TOP_SCORE,real_attachments/C_efficiency_evolution/detailed_results/LeroyDyer_LCARS_TOP_SCORE/results_2025-02-13T18-27-04.338360.json,False,LeroyDyer/LCARS_TOP_SCORE,lcarstopscore,31.69912679947687,24,6.722054380664652,7,31.69912679947687,6.722054380664652,0.0,0.0
LeroyDyer_Mixtral_AI_SwahiliTron_7b,real_attachments/C_efficiency_evolution/detailed_results/LeroyDyer_Mixtral_AI_SwahiliTron_7b/results_2025-02-13T18-27-04.338360.json,False,LeroyDyer/Mixtral_AI_SwahiliTron_7b,mixtralaiswahilitron7b,3.2116830472330076,24,1.3595166163141994,7,3.211683047233007,1.3595166163141994,4.440892098500626e-16,0.0
LeroyDyer_SpydazWebAI_Human_AGI,real_attachments/C_efficiency_evolution/detailed_results/LeroyDyer_SpydazWebAI_Human_AGI/results_2025-02-13T18-27-04.338360.json,False,LeroyDyer/SpydazWebAI_Human_AGI,spydazwebaihumanagi,7.445695539873622,24,1.4350453172205437,7,7.445695539873622,1.4350453172205435,0.0,2.220446049250313e-16
LeroyDyer_SpydazWebAI_Human_AGI_001,real_attachments/C_efficiency_evolution/detailed_results/LeroyDyer_SpydazWebAI_Human_AGI_001/results_2025-02-13T18-27-04.338360.json,False,LeroyDyer/SpydazWebAI_Human_AGI_001,spydazwebaihumanagi001,8.661200013837,24,1.9637462235649545,7,8.661200013836998,1.9637462235649543,1.7763568394002505e-15,2.220446049250313e-16
LeroyDyer_SpydazWeb_AI_CyberTron_Ultra_7b,real_attachments/C_efficiency_evolution/detailed_results/LeroyDyer_SpydazWeb_AI_CyberTron_Ultra_7b/results_2025-02-13T18-27-04.338360.json,False,LeroyDyer/SpydazWeb_AI_CyberTron_Ultra_7b,spydazwebaicybertronultra7b,27.74553183153259,24,1.3595166163141994,7,27.74553183153259,1.3595166163141994,0.0,0.0
LeroyDyer_SpydazWeb_AI_HumanAGI_001_M2,real_attachments/C_efficiency_evolution/detailed_results/LeroyDyer_SpydazWeb_AI_HumanAGI_001_M2/results_2025-02-13T18-27-04.338360.json,False,LeroyDyer/SpydazWeb_AI_HumanAGI_001_M2,spydazwebaihumanagi001m2,27.92150509438776,24,3.8519637462235647,7,27.92150509438776,3.8519637462235647,0.0,0.0
LeroyDyer_SpydazWeb_AI_HumanAGI_002,real_attachments/C_efficiency_evolution/detailed_results/LeroyDyer_SpydazWeb_AI_HumanAGI_002/results_2025-02-13T18-27-04.338360.json,False,LeroyDyer/SpydazWeb_AI_HumanAGI_002,spydazwebaihumanagi002,29.62691236357759,24,6.646525679758309,7,29.62691236357759,6.646525679758309,0.0,0.0
LeroyDyer_SpydazWeb_AI_HumanAI_001,real_attachments/C_efficiency_evolution/detailed_results/LeroyDyer_SpydazWeb_AI_HumanAI_001/results_2025-02-13T18-27-04.338360.json,False,LeroyDyer/SpydazWeb_AI_HumanAI_001,spydazwebaihumanai001,8.06526235359233,24,1.6616314199395772,7,8.06526235359233,1.6616314199395772,0.0,0.0
LeroyDyer_SpydazWeb_AI_HumanAI_006,real_attachments/C_efficiency_evolution/detailed_results/LeroyDyer_SpydazWeb_AI_HumanAI_006/results_2025-02-13T18-27-04.338360.json,False,LeroyDyer/SpydazWeb_AI_HumanAI_006,spydazwebaihumanai006,6.725319981390316,24,1.0574018126888218,7,6.725319981390316,1.0574018126888218,0.0,0.0
LeroyDyer_SpydazWeb_AI_HumanAI_007,real_attachments/C_efficiency_evolution/detailed_results/LeroyDyer_SpydazWeb_AI_HumanAI_007/results_2025-02-13T18-27-04.338360.json,False,LeroyDyer/SpydazWeb_AI_HumanAI_007,spydazwebaihumanai007,8.462819058390158,24,2.2658610271903323,7,8.46281905839016,2.2658610271903323,1.7763568394002505e-15,0.0
LeroyDyer_SpydazWeb_AI_HumanAI_009_CHAT,real_attachments/C_efficiency_evolution/detailed_results/LeroyDyer_SpydazWeb_AI_HumanAI_009_CHAT/results_2025-02-13T18-27-04.338360.json,False,LeroyDyer/SpydazWeb_AI_HumanAI_009_CHAT,spydazwebaihumanai009chat,7.033815600268058,24,1.6616314199395772,7,7.033815600268059,1.6616314199395772,8.881784197001252e-16,0.0
LeroyDyer_SpydazWeb_AI_HumanAI_010_CHAT,real_attachments/C_efficiency_evolution/detailed_results/LeroyDyer_SpydazWeb_AI_HumanAI_010_CHAT/results_2025-02-13T18-27-04.338360.json,False,LeroyDyer/SpydazWeb_AI_HumanAI_010_CHAT,spydazwebaihumanai010chat,7.351959868629892,24,1.812688821752266,7,7.351959868629893,1.812688821752266,8.881784197001252e-16,0.0
LeroyDyer_SpydazWeb_AI_HumanAI_011_INSTRUCT,real_attachments/C_efficiency_evolution/detailed_results/LeroyDyer_SpydazWeb_AI_HumanAI_011_INSTRUCT/results_2025-02-13T18-27-04.338360.json,False,LeroyDyer/SpydazWeb_AI_HumanAI_011_INSTRUCT,spydazwebaihumanai011instruct,9.41528527960236,24,1.4350453172205437,7,9.415285279602362,1.4350453172205435,1.7763568394002505e-15,2.220446049250313e-16
LeroyDyer_SpydazWeb_AI_HumanAI_011_INSTRUCT_ML,real_attachments/C_efficiency_evolution/detailed_results/LeroyDyer_SpydazWeb_AI_HumanAI_011_INSTRUCT_ML/results_2025-02-13T18-27-04.338360.json,False,LeroyDyer/SpydazWeb_AI_HumanAI_011_INSTRUCT_ML,spydazwebaihumanai011instructml,15.599125312205128,24,2.56797583081571,7,15.599125312205128,2.56797583081571,0.0,0.0
LeroyDyer_SpydazWeb_AI_HumanAI_011_INSTRUCT_ML_r1,real_attachments/C_efficiency_evolution/detailed_results/LeroyDyer_SpydazWeb_AI_HumanAI_011_INSTRUCT_ML_r1/results_2025-02-13T18-27-04.338360.json,False,LeroyDyer/SpydazWeb_AI_HumanAI_011_INSTRUCT_ML_r1,spydazwebaihumanai011instructmlr1,27.188612130290462,24,5.5135951661631415,7,27.188612130290466,5.5135951661631415,3.552713678800501e-15,0.0
LeroyDyer_SpydazWeb_AI_HumanAI_012_INSTRUCT_IA,real_attachments/C_efficiency_evolution/detailed_results/LeroyDyer_SpydazWeb_AI_HumanAI_012_INSTRUCT_IA/results_2025-02-13T18-27-04.338360.json,False,LeroyDyer/SpydazWeb_AI_HumanAI_012_INSTRUCT_IA,spydazwebaihumanai012instructia,23.177267229663993,24,4.45619335347432,7,,,,
LeroyDyer_SpydazWeb_AI_HumanAI_012_INSTRUCT_MX,real_attachments/C_efficiency_evolution/detailed_results/LeroyDyer_SpydazWeb_AI_HumanAI_012_INSTRUCT_MX/results_2025-02-13T18-27-04.338360.json,False,LeroyDyer/SpydazWeb_AI_HumanAI_012_INSTRUCT_MX,spydazwebaihumanai012instructmx,5.885758837366413,24,1.5105740181268883,7,5.885758837366411,1.5105740181268883,1.7763568394002505e-15,0.0
LeroyDyer_SpydazWeb_AI_HumanAI_012_INSTRUCT_XA,real_attachments/C_efficiency_evolution/detailed_results/LeroyDyer_SpydazWeb_AI_HumanAI_012_INSTRUCT_XA/results_2025-02-13T18-27-04.338360.json,False,LeroyDyer/SpydazWeb_AI_HumanAI_012_INSTRUCT_XA,spydazwebaihumanai012instructxa,22.72863627225851,24,4.003021148036254,7,,,,
LeroyDyer_SpydazWeb_AI_HumanAI_RP,real_attachments/C_efficiency_evolution/detailed_results/LeroyDyer_SpydazWeb_AI_HumanAI_RP/results_2025-02-13T18-27-04.338360.json,False,LeroyDyer/SpydazWeb_AI_HumanAI_RP,spydazwebaihumanairp,7.17649457915171,24,1.283987915407855,7,7.176494579151711,1.283987915407855,1.7763568394002505e-15,0.0
LeroyDyer_SpydazWeb_AI_HumanAI_TextVision,real_attachments/C_efficiency_evolution/detailed_results/LeroyDyer_SpydazWeb_AI_HumanAI_TextVision/results_2025-02-13T18-27-04.338360.json,False,LeroyDyer/SpydazWeb_AI_HumanAI_TextVision,spydazwebaihumanaitextvision,7.525593201173673,24,1.4350453172205437,7,7.525593201173674,1.4350453172205435,8.881784197001252e-16,2.220446049250313e-16
LeroyDyer_SpydazWeb_HumanAI_M1,real_attachments/C_efficiency_evolution/detailed_results/LeroyDyer_SpydazWeb_HumanAI_M1/results_2025-02-13T18-27-04.338360.json,False,LeroyDyer/SpydazWeb_HumanAI_M1,spydazwebhumanaim1,10.02754339015283,24,2.492447129909366,7,10.02754339015283,2.492447129909366,0.0,0.0
LeroyDyer_SpydazWeb_HumanAI_M2,real_attachments/C_efficiency_evolution/detailed_results/LeroyDyer_SpydazWeb_HumanAI_M2/results_2025-02-13T18-27-04.338360.json,False,LeroyDyer/SpydazWeb_HumanAI_M2,spydazwebhumanaim2,15.397194202296946,24,2.8700906344410875,7,15.397194202296944,2.8700906344410875,1.7763568394002505e-15,0.0
LeroyDyer_SpydazWeb_HumanAI_M3,real_attachments/C_efficiency_evolution/detailed_results/LeroyDyer_SpydazWeb_HumanAI_M3/results_2025-02-13T18-27-04.338360.json,False,LeroyDyer/SpydazWeb_HumanAI_M3,spydazwebhumanaim3,4.765388996591294,24,0.906344410876133,7,4.765388996591294,0.906344410876133,0.0,0.0
LeroyDyer__Spydaz_Web_AI_12,real_attachments/C_efficiency_evolution/detailed_results/LeroyDyer__Spydaz_Web_AI_12/results_2025-02-13T18-27-04.338360.json,False,LeroyDyer/_Spydaz_Web_AI_12,spydazwebai12,4.495993524198578,24,1.3595166163141994,7,4.495993524198578,1.3595166163141994,0.0,0.0
LeroyDyer__Spydaz_Web_AI_14,real_attachments/C_efficiency_evolution/detailed_results/LeroyDyer__Spydaz_Web_AI_14/results_2025-02-13T18-27-04.338360.json,False,LeroyDyer/_Spydaz_Web_AI_14,spydazwebai14,2.1624004685588085,24,1.2084592145015105,7,2.162400468558809,1.2084592145015105,4.440892098500626e-16,0.0
LeroyDyer__Spydaz_Web_AI_BIBLE_002,real_attachments/C_efficiency_evolution/detailed_results/LeroyDyer__Spydaz_Web_AI_BIBLE_002/results_2025-02-13T18-27-04.338360.json,False,LeroyDyer/_Spydaz_Web_AI_BIBLE_002,spydazwebaibible002,6.349580156104774,24,1.7371601208459215,7,6.349580156104774,1.7371601208459215,0.0,0.0
LeroyDyer__Spydaz_Web_AI_ChatML_002,real_attachments/C_efficiency_evolution/detailed_results/LeroyDyer__Spydaz_Web_AI_ChatML_002/results_2025-02-13T18-27-04.338360.json,False,LeroyDyer/_Spydaz_Web_AI_ChatML_002,spydazwebaichatml002,4.191974214495695,24,1.1329305135951662,7,4.191974214495695,1.1329305135951662,0.0,0.0
LeroyDyer__Spydaz_Web_AI_ChatQA,real_attachments/C_efficiency_evolution/detailed_results/LeroyDyer__Spydaz_Web_AI_ChatQA/results_2025-02-13T18-27-04.338360.json,False,LeroyDyer/_Spydaz_Web_AI_ChatQA,spydazwebaichatqa,5.599561733978841,24,0.9818731117824773,7,5.599561733978841,0.9818731117824772,0.0,1.1102230246251565e-16
LeroyDyer__Spydaz_Web_AI_ChatQA_003,real_attachments/C_efficiency_evolution/detailed_results/LeroyDyer__Spydaz_Web_AI_ChatQA_003/results_2025-02-13T18-27-04.338360.json,False,LeroyDyer/_Spydaz_Web_AI_ChatQA_003,spydazwebaichatqa003,4.293436202390652,24,1.0574018126888218,7,4.293436202390652,1.0574018126888218,0.0,0.0
LightningRodLabs_Flashlight-v1.0,real_attachments/C_efficiency_evolution/detailed_results/LightningRodLabs_Flashlight-v1.0/results_2025-02-13T18-27-04.338360.json,False,LightningRodLabs/Flashlight-v1.0,flashlightv10,55.15022389243258,24,49.69788519637463,7,55.15022389243257,49.69788519637463,7.105427357601002e-15,0.0
LightningRodLabs_Flashlight-v1.1,real_attachments/C_efficiency_evolution/detailed_results/LightningRodLabs_Flashlight-v1.1/results_2025-02-13T18-27-04.338360.json,False,LightningRodLabs/Flashlight-v1.1,flashlightv11,55.43281125537685,24,53.24773413897282,7,55.432811255376855,53.24773413897282,7.105427357601002e-15,0.0
LightningRodLabs_Flashlight-v1.2,real_attachments/C_efficiency_evolution/detailed_results/LightningRodLabs_Flashlight-v1.2/results_2025-02-13T18-27-04.338360.json,False,LightningRodLabs/Flashlight-v1.2,flashlightv12,6.159209487289302,24,15.55891238670695,7,6.159209487289303,15.55891238670695,8.881784197001252e-16,0.0
Lil-R_2_PRYMMAL-ECE-2B-SLERP-V1,real_attachments/C_efficiency_evolution/detailed_results/Lil-R_2_PRYMMAL-ECE-2B-SLERP-V1/results_2025-02-13T18-27-04.338360.json,False,Lil-R/2_PRYMMAL-ECE-2B-SLERP-V1,2prymmalece2bslerpv1,19.53491130754225,24,9.138972809667674,7,19.53491130754225,9.138972809667674,0.0,0.0
Lil-R_2_PRYMMAL-ECE-2B-SLERP-V2,real_attachments/C_efficiency_evolution/detailed_results/Lil-R_2_PRYMMAL-ECE-2B-SLERP-V2/results_2025-02-13T18-27-04.338360.json,False,Lil-R/2_PRYMMAL-ECE-2B-SLERP-V2,2prymmalece2bslerpv2,20.19737664058305,24,9.441087613293051,7,20.19737664058305,9.441087613293051,0.0,0.0
Lil-R_2_PRYMMAL-ECE-7B-SLERP,real_attachments/C_efficiency_evolution/detailed_results/Lil-R_2_PRYMMAL-ECE-7B-SLERP/results_2025-02-13T18-27-04.338360.json,False,Lil-R/2_PRYMMAL-ECE-7B-SLERP,2prymmalece7bslerp,36.482570049394035,24,36.329305135951664,7,36.48257004939404,36.329305135951664,7.105427357601002e-15,0.0
Lil-R_2_PRYMMAL-ECE-7B-SLERP-V1,real_attachments/C_efficiency_evolution/detailed_results/Lil-R_2_PRYMMAL-ECE-7B-SLERP-V1/results_2025-02-13T18-27-04.338360.json,False,Lil-R/2_PRYMMAL-ECE-7B-SLERP-V1,2prymmalece7bslerpv1,2.784018230925967,24,0.0755287009063444,7,2.784018230925968,0.0755287009063444,8.881784197001252e-16,0.0
Lil-R_2_PRYMMAL-ECE-7B-SLERP-V2,real_attachments/C_efficiency_evolution/detailed_results/Lil-R_2_PRYMMAL-ECE-7B-SLERP-V2/results_2025-02-13T18-27-04.338360.json,False,Lil-R/2_PRYMMAL-ECE-7B-SLERP-V2,2prymmalece7bslerpv2,2.784018230925967,24,0.0755287009063444,7,2.784018230925968,0.0755287009063444,8.881784197001252e-16,0.0
Lil-R_2_PRYMMAL-ECE-7B-SLERP-V3,real_attachments/C_efficiency_evolution/detailed_results/Lil-R_2_PRYMMAL-ECE-7B-SLERP-V3/results_2025-02-13T18-27-04.338360.json,False,Lil-R/2_PRYMMAL-ECE-7B-SLERP-V3,2prymmalece7bslerpv3,10.612229209084205,24,0.6042296072507553,7,10.612229209084203,0.6042296072507553,1.7763568394002505e-15,0.0
Lil-R_PRYMMAL-ECE-1B-SLERP-V1,real_attachments/C_efficiency_evolution/detailed_results/Lil-R_PRYMMAL-ECE-1B-SLERP-V1/results_2025-02-13T18-27-04.338360.json,False,Lil-R/PRYMMAL-ECE-1B-SLERP-V1,prymmalece1bslerpv1,17.99967613356476,24,10.347432024169184,7,17.999676133564762,10.347432024169184,3.552713678800501e-15,0.0
Lil-R_PRYMMAL-ECE-7B-SLERP-V8,real_attachments/C_efficiency_evolution/detailed_results/Lil-R_PRYMMAL-ECE-7B-SLERP-V8/results_2025-02-13T18-27-04.338360.json,False,Lil-R/PRYMMAL-ECE-7B-SLERP-V8,prymmalece7bslerpv8,2.270601109130521,24,0.9818731117824773,7,2.270601109130521,0.9818731117824772,0.0,1.1102230246251565e-16
LilRg_10PRYMMAL-3B-slerp,real_attachments/C_efficiency_evolution/detailed_results/LilRg_10PRYMMAL-3B-slerp/results_2025-02-13T18-27-04.338360.json,False,LilRg/10PRYMMAL-3B-slerp,10prymmal3bslerp,34.877917500461,24,14.954682779456194,7,34.877917500461,14.954682779456194,0.0,0.0
LilRg_ECE-1B-merge-PRYMMAL,real_attachments/C_efficiency_evolution/detailed_results/LilRg_ECE-1B-merge-PRYMMAL/results_2025-02-13T18-27-04.338360.json,False,LilRg/ECE-1B-merge-PRYMMAL,ece1bmergeprymmal,19.141465000010825,24,10.120845921450151,7,19.141465000010825,10.120845921450153,0.0,1.7763568394002505e-15
LilRg_ECE_Finetunning,real_attachments/C_efficiency_evolution/detailed_results/LilRg_ECE_Finetunning/results_2025-02-13T18-27-04.338360.json,False,LilRg/ECE_Finetunning,ecefinetunning,26.530834895216355,24,4.531722054380665,7,26.530834895216355,4.531722054380665,0.0,0.0
LilRg_PRYMMAL-6B-slerp,real_attachments/C_efficiency_evolution/detailed_results/LilRg_PRYMMAL-6B-slerp/results_2025-02-13T18-27-04.338360.json,False,LilRg/PRYMMAL-6B-slerp,prymmal6bslerp,2.212431174489998,24,0.0,7,2.2124311744899985,0.0,4.440892098500626e-16,0.0
LilRg_PRYMMAL-ECE-7B-SLERP-V3,real_attachments/C_efficiency_evolution/detailed_results/LilRg_PRYMMAL-ECE-7B-SLERP-V3/results_2025-02-13T18-27-04.338360.json,False,LilRg/PRYMMAL-ECE-7B-SLERP-V3,prymmalece7bslerpv3,2.2903233313527434,24,0.9818731117824773,7,2.290323331352744,0.9818731117824772,4.440892098500626e-16,1.1102230246251565e-16
LilRg_PRYMMAL-ECE-7B-SLERP-V4,real_attachments/C_efficiency_evolution/detailed_results/LilRg_PRYMMAL-ECE-7B-SLERP-V4/results_2025-02-13T18-27-04.338360.json,False,LilRg/PRYMMAL-ECE-7B-SLERP-V4,prymmalece7bslerpv4,2.2903233313527434,24,0.9818731117824773,7,2.290323331352744,0.9818731117824772,4.440892098500626e-16,1.1102230246251565e-16
LilRg_PRYMMAL-ECE-7B-SLERP-V5,real_attachments/C_efficiency_evolution/detailed_results/LilRg_PRYMMAL-ECE-7B-SLERP-V5/results_2025-02-13T18-27-04.338360.json,False,LilRg/PRYMMAL-ECE-7B-SLERP-V5,prymmalece7bslerpv5,2.2903233313527434,24,0.9818731117824773,7,2.290323331352744,0.9818731117824772,4.440892098500626e-16,1.1102230246251565e-16
LilRg_PRYMMAL-ECE-7B-SLERP-V6,real_attachments/C_efficiency_evolution/detailed_results/LilRg_PRYMMAL-ECE-7B-SLERP-V6/results_2025-02-13T18-27-04.338360.json,False,LilRg/PRYMMAL-ECE-7B-SLERP-V6,prymmalece7bslerpv6,2.2903233313527434,24,0.9818731117824773,7,2.290323331352744,0.9818731117824772,4.440892098500626e-16,1.1102230246251565e-16
LilRg_PRYMMAL-ECE-7B-SLERP-V7,real_attachments/C_efficiency_evolution/detailed_results/LilRg_PRYMMAL-ECE-7B-SLERP-V7/results_2025-02-13T18-27-04.338360.json,False,LilRg/PRYMMAL-ECE-7B-SLERP-V7,prymmalece7bslerpv7,2.2903233313527434,24,0.9818731117824773,7,2.290323331352744,0.9818731117824772,4.440892098500626e-16,1.1102230246251565e-16
LilRg_PRYMMAL-slerp-Merge,real_attachments/C_efficiency_evolution/detailed_results/LilRg_PRYMMAL-slerp-Merge/results_2025-02-13T18-27-04.338360.json,False,LilRg/PRYMMAL-slerp-Merge,prymmalslerpmerge,35.55377552341981,24,16.1631419939577,7,35.553775523419816,16.1631419939577,7.105427357601002e-15,0.0
LimYeri_CodeMind-Llama3-8B-unsloth_v2-merged,real_attachments/C_efficiency_evolution/detailed_results/LimYeri_CodeMind-Llama3-8B-unsloth_v2-merged/results_2025-02-13T18-27-04.338360.json,False,LimYeri/CodeMind-Llama3-8B-unsloth_v2-merged,codemindllama38bunslothv2merged,26.65562940738101,24,6.646525679758309,7,26.655629407381003,6.646525679758309,7.105427357601002e-15,0.0
LimYeri_CodeMind-Llama3-8B-unsloth_v3-merged,real_attachments/C_efficiency_evolution/detailed_results/LimYeri_CodeMind-Llama3-8B-unsloth_v3-merged/results_2025-02-13T18-27-04.338360.json,False,LimYeri/CodeMind-Llama3-8B-unsloth_v3-merged,codemindllama38bunslothv3merged,27.025216108395995,24,6.797583081570997,7,27.02521610839599,6.797583081570997,3.552713678800501e-15,0.0
LimYeri_CodeMind-Llama3-8B-unsloth_v4-one-DPO-merged,real_attachments/C_efficiency_evolution/detailed_results/LimYeri_CodeMind-Llama3-8B-unsloth_v4-one-DPO-merged/results_2024-09-03T08-41-46.953089.json,False,LimYeri/CodeMind-Llama3-8B-unsloth_v4-one-DPO-merged,codemindllama38bunslothv4onedpomerged,26.370176686739917,24,6.495468277945619,7,26.37017668673992,6.797583081570997,3.552713678800501e-15,0.30211480362537824
LimYeri_CodeMind-Llama3-8B-unsloth_v4-one-merged,real_attachments/C_efficiency_evolution/detailed_results/LimYeri_CodeMind-Llama3-8B-unsloth_v4-one-merged/results_2025-02-13T18-27-04.338360.json,False,LimYeri/CodeMind-Llama3-8B-unsloth_v4-one-merged,codemindllama38bunslothv4onemerged,24.57473532012109,24,5.5135951661631415,7,24.57473532012109,5.5135951661631415,0.0,0.0
LimYeri_CodeMind-Llama3.1-8B-unsloth-merged,real_attachments/C_efficiency_evolution/detailed_results/LimYeri_CodeMind-Llama3.1-8B-unsloth-merged/results_2025-02-13T18-27-04.338360.json,False,LimYeri/CodeMind-Llama3.1-8B-unsloth-merged,codemindllama318bunslothmerged,24.185738827978955,24,10.876132930513595,7,24.185738827978955,10.876132930513595,0.0,0.0
Locutusque_CollectiveLM-Falcon-3-7B,real_attachments/C_efficiency_evolution/detailed_results/Locutusque_CollectiveLM-Falcon-3-7B/results_2025-02-13T18-27-04.338360.json,False,Locutusque/CollectiveLM-Falcon-3-7B,collectivelmfalcon37b,30.787344558496816,24,21.827794561933533,7,30.78734455849681,21.827794561933533,7.105427357601002e-15,0.0
Locutusque_Hercules-6.0-Llama-3.1-8B,real_attachments/C_efficiency_evolution/detailed_results/Locutusque_Hercules-6.0-Llama-3.1-8B/results_2024-09-26T10-11-45.568903.json,False,Locutusque/Hercules-6.0-Llama-3.1-8B,hercules60llama318b,26.63965184405082,24,13.36858006042296,7,26.63965184405082,16.691842900302113,0.0,3.3232628398791526
Locutusque_Hercules-6.1-Llama-3.1-8B,real_attachments/C_efficiency_evolution/detailed_results/Locutusque_Hercules-6.1-Llama-3.1-8B/results_2025-02-13T18-27-04.338360.json,False,Locutusque/Hercules-6.1-Llama-3.1-8B,hercules61llama318b,24.15187337541379,24,17.598187311178247,7,24.151873375413786,17.598187311178247,3.552713678800501e-15,0.0
Locutusque_Llama-3-NeuralHercules-5.0-8B,real_attachments/C_efficiency_evolution/detailed_results/Locutusque_Llama-3-NeuralHercules-5.0-8B/results_2024-08-13T01-27-58.645604.json,False,Locutusque/Llama-3-NeuralHercules-5.0-8B,llama3neuralhercules508b,16.34207153663529,24,3.625377643504532,7,16.34207153663529,4.305135951661631,0.0,0.679758308157099
Locutusque_Llama-3-Yggdrasil-2.0-8B,real_attachments/C_efficiency_evolution/detailed_results/Locutusque_Llama-3-Yggdrasil-2.0-8B/results_2024-08-13T01-24-48.518321.json,False,Locutusque/Llama-3-Yggdrasil-2.0-8B,llama3yggdrasil208b,26.92280095719179,24,6.873111782477341,7,26.922800957191782,8.308157099697885,7.105427357601002e-15,1.4350453172205437
Locutusque_TinyMistral-248M-v2.5,real_attachments/C_efficiency_evolution/detailed_results/Locutusque_TinyMistral-248M-v2.5/results_2024-09-16T04-23-52.850271.json,False,Locutusque/TinyMistral-248M-v2.5,tinymistral248mv25,3.181881126755549,24,0.0,7,3.181881126755549,0.9818731117824772,0.0,0.9818731117824772
Luni_StarDust-12b-v1,real_attachments/C_efficiency_evolution/detailed_results/Luni_StarDust-12b-v1/results_2025-02-13T18-27-04.338360.json,False,Luni/StarDust-12b-v1,stardust12bv1,34.446275637584975,24,7.628398791540786,7,34.44627563758498,7.628398791540786,7.105427357601002e-15,0.0
Luni_StarDust-12b-v2,real_attachments/C_efficiency_evolution/detailed_results/Luni_StarDust-12b-v2/results_2025-02-13T18-27-04.338360.json,False,Luni/StarDust-12b-v2,stardust12bv2,34.95288411454463,24,6.873111782477341,7,34.95288411454464,6.873111782477341,7.105427357601002e-15,0.0
Lunzima_NQLSG-Qwen2.5-14B-MegaFusion-v3,real_attachments/C_efficiency_evolution/detailed_results/Lunzima_NQLSG-Qwen2.5-14B-MegaFusion-v3/results_2025-02-24T23-30-56.918941.json,False,Lunzima/NQLSG-Qwen2.5-14B-MegaFusion-v3,nqlsgqwen2514bmegafusionv3,49.31202888085862,24,41.616314199395774,7,49.31202888085861,41.616314199395774,7.105427357601002e-15,0.0
Lunzima_NQLSG-Qwen2.5-14B-MegaFusion-v5,real_attachments/C_efficiency_evolution/detailed_results/Lunzima_NQLSG-Qwen2.5-14B-MegaFusion-v5/results_2025-02-25T00-00-30.869764.json,False,Lunzima/NQLSG-Qwen2.5-14B-MegaFusion-v5,nqlsgqwen2514bmegafusionv5,49.50507308185843,24,43.58006042296073,7,49.50507308185843,43.58006042296073,0.0,0.0
Lunzima_NQLSG-Qwen2.5-14B-MegaFusion-v6,real_attachments/C_efficiency_evolution/detailed_results/Lunzima_NQLSG-Qwen2.5-14B-MegaFusion-v6/results_2025-02-26T07-03-41.908628.json,False,Lunzima/NQLSG-Qwen2.5-14B-MegaFusion-v6,nqlsgqwen2514bmegafusionv6,49.10436624839845,24,39.577039274924466,7,49.104366248398456,39.57703927492447,7.105427357601002e-15,7.105427357601002e-15
Lunzima_NQLSG-Qwen2.5-14B-MegaFusion-v7-rebase,real_attachments/C_efficiency_evolution/detailed_results/Lunzima_NQLSG-Qwen2.5-14B-MegaFusion-v7-rebase/results_2025-02-28T21-38-57.260500.json,False,Lunzima/NQLSG-Qwen2.5-14B-MegaFusion-v7-rebase,nqlsgqwen2514bmegafusionv7rebase,48.854078526667685,24,34.06344410876133,7,48.854078526667685,34.06344410876133,0.0,0.0
Lunzima_NQLSG-Qwen2.5-14B-MegaFusion-v8,real_attachments/C_efficiency_evolution/detailed_results/Lunzima_NQLSG-Qwen2.5-14B-MegaFusion-v8/results_2025-02-28T15-01-10.974713.json,False,Lunzima/NQLSG-Qwen2.5-14B-MegaFusion-v8,nqlsgqwen2514bmegafusionv8,49.31278645661618,24,41.69184290030212,7,49.0341381962539,55.58912386706949,0.2786482603622815,13.897280966767369
Lunzima_NQLSG-Qwen2.5-14B-MegaFusion-v8.5,real_attachments/C_efficiency_evolution/detailed_results/Lunzima_NQLSG-Qwen2.5-14B-MegaFusion-v8.5/results_2025-02-28T23-25-38.441600.json,False,Lunzima/NQLSG-Qwen2.5-14B-MegaFusion-v8.5,nqlsgqwen2514bmegafusionv85,49.078225184099324,24,36.5558912386707,7,49.07822518409933,36.5558912386707,7.105427357601002e-15,0.0
Lunzima_NQLSG-Qwen2.5-14B-MegaFusion-v8.6,real_attachments/C_efficiency_evolution/detailed_results/Lunzima_NQLSG-Qwen2.5-14B-MegaFusion-v8.6/results_2025-03-01T02-45-12.512000.json,False,Lunzima/NQLSG-Qwen2.5-14B-MegaFusion-v8.6,nqlsgqwen2514bmegafusionv86,48.98525935245095,24,40.70996978851964,7,48.98525935245095,40.70996978851964,0.0,0.0
Lunzima_NQLSG-Qwen2.5-14B-MegaFusion-v8.7,real_attachments/C_efficiency_evolution/detailed_results/Lunzima_NQLSG-Qwen2.5-14B-MegaFusion-v8.7/results_2025-03-01T08-45-31.657703.json,False,Lunzima/NQLSG-Qwen2.5-14B-MegaFusion-v8.7,nqlsgqwen2514bmegafusionv87,49.67651866190324,24,42.37160120845921,7,49.91009317302106,54.0785498489426,0.23357451111782268,11.70694864048339
Lunzima_NQLSG-Qwen2.5-14B-MegaFusion-v8.9,real_attachments/C_efficiency_evolution/detailed_results/Lunzima_NQLSG-Qwen2.5-14B-MegaFusion-v8.9/results_2025-03-06T11-00-17.588392.json,False,Lunzima/NQLSG-Qwen2.5-14B-MegaFusion-v8.9,nqlsgqwen2514bmegafusionv89,49.48374992573168,24,41.46525679758308,7,49.94686965422407,53.70090634441088,0.46311972849239424,12.235649546827801
Lunzima_NQLSG-Qwen2.5-14B-MegaFusion-v9-stock,real_attachments/C_efficiency_evolution/detailed_results/Lunzima_NQLSG-Qwen2.5-14B-MegaFusion-v9-stock/results_2025-03-07T07-26-34.728949.json,False,Lunzima/NQLSG-Qwen2.5-14B-MegaFusion-v9-stock,nqlsgqwen2514bmegafusionv9stock,50.62001943650395,24,41.842900302114806,7,50.620019436503945,41.842900302114806,7.105427357601002e-15,0.0
Lyte_Llama-3.1-8B-Instruct-Reasoner-1o1_v0.3,real_attachments/C_efficiency_evolution/detailed_results/Lyte_Llama-3.1-8B-Instruct-Reasoner-1o1_v0.3/results_2025-02-13T18-27-04.338360.json,False,Lyte/Llama-3.1-8B-Instruct-Reasoner-1o1_v0.3,llama318binstructreasoner1o1v03,27.835212134107145,24,19.033232628398792,7,27.83521213410715,19.033232628398792,3.552713678800501e-15,0.0
Lyte_Llama-3.2-1B-Instruct-COT-RL-Expriement1-EP04,real_attachments/C_efficiency_evolution/detailed_results/Lyte_Llama-3.2-1B-Instruct-COT-RL-Expriement1-EP04/results_2024-09-26T03-14-13.908783.json,False,Lyte/Llama-3.2-1B-Instruct-COT-RL-Expriement1-EP04,llama321binstructcotrlexpriement1ep04,8.894408584162113,24,6.646525679758309,7,8.894408584162113,8.006042296072508,0.0,1.359516616314199
Lyte_Llama-3.2-3B-Overthinker,real_attachments/C_efficiency_evolution/detailed_results/Lyte_Llama-3.2-3B-Overthinker/results_2024-10-18T15-15-40.654668.json,False,Lyte/Llama-3.2-3B-Overthinker,llama323boverthinker,20.095582226457154,24,2.643504531722054,7,20.09558222645716,15.634441087613292,7.105427357601002e-15,12.990936555891238
M4-ai_TinyMistral-248M-v3,real_attachments/C_efficiency_evolution/detailed_results/M4-ai_TinyMistral-248M-v3/results_2024-10-18T08-51-04.559101.json,False,M4-ai/TinyMistral-248M-v3,tinymistral248mv3,1.7775539303863237,24,0.0,7,1.7775539303863237,0.4531722054380665,0.0,0.4531722054380665
MEscriva_ECE-PRYMMAL-0.5B-FT-V5-MUSR-Mathis,real_attachments/C_efficiency_evolution/detailed_results/MEscriva_ECE-PRYMMAL-0.5B-FT-V5-MUSR-Mathis/results_2025-02-13T18-27-04.338360.json,False,MEscriva/ECE-PRYMMAL-0.5B-FT-V5-MUSR-Mathis,eceprymmal05bftv5musrmathis,3.237774271047842,24,1.0574018126888216,7,,,,
MLP-KTLim_llama-3-Korean-Bllossom-8B,real_attachments/C_efficiency_evolution/detailed_results/MLP-KTLim_llama-3-Korean-Bllossom-8B/results_2025-02-13T18-27-04.338360.json,False,MLP-KTLim/llama-3-Korean-Bllossom-8B,llama3koreanbllossom8b,26.92752797305507,24,10.196374622356496,7,26.927527973055067,10.196374622356496,3.552713678800501e-15,0.0
MTSAIR_Cotype-Nano,real_attachments/C_efficiency_evolution/detailed_results/MTSAIR_Cotype-Nano/results_2025-02-13T18-27-04.338360.json,False,MTSAIR/Cotype-Nano,cotypenano,14.446870023241223,24,9.743202416918429,7,14.446870023241225,9.743202416918429,1.7763568394002505e-15,0.0
MTSAIR_MultiVerse_70B,real_attachments/C_efficiency_evolution/detailed_results/MTSAIR_MultiVerse_70B/results_2025-02-13T18-27-04.338360.json,False,MTSAIR/MultiVerse_70B,multiverse70b,46.135898982415,24,19.259818731117825,7,46.135898982415,19.259818731117825,0.0,0.0
Magpie-Align_Llama-3-8B-Magpie-Align-SFT-v0.1,real_attachments/C_efficiency_evolution/detailed_results/Magpie-Align_Llama-3-8B-Magpie-Align-SFT-v0.1/results_2024-09-18T06-08-40.741828.json,False,Magpie-Align/Llama-3-8B-Magpie-Align-SFT-v0.1,llama38bmagpiealignsftv01,23.990124398411343,24,4.984894259818732,7,23.990124398411343,5.740181268882175,0.0,0.7552870090634434
Magpie-Align_Llama-3-8B-Magpie-Align-SFT-v0.3,real_attachments/C_efficiency_evolution/detailed_results/Magpie-Align_Llama-3-8B-Magpie-Align-SFT-v0.3/results_2024-08-13T01-20-48.160312.json,False,Magpie-Align/Llama-3-8B-Magpie-Align-SFT-v0.3,llama38bmagpiealignsftv03,23.698815892387586,24,6.268882175226587,7,23.698815892387582,7.326283987915408,3.552713678800501e-15,1.0574018126888216
Magpie-Align_Llama-3-8B-Magpie-Align-v0.1,real_attachments/C_efficiency_evolution/detailed_results/Magpie-Align_Llama-3-8B-Magpie-Align-v0.1/results_2025-02-13T18-27-04.338360.json,False,Magpie-Align/Llama-3-8B-Magpie-Align-v0.1,llama38bmagpiealignv01,26.289712088654476,24,4.607250755287009,7,,,,
Magpie-Align_Llama-3-8B-Magpie-Align-v0.3,real_attachments/C_efficiency_evolution/detailed_results/Magpie-Align_Llama-3-8B-Magpie-Align-v0.3/results_2025-02-13T18-27-04.338360.json,False,Magpie-Align/Llama-3-8B-Magpie-Align-v0.3,llama38bmagpiealignv03,24.31144680758702,24,5.664652567975831,7,24.31144680758701,5.664652567975831,1.0658141036401503e-14,0.0
Magpie-Align_Llama-3.1-8B-Magpie-Align-SFT-v0.1,real_attachments/C_efficiency_evolution/detailed_results/Magpie-Align_Llama-3.1-8B-Magpie-Align-SFT-v0.1/results_2025-02-13T18-27-04.338360.json,False,Magpie-Align/Llama-3.1-8B-Magpie-Align-SFT-v0.1,llama318bmagpiealignsftv01,26.136676963632343,24,8.987915407854985,7,26.13667696363235,8.987915407854985,7.105427357601002e-15,0.0
Magpie-Align_Llama-3.1-8B-Magpie-Align-v0.1,real_attachments/C_efficiency_evolution/detailed_results/Magpie-Align_Llama-3.1-8B-Magpie-Align-v0.1/results_2024-09-18T06-41-31.872133.json,False,Magpie-Align/Llama-3.1-8B-Magpie-Align-v0.1,llama318bmagpiealignv01,24.040537350937875,24,0.0,7,24.04053735093787,6.646525679758309,3.552713678800501e-15,6.646525679758309
Magpie-Align_MagpieLM-8B-Chat-v0.1,real_attachments/C_efficiency_evolution/detailed_results/Magpie-Align_MagpieLM-8B-Chat-v0.1/results_2025-02-13T18-27-04.338360.json,False,Magpie-Align/MagpieLM-8B-Chat-v0.1,magpielm8bchatv01,18.25580502860485,24,6.117824773413897,7,18.25580502860485,6.117824773413897,0.0,0.0
Magpie-Align_MagpieLM-8B-SFT-v0.1,real_attachments/C_efficiency_evolution/detailed_results/Magpie-Align_MagpieLM-8B-SFT-v0.1/results_2025-02-13T18-27-04.338360.json,False,Magpie-Align/MagpieLM-8B-SFT-v0.1,magpielm8bsftv01,23.612313350177956,24,7.552870090634441,7,23.61231335017796,7.552870090634441,3.552713678800501e-15,0.0
ManoloPueblo_ContentCuisine_1-7B-slerp,real_attachments/C_efficiency_evolution/detailed_results/ManoloPueblo_ContentCuisine_1-7B-slerp/results_2025-02-13T18-27-04.338360.json,False,ManoloPueblo/ContentCuisine_1-7B-slerp,contentcuisine17bslerp,32.78974404613455,24,7.326283987915408,7,32.78974404613455,7.326283987915408,0.0,0.0
ManoloPueblo_LLM_MERGE_CC2,real_attachments/C_efficiency_evolution/detailed_results/ManoloPueblo_LLM_MERGE_CC2/results_2025-02-13T18-27-04.338360.json,False,ManoloPueblo/LLM_MERGE_CC2,llmmergecc2,33.241073524404655,24,6.419939577039275,7,33.241073524404655,6.419939577039275,0.0,0.0
ManoloPueblo_LLM_MERGE_CC3,real_attachments/C_efficiency_evolution/detailed_results/ManoloPueblo_LLM_MERGE_CC3/results_2025-02-13T18-27-04.338360.json,False,ManoloPueblo/LLM_MERGE_CC3,llmmergecc3,33.23001780763082,24,7.930513595166164,7,33.23001780763082,7.930513595166164,0.0,0.0
MarinaraSpaghetti_NemoReRemix-12B,real_attachments/C_efficiency_evolution/detailed_results/MarinaraSpaghetti_NemoReRemix-12B/results_2025-02-13T18-27-04.338360.json,False,MarinaraSpaghetti/NemoReRemix-12B,nemoreremix12b,36.12470152357596,24,9.06344410876133,7,36.12470152357596,9.06344410876133,0.0,0.0
MarinaraSpaghetti_Nemomix-v4.0-12B,real_attachments/C_efficiency_evolution/detailed_results/MarinaraSpaghetti_Nemomix-v4.0-12B/results_2025-02-13T18-27-04.338360.json,False,MarinaraSpaghetti/Nemomix-v4.0-12B,nemomixv4012b,32.87994270090317,24,10.80060422960725,7,32.879942700903165,10.80060422960725,7.105427357601002e-15,0.0
Marsouuu_MiniMathExpert-2_61B-ECE-PRYMMAL-Martial,real_attachments/C_efficiency_evolution/detailed_results/Marsouuu_MiniMathExpert-2_61B-ECE-PRYMMAL-Martial/results_2025-02-13T18-27-04.338360.json,False,Marsouuu/MiniMathExpert-2_61B-ECE-PRYMMAL-Martial,minimathexpert261beceprymmalmartial,15.297499289020852,24,7.401812688821751,7,15.297499289020854,7.401812688821751,1.7763568394002505e-15,0.0
Marsouuu_MiniQwenMathExpert-ECE-PRYMMAL-Martial,real_attachments/C_efficiency_evolution/detailed_results/Marsouuu_MiniQwenMathExpert-ECE-PRYMMAL-Martial/results_2025-02-13T18-27-04.338360.json,False,Marsouuu/MiniQwenMathExpert-ECE-PRYMMAL-Martial,miniqwenmathexperteceprymmalmartial,19.019948525917453,24,11.404833836858005,7,19.019948525917457,11.404833836858003,3.552713678800501e-15,1.7763568394002505e-15
Marsouuu_MistralBase-4x7B-MoE-ECE-PRYMMAL-Martial,real_attachments/C_efficiency_evolution/detailed_results/Marsouuu_MistralBase-4x7B-MoE-ECE-PRYMMAL-Martial/results_2024-10-04T02-05-16.789490.json,False,Marsouuu/MistralBase-4x7B-MoE-ECE-PRYMMAL-Martial,mistralbase4x7bmoeeceprymmalmartial,8.870227428732667,24,0.3021148036253776,7,8.870227428732667,1.4350453172205435,0.0,1.132930513595166
Marsouuu_general3B-ECE-PRYMMAL-Martial,real_attachments/C_efficiency_evolution/detailed_results/Marsouuu_general3B-ECE-PRYMMAL-Martial/results_2025-02-13T18-27-04.338360.json,False,Marsouuu/general3B-ECE-PRYMMAL-Martial,general3beceprymmalmartial,35.70087336193955,24,15.483383685800604,7,35.70087336193955,15.483383685800604,0.0,0.0
Marsouuu_general3Bv2-ECE-PRYMMAL-Martial,real_attachments/C_efficiency_evolution/detailed_results/Marsouuu_general3Bv2-ECE-PRYMMAL-Martial/results_2025-02-13T18-27-04.338360.json,False,Marsouuu/general3Bv2-ECE-PRYMMAL-Martial,general3bv2eceprymmalmartial,37.66776306891555,24,36.70694864048338,7,37.66776306891555,36.70694864048338,0.0,0.0
Marsouuu_lareneg1_78B-ECE-PRYMMAL-Martial,real_attachments/C_efficiency_evolution/detailed_results/Marsouuu_lareneg1_78B-ECE-PRYMMAL-Martial/results_2025-02-13T18-27-04.338360.json,False,Marsouuu/lareneg1_78B-ECE-PRYMMAL-Martial,lareneg178beceprymmalmartial,19.019948525917453,24,11.404833836858005,7,19.019948525917457,11.404833836858003,3.552713678800501e-15,1.7763568394002505e-15
Marsouuu_lareneg3B-ECE-PRYMMAL-Martial,real_attachments/C_efficiency_evolution/detailed_results/Marsouuu_lareneg3B-ECE-PRYMMAL-Martial/results_2025-02-13T18-27-04.338360.json,False,Marsouuu/lareneg3B-ECE-PRYMMAL-Martial,lareneg3beceprymmalmartial,36.350721914540266,24,15.181268882175228,7,36.35072191454026,15.181268882175228,7.105427357601002e-15,0.0
Marsouuu_lareneg3Bv2-ECE-PRYMMAL-Martial,real_attachments/C_efficiency_evolution/detailed_results/Marsouuu_lareneg3Bv2-ECE-PRYMMAL-Martial/results_2025-02-13T18-27-04.338360.json,False,Marsouuu/lareneg3Bv2-ECE-PRYMMAL-Martial,lareneg3bv2eceprymmalmartial,37.471640114731564,24,36.5558912386707,7,37.47164011473157,36.5558912386707,7.105427357601002e-15,0.0
MaziyarPanahi_Calme-4x7B-MoE-v0.1,real_attachments/C_efficiency_evolution/detailed_results/MaziyarPanahi_Calme-4x7B-MoE-v0.1/results_2025-02-13T18-27-04.338360.json,False,MaziyarPanahi/Calme-4x7B-MoE-v0.1,calme4x7bmoev01,31.261878056261505,24,8.006042296072508,7,31.26187805626151,8.006042296072508,3.552713678800501e-15,0.0
MaziyarPanahi_Calme-4x7B-MoE-v0.2,real_attachments/C_efficiency_evolution/detailed_results/MaziyarPanahi_Calme-4x7B-MoE-v0.2/results_2025-02-13T18-27-04.338360.json,False,MaziyarPanahi/Calme-4x7B-MoE-v0.2,calme4x7bmoev02,31.396819621762447,24,7.401812688821751,7,31.396819621762447,7.401812688821751,0.0,0.0
MaziyarPanahi_Llama-3-70B-Instruct-v0.1,real_attachments/C_efficiency_evolution/detailed_results/MaziyarPanahi_Llama-3-70B-Instruct-v0.1/results_2024-10-05T14-21-45.746802.json,False,MaziyarPanahi/Llama-3-70B-Instruct-v0.1,llama370binstructv01,32.71291726367119,24,14.954682779456194,7,32.71291726367119,18.051359516616312,0.0,3.0966767371601183
MaziyarPanahi_Llama-3-8B-Instruct-v0.10,real_attachments/C_efficiency_evolution/detailed_results/MaziyarPanahi_Llama-3-8B-Instruct-v0.10/results_2024-07-18T10-57-13.925740.json,False,MaziyarPanahi/Llama-3-8B-Instruct-v0.10,llama38binstructv010,27.924674302120884,24,4.909365558912387,7,27.924674302120888,5.740181268882175,3.552713678800501e-15,0.8308157099697882
MaziyarPanahi_Llama-3-8B-Instruct-v0.8,real_attachments/C_efficiency_evolution/detailed_results/MaziyarPanahi_Llama-3-8B-Instruct-v0.8/results_2024-07-04T03-47-33.210245.json,False,MaziyarPanahi/Llama-3-8B-Instruct-v0.8,llama38binstructv08,28.27041875978348,24,7.099697885196375,7,28.270418759783485,7.779456193353475,3.552713678800501e-15,0.6797583081571004
MaziyarPanahi_Llama-3-8B-Instruct-v0.9,real_attachments/C_efficiency_evolution/detailed_results/MaziyarPanahi_Llama-3-8B-Instruct-v0.9/results_2025-02-13T18-27-04.338360.json,False,MaziyarPanahi/Llama-3-8B-Instruct-v0.9,llama38binstructv09,27.903013285410182,24,7.3262839879154065,7,27.903013285410186,7.326283987915408,3.552713678800501e-15,1.7763568394002505e-15
MaziyarPanahi_Qwen1.5-MoE-A2.7B-Wikihow,real_attachments/C_efficiency_evolution/detailed_results/MaziyarPanahi_Qwen1.5-MoE-A2.7B-Wikihow/results_2025-02-13T18-27-04.338360.json,False,MaziyarPanahi/Qwen1.5-MoE-A2.7B-Wikihow,qwen15moea27bwikihow,15.47343942401254,24,8.23262839879154,7,15.47343942401254,8.23262839879154,0.0,0.0
MaziyarPanahi_Qwen2-7B-Instruct-v0.1,real_attachments/C_efficiency_evolution/detailed_results/MaziyarPanahi_Qwen2-7B-Instruct-v0.1/results_2024-07-29T18-41-30.681992.json,False,MaziyarPanahi/Qwen2-7B-Instruct-v0.1,qwen27binstructv01,31.923607274308207,24,20.39274924471299,7,31.92360727430821,22.12990936555892,3.552713678800501e-15,1.7371601208459282
MaziyarPanahi_Qwen2-7B-Instruct-v0.8,real_attachments/C_efficiency_evolution/detailed_results/MaziyarPanahi_Qwen2-7B-Instruct-v0.8/results_2025-02-13T18-27-04.338360.json,False,MaziyarPanahi/Qwen2-7B-Instruct-v0.8,qwen27binstructv08,25.532524528361478,24,17.673716012084594,7,25.53252452836148,17.673716012084594,3.552713678800501e-15,0.0
MaziyarPanahi_calme-2.1-llama3.1-70b,real_attachments/C_efficiency_evolution/detailed_results/MaziyarPanahi_calme-2.1-llama3.1-70b/results_2025-02-13T18-27-04.338360.json,False,MaziyarPanahi/calme-2.1-llama3.1-70b,calme21llama3170b,48.55364600487639,24,41.012084592145015,7,48.55364600487639,41.012084592145015,0.0,0.0
MaziyarPanahi_calme-2.1-phi3-4b,real_attachments/C_efficiency_evolution/detailed_results/MaziyarPanahi_calme-2.1-phi3-4b/results_2024-07-18T11-08-51.380541.json,False,MaziyarPanahi/calme-2.1-phi3-4b,calme21phi34b,38.12427952281281,24,4.305135951661631,7,38.1242795228128,13.141993957703926,1.4210854715202004e-14,8.836858006042295
MaziyarPanahi_calme-2.1-phi3.5-4b,real_attachments/C_efficiency_evolution/detailed_results/MaziyarPanahi_calme-2.1-phi3.5-4b/results_2024-09-03T09-41-32.172139.json,False,MaziyarPanahi/calme-2.1-phi3.5-4b,calme21phi354b,36.110096929573025,24,14.425981873111782,7,36.11009692957303,20.39274924471299,7.105427357601002e-15,5.966767371601209
MaziyarPanahi_calme-2.1-qwen2-72b,real_attachments/C_efficiency_evolution/detailed_results/MaziyarPanahi_calme-2.1-qwen2-72b/results_2024-07-18T06-00-38.574165.json,False,MaziyarPanahi/calme-2.1-qwen2-72b,calme21qwen272b,57.32588234471031,24,36.027190332326285,7,57.3258823447103,40.78549848942598,7.105427357601002e-15,4.758308157099698
MaziyarPanahi_calme-2.1-qwen2-7b,real_attachments/C_efficiency_evolution/detailed_results/MaziyarPanahi_calme-2.1-qwen2-7b/results_2025-02-13T18-27-04.338360.json,False,MaziyarPanahi/calme-2.1-qwen2-7b,calme21qwen27b,31.007097447020126,24,23.11178247734139,7,31.00709744702013,23.11178247734139,3.552713678800501e-15,0.0
MaziyarPanahi_calme-2.1-qwen2.5-72b,real_attachments/C_efficiency_evolution/detailed_results/MaziyarPanahi_calme-2.1-qwen2.5-72b/results_2024-10-05T22-25-27.320099.json,False,MaziyarPanahi/calme-2.1-qwen2.5-72b,calme21qwen2572b,61.65570318314716,24,2.2658610271903323,7,61.65570318314716,59.13897280966768,0.0,56.873111782477345
MaziyarPanahi_calme-2.1-rys-78b,real_attachments/C_efficiency_evolution/detailed_results/MaziyarPanahi_calme-2.1-rys-78b/results_2025-02-13T18-27-04.338360.json,False,MaziyarPanahi/calme-2.1-rys-78b,calme21rys78b,59.4700307859535,24,39.42598187311178,7,59.4700307859535,39.42598187311178,0.0,0.0
MaziyarPanahi_calme-2.2-llama3-70b,real_attachments/C_efficiency_evolution/detailed_results/MaziyarPanahi_calme-2.2-llama3-70b/results_2024-07-17T08-13-13.687245.json,False,MaziyarPanahi/calme-2.2-llama3-70b,calme22llama370b,48.57170594999846,24,22.9607250755287,7,48.57170594999846,23.94259818731118,0.0,0.9818731117824804
MaziyarPanahi_calme-2.2-llama3.1-70b,real_attachments/C_efficiency_evolution/detailed_results/MaziyarPanahi_calme-2.2-llama3.1-70b/results_2025-02-13T18-27-04.338360.json,False,MaziyarPanahi/calme-2.2-llama3.1-70b,calme22llama3170b,54.20646208605565,24,43.65558912386707,7,54.20646208605566,43.65558912386707,7.105427357601002e-15,0.0
MaziyarPanahi_calme-2.2-phi3-4b,real_attachments/C_efficiency_evolution/detailed_results/MaziyarPanahi_calme-2.2-phi3-4b/results_2024-07-18T09-39-19.713557.json,False,MaziyarPanahi/calme-2.2-phi3-4b,calme22phi34b,37.733734155011526,24,2.3413897280966767,7,37.733734155011526,14.501510574018129,0.0,12.160120845921451
MaziyarPanahi_calme-2.2-qwen2-72b,real_attachments/C_efficiency_evolution/detailed_results/MaziyarPanahi_calme-2.2-qwen2-72b/results_2025-02-13T18-27-04.338360.json,False,MaziyarPanahi/calme-2.2-qwen2-72b,calme22qwen272b,56.79594225047665,24,45.31722054380665,7,56.79594225047665,45.31722054380665,0.0,0.0
MaziyarPanahi_calme-2.2-qwen2-7b,real_attachments/C_efficiency_evolution/detailed_results/MaziyarPanahi_calme-2.2-qwen2-7b/results_2025-02-13T18-27-04.338360.json,False,MaziyarPanahi/calme-2.2-qwen2-7b,calme22qwen27b,33.109365595568846,24,21.45015105740181,7,33.10936559556884,21.45015105740181,7.105427357601002e-15,0.0
MaziyarPanahi_calme-2.2-qwen2.5-72b,real_attachments/C_efficiency_evolution/detailed_results/MaziyarPanahi_calme-2.2-qwen2.5-72b/results_2025-02-13T18-27-04.338360.json,False,MaziyarPanahi/calme-2.2-qwen2.5-72b,calme22qwen2572b,61.803604191467876,24,58.91238670694864,7,61.80360419146786,58.91238670694864,1.4210854715202004e-14,0.0
MaziyarPanahi_calme-2.2-rys-78b,real_attachments/C_efficiency_evolution/detailed_results/MaziyarPanahi_calme-2.2-rys-78b/results_2025-02-13T18-27-04.338360.json,False,MaziyarPanahi/calme-2.2-rys-78b,calme22rys78b,59.26864567518449,24,40.70996978851964,7,59.268645675184494,40.70996978851964,7.105427357601002e-15,0.0
MaziyarPanahi_calme-2.3-llama3-70b,real_attachments/C_efficiency_evolution/detailed_results/MaziyarPanahi_calme-2.3-llama3-70b/results_2025-02-13T18-27-04.338360.json,False,MaziyarPanahi/calme-2.3-llama3-70b,calme23llama370b,48.00858506179231,24,23.26283987915408,7,48.0085850617923,23.26283987915408,7.105427357601002e-15,0.0
MaziyarPanahi_calme-2.3-llama3.1-70b,real_attachments/C_efficiency_evolution/detailed_results/MaziyarPanahi_calme-2.3-llama3.1-70b/results_2025-02-13T18-27-04.338360.json,False,MaziyarPanahi/calme-2.3-llama3.1-70b,calme23llama3170b,55.585495116993066,24,39.274924471299094,7,55.58549511699308,39.27492447129909,1.4210854715202004e-14,7.105427357601002e-15
MaziyarPanahi_calme-2.3-phi3-4b,real_attachments/C_efficiency_evolution/detailed_results/MaziyarPanahi_calme-2.3-phi3-4b/results_2025-02-13T18-27-04.338360.json,False,MaziyarPanahi/calme-2.3-phi3-4b,calme23phi34b,37.658892419625516,24,14.72809667673716,7,37.65889241962552,14.72809667673716,7.105427357601002e-15,0.0
MaziyarPanahi_calme-2.3-qwen2-72b,real_attachments/C_efficiency_evolution/detailed_results/MaziyarPanahi_calme-2.3-qwen2-72b/results_2024-09-28T03-12-45.476266.json,False,MaziyarPanahi/calme-2.3-qwen2-72b,calme23qwen272b,51.22830430718469,24,14.72809667673716,7,51.22830430718469,31.72205438066465,0.0,16.993957703927492
MaziyarPanahi_calme-2.3-qwen2-7b,real_attachments/C_efficiency_evolution/detailed_results/MaziyarPanahi_calme-2.3-qwen2-7b/results_2025-02-13T18-27-04.338360.json,False,MaziyarPanahi/calme-2.3-qwen2-7b,calme23qwen27b,30.956082115370947,24,20.694864048338367,7,30.95608211537095,20.694864048338367,3.552713678800501e-15,0.0
MaziyarPanahi_calme-2.3-rys-78b,real_attachments/C_efficiency_evolution/detailed_results/MaziyarPanahi_calme-2.3-rys-78b/results_2025-02-13T18-27-04.338360.json,False,MaziyarPanahi/calme-2.3-rys-78b,calme23rys78b,59.574546959041044,24,39.803625377643506,7,59.57454695904105,39.80362537764351,7.105427357601002e-15,7.105427357601002e-15
MaziyarPanahi_calme-2.4-llama3-70b,real_attachments/C_efficiency_evolution/detailed_results/MaziyarPanahi_calme-2.4-llama3-70b/results_2024-07-18T09-03-39.762026.json,False,MaziyarPanahi/calme-2.4-llama3-70b,calme24llama370b,48.39776612820647,24,22.658610271903324,7,48.39776612820646,24.47129909365559,7.105427357601002e-15,1.812688821752264
MaziyarPanahi_calme-2.4-qwen2-7b,real_attachments/C_efficiency_evolution/detailed_results/MaziyarPanahi_calme-2.4-qwen2-7b/results_2025-02-13T18-27-04.338360.json,False,MaziyarPanahi/calme-2.4-qwen2-7b,calme24qwen27b,31.818265642234806,24,20.31722054380665,7,31.8182656422348,20.31722054380665,7.105427357601002e-15,0.0
MaziyarPanahi_calme-2.4-rys-78b,real_attachments/C_efficiency_evolution/detailed_results/MaziyarPanahi_calme-2.4-rys-78b/results_2025-02-13T18-27-04.338360.json,False,MaziyarPanahi/calme-2.4-rys-78b,calme24rys78b,62.156549294671194,24,40.70996978851964,7,62.15654929467119,40.70996978851964,7.105427357601002e-15,0.0
MaziyarPanahi_calme-2.5-qwen2-7b,real_attachments/C_efficiency_evolution/detailed_results/MaziyarPanahi_calme-2.5-qwen2-7b/results_2025-02-13T18-27-04.338360.json,False,MaziyarPanahi/calme-2.5-qwen2-7b,calme25qwen27b,28.28099517875505,24,22.58308157099698,7,28.28099517875505,22.58308157099698,0.0,0.0
MaziyarPanahi_calme-2.6-qwen2-7b,real_attachments/C_efficiency_evolution/detailed_results/MaziyarPanahi_calme-2.6-qwen2-7b/results_2025-02-13T18-27-04.338360.json,False,MaziyarPanahi/calme-2.6-qwen2-7b,calme26qwen27b,29.308419233088763,24,12.16012084592145,7,29.30841923308876,12.16012084592145,3.552713678800501e-15,0.0
MaziyarPanahi_calme-2.7-qwen2-7b,real_attachments/C_efficiency_evolution/detailed_results/MaziyarPanahi_calme-2.7-qwen2-7b/results_2024-09-19T06-16-21.919709.json,False,MaziyarPanahi/calme-2.7-qwen2-7b,calme27qwen27b,28.912244614673995,24,12.084592145015106,7,28.912244614673995,13.821752265861026,0.0,1.7371601208459193
MaziyarPanahi_calme-3.1-baguette-3b,real_attachments/C_efficiency_evolution/detailed_results/MaziyarPanahi_calme-3.1-baguette-3b/results_2025-02-13T18-27-04.338360.json,False,MaziyarPanahi/calme-3.1-baguette-3b,calme31baguette3b,25.50768075774144,24,25.604229607250755,7,25.50768075774144,25.604229607250755,0.0,0.0
MaziyarPanahi_calme-3.1-instruct-3b,real_attachments/C_efficiency_evolution/detailed_results/MaziyarPanahi_calme-3.1-instruct-3b/results_2025-02-13T18-27-04.338360.json,False,MaziyarPanahi/calme-3.1-instruct-3b,calme31instruct3b,27.309895959339887,24,17.749244712990937,7,27.30989595933989,17.749244712990937,3.552713678800501e-15,0.0
MaziyarPanahi_calme-3.1-instruct-78b,real_attachments/C_efficiency_evolution/detailed_results/MaziyarPanahi_calme-3.1-instruct-78b/results_2025-02-13T18-27-04.338360.json,False,MaziyarPanahi/calme-3.1-instruct-78b,calme31instruct78b,62.40968270370105,24,39.274924471299094,7,62.40968270370106,39.27492447129909,7.105427357601002e-15,7.105427357601002e-15
MaziyarPanahi_calme-3.1-llamaloi-3b,real_attachments/C_efficiency_evolution/detailed_results/MaziyarPanahi_calme-3.1-llamaloi-3b/results_2024-11-10T07-21-06.518071.json,False,MaziyarPanahi/calme-3.1-llamaloi-3b,calme31llamaloi3b,23.769165575848298,24,16.76737160120846,7,23.7691655758483,17.29607250755287,3.552713678800501e-15,0.5287009063444117
MaziyarPanahi_calme-3.2-baguette-3b,real_attachments/C_efficiency_evolution/detailed_results/MaziyarPanahi_calme-3.2-baguette-3b/results_2025-02-13T18-27-04.338360.json,False,MaziyarPanahi/calme-3.2-baguette-3b,calme32baguette3b,25.865746650731104,24,28.247734138972806,7,25.865746650731108,28.24773413897281,3.552713678800501e-15,3.552713678800501e-15
MaziyarPanahi_calme-3.2-instruct-3b,real_attachments/C_efficiency_evolution/detailed_results/MaziyarPanahi_calme-3.2-instruct-3b/results_2025-02-13T18-27-04.338360.json,False,MaziyarPanahi/calme-3.2-instruct-3b,calme32instruct3b,27.97679824239309,24,21.676737160120847,7,27.976798242393084,21.676737160120847,7.105427357601002e-15,0.0
MaziyarPanahi_calme-3.2-instruct-78b,real_attachments/C_efficiency_evolution/detailed_results/MaziyarPanahi_calme-3.2-instruct-78b/results_2025-02-13T18-27-04.338360.json,False,MaziyarPanahi/calme-3.2-instruct-78b,calme32instruct78b,62.6094432829016,24,40.33232628398791,7,62.6094432829016,40.33232628398791,0.0,0.0
MaziyarPanahi_calme-3.3-baguette-3b,real_attachments/C_efficiency_evolution/detailed_results/MaziyarPanahi_calme-3.3-baguette-3b/results_2025-02-13T18-27-04.338360.json,False,MaziyarPanahi/calme-3.3-baguette-3b,calme33baguette3b,25.59659410609641,24,38.066465256797585,7,25.59659410609641,38.06646525679759,0.0,7.105427357601002e-15
MaziyarPanahi_calme-3.3-instruct-3b,real_attachments/C_efficiency_evolution/detailed_results/MaziyarPanahi_calme-3.3-instruct-3b/results_2025-02-13T18-27-04.338360.json,False,MaziyarPanahi/calme-3.3-instruct-3b,calme33instruct3b,25.682137818579093,24,37.38670694864049,7,25.682137818579093,37.38670694864049,0.0,0.0
Minami-su_Amara-o1-7B-Qwen,real_attachments/C_efficiency_evolution/detailed_results/Minami-su_Amara-o1-7B-Qwen/results_2025-02-13T18-27-04.338360.json,False,Minami-su/Amara-o1-7B-Qwen,amarao17bqwen,32.796829871095795,24,51.81268882175226,7,32.7968298710958,51.81268882175226,7.105427357601002e-15,0.0
Minami-su_Amara-o2-7B-Qwen,real_attachments/C_efficiency_evolution/detailed_results/Minami-su_Amara-o2-7B-Qwen/results_2025-02-13T18-27-04.338360.json,False,Minami-su/Amara-o2-7B-Qwen,amarao27bqwen,31.798127272995536,24,40.86102719033233,7,31.79812727299554,40.86102719033233,3.552713678800501e-15,0.0
Minami-su_test-7B-00,real_attachments/C_efficiency_evolution/detailed_results/Minami-su_test-7B-00/results_2025-02-13T18-27-04.338360.json,False,Minami-su/test-7B-00,test7b00,21.48995001898129,24,45.16616314199396,7,21.48995001898129,45.16616314199396,0.0,0.0
Minami-su_test-7B-01,real_attachments/C_efficiency_evolution/detailed_results/Minami-su_test-7B-01/results_2025-02-13T18-27-04.338360.json,False,Minami-su/test-7B-01,test7b01,20.824494266256867,24,45.54380664652568,7,20.824494266256867,45.54380664652568,0.0,0.0
Minami-su_test-v2-7B-00,real_attachments/C_efficiency_evolution/detailed_results/Minami-su_test-v2-7B-00/results_2025-02-13T18-27-04.338360.json,False,Minami-su/test-v2-7B-00,testv27b00,21.19075482398095,24,44.18429003021148,7,21.19075482398095,44.18429003021148,0.0,0.0
ModelCloud_Llama-3.2-1B-Instruct-gptqmodel-4bit-vortex-v1,real_attachments/C_efficiency_evolution/detailed_results/ModelCloud_Llama-3.2-1B-Instruct-gptqmodel-4bit-vortex-v1/results_2025-01-10T11-16-08.038199.json,False,ModelCloud/Llama-3.2-1B-Instruct-gptqmodel-4bit-vortex-v1,llama321binstructgptqmodel4bitvortexv1,5.859172283470534,24,4.380664652567976,7,5.859172283470534,6.042296072507553,0.0,1.6616314199395772
ModelSpace_GemmaX2-28-9B-v0.1,real_attachments/C_efficiency_evolution/detailed_results/ModelSpace_GemmaX2-28-9B-v0.1/results_2025-02-24T20-52-51.514794.json,False,ModelSpace/GemmaX2-28-9B-v0.1,gemmax2289bv01,11.707676917585223,24,2.719033232628399,7,11.707676917585225,2.719033232628399,1.7763568394002505e-15,0.0
NAPS-ai_naps-gemma-2-27b-v0.1.0,real_attachments/C_efficiency_evolution/detailed_results/NAPS-ai_naps-gemma-2-27b-v0.1.0/results_2024-11-11T10-10-02.008201.json,False,NAPS-ai/naps-gemma-2-27b-v0.1.0,napsgemma227bv010,2.3470409575204094,24,0.0,7,,,,
NAPS-ai_naps-llama-3_1-instruct-v0.5.0,real_attachments/C_efficiency_evolution/detailed_results/NAPS-ai_naps-llama-3_1-instruct-v0.5.0/results_2024-09-30T03-13-20.847203.json,False,NAPS-ai/naps-llama-3_1-instruct-v0.5.0,napsllama31instructv050,18.110133310152776,24,2.56797583081571,7,18.110133310152776,3.625377643504532,0.0,1.057401812688822
NCSOFT_Llama-VARCO-8B-Instruct,real_attachments/C_efficiency_evolution/detailed_results/NCSOFT_Llama-VARCO-8B-Instruct/results_2024-12-21T17-40-41.330448.json,False,NCSOFT/Llama-VARCO-8B-Instruct,llamavarco8binstruct,29.177056729688577,24,9.969788519637463,7,29.177056729688577,10.649546827794564,0.0,0.6797583081571013
Naveenpoliasetty_llama3-8B-V2,real_attachments/C_efficiency_evolution/detailed_results/Naveenpoliasetty_llama3-8B-V2/results_2024-07-25T01-07-18.059419.json,False,Naveenpoliasetty/llama3-8B-V2,llama38bv2,30.873209425039573,24,7.099697885196375,7,30.873209425039573,7.854984894259818,0.0,0.7552870090634434
NbAiLab_nb-llama-3.1-8B-Instruct,real_attachments/C_efficiency_evolution/detailed_results/NbAiLab_nb-llama-3.1-8B-Instruct/results_2024-12-11T04-48-05.360067.json,False,NbAiLab/nb-llama-3.1-8B-Instruct,nbllama318binstruct,5.448858800501279,24,1.7371601208459215,7,5.448858800501278,2.2658610271903323,8.881784197001252e-16,0.5287009063444108
Nekochu_Llama-3.1-8B-German-ORPO,real_attachments/C_efficiency_evolution/detailed_results/Nekochu_Llama-3.1-8B-German-ORPO/results_2024-09-24T17-07-03.925941.json,False,Nekochu/Llama-3.1-8B-German-ORPO,llama318bgermanorpo,29.419254274936463,24,0.0,7,29.419254274936463,11.706948640483382,0.0,11.706948640483382
Nexesenex_Llama_3.1_8b_DeepDive_3_R1_Prev_v1.0,real_attachments/C_efficiency_evolution/detailed_results/Nexesenex_Llama_3.1_8b_DeepDive_3_R1_Prev_v1.0/results_2025-02-27T15-36-48.522598.json,False,Nexesenex/Llama_3.1_8b_DeepDive_3_R1_Prev_v1.0,llama318bdeepdive3r1prevv10,30.73278378127992,24,19.259818731117825,7,30.73278378127992,19.259818731117825,0.0,0.0
Nexesenex_Llama_3.1_8b_DobHerWild_R1_v1.1R,real_attachments/C_efficiency_evolution/detailed_results/Nexesenex_Llama_3.1_8b_DobHerWild_R1_v1.1R/results_2025-02-27T18-15-40.531386.json,False,Nexesenex/Llama_3.1_8b_DobHerWild_R1_v1.1R,llama318bdobherwildr1v11r,32.825750312399464,24,23.187311178247736,7,32.825750312399464,23.187311178247736,0.0,0.0
Nexesenex_Llama_3.1_8b_DoberWild_v2.02,real_attachments/C_efficiency_evolution/detailed_results/Nexesenex_Llama_3.1_8b_DoberWild_v2.02/results_2025-02-28T10-15-57.545121.json,False,Nexesenex/Llama_3.1_8b_DoberWild_v2.02,llama318bdoberwildv202,33.353312715166645,24,19.939577039274926,7,33.35331271516665,19.939577039274926,7.105427357601002e-15,0.0
Nexesenex_Llama_3.1_8b_DodoWild_v2.01,real_attachments/C_efficiency_evolution/detailed_results/Nexesenex_Llama_3.1_8b_DodoWild_v2.01/results_2025-02-28T00-40-44.676114.json,False,Nexesenex/Llama_3.1_8b_DodoWild_v2.01,llama318bdodowildv201,32.110872058033216,24,19.86404833836858,7,32.110872058033216,19.86404833836858,0.0,0.0
Nexesenex_Llama_3.1_8b_DodoWild_v2.02,real_attachments/C_efficiency_evolution/detailed_results/Nexesenex_Llama_3.1_8b_DodoWild_v2.02/results_2025-02-28T10-12-03.740197.json,False,Nexesenex/Llama_3.1_8b_DodoWild_v2.02,llama318bdodowildv202,32.3191525258866,24,22.734138972809667,7,32.31915252588661,22.734138972809667,7.105427357601002e-15,0.0
Nexesenex_Llama_3.1_8b_DodoWild_v2.03,real_attachments/C_efficiency_evolution/detailed_results/Nexesenex_Llama_3.1_8b_DodoWild_v2.03/results_2025-02-28T11-23-06.488083.json,False,Nexesenex/Llama_3.1_8b_DodoWild_v2.03,llama318bdodowildv203,33.022959512096214,24,22.20543806646526,7,33.022959512096214,22.20543806646526,0.0,0.0
Nexesenex_Llama_3.1_8b_Dolermed_R1_V1.01,real_attachments/C_efficiency_evolution/detailed_results/Nexesenex_Llama_3.1_8b_Dolermed_R1_V1.01/results_2025-02-28T10-08-59.607397.json,False,Nexesenex/Llama_3.1_8b_Dolermed_R1_V1.01,llama318bdolermedr1v101,33.28793158004304,24,20.166163141993955,7,33.28793158004305,20.166163141993955,7.105427357601002e-15,0.0
Nexesenex_Llama_3.1_8b_Dolermed_V1.01,real_attachments/C_efficiency_evolution/detailed_results/Nexesenex_Llama_3.1_8b_Dolermed_V1.01/results_2025-02-28T01-33-57.969777.json,False,Nexesenex/Llama_3.1_8b_Dolermed_V1.01,llama318bdolermedv101,31.705802845596303,24,13.444108761329304,7,31.7058028455963,13.444108761329304,3.552713678800501e-15,0.0
Nexesenex_Llama_3.1_8b_Dolerstormed_V1.04,real_attachments/C_efficiency_evolution/detailed_results/Nexesenex_Llama_3.1_8b_Dolerstormed_V1.04/results_2025-03-01T05-53-20.770746.json,False,Nexesenex/Llama_3.1_8b_Dolerstormed_V1.04,llama318bdolerstormedv104,31.64115192515533,24,19.259818731117825,7,31.64115192515533,19.259818731117825,0.0,0.0
Nexesenex_Llama_3.1_8b_Hermedive_R1_V1.01,real_attachments/C_efficiency_evolution/detailed_results/Nexesenex_Llama_3.1_8b_Hermedive_R1_V1.01/results_2025-02-28T01-44-22.380618.json,False,Nexesenex/Llama_3.1_8b_Hermedive_R1_V1.01,llama318bhermediver1v101,31.129961752766555,24,17.749244712990937,7,31.12996175276656,17.749244712990937,7.105427357601002e-15,0.0
Nexesenex_Llama_3.1_8b_Mediver_V1.01,real_attachments/C_efficiency_evolution/detailed_results/Nexesenex_Llama_3.1_8b_Mediver_V1.01/results_2025-02-27T22-32-16.425943.json,False,Nexesenex/Llama_3.1_8b_Mediver_V1.01,llama318bmediverv101,20.441503466276757,24,0.1510574018126888,7,20.44150346627676,0.1510574018126888,3.552713678800501e-15,0.0
Nexesenex_Llama_3.1_8b_Smarteaz_0.2_R1,real_attachments/C_efficiency_evolution/detailed_results/Nexesenex_Llama_3.1_8b_Smarteaz_0.2_R1/results_2025-02-27T14-51-34.008698.json,False,Nexesenex/Llama_3.1_8b_Smarteaz_0.2_R1,llama318bsmarteaz02r1,30.6976172290985,24,26.057401812688823,7,30.6976172290985,26.057401812688823,0.0,0.0
Nexesenex_Llama_3.1_8b_Smarteaz_V1.01,real_attachments/C_efficiency_evolution/detailed_results/Nexesenex_Llama_3.1_8b_Smarteaz_V1.01/results_2025-02-27T21-57-29.777655.json,False,Nexesenex/Llama_3.1_8b_Smarteaz_V1.01,llama318bsmarteazv101,32.27545707027266,24,23.413897280966765,7,32.275457070272665,23.413897280966765,7.105427357601002e-15,0.0
Nexesenex_Llama_3.2_1b_AquaSyn_0.1,real_attachments/C_efficiency_evolution/detailed_results/Nexesenex_Llama_3.2_1b_AquaSyn_0.1/results_2025-02-24T19-23-39.554871.json,False,Nexesenex/Llama_3.2_1b_AquaSyn_0.1,llama321baquasyn01,6.212570678140739,24,2.190332326283988,7,6.212570678140739,2.190332326283988,0.0,0.0
Nexesenex_Llama_3.2_1b_Odyssea_V1,real_attachments/C_efficiency_evolution/detailed_results/Nexesenex_Llama_3.2_1b_Odyssea_V1/results_2025-02-24T19-38-32.014384.json,False,Nexesenex/Llama_3.2_1b_Odyssea_V1,llama321bodysseav1,2.646703002357716,24,1.4350453172205437,7,2.6467030023577163,1.4350453172205435,4.440892098500626e-16,2.220446049250313e-16
Nexesenex_Llama_3.2_1b_Odyssea_V1.01,real_attachments/C_efficiency_evolution/detailed_results/Nexesenex_Llama_3.2_1b_Odyssea_V1.01/results_2025-02-27T06-52-42.473198.json,False,Nexesenex/Llama_3.2_1b_Odyssea_V1.01,llama321bodysseav101,2.848403718897273,24,1.7371601208459215,7,2.848403718897272,1.7371601208459215,8.881784197001252e-16,0.0
Nexesenex_Llama_3.2_1b_SunOrca_V1,real_attachments/C_efficiency_evolution/detailed_results/Nexesenex_Llama_3.2_1b_SunOrca_V1/results_2025-03-06T02-41-14.753353.json,False,Nexesenex/Llama_3.2_1b_SunOrca_V1,llama321bsunorcav1,7.852676178179102,24,6.722054380664652,7,7.852676178179103,6.722054380664652,8.881784197001252e-16,0.0
Nexesenex_Llama_3.2_1b_Sydonia_0.1,real_attachments/C_efficiency_evolution/detailed_results/Nexesenex_Llama_3.2_1b_Sydonia_0.1/results_2025-02-24T19-31-30.175948.json,False,Nexesenex/Llama_3.2_1b_Sydonia_0.1,llama321bsydonia01,4.742438568322573,24,2.0392749244712993,7,4.742438568322573,2.0392749244713,0.0,8.881784197001252e-16
Nexesenex_Llama_3.2_3b_Kermes_v2,real_attachments/C_efficiency_evolution/detailed_results/Nexesenex_Llama_3.2_3b_Kermes_v2/results_2025-02-18T15-08-36.633055.json,False,Nexesenex/Llama_3.2_3b_Kermes_v2,llama323bkermesv2,22.049944802060324,24,5.438066465256798,7,22.049944802060324,5.438066465256798,0.0,0.0
NikolaSigmoid_AceMath-1.5B-Instruct-dolphin-r1-200,real_attachments/C_efficiency_evolution/detailed_results/NikolaSigmoid_AceMath-1.5B-Instruct-dolphin-r1-200/results_2025-03-06T03-21-29.997810.json,False,NikolaSigmoid/AceMath-1.5B-Instruct-dolphin-r1-200,acemath15binstructdolphinr1200,1.5862997221655972,24,0.0,7,1.586299722165597,0.0,2.220446049250313e-16,0.0
NikolaSigmoid_DeepSeek-R1-Distill-Qwen-1.5B-500,real_attachments/C_efficiency_evolution/detailed_results/NikolaSigmoid_DeepSeek-R1-Distill-Qwen-1.5B-500/results_2025-03-04T17-04-50.228012.json,False,NikolaSigmoid/DeepSeek-R1-Distill-Qwen-1.5B-500,deepseekr1distillqwen15b500,0.3579812834224597,24,0.0,7,0.3579812834224598,0.0,5.551115123125783e-17,0.0
NikolaSigmoid_phi-4-14b,real_attachments/C_efficiency_evolution/detailed_results/NikolaSigmoid_phi-4-14b/results_2025-02-28T06-10-09.004119.json,False,NikolaSigmoid/phi-4-14b,phi414b,52.500692585754884,24,29.38066465256798,7,52.50069258575488,29.38066465256798,7.105427357601002e-15,0.0
NotASI_FineTome-Llama3.2-3B-1002,real_attachments/C_efficiency_evolution/detailed_results/NotASI_FineTome-Llama3.2-3B-1002/results_2024-10-05T07-19-46.651384.json,False,NotASI/FineTome-Llama3.2-3B-1002,finetomellama323b1002,19.52006065248879,24,5.287009063444108,7,19.52006065248879,6.268882175226587,0.0,0.9818731117824786
NotASI_FineTome-v1.5-Llama3.2-1B-1007,real_attachments/C_efficiency_evolution/detailed_results/NotASI_FineTome-v1.5-Llama3.2-1B-1007/results_2024-10-07T14-10-32.000639.json,False,NotASI/FineTome-v1.5-Llama3.2-1B-1007,finetomev15llama321b1007,5.801724673541758,24,1.3595166163141994,7,5.801724673541757,3.1722054380664653,8.881784197001252e-16,1.8126888217522659
NotASI_FineTome-v1.5-Llama3.2-3B-1007,real_attachments/C_efficiency_evolution/detailed_results/NotASI_FineTome-v1.5-Llama3.2-3B-1007/results_2024-10-07T14-36-28.367357.json,False,NotASI/FineTome-v1.5-Llama3.2-3B-1007,finetomev15llama323b1007,19.457219278849333,24,5.13595166163142,7,19.457219278849333,6.419939577039275,0.0,1.283987915407855
NousResearch_DeepHermes-3-Mistral-24B-Preview,real_attachments/C_efficiency_evolution/detailed_results/NousResearch_DeepHermes-3-Mistral-24B-Preview/results_2025-03-13T18-57-43.884131.json,False,NousResearch/DeepHermes-3-Mistral-24B-Preview,deephermes3mistral24bpreview,48.9634043107575,24,25.755287009063444,7,48.963404310757504,25.755287009063444,7.105427357601002e-15,0.0
NousResearch_Hermes-2-Pro-Llama-3-8B,real_attachments/C_efficiency_evolution/detailed_results/NousResearch_Hermes-2-Pro-Llama-3-8B/results_2024-06-16T17-24-34.509503.json,False,NousResearch/Hermes-2-Pro-Llama-3-8B,hermes2prollama38b,30.667993420825002,24,5.740181268882175,7,30.667993420825,8.38368580060423,3.552713678800501e-15,2.643504531722055
NousResearch_Hermes-2-Pro-Mistral-7B,real_attachments/C_efficiency_evolution/detailed_results/NousResearch_Hermes-2-Pro-Mistral-7B/results_2024-06-16T17-23-03.425460.json,False,NousResearch/Hermes-2-Pro-Mistral-7B,hermes2promistral7b,29.427578860535995,24,4.833836858006042,7,29.427578860536,6.042296072507553,3.552713678800501e-15,1.2084592145015112
NousResearch_Hermes-3-Llama-3.1-70B,real_attachments/C_efficiency_evolution/detailed_results/NousResearch_Hermes-3-Llama-3.1-70B/results_2024-08-28T23-42-29.435150.json,False,NousResearch/Hermes-3-Llama-3.1-70B,hermes3llama3170b,53.76540869130055,24,13.746223564954683,7,53.76540869130056,20.996978851963743,7.105427357601002e-15,7.25075528700906
NousResearch_Nous-Hermes-2-Mistral-7B-DPO,real_attachments/C_efficiency_evolution/detailed_results/NousResearch_Nous-Hermes-2-Mistral-7B-DPO/results_2024-06-17T09-36-01.123340.json,False,NousResearch/Nous-Hermes-2-Mistral-7B-DPO,noushermes2mistral7bdpo,27.79254565836608,24,4.229607250755287,7,27.792545658366084,4.758308157099697,3.552713678800501e-15,0.5287009063444099
NousResearch_Yarn-Llama-2-13b-128k,real_attachments/C_efficiency_evolution/detailed_results/NousResearch_Yarn-Llama-2-13b-128k/results_2024-06-26T13-35-58.419685.json,False,NousResearch/Yarn-Llama-2-13b-128k,yarnllama213b128k,13.505319085673959,24,1.1329305135951662,7,13.505319085673955,1.7371601208459215,3.552713678800501e-15,0.6042296072507554
Open-Orca_Mistral-7B-OpenOrca,real_attachments/C_efficiency_evolution/detailed_results/Open-Orca_Mistral-7B-OpenOrca/results_2024-06-16T17-32-32.802384.json,False,Open-Orca/Mistral-7B-OpenOrca,mistral7bopenorca,25.840025395269812,24,2.9456193353474323,7,25.840025395269805,3.5498489425981874,7.105427357601002e-15,0.6042296072507551
OpenBuddy_openbuddy-llama3-70b-v21.2-32k,real_attachments/C_efficiency_evolution/detailed_results/OpenBuddy_openbuddy-llama3-70b-v21.2-32k/results_2024-10-15T17-12-00.837354.json,False,OpenBuddy/openbuddy-llama3-70b-v21.2-32k,openbuddyllama370bv21232k,49.96936580842817,24,18.051359516616312,7,49.969365808428186,20.31722054380665,1.4210854715202004e-14,2.2658610271903363
OpenBuddy_openbuddy-llama3-8b-v21.1-8k,real_attachments/C_efficiency_evolution/detailed_results/OpenBuddy_openbuddy-llama3-8b-v21.1-8k/results_2024-08-12T12-02-09.854304.json,False,OpenBuddy/openbuddy-llama3-8b-v21.1-8k,openbuddyllama38bv2118k,26.11504533759095,24,2.719033232628399,7,26.115045337590946,4.305135951661631,3.552713678800501e-15,1.5861027190332324
OpenBuddy_openbuddy-llama3.1-70b-v22.1-131k,real_attachments/C_efficiency_evolution/detailed_results/OpenBuddy_openbuddy-llama3.1-70b-v22.1-131k/results_2024-09-14T13-07-38.561128.json,False,OpenBuddy/openbuddy-llama3.1-70b-v22.1-131k,openbuddyllama3170bv221131k,51.94077625159233,24,3.3987915407854987,7,51.94077625159233,39.50151057401813,0.0,36.10271903323263
OpenBuddy_openbuddy-llama3.1-8b-v22.3-131k,real_attachments/C_efficiency_evolution/detailed_results/OpenBuddy_openbuddy-llama3.1-8b-v22.3-131k/results_2024-10-02T02-14-42.968052.json,False,OpenBuddy/openbuddy-llama3.1-8b-v22.3-131k,openbuddyllama318bv223131k,30.319510884756202,24,9.743202416918429,7,30.3195108847562,12.084592145015106,3.552713678800501e-15,2.3413897280966776
OpenBuddy_openbuddy-yi1.5-34b-v21.3-32k,real_attachments/C_efficiency_evolution/detailed_results/OpenBuddy_openbuddy-yi1.5-34b-v21.3-32k/results_2024-09-03T10-53-41.358514.json,False,OpenBuddy/openbuddy-yi1.5-34b-v21.3-32k,openbuddyyi1534bv21332k,45.63709260620401,24,12.764350453172204,7,45.637092606204,17.82477341389728,7.105427357601002e-15,5.0604229607250755
OpenLeecher_llama3-8b-lima,real_attachments/C_efficiency_evolution/detailed_results/OpenLeecher_llama3-8b-lima/results_2024-10-02T01-58-49.544644.json,False,OpenLeecher/llama3-8b-lima,llama38blima,19.57306488196496,24,2.9456193353474323,7,19.573064881964964,5.060422960725076,3.552713678800501e-15,2.114803625377644
OpenScholar_Llama-3.1_OpenScholar-8B,real_attachments/C_efficiency_evolution/detailed_results/OpenScholar_Llama-3.1_OpenScholar-8B/results_2024-12-03T20-18-02.470239.json,False,OpenScholar/Llama-3.1_OpenScholar-8B,llama31openscholar8b,32.40392120448785,24,14.274924471299094,7,32.40392120448785,16.540785498489427,0.0,2.2658610271903328
Orenguteng_Llama-3.1-8B-Lexi-Uncensored-V2,real_attachments/C_efficiency_evolution/detailed_results/Orenguteng_Llama-3.1-8B-Lexi-Uncensored-V2/results_2024-09-02T17-57-37.858974.json,False,Orenguteng/Llama-3.1-8B-Lexi-Uncensored-V2,llama318blexiuncensoredv2,29.68703274563122,24,16.91842900302115,7,29.687032745631218,19.71299093655589,3.552713678800501e-15,2.794561933534741
Orion-zhen_phi-4-abliterated,real_attachments/C_efficiency_evolution/detailed_results/Orion-zhen_phi-4-abliterated/results_2024-12-20T14-55-57.931598.json,False,Orion-zhen/phi-4-abliterated,phi4abliterated,52.45712922578372,24,28.54984894259819,7,,,,
PJMixers-Dev_LLaMa-3.1-Instruct-Interleaved-Zeroed-13B,real_attachments/C_efficiency_evolution/detailed_results/PJMixers-Dev_LLaMa-3.1-Instruct-Interleaved-Zeroed-13B/results_2024-12-18T10-25-04.014332.json,False,PJMixers-Dev/LLaMa-3.1-Instruct-Interleaved-Zeroed-13B,llama31instructinterleavedzeroed13b,29.89275635245275,24,19.410876132930515,7,29.89275635245275,20.01510574018127,0.0,0.6042296072507547
PJMixers-Dev_LLaMa-3.1-RomboTiesTest-8B,real_attachments/C_efficiency_evolution/detailed_results/PJMixers-Dev_LLaMa-3.1-RomboTiesTest-8B/results_2024-12-20T03-32-25.776285.json,False,PJMixers-Dev/LLaMa-3.1-RomboTiesTest-8B,llama31rombotiestest8b,29.89275635245275,24,19.410876132930515,7,29.89275635245275,20.01510574018127,0.0,0.6042296072507547
PJMixers-Dev_LLaMa-3.1-RomboTiesTest2-8B,real_attachments/C_efficiency_evolution/detailed_results/PJMixers-Dev_LLaMa-3.1-RomboTiesTest2-8B/results_2024-12-21T06-01-29.891396.json,False,PJMixers-Dev/LLaMa-3.1-RomboTiesTest2-8B,llama31rombotiestest28b,29.89275635245275,24,19.410876132930515,7,29.89275635245275,20.01510574018127,0.0,0.6042296072507547
PJMixers-Dev_LLaMa-3.2-Instruct-JankMix-v0.2-SFT-3B,real_attachments/C_efficiency_evolution/detailed_results/PJMixers-Dev_LLaMa-3.2-Instruct-JankMix-v0.2-SFT-3B/results_2024-10-16T08-59-35.330807.json,False,PJMixers-Dev/LLaMa-3.2-Instruct-JankMix-v0.2-SFT-3B,llama32instructjankmixv02sft3b,23.341239903737886,24,11.329305135951662,7,23.34123990373789,12.990936555891238,3.552713678800501e-15,1.6616314199395763
PJMixers-Dev_LLaMa-3.2-Instruct-JankMixBread-v0.1-3B,real_attachments/C_efficiency_evolution/detailed_results/PJMixers-Dev_LLaMa-3.2-Instruct-JankMixBread-v0.1-3B/results_2024-10-12T20-37-49.184725.json,False,PJMixers-Dev/LLaMa-3.2-Instruct-JankMixBread-v0.1-3B,llama32instructjankmixbreadv013b,22.759588390933697,24,10.725075528700906,7,22.759588390933697,13.066465256797583,0.0,2.3413897280966776
PJMixers_LLaMa-3-CursedStock-v2.0-8B,real_attachments/C_efficiency_evolution/detailed_results/PJMixers_LLaMa-3-CursedStock-v2.0-8B/results_2024-07-18T22-31-46.079432.json,False,PJMixers/LLaMa-3-CursedStock-v2.0-8B,llama3cursedstockv208b,32.56361170891586,24,8.610271903323262,7,32.56361170891586,9.441087613293051,0.0,0.830815709969789
Quazim0t0_Lo-Phi-14b,real_attachments/C_efficiency_evolution/detailed_results/Quazim0t0_Lo-Phi-14b/results_2025-03-09T16-24-52.723278.json,False,Quazim0t0/Lo-Phi-14b,lophi14b,54.7059822415105,24,51.963746223564954,7,54.70598224151049,51.96374622356496,7.105427357601002e-15,7.105427357601002e-15
Quazim0t0_Phi4.Turn.R1Distill.16bit,real_attachments/C_efficiency_evolution/detailed_results/Quazim0t0_Phi4.Turn.R1Distill.16bit/results_2025-02-01T01-30-01.897993.json,False,Quazim0t0/Phi4.Turn.R1Distill.16bit,phi4turnr1distill16bit,50.469172646695604,24,3.474320241691843,7,50.4691726466956,23.11178247734139,7.105427357601002e-15,19.637462235649547
Quazim0t0_Phi4Basis-14B-sce,real_attachments/C_efficiency_evolution/detailed_results/Quazim0t0_Phi4Basis-14B-sce/results_2025-02-04T08-19-51.830517.json,False,Quazim0t0/Phi4Basis-14B-sce,phi4basis14bsce,55.66519434644379,24,45.392749244712995,7,55.6651943464438,47.88519637462236,7.105427357601002e-15,2.4924471299093653
Quazim0t0_graphite-14b-sce,real_attachments/C_efficiency_evolution/detailed_results/Quazim0t0_graphite-14b-sce/results_2025-02-05T15-47-09.281719.json,False,Quazim0t0/graphite-14b-sce,graphite14bsce,51.50924362930216,24,15.407854984894259,7,51.50924362930217,30.06042296072508,7.105427357601002e-15,14.652567975830822
Qwen_QwQ-32B-Preview,real_attachments/C_efficiency_evolution/detailed_results/Qwen_QwQ-32B-Preview/results_2024-11-29T18-47-19.440839.json,False,Qwen/QwQ-32B-Preview,qwq32bpreview,53.387676351713196,24,22.885196374622357,7,53.3876763517132,44.93957703927492,7.105427357601002e-15,22.054380664652566
Qwen_Qwen1.5-0.5B,real_attachments/C_efficiency_evolution/detailed_results/Qwen_Qwen1.5-0.5B/results_2024-06-16T18-29-53.027471.json,False,Qwen/Qwen1.5-0.5B,qwen1505b,5.035475836799366,24,0.4531722054380665,7,5.035475836799366,1.7371601208459215,0.0,1.283987915407855
Qwen_Qwen1.5-1.8B,real_attachments/C_efficiency_evolution/detailed_results/Qwen_Qwen1.5-1.8B/results_2024-06-16T18-43-23.280850.json,False,Qwen/Qwen1.5-1.8B,qwen1518b,9.759901587727937,24,2.2658610271903323,7,9.759901587727937,3.1722054380664653,0.0,0.9063444108761329
Qwen_Qwen1.5-110B,real_attachments/C_efficiency_evolution/detailed_results/Qwen_Qwen1.5-110B/results_2024-06-25T12-07-08.632481.json,False,Qwen/Qwen1.5-110B,qwen15110b,44.28047655387545,24,23.036253776435046,7,44.28047655387545,24.69788519637462,0.0,1.6616314199395745
Qwen_Qwen1.5-14B-Chat,real_attachments/C_efficiency_evolution/detailed_results/Qwen_Qwen1.5-14B-Chat/results_2024-06-16T18-40-14.610140.json,False,Qwen/Qwen1.5-14B-Chat,qwen1514bchat,32.75647930053065,24,0.0,7,32.75647930053065,15.256797583081571,0.0,15.256797583081571
Qwen_Qwen1.5-32B,real_attachments/C_efficiency_evolution/detailed_results/Qwen_Qwen1.5-32B/results_2024-06-26T06-37-24.381705.json,False,Qwen/Qwen1.5-32B,qwen1532b,38.980351633108974,24,26.661631419939575,7,38.980351633108974,30.28700906344411,0.0,3.6253776435045353
Qwen_Qwen1.5-32B-Chat,real_attachments/C_efficiency_evolution/detailed_results/Qwen_Qwen1.5-32B-Chat/results_2024-06-25T21-18-30.710867.json,False,Qwen/Qwen1.5-32B-Chat,qwen1532bchat,44.5548540239164,24,6.646525679758309,7,44.55485402391639,19.561933534743204,7.105427357601002e-15,12.915407854984895
Qwen_Qwen1.5-4B-Chat,real_attachments/C_efficiency_evolution/detailed_results/Qwen_Qwen1.5-4B-Chat/results_2024-06-16T18-29-56.853847.json,False,Qwen/Qwen1.5-4B-Chat,qwen154bchat,16.297078528908308,24,0.9818731117824773,7,16.29707852890831,2.794561933534743,3.552713678800501e-15,1.8126888217522659
Qwen_Qwen1.5-MoE-A2.7B,real_attachments/C_efficiency_evolution/detailed_results/Qwen_Qwen1.5-MoE-A2.7B/results_2024-06-17T00-13-15.397461.json,False,Qwen/Qwen1.5-MoE-A2.7B,qwen15moea27b,18.837858500547185,24,0.1510574018126888,7,18.837858500547185,9.290030211480364,0.0,9.138972809667674
Qwen_Qwen2-0.5B-Instruct,real_attachments/C_efficiency_evolution/detailed_results/Qwen_Qwen2-0.5B-Instruct/results_2024-06-17T10-54-45.875940.json,False,Qwen/Qwen2-0.5B-Instruct,qwen205binstruct,5.876044259408481,24,1.6616314199395767,7,5.876044259408482,2.8700906344410875,8.881784197001252e-16,1.2084592145015107
Qwen_Qwen2-1.5B-Instruct,real_attachments/C_efficiency_evolution/detailed_results/Qwen_Qwen2-1.5B-Instruct/results_2024-06-17T09-51-37.025715.json,False,Qwen/Qwen2-1.5B-Instruct,qwen215binstruct,13.695346827502664,24,5.81570996978852,7,13.695346827502664,7.175226586102719,0.0,1.359516616314199
Qwen_Qwen2-57B-A14B,real_attachments/C_efficiency_evolution/detailed_results/Qwen_Qwen2-57B-A14B/results_2024-07-04T08-36-42.751894.json,False,Qwen/Qwen2-57B-A14B,qwen257ba14b,38.8759890503419,24,18.65558912386707,7,38.87598905034189,18.65558912386707,7.105427357601002e-15,0.0
Qwen_Qwen2-7B,real_attachments/C_efficiency_evolution/detailed_results/Qwen_Qwen2-7B/results_2024-06-16T18-53-46.134214.json,False,Qwen/Qwen2-7B,qwen27b,34.711136202753416,24,18.806646525679756,7,34.711136202753416,20.39274924471299,0.0,1.586102719033235
Qwen_Qwen2-7B-Instruct,real_attachments/C_efficiency_evolution/detailed_results/Qwen_Qwen2-7B-Instruct/results_2024-06-16T18-34-11.511342.json,False,Qwen/Qwen2-7B-Instruct,qwen27binstruct,37.80839092310167,24,8.610271903323262,7,37.80839092310167,27.64350453172205,0.0,19.03323262839879
Qwen_Qwen2-Math-72B-Instruct,real_attachments/C_efficiency_evolution/detailed_results/Qwen_Qwen2-Math-72B-Instruct/results_2024-09-21T18-32-21.222955.json,False,Qwen/Qwen2-Math-72B-Instruct,qwen2math72binstruct,47.96019950734914,24,35.95166163141994,7,47.96019950734914,55.36253776435045,0.0,19.41087613293051
Qwen_Qwen2-VL-72B-Instruct,real_attachments/C_efficiency_evolution/detailed_results/Qwen_Qwen2-VL-72B-Instruct/results_2024-10-22T04-20-31.971941.json,False,Qwen/Qwen2-VL-72B-Instruct,qwen2vl72binstruct,56.3112338791251,24,23.338368580060422,7,56.3112338791251,34.44108761329305,0.0,11.102719033232628
Qwen_Qwen2-VL-7B-Instruct,real_attachments/C_efficiency_evolution/detailed_results/Qwen_Qwen2-VL-7B-Instruct/results_2024-10-21T10-26-59.679844.json,False,Qwen/Qwen2-VL-7B-Instruct,qwen2vl7binstruct,35.87710314498948,24,5.664652567975831,7,35.87710314498947,19.86404833836858,1.4210854715202004e-14,14.199395770392748
Qwen_Qwen2.5-1.5B-Instruct,real_attachments/C_efficiency_evolution/detailed_results/Qwen_Qwen2.5-1.5B-Instruct/results_2024-09-19T16-22-58.240552.json,False,Qwen/Qwen2.5-1.5B-Instruct,qwen2515binstruct,19.809786497358974,24,1.283987915407855,7,19.80978649735897,22.05438066465257,3.552713678800501e-15,20.770392749244714
Qwen_Qwen2.5-14B-Instruct,real_attachments/C_efficiency_evolution/detailed_results/Qwen_Qwen2.5-14B-Instruct/results_2024-09-19T08-51-03.564190.json,False,Qwen/Qwen2.5-14B-Instruct,qwen2514binstruct,48.360706612827045,24,0.0,7,,,,
Qwen_Qwen2.5-32B-Instruct,real_attachments/C_efficiency_evolution/detailed_results/Qwen_Qwen2.5-32B-Instruct/results_2024-09-19T12-58-54.557932.json,False,Qwen/Qwen2.5-32B-Instruct,qwen2532binstruct,56.489348261593875,24,0.0,7,56.48934826159387,62.53776435045317,7.105427357601002e-15,62.53776435045317
Qwen_Qwen2.5-3B-Instruct,real_attachments/C_efficiency_evolution/detailed_results/Qwen_Qwen2.5-3B-Instruct/results_2024-09-19T10-05-30.339220.json,False,Qwen/Qwen2.5-3B-Instruct,qwen253binstruct,25.80139394408858,24,0.0,7,25.801393944088584,36.78247734138973,3.552713678800501e-15,36.78247734138973
Qwen_Qwen2.5-72B,real_attachments/C_efficiency_evolution/detailed_results/Qwen_Qwen2.5-72B/results_2024-09-20T03-02-35.170648.json,False,Qwen/Qwen2.5-72B,qwen2572b,54.61505780163692,24,36.102719033232624,7,54.61505780163693,39.12386706948641,7.105427357601002e-15,3.021148036253784
Qwen_Qwen2.5-7B-Instruct,real_attachments/C_efficiency_evolution/detailed_results/Qwen_Qwen2.5-7B-Instruct/results_2024-09-19T08-24-07.576642.json,False,Qwen/Qwen2.5-7B-Instruct,qwen257binstruct,34.84019559281029,24,0.0,7,34.89211675876548,50.0,0.051921165955192805,50.0
Qwen_Qwen2.5-Math-72B-Instruct,real_attachments/C_efficiency_evolution/detailed_results/Qwen_Qwen2.5-Math-72B-Instruct/results_2024-09-28T23-18-59.974937.json,False,Qwen/Qwen2.5-Math-72B-Instruct,qwen25math72binstruct,48.966096029421145,24,18.50453172205438,7,48.966096029421145,62.38670694864048,0.0,43.8821752265861
Qwen_Qwen2.5-Math-7B,real_attachments/C_efficiency_evolution/detailed_results/Qwen_Qwen2.5-Math-7B/results_2024-09-27T23-55-14.959617.json,False,Qwen/Qwen2.5-Math-7B,qwen25math7b,22.008760679586626,24,28.323262839879153,7,22.00876067958663,30.513595166163142,3.552713678800501e-15,2.1903323262839898
RESMPDEV_Qwen2-Wukong-0.5B,real_attachments/C_efficiency_evolution/detailed_results/RESMPDEV_Qwen2-Wukong-0.5B/results_2024-08-12T22-32-49.035473.json,False,RESMPDEV/Qwen2-Wukong-0.5B,qwen2wukong05b,4.196663159936731,24,0.0,7,4.19666315993673,0.1510574018126888,8.881784197001252e-16,0.1510574018126888
RLHFlow_ArmoRM-Llama3-8B-v0.1,real_attachments/C_efficiency_evolution/detailed_results/RLHFlow_ArmoRM-Llama3-8B-v0.1/results_2024-10-08T16-02-16.474038.json,False,RLHFlow/ArmoRM-Llama3-8B-v0.1,armormllama38bv01,1.7494478703137448,24,0.0,7,1.7494478703137453,0.0,4.440892098500626e-16,0.0
Replete-AI_Llama3-8B-Instruct-Replete-Adapted,real_attachments/C_efficiency_evolution/detailed_results/Replete-AI_Llama3-8B-Instruct-Replete-Adapted/results_2024-08-13T01-22-15.449243.json,False,Replete-AI/Llama3-8B-Instruct-Replete-Adapted,llama38binstructrepleteadapted,26.88896431517229,24,4.833836858006042,7,26.88896431517229,7.099697885196375,0.0,2.2658610271903328
Rombo-Org_Rombo-LLM-V2.5-Qwen-7b,real_attachments/C_efficiency_evolution/detailed_results/Rombo-Org_Rombo-LLM-V2.5-Qwen-7b/results_2025-01-14T09-46-40.725016.json,False,Rombo-Org/Rombo-LLM-V2.5-Qwen-7b,rombollmv25qwen7b,34.90725375177348,24,0.0,7,34.90725375177349,50.6797583081571,7.105427357601002e-15,50.6797583081571
SaisExperiments_Gemma-2-2B-Stheno-Filtered,real_attachments/C_efficiency_evolution/detailed_results/SaisExperiments_Gemma-2-2B-Stheno-Filtered/results_2024-10-08T11-23-44.995228.json,False,SaisExperiments/Gemma-2-2B-Stheno-Filtered,gemma22bsthenofiltered,17.47886723805338,24,3.7009063444108756,7,17.47886723805338,4.607250755287009,0.0,0.9063444108761329
SaisExperiments_RightSheep-Llama3.2-3B,real_attachments/C_efficiency_evolution/detailed_results/SaisExperiments_RightSheep-Llama3.2-3B/results_2025-01-25T13-41-22.073426.json,False,SaisExperiments/RightSheep-Llama3.2-3B,rightsheepllama323b,18.643298035417292,24,8.23262839879154,7,18.64329803541729,8.08157099697885,3.552713678800501e-15,0.15105740181268956
Sakalti_Llama3.2-3B-Uranus-1,real_attachments/C_efficiency_evolution/detailed_results/Sakalti_Llama3.2-3B-Uranus-1/results_2025-01-09T11-57-15.735520.json,False,Sakalti/Llama3.2-3B-Uranus-1,llama323buranus1,21.416406817010447,24,14.72809667673716,7,21.416406817010444,14.954682779456194,3.552713678800501e-15,0.22658610271903434
Sakalti_Phi3.5-Comets-3.8B,real_attachments/C_efficiency_evolution/detailed_results/Sakalti_Phi3.5-Comets-3.8B/results_2024-12-21T09-18-24.309772.json,False,Sakalti/Phi3.5-Comets-3.8B,phi35comets38b,6.533590173007619,24,0.0,7,6.53359017300762,0.0755287009063444,8.881784197001252e-16,0.0755287009063444
Sakalti_Qwen2.5-1B-Instruct,real_attachments/C_efficiency_evolution/detailed_results/Sakalti_Qwen2.5-1B-Instruct/results_2025-01-18T07-20-14.657826.json,False,Sakalti/Qwen2.5-1B-Instruct,qwen251binstruct,3.43703979094759,24,0.0,7,3.437039790947589,0.6042296072507553,8.881784197001252e-16,0.6042296072507553
SentientAGI_Dobby-Mini-Leashed-Llama-3.1-8B,real_attachments/C_efficiency_evolution/detailed_results/SentientAGI_Dobby-Mini-Leashed-Llama-3.1-8B/results_2025-02-05T00-54-44.743677.json,False,SentientAGI/Dobby-Mini-Leashed-Llama-3.1-8B,dobbyminileashedllama318b,30.773045323369836,24,18.202416918429005,7,30.77304532336984,18.580060422960727,3.552713678800501e-15,0.37764350453172213
SentientAGI_Dobby-Mini-Unhinged-Llama-3.1-8B,real_attachments/C_efficiency_evolution/detailed_results/SentientAGI_Dobby-Mini-Unhinged-Llama-3.1-8B/results_2025-02-04T08-18-57.668288.json,False,SentientAGI/Dobby-Mini-Unhinged-Llama-3.1-8B,dobbyminiunhingedllama318b,30.369934195446426,24,11.253776435045317,7,30.369934195446422,15.634441087613292,3.552713678800501e-15,4.380664652567974
Sicarius-Prototyping_Brainy_LLAMA,real_attachments/C_efficiency_evolution/detailed_results/Sicarius-Prototyping_Brainy_LLAMA/results_2024-12-05T09-38-14.561375.json,False,Sicarius-Prototyping/Brainy_LLAMA,brainyllama,30.294986762557468,24,13.36858006042296,7,30.294986762557475,13.36858006042296,7.105427357601002e-15,0.0
SicariusSicariiStuff_LLAMA-3_8B_Unaligned_BETA,real_attachments/C_efficiency_evolution/detailed_results/SicariusSicariiStuff_LLAMA-3_8B_Unaligned_BETA/results_2024-10-18T16-55-14.789774.json,False,SicariusSicariiStuff/LLAMA-3_8B_Unaligned_BETA,llama38bunalignedbeta,24.998013753807424,24,7.854984894259818,7,24.998013753807424,8.38368580060423,0.0,0.5287009063444117
SicariusSicariiStuff_Phi-Line_14B,real_attachments/C_efficiency_evolution/detailed_results/SicariusSicariiStuff_Phi-Line_14B/results_2025-02-19T15-13-18.540442.json,False,SicariusSicariiStuff/Phi-Line_14B,philine14b,43.79406899090468,24,38.59516616314199,7,43.79406899090469,38.59516616314199,1.4210854715202004e-14,0.0
SicariusSicariiStuff_Qwen2.5-14B_Uncensored,real_attachments/C_efficiency_evolution/detailed_results/SicariusSicariiStuff_Qwen2.5-14B_Uncensored/results_2024-09-23T16-39-42.907470.json,False,SicariusSicariiStuff/Qwen2.5-14B_Uncensored,qwen2514buncensored,46.720235110950405,24,29.38066465256798,7,46.7202351109504,31.797583081570995,7.105427357601002e-15,2.4169184290030152
SicariusSicariiStuff_Qwen2.5-14B_Uncensored_Instruct,real_attachments/C_efficiency_evolution/detailed_results/SicariusSicariiStuff_Qwen2.5-14B_Uncensored_Instruct/results_2024-09-23T18-19-07.561604.json,False,SicariusSicariiStuff/Qwen2.5-14B_Uncensored_Instruct,qwen2514buncensoredinstruct,42.113096716972805,24,27.870090634441087,7,42.113096716972805,32.85498489425982,0.0,4.984894259818734
SkyOrbis_SKY-Ko-Llama3.2-1B-lora-epoch5,real_attachments/C_efficiency_evolution/detailed_results/SkyOrbis_SKY-Ko-Llama3.2-1B-lora-epoch5/results_2024-12-27T23-22-01.016739.json,False,SkyOrbis/SKY-Ko-Llama3.2-1B-lora-epoch5,skykollama321bloraepoch5,8.132119042373503,24,4.758308157099698,7,8.132119042373503,5.211480362537765,0.0,0.4531722054380669
SkyOrbis_SKY-Ko-Llama3.2-1B-lora-v2-epoch3,real_attachments/C_efficiency_evolution/detailed_results/SkyOrbis_SKY-Ko-Llama3.2-1B-lora-v2-epoch3/results_2024-12-27T14-47-03.733196.json,False,SkyOrbis/SKY-Ko-Llama3.2-1B-lora-v2-epoch3,skykollama321blorav2epoch3,8.132119042373503,24,4.758308157099698,7,8.132119042373503,5.211480362537765,0.0,0.4531722054380669
SkyOrbis_SKY-Ko-Llama3.2-3B-lora-epoch1,real_attachments/C_efficiency_evolution/detailed_results/SkyOrbis_SKY-Ko-Llama3.2-3B-lora-epoch1/results_2024-12-27T19-38-23.716546.json,False,SkyOrbis/SKY-Ko-Llama3.2-3B-lora-epoch1,skykollama323bloraepoch1,20.806136629310426,24,13.821752265861026,7,20.806136629310423,14.577039274924472,3.552713678800501e-15,0.755287009063446
SkyOrbis_SKY-Ko-Qwen2.5-3B-Instruct,real_attachments/C_efficiency_evolution/detailed_results/SkyOrbis_SKY-Ko-Qwen2.5-3B-Instruct/results_2025-01-09T05-49-19.366368.json,False,SkyOrbis/SKY-Ko-Qwen2.5-3B-Instruct,skykoqwen253binstruct,19.150679030509473,24,4.758308157099698,7,19.15067903050948,6.948640483383686,7.105427357601002e-15,2.190332326283988
SkyOrbis_SKY-Ko-Qwen2.5-7B-Instruct-SFT-step-15000,real_attachments/C_efficiency_evolution/detailed_results/SkyOrbis_SKY-Ko-Qwen2.5-7B-Instruct-SFT-step-15000/results_2025-02-01T12-03-40.542422.json,False,SkyOrbis/SKY-Ko-Qwen2.5-7B-Instruct-SFT-step-15000,skykoqwen257binstructsftstep15000,31.32761158066677,24,18.27794561933535,7,31.32761158066677,18.65558912386707,0.0,0.37764350453172213
SkyOrbis_SKY-Ko-Qwen2.5-7B-Instruct-SFT-step-5000,real_attachments/C_efficiency_evolution/detailed_results/SkyOrbis_SKY-Ko-Qwen2.5-7B-Instruct-SFT-step-5000/results_2025-02-05T00-10-46.826517.json,False,SkyOrbis/SKY-Ko-Qwen2.5-7B-Instruct-SFT-step-5000,skykoqwen257binstructsftstep5000,34.95143544274269,24,20.090634441087612,7,34.9514354427427,20.996978851963743,7.105427357601002e-15,0.9063444108761303
Sorawiz_Gemma-9B-Base,real_attachments/C_efficiency_evolution/detailed_results/Sorawiz_Gemma-9B-Base/results_2025-02-25T02-06-43.469016.json,False,Sorawiz/Gemma-9B-Base,gemma9bbase,41.28135020153276,24,9.818731117824774,7,41.28135020153275,9.818731117824774,7.105427357601002e-15,0.0
Sorawiz_Gemma-Creative-9B-Base,real_attachments/C_efficiency_evolution/detailed_results/Sorawiz_Gemma-Creative-9B-Base/results_2025-02-25T02-11-01.948666.json,False,Sorawiz/Gemma-Creative-9B-Base,gemmacreative9bbase,34.6224221959871,24,7.779456193353475,7,34.6224221959871,7.779456193353475,0.0,0.0
Sourjayon_DeepSeek-R1-ForumNXT,real_attachments/C_efficiency_evolution/detailed_results/Sourjayon_DeepSeek-R1-ForumNXT/results_2025-02-04T23-50-28.463200.json,False,Sourjayon/DeepSeek-R1-ForumNXT,deepseekr1forumnxt,6.957542087542088,24,14.501510574018129,7,6.957542087542088,25.755287009063444,0.0,11.253776435045316
Supichi_BBAI_135_Gemma,real_attachments/C_efficiency_evolution/detailed_results/Supichi_BBAI_135_Gemma/results_2025-02-27T11-18-58.504826.json,False,Supichi/BBAI_135_Gemma,bbai135gemma,10.857975857833802,24,0.0,7,10.857975857833802,0.0,0.0,0.0
Syed-Hasan-8503_Phi-3-mini-4K-instruct-cpo-simpo,real_attachments/C_efficiency_evolution/detailed_results/Syed-Hasan-8503_Phi-3-mini-4K-instruct-cpo-simpo/results_2024-08-27T22-39-22.007233.json,False,Syed-Hasan-8503/Phi-3-mini-4K-instruct-cpo-simpo,phi3mini4kinstructcposimpo,39.148157776889455,24,7.628398791540786,7,39.148157776889455,15.709969788519636,0.0,8.08157099697885
T145_Meta-Llama-3.1-8B-Instruct-TIES,real_attachments/C_efficiency_evolution/detailed_results/T145_Meta-Llama-3.1-8B-Instruct-TIES/results_2024-12-23T12-02-34.528121.json,False,T145/Meta-Llama-3.1-8B-Instruct-TIES,metallama318binstructties,29.7742634799406,24,20.01510574018127,7,29.7742634799406,20.996978851963743,0.0,0.9818731117824733
T145_qwen-2.5-3B-merge-test,real_attachments/C_efficiency_evolution/detailed_results/T145_qwen-2.5-3B-merge-test/results_2024-11-18T11-53-58.718004.json,False,T145/qwen-2.5-3B-merge-test,qwen253bmergetest,27.889341313676073,24,3.096676737160121,7,27.88934131367608,32.02416918429003,7.105427357601002e-15,28.92749244712991
TIGER-Lab_AceCoder-Qwen2.5-Coder-7B-Base-Rule,real_attachments/C_efficiency_evolution/detailed_results/TIGER-Lab_AceCoder-Qwen2.5-Coder-7B-Base-Rule/results_2025-03-07T08-59-54.639763.json,False,TIGER-Lab/AceCoder-Qwen2.5-Coder-7B-Base-Rule,acecoderqwen25coder7bbaserule,29.405351182469058,24,20.166163141993955,7,29.40535118246905,20.166163141993955,7.105427357601002e-15,0.0
TIGER-Lab_Qwen2.5-Math-7B-CFT,real_attachments/C_efficiency_evolution/detailed_results/TIGER-Lab_Qwen2.5-Math-7B-CFT/results_2025-03-07T07-37-24.019712.json,False,TIGER-Lab/Qwen2.5-Math-7B-CFT,qwen25math7bcft,24.585137970728177,24,55.740181268882175,7,24.585137970728173,55.740181268882175,3.552713678800501e-15,0.0
TTTXXX01_Mistral-7B-Base-SimPO2-5e-7,real_attachments/C_efficiency_evolution/detailed_results/TTTXXX01_Mistral-7B-Base-SimPO2-5e-7/results_2024-09-03T07-49-40.799646.json,False,TTTXXX01/Mistral-7B-Base-SimPO2-5e-7,mistral7bbasesimpo25e7,20.692627382557507,24,2.190332326283988,7,20.692627382557507,2.643504531722054,0.0,0.453172205438066
Tarek07_Thalassic-Alpha-LLaMa-70B,real_attachments/C_efficiency_evolution/detailed_results/Tarek07_Thalassic-Alpha-LLaMa-70B/results_2025-01-28T19-49-48.861442.json,False,Tarek07/Thalassic-Alpha-LLaMa-70B,thalassicalphallama70b,55.95412538254855,24,31.570996978851962,7,55.95412538254855,31.49546827794562,0.0,0.075528700906343
Telugu-LLM-Labs_Indic-gemma-2b-finetuned-sft-Navarasa-2.0,real_attachments/C_efficiency_evolution/detailed_results/Telugu-LLM-Labs_Indic-gemma-2b-finetuned-sft-Navarasa-2.0/results_2025-02-06T10-10-57.836787.json,False,Telugu-LLM-Labs/Indic-gemma-2b-finetuned-sft-Navarasa-2.0,indicgemma2bfinetunedsftnavarasa20,6.021054704987017,24,1.2084592145015105,7,6.021054704987018,2.719033232628399,8.881784197001252e-16,1.5105740181268883
Telugu-LLM-Labs_Indic-gemma-7b-finetuned-sft-Navarasa-2.0,real_attachments/C_efficiency_evolution/detailed_results/Telugu-LLM-Labs_Indic-gemma-7b-finetuned-sft-Navarasa-2.0/results_2025-02-06T10-00-03.236662.json,False,Telugu-LLM-Labs/Indic-gemma-7b-finetuned-sft-Navarasa-2.0,indicgemma7bfinetunedsftnavarasa20,16.263180963543576,24,2.1148036253776437,7,16.263180963543576,2.56797583081571,0.0,0.45317220543806647
TheDrummer_Gemmasutra-9B-v1,real_attachments/C_efficiency_evolution/detailed_results/TheDrummer_Gemmasutra-9B-v1/results_2024-09-20T02-41-16.900874.json,False,TheDrummer/Gemmasutra-9B-v1,gemmasutra9bv1,41.20039631726062,24,7.326283987915408,7,41.20039631726062,8.308157099697885,0.0,0.9818731117824768
TheDrummer_Tiger-Gemma-9B-v2,real_attachments/C_efficiency_evolution/detailed_results/TheDrummer_Tiger-Gemma-9B-v2/results_2025-01-08T03-45-37.327645.json,False,TheDrummer/Tiger-Gemma-9B-v2,tigergemma9bv2,35.46954056518246,24,0.0755287009063444,7,35.46954056518246,18.202416918429005,0.0,18.126888217522662
TheTsar1209_qwen-carpmuscle-r-v0.3,real_attachments/C_efficiency_evolution/detailed_results/TheTsar1209_qwen-carpmuscle-r-v0.3/results_2024-10-23T18-42-27.012961.json,False,TheTsar1209/qwen-carpmuscle-r-v0.3,qwencarpmusclerv03,46.37591354449346,24,27.19033232628399,7,46.37591354449345,30.06042296072508,7.105427357601002e-15,2.870090634441091
TheTsar1209_qwen-carpmuscle-v0.1,real_attachments/C_efficiency_evolution/detailed_results/TheTsar1209_qwen-carpmuscle-v0.1/results_2024-10-11T00-59-37.703224.json,False,TheTsar1209/qwen-carpmuscle-v0.1,qwencarpmusclev01,48.82559521217236,24,21.148036253776432,7,48.82559521217237,26.28398791540785,7.105427357601002e-15,5.135951661631417
TinyLlama_TinyLlama-1.1B-Chat-v0.1,real_attachments/C_efficiency_evolution/detailed_results/TinyLlama_TinyLlama-1.1B-Chat-v0.1/results_2024-12-02T17-54-49.516141.json,False,TinyLlama/TinyLlama-1.1B-Chat-v0.1,tinyllama11bchatv01,3.363010673939338,24,0.0,7,3.3630106739393377,0.6042296072507553,4.440892098500626e-16,0.6042296072507553
TinyLlama_TinyLlama-1.1B-Chat-v1.0,real_attachments/C_efficiency_evolution/detailed_results/TinyLlama_TinyLlama-1.1B-Chat-v1.0/results_2024-08-07T01-00-11.175718.json,False,TinyLlama/TinyLlama-1.1B-Chat-v1.0,tinyllama11bchatv10,4.013396848486799,24,0.8308157099697886,7,4.013396848486799,1.5105740181268883,0.0,0.6797583081570997
TinyLlama_TinyLlama-1.1B-intermediate-step-1431k-3T,real_attachments/C_efficiency_evolution/detailed_results/TinyLlama_TinyLlama-1.1B-intermediate-step-1431k-3T/results_2024-11-27T22-50-39.774473.json,False,TinyLlama/TinyLlama-1.1B-intermediate-step-1431k-3T,tinyllama11bintermediatestep1431k3t,3.547093389508079,24,0.8308157099697886,7,3.547093389508079,1.2084592145015105,0.0,0.3776435045317219
Triangle104_DS-Distilled-Hermes-Llama-3.1,real_attachments/C_efficiency_evolution/detailed_results/Triangle104_DS-Distilled-Hermes-Llama-3.1/results_2025-01-27T15-23-30.338588.json,False,Triangle104/DS-Distilled-Hermes-Llama-3.1,dsdistilledhermesllama31,30.31246551724453,24,20.619335347432024,7,30.312465517244533,29.30513595166164,3.552713678800501e-15,8.685800604229616
Triangle104_DSR1-Distill-Llama-Lit-8B,real_attachments/C_efficiency_evolution/detailed_results/Triangle104_DSR1-Distill-Llama-Lit-8B/results_2025-02-25T00-07-41.414817.json,False,Triangle104/DSR1-Distill-Llama-Lit-8B,dsr1distillllamalit8b,19.225159654639576,24,35.196374622356494,7,19.22515965463957,35.196374622356494,7.105427357601002e-15,0.0
Triangle104_DSR1-Distill-Qwen-7B-RP,real_attachments/C_efficiency_evolution/detailed_results/Triangle104_DSR1-Distill-Qwen-7B-RP/results_2025-02-24T23-56-33.577219.json,False,Triangle104/DSR1-Distill-Qwen-7B-RP,dsr1distillqwen7brp,19.85329781165968,24,48.036253776435046,7,19.853297811659683,48.036253776435046,3.552713678800501e-15,0.0
Triangle104_Dolphin3-Llama3.2-Smart,real_attachments/C_efficiency_evolution/detailed_results/Triangle104_Dolphin3-Llama3.2-Smart/results_2025-01-27T14-48-04.135846.json,False,Triangle104/Dolphin3-Llama3.2-Smart,dolphin3llama32smart,15.349665999615954,24,2.1148036253776437,7,15.349665999615956,4.380664652567976,1.7763568394002505e-15,2.2658610271903323
Triangle104_Llama3.1-Allades-Lit-8b,real_attachments/C_efficiency_evolution/detailed_results/Triangle104_Llama3.1-Allades-Lit-8b/results_2025-02-24T23-59-58.348172.json,False,Triangle104/Llama3.1-Allades-Lit-8b,llama31alladeslit8b,17.446907017706394,24,0.22658610271903326,7,17.44690701770639,0.2265861027190332,3.552713678800501e-15,5.551115123125783e-17
Triangle104_Mistral-Small-24b-Harmony,real_attachments/C_efficiency_evolution/detailed_results/Triangle104_Mistral-Small-24b-Harmony/results_2025-02-25T03-44-29.665726.json,False,Triangle104/Mistral-Small-24b-Harmony,mistralsmall24bharmony,48.421150596785026,24,19.108761329305135,7,48.42115059678503,19.10876132930513,7.105427357601002e-15,7.105427357601002e-15
Triangle104_Phi-4-AbliteratedRP,real_attachments/C_efficiency_evolution/detailed_results/Triangle104_Phi-4-AbliteratedRP/results_2025-01-27T14-22-32.819976.json,False,Triangle104/Phi-4-AbliteratedRP,phi4abliteratedrp,52.64096935250796,24,30.28700906344411,7,52.64096935250796,30.74018126888218,0.0,0.4531722054380687
Triangle104_Phi4-RP-o1,real_attachments/C_efficiency_evolution/detailed_results/Triangle104_Phi4-RP-o1/results_2025-02-01T01-52-07.473628.json,False,Triangle104/Phi4-RP-o1,phi4rpo1,51.5939185267128,24,36.027190332326285,7,51.5939185267128,37.764350453172206,0.0,1.737160120845921
Triangle104_Phi4-RP-o1-Ablit,real_attachments/C_efficiency_evolution/detailed_results/Triangle104_Phi4-RP-o1-Ablit/results_2025-02-25T02-45-03.072006.json,False,Triangle104/Phi4-RP-o1-Ablit,phi4rpo1ablit,51.221841335167774,24,38.82175226586103,7,51.22184133516779,38.82175226586103,1.4210854715202004e-14,0.0
Triangle104_Porpoise-R1-Llama3.2-3b,real_attachments/C_efficiency_evolution/detailed_results/Triangle104_Porpoise-R1-Llama3.2-3b/results_2025-02-18T19-24-07.519824.json,False,Triangle104/Porpoise-R1-Llama3.2-3b,porpoiser1llama323b,12.926570818614183,24,4.229607250755287,7,12.926570818614184,4.229607250755287,1.7763568394002505e-15,0.0
Triangle104_RomboHermes3-R1-Llama3.2-3b,real_attachments/C_efficiency_evolution/detailed_results/Triangle104_RomboHermes3-R1-Llama3.2-3b/results_2025-02-18T14-53-48.172245.json,False,Triangle104/RomboHermes3-R1-Llama3.2-3b,rombohermes3r1llama323b,19.092695935991667,24,8.157099697885197,7,19.092695935991667,8.157099697885197,0.0,0.0
UCLA-AGI_Gemma-2-9B-It-SPPO-Iter2,real_attachments/C_efficiency_evolution/detailed_results/UCLA-AGI_Gemma-2-9B-It-SPPO-Iter2/results_2024-08-13T00-42-58.730890.json,False,UCLA-AGI/Gemma-2-9B-It-SPPO-Iter2,gemma29bitsppoiter2,42.16983380174582,24,0.0,7,42.16983380174582,8.08157099697885,0.0,8.08157099697885
UCLA-AGI_Gemma-2-9B-It-SPPO-Iter3,real_attachments/C_efficiency_evolution/detailed_results/UCLA-AGI_Gemma-2-9B-It-SPPO-Iter3/results_2024-08-12T11-41-39.699261.json,False,UCLA-AGI/Gemma-2-9B-It-SPPO-Iter3,gemma29bitsppoiter3,42.536752241074254,24,0.0,7,42.53675224107426,7.099697885196375,7.105427357601002e-15,7.099697885196375
UCLA-AGI_Llama-3-Instruct-8B-SPPO-Iter3,real_attachments/C_efficiency_evolution/detailed_results/UCLA-AGI_Llama-3-Instruct-8B-SPPO-Iter3/results_2024-06-27T00-39-40.520034.json,False,UCLA-AGI/Llama-3-Instruct-8B-SPPO-Iter3,llama3instruct8bsppoiter3,29.739683580440694,24,7.326283987915408,7,,,,
UCLA-AGI_Mistral7B-PairRM-SPPO,real_attachments/C_efficiency_evolution/detailed_results/UCLA-AGI_Mistral7B-PairRM-SPPO/results_2024-09-27T19-16-54.672314.json,False,UCLA-AGI/Mistral7B-PairRM-SPPO,mistral7bpairrmsppo,22.08465647856181,24,2.416918429003021,7,22.08465647856181,3.096676737160121,0.0,0.6797583081570999
UCLA-AGI_Mistral7B-PairRM-SPPO-Iter2,real_attachments/C_efficiency_evolution/detailed_results/UCLA-AGI_Mistral7B-PairRM-SPPO-Iter2/results_2024-08-12T23-18-02.723037.json,False,UCLA-AGI/Mistral7B-PairRM-SPPO-Iter2,mistral7bpairrmsppoiter2,22.47992425019784,24,1.5105740181268883,7,22.47992425019784,2.190332326283988,0.0,0.6797583081570997
UCLA-AGI_Mistral7B-PairRM-SPPO-Iter3,real_attachments/C_efficiency_evolution/detailed_results/UCLA-AGI_Mistral7B-PairRM-SPPO-Iter3/results_2024-08-12T23-19-55.089024.json,False,UCLA-AGI/Mistral7B-PairRM-SPPO-Iter3,mistral7bpairrmsppoiter3,21.817495985928634,24,1.5861027190332326,7,21.81749598592864,2.3413897280966767,7.105427357601002e-15,0.755287009063444
UKzExecution_LlamaExecutor-8B-3.0.5,real_attachments/C_efficiency_evolution/detailed_results/UKzExecution_LlamaExecutor-8B-3.0.5/results_2024-08-13T05-48-33.833062.json,False,UKzExecution/LlamaExecutor-8B-3.0.5,llamaexecutor8b305,28.41381524085358,24,8.534743202416918,7,28.41381524085358,10.196374622356496,0.0,1.661631419939578
VAGOsolutions_Llama-3-SauerkrautLM-70b-Instruct,real_attachments/C_efficiency_evolution/detailed_results/VAGOsolutions_Llama-3-SauerkrautLM-70b-Instruct/results_2024-07-21T07-14-53.671049.json,False,VAGOsolutions/Llama-3-SauerkrautLM-70b-Instruct,llama3sauerkrautlm70binstruct,52.029579759117915,24,21.676737160120847,7,52.02957975911792,22.80966767371601,7.105427357601002e-15,1.1329305135951628
VAGOsolutions_Llama-3-SauerkrautLM-8b-Instruct,real_attachments/C_efficiency_evolution/detailed_results/VAGOsolutions_Llama-3-SauerkrautLM-8b-Instruct/results_2024-07-25T10-20-19.611472.json,False,VAGOsolutions/Llama-3-SauerkrautLM-8b-Instruct,llama3sauerkrautlm8binstruct,28.0492424520597,24,5.740181268882175,7,28.0492424520597,6.646525679758309,0.0,0.9063444108761338
VAGOsolutions_Llama-3.1-SauerkrautLM-8b-Instruct,real_attachments/C_efficiency_evolution/detailed_results/VAGOsolutions_Llama-3.1-SauerkrautLM-8b-Instruct/results_2024-07-30T04-09-12.174878.json,False,VAGOsolutions/Llama-3.1-SauerkrautLM-8b-Instruct,llama31sauerkrautlm8binstruct,30.999360665356374,24,11.178247734138973,7,30.99936066535637,19.410876132930515,3.552713678800501e-15,8.232628398791542
VAGOsolutions_SauerkrautLM-Gemma-2b,real_attachments/C_efficiency_evolution/detailed_results/VAGOsolutions_SauerkrautLM-Gemma-2b/results_2024-07-18T11-45-39.813638.json,False,VAGOsolutions/SauerkrautLM-Gemma-2b,sauerkrautlmgemma2b,9.133870459903902,24,1.9637462235649545,7,9.133870459903902,2.794561933534743,0.0,0.8308157099697886
VAGOsolutions_SauerkrautLM-gemma-2-9b-it,real_attachments/C_efficiency_evolution/detailed_results/VAGOsolutions_SauerkrautLM-gemma-2-9b-it/results_2024-09-02T17-46-00.346913.json,False,VAGOsolutions/SauerkrautLM-gemma-2-9b-it,sauerkrautlmgemma29bit,43.249988966600455,24,0.5287009063444109,7,43.249988966600455,8.38368580060423,0.0,7.854984894259819
VIRNECT_llama-3-Korean-8B-r-v-0.1,real_attachments/C_efficiency_evolution/detailed_results/VIRNECT_llama-3-Korean-8B-r-v-0.1/results_2024-09-14T02-33-08.958613.json,False,VIRNECT/llama-3-Korean-8B-r-v-0.1,llama3korean8brv01,25.8849543311167,24,7.175226586102719,7,25.8849543311167,8.610271903323262,0.0,1.4350453172205437
ValiantLabs_Llama3.1-70B-ShiningValiant2,real_attachments/C_efficiency_evolution/detailed_results/ValiantLabs_Llama3.1-70B-ShiningValiant2/results_2024-10-31T06-27-05.966661.json,False,ValiantLabs/Llama3.1-70B-ShiningValiant2,llama3170bshiningvaliant2,52.39096851852308,24,27.19033232628399,7,52.390968518523096,29.154078549848943,1.4210854715202004e-14,1.9637462235649537
ValiantLabs_Llama3.1-8B-Fireplace2,real_attachments/C_efficiency_evolution/detailed_results/ValiantLabs_Llama3.1-8B-Fireplace2/results_2024-07-25T21-07-29.515450.json,False,ValiantLabs/Llama3.1-8B-Fireplace2,llama318bfireplace2,24.07027321429611,24,5.81570996978852,7,,,,
ValiantLabs_Llama3.2-3B-Esper2,real_attachments/C_efficiency_evolution/detailed_results/ValiantLabs_Llama3.2-3B-Esper2/results_2024-10-10T08-27-15.528214.json,False,ValiantLabs/Llama3.2-3B-Esper2,llama323besper2,13.851732907913409,24,2.190332326283988,7,13.851732907913409,3.625377643504532,0.0,1.4350453172205442
Weyaxi_Einstein-v6.1-Llama3-8B,real_attachments/C_efficiency_evolution/detailed_results/Weyaxi_Einstein-v6.1-Llama3-8B/results_2024-07-17T10-00-42.383986.json,False,Weyaxi/Einstein-v6.1-Llama3-8B,einsteinv61llama38b,29.383773486585348,24,5.740181268882175,7,29.38377348658535,6.797583081570997,3.552713678800501e-15,1.0574018126888225
Weyaxi_Einstein-v6.1-developed-by-Weyaxi-Llama3-8B,real_attachments/C_efficiency_evolution/detailed_results/Weyaxi_Einstein-v6.1-developed-by-Weyaxi-Llama3-8B/results_2024-07-18T10-30-14.113211.json,False,Weyaxi/Einstein-v6.1-developed-by-Weyaxi-Llama3-8B,einsteinv61developedbyweyaxillama38b,29.694447476985047,24,5.589123867069486,7,29.69444747698505,7.175226586102719,3.552713678800501e-15,1.5861027190332324
Weyaxi_Einstein-v7-Qwen2-7B,real_attachments/C_efficiency_evolution/detailed_results/Weyaxi_Einstein-v7-Qwen2-7B/results_2024-07-18T09-58-17.163893.json,False,Weyaxi/Einstein-v7-Qwen2-7B,einsteinv7qwen27b,32.84181889691276,24,15.181268882175228,7,32.84181889691276,19.939577039274926,0.0,4.758308157099698
Xiaojian9992024_Llama3.2-1B-THREADRIPPER,real_attachments/C_efficiency_evolution/detailed_results/Xiaojian9992024_Llama3.2-1B-THREADRIPPER/results_2025-02-03T12-11-47.982597.json,False,Xiaojian9992024/Llama3.2-1B-THREADRIPPER,llama321bthreadripper,9.115530357902744,24,5.438066465256798,7,9.115530357902744,7.401812688821751,0.0,1.9637462235649537
Xiaojian9992024_Llama3.2-1B-THREADRIPPER-v0.2,real_attachments/C_efficiency_evolution/detailed_results/Xiaojian9992024_Llama3.2-1B-THREADRIPPER-v0.2/results_2025-02-05T00-27-48.058628.json,False,Xiaojian9992024/Llama3.2-1B-THREADRIPPER-v0.2,llama321bthreadripperv02,8.329663069732538,24,3.096676737160121,7,8.329663069732538,6.570996978851963,0.0,3.474320241691842
Xiaojian9992024_Qwen2.5-THREADRIPPER-Medium-Censored,real_attachments/C_efficiency_evolution/detailed_results/Xiaojian9992024_Qwen2.5-THREADRIPPER-Medium-Censored/results_2025-02-18T17-17-02.948632.json,False,Xiaojian9992024/Qwen2.5-THREADRIPPER-Medium-Censored,qwen25threadrippermediumcensored,49.11232867574544,24,53.398791540785496,7,49.11232867574543,53.398791540785496,7.105427357601002e-15,0.0
Xiaojian9992024_Qwen2.5-Ultra-1.5B-25.02-Exp,real_attachments/C_efficiency_evolution/detailed_results/Xiaojian9992024_Qwen2.5-Ultra-1.5B-25.02-Exp/results_2025-02-25T00-14-30.453157.json,False,Xiaojian9992024/Qwen2.5-Ultra-1.5B-25.02-Exp,qwen25ultra15b2502exp,17.026379664755613,24,8.308157099697885,7,17.02637966475561,8.308157099697885,3.552713678800501e-15,0.0
YOYO-AI_Qwen2.5-14B-YOYO-0505,real_attachments/C_efficiency_evolution/detailed_results/YOYO-AI_Qwen2.5-14B-YOYO-0505/results_2025-01-27T16-50-10.808851.json,False,YOYO-AI/Qwen2.5-14B-YOYO-0505,qwen2514byoyo0505,50.35907329801012,24,22.885196374622357,7,50.35907329801012,44.33534743202417,0.0,21.450151057401815
YOYO-AI_Qwen2.5-14B-YOYO-0805,real_attachments/C_efficiency_evolution/detailed_results/YOYO-AI_Qwen2.5-14B-YOYO-0805/results_2025-01-27T10-13-49.522292.json,False,YOYO-AI/Qwen2.5-14B-YOYO-0805,qwen2514byoyo0805,50.35907329801012,24,22.885196374622357,7,50.35907329801012,44.33534743202417,0.0,21.450151057401815
YOYO-AI_Qwen2.5-14B-YOYO-1010,real_attachments/C_efficiency_evolution/detailed_results/YOYO-AI_Qwen2.5-14B-YOYO-1010/results_2025-01-25T10-29-09.986638.json,False,YOYO-AI/Qwen2.5-14B-YOYO-1010,qwen2514byoyo1010,50.26771877763533,24,22.129909365558913,7,,,,
YOYO-AI_Qwen2.5-14B-YOYO-SCE,real_attachments/C_efficiency_evolution/detailed_results/YOYO-AI_Qwen2.5-14B-YOYO-SCE/results_2025-02-01T13-00-06.843853.json,False,YOYO-AI/Qwen2.5-14B-YOYO-SCE,qwen2514byoyosce,49.46488294519771,24,23.187311178247736,7,49.4648829451977,46.14803625377644,7.105427357601002e-15,22.960725075528703
YOYO-AI_Qwen2.5-14B-YOYO-V4,real_attachments/C_efficiency_evolution/detailed_results/YOYO-AI_Qwen2.5-14B-YOYO-V4/results_2025-03-03T07-41-39.178588.json,False,YOYO-AI/Qwen2.5-14B-YOYO-V4,qwen2514byoyov4,49.67240339546997,24,53.47432024169184,7,49.67240339546996,53.47432024169184,7.105427357601002e-15,0.0
YOYO-AI_Qwen2.5-14B-YOYO-V4-p2,real_attachments/C_efficiency_evolution/detailed_results/YOYO-AI_Qwen2.5-14B-YOYO-V4-p2/results_2025-03-01T12-31-25.964204.json,False,YOYO-AI/Qwen2.5-14B-YOYO-V4-p2,qwen2514byoyov4p2,47.026925916460435,24,51.66163141993958,7,47.02692591646044,51.66163141993958,7.105427357601002e-15,0.0
YOYO-AI_Qwen2.5-14B-YOYO-latest,real_attachments/C_efficiency_evolution/detailed_results/YOYO-AI_Qwen2.5-14B-YOYO-latest/results_2025-02-04T03-18-38.619840.json,False,YOYO-AI/Qwen2.5-14B-YOYO-latest,qwen2514byoyolatest,52.03543238956395,24,32.02416918429003,7,52.03543238956396,44.18429003021148,7.105427357601002e-15,12.160120845921448
YOYO-AI_Qwen2.5-14B-YOYO-latest-V2,real_attachments/C_efficiency_evolution/detailed_results/YOYO-AI_Qwen2.5-14B-YOYO-latest-V2/results_2025-02-24T23-24-51.650002.json,False,YOYO-AI/Qwen2.5-14B-YOYO-latest-V2,qwen2514byoyolatestv2,47.298906013053,24,51.586102719033235,7,47.29890601305299,51.58610271903324,7.105427357601002e-15,7.105427357601002e-15
YOYO-AI_Qwen2.5-7B-it-restore,real_attachments/C_efficiency_evolution/detailed_results/YOYO-AI_Qwen2.5-7B-it-restore/results_2025-03-10T05-50-55.816942.json,False,YOYO-AI/Qwen2.5-7B-it-restore,qwen257bitrestore,35.08432176613165,24,50.0,7,35.084321766131644,50.0,7.105427357601002e-15,0.0
YOYO-AI_ZYH-LLM-Qwen2.5-14B,real_attachments/C_efficiency_evolution/detailed_results/YOYO-AI_ZYH-LLM-Qwen2.5-14B/results_2025-02-05T07-57-59.664680.json,False,YOYO-AI/ZYH-LLM-Qwen2.5-14B,zyhllmqwen2514b,52.04274518332013,24,29.68277945619335,7,52.042745183320136,41.1631419939577,7.105427357601002e-15,11.48036253776435
YOYO-AI_ZYH-LLM-Qwen2.5-14B-V2,real_attachments/C_efficiency_evolution/detailed_results/YOYO-AI_ZYH-LLM-Qwen2.5-14B-V2/results_2025-02-18T21-18-55.492202.json,False,YOYO-AI/ZYH-LLM-Qwen2.5-14B-V2,zyhllmqwen2514bv2,49.088647063990685,24,35.422960725075534,7,49.088647063990685,35.422960725075534,0.0,0.0
Youlln_ECE-Qwen0.5B-FT-V2,real_attachments/C_efficiency_evolution/detailed_results/Youlln_ECE-Qwen0.5B-FT-V2/results_2024-10-12T07-11-52.657109.json,False,Youlln/ECE-Qwen0.5B-FT-V2,eceqwen05bftv2,7.632147610946966,24,1.2084592145015105,7,7.632147610946966,2.0392749244713,0.0,0.8308157099697897
Yuma42_Llama3.1-IgneousIguana-8B,real_attachments/C_efficiency_evolution/detailed_results/Yuma42_Llama3.1-IgneousIguana-8B/results_2025-03-10T16-47-02.867519.json,False,Yuma42/Llama3.1-IgneousIguana-8B,llama31igneousiguana8b,31.985926552081427,24,21.978851963746223,7,31.985926552081427,21.978851963746223,0.0,0.0
ZeroXClem_Llama-3.1-8B-AthenaSky-MegaMix,real_attachments/C_efficiency_evolution/detailed_results/ZeroXClem_Llama-3.1-8B-AthenaSky-MegaMix/results_2025-03-12T15-57-21.995435.json,False,ZeroXClem/Llama-3.1-8B-AthenaSky-MegaMix,llama318bathenaskymegamix,31.385283673059277,24,27.945619335347434,7,31.38528367305928,27.94561933534744,3.552713678800501e-15,7.105427357601002e-15
ZeroXClem_Llama-3.1-8B-SuperNova-EtherealHermes,real_attachments/C_efficiency_evolution/detailed_results/ZeroXClem_Llama-3.1-8B-SuperNova-EtherealHermes/results_2025-03-12T16-02-34.311760.json,False,ZeroXClem/Llama-3.1-8B-SuperNova-EtherealHermes,llama318bsupernovaetherealhermes,32.07128887769491,24,17.447129909365557,7,32.07128887769491,17.447129909365557,0.0,0.0
ZeroXClem_Qwen-2.5-Aether-SlerpFusion-7B,real_attachments/C_efficiency_evolution/detailed_results/ZeroXClem_Qwen-2.5-Aether-SlerpFusion-7B/results_2024-11-21T13-44-53.382689.json,False,ZeroXClem/Qwen-2.5-Aether-SlerpFusion-7B,qwen25aetherslerpfusion7b,36.01120909918873,24,24.169184290030213,7,36.01120909918873,27.34138972809668,0.0,3.1722054380664666
ZeroXClem_Qwen2.5-7B-HomerAnvita-NerdMix,real_attachments/C_efficiency_evolution/detailed_results/ZeroXClem_Qwen2.5-7B-HomerAnvita-NerdMix/results_2024-11-22T00-34-20.371295.json,False,ZeroXClem/Qwen2.5-7B-HomerAnvita-NerdMix,qwen257bhomeranvitanerdmix,36.579205629985445,24,29.531722054380666,7,36.579205629985445,38.36858006042296,0.0,8.836858006042291
abacusai_Liberated-Qwen1.5-14B,real_attachments/C_efficiency_evolution/detailed_results/abacusai_Liberated-Qwen1.5-14B/results_2024-09-05T12-34-33.126455.json,False,abacusai/Liberated-Qwen1.5-14B,liberatedqwen1514b,28.020905999685457,24,11.178247734138973,7,28.020905999685464,16.012084592145015,7.105427357601002e-15,4.833836858006043
abacusai_bigyi-15b,real_attachments/C_efficiency_evolution/detailed_results/abacusai_bigyi-15b/results_2024-09-18T06-37-06.680694.json,False,abacusai/bigyi-15b,bigyi15b,19.940223054256066,24,2.3413897280966767,7,19.94022305425607,2.9456193353474323,3.552713678800501e-15,0.6042296072507556
abideen_MedPhi-4-14B-v1,real_attachments/C_efficiency_evolution/detailed_results/abideen_MedPhi-4-14B-v1/results_2025-01-13T23-03-42.989646.json,False,abideen/MedPhi-4-14B-v1,medphi414bv1,55.578969731234494,24,24.546827794561935,7,55.57896973123449,29.30513595166164,7.105427357601002e-15,4.758308157099705
agentlans_Llama3.1-8B-drill,real_attachments/C_efficiency_evolution/detailed_results/agentlans_Llama3.1-8B-drill/results_2024-12-27T23-35-02.383650.json,False,agentlans/Llama3.1-8B-drill,llama318bdrill,28.791683075355134,24,16.540785498489427,7,28.79168307535513,17.14501510574018,3.552713678800501e-15,0.6042296072507511
agentlans_Llama3.1-Daredevilish,real_attachments/C_efficiency_evolution/detailed_results/agentlans_Llama3.1-Daredevilish/results_2025-01-23T10-50-23.011610.json,False,agentlans/Llama3.1-Daredevilish,llama31daredevilish,29.202729533014498,24,12.764350453172204,7,29.2027295330145,12.915407854984895,3.552713678800501e-15,0.15105740181269134
agentlans_Qwen2.5-0.5B-Instruct-CrashCourse-dropout,real_attachments/C_efficiency_evolution/detailed_results/agentlans_Qwen2.5-0.5B-Instruct-CrashCourse-dropout/results_2025-01-01T06-48-50.303492.json,False,agentlans/Qwen2.5-0.5B-Instruct-CrashCourse-dropout,qwen2505binstructcrashcoursedropout,7.227868281254664,24,0.0755287009063444,7,7.227868281254662,4.229607250755287,1.7763568394002505e-15,4.1540785498489425
akhadangi_Llama3.2.1B.0.01-First,real_attachments/C_efficiency_evolution/detailed_results/akhadangi_Llama3.2.1B.0.01-First/results_2025-03-10T11-47-38.291006.json,False,akhadangi/Llama3.2.1B.0.01-First,llama321b001first,4.7662306392124005,24,1.812688821752266,7,4.7662306392124005,1.812688821752266,0.0,0.0
akhadangi_Llama3.2.1B.0.1-First,real_attachments/C_efficiency_evolution/detailed_results/akhadangi_Llama3.2.1B.0.1-First/results_2025-03-10T11-38-49.477216.json,False,akhadangi/Llama3.2.1B.0.1-First,llama321b01first,4.177000172360429,24,2.1148036253776437,7,4.177000172360429,2.114803625377644,0.0,4.440892098500626e-16
akhadangi_Llama3.2.1B.BaseFiT,real_attachments/C_efficiency_evolution/detailed_results/akhadangi_Llama3.2.1B.BaseFiT/results_2025-03-10T11-54-29.662487.json,False,akhadangi/Llama3.2.1B.BaseFiT,llama321bbasefit,4.548336087243888,24,2.416918429003021,7,4.548336087243887,2.416918429003021,8.881784197001252e-16,0.0
allenai_Llama-3.1-Tulu-3-70B,real_attachments/C_efficiency_evolution/detailed_results/allenai_Llama-3.1-Tulu-3-70B/results_2024-11-28T10-27-03.067415.json,False,allenai/Llama-3.1-Tulu-3-70B,llama31tulu370b,45.36556861740627,24,38.21752265861027,7,,,,
allenai_Llama-3.1-Tulu-3-8B-DPO,real_attachments/C_efficiency_evolution/detailed_results/allenai_Llama-3.1-Tulu-3-8B-DPO/results_2024-11-22T10-05-59.254446.json,False,allenai/Llama-3.1-Tulu-3-8B-DPO,llama31tulu38bdpo,17.42601622698448,24,18.580060422960727,7,17.42601622698448,23.6404833836858,0.0,5.060422960725074
allenai_Llama-3.1-Tulu-3-8B-RM,real_attachments/C_efficiency_evolution/detailed_results/allenai_Llama-3.1-Tulu-3-8B-RM/results_2024-11-22T10-23-40.491308.json,False,allenai/Llama-3.1-Tulu-3-8B-RM,llama31tulu38brm,2.6496699813735507,24,0.0,7,2.6496699813735507,0.0,0.0,0.0
allenai_Llama-3.1-Tulu-3-8B-SFT,real_attachments/C_efficiency_evolution/detailed_results/allenai_Llama-3.1-Tulu-3-8B-SFT/results_2024-11-22T10-12-59.705361.json,False,allenai/Llama-3.1-Tulu-3-8B-SFT,llama31tulu38bsft,13.931208168262554,24,11.404833836858005,7,13.931208168262556,11.782477341389727,1.7763568394002505e-15,0.37764350453172213
allknowingroger_Gemma2Slerp1-2.6B,real_attachments/C_efficiency_evolution/detailed_results/allknowingroger_Gemma2Slerp1-2.6B/results_2024-12-06T19-34-34.054813.json,False,allknowingroger/Gemma2Slerp1-2.6B,gemma2slerp126b,19.77025481800595,24,10.196374622356496,7,19.770254818005952,10.649546827794564,3.552713678800501e-15,0.4531722054380687
allknowingroger_Gemma2Slerp1-27B,real_attachments/C_efficiency_evolution/detailed_results/allknowingroger_Gemma2Slerp1-27B/results_2024-12-06T21-29-35.095408.json,False,allknowingroger/Gemma2Slerp1-27B,gemma2slerp127b,48.377665770554,24,24.924471299093657,7,48.37766577055401,25.83081570996979,7.105427357601002e-15,0.9063444108761338
allknowingroger_Gemma2Slerp2-27B,real_attachments/C_efficiency_evolution/detailed_results/allknowingroger_Gemma2Slerp2-27B/results_2024-12-06T21-42-19.850532.json,False,allknowingroger/Gemma2Slerp2-27B,gemma2slerp227b,51.09023389049588,24,24.3202416918429,7,51.09023389049588,27.870090634441087,0.0,3.5498489425981887
allknowingroger_Gemma2Slerp4-27B,real_attachments/C_efficiency_evolution/detailed_results/allknowingroger_Gemma2Slerp4-27B/results_2024-12-06T21-42-08.193662.json,False,allknowingroger/Gemma2Slerp4-27B,gemma2slerp427b,50.773761647399276,24,22.885196374622357,7,50.77376164739926,27.19033232628399,1.4210854715202004e-14,4.305135951661633
allknowingroger_GemmaSlerp5-10B,real_attachments/C_efficiency_evolution/detailed_results/allknowingroger_GemmaSlerp5-10B/results_2024-11-22T21-11-53.068712.json,False,allknowingroger/GemmaSlerp5-10B,gemmaslerp510b,43.538463647603336,24,19.788519637462233,7,43.53846364760333,21.827794561933533,7.105427357601002e-15,2.0392749244713
allknowingroger_GemmaStock1-27B,real_attachments/C_efficiency_evolution/detailed_results/allknowingroger_GemmaStock1-27B/results_2024-12-06T21-32-03.119459.json,False,allknowingroger/GemmaStock1-27B,gemmastock127b,50.99013585128019,24,25.90634441087613,7,50.9901358512802,26.3595166163142,7.105427357601002e-15,0.4531722054380687
allknowingroger_Llama3.1-60B,real_attachments/C_efficiency_evolution/detailed_results/allknowingroger_Llama3.1-60B/results_2024-10-11T14-34-09.525837.json,False,allknowingroger/Llama3.1-60B,llama3160b,7.784282802508023,24,0.0,7,7.784282802508024,0.0,8.881784197001252e-16,0.0
allknowingroger_MistralPhi3-11B,real_attachments/C_efficiency_evolution/detailed_results/allknowingroger_MistralPhi3-11B/results_2024-09-03T06-29-04.715113.json,False,allknowingroger/MistralPhi3-11B,mistralphi311b,46.16462900339792,24,0.0,7,46.16462900339792,0.0,0.0,0.0
allknowingroger_Mistralmash2-7B-s,real_attachments/C_efficiency_evolution/detailed_results/allknowingroger_Mistralmash2-7B-s/results_2024-09-03T06-57-24.156090.json,False,allknowingroger/Mistralmash2-7B-s,mistralmash27bs,33.298364285885654,24,7.099697885196375,7,33.29836428588566,7.930513595166164,7.105427357601002e-15,0.830815709969789
allknowingroger_Phi3mash1-17B-pass,real_attachments/C_efficiency_evolution/detailed_results/allknowingroger_Phi3mash1-17B-pass/results_2024-09-03T06-44-10.031807.json,False,allknowingroger/Phi3mash1-17B-pass,phi3mash117bpass,45.250419346918584,24,0.0,7,45.25041934691859,0.0,7.105427357601002e-15,0.0
allknowingroger_Qwen2.5-42B-AGI,real_attachments/C_efficiency_evolution/detailed_results/allknowingroger_Qwen2.5-42B-AGI/results_2024-10-22T00-42-05.989075.json,False,allknowingroger/Qwen2.5-42B-AGI,qwen2542bagi,2.2358856564144522,24,0.0,7,2.2358856564144527,0.0,4.440892098500626e-16,0.0
allknowingroger_Qwen2.5-7B-task3,real_attachments/C_efficiency_evolution/detailed_results/allknowingroger_Qwen2.5-7B-task3/results_2024-11-06T18-32-30.118491.json,False,allknowingroger/Qwen2.5-7B-task3,qwen257btask3,34.385984193445104,24,20.996978851963746,7,34.385984193445104,26.057401812688823,0.0,5.060422960725077
allknowingroger_Qwen2.5-7B-task4,real_attachments/C_efficiency_evolution/detailed_results/allknowingroger_Qwen2.5-7B-task4/results_2024-11-06T18-31-18.397337.json,False,allknowingroger/Qwen2.5-7B-task4,qwen257btask4,37.025268624292764,24,26.73716012084592,7,37.02526862429277,31.1178247734139,7.105427357601002e-15,4.3806646525679795
allknowingroger_QwenSlerp12-7B,real_attachments/C_efficiency_evolution/detailed_results/allknowingroger_QwenSlerp12-7B/results_2024-11-22T20-03-47.750767.json,False,allknowingroger/QwenSlerp12-7B,qwenslerp127b,36.41130337400265,24,26.73716012084592,7,36.41130337400265,29.45619335347432,0.0,2.719033232628398
allknowingroger_QwenSlerp4-14B,real_attachments/C_efficiency_evolution/detailed_results/allknowingroger_QwenSlerp4-14B/results_2024-12-06T19-49-12.629259.json,False,allknowingroger/QwenSlerp4-14B,qwenslerp414b,49.38124012444703,24,30.966767371601208,7,49.38124012444703,36.933534743202415,0.0,5.9667673716012075
allknowingroger_QwenSlerp6-14B,real_attachments/C_efficiency_evolution/detailed_results/allknowingroger_QwenSlerp6-14B/results_2024-12-06T19-39-20.271977.json,False,allknowingroger/QwenSlerp6-14B,qwenslerp614b,47.588316576052456,24,34.13897280966767,7,47.588316576052456,37.235649546827794,0.0,3.0966767371601236
allknowingroger_QwenStock1-14B,real_attachments/C_efficiency_evolution/detailed_results/allknowingroger_QwenStock1-14B/results_2024-12-06T20-08-10.157704.json,False,allknowingroger/QwenStock1-14B,qwenstock114b,50.07629311887721,24,29.38066465256798,7,,,,
allknowingroger_QwenStock2-14B,real_attachments/C_efficiency_evolution/detailed_results/allknowingroger_QwenStock2-14B/results_2024-12-06T20-07-24.006733.json,False,allknowingroger/QwenStock2-14B,qwenstock214b,50.5982763137811,24,29.909365558912388,7,50.5982763137811,38.82175226586103,0.0,8.912386706948642
allknowingroger_Qwenslerp3-14B,real_attachments/C_efficiency_evolution/detailed_results/allknowingroger_Qwenslerp3-14B/results_2024-10-21T20-32-17.784584.json,False,allknowingroger/Qwenslerp3-14B,qwenslerp314b,49.80982854016478,24,27.416918429003022,7,,,,
allknowingroger_Qwenslerp3-7B,real_attachments/C_efficiency_evolution/detailed_results/allknowingroger_Qwenslerp3-7B/results_2024-11-06T18-37-23.836740.json,False,allknowingroger/Qwenslerp3-7B,qwenslerp37b,37.15398413723134,24,28.247734138972806,7,37.15398413723134,32.17522658610272,0.0,3.927492447129911
allknowingroger_ROGERphi-7B-slerp,real_attachments/C_efficiency_evolution/detailed_results/allknowingroger_ROGERphi-7B-slerp/results_2024-08-13T08-08-29.741245.json,False,allknowingroger/ROGERphi-7B-slerp,rogerphi7bslerp,32.81903240379116,24,6.646525679758309,7,32.81903240379116,7.326283987915408,0.0,0.6797583081570995
allknowingroger_Rombos-LLM-V2.5-Qwen-42b,real_attachments/C_efficiency_evolution/detailed_results/allknowingroger_Rombos-LLM-V2.5-Qwen-42b/results_2024-10-29T06-38-37.491206.json,False,allknowingroger/Rombos-LLM-V2.5-Qwen-42b,rombosllmv25qwen42b,2.607639713842668,24,0.0,7,2.607639713842668,0.0,0.0,0.0
allknowingroger_Yi-1.5-34B,real_attachments/C_efficiency_evolution/detailed_results/allknowingroger_Yi-1.5-34B/results_2024-10-29T01-57-59.713822.json,False,allknowingroger/Yi-1.5-34B,yi1534b,1.3390433749257276,24,0.0,7,,,,
allknowingroger_Yislerp-34B,real_attachments/C_efficiency_evolution/detailed_results/allknowingroger_Yislerp-34B/results_2024-09-21T13-56-11.768462.json,False,allknowingroger/Yislerp-34B,yislerp34b,45.981695728558606,24,19.561933534743204,7,45.9816957285586,21.6012084592145,7.105427357601002e-15,2.0392749244712967
allknowingroger_Yislerp2-34B,real_attachments/C_efficiency_evolution/detailed_results/allknowingroger_Yislerp2-34B/results_2024-09-27T23-49-27.470228.json,False,allknowingroger/Yislerp2-34B,yislerp234b,47.20230580445541,24,20.996978851963746,7,47.20230580445542,22.9607250755287,7.105427357601002e-15,1.9637462235649537
allura-org_Mistral-Small-24b-Sertraline-0304,real_attachments/C_efficiency_evolution/detailed_results/allura-org_Mistral-Small-24b-Sertraline-0304/results_2025-03-05T17-04-59.040521.json,False,allura-org/Mistral-Small-24b-Sertraline-0304,mistralsmall24bsertraline0304,49.28145843642874,24,22.280966767371602,7,49.28145843642874,22.2809667673716,0.0,3.552713678800501e-15
amazon_MegaBeam-Mistral-7B-300k,real_attachments/C_efficiency_evolution/detailed_results/amazon_MegaBeam-Mistral-7B-300k/results_2024-10-07T13-52-28.283899.json,False,amazon/MegaBeam-Mistral-7B-300k,megabeammistral7b300k,19.291805959591997,24,2.1148036253776437,7,19.291805959592,2.114803625377644,3.552713678800501e-15,4.440892098500626e-16
anakin87_gemma-2b-orpo,real_attachments/C_efficiency_evolution/detailed_results/anakin87_gemma-2b-orpo/results_2024-07-29T09-00-07.856925.json,False,anakin87/gemma-2b-orpo,gemma2borpo,7.94944502776896,24,1.2084592145015105,7,7.94944502776896,1.8882175226586104,0.0,0.6797583081570999
arcee-ai_Llama-3.1-SuperNova-Lite,real_attachments/C_efficiency_evolution/detailed_results/arcee-ai_Llama-3.1-SuperNova-Lite/results_2024-09-18T15-23-41.201451.json,False,arcee-ai/Llama-3.1-SuperNova-Lite,llama31supernovalite,31.57234021298067,24,15.483383685800604,7,31.572340212980667,18.27794561933535,3.552713678800501e-15,2.7945619335347445
asharsha30_LLAMA_Harsha_8_B_ORDP_10k,real_attachments/C_efficiency_evolution/detailed_results/asharsha30_LLAMA_Harsha_8_B_ORDP_10k/results_2024-12-02T04-58-31.780769.json,False,asharsha30/LLAMA_Harsha_8_B_ORDP_10k,llamaharsha8bordp10k,25.725678338583258,24,5.211480362537765,7,25.72567833858325,6.646525679758309,7.105427357601002e-15,1.4350453172205437
awnr_Mistral-7B-v0.1-signtensors-1-over-4,real_attachments/C_efficiency_evolution/detailed_results/awnr_Mistral-7B-v0.1-signtensors-1-over-4/results_2024-07-22T12-11-38.418833.json,False,awnr/Mistral-7B-v0.1-signtensors-1-over-4,mistral7bv01signtensors1over4,2.3470409575204094,24,0.0,7,9.22769372478478,2.492447129909366,6.880652767264371,2.492447129909366
axolotl-ai-co_romulus-mistral-nemo-12b-simpo,real_attachments/C_efficiency_evolution/detailed_results/axolotl-ai-co_romulus-mistral-nemo-12b-simpo/results_2024-07-26T17-54-00.090079.json,False,axolotl-ai-co/romulus-mistral-nemo-12b-simpo,romulusmistralnemo12bsimpo,34.642400966373785,24,0.8308157099697886,7,34.64240096637378,11.404833836858003,7.105427357601002e-15,10.574018126888214
bedio_DistMerge_Llama-3.1-8B-Instruct,real_attachments/C_efficiency_evolution/detailed_results/bedio_DistMerge_Llama-3.1-8B-Instruct/results_2024-09-12T00-20-16.819235.json,False,bedio/DistMerge_Llama-3.1-8B-Instruct,distmergellama318binstruct,30.978672831097477,24,14.501510574018129,7,,,,
bigscience_bloom-1b1,real_attachments/C_efficiency_evolution/detailed_results/bigscience_bloom-1b1/results_2024-06-16T21-45-03.222205.json,False,bigscience/bloom-1b1,bloom1b1,4.042705269260129,24,0.1510574018126888,7,4.042705269260129,0.5287009063444109,0.0,0.37764350453172213
bosonai_Higgs-Llama-3-70B,real_attachments/C_efficiency_evolution/detailed_results/bosonai_Higgs-Llama-3-70B/results_2024-10-06T02-29-41.562725.json,False,bosonai/Higgs-Llama-3-70B,higgsllama370b,45.897405633960645,24,15.785498489425981,7,45.89740563396065,25.22658610271904,7.105427357601002e-15,9.441087613293059
braindao_DeepSeek-R1-Distill-Qwen-1.5B-Blunt,real_attachments/C_efficiency_evolution/detailed_results/braindao_DeepSeek-R1-Distill-Qwen-1.5B-Blunt/results_2025-02-23T21-30-24.799148.json,False,braindao/DeepSeek-R1-Distill-Qwen-1.5B-Blunt,deepseekr1distillqwen15bblunt,1.1023633058943696,24,13.821752265861026,7,1.1023633058943698,13.821752265861026,2.220446049250313e-16,0.0
braindao_DeepSeek-R1-Distill-Qwen-14B-Blunt,real_attachments/C_efficiency_evolution/detailed_results/braindao_DeepSeek-R1-Distill-Qwen-14B-Blunt/results_2025-03-03T22-24-01.916394.json,False,braindao/DeepSeek-R1-Distill-Qwen-14B-Blunt,deepseekr1distillqwen14bblunt,6.126852862495489,24,16.389728096676738,7,6.126852862495489,16.389728096676738,0.0,0.0
braindao_DeepSeek-R1-Distill-Qwen-14B-Blunt-Uncensored,real_attachments/C_efficiency_evolution/detailed_results/braindao_DeepSeek-R1-Distill-Qwen-14B-Blunt-Uncensored/results_2025-03-06T14-15-38.238783.json,False,braindao/DeepSeek-R1-Distill-Qwen-14B-Blunt-Uncensored,deepseekr1distillqwen14bbluntuncensored,4.607187867121388,24,16.314199395770395,7,4.607187867121389,16.314199395770395,8.881784197001252e-16,0.0
braindao_DeepSeek-R1-Distill-Qwen-14B-Blunt-Uncensored-Blunt,real_attachments/C_efficiency_evolution/detailed_results/braindao_DeepSeek-R1-Distill-Qwen-14B-Blunt-Uncensored-Blunt/results_2025-03-03T22-23-13.808613.json,False,braindao/DeepSeek-R1-Distill-Qwen-14B-Blunt-Uncensored-Blunt,deepseekr1distillqwen14bbluntuncensoredblunt,5.067571369076204,24,25.075528700906347,7,5.067571369076204,25.075528700906347,0.0,0.0
braindao_DeepSeek-R1-Distill-Qwen-7B-Reflective,real_attachments/C_efficiency_evolution/detailed_results/braindao_DeepSeek-R1-Distill-Qwen-7B-Reflective/results_2025-03-03T20-24-38.352295.json,False,braindao/DeepSeek-R1-Distill-Qwen-7B-Reflective,deepseekr1distillqwen7breflective,2.0813002167796686,24,20.241691842900302,7,2.0813002167796686,20.241691842900305,0.0,3.552713678800501e-15
braindao_Qwen2.5-14B,real_attachments/C_efficiency_evolution/detailed_results/braindao_Qwen2.5-14B/results_2025-03-06T09-37-30.014109.json,False,braindao/Qwen2.5-14B,qwen2514b,41.26351364432166,24,29.229607250755286,7,,,,
bunnycore_FuseCyberMix-Qwen-2.5-7B-Instruct,real_attachments/C_efficiency_evolution/detailed_results/bunnycore_FuseCyberMix-Qwen-2.5-7B-Instruct/results_2024-12-20T09-17-49.550984.json,False,bunnycore/FuseCyberMix-Qwen-2.5-7B-Instruct,fusecybermixqwen257binstruct,36.368618717269534,24,0.0755287009063444,7,36.36861871726955,48.413897280966765,1.4210854715202004e-14,48.33836858006042
bunnycore_Gemma2-9B-TitanFusion,real_attachments/C_efficiency_evolution/detailed_results/bunnycore_Gemma2-9B-TitanFusion/results_2025-02-19T15-04-16.854720.json,False,bunnycore/Gemma2-9B-TitanFusion,gemma29btitanfusion,39.05056413790993,24,7.7039274924471295,7,39.05056413790993,7.7039274924471295,0.0,0.0
bunnycore_HyperLlama-3.1-8B,real_attachments/C_efficiency_evolution/detailed_results/bunnycore_HyperLlama-3.1-8B/results_2024-09-07T00-47-53.210821.json,False,bunnycore/HyperLlama-3.1-8B,hyperllama318b,29.806655612613746,24,16.012084592145015,7,29.80665561261375,18.27794561933535,3.552713678800501e-15,2.2658610271903328
bunnycore_Llama-3.1-8B-TitanFusion-v3,real_attachments/C_efficiency_evolution/detailed_results/bunnycore_Llama-3.1-8B-TitanFusion-v3/results_2024-09-27T16-43-14.678628.json,False,bunnycore/Llama-3.1-8B-TitanFusion-v3,llama318btitanfusionv3,32.07294114461409,24,12.990936555891238,7,32.072941144614084,14.19939577039275,7.105427357601002e-15,1.2084592145015112
bunnycore_Llama-3.2-3B-Deep-Test,real_attachments/C_efficiency_evolution/detailed_results/bunnycore_Llama-3.2-3B-Deep-Test/results_2025-01-01T18-12-28.548987.json,False,bunnycore/Llama-3.2-3B-Deep-Test,llama323bdeeptest,2.572323388862108,24,0.0,7,,,,
bunnycore_Llama-3.2-3B-Della,real_attachments/C_efficiency_evolution/detailed_results/bunnycore_Llama-3.2-3B-Della/results_2025-01-20T06-12-21.388884.json,False,bunnycore/Llama-3.2-3B-Della,llama323bdella,11.467459235722028,24,2.643504531722054,7,11.46745923572203,3.0211480362537766,1.7763568394002505e-15,0.3776435045317226
bunnycore_Llama-3.2-3B-Long-Think,real_attachments/C_efficiency_evolution/detailed_results/bunnycore_Llama-3.2-3B-Long-Think/results_2024-10-24T00-00-00.000000.json,False,bunnycore/Llama-3.2-3B-Long-Think,llama323blongthink,24.226803165670287,24,13.972809667673717,7,24.22680316567029,14.577039274924472,3.552713678800501e-15,0.6042296072507547
bunnycore_Llama-3.2-3B-Mix-Skill,real_attachments/C_efficiency_evolution/detailed_results/bunnycore_Llama-3.2-3B-Mix-Skill/results_2024-10-28T14-55-48.361579.json,False,bunnycore/Llama-3.2-3B-Mix-Skill,llama323bmixskill,23.784246657651128,24,12.688821752265861,7,23.784246657651128,14.72809667673716,0.0,2.0392749244712984
bunnycore_Llama-3.2-3B-ProdigyPlus,real_attachments/C_efficiency_evolution/detailed_results/bunnycore_Llama-3.2-3B-ProdigyPlus/results_2024-10-25T19-54-51.799388.json,False,bunnycore/Llama-3.2-3B-ProdigyPlus,llama323bprodigyplus,20.622988697146294,24,9.894259818731117,7,20.62298869714629,11.555891238670696,3.552713678800501e-15,1.6616314199395799
bunnycore_Llama-3.2-3B-ToxicKod,real_attachments/C_efficiency_evolution/detailed_results/bunnycore_Llama-3.2-3B-ToxicKod/results_2025-03-10T22-39-13.540337.json,False,bunnycore/Llama-3.2-3B-ToxicKod,llama323btoxickod,22.983327840830782,24,16.993957703927492,7,22.983327840830786,16.993957703927492,3.552713678800501e-15,0.0
bunnycore_Phi-3.5-mini-TitanFusion-0.1,real_attachments/C_efficiency_evolution/detailed_results/bunnycore_Phi-3.5-mini-TitanFusion-0.1/results_2024-10-15T16-43-12.313024.json,False,bunnycore/Phi-3.5-mini-TitanFusion-0.1,phi35minititanfusion01,35.44621907652245,24,6.193353474320242,7,35.446219076522446,11.858006042296072,7.105427357601002e-15,5.66465256797583
bunnycore_Phi-4-Model-Stock-v4,real_attachments/C_efficiency_evolution/detailed_results/bunnycore_Phi-4-Model-Stock-v4/results_2025-01-25T10-05-56.730634.json,False,bunnycore/Phi-4-Model-Stock-v4,phi4modelstockv4,55.90173559155674,24,37.160120845921455,7,55.90173559155676,38.29305135951662,1.4210854715202004e-14,1.1329305135951628
bunnycore_Phi-4-RP-v0,real_attachments/C_efficiency_evolution/detailed_results/bunnycore_Phi-4-RP-v0/results_2025-01-14T02-53-40.099872.json,False,bunnycore/Phi-4-RP-v0,phi4rpv0,54.8449853466199,24,27.794561933534744,7,54.8449853466199,33.157099697885194,0.0,5.362537764350449
bunnycore_Phi-4-RR-Shoup,real_attachments/C_efficiency_evolution/detailed_results/bunnycore_Phi-4-RR-Shoup/results_2025-02-02T12-54-45.987972.json,False,bunnycore/Phi-4-RR-Shoup,phi4rrshoup,56.10839417299811,24,47.9607250755287,7,56.10839417299811,49.92447129909365,0.0,1.9637462235649537
bunnycore_Phi-4-ReasoningRP,real_attachments/C_efficiency_evolution/detailed_results/bunnycore_Phi-4-ReasoningRP/results_2025-01-28T13-39-38.811621.json,False,bunnycore/Phi-4-ReasoningRP,phi4reasoningrp,55.88446363760436,24,44.33534743202417,7,55.88446363760437,45.69486404833837,7.105427357601002e-15,1.3595166163141954
bunnycore_Phi-4-Sce-exp-v0.1,real_attachments/C_efficiency_evolution/detailed_results/bunnycore_Phi-4-Sce-exp-v0.1/results_2025-02-07T16-42-39.879750.json,False,bunnycore/Phi-4-Sce-exp-v0.1,phi4sceexpv01,56.07496197301843,24,48.11178247734139,7,56.074961973018425,50.30211480362537,7.105427357601002e-15,2.190332326283979
bunnycore_Phi-4-Stock-Ex,real_attachments/C_efficiency_evolution/detailed_results/bunnycore_Phi-4-Stock-Ex/results_2025-01-16T19-58-42.857768.json,False,bunnycore/Phi-4-Stock-Ex,phi4stockex,55.20355070082318,24,39.12386706948641,7,55.20355070082317,40.86102719033233,7.105427357601002e-15,1.737160120845921
bunnycore_Phi-4-Stock-RP,real_attachments/C_efficiency_evolution/detailed_results/bunnycore_Phi-4-Stock-RP/results_2025-01-13T18-58-31.199413.json,False,bunnycore/Phi-4-Stock-RP,phi4stockrp,55.20594989405504,24,32.25075528700906,7,55.20594989405504,34.13897280966767,0.0,1.888217522658607
bunnycore_Phi-4-Trim-Exp1,real_attachments/C_efficiency_evolution/detailed_results/bunnycore_Phi-4-Trim-Exp1/results_2025-02-18T15-28-01.718723.json,False,bunnycore/Phi-4-Trim-Exp1,phi4trimexp1,1.4066196276490395,24,0.5287009063444109,7,1.4066196276490397,0.5287009063444109,2.220446049250313e-16,0.0
bunnycore_Qwen-2.5-7B-Deep-Stock-v1,real_attachments/C_efficiency_evolution/detailed_results/bunnycore_Qwen-2.5-7B-Deep-Stock-v1/results_2025-01-25T12-15-50.445689.json,False,bunnycore/Qwen-2.5-7B-Deep-Stock-v1,qwen257bdeepstockv1,34.07986228320928,24,25.528700906344408,7,34.07986228320928,26.435045317220546,0.0,0.9063444108761374
bunnycore_Qwen-2.5-7B-Deep-Stock-v5,real_attachments/C_efficiency_evolution/detailed_results/bunnycore_Qwen-2.5-7B-Deep-Stock-v5/results_2025-02-18T17-48-11.735090.json,False,bunnycore/Qwen-2.5-7B-Deep-Stock-v5,qwen257bdeepstockv5,24.990385055835603,24,14.72809667673716,7,24.990385055835603,14.72809667673716,0.0,0.0
bunnycore_Qwen-2.5-7B-Exp-Sce,real_attachments/C_efficiency_evolution/detailed_results/bunnycore_Qwen-2.5-7B-Exp-Sce/results_2025-02-18T20-49-55.995211.json,False,bunnycore/Qwen-2.5-7B-Exp-Sce,qwen257bexpsce,36.2390009919108,24,32.55287009063444,7,36.2390009919108,32.55287009063444,0.0,0.0
bunnycore_Qwen-2.5-7b-S1k,real_attachments/C_efficiency_evolution/detailed_results/bunnycore_Qwen-2.5-7b-S1k/results_2025-02-24T22-40-58.147391.json,False,bunnycore/Qwen-2.5-7b-S1k,qwen257bs1k,36.69420283560647,24,47.809667673716014,7,36.69420283560647,47.809667673716014,0.0,0.0
bunnycore_Qwen2.5-1.5B-Model-Stock,real_attachments/C_efficiency_evolution/detailed_results/bunnycore_Qwen2.5-1.5B-Model-Stock/results_2025-02-28T19-58-44.405602.json,False,bunnycore/Qwen2.5-1.5B-Model-Stock,qwen2515bmodelstock,1.4302074600422707,24,0.0,7,1.430207460042271,0.0,2.220446049250313e-16,0.0
bunnycore_Qwen2.5-3B-Model-Stock-v2,real_attachments/C_efficiency_evolution/detailed_results/bunnycore_Qwen2.5-3B-Model-Stock-v2/results_2025-01-15T21-40-54.951808.json,False,bunnycore/Qwen2.5-3B-Model-Stock-v2,qwen253bmodelstockv2,25.648546574568158,24,0.0,7,25.64854657456816,38.670694864048336,3.552713678800501e-15,38.670694864048336
bunnycore_Qwen2.5-3B-Model-Stock-v3.2,real_attachments/C_efficiency_evolution/detailed_results/bunnycore_Qwen2.5-3B-Model-Stock-v3.2/results_2025-02-26T09-09-35.582526.json,False,bunnycore/Qwen2.5-3B-Model-Stock-v3.2,qwen253bmodelstockv32,26.326937514436406,24,37.53776435045317,7,26.32693751443641,37.53776435045317,3.552713678800501e-15,0.0
bunnycore_Qwen2.5-3B-Model-Stock-v4.1,real_attachments/C_efficiency_evolution/detailed_results/bunnycore_Qwen2.5-3B-Model-Stock-v4.1/results_2025-02-28T20-09-24.661001.json,False,bunnycore/Qwen2.5-3B-Model-Stock-v4.1,qwen253bmodelstockv41,27.399951145314322,24,37.68882175226586,7,27.39995114531432,37.68882175226586,3.552713678800501e-15,0.0
bunnycore_Qwen2.5-3B-RP-Mix,real_attachments/C_efficiency_evolution/detailed_results/bunnycore_Qwen2.5-3B-RP-Mix/results_2024-10-23T17-42-13.231593.json,False,bunnycore/Qwen2.5-3B-RP-Mix,qwen253brpmix,28.305922895366827,24,7.401812688821751,7,28.305922895366823,21.52567975830816,3.552713678800501e-15,14.12386706948641
bunnycore_Qwen2.5-7B-Instruct-Fusion,real_attachments/C_efficiency_evolution/detailed_results/bunnycore_Qwen2.5-7B-Instruct-Fusion/results_2024-11-06T17-58-12.254186.json,False,bunnycore/Qwen2.5-7B-Instruct-Fusion,qwen257binstructfusion,36.17985917773406,24,19.939577039274926,7,36.17985917773406,34.06344410876133,0.0,14.123867069486405
bunnycore_Qwen2.5-7B-MixStock-Sce-V0.3,real_attachments/C_efficiency_evolution/detailed_results/bunnycore_Qwen2.5-7B-MixStock-Sce-V0.3/results_2025-02-19T14-26-51.712601.json,False,bunnycore/Qwen2.5-7B-MixStock-Sce-V0.3,qwen257bmixstockscev03,9.507336377473365,24,25.755287009063444,7,9.507336377473363,25.755287009063444,1.7763568394002505e-15,0.0
bunnycore_Qwen2.5-7B-MixStock-V0.1,real_attachments/C_efficiency_evolution/detailed_results/bunnycore_Qwen2.5-7B-MixStock-V0.1/results_2025-02-05T19-27-09.819898.json,False,bunnycore/Qwen2.5-7B-MixStock-V0.1,qwen257bmixstockv01,35.86925790573909,24,28.851963746223564,7,35.86925790573909,31.72205438066465,0.0,2.8700906344410875
bunnycore_Qwen2.5-7B-R1-Bespoke-Stock,real_attachments/C_efficiency_evolution/detailed_results/bunnycore_Qwen2.5-7B-R1-Bespoke-Stock/results_2025-01-25T06-59-40.273507.json,False,bunnycore/Qwen2.5-7B-R1-Bespoke-Stock,qwen257br1bespokestock,26.63869755860018,24,17.29607250755287,7,26.63869755860018,20.46827794561933,0.0,3.1722054380664595
bunnycore_Qwen2.5-7B-R1-Bespoke-Task,real_attachments/C_efficiency_evolution/detailed_results/bunnycore_Qwen2.5-7B-R1-Bespoke-Task/results_2025-01-25T06-55-46.740522.json,False,bunnycore/Qwen2.5-7B-R1-Bespoke-Task,qwen257br1bespoketask,17.906937974221723,24,3.1722054380664653,7,17.906937974221723,17.82477341389728,0.0,14.652567975830815
bunnycore_Qwen2.5-7B-Sky-R1-Mini,real_attachments/C_efficiency_evolution/detailed_results/bunnycore_Qwen2.5-7B-Sky-R1-Mini/results_2025-02-19T15-06-20.141651.json,False,bunnycore/Qwen2.5-7B-Sky-R1-Mini,qwen257bskyr1mini,8.895167428387579,24,2.9456193353474323,7,8.89516742838758,2.9456193353474323,1.7763568394002505e-15,0.0
bunnycore_Smol-Llama-3.2-3B,real_attachments/C_efficiency_evolution/detailed_results/bunnycore_Smol-Llama-3.2-3B/results_2024-12-29T21-03-54.900088.json,False,bunnycore/Smol-Llama-3.2-3B,smolllama323b,23.040764481149232,24,13.51963746223565,7,23.04076448114923,13.821752265861026,3.552713678800501e-15,0.30211480362537557
byroneverson_Mistral-Small-Instruct-2409-abliterated,real_attachments/C_efficiency_evolution/detailed_results/byroneverson_Mistral-Small-Instruct-2409-abliterated/results_2024-10-15T19-32-32.570391.json,False,byroneverson/Mistral-Small-Instruct-2409-abliterated,mistralsmallinstruct2409abliterated,31.255700427788586,24,14.123867069486403,7,31.255700427788582,24.773413897280967,3.552713678800501e-15,10.649546827794564
byroneverson_Yi-1.5-9B-Chat-abliterated,real_attachments/C_efficiency_evolution/detailed_results/byroneverson_Yi-1.5-9B-Chat-abliterated/results_2024-09-18T14-49-52.560572.json,False,byroneverson/Yi-1.5-9B-Chat-abliterated,yi159bchatabliterated,34.35218727198406,24,9.818731117824774,7,34.35218727198406,16.61631419939577,0.0,6.7975830815709966
carsenk_phi3.5_mini_exp_825_uncensored,real_attachments/C_efficiency_evolution/detailed_results/carsenk_phi3.5_mini_exp_825_uncensored/results_2024-09-02T23-26-41.313457.json,False,carsenk/phi3.5_mini_exp_825_uncensored,phi35miniexp825uncensored,1.8278127302260843,24,0.0,7,1.827812730226084,1.0574018126888218,2.220446049250313e-16,1.0574018126888218
cat-searcher_gemma-2-9b-it-sppo-iter-1,real_attachments/C_efficiency_evolution/detailed_results/cat-searcher_gemma-2-9b-it-sppo-iter-1/results_2024-08-13T03-41-28.069452.json,False,cat-searcher/gemma-2-9b-it-sppo-iter-1,gemma29bitsppoiter1,41.67630770023723,24,0.0,7,,,,
cckm_tinymistral_950m,real_attachments/C_efficiency_evolution/detailed_results/cckm_tinymistral_950m/results_2025-01-13T21-36-28.245477.json,False,cckm/tinymistral_950m,tinymistral950m,2.3717884729649437,24,0.3021148036253776,7,2.371788472964944,0.5287009063444109,4.440892098500626e-16,0.2265861027190333
chujiezheng_Mistral7B-PairRM-SPPO-ExPO,real_attachments/C_efficiency_evolution/detailed_results/chujiezheng_Mistral7B-PairRM-SPPO-ExPO/results_2024-09-22T08-23-37.171869.json,False,chujiezheng/Mistral7B-PairRM-SPPO-ExPO,mistral7bpairrmsppoexpo,13.678635807519433,24,0.906344410876133,7,13.678635807519433,1.812688821752266,0.0,0.906344410876133
cloudyu_Llama-3-70Bx2-MOE,real_attachments/C_efficiency_evolution/detailed_results/cloudyu_Llama-3-70Bx2-MOE/results_2024-07-27T07-27-59.261852.json,False,cloudyu/Llama-3-70Bx2-MOE,llama370bx2moe,51.42213772529595,24,19.86404833836858,7,51.42213772529595,21.75226586102719,0.0,1.8882175226586106
cognitivecomputations_Dolphin3.0-Qwen2.5-0.5B,real_attachments/C_efficiency_evolution/detailed_results/cognitivecomputations_Dolphin3.0-Qwen2.5-0.5B/results_2025-03-03T13-08-49.788475.json,False,cognitivecomputations/Dolphin3.0-Qwen2.5-0.5B,dolphin30qwen2505b,5.096928104575163,24,5.13595166163142,7,5.096928104575164,5.13595166163142,8.881784197001252e-16,0.0
cognitivecomputations_Dolphin3.0-R1-Mistral-24B,real_attachments/C_efficiency_evolution/detailed_results/cognitivecomputations_Dolphin3.0-R1-Mistral-24B/results_2025-02-07T18-14-36.451324.json,False,cognitivecomputations/Dolphin3.0-R1-Mistral-24B,dolphin30r1mistral24b,33.7636782635452,24,20.694864048338367,7,33.763678263545195,31.19335347432024,7.105427357601002e-15,10.498489425981873
cognitivecomputations_dolphin-2.9-llama3-8b,real_attachments/C_efficiency_evolution/detailed_results/cognitivecomputations_dolphin-2.9-llama3-8b/results_2024-06-16T19-05-03.780835.json,False,cognitivecomputations/dolphin-2.9-llama3-8b,dolphin29llama38b,27.858929260905125,24,5.0604229607250755,7,27.858929260905125,5.740181268882175,0.0,0.6797583081570995
cognitivecomputations_dolphin-2.9.1-llama-3-70b,real_attachments/C_efficiency_evolution/detailed_results/cognitivecomputations_dolphin-2.9.1-llama-3-70b/results_2024-10-05T20-41-16.262145.json,False,cognitivecomputations/dolphin-2.9.1-llama-3-70b,dolphin291llama370b,31.10115187256925,24,5.438066465256798,7,31.101151872569243,18.202416918429005,7.105427357601002e-15,12.764350453172208
cognitivecomputations_dolphin-2.9.1-yi-1.5-9b,real_attachments/C_efficiency_evolution/detailed_results/cognitivecomputations_dolphin-2.9.1-yi-1.5-9b/results_2024-08-12T11-27-37.056736.json,False,cognitivecomputations/dolphin-2.9.1-yi-1.5-9b,dolphin291yi159b,35.7760897255686,24,10.42296072507553,7,35.7760897255686,15.181268882175228,0.0,4.758308157099698
cognitivecomputations_dolphin-2.9.3-mistral-7B-32k,real_attachments/C_efficiency_evolution/detailed_results/cognitivecomputations_dolphin-2.9.3-mistral-7B-32k/results_2024-07-22T09-19-12.455984.json,False,cognitivecomputations/dolphin-2.9.3-mistral-7B-32k,dolphin293mistral7b32k,26.906353891780515,24,4.833836858006042,7,26.906353891780515,5.060422960725076,0.0,0.22658610271903434
cognitivecomputations_dolphin-2.9.4-gemma2-2b,real_attachments/C_efficiency_evolution/detailed_results/cognitivecomputations_dolphin-2.9.4-gemma2-2b/results_2024-09-01T05-44-15.827438.json,False,cognitivecomputations/dolphin-2.9.4-gemma2-2b,dolphin294gemma22b,17.367632544377397,24,4.1540785498489425,7,17.3676325443774,4.909365558912387,3.552713678800501e-15,0.7552870090634443
cognitivecomputations_dolphin-2.9.4-llama3.1-8b,real_attachments/C_efficiency_evolution/detailed_results/cognitivecomputations_dolphin-2.9.4-llama3.1-8b/results_2024-08-31T20-29-37.223117.json,False,cognitivecomputations/dolphin-2.9.4-llama3.1-8b,dolphin294llama318b,8.960977577810414,24,0.22658610271903326,7,8.972088688921525,1.2084592145015105,0.011111111111111072,0.9818731117824773
cstr_llama3.1-8b-spaetzle-v90,real_attachments/C_efficiency_evolution/detailed_results/cstr_llama3.1-8b-spaetzle-v90/results_2024-09-16T04-03-46.320177.json,False,cstr/llama3.1-8b-spaetzle-v90,llama318bspaetzlev90,32.76366579584105,24,13.36858006042296,7,32.76366579584106,14.954682779456194,7.105427357601002e-15,1.5861027190332333
deepseek-ai_DeepSeek-R1-Distill-Llama-8B,real_attachments/C_efficiency_evolution/detailed_results/deepseek-ai_DeepSeek-R1-Distill-Llama-8B/results_2025-01-20T21-34-30.383569.json,False,deepseek-ai/DeepSeek-R1-Distill-Llama-8B,deepseekr1distillllama8b,5.325247153240706,24,0.0,7,5.325247153240706,21.978851963746223,0.0,21.978851963746223
deepseek-ai_DeepSeek-R1-Distill-Qwen-1.5B,real_attachments/C_efficiency_evolution/detailed_results/deepseek-ai_DeepSeek-R1-Distill-Qwen-1.5B/results_2025-01-20T22-52-38.383912.json,False,deepseek-ai/DeepSeek-R1-Distill-Qwen-1.5B,deepseekr1distillqwen15b,4.729119207646243,24,0.0,7,4.729119207646243,16.91842900302115,0.0,16.91842900302115
deepseek-ai_DeepSeek-R1-Distill-Qwen-7B,real_attachments/C_efficiency_evolution/detailed_results/deepseek-ai_DeepSeek-R1-Distill-Qwen-7B/results_2025-01-20T22-51-25.465135.json,False,deepseek-ai/DeepSeek-R1-Distill-Qwen-7B,deepseekr1distillqwen7b,7.882702983365755,24,0.0,7,,,,
deepseek-ai_deepseek-llm-7b-base,real_attachments/C_efficiency_evolution/detailed_results/deepseek-ai_deepseek-llm-7b-base/results_2024-06-17T16-08-00.757449.json,False,deepseek-ai/deepseek-llm-7b-base,deepseekllm7bbase,9.767924795904248,24,1.2084592145015105,7,9.76792479590425,1.9637462235649543,1.7763568394002505e-15,0.7552870090634438
deepseek-ai_deepseek-moe-16b-base,real_attachments/C_efficiency_evolution/detailed_results/deepseek-ai_deepseek-moe-16b-base/results_2024-06-17T15-10-41.581210.json,False,deepseek-ai/deepseek-moe-16b-base,deepseekmoe16bbase,8.35555577938938,24,1.812688821752266,7,8.355555779389382,2.416918429003021,1.7763568394002505e-15,0.6042296072507549
dnhkng_RYS-Llama-3-8B-Instruct,real_attachments/C_efficiency_evolution/detailed_results/dnhkng_RYS-Llama-3-8B-Instruct/results_2024-08-12T19-09-35.366165.json,False,dnhkng/RYS-Llama-3-8B-Instruct,rysllama38binstruct,25.373015462245586,24,6.193353474320242,7,25.373015462245583,6.873111782477341,3.552713678800501e-15,0.6797583081570995
dnhkng_RYS-Llama-3-Large-Instruct,real_attachments/C_efficiency_evolution/detailed_results/dnhkng_RYS-Llama-3-Large-Instruct/results_2024-08-13T00-58-36.953051.json,False,dnhkng/RYS-Llama-3-Large-Instruct,rysllama3largeinstruct,49.665539028891345,24,21.827794561933533,7,49.66553902889135,23.036253776435046,7.105427357601002e-15,1.208459214501513
dnhkng_RYS-Llama-3.1-8B-Instruct,real_attachments/C_efficiency_evolution/detailed_results/dnhkng_RYS-Llama-3.1-8B-Instruct/results_2024-09-02T22-11-07.496089.json,False,dnhkng/RYS-Llama-3.1-8B-Instruct,rysllama318binstruct,31.085445296018975,24,11.329305135951662,7,31.08544529601897,13.293051359516618,3.552713678800501e-15,1.9637462235649554
duyhv1411_Llama-3.2-3B-en-vi,real_attachments/C_efficiency_evolution/detailed_results/duyhv1411_Llama-3.2-3B-en-vi/results_2025-03-06T15-14-49.975526.json,False,duyhv1411/Llama-3.2-3B-en-vi,llama323benvi,5.946254874082537,24,2.2658610271903323,7,5.946254874082537,2.2658610271903323,0.0,0.0
dwikitheduck_gemma-2-2b-id-inst,real_attachments/C_efficiency_evolution/detailed_results/dwikitheduck_gemma-2-2b-id-inst/results_2024-11-25T00-09-52.794752.json,False,dwikitheduck/gemma-2-2b-id-inst,gemma22bidinst,15.41512936916845,24,0.5287009063444109,7,15.415129369168447,4.531722054380665,3.552713678800501e-15,4.003021148036254
ehristoforu_Gemma2-9B-it-psy10k-mental_health,real_attachments/C_efficiency_evolution/detailed_results/ehristoforu_Gemma2-9B-it-psy10k-mental_health/results_2024-08-13T06-16-47.307542.json,False,ehristoforu/Gemma2-9B-it-psy10k-mental_health,gemma29bitpsy10kmentalhealth,35.56600949863265,24,12.16012084592145,7,35.56600949863266,16.314199395770395,7.105427357601002e-15,4.154078549848945
ehristoforu_Gemma2-9b-it-train6,real_attachments/C_efficiency_evolution/detailed_results/ehristoforu_Gemma2-9b-it-train6/results_2024-08-13T06-07-44.550913.json,False,ehristoforu/Gemma2-9b-it-train6,gemma29bittrain6,40.98762530159646,24,8.38368580060423,7,40.98762530159646,19.10876132930513,0.0,10.725075528700899
ehristoforu_QwenQwen2.5-7B-IT,real_attachments/C_efficiency_evolution/detailed_results/ehristoforu_QwenQwen2.5-7B-IT/results_2025-02-01T10-51-49.455261.json,False,ehristoforu/QwenQwen2.5-7B-IT,qwenqwen257bit,34.96965415936291,24,0.0,7,34.96965415936291,50.90634441087614,0.0,50.90634441087614
ehristoforu_coolqwen-3b-it,real_attachments/C_efficiency_evolution/detailed_results/ehristoforu_coolqwen-3b-it/results_2025-01-06T11-19-50.562735.json,False,ehristoforu/coolqwen-3b-it,coolqwen3bit,27.463695565892305,24,0.0,7,27.463695565892305,36.70694864048338,0.0,36.70694864048338
ehristoforu_qwen2.5-test-32b-it,real_attachments/C_efficiency_evolution/detailed_results/ehristoforu_qwen2.5-test-32b-it/results_2025-02-03T22-53-55.289898.json,False,ehristoforu/qwen2.5-test-32b-it,qwen25test32bit,58.28330738049857,24,7.930513595166164,7,58.28330738049858,59.74320241691843,7.105427357601002e-15,51.81268882175227
ehristoforu_rufalcon3-3b-it,real_attachments/C_efficiency_evolution/detailed_results/ehristoforu_rufalcon3-3b-it/results_2025-01-06T10-46-25.510674.json,False,ehristoforu/rufalcon3-3b-it,rufalcon33bit,18.214357583811633,24,17.371601208459214,7,18.21435758381163,17.82477341389728,3.552713678800501e-15,0.45317220543806513
ehristoforu_ruphi-4b,real_attachments/C_efficiency_evolution/detailed_results/ehristoforu_ruphi-4b/results_2025-01-06T10-48-51.382397.json,False,ehristoforu/ruphi-4b,ruphi4b,2.400631279750579,24,0.0,7,2.400631279750579,0.0,0.0,0.0
ell44ot_gemma-2b-def,real_attachments/C_efficiency_evolution/detailed_results/ell44ot_gemma-2b-def/results_2024-11-28T07-07-27.154882.json,False,ell44ot/gemma-2b-def,gemma2bdef,4.586419628734295,24,1.7371601208459215,7,4.586419628734295,2.416918429003021,0.0,0.6797583081570995
ewre324_Thinker-Qwen2.5-0.5B-Instruct-Reasoning,real_attachments/C_efficiency_evolution/detailed_results/ewre324_Thinker-Qwen2.5-0.5B-Instruct-Reasoning/results_2025-01-08T03-30-46.210771.json,False,ewre324/Thinker-Qwen2.5-0.5B-Instruct-Reasoning,thinkerqwen2505binstructreasoning,7.394609633807861,24,0.4531722054380665,7,7.39460963380786,2.8700906344410875,8.881784197001252e-16,2.416918429003021
facebook_opt-1.3b,real_attachments/C_efficiency_evolution/detailed_results/facebook_opt-1.3b/results_2024-06-17T13-53-58.344286.json,False,facebook/opt-1.3b,opt13b,3.6480520895226776,24,0.7552870090634441,7,3.6480520895226793,0.906344410876133,1.7763568394002505e-15,0.1510574018126889
facebook_opt-30b,real_attachments/C_efficiency_evolution/detailed_results/facebook_opt-30b/results_2024-06-17T17-08-46.250569.json,False,facebook/opt-30b,opt30b,3.4984293851759607,24,0.6042296072507553,7,3.4984293851759607,1.0574018126888218,0.0,0.4531722054380666
failspy_Meta-Llama-3-70B-Instruct-abliterated-v3.5,real_attachments/C_efficiency_evolution/detailed_results/failspy_Meta-Llama-3-70B-Instruct-abliterated-v3.5/results_2024-09-02T23-54-59.562583.json,False,failspy/Meta-Llama-3-70B-Instruct-abliterated-v3.5,metallama370binstructabliteratedv35,37.87133313079307,24,11.858006042296072,7,37.87133313079306,12.83987915407855,7.105427357601002e-15,0.9818731117824786
failspy_Phi-3-medium-4k-instruct-abliterated-v3,real_attachments/C_efficiency_evolution/detailed_results/failspy_Phi-3-medium-4k-instruct-abliterated-v3/results_2024-07-30T04-20-55.435914.json,False,failspy/Phi-3-medium-4k-instruct-abliterated-v3,phi3medium4kinstructabliteratedv3,46.73283933573803,24,14.123867069486403,7,46.73283933573803,15.93655589123867,0.0,1.8126888217522676
fhai50032_Unaligned-Thinker-PHI-4,real_attachments/C_efficiency_evolution/detailed_results/fhai50032_Unaligned-Thinker-PHI-4/results_2025-01-17T21-33-15.880671.json,False,fhai50032/Unaligned-Thinker-PHI-4,unalignedthinkerphi4,51.92504876544175,24,33.00604229607251,7,51.92504876544175,33.53474320241692,0.0,0.5287009063444117
flammenai_Mahou-1.2a-mistral-7B,real_attachments/C_efficiency_evolution/detailed_results/flammenai_Mahou-1.2a-mistral-7B/results_2024-08-13T08-47-02.760508.json,False,flammenai/Mahou-1.2a-mistral-7B,mahou12amistral7b,31.166750037107487,24,5.81570996978852,7,31.166750037107487,6.873111782477341,0.0,1.0574018126888216
flammenai_Mahou-1.5-mistral-nemo-12B,real_attachments/C_efficiency_evolution/detailed_results/flammenai_Mahou-1.5-mistral-nemo-12B/results_2024-10-07T04-22-59.176979.json,False,flammenai/Mahou-1.5-mistral-nemo-12B,mahou15mistralnemo12b,36.2605101880134,24,5.0604229607250755,7,36.260510188013406,8.685800604229607,7.105427357601002e-15,3.6253776435045317
fluently-lm_Llama-TI-8B,real_attachments/C_efficiency_evolution/detailed_results/fluently-lm_Llama-TI-8B/results_2024-12-07T20-23-25.091439.json,False,fluently-lm/Llama-TI-8B,llamati8b,31.984332678202136,24,19.71299093655589,7,31.984332678202136,19.637462235649547,0.0,0.075528700906343
fluently-lm_Llama-TI-8B-Instruct,real_attachments/C_efficiency_evolution/detailed_results/fluently-lm_Llama-TI-8B-Instruct/results_2025-01-16T20-38-11.058635.json,False,fluently-lm/Llama-TI-8B-Instruct,llamati8binstruct,32.26686716202457,24,22.9607250755287,7,32.26686716202457,23.036253776435046,0.0,0.07552870090634656
fluently-sets_FalconThink3-10B-IT,real_attachments/C_efficiency_evolution/detailed_results/fluently-sets_FalconThink3-10B-IT/results_2024-12-29T19-40-47.934216.json,False,fluently-sets/FalconThink3-10B-IT,falconthink310bit,44.975804333935,24,23.716012084592144,7,44.975804333935,24.47129909365559,0.0,0.7552870090634443
freewheelin_free-evo-qwen72b-v0.8-re,real_attachments/C_efficiency_evolution/detailed_results/freewheelin_free-evo-qwen72b-v0.8-re/results_2024-10-05T14-32-52.988483.json,False,freewheelin/free-evo-qwen72b-v0.8-re,freeevoqwen72bv08re,45.317402649966915,24,16.238670694864048,7,45.31740264996691,18.051359516616312,7.105427357601002e-15,1.812688821752264
fulim_FineLlama-3.1-8B,real_attachments/C_efficiency_evolution/detailed_results/fulim_FineLlama-3.1-8B/results_2024-12-18T04-47-10.406336.json,False,fulim/FineLlama-3.1-8B,finellama318b,22.462596845663917,24,4.531722054380665,7,,,,
gaverfraxz_Meta-Llama-3.1-8B-Instruct-HalfAbliterated-DELLA,real_attachments/C_efficiency_evolution/detailed_results/gaverfraxz_Meta-Llama-3.1-8B-Instruct-HalfAbliterated-DELLA/results_2024-09-28T01-30-12.053735.json,False,gaverfraxz/Meta-Llama-3.1-8B-Instruct-HalfAbliterated-DELLA,metallama318binstructhalfabliterateddella,15.276579446085892,24,0.8308157099697886,7,15.276579446085892,1.9637462235649543,0.0,1.1329305135951657
gaverfraxz_Meta-Llama-3.1-8B-Instruct-HalfAbliterated-TIES,real_attachments/C_efficiency_evolution/detailed_results/gaverfraxz_Meta-Llama-3.1-8B-Instruct-HalfAbliterated-TIES/results_2024-09-19T08-18-53.778310.json,False,gaverfraxz/Meta-Llama-3.1-8B-Instruct-HalfAbliterated-TIES,metallama318binstructhalfabliteratedties,28.91423515333936,24,11.63141993957704,7,28.91423515333936,12.990936555891238,0.0,1.359516616314199
gbueno86_Brinebreath-Llama-3.1-70B,real_attachments/C_efficiency_evolution/detailed_results/gbueno86_Brinebreath-Llama-3.1-70B/results_2024-09-03T03-48-42.670969.json,False,gbueno86/Brinebreath-Llama-3.1-70B,brinebreathllama3170b,55.46361848802469,24,29.984894259818727,7,55.46361848802468,29.75830815709969,1.4210854715202004e-14,0.22658610271903612
gmonsoon_gemma2-9b-sahabatai-v1-instruct-BaseTIES,real_attachments/C_efficiency_evolution/detailed_results/gmonsoon_gemma2-9b-sahabatai-v1-instruct-BaseTIES/results_2024-11-20T02-23-13.828344.json,False,gmonsoon/gemma2-9b-sahabatai-v1-instruct-BaseTIES,gemma29bsahabataiv1instructbaseties,43.401341987357206,24,19.335347432024168,7,43.401341987357206,19.939577039274926,0.0,0.6042296072507582
godlikehhd_ifd_new_correct_all_sample_2500_qwen,real_attachments/C_efficiency_evolution/detailed_results/godlikehhd_ifd_new_correct_all_sample_2500_qwen/results_2024-12-31T09-00-40.891610.json,False,godlikehhd/ifd_new_correct_all_sample_2500_qwen,ifdnewcorrectallsample2500qwen,15.682840817827373,24,8.761329305135952,7,15.682840817827374,9.59214501510574,1.7763568394002505e-15,0.8308157099697873
godlikehhd_ifd_new_qwen_2500,real_attachments/C_efficiency_evolution/detailed_results/godlikehhd_ifd_new_qwen_2500/results_2024-12-31T04-09-10.782723.json,False,godlikehhd/ifd_new_qwen_2500,ifdnewqwen2500,17.63795023834911,24,10.120845921450151,7,17.63795023834911,11.178247734138973,0.0,1.0574018126888216
godlikehhd_qwen-2.5-1.5b-cherry,real_attachments/C_efficiency_evolution/detailed_results/godlikehhd_qwen-2.5-1.5b-cherry/results_2024-12-29T15-12-23.640073.json,False,godlikehhd/qwen-2.5-1.5b-cherry,qwen2515bcherry,16.323588748077064,24,9.667673716012084,7,16.323588748077068,10.196374622356496,3.552713678800501e-15,0.5287009063444117
google_codegemma-1.1-2b,real_attachments/C_efficiency_evolution/detailed_results/google_codegemma-1.1-2b/results_2024-08-13T09-01-51.651456.json,False,google/codegemma-1.1-2b,codegemma112b,7.551225280004151,24,0.6042296072507553,7,7.551225280004151,1.283987915407855,0.0,0.6797583081570998
google_gemma-1.1-2b-it,real_attachments/C_efficiency_evolution/detailed_results/google_gemma-1.1-2b-it/results_2024-06-17T09-00-56.334963.json,False,google/gemma-1.1-2b-it,gemma112bit,5.862826722774347,24,0.1510574018126888,7,5.862826722774347,1.812688821752266,0.0,1.6616314199395772
google_gemma-2-27b-it,real_attachments/C_efficiency_evolution/detailed_results/google_gemma-2-27b-it/results_2024-08-26T14-00-19.311199.json,False,google/gemma-2-27b-it,gemma227bit,49.272842151303855,24,0.6797583081570997,7,49.27284215130387,23.86706948640484,1.4210854715202004e-14,23.18731117824774
google_gemma-2-2b,real_attachments/C_efficiency_evolution/detailed_results/google_gemma-2-2b/results_2024-07-29T16-38-17.664954.json,False,google/gemma-2-2b,gemma22b,11.75580753223611,24,2.8700906344410875,7,,,,
google_gemma-2-2b-it,real_attachments/C_efficiency_evolution/detailed_results/google_gemma-2-2b-it/results_2024-07-29T16-25-50.870458.json,False,google/gemma-2-2b-it,gemma22bit,17.98079288152342,24,0.0755287009063444,7,,,,
google_gemma-2-2b-jpn-it,real_attachments/C_efficiency_evolution/detailed_results/google_gemma-2-2b-jpn-it/results_2024-10-11T13-51-38.420715.json,False,google/gemma-2-2b-jpn-it,gemma22bjpnit,18.525626449832735,24,3.474320241691843,7,,,,
google_gemma-7b-it,real_attachments/C_efficiency_evolution/detailed_results/google_gemma-7b-it/results_2024-06-16T15-52-57.979737.json,False,google/gemma-7b-it,gemma7bit,11.940832085290182,24,,0,11.940832085290182,2.9456193353474323,0.0,
google_recurrentgemma-9b,real_attachments/C_efficiency_evolution/detailed_results/google_recurrentgemma-9b/results_2024-07-04T22-34-03.508539.json,False,google/recurrentgemma-9b,recurrentgemma9b,14.79865942530326,24,4.833836858006042,7,15.323368888997411,6.646525679758309,0.5247094636941512,1.8126888217522668
google_recurrentgemma-9b-it,real_attachments/C_efficiency_evolution/detailed_results/google_recurrentgemma-9b-it/results_2024-07-05T20-12-40.169257.json,False,google/recurrentgemma-9b-it,recurrentgemma9bit,19.98729318470889,24,0.7552870090634441,7,21.62158008474012,6.646525679758309,1.6342869000312312,5.8912386706948645
grimjim_DeepSauerHuatuoSkywork-R1-o1-Llama-3.1-8B,real_attachments/C_efficiency_evolution/detailed_results/grimjim_DeepSauerHuatuoSkywork-R1-o1-Llama-3.1-8B/results_2025-02-01T09-55-26.563110.json,False,grimjim/DeepSauerHuatuoSkywork-R1-o1-Llama-3.1-8B,deepsauerhuatuoskyworkr1o1llama318b,32.76923482357124,24,21.978851963746223,7,32.76923482357123,22.20543806646526,7.105427357601002e-15,0.22658610271903612
grimjim_Gigantes-v2-gemma2-9b-it,real_attachments/C_efficiency_evolution/detailed_results/grimjim_Gigantes-v2-gemma2-9b-it/results_2024-12-29T16-40-54.211241.json,False,grimjim/Gigantes-v2-gemma2-9b-it,gigantesv2gemma29bit,42.70163259850296,24,4.758308157099698,7,42.70163259850296,20.166163141993955,0.0,15.407854984894257
grimjim_Gigantes-v3-gemma2-9b-it,real_attachments/C_efficiency_evolution/detailed_results/grimjim_Gigantes-v3-gemma2-9b-it/results_2024-12-29T22-04-51.345542.json,False,grimjim/Gigantes-v3-gemma2-9b-it,gigantesv3gemma29bit,42.79536776758766,24,5.966767371601208,7,42.795367767587656,20.996978851963743,7.105427357601002e-15,15.030211480362535
grimjim_HuatuoSkywork-o1-Llama-3.1-8B,real_attachments/C_efficiency_evolution/detailed_results/grimjim_HuatuoSkywork-o1-Llama-3.1-8B/results_2025-01-06T12-09-54.318043.json,False,grimjim/HuatuoSkywork-o1-Llama-3.1-8B,huatuoskyworko1llama318b,28.332777575588082,24,33.987915407854985,7,28.33277757558808,38.82175226586103,3.552713678800501e-15,4.833836858006045
grimjim_Llama-3-Instruct-8B-SPPO-Iter3-SimPO-merge,real_attachments/C_efficiency_evolution/detailed_results/grimjim_Llama-3-Instruct-8B-SPPO-Iter3-SimPO-merge/results_2024-08-12T16-20-28.765484.json,False,grimjim/Llama-3-Instruct-8B-SPPO-Iter3-SimPO-merge,llama3instruct8bsppoiter3simpomerge,28.2580149129877,24,9.365558912386707,7,28.258014912987704,9.969788519637463,3.552713678800501e-15,0.6042296072507565
grimjim_Llama-3.1-Bonsaikraft-8B-Instruct,real_attachments/C_efficiency_evolution/detailed_results/grimjim_Llama-3.1-Bonsaikraft-8B-Instruct/results_2025-01-25T04-57-46.509667.json,False,grimjim/Llama-3.1-Bonsaikraft-8B-Instruct,llama31bonsaikraft8binstruct,32.58754251798589,24,12.83987915407855,7,32.58754251798589,13.141993957703926,0.0,0.30211480362537557
grimjim_Llama-Nephilim-Metamorphosis-v2-8B,real_attachments/C_efficiency_evolution/detailed_results/grimjim_Llama-Nephilim-Metamorphosis-v2-8B/results_2025-01-02T22-56-26.602076.json,False,grimjim/Llama-Nephilim-Metamorphosis-v2-8B,llamanephilimmetamorphosisv28b,28.182462343559816,24,13.746223564954683,7,28.18246234355982,13.972809667673715,3.552713678800501e-15,0.22658610271903257
grimjim_Magot-v2-Gemma2-8k-9B,real_attachments/C_efficiency_evolution/detailed_results/grimjim_Magot-v2-Gemma2-8k-9B/results_2024-12-30T14-09-02.992490.json,False,grimjim/Magot-v2-Gemma2-8k-9B,magotv2gemma28k9b,41.45929075390555,24,0.0,7,41.45929075390556,20.166163141993955,1.4210854715202004e-14,20.166163141993955
grimjim_llama-3-Nephilim-v2-8B,real_attachments/C_efficiency_evolution/detailed_results/grimjim_llama-3-Nephilim-v2-8B/results_2024-09-18T15-30-41.248227.json,False,grimjim/llama-3-Nephilim-v2-8B,llama3nephilimv28b,29.89626384062019,24,9.516616314199396,7,29.8962638406202,10.649546827794564,1.0658141036401503e-14,1.1329305135951682
grimjim_llama-3-Nephilim-v2.1-8B,real_attachments/C_efficiency_evolution/detailed_results/grimjim_llama-3-Nephilim-v2.1-8B/results_2024-09-18T15-31-10.573478.json,False,grimjim/llama-3-Nephilim-v2.1-8B,llama3nephilimv218b,29.819664459910545,24,8.987915407854985,7,29.81966445991054,9.969788519637463,3.552713678800501e-15,0.9818731117824786
grimjim_llama-3-Nephilim-v3-8B,real_attachments/C_efficiency_evolution/detailed_results/grimjim_llama-3-Nephilim-v3-8B/results_2024-09-02T21-29-15.009684.json,False,grimjim/llama-3-Nephilim-v3-8B,llama3nephilimv38b,28.955635498374203,24,9.138972809667674,7,28.955635498374203,9.516616314199396,0.0,0.37764350453172213
gz987_qwen2.5-7b-cabs-v0.4,real_attachments/C_efficiency_evolution/detailed_results/gz987_qwen2.5-7b-cabs-v0.4/results_2025-02-18T15-56-13.630751.json,False,gz987/qwen2.5-7b-cabs-v0.4,qwen257bcabsv04,36.358438375339254,24,48.48942598187311,7,36.35843837533925,48.48942598187311,7.105427357601002e-15,0.0
hotmailuser_FalconSlerp2-7B,real_attachments/C_efficiency_evolution/detailed_results/hotmailuser_FalconSlerp2-7B/results_2024-12-23T14-32-27.002312.json,False,hotmailuser/FalconSlerp2-7B,falconslerp27b,36.81735294513948,24,26.661631419939575,7,36.81735294513948,29.83383685800604,0.0,3.1722054380664666
hotmailuser_FalconSlerp3-7B,real_attachments/C_efficiency_evolution/detailed_results/hotmailuser_FalconSlerp3-7B/results_2024-12-23T14-31-56.117330.json,False,hotmailuser/FalconSlerp3-7B,falconslerp37b,36.834016091662946,24,27.416918429003022,7,36.83401609166295,31.57099697885196,7.105427357601002e-15,4.154078549848936
hotmailuser_Gemma2Crono-27B,real_attachments/C_efficiency_evolution/detailed_results/hotmailuser_Gemma2Crono-27B/results_2024-12-04T04-36-27.482016.json,False,hotmailuser/Gemma2Crono-27B,gemma2crono27b,50.103411991298564,24,23.716012084592144,7,50.10341199129857,24.24471299093656,7.105427357601002e-15,0.5287009063444152
hotmailuser_Gemma2atlas-27B,real_attachments/C_efficiency_evolution/detailed_results/hotmailuser_Gemma2atlas-27B/results_2024-12-02T06-39-45.019030.json,False,hotmailuser/Gemma2atlas-27B,gemma2atlas27b,50.71327914306504,24,21.22356495468278,7,50.71327914306504,21.45015105740181,0.0,0.22658610271903257
hotmailuser_Llama-Hermes-slerp-8B,real_attachments/C_efficiency_evolution/detailed_results/hotmailuser_Llama-Hermes-slerp-8B/results_2024-12-23T15-03-34.457004.json,False,hotmailuser/Llama-Hermes-slerp-8B,llamahermesslerp8b,33.30931089323399,24,7.552870090634441,7,33.30931089323399,8.006042296072508,0.0,0.4531722054380669
hotmailuser_LlamaStock-8B,real_attachments/C_efficiency_evolution/detailed_results/hotmailuser_LlamaStock-8B/results_2025-01-08T14-58-46.780812.json,False,hotmailuser/LlamaStock-8B,llamastock8b,33.09114622817674,24,17.14501510574018,7,33.09114622817674,16.993957703927492,0.0,0.151057401812686
hotmailuser_Qwen2.5-HomerSlerp-7B,real_attachments/C_efficiency_evolution/detailed_results/hotmailuser_Qwen2.5-HomerSlerp-7B/results_2024-12-07T17-49-11.339082.json,False,hotmailuser/Qwen2.5-HomerSlerp-7B,qwen25homerslerp7b,37.40411935244851,24,32.62839879154079,7,37.40411935244851,33.157099697885194,0.0,0.5287009063444046
hotmailuser_QwenSlerp-14B,real_attachments/C_efficiency_evolution/detailed_results/hotmailuser_QwenSlerp-14B/results_2025-01-08T15-42-43.646675.json,False,hotmailuser/QwenSlerp-14B,qwenslerp14b,49.421941687332996,24,35.49848942598187,7,49.421941687333,38.36858006042296,7.105427357601002e-15,2.870090634441084
hotmailuser_QwenSlerp-7B,real_attachments/C_efficiency_evolution/detailed_results/hotmailuser_QwenSlerp-7B/results_2024-12-23T12-45-04.291866.json,False,hotmailuser/QwenSlerp-7B,qwenslerp7b,37.61925634545651,24,30.664652567975832,7,37.61925634545651,34.44108761329305,0.0,3.7764350453172177
hotmailuser_QwenSlerp2-14B,real_attachments/C_efficiency_evolution/detailed_results/hotmailuser_QwenSlerp2-14B/results_2025-01-08T15-19-32.893685.json,False,hotmailuser/QwenSlerp2-14B,qwenslerp214b,49.684327104915155,24,35.725075528700906,7,,,,
hotmailuser_QwenSparse-7B,real_attachments/C_efficiency_evolution/detailed_results/hotmailuser_QwenSparse-7B/results_2025-01-08T14-15-37.706847.json,False,hotmailuser/QwenSparse-7B,qwensparse7b,1.88717525781587,24,0.0,7,1.88717525781587,1.0574018126888218,0.0,1.0574018126888218
hotmailuser_QwenStock-1.7B,real_attachments/C_efficiency_evolution/detailed_results/hotmailuser_QwenStock-1.7B/results_2025-01-08T14-37-07.779979.json,False,hotmailuser/QwenStock-1.7B,qwenstock17b,17.740658716275128,24,8.006042296072508,7,17.74065871627513,9.969788519637463,3.552713678800501e-15,1.9637462235649554
hotmailuser_QwenStock1-14B,real_attachments/C_efficiency_evolution/detailed_results/hotmailuser_QwenStock1-14B/results_2025-01-08T15-38-22.540908.json,False,hotmailuser/QwenStock1-14B,qwenstock114b,49.5624388695875,24,32.779456193353475,7,,,,
huihui-ai_DeepSeek-R1-Distill-Qwen-14B-abliterated-v2,real_attachments/C_efficiency_evolution/detailed_results/huihui-ai_DeepSeek-R1-Distill-Qwen-14B-abliterated-v2/results_2025-01-29T05-41-09.046383.json,False,huihui-ai/DeepSeek-R1-Distill-Qwen-14B-abliterated-v2,deepseekr1distillqwen14babliteratedv2,8.72537349779457,24,0.0,7,8.72537349779457,22.05438066465257,0.0,22.05438066465257
iFaz_llama31_8B_en_emo_v4,real_attachments/C_efficiency_evolution/detailed_results/iFaz_llama31_8B_en_emo_v4/results_2025-02-28T20-05-25.513225.json,False,iFaz/llama31_8B_en_emo_v4,llama318benemov4,27.93118385237936,24,8.836858006042297,7,27.93118385237936,8.836858006042297,0.0,0.0
iFaz_llama32_1B_en_emo_v1,real_attachments/C_efficiency_evolution/detailed_results/iFaz_llama32_1B_en_emo_v1/results_2025-01-14T15-27-35.797200.json,False,iFaz/llama32_1B_en_emo_v1,llama321benemov1,7.281048316082201,24,1.812688821752266,7,7.2810483160822015,3.776435045317221,8.881784197001252e-16,1.9637462235649548
iFaz_llama32_3B_en_emo_2000_stp,real_attachments/C_efficiency_evolution/detailed_results/iFaz_llama32_3B_en_emo_2000_stp/results_2025-03-07T12-22-43.575886.json,False,iFaz/llama32_3B_en_emo_2000_stp,llama323benemo2000stp,23.416054848493687,24,15.332326283987916,7,23.416054848493687,15.332326283987916,0.0,0.0
iFaz_llama32_3B_en_emo_300_stp,real_attachments/C_efficiency_evolution/detailed_results/iFaz_llama32_3B_en_emo_300_stp/results_2025-03-07T10-26-09.297087.json,False,iFaz/llama32_3B_en_emo_300_stp,llama323benemo300stp,22.939796393832058,24,16.012084592145015,7,22.93979639383205,16.012084592145015,7.105427357601002e-15,0.0
iFaz_llama32_3B_en_emo_5000_stp,real_attachments/C_efficiency_evolution/detailed_results/iFaz_llama32_3B_en_emo_5000_stp/results_2025-03-08T13-11-39.019377.json,False,iFaz/llama32_3B_en_emo_5000_stp,llama323benemo5000stp,23.462261896367732,24,12.915407854984895,7,23.46226189636773,12.915407854984895,3.552713678800501e-15,0.0
iFaz_llama32_3B_en_emo_v3,real_attachments/C_efficiency_evolution/detailed_results/iFaz_llama32_3B_en_emo_v3/results_2025-02-28T06-09-36.993032.json,False,iFaz/llama32_3B_en_emo_v3,llama323benemov3,20.097149605636346,24,6.797583081570997,7,20.09714960563635,6.797583081570997,3.552713678800501e-15,0.0
ifable_gemma-2-Ifable-9B,real_attachments/C_efficiency_evolution/detailed_results/ifable_gemma-2-Ifable-9B/results_2024-09-27T17-11-40.930590.json,False,ifable/gemma-2-Ifable-9B,gemma2ifable9b,41.032644646265275,24,8.91238670694864,7,41.03264464626528,13.972809667673715,7.105427357601002e-15,5.0604229607250755
jayasuryajsk_Qwen2.5-3B-reasoner,real_attachments/C_efficiency_evolution/detailed_results/jayasuryajsk_Qwen2.5-3B-reasoner/results_2025-02-18T19-05-53.560318.json,False,jayasuryajsk/Qwen2.5-3B-reasoner,qwen253breasoner,25.2688279392506,24,20.84592145015106,7,25.2688279392506,20.84592145015106,0.0,0.0
jebish7_Llama-3-Nanda-10B-Chat,real_attachments/C_efficiency_evolution/detailed_results/jebish7_Llama-3-Nanda-10B-Chat/results_2025-02-18T16-16-25.862303.json,False,jebish7/Llama-3-Nanda-10B-Chat,llama3nanda10bchat,29.600465622828253,24,5.589123867069486,7,29.600465622828253,5.589123867069486,0.0,0.0
jebish7_Llama-3.1-8B-Instruct,real_attachments/C_efficiency_evolution/detailed_results/jebish7_Llama-3.1-8B-Instruct/results_2025-02-06T12-17-02.420246.json,False,jebish7/Llama-3.1-8B-Instruct,llama318binstruct,29.191619249410266,24,15.256797583081571,7,,,,
jebish7_gemma-2-9b-it,real_attachments/C_efficiency_evolution/detailed_results/jebish7_gemma-2-9b-it/results_2025-02-06T20-01-35.038625.json,False,jebish7/gemma-2-9b-it,gemma29bit,42.41412690099089,24,4.833836858006042,7,,,,
jeffmeloy_Qwen2.5-7B-minperplexity-2,real_attachments/C_efficiency_evolution/detailed_results/jeffmeloy_Qwen2.5-7B-minperplexity-2/results_2024-12-03T20-09-20.636372.json,False,jeffmeloy/Qwen2.5-7B-minperplexity-2,qwen257bminperplexity2,36.89009035044375,24,0.0755287009063444,7,36.89009035044375,30.13595166163142,0.0,30.060422960725077
jeffmeloy_Qwen2.5-7B-nerd-uncensored-v0.9,real_attachments/C_efficiency_evolution/detailed_results/jeffmeloy_Qwen2.5-7B-nerd-uncensored-v0.9/results_2024-11-13T03-54-51.081772.json,False,jeffmeloy/Qwen2.5-7B-nerd-uncensored-v0.9,qwen257bnerduncensoredv09,34.79159883396676,24,25.075528700906347,7,34.79159883396676,29.45619335347432,0.0,4.380664652567972
jeffmeloy_Qwen2.5-7B-nerd-uncensored-v1.0,real_attachments/C_efficiency_evolution/detailed_results/jeffmeloy_Qwen2.5-7B-nerd-uncensored-v1.0/results_2024-11-14T12-55-04.681817.json,False,jeffmeloy/Qwen2.5-7B-nerd-uncensored-v1.0,qwen257bnerduncensoredv10,34.737157075604436,24,0.1510574018126888,7,34.73715707560444,47.12990936555892,7.105427357601002e-15,46.97885196374624
jeffmeloy_Qwen2.5-7B-nerd-uncensored-v1.1,real_attachments/C_efficiency_evolution/detailed_results/jeffmeloy_Qwen2.5-7B-nerd-uncensored-v1.1/results_2024-11-10T05-48-20.418763.json,False,jeffmeloy/Qwen2.5-7B-nerd-uncensored-v1.1,qwen257bnerduncensoredv11,26.661152209882328,24,7.401812688821751,7,26.661152209882328,13.293051359516618,0.0,5.891238670694866
jeffmeloy_Qwen2.5-7B-nerd-uncensored-v1.2,real_attachments/C_efficiency_evolution/detailed_results/jeffmeloy_Qwen2.5-7B-nerd-uncensored-v1.2/results_2024-11-10T05-48-59.875913.json,False,jeffmeloy/Qwen2.5-7B-nerd-uncensored-v1.2,qwen257bnerduncensoredv12,27.660911941379894,24,10.574018126888216,7,27.660911941379897,12.084592145015106,3.552713678800501e-15,1.5105740181268903
jeffmeloy_Qwen2.5-7B-nerd-uncensored-v1.3,real_attachments/C_efficiency_evolution/detailed_results/jeffmeloy_Qwen2.5-7B-nerd-uncensored-v1.3/results_2024-11-10T05-52-36.690886.json,False,jeffmeloy/Qwen2.5-7B-nerd-uncensored-v1.3,qwen257bnerduncensoredv13,28.900263386108733,24,11.178247734138973,7,28.900263386108733,12.31117824773414,0.0,1.1329305135951682
jeffmeloy_Qwen2.5-7B-nerd-uncensored-v1.5,real_attachments/C_efficiency_evolution/detailed_results/jeffmeloy_Qwen2.5-7B-nerd-uncensored-v1.5/results_2024-11-20T01-39-50.321433.json,False,jeffmeloy/Qwen2.5-7B-nerd-uncensored-v1.5,qwen257bnerduncensoredv15,35.92532095316598,24,22.280966767371602,7,35.92532095316597,27.567975830815712,7.105427357601002e-15,5.28700906344411
jeffmeloy_Qwen2.5-7B-olm-v1.2,real_attachments/C_efficiency_evolution/detailed_results/jeffmeloy_Qwen2.5-7B-olm-v1.2/results_2025-01-01T22-43-57.626039.json,False,jeffmeloy/Qwen2.5-7B-olm-v1.2,qwen257bolmv12,36.44070084062748,24,27.719033232628398,7,36.44070084062748,28.47432024169184,0.0,0.7552870090634407
jeffmeloy_Qwen2.5-7B-olm-v1.3,real_attachments/C_efficiency_evolution/detailed_results/jeffmeloy_Qwen2.5-7B-olm-v1.3/results_2025-01-18T04-41-41.249302.json,False,jeffmeloy/Qwen2.5-7B-olm-v1.3,qwen257bolmv13,36.402480841973684,24,29.38066465256798,7,36.40248084197368,31.04229607250756,7.105427357601002e-15,1.6616314199395816
jeffmeloy_Qwen2.5-7B-olm-v1.5,real_attachments/C_efficiency_evolution/detailed_results/jeffmeloy_Qwen2.5-7B-olm-v1.5/results_2025-02-27T09-43-53.906040.json,False,jeffmeloy/Qwen2.5-7B-olm-v1.5,qwen257bolmv15,36.63313094998246,24,28.172205438066467,7,36.63313094998246,28.172205438066467,0.0,0.0
jiangxinyang-shanda_Homer-LLama3-8B,real_attachments/C_efficiency_evolution/detailed_results/jiangxinyang-shanda_Homer-LLama3-8B/results_2024-11-10T09-58-15.357580.json,False,jiangxinyang-shanda/Homer-LLama3-8B,homerllama38b,31.698975087013203,24,2.492447129909366,7,31.69897508701321,8.610271903323262,7.105427357601002e-15,6.117824773413897
jlzhou_Qwen2.5-3B-Infinity-Instruct-0625,real_attachments/C_efficiency_evolution/detailed_results/jlzhou_Qwen2.5-3B-Infinity-Instruct-0625/results_2025-02-07T16-35-38.330845.json,False,jlzhou/Qwen2.5-3B-Infinity-Instruct-0625,qwen253binfinityinstruct0625,26.914542436180227,24,2.039274924471299,7,26.914542436180227,13.670694864048338,0.0,11.63141993957704
johnsutor_Llama-3-8B-Instruct_breadcrumbs-density-0.1-gamma-0.01,real_attachments/C_efficiency_evolution/detailed_results/johnsutor_Llama-3-8B-Instruct_breadcrumbs-density-0.1-gamma-0.01/results_2024-07-22T11-05-35.403491.json,False,johnsutor/Llama-3-8B-Instruct_breadcrumbs-density-0.1-gamma-0.01,llama38binstructbreadcrumbsdensity01gamma001,29.550013804457738,24,3.7009063444108756,7,29.55001380445773,4.531722054380665,7.105427357601002e-15,0.830815709969789
johnsutor_Llama-3-8B-Instruct_breadcrumbs-density-0.1-gamma-0.1,real_attachments/C_efficiency_evolution/detailed_results/johnsutor_Llama-3-8B-Instruct_breadcrumbs-density-0.1-gamma-0.1/results_2024-07-25T22-26-52.820949.json,False,johnsutor/Llama-3-8B-Instruct_breadcrumbs-density-0.1-gamma-0.1,llama38binstructbreadcrumbsdensity01gamma01,28.607718394442788,24,8.534743202416918,7,28.607718394442788,9.667673716012084,0.0,1.1329305135951664
johnsutor_Llama-3-8B-Instruct_breadcrumbs-density-0.5-gamma-0.01,real_attachments/C_efficiency_evolution/detailed_results/johnsutor_Llama-3-8B-Instruct_breadcrumbs-density-0.5-gamma-0.01/results_2024-07-18T12-27-23.979317.json,False,johnsutor/Llama-3-8B-Instruct_breadcrumbs-density-0.5-gamma-0.01,llama38binstructbreadcrumbsdensity05gamma001,27.665794638508444,24,0.0,7,27.665794638508448,0.3776435045317221,3.552713678800501e-15,0.3776435045317221
johnsutor_Llama-3-8B-Instruct_breadcrumbs-density-0.5-gamma-0.1,real_attachments/C_efficiency_evolution/detailed_results/johnsutor_Llama-3-8B-Instruct_breadcrumbs-density-0.5-gamma-0.1/results_2024-07-25T17-44-56.707499.json,False,johnsutor/Llama-3-8B-Instruct_breadcrumbs-density-0.5-gamma-0.1,llama38binstructbreadcrumbsdensity05gamma01,30.854731427683628,24,6.873111782477341,7,30.854731427683628,8.006042296072508,0.0,1.1329305135951664
johnsutor_Llama-3-8B-Instruct_breadcrumbs-density-0.7-gamma-0.01,real_attachments/C_efficiency_evolution/detailed_results/johnsutor_Llama-3-8B-Instruct_breadcrumbs-density-0.7-gamma-0.01/results_2024-07-22T11-15-24.947259.json,False,johnsutor/Llama-3-8B-Instruct_breadcrumbs-density-0.7-gamma-0.01,llama38binstructbreadcrumbsdensity07gamma001,27.16443115792157,24,0.0,7,27.16443115792157,0.2265861027190332,0.0,0.2265861027190332
johnsutor_Llama-3-8B-Instruct_breadcrumbs-density-0.7-gamma-0.1,real_attachments/C_efficiency_evolution/detailed_results/johnsutor_Llama-3-8B-Instruct_breadcrumbs-density-0.7-gamma-0.1/results_2024-07-22T10-53-11.821902.json,False,johnsutor/Llama-3-8B-Instruct_breadcrumbs-density-0.7-gamma-0.1,llama38binstructbreadcrumbsdensity07gamma01,31.163507714744892,24,6.042296072507553,7,31.16350771474489,6.268882175226587,3.552713678800501e-15,0.22658610271903346
johnsutor_Llama-3-8B-Instruct_breadcrumbs_ties-density-0.1-gamma-0.01,real_attachments/C_efficiency_evolution/detailed_results/johnsutor_Llama-3-8B-Instruct_breadcrumbs_ties-density-0.1-gamma-0.01/results_2024-07-22T10-53-56.880012.json,False,johnsutor/Llama-3-8B-Instruct_breadcrumbs_ties-density-0.1-gamma-0.01,llama38binstructbreadcrumbstiesdensity01gamma001,29.530012820716834,24,4.305135951661631,7,29.53001282071684,4.833836858006042,7.105427357601002e-15,0.5287009063444108
johnsutor_Llama-3-8B-Instruct_breadcrumbs_ties-density-0.5-gamma-0.01,real_attachments/C_efficiency_evolution/detailed_results/johnsutor_Llama-3-8B-Instruct_breadcrumbs_ties-density-0.5-gamma-0.01/results_2024-07-26T05-39-04.636359.json,False,johnsutor/Llama-3-8B-Instruct_breadcrumbs_ties-density-0.5-gamma-0.01,llama38binstructbreadcrumbstiesdensity05gamma001,29.320607513658743,24,1.0574018126888216,7,29.32060751365874,2.190332326283988,3.552713678800501e-15,1.1329305135951664
johnsutor_Llama-3-8B-Instruct_breadcrumbs_ties-density-0.5-gamma-0.1,real_attachments/C_efficiency_evolution/detailed_results/johnsutor_Llama-3-8B-Instruct_breadcrumbs_ties-density-0.5-gamma-0.1/results_2024-07-25T17-23-23.363454.json,False,johnsutor/Llama-3-8B-Instruct_breadcrumbs_ties-density-0.5-gamma-0.1,llama38binstructbreadcrumbstiesdensity05gamma01,30.693077471988918,24,6.873111782477341,7,30.69307747198892,8.08157099697885,3.552713678800501e-15,1.2084592145015094
johnsutor_Llama-3-8B-Instruct_breadcrumbs_ties-density-0.7-gamma-0.01,real_attachments/C_efficiency_evolution/detailed_results/johnsutor_Llama-3-8B-Instruct_breadcrumbs_ties-density-0.7-gamma-0.01/results_2024-07-25T21-50-59.490636.json,False,johnsutor/Llama-3-8B-Instruct_breadcrumbs_ties-density-0.7-gamma-0.01,llama38binstructbreadcrumbstiesdensity07gamma001,28.739266057268598,24,0.5287009063444109,7,28.7392660572686,1.4350453172205435,3.552713678800501e-15,0.9063444108761326
johnsutor_Llama-3-8B-Instruct_breadcrumbs_ties-density-0.9-gamma-0.01,real_attachments/C_efficiency_evolution/detailed_results/johnsutor_Llama-3-8B-Instruct_breadcrumbs_ties-density-0.9-gamma-0.01/results_2024-07-25T21-10-19.778206.json,False,johnsutor/Llama-3-8B-Instruct_breadcrumbs_ties-density-0.9-gamma-0.01,llama38binstructbreadcrumbstiesdensity09gamma001,28.21937327367114,24,0.0,7,28.219373273671145,1.0574018126888218,7.105427357601002e-15,1.0574018126888218
johnsutor_Llama-3-8B-Instruct_breadcrumbs_ties-density-0.9-gamma-0.1,real_attachments/C_efficiency_evolution/detailed_results/johnsutor_Llama-3-8B-Instruct_breadcrumbs_ties-density-0.9-gamma-0.1/results_2024-07-22T11-17-36.167672.json,False,johnsutor/Llama-3-8B-Instruct_breadcrumbs_ties-density-0.9-gamma-0.1,llama38binstructbreadcrumbstiesdensity09gamma01,30.841602413783736,24,6.948640483383686,7,30.841602413783743,7.779456193353475,7.105427357601002e-15,0.830815709969789
johnsutor_Llama-3-8B-Instruct_linear,real_attachments/C_efficiency_evolution/detailed_results/johnsutor_Llama-3-8B-Instruct_linear/results_2024-07-26T05-49-40.770735.json,False,johnsutor/Llama-3-8B-Instruct_linear,llama38binstructlinear,28.778577217548467,24,9.06344410876133,7,28.778577217548463,10.045317220543806,3.552713678800501e-15,0.9818731117824768
johnsutor_Llama-3-8B-Instruct_ties-density-0.1,real_attachments/C_efficiency_evolution/detailed_results/johnsutor_Llama-3-8B-Instruct_ties-density-0.1/results_2024-07-26T04-03-34.116430.json,False,johnsutor/Llama-3-8B-Instruct_ties-density-0.1,llama38binstructtiesdensity01,28.768718884316492,24,7.099697885196375,7,28.76871888431649,7.930513595166164,3.552713678800501e-15,0.830815709969789
johnsutor_Llama-3-8B-Instruct_ties-density-0.7,real_attachments/C_efficiency_evolution/detailed_results/johnsutor_Llama-3-8B-Instruct_ties-density-0.7/results_2024-07-26T03-41-46.435458.json,False,johnsutor/Llama-3-8B-Instruct_ties-density-0.7,llama38binstructtiesdensity07,25.371407671115207,24,5.740181268882175,7,25.371407671115207,6.722054380664652,0.0,0.9818731117824768
kayfour_T3Q-Qwen2.5-7B-it-KOR-Safe,real_attachments/C_efficiency_evolution/detailed_results/kayfour_T3Q-Qwen2.5-7B-it-KOR-Safe/results_2025-02-24T23-12-05.080927.json,False,kayfour/T3Q-Qwen2.5-7B-it-KOR-Safe,t3qqwen257bitkorsafe,36.45157980184221,24,37.61329305135951,7,36.45157980184221,37.61329305135951,0.0,0.0
keeeeenw_MicroLlama,real_attachments/C_efficiency_evolution/detailed_results/keeeeenw_MicroLlama/results_2024-09-16T04-12-27.701485.json,False,keeeeenw/MicroLlama,microllama,2.831363636363637,24,0.0,7,2.831363636363637,1.1329305135951662,0.0,1.1329305135951662
kevin009_llamaRAGdrama,real_attachments/C_efficiency_evolution/detailed_results/kevin009_llamaRAGdrama/results_2024-08-13T01-41-28.966642.json,False,kevin009/llamaRAGdrama,llamaragdrama,16.637813694151937,24,3.3987915407854987,7,16.637813694151937,4.305135951661631,0.0,0.9063444108761325
khoantap_llama-3-8b-stock-merge,real_attachments/C_efficiency_evolution/detailed_results/khoantap_llama-3-8b-stock-merge/results_2025-01-21T20-42-27.642353.json,False,khoantap/llama-3-8b-stock-merge,llama38bstockmerge,30.760623629541772,24,16.012084592145015,7,30.76062362954177,16.1631419939577,3.552713678800501e-15,0.151057401812686
khoantap_llama-linear-0.5-0.5-1-merge,real_attachments/C_efficiency_evolution/detailed_results/khoantap_llama-linear-0.5-0.5-1-merge/results_2025-01-21T16-21-35.674922.json,False,khoantap/llama-linear-0.5-0.5-1-merge,llamalinear05051merge,38.20585226683992,24,20.166163141993955,7,38.20585226683991,20.54380664652568,7.105427357601002e-15,0.3776435045317257
khoantap_llama-linear-0.5-1-0.5-merge,real_attachments/C_efficiency_evolution/detailed_results/khoantap_llama-linear-0.5-1-0.5-merge/results_2025-01-21T16-53-28.419235.json,False,khoantap/llama-linear-0.5-1-0.5-merge,llamalinear05105merge,42.291470475975416,24,14.72809667673716,7,42.29147047597542,14.803625377643504,7.105427357601002e-15,0.07552870090634478
khoantap_llama-slerp-merge,real_attachments/C_efficiency_evolution/detailed_results/khoantap_llama-slerp-merge/results_2025-01-21T16-55-28.551903.json,False,khoantap/llama-slerp-merge,llamaslerpmerge,39.91531358821764,24,8.157099697885197,7,39.91531358821765,8.308157099697885,7.105427357601002e-15,0.15105740181268779
khulaifi95_Llama-3.1-8B-Reason-Blend-888k,real_attachments/C_efficiency_evolution/detailed_results/khulaifi95_Llama-3.1-8B-Reason-Blend-888k/results_2024-12-27T08-01-29.233950.json,False,khulaifi95/Llama-3.1-8B-Reason-Blend-888k,llama318breasonblend888k,26.547568201488424,24,11.178247734138973,7,26.547568201488428,11.555891238670696,3.552713678800501e-15,0.3776435045317239
kms7530_chemeng_llama-3-8b-Instruct-bnb-4bit_24_1_100_1,real_attachments/C_efficiency_evolution/detailed_results/kms7530_chemeng_llama-3-8b-Instruct-bnb-4bit_24_1_100_1/results_2024-10-15T06-58-05.271446.json,False,kms7530/chemeng_llama-3-8b-Instruct-bnb-4bit_24_1_100_1,chemengllama38binstructbnb4bit2411001,19.079190454097787,24,3.096676737160121,7,19.079190454097787,6.193353474320242,0.0,3.096676737160121
kms7530_chemeng_qwen-math-7b_24_1_100_1_nonmath,real_attachments/C_efficiency_evolution/detailed_results/kms7530_chemeng_qwen-math-7b_24_1_100_1_nonmath/results_2024-11-22T02-26-03.950276.json,False,kms7530/chemeng_qwen-math-7b_24_1_100_1_nonmath,chemengqwenmath7b2411001nonmath,14.135344732061386,24,28.625377643504528,7,14.135344732061384,30.966767371601208,1.7763568394002505e-15,2.3413897280966793
langgptai_Qwen-las-v0.1,real_attachments/C_efficiency_evolution/detailed_results/langgptai_Qwen-las-v0.1/results_2024-09-14T05-01-27.615839.json,False,langgptai/Qwen-las-v0.1,qwenlasv01,14.698639898107366,24,1.9637462235649545,7,14.698639898107368,3.700906344410876,1.7763568394002505e-15,1.7371601208459215
langgptai_qwen1.5-7b-chat-sa-v0.1,real_attachments/C_efficiency_evolution/detailed_results/langgptai_qwen1.5-7b-chat-sa-v0.1/results_2024-09-14T04-40-26.591950.json,False,langgptai/qwen1.5-7b-chat-sa-v0.1,qwen157bchatsav01,20.302342129934097,24,3.0211480362537766,7,20.302342129934097,3.0211480362537766,0.0,0.0
lars1234_Mistral-Small-24B-Instruct-2501-writer,real_attachments/C_efficiency_evolution/detailed_results/lars1234_Mistral-Small-24B-Instruct-2501-writer/results_2025-03-07T11-12-43.340060.json,False,lars1234/Mistral-Small-24B-Instruct-2501-writer,mistralsmall24binstruct2501writer,52.78404012259051,24,35.57401812688822,7,52.78404012259051,35.57401812688822,0.0,0.0
lemon07r_Gemma-2-Ataraxy-9B,real_attachments/C_efficiency_evolution/detailed_results/lemon07r_Gemma-2-Ataraxy-9B/results_2024-09-03T02-22-52.690100.json,False,lemon07r/Gemma-2-Ataraxy-9B,gemma2ataraxy9b,42.03199052898647,24,0.8308157099697886,7,42.03199052898647,8.534743202416918,0.0,7.703927492447129
lemon07r_Gemma-2-Ataraxy-Advanced-9B,real_attachments/C_efficiency_evolution/detailed_results/lemon07r_Gemma-2-Ataraxy-Advanced-9B/results_2024-10-02T04-48-56.751637.json,False,lemon07r/Gemma-2-Ataraxy-Advanced-9B,gemma2ataraxyadvanced9b,41.16143815473681,24,0.1510574018126888,7,41.16143815473681,19.78851963746224,0.0,19.63746223564955
lemon07r_Gemma-2-Ataraxy-v3j-9B,real_attachments/C_efficiency_evolution/detailed_results/lemon07r_Gemma-2-Ataraxy-v3j-9B/results_2024-10-09T12-11-13.469254.json,False,lemon07r/Gemma-2-Ataraxy-v3j-9B,gemma2ataraxyv3j9b,38.166569199496166,24,0.0755287009063444,7,38.16656919949616,16.91842900302115,7.105427357601002e-15,16.842900302114806
lemon07r_Gemma-2-Ataraxy-v4-Advanced-9B,real_attachments/C_efficiency_evolution/detailed_results/lemon07r_Gemma-2-Ataraxy-v4-Advanced-9B/results_2024-10-15T17-45-28.399685.json,False,lemon07r/Gemma-2-Ataraxy-v4-Advanced-9B,gemma2ataraxyv4advanced9b,43.181897224805034,24,6.117824773413897,7,43.18189722480503,21.52567975830816,7.105427357601002e-15,15.407854984894264
lemon07r_Gemma-2-Ataraxy-v4b-9B,real_attachments/C_efficiency_evolution/detailed_results/lemon07r_Gemma-2-Ataraxy-v4b-9B/results_2024-10-23T19-06-41.963096.json,False,lemon07r/Gemma-2-Ataraxy-v4b-9B,gemma2ataraxyv4b9b,43.4427393079299,24,8.836858006042297,7,43.44273930792989,23.338368580060425,7.105427357601002e-15,14.501510574018129
lemon07r_Gemma-2-Ataraxy-v4c-9B,real_attachments/C_efficiency_evolution/detailed_results/lemon07r_Gemma-2-Ataraxy-v4c-9B/results_2024-10-16T19-20-43.025260.json,False,lemon07r/Gemma-2-Ataraxy-v4c-9B,gemma2ataraxyv4c9b,44.125366506740946,24,17.97583081570997,7,44.12536650674094,22.658610271903324,7.105427357601002e-15,4.682779456193355
lemon07r_Llama-3-RedMagic4-8B,real_attachments/C_efficiency_evolution/detailed_results/lemon07r_Llama-3-RedMagic4-8B/results_2024-07-25T13-29-35.436402.json,False,lemon07r/Llama-3-RedMagic4-8B,llama3redmagic48b,19.475746974326068,24,8.308157099697885,7,19.475746974326068,8.987915407854985,0.0,0.6797583081570995
lemon07r_llama-3-NeuralMahou-8b,real_attachments/C_efficiency_evolution/detailed_results/lemon07r_llama-3-NeuralMahou-8b/results_2024-08-13T08-55-19.395372.json,False,lemon07r/llama-3-NeuralMahou-8b,llama3neuralmahou8b,18.69206874721008,24,9.516616314199396,7,18.69206874721008,10.196374622356496,0.0,0.6797583081570995
lightblue_suzume-llama-3-8B-multilingual,real_attachments/C_efficiency_evolution/detailed_results/lightblue_suzume-llama-3-8B-multilingual/results_2024-08-12T10-41-49.479020.json,False,lightblue/suzume-llama-3-8B-multilingual,suzumellama38bmultilingual,28.89509203723778,24,7.854984894259818,7,28.895092037237777,9.441087613293051,3.552713678800501e-15,1.5861027190332333
lightblue_suzume-llama-3-8B-multilingual-orpo-borda-half,real_attachments/C_efficiency_evolution/detailed_results/lightblue_suzume-llama-3-8B-multilingual-orpo-borda-half/results_2024-07-25T14-17-45.167820.json,False,lightblue/suzume-llama-3-8B-multilingual-orpo-borda-half,suzumellama38bmultilingualorpobordahalf,26.34859792572119,24,7.7039274924471295,7,26.34859792572119,9.06344410876133,0.0,1.3595166163141998
lightblue_suzume-llama-3-8B-multilingual-orpo-borda-top25,real_attachments/C_efficiency_evolution/detailed_results/lightblue_suzume-llama-3-8B-multilingual-orpo-borda-top25/results_2024-07-25T14-18-43.997470.json,False,lightblue/suzume-llama-3-8B-multilingual-orpo-borda-top25,suzumellama38bmultilingualorpobordatop25,27.66528501530011,24,8.534743202416918,7,27.66528501530012,10.42296072507553,1.0658141036401503e-14,1.8882175226586124
lkoenig_BBAI_200_Gemma,real_attachments/C_efficiency_evolution/detailed_results/lkoenig_BBAI_200_Gemma/results_2025-02-27T11-24-52.773192.json,False,lkoenig/BBAI_200_Gemma,bbai200gemma,9.395846417818936,24,0.0,7,9.395846417818936,0.0,0.0,0.0
lkoenig_BBAI_456_QwenKoen,real_attachments/C_efficiency_evolution/detailed_results/lkoenig_BBAI_456_QwenKoen/results_2025-03-01T16-19-14.615825.json,False,lkoenig/BBAI_456_QwenKoen,bbai456qwenkoen,36.549146151614444,24,36.85800604229607,7,36.54914615161445,36.85800604229607,7.105427357601002e-15,0.0
lkoenig_BBAI_7B_KoenQwenDyan,real_attachments/C_efficiency_evolution/detailed_results/lkoenig_BBAI_7B_KoenQwenDyan/results_2025-03-08T20-01-53.125995.json,False,lkoenig/BBAI_7B_KoenQwenDyan,bbai7bkoenqwendyan,36.24572277626619,24,37.38670694864049,7,36.2457227762662,37.38670694864049,7.105427357601002e-15,0.0
lkoenig_BBAI_7B_Qwen2.5koen,real_attachments/C_efficiency_evolution/detailed_results/lkoenig_BBAI_7B_Qwen2.5koen/results_2025-03-01T17-02-53.917814.json,False,lkoenig/BBAI_7B_Qwen2.5koen,bbai7bqwen25koen,36.307407586886015,24,36.5558912386707,7,36.307407586886015,36.5558912386707,0.0,0.0
lkoenig_BBAI_7B_QwenDyanKoenLo,real_attachments/C_efficiency_evolution/detailed_results/lkoenig_BBAI_7B_QwenDyanKoenLo/results_2025-03-08T19-57-59.849642.json,False,lkoenig/BBAI_7B_QwenDyanKoenLo,bbai7bqwendyankoenlo,36.678248178013995,24,36.40483383685801,7,36.678248178014,36.40483383685801,7.105427357601002e-15,0.0
llmat_Mistral-v0.3-7B-ORPO,real_attachments/C_efficiency_evolution/detailed_results/llmat_Mistral-v0.3-7B-ORPO/results_2024-08-12T12-37-49.752603.json,False,llmat/Mistral-v0.3-7B-ORPO,mistralv037borpo,14.863158519115407,24,0.5287009063444109,7,,,,
magnifi_Phi3_intent_v56_3_w_unknown_5_lr_0.002,real_attachments/C_efficiency_evolution/detailed_results/magnifi_Phi3_intent_v56_3_w_unknown_5_lr_0.002/results_2025-03-10T21-31-33.519419.json,False,magnifi/Phi3_intent_v56_3_w_unknown_5_lr_0.002,phi3intentv563wunknown5lr0002,5.851019142844941,24,0.0,7,5.851019142844943,0.0,1.7763568394002505e-15,0.0
maldv_badger-lambda-llama-3-8b,real_attachments/C_efficiency_evolution/detailed_results/maldv_badger-lambda-llama-3-8b/results_2024-07-18T22-08-35.167678.json,False,maldv/badger-lambda-llama-3-8b,badgerlambdallama38b,28.103050014353713,24,8.308157099697885,7,28.10305001435372,9.441087613293051,7.105427357601002e-15,1.1329305135951664
marcuscedricridia_Hush-Qwen2.5-7B-MST,real_attachments/C_efficiency_evolution/detailed_results/marcuscedricridia_Hush-Qwen2.5-7B-MST/results_2025-03-09T12-03-06.802478.json,False,marcuscedricridia/Hush-Qwen2.5-7B-MST,hushqwen257bmst,35.35007344104428,24,42.44712990936556,7,35.35007344104428,42.44712990936556,0.0,0.0
marcuscedricridia_Hush-Qwen2.5-7B-MST-v1.3,real_attachments/C_efficiency_evolution/detailed_results/marcuscedricridia_Hush-Qwen2.5-7B-MST-v1.3/results_2025-03-09T12-51-36.770537.json,False,marcuscedricridia/Hush-Qwen2.5-7B-MST-v1.3,hushqwen257bmstv13,36.45190695170704,24,47.583081570996974,7,36.45190695170704,47.583081570996974,0.0,0.0
marcuscedricridia_Hush-Qwen2.5-7B-Preview,real_attachments/C_efficiency_evolution/detailed_results/marcuscedricridia_Hush-Qwen2.5-7B-Preview/results_2025-03-07T02-14-20.812691.json,False,marcuscedricridia/Hush-Qwen2.5-7B-Preview,hushqwen257bpreview,35.328756470489466,24,37.53776435045317,7,35.32875647048946,37.53776435045317,7.105427357601002e-15,0.0
marcuscedricridia_Hush-Qwen2.5-7B-RP-v1.4-1M,real_attachments/C_efficiency_evolution/detailed_results/marcuscedricridia_Hush-Qwen2.5-7B-RP-v1.4-1M/results_2025-03-10T18-54-33.706076.json,False,marcuscedricridia/Hush-Qwen2.5-7B-RP-v1.4-1M,hushqwen257brpv141m,32.68179906326954,24,33.68580060422961,7,32.681799063269544,33.68580060422961,7.105427357601002e-15,0.0
marcuscedricridia_Hush-Qwen2.5-7B-v1.1,real_attachments/C_efficiency_evolution/detailed_results/marcuscedricridia_Hush-Qwen2.5-7B-v1.1/results_2025-03-08T14-26-26.531812.json,False,marcuscedricridia/Hush-Qwen2.5-7B-v1.1,hushqwen257bv11,34.40003587057092,24,43.80664652567976,7,34.40003587057091,43.80664652567976,7.105427357601002e-15,0.0
marcuscedricridia_Hush-Qwen2.5-7B-v1.3,real_attachments/C_efficiency_evolution/detailed_results/marcuscedricridia_Hush-Qwen2.5-7B-v1.3/results_2025-03-08T18-53-52.937772.json,False,marcuscedricridia/Hush-Qwen2.5-7B-v1.3,hushqwen257bv13,33.96881934058691,24,33.23262839879154,7,33.96881934058692,33.23262839879154,7.105427357601002e-15,0.0
marcuscedricridia_Qwen2.5-7B-Preview,real_attachments/C_efficiency_evolution/detailed_results/marcuscedricridia_Qwen2.5-7B-Preview/results_2025-03-09T15-22-35.247692.json,False,marcuscedricridia/Qwen2.5-7B-Preview,qwen257bpreview,33.85996689538109,24,34.44108761329305,7,33.85996689538109,34.44108761329305,0.0,0.0
marcuscedricridia_Yell-Qwen2.5-7B-Preview-v1.1,real_attachments/C_efficiency_evolution/detailed_results/marcuscedricridia_Yell-Qwen2.5-7B-Preview-v1.1/results_2025-03-08T08-51-49.160851.json,False,marcuscedricridia/Yell-Qwen2.5-7B-Preview-v1.1,yellqwen257bpreviewv11,34.15662850738155,24,18.957703927492446,7,34.15662850738155,18.95770392749245,0.0,3.552713678800501e-15
mattshumer_Reflection-Llama-3.1-70B,real_attachments/C_efficiency_evolution/detailed_results/mattshumer_Reflection-Llama-3.1-70B/results_2024-09-09T18-34-06.815867.json,False,mattshumer/Reflection-Llama-3.1-70B,reflectionllama3170b,47.86623716674634,24,12.084592145015106,7,,,,
meditsolutions_Llama-3.2-SUN-1B-chat,real_attachments/C_efficiency_evolution/detailed_results/meditsolutions_Llama-3.2-SUN-1B-chat/results_2024-11-06T17-51-53.110040.json,False,meditsolutions/Llama-3.2-SUN-1B-chat,llama32sun1bchat,9.037068021674493,24,4.758308157099698,7,8.690237956315015,6.419939577039275,0.34683006535947847,1.6616314199395772
meditsolutions_Llama-3.2-SUN-2.4B-checkpoint-34800,real_attachments/C_efficiency_evolution/detailed_results/meditsolutions_Llama-3.2-SUN-2.4B-checkpoint-34800/results_2024-10-05T13-51-49.717401.json,False,meditsolutions/Llama-3.2-SUN-2.4B-checkpoint-34800,llama32sun24bcheckpoint34800,5.466179719646344,24,0.1510574018126888,7,5.466179719646344,1.0574018126888218,0.0,0.906344410876133
meditsolutions_Llama-3.2-SUN-2.5B-chat,real_attachments/C_efficiency_evolution/detailed_results/meditsolutions_Llama-3.2-SUN-2.5B-chat/results_2024-10-24T00-00-00.000000.json,False,meditsolutions/Llama-3.2-SUN-2.5B-chat,llama32sun25bchat,9.40909318881213,24,1.283987915407855,7,9.40909318881213,7.099697885196375,0.0,5.81570996978852
meta-llama_Llama-2-13b-hf,real_attachments/C_efficiency_evolution/detailed_results/meta-llama_Llama-2-13b-hf/results_2024-06-17T11-35-38.123827.json,False,meta-llama/Llama-2-13b-hf,llama213b,17.222559825058127,24,1.0574018126888218,7,17.222559825058127,1.5105740181268883,0.0,0.45317220543806647
meta-llama_Llama-2-70b-chat-hf,real_attachments/C_efficiency_evolution/detailed_results/meta-llama_Llama-2-70b-chat-hf/results_2024-06-17T09-38-51.358362.json,False,meta-llama/Llama-2-70b-chat-hf,llama270bchat,4.613767082590612,24,0.906344410876133,7,4.613767082590614,2.9456193353474323,1.7763568394002505e-15,2.0392749244712993
meta-llama_Llama-2-70b-hf,real_attachments/C_efficiency_evolution/detailed_results/meta-llama_Llama-2-70b-hf/results_2024-06-17T14-10-55.365075.json,False,meta-llama/Llama-2-70b-hf,llama270b,35.900061863721675,24,2.492447129909366,7,35.900061863721675,3.2477341389728096,0.0,0.7552870090634438
meta-llama_Llama-2-7b-chat-hf,real_attachments/C_efficiency_evolution/detailed_results/meta-llama_Llama-2-7b-chat-hf/results_2024-06-17T15-57-01.774754.json,False,meta-llama/Llama-2-7b-chat-hf,llama27bchat,4.486524587135954,24,0.6797583081570997,7,4.459171645959485,1.9637462235649543,0.02735294117646969,1.2839879154078546
meta-llama_Llama-3.1-70B,real_attachments/C_efficiency_evolution/detailed_results/meta-llama_Llama-3.1-70B/results_2024-07-18T20-24-37.562222.json,False,meta-llama/Llama-3.1-70B,llama3170b,46.39941295581888,24,16.691842900302113,7,46.39941295581887,18.42900302114804,1.4210854715202004e-14,1.7371601208459282
meta-llama_Llama-3.1-70B-Instruct,real_attachments/C_efficiency_evolution/detailed_results/meta-llama_Llama-3.1-70B-Instruct/results_2024-07-19T19-54-46.793254.json,False,meta-llama/Llama-3.1-70B-Instruct,llama3170binstruct,54.45224441210325,24,2.719033232628399,7,55.92799173898473,38.06646525679759,1.475747326881482,35.347432024169194
meta-llama_Llama-3.1-8B-Instruct,real_attachments/C_efficiency_evolution/detailed_results/meta-llama_Llama-3.1-8B-Instruct/results_2025-02-06T09-49-35.437423.json,False,meta-llama/Llama-3.1-8B-Instruct,llama318binstruct,29.37919249733404,24,15.407854984894257,7,,,,
meta-llama_Llama-3.2-1B,real_attachments/C_efficiency_evolution/detailed_results/meta-llama_Llama-3.2-1B/results_2024-09-23T09-45-37.626278.json,False,meta-llama/Llama-3.2-1B,llama321b,4.366029656556755,24,0.22658610271903326,7,4.366029656556756,1.2084592145015105,8.881784197001252e-16,0.9818731117824773
meta-llama_Llama-3.2-3B-Instruct,real_attachments/C_efficiency_evolution/detailed_results/meta-llama_Llama-3.2-3B-Instruct/results_2024-09-23T09-53-31.373398.json,False,meta-llama/Llama-3.2-3B-Instruct,llama323binstruct,23.549013884190437,24,13.51963746223565,7,24.05918644688548,17.673716012084594,0.5101725626950433,4.154078549848943
meta-llama_Meta-Llama-3-70B,real_attachments/C_efficiency_evolution/detailed_results/meta-llama_Meta-Llama-3-70B/results_2024-06-17T10-04-04.013818.json,False,meta-llama/Meta-Llama-3-70B,metallama370b,48.709812647505885,24,16.540785498489427,7,48.709812647505885,18.580060422960727,0.0,2.0392749244713
meta-llama_Meta-Llama-3-70B-Instruct,real_attachments/C_efficiency_evolution/detailed_results/meta-llama_Meta-Llama-3-70B-Instruct/results_2024-06-19T08-22-58.348428.json,False,meta-llama/Meta-Llama-3-70B-Instruct,metallama370binstruct,50.18513318440344,24,23.338368580060422,7,50.18513318440344,24.47129909365559,0.0,1.1329305135951664
meta-llama_Meta-Llama-3-8B-Instruct,real_attachments/C_efficiency_evolution/detailed_results/meta-llama_Meta-Llama-3-8B-Instruct/results_2024-06-17T11-25-17.966751.json,False,meta-llama/Meta-Llama-3-8B-Instruct,metallama38binstruct,28.244949576343615,24,8.685800604229607,7,,,,
microsoft_Phi-3-medium-128k-instruct,real_attachments/C_efficiency_evolution/detailed_results/microsoft_Phi-3-medium-128k-instruct/results_2024-09-02T07-32-20.832197.json,False,microsoft/Phi-3-medium-128k-instruct,phi3medium128kinstruct,48.46045127399019,24,16.1631419939577,7,48.46045127399018,19.18429003021148,7.105427357601002e-15,3.021148036253777
microsoft_Phi-3-medium-4k-instruct,real_attachments/C_efficiency_evolution/detailed_results/microsoft_Phi-3-medium-4k-instruct/results_2024-06-17T10-38-50.763081.json,False,microsoft/Phi-3-medium-4k-instruct,phi3medium4kinstruct,49.38061007422016,24,16.993957703927492,7,49.38061007422016,19.561933534743204,0.0,2.567975830815712
microsoft_Phi-3-mini-128k-instruct,real_attachments/C_efficiency_evolution/detailed_results/microsoft_Phi-3-mini-128k-instruct/results_2024-06-25T07-10-31.918768.json,False,microsoft/Phi-3-mini-128k-instruct,phi3mini128kinstruct,37.0997666322403,24,8.91238670694864,7,37.09976663224031,14.04833836858006,7.105427357601002e-15,5.13595166163142
microsoft_Phi-4-mini-instruct,real_attachments/C_efficiency_evolution/detailed_results/microsoft_Phi-4-mini-instruct/results_2025-02-28T12-41-07.003145.json,False,microsoft/Phi-4-mini-instruct,phi4miniinstruct,38.73553611173528,24,16.993957703927492,7,38.73553611173529,16.993957703927492,1.4210854715202004e-14,0.0
microsoft_phi-1,real_attachments/C_efficiency_evolution/detailed_results/microsoft_phi-1/results_2024-06-21T13-03-02.514754.json,False,microsoft/phi-1,phi1,4.273999212214679,24,0.6797583081570997,7,4.273999212214679,0.9818731117824772,0.0,0.30211480362537746
microsoft_phi-1_5,real_attachments/C_efficiency_evolution/detailed_results/microsoft_phi-1_5/results_2024-06-17T10-46-09.252711.json,False,microsoft/phi-1_5,phi15,7.468938770070244,24,1.1329305135951662,7,7.468938770070243,1.812688821752266,8.881784197001252e-16,0.6797583081570999
microsoft_phi-4,real_attachments/C_efficiency_evolution/detailed_results/microsoft_phi-4/results_2025-01-08T16-41-36.968588.json,False,microsoft/phi-4,phi4,52.57567157258284,24,27.870090634441087,7,,,,
migtissera_Tess-3-Mistral-Nemo-12B,real_attachments/C_efficiency_evolution/detailed_results/migtissera_Tess-3-Mistral-Nemo-12B/results_2024-09-03T12-01-51.063796.json,False,migtissera/Tess-3-Mistral-Nemo-12B,tess3mistralnemo12b,28.042728344416503,24,4.682779456193353,7,28.042728344416503,5.740181268882175,0.0,1.0574018126888216
minghaowu_Qwen1.5-1.8B-OpenHermes-2.5,real_attachments/C_efficiency_evolution/detailed_results/minghaowu_Qwen1.5-1.8B-OpenHermes-2.5/results_2024-09-18T13-54-12.323880.json,False,minghaowu/Qwen1.5-1.8B-OpenHermes-2.5,qwen1518bopenhermes25,7.5614775342477945,24,0.22658610271903326,7,7.561477534247794,2.416918429003021,8.881784197001252e-16,2.1903323262839876
mistral-community_Mixtral-8x22B-v0.1,real_attachments/C_efficiency_evolution/detailed_results/mistral-community_Mixtral-8x22B-v0.1/results_2025-02-13T18-27-04.338360.json,False,mistral-community/Mixtral-8x22B-v0.1,mixtral8x22bv01,12.637418300653597,24,15.428571428571427,7,,,,
mistralai_Codestral-22B-v0.1,real_attachments/C_efficiency_evolution/detailed_results/mistralai_Codestral-22B-v0.1/results_2024-09-28T11-41-42.167336.json,False,mistralai/Codestral-22B-v0.1,codestral22bv01,30.73763441194563,24,8.761329305135952,7,30.737634411945635,10.045317220543806,3.552713678800501e-15,1.2839879154078542
mistralai_Mistral-7B-Instruct-v0.1,real_attachments/C_efficiency_evolution/detailed_results/mistralai_Mistral-7B-Instruct-v0.1/results_2024-06-17T09-16-22.960059.json,False,mistralai/Mistral-7B-Instruct-v0.1,mistral7binstructv01,13.793308225457926,24,1.5105740181268883,7,7.647020535827543,2.2658610271903323,6.146287689630383,0.755287009063444
mistralai_Mistral-7B-Instruct-v0.3,real_attachments/C_efficiency_evolution/detailed_results/mistralai_Mistral-7B-Instruct-v0.3/results_2024-06-17T14-37-59.603167.json,False,mistralai/Mistral-7B-Instruct-v0.3,mistral7binstructv03,25.569114948859035,24,3.1722054380664653,7,25.56911494885904,3.8519637462235647,3.552713678800501e-15,0.6797583081570995
mistralai_Mistral-7B-v0.3,real_attachments/C_efficiency_evolution/detailed_results/mistralai_Mistral-7B-v0.3/results_2024-06-16T16-00-54.042738.json,False,mistralai/Mistral-7B-v0.3,mistral7bv03,24.037254271918485,24,,0,24.03725427191849,3.0211480362537766,3.552713678800501e-15,
mistralai_Mistral-Large-Instruct-2411,real_attachments/C_efficiency_evolution/detailed_results/mistralai_Mistral-Large-Instruct-2411/results_2024-11-20T12-25-36.264064.json,False,mistralai/Mistral-Large-Instruct-2411,mistrallargeinstruct2411,52.74489199526341,24,1.1329305135951662,7,52.7448919952634,49.546827794561935,7.105427357601002e-15,48.41389728096677
mistralai_Mistral-Nemo-Instruct-2407,real_attachments/C_efficiency_evolution/detailed_results/mistralai_Mistral-Nemo-Instruct-2407/results_2024-07-19T11-53-04.051251.json,False,mistralai/Mistral-Nemo-Instruct-2407,mistralnemoinstruct2407,27.11153248167954,24,0.3021148036253776,7,29.679970381152803,12.68882175226586,2.5684378994732633,12.386706948640482
mistralai_Mistral-Small-Instruct-2409,real_attachments/C_efficiency_evolution/detailed_results/mistralai_Mistral-Small-Instruct-2409/results_2024-09-19T10-04-43.281334.json,False,mistralai/Mistral-Small-Instruct-2409,mistralsmallinstruct2409,30.7920960925092,24,14.350453172205437,7,,,,
mistralai_Mixtral-8x22B-Instruct-v0.1,real_attachments/C_efficiency_evolution/detailed_results/mistralai_Mixtral-8x22B-Instruct-v0.1/results_2024-06-26T15-18-07.434042.json,False,mistralai/Mixtral-8x22B-Instruct-v0.1,mixtral8x22binstructv01,44.11434558724835,24,18.731117824773413,7,44.11434558724835,18.731117824773413,0.0,0.0
mistralai_Mixtral-8x22B-v0.1,real_attachments/C_efficiency_evolution/detailed_results/mistralai_Mixtral-8x22B-v0.1/results_2024-06-24T22-38-47.314637.json,False,mistralai/Mixtral-8x22B-v0.1,mixtral8x22bv01,45.58840384342722,24,16.842900302114806,7,,,,
mistralai_Mixtral-8x7B-v0.1,real_attachments/C_efficiency_evolution/detailed_results/mistralai_Mixtral-8x7B-v0.1/results_2024-06-17T17-56-38.031288.json,False,mistralai/Mixtral-8x7B-v0.1,mixtral8x7bv01,29.7274030816301,24,8.836858006042297,7,,,,
mkurman_llama-3.2-MEDIT-3B-o1,real_attachments/C_efficiency_evolution/detailed_results/mkurman_llama-3.2-MEDIT-3B-o1/results_2025-01-08T00-40-26.314883.json,False,mkurman/llama-3.2-MEDIT-3B-o1,llama32medit3bo1,20.819346310345168,24,11.933534743202417,7,20.819346310345164,13.066465256797583,3.552713678800501e-15,1.1329305135951664
mkurman_phi-4-MedIT-11B-exp-1,real_attachments/C_efficiency_evolution/detailed_results/mkurman_phi-4-MedIT-11B-exp-1/results_2025-01-13T20-26-24.993942.json,False,mkurman/phi-4-MedIT-11B-exp-1,phi4medit11bexp1,34.73718585543679,24,7.250755287009064,7,34.73718585543679,8.987915407854985,0.0,1.7371601208459202
mkxu_llama-3-8b-po1,real_attachments/C_efficiency_evolution/detailed_results/mkxu_llama-3-8b-po1/results_2024-11-30T06-55-29.252571.json,False,mkxu/llama-3-8b-po1,llama38bpo1,29.181758873323105,24,7.02416918429003,7,29.181758873323105,7.02416918429003,0.0,0.0
mlabonne_BigQwen2.5-52B-Instruct,real_attachments/C_efficiency_evolution/detailed_results/mlabonne_BigQwen2.5-52B-Instruct/results_2024-09-29T02-46-54.207954.json,False,mlabonne/BigQwen2.5-52B-Instruct,bigqwen2552binstruct,59.809606959233705,24,17.82477341389728,7,59.80960695923371,54.7583081570997,7.105427357601002e-15,36.933534743202415
mlabonne_ChimeraLlama-3-8B-v2,real_attachments/C_efficiency_evolution/detailed_results/mlabonne_ChimeraLlama-3-8B-v2/results_2024-09-02T14-04-32.528223.json,False,mlabonne/ChimeraLlama-3-8B-v2,chimerallama38bv2,28.478795733396524,24,8.308157099697885,7,28.47879573339652,9.06344410876133,3.552713678800501e-15,0.7552870090634443
mlabonne_OrpoLlama-3-8B,real_attachments/C_efficiency_evolution/detailed_results/mlabonne_OrpoLlama-3-8B/results_2024-06-17T09-44-13.592676.json,False,mlabonne/OrpoLlama-3-8B,orpollama38b,21.95410762879941,24,3.8519637462235647,7,21.95410762879941,5.589123867069486,0.0,1.7371601208459215
mlabonne_phixtral-2x2_8,real_attachments/C_efficiency_evolution/detailed_results/mlabonne_phixtral-2x2_8/results_2024-06-17T09-44-36.496962.json,False,mlabonne/phixtral-2x2_8,phixtral2x28,28.502644855771297,24,2.56797583081571,7,28.502644855771297,3.5498489425981874,0.0,0.9818731117824773
mlx-community_Josiefied-Qwen2.5-0.5B-Instruct-abliterated-v1-float32,real_attachments/C_efficiency_evolution/detailed_results/mlx-community_Josiefied-Qwen2.5-0.5B-Instruct-abliterated-v1-float32/results_2025-01-08T03-58-22.402554.json,False,mlx-community/Josiefied-Qwen2.5-0.5B-Instruct-abliterated-v1-float32,josiefiedqwen2505binstructabliteratedv1float32,7.221169084071986,24,1.0574018126888218,7,7.2211690840719855,8.459214501510575,8.881784197001252e-16,7.401812688821753
mlx-community_Mistral-Small-24B-Instruct-2501-bf16,real_attachments/C_efficiency_evolution/detailed_results/mlx-community_Mistral-Small-24B-Instruct-2501-bf16/results_2025-02-07T06-30-17.181165.json,False,mlx-community/Mistral-Small-24B-Instruct-2501-bf16,mistralsmall24binstruct2501bf16,52.392868928673245,24,29.531722054380666,7,52.39286892867324,32.25075528700906,7.105427357601002e-15,2.719033232628398
mmnga_Llama-3-70B-japanese-suzume-vector-v0.1,real_attachments/C_efficiency_evolution/detailed_results/mmnga_Llama-3-70B-japanese-suzume-vector-v0.1/results_2024-09-29T00-30-29.453759.json,False,mmnga/Llama-3-70B-japanese-suzume-vector-v0.1,llama370bjapanesesuzumevectorv01,50.02266053282723,24,24.244712990936556,7,50.02266053282724,23.26283987915408,7.105427357601002e-15,0.9818731117824768
mobiuslabsgmbh_DeepSeek-R1-ReDistill-Llama3-8B-v1.1,real_attachments/C_efficiency_evolution/detailed_results/mobiuslabsgmbh_DeepSeek-R1-ReDistill-Llama3-8B-v1.1/results_2025-02-18T17-01-07.249399.json,False,mobiuslabsgmbh/DeepSeek-R1-ReDistill-Llama3-8B-v1.1,deepseekr1redistillllama38bv11,7.891833484522147,24,32.85498489425982,7,7.891833484522146,32.85498489425982,8.881784197001252e-16,0.0
mobiuslabsgmbh_DeepSeek-R1-ReDistill-Qwen-7B-v1.1,real_attachments/C_efficiency_evolution/detailed_results/mobiuslabsgmbh_DeepSeek-R1-ReDistill-Qwen-7B-v1.1/results_2025-02-18T17-47-32.642827.json,False,mobiuslabsgmbh/DeepSeek-R1-ReDistill-Qwen-7B-v1.1,deepseekr1redistillqwen7bv11,11.565400479411359,24,34.96978851963746,7,11.565400479411355,34.96978851963746,3.552713678800501e-15,0.0
monsterapi_Llama-3_1-8B-Instruct-orca-ORPO,real_attachments/C_efficiency_evolution/detailed_results/monsterapi_Llama-3_1-8B-Instruct-orca-ORPO/results_2024-09-13T23-58-00.534893.json,False,monsterapi/Llama-3_1-8B-Instruct-orca-ORPO,llama318binstructorcaorpo,1.3404688979507675,24,0.0,7,1.3404688979507675,0.0,0.0,0.0
monsterapi_gemma-2-2b-LoRA-MonsterInstruct,real_attachments/C_efficiency_evolution/detailed_results/monsterapi_gemma-2-2b-LoRA-MonsterInstruct/results_2024-08-13T06-06-06.413253.json,False,monsterapi/gemma-2-2b-LoRA-MonsterInstruct,gemma22bloramonsterinstruct,11.96505726076234,24,0.9818731117824773,7,11.965057260762338,5.060422960725076,1.7763568394002505e-15,4.078549848942599
mukaj_Llama-3.1-Hawkish-8B,real_attachments/C_efficiency_evolution/detailed_results/mukaj_Llama-3.1-Hawkish-8B/results_2024-12-18T08-18-26.443505.json,False,mukaj/Llama-3.1-Hawkish-8B,llama31hawkish8b,28.135841099917442,24,4.45619335347432,7,28.13584109991744,24.3202416918429,3.552713678800501e-15,19.86404833836858
natong19_Mistral-Nemo-Instruct-2407-abliterated,real_attachments/C_efficiency_evolution/detailed_results/natong19_Mistral-Nemo-Instruct-2407-abliterated/results_2024-09-23T16-03-15.478274.json,False,natong19/Mistral-Nemo-Instruct-2407-abliterated,mistralnemoinstruct2407abliterated,29.915044266358997,24,5.664652567975831,7,29.915044266359,13.217522658610273,3.552713678800501e-15,7.552870090634442
natong19_Qwen2-7B-Instruct-abliterated,real_attachments/C_efficiency_evolution/detailed_results/natong19_Qwen2-7B-Instruct-abliterated/results_2024-07-30T07-08-14.647283.json,False,natong19/Qwen2-7B-Instruct-abliterated,qwen27binstructabliterated,37.74683385346309,24,10.27190332326284,7,,,,
nazimali_Mistral-Nemo-Kurdish-Instruct,real_attachments/C_efficiency_evolution/detailed_results/nazimali_Mistral-Nemo-Kurdish-Instruct/results_2024-10-15T18-24-20.801908.json,False,nazimali/Mistral-Nemo-Kurdish-Instruct,mistralnemokurdishinstruct,25.561422634829434,24,0.4531722054380665,7,,,,
nbeerbower_Dumpling-Qwen2.5-1.5B,real_attachments/C_efficiency_evolution/detailed_results/nbeerbower_Dumpling-Qwen2.5-1.5B/results_2025-01-29T14-03-52.354879.json,False,nbeerbower/Dumpling-Qwen2.5-1.5B,dumplingqwen2515b,18.17835840988572,24,6.117824773413897,7,18.17835840988572,11.706948640483382,0.0,5.589123867069485
nbeerbower_Dumpling-Qwen2.5-14B,real_attachments/C_efficiency_evolution/detailed_results/nbeerbower_Dumpling-Qwen2.5-14B/results_2025-02-19T15-17-34.318477.json,False,nbeerbower/Dumpling-Qwen2.5-14B,dumplingqwen2514b,49.666835922992384,24,30.966767371601208,7,49.666835922992384,30.966767371601208,0.0,0.0
nbeerbower_Gemma2-Gutenberg-Doppel-9B,real_attachments/C_efficiency_evolution/detailed_results/nbeerbower_Gemma2-Gutenberg-Doppel-9B/results_2024-10-02T02-10-48.497344.json,False,nbeerbower/Gemma2-Gutenberg-Doppel-9B,gemma2gutenbergdoppel9b,41.08306318800703,24,3.474320241691843,7,41.08306318800703,19.78851963746224,0.0,16.314199395770398
nbeerbower_Gutensuppe-mistral-nemo-12B,real_attachments/C_efficiency_evolution/detailed_results/nbeerbower_Gutensuppe-mistral-nemo-12B/results_2024-09-03T13-15-04.026140.json,False,nbeerbower/Gutensuppe-mistral-nemo-12B,gutensuppemistralnemo12b,35.569347974580516,24,11.027190332326283,7,35.56934797458052,13.293051359516618,7.105427357601002e-15,2.2658610271903346
nbeerbower_Hermes2-Gutenberg2-Mistral-7B,real_attachments/C_efficiency_evolution/detailed_results/nbeerbower_Hermes2-Gutenberg2-Mistral-7B/results_2024-10-02T01-22-35.817848.json,False,nbeerbower/Hermes2-Gutenberg2-Mistral-7B,hermes2gutenberg2mistral7b,28.907334664767347,24,5.664652567975831,7,28.907334664767347,5.740181268882175,0.0,0.07552870090634389
nbeerbower_Llama-3.1-Nemotron-lorablated-70B,real_attachments/C_efficiency_evolution/detailed_results/nbeerbower_Llama-3.1-Nemotron-lorablated-70B/results_2024-10-18T18-21-36.549778.json,False,nbeerbower/Llama-3.1-Nemotron-lorablated-70B,llama31nemotronlorablated70b,48.06205502704251,24,23.338368580060422,7,54.18258128894629,33.383685800604226,6.120526261903777,10.045317220543804
nbeerbower_Mahou-1.5-mistral-nemo-12B-lorablated,real_attachments/C_efficiency_evolution/detailed_results/nbeerbower_Mahou-1.5-mistral-nemo-12B-lorablated/results_2024-10-19T14-15-30.943516.json,False,nbeerbower/Mahou-1.5-mistral-nemo-12B-lorablated,mahou15mistralnemo12blorablated,36.077381004161374,24,5.287009063444108,7,36.077381004161374,8.91238670694864,0.0,3.6253776435045317
nbeerbower_Mistral-Gutenberg-Doppel-7B-FFT,real_attachments/C_efficiency_evolution/detailed_results/nbeerbower_Mistral-Gutenberg-Doppel-7B-FFT/results_2024-11-19T23-58-30.543865.json,False,nbeerbower/Mistral-Gutenberg-Doppel-7B-FFT,mistralgutenbergdoppel7bfft,17.34657495584369,24,2.492447129909366,7,17.34657495584369,2.492447129909366,0.0,0.0
nbeerbower_Mistral-Nemo-Moderne-12B-FFT-experimental,real_attachments/C_efficiency_evolution/detailed_results/nbeerbower_Mistral-Nemo-Moderne-12B-FFT-experimental/results_2024-11-26T14-21-45.562933.json,False,nbeerbower/Mistral-Nemo-Moderne-12B-FFT-experimental,mistralnemomoderne12bfftexperimental,32.0715397550976,24,2.0392749244712993,7,32.0715397550976,7.7039274924471295,0.0,5.66465256797583
nbeerbower_Mistral-Nemo-Prism-12B,real_attachments/C_efficiency_evolution/detailed_results/nbeerbower_Mistral-Nemo-Prism-12B/results_2024-11-12T14-48-16.155912.json,False,nbeerbower/Mistral-Nemo-Prism-12B,mistralnemoprism12b,35.91800839002647,24,5.211480362537765,7,35.91800839002647,8.685800604229607,0.0,3.474320241691842
nbeerbower_Mistral-Nemo-Prism-12B-v2,real_attachments/C_efficiency_evolution/detailed_results/nbeerbower_Mistral-Nemo-Prism-12B-v2/results_2024-11-26T14-01-51.878225.json,False,nbeerbower/Mistral-Nemo-Prism-12B-v2,mistralnemoprism12bv2,36.19978764533613,24,5.740181268882175,7,36.19978764533613,8.91238670694864,0.0,3.172205438066465
nbeerbower_Mistral-Small-Drummer-22B,real_attachments/C_efficiency_evolution/detailed_results/nbeerbower_Mistral-Small-Drummer-22B/results_2024-10-02T02-03-59.903701.json,False,nbeerbower/Mistral-Small-Drummer-22B,mistralsmalldrummer22b,40.12177010845506,24,16.691842900302113,7,40.12177010845507,18.882175226586103,7.105427357601002e-15,2.1903323262839898
nbeerbower_Mistral-Small-Gutenberg-Doppel-22B,real_attachments/C_efficiency_evolution/detailed_results/nbeerbower_Mistral-Small-Gutenberg-Doppel-22B/results_2024-09-25T13-19-50.574919.json,False,nbeerbower/Mistral-Small-Gutenberg-Doppel-22B,mistralsmallgutenbergdoppel22b,40.931345197471124,24,19.486404833836858,7,40.93134519747112,21.827794561933533,7.105427357601002e-15,2.341389728096676
nbeerbower_Qwen2.5-Gutenberg-Doppel-14B,real_attachments/C_efficiency_evolution/detailed_results/nbeerbower_Qwen2.5-Gutenberg-Doppel-14B/results_2024-11-11T15-47-45.295181.json,False,nbeerbower/Qwen2.5-Gutenberg-Doppel-14B,qwen25gutenbergdoppel14b,48.238908630392146,24,0.0,7,48.23890863039215,54.15407854984894,7.105427357601002e-15,54.15407854984894
nbeerbower_Stella-mistral-nemo-12B-v2,real_attachments/C_efficiency_evolution/detailed_results/nbeerbower_Stella-mistral-nemo-12B-v2/results_2024-09-14T18-16-38.368634.json,False,nbeerbower/Stella-mistral-nemo-12B-v2,stellamistralnemo12bv2,35.36451610068641,24,10.42296072507553,7,35.364516100686416,11.63141993957704,7.105427357601002e-15,1.2084592145015094
nbeerbower_gemma2-gutenberg-27B,real_attachments/C_efficiency_evolution/detailed_results/nbeerbower_gemma2-gutenberg-27B/results_2024-09-30T00-44-40.185741.json,False,nbeerbower/gemma2-gutenberg-27B,gemma2gutenberg27b,13.091524912026525,24,0.0,7,13.091524912026523,1.8882175226586104,1.7763568394002505e-15,1.8882175226586104
nbeerbower_gemma2-gutenberg-9B,real_attachments/C_efficiency_evolution/detailed_results/nbeerbower_gemma2-gutenberg-9B/results_2024-08-12T22-31-28.823844.json,False,nbeerbower/gemma2-gutenberg-9B,gemma2gutenberg9b,42.35561106809722,24,1.4350453172205437,7,42.35561106809721,8.08157099697885,7.105427357601002e-15,6.646525679758307
nbeerbower_mistral-nemo-cc-12B,real_attachments/C_efficiency_evolution/detailed_results/nbeerbower_mistral-nemo-cc-12B/results_2024-09-14T18-04-27.947372.json,False,nbeerbower/mistral-nemo-cc-12B,mistralnemocc12b,34.44654701952266,24,1.812688821752266,7,34.44654701952267,2.56797583081571,7.105427357601002e-15,0.755287009063444
nbeerbower_mistral-nemo-gutenberg-12B-v3,real_attachments/C_efficiency_evolution/detailed_results/nbeerbower_mistral-nemo-gutenberg-12B-v3/results_2024-09-03T12-12-12.650925.json,False,nbeerbower/mistral-nemo-gutenberg-12B-v3,mistralnemogutenberg12bv3,34.95791456295641,24,4.607250755287009,7,34.95791456295642,5.966767371601208,7.105427357601002e-15,1.3595166163141998
nbeerbower_mistral-nemo-gutenberg2-12B-test,real_attachments/C_efficiency_evolution/detailed_results/nbeerbower_mistral-nemo-gutenberg2-12B-test/results_2024-09-25T02-09-49.175236.json,False,nbeerbower/mistral-nemo-gutenberg2-12B-test,mistralnemogutenberg212btest,32.04475928596385,24,10.196374622356496,7,32.04475928596384,11.63141993957704,7.105427357601002e-15,1.4350453172205437
nbeerbower_mistral-nemo-kartoffel-12B,real_attachments/C_efficiency_evolution/detailed_results/nbeerbower_mistral-nemo-kartoffel-12B/results_2025-01-13T21-02-32.803522.json,False,nbeerbower/mistral-nemo-kartoffel-12B,mistralnemokartoffel12b,36.052532566869004,24,5.438066465256798,7,36.05253256686901,8.534743202416918,7.105427357601002e-15,3.09667673716012
nbeerbower_mistral-nemo-wissenschaft-12B,real_attachments/C_efficiency_evolution/detailed_results/nbeerbower_mistral-nemo-wissenschaft-12B/results_2024-09-02T22-18-50.596772.json,False,nbeerbower/mistral-nemo-wissenschaft-12B,mistralnemowissenschaft12b,29.567999415715217,24,6.570996978851963,7,29.567999415715217,12.16012084592145,0.0,5.589123867069486
necva_IE-cont-Llama3.1-8B,real_attachments/C_efficiency_evolution/detailed_results/necva_IE-cont-Llama3.1-8B/results_2025-03-06T07-54-31.179464.json,False,necva/IE-cont-Llama3.1-8B,iecontllama318b,2.3470409575204094,24,0.0,7,2.3470409575204094,0.0,0.0,0.0
neopolita_jessi-v0.1-bf16-falcon3-7b-instruct,real_attachments/C_efficiency_evolution/detailed_results/neopolita_jessi-v0.1-bf16-falcon3-7b-instruct/results_2025-01-08T12-08-21.824117.json,False,neopolita/jessi-v0.1-bf16-falcon3-7b-instruct,jessiv01bf16falcon37binstruct,36.13467912106423,24,34.44108761329305,7,36.13467912106424,38.06646525679759,7.105427357601002e-15,3.6253776435045424
neopolita_jessi-v0.1-qwen2.5-7b-instruct,real_attachments/C_efficiency_evolution/detailed_results/neopolita_jessi-v0.1-qwen2.5-7b-instruct/results_2025-01-08T15-19-06.068963.json,False,neopolita/jessi-v0.1-qwen2.5-7b-instruct,jessiv01qwen257binstruct,34.92270983022681,24,25.528700906344408,7,33.34225906937014,40.86102719033233,1.580450760856671,15.332326283987921
neopolita_jessi-v0.2-falcon3-10b-instruct,real_attachments/C_efficiency_evolution/detailed_results/neopolita_jessi-v0.2-falcon3-10b-instruct/results_2025-01-21T23-37-09.659225.json,False,neopolita/jessi-v0.2-falcon3-10b-instruct,jessiv02falcon310binstruct,45.021843519700575,24,20.241691842900302,7,45.02184351970056,21.22356495468278,1.4210854715202004e-14,0.9818731117824768
neopolita_jessi-v0.2-falcon3-7b-instruct,real_attachments/C_efficiency_evolution/detailed_results/neopolita_jessi-v0.2-falcon3-7b-instruct/results_2025-01-08T21-05-35.811465.json,False,neopolita/jessi-v0.2-falcon3-7b-instruct,jessiv02falcon37binstruct,34.38289238488821,24,18.65558912386707,7,34.382892384888216,25.37764350453172,7.105427357601002e-15,6.722054380664648
netcat420_DeepSeek-R1-MFANN-TIES-unretrained-7b,real_attachments/C_efficiency_evolution/detailed_results/netcat420_DeepSeek-R1-MFANN-TIES-unretrained-7b/results_2025-01-22T04-15-19.603999.json,False,netcat420/DeepSeek-R1-MFANN-TIES-unretrained-7b,deepseekr1mfanntiesunretrained7b,4.561587443058031,24,0.7552870090634441,7,4.561587443058031,1.2084592145015105,0.0,0.45317220543806636
netcat420_MFANN-Llama3.1-Abliterated-SLERP-TIES-V3,real_attachments/C_efficiency_evolution/detailed_results/netcat420_MFANN-Llama3.1-Abliterated-SLERP-TIES-V3/results_2024-11-26T08-19-33.493259.json,False,netcat420/MFANN-Llama3.1-Abliterated-SLERP-TIES-V3,mfannllama31abliteratedslerptiesv3,26.97885094619748,24,7.552870090634441,7,26.978850946197483,7.552870090634441,3.552713678800501e-15,0.0
netcat420_MFANN-Llama3.1-Abliterated-Slerp-TIES,real_attachments/C_efficiency_evolution/detailed_results/netcat420_MFANN-Llama3.1-Abliterated-Slerp-TIES/results_2024-10-29T15-47-55.490741.json,False,netcat420/MFANN-Llama3.1-Abliterated-Slerp-TIES,mfannllama31abliteratedslerpties,27.59982935067644,24,5.966767371601208,7,27.59982935067644,6.646525679758309,0.0,0.6797583081571004
netcat420_MFANN-Llama3.1-Abliterated-Slerp-V3.2,real_attachments/C_efficiency_evolution/detailed_results/netcat420_MFANN-Llama3.1-Abliterated-Slerp-V3.2/results_2024-10-29T16-33-43.166964.json,False,netcat420/MFANN-Llama3.1-Abliterated-Slerp-V3.2,mfannllama31abliteratedslerpv32,27.774394299037052,24,6.193353474320242,7,27.774394299037056,7.02416918429003,3.552713678800501e-15,0.8308157099697882
netcat420_MFANN-llama3.1-abliterated-v2,real_attachments/C_efficiency_evolution/detailed_results/netcat420_MFANN-llama3.1-abliterated-v2/results_2024-10-07T21-53-39.588918.json,False,netcat420/MFANN-llama3.1-abliterated-v2,mfannllama31abliteratedv2,27.353618267315532,24,6.570996978851963,7,27.35361826731554,7.401812688821751,7.105427357601002e-15,0.8308157099697882
netcat420_MFANN-phigments-slerp-V3.3,real_attachments/C_efficiency_evolution/detailed_results/netcat420_MFANN-phigments-slerp-V3.3/results_2025-02-07T13-31-54.238006.json,False,netcat420/MFANN-phigments-slerp-V3.3,mfannphigmentsslerpv33,28.170621881092462,24,2.56797583081571,7,28.170621881092465,3.3232628398791544,3.552713678800501e-15,0.7552870090634443
netcat420_Qwen2.5-Coder-Scholar-7B-Abliterated-MFANN,real_attachments/C_efficiency_evolution/detailed_results/netcat420_Qwen2.5-Coder-Scholar-7B-Abliterated-MFANN/results_2025-01-01T06-39-22.095522.json,False,netcat420/Qwen2.5-Coder-Scholar-7B-Abliterated-MFANN,qwen25coderscholar7babliteratedmfann,29.980749872810257,24,6.495468277945619,7,29.98074987281026,25.6797583081571,3.552713678800501e-15,19.184290030211482
netcat420_Qwen2.5-DeepSeek-R1-MFANN-Slerp-7b,real_attachments/C_efficiency_evolution/detailed_results/netcat420_Qwen2.5-DeepSeek-R1-MFANN-Slerp-7b/results_2025-01-23T15-12-53.603377.json,False,netcat420/Qwen2.5-DeepSeek-R1-MFANN-Slerp-7b,qwen25deepseekr1mfannslerp7b,13.455601394009934,24,0.22658610271903326,7,13.455601394009934,1.812688821752266,0.0,1.5861027190332329
netcat420_qwen2.5-MFANN-7b-SLERPv1.1,real_attachments/C_efficiency_evolution/detailed_results/netcat420_qwen2.5-MFANN-7b-SLERPv1.1/results_2025-02-04T21-31-25.930696.json,False,netcat420/qwen2.5-MFANN-7b-SLERPv1.1,qwen25mfann7bslerpv11,29.97691243171087,24,15.93655589123867,7,29.97691243171087,29.68277945619335,0.0,13.746223564954681
newsbang_Homer-v1.0-Qwen2.5-72B,real_attachments/C_efficiency_evolution/detailed_results/newsbang_Homer-v1.0-Qwen2.5-72B/results_2024-12-26T12-15-06.766575.json,False,newsbang/Homer-v1.0-Qwen2.5-72B,homerv10qwen2572b,62.27406507872838,24,48.338368580060425,7,62.27406507872839,49.01812688821752,1.4210854715202004e-14,0.6797583081570977
newsbang_Homer-v1.0-Qwen2.5-7B,real_attachments/C_efficiency_evolution/detailed_results/newsbang_Homer-v1.0-Qwen2.5-7B/results_2024-12-04T09-06-52.510223.json,False,newsbang/Homer-v1.0-Qwen2.5-7B,homerv10qwen257b,37.81084749225179,24,30.362537764350456,7,37.81084749225178,33.23262839879154,7.105427357601002e-15,2.870090634441084
nhyha_N3N_gemma-2-9b-it_20241110_2026,real_attachments/C_efficiency_evolution/detailed_results/nhyha_N3N_gemma-2-9b-it_20241110_2026/results_2024-11-12T08-54-24.495501.json,False,nhyha/N3N_gemma-2-9b-it_20241110_2026,n3ngemma29bit202411102026,40.944105549057745,24,13.821752265861026,7,40.94410554905775,16.08761329305136,7.105427357601002e-15,2.2658610271903328
nhyha_merge_Qwen2.5-7B-Instruct_20241023_0314,real_attachments/C_efficiency_evolution/detailed_results/nhyha_merge_Qwen2.5-7B-Instruct_20241023_0314/results_2024-11-06T18-12-26.688718.json,False,nhyha/merge_Qwen2.5-7B-Instruct_20241023_0314,mergeqwen257binstruct202410230314,36.365185289823884,24,21.978851963746223,7,36.36518528982388,35.422960725075534,7.105427357601002e-15,13.44410876132931
nisten_franqwenstein-35b,real_attachments/C_efficiency_evolution/detailed_results/nisten_franqwenstein-35b/results_2024-10-05T10-03-58.318391.json,False,nisten/franqwenstein-35b,franqwenstein35b,52.227468077653526,24,30.28700906344411,7,,,,
nisten_tqwendo-36b,real_attachments/C_efficiency_evolution/detailed_results/nisten_tqwendo-36b/results_2024-12-22T23-45-54.604790.json,False,nisten/tqwendo-36b,tqwendo36b,49.41493648187427,24,39.35045317220544,7,49.41493648187427,41.54078549848943,0.0,2.190332326283986
nlpguy_Mistral-NeMo-Minitron-Upscale-v3,real_attachments/C_efficiency_evolution/detailed_results/nlpguy_Mistral-NeMo-Minitron-Upscale-v3/results_2024-10-05T08-21-18.309431.json,False,nlpguy/Mistral-NeMo-Minitron-Upscale-v3,mistralnemominitronupscalev3,3.398266447716488,24,0.0,7,3.3982664477164874,1.1329305135951662,4.440892098500626e-16,1.1329305135951662
noname0202_gemma-2-2b-it-ties,real_attachments/C_efficiency_evolution/detailed_results/noname0202_gemma-2-2b-it-ties/results_2025-01-29T05-25-09.210151.json,False,noname0202/gemma-2-2b-it-ties,gemma22bitties,18.13956937900525,24,0.1510574018126888,7,18.13956937900525,2.416918429003021,0.0,2.2658610271903323
noname0202_gemma-2-9b-sft-jp-en-zh-v1,real_attachments/C_efficiency_evolution/detailed_results/noname0202_gemma-2-9b-sft-jp-en-zh-v1/results_2025-01-08T04-41-53.656589.json,False,noname0202/gemma-2-9b-sft-jp-en-zh-v1,gemma29bsftjpenzhv1,22.000240215001803,24,2.643504531722054,7,22.0002402150018,8.91238670694864,3.552713678800501e-15,6.268882175226586
noname0202_gemma-2-9b-sft-jp-en-zh-v2,real_attachments/C_efficiency_evolution/detailed_results/noname0202_gemma-2-9b-sft-jp-en-zh-v2/results_2025-01-07T20-57-33.217458.json,False,noname0202/gemma-2-9b-sft-jp-en-zh-v2,gemma29bsftjpenzhv2,22.658058596327027,24,2.56797583081571,7,22.658058596327027,10.42296072507553,0.0,7.85498489425982
noname0202_llama-math-1b-r16-0to512tokens-test,real_attachments/C_efficiency_evolution/detailed_results/noname0202_llama-math-1b-r16-0to512tokens-test/results_2025-01-25T01-09-20.202486.json,False,noname0202/llama-math-1b-r16-0to512tokens-test,llamamath1br160to512tokenstest,8.389239359006991,24,6.646525679758309,7,8.389239359006991,8.157099697885197,0.0,1.5105740181268885
noname0202_llama-math-1b-r32-0to512tokens-test,real_attachments/C_efficiency_evolution/detailed_results/noname0202_llama-math-1b-r32-0to512tokens-test/results_2025-01-24T17-05-57.480718.json,False,noname0202/llama-math-1b-r32-0to512tokens-test,llamamath1br320to512tokenstest,8.191900397270365,24,6.722054380664652,7,8.191900397270365,9.06344410876133,0.0,2.3413897280966776
noname0202_llama-math-1b-r32-test,real_attachments/C_efficiency_evolution/detailed_results/noname0202_llama-math-1b-r32-test/results_2025-01-24T02-10-47.083582.json,False,noname0202/llama-math-1b-r32-test,llamamath1br32test,8.498754758774203,24,6.268882175226587,7,8.498754758774203,7.250755287009064,0.0,0.9818731117824777
notbdq_Qwen2.5-14B-Instruct-1M-GRPO-Reasoning,real_attachments/C_efficiency_evolution/detailed_results/notbdq_Qwen2.5-14B-Instruct-1M-GRPO-Reasoning/results_2025-02-06T03-51-24.710492.json,False,notbdq/Qwen2.5-14B-Instruct-1M-GRPO-Reasoning,qwen2514binstruct1mgrporeasoning,45.658280600233155,24,0.6797583081570997,7,45.65828060023316,53.02114803625378,7.105427357601002e-15,52.34138972809668
nvidia_Mistral-NeMo-Minitron-8B-Base,real_attachments/C_efficiency_evolution/detailed_results/nvidia_Mistral-NeMo-Minitron-8B-Base/results_2024-08-22T14-14-50.709024.json,False,nvidia/Mistral-NeMo-Minitron-8B-Base,mistralnemominitron8bbase,32.52023010300197,24,4.305135951661631,7,31.82201515749016,4.833836858006042,0.6982149455118112,0.5287009063444108
oopere_Llama-FinSent-S,real_attachments/C_efficiency_evolution/detailed_results/oopere_Llama-FinSent-S/results_2025-02-18T20-22-42.735112.json,False,oopere/Llama-FinSent-S,llamafinsents,4.156015297277691,24,1.812688821752266,7,,,,
oopere_pruned20-llama-1b,real_attachments/C_efficiency_evolution/detailed_results/oopere_pruned20-llama-1b/results_2024-11-18T11-38-47.380381.json,False,oopere/pruned20-llama-1b,pruned20llama1b,3.1853942598489864,24,0.3021148036253776,7,3.185394259848986,1.0574018126888218,4.440892098500626e-16,0.7552870090634443
oopere_pruned20-llama-3.2-3b,real_attachments/C_efficiency_evolution/detailed_results/oopere_pruned20-llama-3.2-3b/results_2024-12-18T02-55-41.663089.json,False,oopere/pruned20-llama-3.2-3b,pruned20llama323b,6.3327454652272905,24,0.5287009063444109,7,6.3327454652272905,1.5861027190332326,0.0,1.0574018126888216
oopere_pruned40-llama-1b,real_attachments/C_efficiency_evolution/detailed_results/oopere_pruned40-llama-1b/results_2024-11-26T09-36-00.519182.json,False,oopere/pruned40-llama-1b,pruned40llama1b,2.655308931376619,24,0.0755287009063444,7,2.6553089313766187,0.7552870090634441,4.440892098500626e-16,0.6797583081570997
oopere_pruned40-llama-3.2-1B,real_attachments/C_efficiency_evolution/detailed_results/oopere_pruned40-llama-3.2-1B/results_2025-02-24T17-19-19.767214.json,False,oopere/pruned40-llama-3.2-1B,pruned40llama321b,2.7012729836642007,24,0.8308157099697886,7,2.7012729836642007,0.8308157099697886,0.0,0.0
oopere_pruned60-llama-1b,real_attachments/C_efficiency_evolution/detailed_results/oopere_pruned60-llama-1b/results_2024-11-25T21-20-53.829333.json,False,oopere/pruned60-llama-1b,pruned60llama1b,2.9425264807533544,24,0.0,7,2.9425264807533544,0.2265861027190332,0.0,0.2265861027190332
orai-nlp_Llama-eus-8B,real_attachments/C_efficiency_evolution/detailed_results/orai-nlp_Llama-eus-8B/results_2024-09-30T09-13-52.100084.json,False,orai-nlp/Llama-eus-8B,llamaeus8b,20.961371152211182,24,4.305135951661631,7,20.96137115221118,4.682779456193353,3.552713678800501e-15,0.37764350453172213
pankajmathur_orca_mini_phi-4,real_attachments/C_efficiency_evolution/detailed_results/pankajmathur_orca_mini_phi-4/results_2025-01-22T03-35-35.081545.json,False,pankajmathur/orca_mini_phi-4,orcaminiphi4,54.63137024552033,24,26.435045317220546,7,54.63137024552032,29.531722054380666,7.105427357601002e-15,3.09667673716012
princeton-nlp_Llama-3-8B-ProLong-64k-Base,real_attachments/C_efficiency_evolution/detailed_results/princeton-nlp_Llama-3-8B-ProLong-64k-Base/results_2024-09-18T14-45-43.303270.json,False,princeton-nlp/Llama-3-8B-ProLong-64k-Base,llama38bprolong64kbase,25.01870835132311,24,5.81570996978852,7,28.687899000980178,6.495468277945619,3.669190649657068,0.6797583081570995
princeton-nlp_Llama-3-8B-ProLong-64k-Instruct,real_attachments/C_efficiency_evolution/detailed_results/princeton-nlp_Llama-3-8B-ProLong-64k-Instruct/results_2024-09-18T14-44-03.560285.json,False,princeton-nlp/Llama-3-8B-ProLong-64k-Instruct,llama38bprolong64kinstruct,28.710959529198128,24,5.5135951661631415,7,30.08957216568684,6.495468277945619,1.378612636488711,0.9818731117824777
princeton-nlp_Llama-3-Base-8B-SFT-DPO,real_attachments/C_efficiency_evolution/detailed_results/princeton-nlp_Llama-3-Base-8B-SFT-DPO/results_2024-10-07T05-21-18.044555.json,False,princeton-nlp/Llama-3-Base-8B-SFT-DPO,llama3base8bsftdpo,26.00187382148099,24,2.56797583081571,7,26.001873821480995,4.154078549848943,3.552713678800501e-15,1.5861027190332333
princeton-nlp_Llama-3-Base-8B-SFT-IPO,real_attachments/C_efficiency_evolution/detailed_results/princeton-nlp_Llama-3-Base-8B-SFT-IPO/results_2024-10-07T05-40-23.259485.json,False,princeton-nlp/Llama-3-Base-8B-SFT-IPO,llama3base8bsftipo,25.705433288023944,24,1.2084592145015105,7,25.705433288023944,3.927492447129909,0.0,2.719033232628399
princeton-nlp_Llama-3-Base-8B-SFT-KTO,real_attachments/C_efficiency_evolution/detailed_results/princeton-nlp_Llama-3-Base-8B-SFT-KTO/results_2024-10-07T05-49-48.712363.json,False,princeton-nlp/Llama-3-Base-8B-SFT-KTO,llama3base8bsftkto,25.555230012995928,24,1.1329305135951662,7,25.55523001299593,5.287009063444108,3.552713678800501e-15,4.154078549848942
princeton-nlp_Llama-3-Base-8B-SFT-ORPO,real_attachments/C_efficiency_evolution/detailed_results/princeton-nlp_Llama-3-Base-8B-SFT-ORPO/results_2024-10-07T05-31-32.253469.json,False,princeton-nlp/Llama-3-Base-8B-SFT-ORPO,llama3base8bsftorpo,26.48589369385502,24,3.9274924471299086,7,26.48589369385502,4.682779456193353,0.0,0.7552870090634447
princeton-nlp_Llama-3-Base-8B-SFT-RDPO,real_attachments/C_efficiency_evolution/detailed_results/princeton-nlp_Llama-3-Base-8B-SFT-RDPO/results_2024-10-07T05-55-40.287392.json,False,princeton-nlp/Llama-3-Base-8B-SFT-RDPO,llama3base8bsftrdpo,25.526521127200013,24,3.7009063444108756,7,25.526521127200017,5.740181268882175,3.552713678800501e-15,2.0392749244712993
princeton-nlp_Llama-3-Base-8B-SFT-RRHF,real_attachments/C_efficiency_evolution/detailed_results/princeton-nlp_Llama-3-Base-8B-SFT-RRHF/results_2024-10-07T05-47-57.293676.json,False,princeton-nlp/Llama-3-Base-8B-SFT-RRHF,llama3base8bsftrrhf,23.659142323042403,24,2.8700906344410875,7,23.659142323042403,4.531722054380665,0.0,1.6616314199395772
princeton-nlp_Llama-3-Base-8B-SFT-SLiC-HF,real_attachments/C_efficiency_evolution/detailed_results/princeton-nlp_Llama-3-Base-8B-SFT-SLiC-HF/results_2024-10-07T06-16-48.580292.json,False,princeton-nlp/Llama-3-Base-8B-SFT-SLiC-HF,llama3base8bsftslic,26.373962618394525,24,4.45619335347432,7,26.37396261839453,5.060422960725076,3.552713678800501e-15,0.6042296072507565
princeton-nlp_Llama-3-Instruct-8B-CPO-v0.2,real_attachments/C_efficiency_evolution/detailed_results/princeton-nlp_Llama-3-Instruct-8B-CPO-v0.2/results_2024-09-29T00-09-50.771451.json,False,princeton-nlp/Llama-3-Instruct-8B-CPO-v0.2,llama3instruct8bcpov02,29.086406714200834,24,9.894259818731117,7,29.08640671420084,10.80060422960725,7.105427357601002e-15,0.9063444108761338
princeton-nlp_Llama-3-Instruct-8B-DPO,real_attachments/C_efficiency_evolution/detailed_results/princeton-nlp_Llama-3-Instruct-8B-DPO/results_2024-09-29T01-09-15.396608.json,False,princeton-nlp/Llama-3-Instruct-8B-DPO,llama3instruct8bdpo,28.507391677994015,24,3.3232628398791544,7,28.50739167799402,8.459214501510575,3.552713678800501e-15,5.13595166163142
princeton-nlp_Llama-3-Instruct-8B-RDPO,real_attachments/C_efficiency_evolution/detailed_results/princeton-nlp_Llama-3-Instruct-8B-RDPO/results_2024-09-29T00-03-19.447694.json,False,princeton-nlp/Llama-3-Instruct-8B-RDPO,llama3instruct8brdpo,29.0324791021363,24,2.1148036253776437,7,29.032479102136296,8.459214501510575,3.552713678800501e-15,6.344410876132931
princeton-nlp_Llama-3-Instruct-8B-RRHF-v0.2,real_attachments/C_efficiency_evolution/detailed_results/princeton-nlp_Llama-3-Instruct-8B-RRHF-v0.2/results_2024-10-07T05-52-18.234908.json,False,princeton-nlp/Llama-3-Instruct-8B-RRHF-v0.2,llama3instruct8brrhfv02,28.49872399118773,24,7.930513595166164,7,28.498723991187727,8.761329305135952,3.552713678800501e-15,0.8308157099697882
princeton-nlp_Llama-3-Instruct-8B-SimPO,real_attachments/C_efficiency_evolution/detailed_results/princeton-nlp_Llama-3-Instruct-8B-SimPO/results_2024-09-28T23-44-35.094681.json,False,princeton-nlp/Llama-3-Instruct-8B-SimPO,llama3instruct8bsimpo,26.709132779658223,24,2.2658610271903323,7,,,,
princeton-nlp_Mistral-7B-Base-SFT-CPO,real_attachments/C_efficiency_evolution/detailed_results/princeton-nlp_Mistral-7B-Base-SFT-CPO/results_2024-10-07T05-44-33.093002.json,False,princeton-nlp/Mistral-7B-Base-SFT-CPO,mistral7bbasesftcpo,21.85769649988219,24,2.416918429003021,7,21.857696499882195,2.794561933534743,3.552713678800501e-15,0.37764350453172213
princeton-nlp_Mistral-7B-Base-SFT-DPO,real_attachments/C_efficiency_evolution/detailed_results/princeton-nlp_Mistral-7B-Base-SFT-DPO/results_2024-10-07T05-17-08.148062.json,False,princeton-nlp/Mistral-7B-Base-SFT-DPO,mistral7bbasesftdpo,20.790980388270064,24,1.5861027190332326,7,20.79098038827006,2.114803625377644,3.552713678800501e-15,0.5287009063444115
princeton-nlp_Mistral-7B-Base-SFT-RDPO,real_attachments/C_efficiency_evolution/detailed_results/princeton-nlp_Mistral-7B-Base-SFT-RDPO/results_2024-10-07T05-48-52.432475.json,False,princeton-nlp/Mistral-7B-Base-SFT-RDPO,mistral7bbasesftrdpo,22.982009807046246,24,1.9637462235649545,7,22.98200980704625,2.190332326283988,3.552713678800501e-15,0.22658610271903346
princeton-nlp_Mistral-7B-Base-SFT-SLiC-HF,real_attachments/C_efficiency_evolution/detailed_results/princeton-nlp_Mistral-7B-Base-SFT-SLiC-HF/results_2024-10-07T05-56-14.688403.json,False,princeton-nlp/Mistral-7B-Base-SFT-SLiC-HF,mistral7bbasesftslic,22.3047228950193,24,2.9456193353474323,7,22.304722895019296,3.5498489425981874,3.552713678800501e-15,0.6042296072507551
princeton-nlp_Mistral-7B-Base-SFT-SimPO,real_attachments/C_efficiency_evolution/detailed_results/princeton-nlp_Mistral-7B-Base-SFT-SimPO/results_2024-09-21T10-30-35.004520.json,False,princeton-nlp/Mistral-7B-Base-SFT-SimPO,mistral7bbasesftsimpo,22.33288648076616,24,0.6042296072507553,7,22.33288648076616,1.4350453172205435,0.0,0.8308157099697883
princeton-nlp_Mistral-7B-Instruct-DPO,real_attachments/C_efficiency_evolution/detailed_results/princeton-nlp_Mistral-7B-Instruct-DPO/results_2024-10-07T05-16-04.705100.json,False,princeton-nlp/Mistral-7B-Instruct-DPO,mistral7binstructdpo,16.875389341982814,24,2.9456193353474323,7,16.875389341982814,3.096676737160121,0.0,0.15105740181268867
princeton-nlp_Mistral-7B-Instruct-IPO,real_attachments/C_efficiency_evolution/detailed_results/princeton-nlp_Mistral-7B-Instruct-IPO/results_2024-10-07T05-39-53.799634.json,False,princeton-nlp/Mistral-7B-Instruct-IPO,mistral7binstructipo,20.094109548877523,24,1.812688821752266,7,20.094109548877523,2.0392749244713,0.0,0.22658610271903412
princeton-nlp_Mistral-7B-Instruct-KTO,real_attachments/C_efficiency_evolution/detailed_results/princeton-nlp_Mistral-7B-Instruct-KTO/results_2024-10-07T05-54-00.828203.json,False,princeton-nlp/Mistral-7B-Instruct-KTO,mistral7binstructkto,17.812647859199025,24,2.3413897280966767,7,17.81264785919903,2.643504531722054,3.552713678800501e-15,0.30211480362537735
princeton-nlp_Mistral-7B-Instruct-SLiC-HF,real_attachments/C_efficiency_evolution/detailed_results/princeton-nlp_Mistral-7B-Instruct-SLiC-HF/results_2024-10-16T17-55-37.345668.json,False,princeton-nlp/Mistral-7B-Instruct-SLiC-HF,mistral7binstructslic,16.653429432655862,24,1.5105740181268883,7,16.653429432655862,1.7371601208459215,0.0,0.22658610271903323
princeton-nlp_Sheared-LLaMA-1.3B,real_attachments/C_efficiency_evolution/detailed_results/princeton-nlp_Sheared-LLaMA-1.3B/results_2024-07-30T07-27-05.879406.json,False,princeton-nlp/Sheared-LLaMA-1.3B,shearedllama13b,4.744629874421679,24,0.8308157099697886,7,4.744629874421679,1.283987915407855,0.0,0.45317220543806647
princeton-nlp_gemma-2-9b-it-DPO,real_attachments/C_efficiency_evolution/detailed_results/princeton-nlp_gemma-2-9b-it-DPO/results_2024-09-20T04-06-40.646930.json,False,princeton-nlp/gemma-2-9b-it-DPO,gemma29bitdpo,41.593654455384474,24,0.0,7,41.59365445538448,8.308157099697885,7.105427357601002e-15,8.308157099697885
princeton-nlp_gemma-2-9b-it-SimPO,real_attachments/C_efficiency_evolution/detailed_results/princeton-nlp_gemma-2-9b-it-SimPO/results_2024-08-12T11-27-16.600007.json,False,princeton-nlp/gemma-2-9b-it-SimPO,gemma29bitsimpo,40.093429916371655,24,0.0,7,40.093429916371655,7.099697885196375,0.0,7.099697885196375
prithivMLmods_Galactic-Qwen-14B-Exp2,real_attachments/C_efficiency_evolution/detailed_results/prithivMLmods_Galactic-Qwen-14B-Exp2/results_2025-03-13T12-44-48.264475.json,False,prithivMLmods/Galactic-Qwen-14B-Exp2,galacticqwen14bexp2,59.91731650130399,24,34.74320241691843,7,59.91731650130399,34.74320241691843,0.0,0.0
prithivMLmods_Llama-3.1-8B-Open-SFT,real_attachments/C_efficiency_evolution/detailed_results/prithivMLmods_Llama-3.1-8B-Open-SFT/results_2025-01-13T20-41-48.426106.json,False,prithivMLmods/Llama-3.1-8B-Open-SFT,llama318bopensft,28.179927919868437,24,11.555891238670695,7,28.17992791986844,12.16012084592145,3.552713678800501e-15,0.6042296072507547
prithivMLmods_Llama-3.2-6B-AlgoCode,real_attachments/C_efficiency_evolution/detailed_results/prithivMLmods_Llama-3.2-6B-AlgoCode/results_2025-01-13T20-08-17.772449.json,False,prithivMLmods/Llama-3.2-6B-AlgoCode,llama326balgocode,11.602526365445021,24,1.0574018126888218,7,11.60252636544502,1.3595166163141994,1.7763568394002505e-15,0.30211480362537757
prithivMLmods_Llama-Express.1-Math,real_attachments/C_efficiency_evolution/detailed_results/prithivMLmods_Llama-Express.1-Math/results_2025-01-25T08-10-21.262789.json,False,prithivMLmods/Llama-Express.1-Math,llamaexpress1math,7.199019778023912,24,5.0604229607250755,7,7.199019778023913,5.589123867069486,8.881784197001252e-16,0.5287009063444108
prithivMLmods_Magellanic-Qwen-25B-R999,real_attachments/C_efficiency_evolution/detailed_results/prithivMLmods_Magellanic-Qwen-25B-R999/results_2025-03-05T16-27-25.331314.json,False,prithivMLmods/Magellanic-Qwen-25B-R999,magellanicqwen25br999,2.0035586254703905,24,0.5287009063444109,7,2.00355862547039,0.5287009063444109,4.440892098500626e-16,0.0
prithivMLmods_Phi-4-Empathetic,real_attachments/C_efficiency_evolution/detailed_results/prithivMLmods_Phi-4-Empathetic/results_2025-01-13T19-33-26.604717.json,False,prithivMLmods/Phi-4-Empathetic,phi4empathetic,52.83893775599707,24,25.90634441087613,7,52.83893775599707,26.20845921450152,0.0,0.3021148036253898
prithivMLmods_Phi-4-Math-IO,real_attachments/C_efficiency_evolution/detailed_results/prithivMLmods_Phi-4-Math-IO/results_2025-01-13T19-05-26.192612.json,False,prithivMLmods/Phi-4-Math-IO,phi4mathio,52.09377059236901,24,9.667673716012084,7,52.093770592369005,45.77039274924472,7.105427357601002e-15,36.10271903323264
prithivMLmods_Phi-4-o1,real_attachments/C_efficiency_evolution/detailed_results/prithivMLmods_Phi-4-o1/results_2025-01-13T10-17-40.927521.json,False,prithivMLmods/Phi-4-o1,phi4o1,52.17086167586283,24,39.42598187311178,7,52.17086167586282,39.95468277945619,1.4210854715202004e-14,0.5287009063444117
prithivMLmods_Phi4-Super,real_attachments/C_efficiency_evolution/detailed_results/prithivMLmods_Phi4-Super/results_2025-01-23T15-21-28.283497.json,False,prithivMLmods/Phi4-Super,phi4super,52.6972954461393,24,34.21450151057402,7,,,,
prithivMLmods_Primal-Opus-14B-Optimus-v1,real_attachments/C_efficiency_evolution/detailed_results/prithivMLmods_Primal-Opus-14B-Optimus-v1/results_2025-02-05T03-05-18.841754.json,False,prithivMLmods/Primal-Opus-14B-Optimus-v1,primalopus14boptimusv1,48.27170322245717,24,33.23262839879154,7,48.27170322245717,33.8368580060423,0.0,0.6042296072507582
prithivMLmods_Primal-Opus-14B-Optimus-v2,real_attachments/C_efficiency_evolution/detailed_results/prithivMLmods_Primal-Opus-14B-Optimus-v2/results_2025-02-27T21-05-40.220144.json,False,prithivMLmods/Primal-Opus-14B-Optimus-v2,primalopus14boptimusv2,50.18134429558162,24,42.06948640483384,7,50.1813442955816,42.06948640483384,1.4210854715202004e-14,0.0
prithivMLmods_Qwen2.5-14B-DeepSeek-R1-1M,real_attachments/C_efficiency_evolution/detailed_results/prithivMLmods_Qwen2.5-14B-DeepSeek-R1-1M/results_2025-01-30T04-27-35.041591.json,False,prithivMLmods/Qwen2.5-14B-DeepSeek-R1-1M,qwen2514bdeepseekr11m,43.75831001574748,24,40.78549848942598,7,40.75990957906041,51.283987915407856,2.9984004366870707,10.498489425981873
qingy2019_LLaMa_3.2_3B_Catalysts,real_attachments/C_efficiency_evolution/detailed_results/qingy2019_LLaMa_3.2_3B_Catalysts/results_2024-10-29T15-22-23.624392.json,False,qingy2019/LLaMa_3.2_3B_Catalysts,llama323bcatalysts,21.34540095482008,24,11.10271903323263,7,21.345400954820075,12.915407854984895,3.552713678800501e-15,1.8126888217522659
qingy2019_OpenMath2-Llama3.1-8B,real_attachments/C_efficiency_evolution/detailed_results/qingy2019_OpenMath2-Llama3.1-8B/results_2024-11-23T05-44-15.106083.json,False,qingy2019/OpenMath2-Llama3.1-8B,openmath2llama318b,16.29436997621859,24,4.1540785498489425,7,,,,
qingy2019_Qwen2.5-Ultimate-14B-Instruct,real_attachments/C_efficiency_evolution/detailed_results/qingy2019_Qwen2.5-Ultimate-14B-Instruct/results_2024-12-04T01-04-16.559323.json,False,qingy2019/Qwen2.5-Ultimate-14B-Instruct,qwen25ultimate14binstruct,40.58060064469629,24,28.02114803625378,7,40.58060064469629,28.92749244712991,0.0,0.9063444108761303
qingy2024_QwEnlarge-16B-Instruct,real_attachments/C_efficiency_evolution/detailed_results/qingy2024_QwEnlarge-16B-Instruct/results_2025-03-07T00-57-57.081072.json,False,qingy2024/QwEnlarge-16B-Instruct,qwenlarge16binstruct,42.59545335472261,24,45.996978851963746,7,42.5954533547226,45.99697885196375,7.105427357601002e-15,7.105427357601002e-15
qingy2024_Qwen2.5-4B,real_attachments/C_efficiency_evolution/detailed_results/qingy2024_Qwen2.5-4B/results_2025-01-16T20-58-17.085742.json,False,qingy2024/Qwen2.5-4B,qwen254b,19.977752146022997,24,3.3232628398791544,7,19.977752146023,5.13595166163142,3.552713678800501e-15,1.8126888217522659
qingy2024_Qwen2.5-Coder-Draft-1.5B-Instruct,real_attachments/C_efficiency_evolution/detailed_results/qingy2024_Qwen2.5-Coder-Draft-1.5B-Instruct/results_2025-02-01T05-41-05.748637.json,False,qingy2024/Qwen2.5-Coder-Draft-1.5B-Instruct,qwen25coderdraft15binstruct,13.00106584241556,24,0.5287009063444109,7,13.001065842415562,15.78549848942598,1.7763568394002505e-15,15.256797583081568
qingy2024_Qwen2.5-Math-14B-Instruct-Preview,real_attachments/C_efficiency_evolution/detailed_results/qingy2024_Qwen2.5-Math-14B-Instruct-Preview/results_2024-12-11T02-56-45.077518.json,False,qingy2024/Qwen2.5-Math-14B-Instruct-Preview,qwen25math14binstructpreview,47.050807568284256,24,0.0,7,47.050807568284256,47.583081570996974,0.0,47.583081570996974
qingy2024_Qwen2.6-14B-Instruct,real_attachments/C_efficiency_evolution/detailed_results/qingy2024_Qwen2.6-14B-Instruct/results_2024-12-05T10-23-22.933498.json,False,qingy2024/Qwen2.6-14B-Instruct,qwen2614binstruct,48.04794799002712,24,26.73716012084592,7,48.04794799002712,30.513595166163142,0.0,3.7764350453172213
qq8933_OpenLongCoT-Base-Gemma2-2B,real_attachments/C_efficiency_evolution/detailed_results/qq8933_OpenLongCoT-Base-Gemma2-2B/results_2024-11-12T14-30-23.544874.json,False,qq8933/OpenLongCoT-Base-Gemma2-2B,openlongcotbasegemma22b,3.546298466806123,24,0.0,7,3.546298466806123,2.3413897280966767,0.0,2.3413897280966767
rasyosef_Phi-1_5-Instruct-v0.1,real_attachments/C_efficiency_evolution/detailed_results/rasyosef_Phi-1_5-Instruct-v0.1/results_2024-08-12T09-47-31.671049.json,False,rasyosef/Phi-1_5-Instruct-v0.1,phi15instructv01,4.820243721122045,24,0.0,7,4.820243721122045,1.3595166163141994,0.0,1.3595166163141994
rasyosef_phi-2-instruct-apo,real_attachments/C_efficiency_evolution/detailed_results/rasyosef_phi-2-instruct-apo/results_2024-09-18T08-11-57.792002.json,False,rasyosef/phi-2-instruct-apo,phi2instructapo,21.672437586715603,24,0.0,7,21.672437586715603,3.0211480362537766,0.0,3.0211480362537766
recoilme_Gemma-2-Ataraxy-Gemmasutra-9B-slerp,real_attachments/C_efficiency_evolution/detailed_results/recoilme_Gemma-2-Ataraxy-Gemmasutra-9B-slerp/results_2024-09-14T00-39-37.734233.json,False,recoilme/Gemma-2-Ataraxy-Gemmasutra-9B-slerp,gemma2ataraxygemmasutra9bslerp,42.25120987807253,24,1.7371601208459215,7,,,,
rhysjones_phi-2-orange-v2,real_attachments/C_efficiency_evolution/detailed_results/rhysjones_phi-2-orange-v2/results_2024-08-13T01-27-07.339858.json,False,rhysjones/phi-2-orange-v2,phi2orangev2,25.60654883732465,24,0.0,7,25.60654883732465,4.078549848942599,0.0,4.078549848942599
riaz_FineLlama-3.1-8B,real_attachments/C_efficiency_evolution/detailed_results/riaz_FineLlama-3.1-8B/results_2024-10-12T19-57-08.713841.json,False,riaz/FineLlama-3.1-8B,finellama318b,24.148778091678615,24,4.833836858006042,7,,,,
rombodawg_Rombos-Coder-V2.5-Qwen-14b,real_attachments/C_efficiency_evolution/detailed_results/rombodawg_Rombos-Coder-V2.5-Qwen-14b/results_2025-02-06T11-46-45.885563.json,False,rombodawg/Rombos-Coder-V2.5-Qwen-14b,romboscoderv25qwen14b,44.51949885999459,24,27.794561933534744,7,44.51949885999458,33.00604229607251,1.4210854715202004e-14,5.211480362537763
rombodawg_Rombos-LLM-V2.5-Qwen-0.5b,real_attachments/C_efficiency_evolution/detailed_results/rombodawg_Rombos-LLM-V2.5-Qwen-0.5b/results_2024-09-29T12-43-27.493254.json,False,rombodawg/Rombos-LLM-V2.5-Qwen-0.5b,rombosllmv25qwen05b,8.412218566269736,24,2.492447129909366,7,8.412218566269734,6.797583081570997,1.7763568394002505e-15,4.305135951661631
rombodawg_Rombos-LLM-V2.5-Qwen-14b,real_attachments/C_efficiency_evolution/detailed_results/rombodawg_Rombos-LLM-V2.5-Qwen-14b/results_2024-09-29T13-44-29.673248.json,False,rombodawg/Rombos-LLM-V2.5-Qwen-14b,rombosllmv25qwen14b,49.38690027144481,24,15.634441087613293,7,49.38690027144481,45.54380664652568,0.0,29.909365558912388
rombodawg_Rombos-LLM-V2.5-Qwen-32b,real_attachments/C_efficiency_evolution/detailed_results/rombodawg_Rombos-LLM-V2.5-Qwen-32b/results_2024-10-10T04-14-28.109800.json,False,rombodawg/Rombos-LLM-V2.5-Qwen-32b,rombosllmv25qwen32b,58.2618940867874,24,39.12386706948641,7,58.26189408678741,49.546827794561935,7.105427357601002e-15,10.422960725075527
rombodawg_Rombos-LLM-V2.5.1-Qwen-3b,real_attachments/C_efficiency_evolution/detailed_results/rombodawg_Rombos-LLM-V2.5.1-Qwen-3b/results_2024-10-08T16-02-31.462708.json,False,rombodawg/Rombos-LLM-V2.5.1-Qwen-3b,rombosllmv251qwen3b,14.881409184451359,24,8.308157099697885,7,,,,
rombodawg_rombos_Replete-Coder-Llama3-8B,real_attachments/C_efficiency_evolution/detailed_results/rombodawg_rombos_Replete-Coder-Llama3-8B/results_2024-10-15T15-33-39.386678.json,False,rombodawg/rombos_Replete-Coder-Llama3-8B,rombosrepletecoderllama38b,7.0878451178451165,24,2.643504531722054,7,7.087845117845117,3.927492447129909,8.881784197001252e-16,1.283987915407855
rsh345_mistral-ft-optimized-1218-NeuralHermes-2.5-Mistral-7B,real_attachments/C_efficiency_evolution/detailed_results/rsh345_mistral-ft-optimized-1218-NeuralHermes-2.5-Mistral-7B/results_2025-01-27T23-02-49.046436.json,False,rsh345/mistral-ft-optimized-1218-NeuralHermes-2.5-Mistral-7B,mistralftoptimized1218neuralhermes25mistral7b,32.78974404613455,24,7.250755287009064,7,32.78974404613455,7.326283987915408,0.0,0.07552870090634389
sabersaleh_Llama2-7B-SimPO,real_attachments/C_efficiency_evolution/detailed_results/sabersaleh_Llama2-7B-SimPO/results_2024-12-02T04-10-10.920662.json,False,sabersaleh/Llama2-7B-SimPO,llama27bsimpo,8.98121133440231,24,0.7552870090634441,7,8.98121133440231,1.5861027190332326,0.0,0.8308157099697885
sabersaleh_Llama3,real_attachments/C_efficiency_evolution/detailed_results/sabersaleh_Llama3/results_2024-11-30T01-19-25.401264.json,False,sabersaleh/Llama3,llama3,26.706794482564018,24,5.5135951661631415,7,26.70679448256402,5.664652567975831,3.552713678800501e-15,0.15105740181268956
sabersalehk_Llama3-001-300,real_attachments/C_efficiency_evolution/detailed_results/sabersalehk_Llama3-001-300/results_2024-12-03T20-07-28.344986.json,False,sabersalehk/Llama3-001-300,llama3001300,25.706819355250055,24,4.682779456193353,7,25.70681935525005,5.287009063444108,3.552713678800501e-15,0.6042296072507547
sabersalehk_Llama3_01_300,real_attachments/C_efficiency_evolution/detailed_results/sabersalehk_Llama3_01_300/results_2024-12-03T20-08-26.893164.json,False,sabersalehk/Llama3_01_300,llama301300,25.155250178541205,24,4.45619335347432,7,25.1552501785412,4.984894259818732,7.105427357601002e-15,0.5287009063444117
sequelbox_Llama3.1-70B-PlumChat,real_attachments/C_efficiency_evolution/detailed_results/sequelbox_Llama3.1-70B-PlumChat/results_2024-11-28T10-33-34.389076.json,False,sequelbox/Llama3.1-70B-PlumChat,llama3170bplumchat,52.818059011299844,24,29.45619335347432,7,52.81275213512472,30.28700906344411,0.005306876175126263,0.8308157099697908
sequelbox_Llama3.1-8B-MOTH,real_attachments/C_efficiency_evolution/detailed_results/sequelbox_Llama3.1-8B-MOTH/results_2024-09-11T21-30-25.104353.json,False,sequelbox/Llama3.1-8B-MOTH,llama318bmoth,26.445428255687766,24,11.858006042296072,7,27.91633224536528,12.16012084592145,1.4709039896775131,0.30211480362537735
sequelbox_Llama3.1-8B-PlumCode,real_attachments/C_efficiency_evolution/detailed_results/sequelbox_Llama3.1-8B-PlumCode/results_2024-10-04T01-24-56.330833.json,False,sequelbox/Llama3.1-8B-PlumCode,llama318bplumcode,8.502927271642019,24,2.416918429003021,7,8.502927271642019,2.719033232628399,0.0,0.3021148036253778
sequelbox_Llama3.1-8B-PlumMath,real_attachments/C_efficiency_evolution/detailed_results/sequelbox_Llama3.1-8B-PlumMath/results_2024-10-04T01-24-04.196002.json,False,sequelbox/Llama3.1-8B-PlumMath,llama318bplummath,16.44658382894578,24,3.927492447129909,7,16.44658382894578,4.758308157099698,0.0,0.830815709969789
sethuiyer_Llama-3.1-8B-Experimental-1208-Instruct,real_attachments/C_efficiency_evolution/detailed_results/sethuiyer_Llama-3.1-8B-Experimental-1208-Instruct/results_2025-01-18T17-10-57.107525.json,False,sethuiyer/Llama-3.1-8B-Experimental-1208-Instruct,llama318bexperimental1208instruct,29.49158080943738,24,8.38368580060423,7,29.491580809437377,8.91238670694864,3.552713678800501e-15,0.5287009063444099
sethuiyer_Llamaverse-3.1-8B-Instruct,real_attachments/C_efficiency_evolution/detailed_results/sethuiyer_Llamaverse-3.1-8B-Instruct/results_2025-01-14T13-12-45.227965.json,False,sethuiyer/Llamaverse-3.1-8B-Instruct,llamaverse318binstruct,34.78211812089758,24,18.429003021148034,7,34.78211812089758,18.580060422960727,0.0,0.15105740181269312
sethuiyer_Qwen2.5-7B-Anvita,real_attachments/C_efficiency_evolution/detailed_results/sethuiyer_Qwen2.5-7B-Anvita/results_2024-10-27T11-40-06.834908.json,False,sethuiyer/Qwen2.5-7B-Anvita,qwen257banvita,35.482447523885746,24,15.861027190332328,7,35.482447523885746,20.166163141993955,0.0,4.305135951661628
shastraai_Shastra-LLAMA2-Math-Commonsense-SFT,real_attachments/C_efficiency_evolution/detailed_results/shastraai_Shastra-LLAMA2-Math-Commonsense-SFT/results_2024-10-27T21-01-52.917860.json,False,shastraai/Shastra-LLAMA2-Math-Commonsense-SFT,shastrallama2mathcommonsensesft,13.659523241343654,24,1.812688821752266,7,13.659523241343653,1.7371601208459215,1.7763568394002505e-15,0.07552870090634456
shivank21_mistral_dpo_self,real_attachments/C_efficiency_evolution/detailed_results/shivank21_mistral_dpo_self/results_2025-02-05T16-15-31.122108.json,False,shivank21/mistral_dpo_self,mistraldpoself,5.548411533266127,24,1.9637462235649545,7,5.548411533266127,2.190332326283988,0.0,0.22658610271903346
siqi00_Mistral-7B-DFT,real_attachments/C_efficiency_evolution/detailed_results/siqi00_Mistral-7B-DFT/results_2025-02-06T03-27-45.600986.json,False,siqi00/Mistral-7B-DFT,mistral7bdft,25.364499387227273,24,3.7764350453172204,7,25.36449938722728,3.776435045317221,7.105427357601002e-15,4.440892098500626e-16
skymizer_Llama2-7b-sft-chat-custom-template-dpo,real_attachments/C_efficiency_evolution/detailed_results/skymizer_Llama2-7b-sft-chat-custom-template-dpo/results_2024-07-22T09-51-58.414875.json,False,skymizer/Llama2-7b-sft-chat-custom-template-dpo,llama27bsftchatcustomtemplatedpo,11.23886507447882,24,0.9818731117824773,7,11.238865074478818,1.4350453172205435,1.7763568394002505e-15,0.45317220543806624
someon98_qwen-CoMa-0.5b,real_attachments/C_efficiency_evolution/detailed_results/someon98_qwen-CoMa-0.5b/results_2024-12-29T16-17-57.730788.json,False,someon98/qwen-CoMa-0.5b,qwencoma05b,2.126793919588037,24,0.0,7,2.126793919588037,0.4531722054380665,0.0,0.4531722054380665
sometimesanotion_Qwen2.5-14B-Vimarckoso-v2,real_attachments/C_efficiency_evolution/detailed_results/sometimesanotion_Qwen2.5-14B-Vimarckoso-v2/results_2024-12-26T12-16-22.404204.json,False,sometimesanotion/Qwen2.5-14B-Vimarckoso-v2,qwen2514bvimarckosov2,50.419625407805114,24,35.04531722054381,7,50.41962540780512,35.80060422960725,7.105427357601002e-15,0.7552870090634443
sometimesanotion_Qwen2.5-14B-Vimarckoso-v3,real_attachments/C_efficiency_evolution/detailed_results/sometimesanotion_Qwen2.5-14B-Vimarckoso-v3/results_2024-12-27T12-07-58.633030.json,False,sometimesanotion/Qwen2.5-14B-Vimarckoso-v3,qwen2514bvimarckosov3,48.5815872562631,24,34.44108761329305,7,48.58158725626311,40.03021148036254,1.4210854715202004e-14,5.589123867069489
sometimesanotion_Qwen2.5-14B-Vimarckoso-v3-IF-Variant,real_attachments/C_efficiency_evolution/detailed_results/sometimesanotion_Qwen2.5-14B-Vimarckoso-v3-IF-Variant/results_2024-12-28T09-42-11.707881.json,False,sometimesanotion/Qwen2.5-14B-Vimarckoso-v3-IF-Variant,qwen2514bvimarckosov3ifvariant,35.653096662329006,24,21.299093655589125,7,35.653096662329,25.45317220543807,7.105427357601002e-15,4.154078549848943
sometimesanotion_Qwen2.5-7B-Gordion-v0.1-Prose,real_attachments/C_efficiency_evolution/detailed_results/sometimesanotion_Qwen2.5-7B-Gordion-v0.1-Prose/results_2025-02-18T19-58-57.959022.json,False,sometimesanotion/Qwen2.5-7B-Gordion-v0.1-Prose,qwen257bgordionv01prose,37.44132686992394,24,28.92749244712991,7,37.44132686992394,28.92749244712991,0.0,0.0
sometimesanotion_Qwentessential-14B-v1,real_attachments/C_efficiency_evolution/detailed_results/sometimesanotion_Qwentessential-14B-v1/results_2025-02-18T15-25-19.264487.json,False,sometimesanotion/Qwentessential-14B-v1,qwentessential14bv1,50.3659747117162,24,40.70996978851964,7,50.365974711716206,40.70996978851964,7.105427357601002e-15,0.0
sometimesanotion_Qwentinuum-14B-v1,real_attachments/C_efficiency_evolution/detailed_results/sometimesanotion_Qwentinuum-14B-v1/results_2024-12-21T18-45-12.892338.json,False,sometimesanotion/Qwentinuum-14B-v1,qwentinuum14bv1,50.73749377731295,24,32.40181268882175,7,50.73749377731295,36.027190332326285,0.0,3.6253776435045353
sometimesanotion_Qwentinuum-14B-v2,real_attachments/C_efficiency_evolution/detailed_results/sometimesanotion_Qwentinuum-14B-v2/results_2024-12-22T02-16-47.237976.json,False,sometimesanotion/Qwentinuum-14B-v2,qwentinuum14bv2,50.535480269654144,24,32.93051359516616,7,50.53548026965414,37.53776435045317,7.105427357601002e-15,4.607250755287012
sometimesanotion_Qwentinuum-14B-v6,real_attachments/C_efficiency_evolution/detailed_results/sometimesanotion_Qwentinuum-14B-v6/results_2024-12-22T14-21-58.905643.json,False,sometimesanotion/Qwentinuum-14B-v6,qwentinuum14bv6,50.23191024214812,24,33.8368580060423,7,50.2319102421481,36.027190332326285,1.4210854715202004e-14,2.190332326283986
sometimesanotion_Qwentinuum-14B-v7,real_attachments/C_efficiency_evolution/detailed_results/sometimesanotion_Qwentinuum-14B-v7/results_2024-12-22T18-57-51.290456.json,False,sometimesanotion/Qwentinuum-14B-v7,qwentinuum14bv7,50.347065074109956,24,33.383685800604226,7,50.34706507410996,35.725075528700906,7.105427357601002e-15,2.3413897280966793
sometimesanotion_Qwentinuum-14B-v8,real_attachments/C_efficiency_evolution/detailed_results/sometimesanotion_Qwentinuum-14B-v8/results_2024-12-22T19-01-02.783885.json,False,sometimesanotion/Qwentinuum-14B-v8,qwentinuum14bv8,50.11142993537886,24,34.13897280966767,7,50.11142993537886,39.12386706948641,0.0,4.984894259818738
sometimesanotion_Qwenvergence-14B-v0.6-004-model_stock,real_attachments/C_efficiency_evolution/detailed_results/sometimesanotion_Qwenvergence-14B-v0.6-004-model_stock/results_2025-01-03T08-49-30.636647.json,False,sometimesanotion/Qwenvergence-14B-v0.6-004-model_stock,qwenvergence14bv06004modelstock,46.366653802814,24,31.344410876132933,7,46.366653802814,40.93655589123867,0.0,9.592145015105736
sometimesanotion_Qwenvergence-14B-v3,real_attachments/C_efficiency_evolution/detailed_results/sometimesanotion_Qwenvergence-14B-v3/results_2024-12-21T06-57-25.308738.json,False,sometimesanotion/Qwenvergence-14B-v3,qwenvergence14bv3,50.35268751505372,24,34.818731117824775,7,50.35268751505373,36.933534743202415,1.4210854715202004e-14,2.1148036253776397
sometimesanotion_Qwenvergence-14B-v3-Prose,real_attachments/C_efficiency_evolution/detailed_results/sometimesanotion_Qwenvergence-14B-v3-Prose/results_2024-12-21T04-28-21.825696.json,False,sometimesanotion/Qwenvergence-14B-v3-Prose,qwenvergence14bv3prose,49.79836668099142,24,35.57401812688822,7,49.79836668099142,36.48036253776435,0.0,0.9063444108761303
sometimesanotion_Qwenvergence-14B-v3-Reason,real_attachments/C_efficiency_evolution/detailed_results/sometimesanotion_Qwenvergence-14B-v3-Reason/results_2024-12-21T06-54-07.153436.json,False,sometimesanotion/Qwenvergence-14B-v3-Reason,qwenvergence14bv3reason,50.69444798867055,24,32.40181268882175,7,,,,
sometimesanotion_Qwenvergence-14B-v8,real_attachments/C_efficiency_evolution/detailed_results/sometimesanotion_Qwenvergence-14B-v8/results_2025-01-16T01-39-52.248754.json,False,sometimesanotion/Qwenvergence-14B-v8,qwenvergence14bv8,49.83459258547442,24,35.57401812688822,7,49.83459258547442,40.48338368580061,0.0,4.909365558912391
sometimesanotion_Qwenvergence-14B-v9,real_attachments/C_efficiency_evolution/detailed_results/sometimesanotion_Qwenvergence-14B-v9/results_2025-01-17T15-31-48.086833.json,False,sometimesanotion/Qwenvergence-14B-v9,qwenvergence14bv9,44.84335580801755,24,39.50151057401813,7,44.84335580801756,41.389728096676734,1.4210854715202004e-14,1.888217522658607
spmurrayzzz_Mistral-Syndicate-7B,real_attachments/C_efficiency_evolution/detailed_results/spmurrayzzz_Mistral-Syndicate-7B/results_2024-07-25T14-22-01.504229.json,False,spmurrayzzz/Mistral-Syndicate-7B,mistralsyndicate7b,20.50625197041595,24,2.416918429003021,7,20.50625197041595,3.3987915407854987,0.0,0.9818731117824777
ssmits_Qwen2.5-95B-Instruct,real_attachments/C_efficiency_evolution/detailed_results/ssmits_Qwen2.5-95B-Instruct/results_2024-10-06T06-27-47.292101.json,False,ssmits/Qwen2.5-95B-Instruct,qwen2595binstruct,58.53035132285105,24,6.042296072507553,7,58.530351322851054,53.02114803625378,7.105427357601002e-15,46.97885196374622
suayptalha_DeepSeek-R1-Distill-Llama-3B,real_attachments/C_efficiency_evolution/detailed_results/suayptalha_DeepSeek-R1-Distill-Llama-3B/results_2025-02-24T20-06-57.063798.json,False,suayptalha/DeepSeek-R1-Distill-Llama-3B,deepseekr1distillllama3b,21.44875568223163,24,20.921450151057403,7,21.44875568223163,20.921450151057403,0.0,0.0
suayptalha_Komodo-Llama-3.2-3B-v2-fp16,real_attachments/C_efficiency_evolution/detailed_results/suayptalha_Komodo-Llama-3.2-3B-v2-fp16/results_2024-11-20T01-03-58.085488.json,False,suayptalha/Komodo-Llama-3.2-3B-v2-fp16,komodollama323bv2fp16,20.204328973550357,24,6.268882175226587,7,20.20432897355036,10.649546827794564,3.552713678800501e-15,4.380664652567978
sumink_Qwenftmodel,real_attachments/C_efficiency_evolution/detailed_results/sumink_Qwenftmodel/results_2024-12-05T12-23-41.024721.json,False,sumink/Qwenftmodel,qwenftmodel,14.041351651308329,24,7.7039274924471295,7,14.041351651308329,8.91238670694864,0.0,1.2084592145015103
sumink_bbhqwen,real_attachments/C_efficiency_evolution/detailed_results/sumink_bbhqwen/results_2025-02-25T21-41-00.885835.json,False,sumink/bbhqwen,bbhqwen,6.631749430919455,24,1.0574018126888218,7,6.631749430919456,1.0574018126888218,8.881784197001252e-16,0.0
sumink_bbhqwen2,real_attachments/C_efficiency_evolution/detailed_results/sumink_bbhqwen2/results_2025-02-26T02-23-52.551465.json,False,sumink/bbhqwen2,bbhqwen2,3.8643035117477167,24,0.6042296072507553,7,3.8643035117477176,0.6042296072507553,8.881784197001252e-16,0.0
sumink_bbhqwen4,real_attachments/C_efficiency_evolution/detailed_results/sumink_bbhqwen4/results_2025-02-26T02-24-49.960421.json,False,sumink/bbhqwen4,bbhqwen4,4.892301412450124,24,0.6042296072507553,7,4.8923014124501245,0.6042296072507553,8.881784197001252e-16,0.0
sumink_bbhqwen5,real_attachments/C_efficiency_evolution/detailed_results/sumink_bbhqwen5/results_2025-02-26T03-28-13.192529.json,False,sumink/bbhqwen5,bbhqwen5,2.8132645692499794,24,0.22658610271903326,7,2.81326456924998,0.2265861027190332,4.440892098500626e-16,5.551115123125783e-17
sumink_bbhqwen6,real_attachments/C_efficiency_evolution/detailed_results/sumink_bbhqwen6/results_2025-02-26T02-59-59.806428.json,False,sumink/bbhqwen6,bbhqwen6,2.1297035019560346,24,0.0755287009063444,7,2.129703501956035,0.0755287009063444,4.440892098500626e-16,0.0
synergetic_FrankenQwen2.5-14B,real_attachments/C_efficiency_evolution/detailed_results/synergetic_FrankenQwen2.5-14B/results_2024-12-02T04-24-32.113248.json,False,synergetic/FrankenQwen2.5-14B,frankenqwen2514b,44.273555426330965,24,0.0,7,44.273555426330965,0.0,0.0,0.0
tangledgroup_tangled-llama-pints-1.5b-v0.1-instruct,real_attachments/C_efficiency_evolution/detailed_results/tangledgroup_tangled-llama-pints-1.5b-v0.1-instruct/results_2024-09-03T07-42-32.532079.json,False,tangledgroup/tangled-llama-pints-1.5b-v0.1-instruct,tangledllamapints15bv01instruct,3.8421954101765152,24,0.0755287009063444,7,3.8421954101765152,1.2084592145015105,0.0,1.1329305135951662
tanliboy_lambda-qwen2.5-14b-dpo-test,real_attachments/C_efficiency_evolution/detailed_results/tanliboy_lambda-qwen2.5-14b-dpo-test/results_2024-09-27T22-59-32.436873.json,False,tanliboy/lambda-qwen2.5-14b-dpo-test,lambdaqwen2514bdpotest,48.45443982860533,24,0.0,7,48.45443982860533,54.607250755287005,0.0,54.607250755287005
tanliboy_lambda-qwen2.5-32b-dpo-test,real_attachments/C_efficiency_evolution/detailed_results/tanliboy_lambda-qwen2.5-32b-dpo-test/results_2024-10-07T14-01-59.393600.json,False,tanliboy/lambda-qwen2.5-32b-dpo-test,lambdaqwen2532bdpotest,54.407960587062554,24,0.0,7,54.40796058706255,61.027190332326285,7.105427357601002e-15,61.027190332326285
tensopolis_falcon3-10b-tensopolis-v1,real_attachments/C_efficiency_evolution/detailed_results/tensopolis_falcon3-10b-tensopolis-v1/results_2025-02-01T06-40-26.814340.json,False,tensopolis/falcon3-10b-tensopolis-v1,falcon310btensopolisv1,42.646336595835194,24,20.01510574018127,7,45.05928024956778,27.492447129909365,2.412943653732583,7.477341389728096
tensopolis_mistral-small-2501-tensopolis-v1,real_attachments/C_efficiency_evolution/detailed_results/tensopolis_mistral-small-2501-tensopolis-v1/results_2025-02-18T18-47-42.969024.json,False,tensopolis/mistral-small-2501-tensopolis-v1,mistralsmall2501tensopolisv1,48.69323820052785,24,44.41087613293052,7,48.693238200527865,44.41087613293052,1.4210854715202004e-14,0.0
tensopolis_phi-4-tensopolis-v1,real_attachments/C_efficiency_evolution/detailed_results/tensopolis_phi-4-tensopolis-v1/results_2025-02-18T14-54-38.286634.json,False,tensopolis/phi-4-tensopolis-v1,phi4tensopolisv1,55.22758348750202,24,45.31722054380665,7,55.03657465495981,49.39577039274924,0.19100883254220946,4.078549848942593
tensopolis_qwen2.5-14b-tensopolis-v1,real_attachments/C_efficiency_evolution/detailed_results/tensopolis_qwen2.5-14b-tensopolis-v1/results_2025-02-01T13-12-37.238511.json,False,tensopolis/qwen2.5-14b-tensopolis-v1,qwen2514btensopolisv1,47.554838056722424,24,2.56797583081571,7,47.96504993841635,52.94561933534743,0.4102118816939253,50.37764350453172
tensopolis_qwen2.5-7b-tensopolis-v1,real_attachments/C_efficiency_evolution/detailed_results/tensopolis_qwen2.5-7b-tensopolis-v1/results_2025-02-25T00-48-31.801446.json,False,tensopolis/qwen2.5-7b-tensopolis-v1,qwen257btensopolisv1,33.16815884057645,24,38.14199395770393,7,34.78352811189759,45.61933534743202,1.6153692713211356,7.477341389728089
theo77186_Qwen2.5-Coder-7B-Instruct-20241106,real_attachments/C_efficiency_evolution/detailed_results/theo77186_Qwen2.5-Coder-7B-Instruct-20241106/results_2025-01-19T17-54-18.644052.json,False,theo77186/Qwen2.5-Coder-7B-Instruct-20241106,qwen25coder7binstruct20241106,28.938504045379144,24,3.3987915407854987,7,28.938504045379137,38.82175226586103,7.105427357601002e-15,35.422960725075534
theprint_CleverBoi-Llama-3.1-8B-Instruct,real_attachments/C_efficiency_evolution/detailed_results/theprint_CleverBoi-Llama-3.1-8B-Instruct/results_2024-09-14T02-44-59.748963.json,False,theprint/CleverBoi-Llama-3.1-8B-Instruct,cleverboillama318binstruct,24.048603081139298,24,2.416918429003021,7,24.04860308113929,4.909365558912387,7.105427357601002e-15,2.492447129909366
theprint_CleverBoi-Llama-3.1-8B-v2,real_attachments/C_efficiency_evolution/detailed_results/theprint_CleverBoi-Llama-3.1-8B-v2/results_2024-09-23T16-37-17.327998.json,False,theprint/CleverBoi-Llama-3.1-8B-v2,cleverboillama318bv2,24.132844977310704,24,4.45619335347432,7,24.132844977310707,5.287009063444108,3.552713678800501e-15,0.8308157099697882
theprint_ReWiz-Llama-3.1-8B-v2,real_attachments/C_efficiency_evolution/detailed_results/theprint_ReWiz-Llama-3.1-8B-v2/results_2024-11-06T19-12-21.680195.json,False,theprint/ReWiz-Llama-3.1-8B-v2,rewizllama318bv2,23.773287089432596,24,4.531722054380665,7,23.7732870894326,5.740181268882175,3.552713678800501e-15,1.2084592145015103
thomas-yanxin_XinYuan-Qwen2-1_5B,real_attachments/C_efficiency_evolution/detailed_results/thomas-yanxin_XinYuan-Qwen2-1_5B/results_2024-09-18T07-53-12.933479.json,False,thomas-yanxin/XinYuan-Qwen2-1_5B,xinyuanqwen215b,12.125579560037657,24,6.117824773413897,7,12.12557956003766,6.722054380664652,3.552713678800501e-15,0.6042296072507547
tianyil1_MistralForCausalLM_Cal_DPO,real_attachments/C_efficiency_evolution/detailed_results/tianyil1_MistralForCausalLM_Cal_DPO/results_2025-01-25T10-12-42.974648.json,False,tianyil1/MistralForCausalLM_Cal_DPO,mistralforcausallmcaldpo,21.783608387151766,24,2.8700906344410875,7,21.78360838715177,2.8700906344410875,3.552713678800501e-15,0.0
tiiuae_Falcon3-10B-Base,real_attachments/C_efficiency_evolution/detailed_results/tiiuae_Falcon3-10B-Base/results_2024-12-12T21-20-43.803477.json,False,tiiuae/Falcon3-10B-Base,falcon310bbase,41.37546218651795,24,24.773413897280967,7,41.37546218651794,24.924471299093657,7.105427357601002e-15,0.15105740181268956
tiiuae_Falcon3-1B-Instruct,real_attachments/C_efficiency_evolution/detailed_results/tiiuae_Falcon3-1B-Instruct/results_2024-12-16T10-36-28.445098.json,False,tiiuae/Falcon3-1B-Instruct,falcon31binstruct,12.961374062508185,24,1.283987915407855,7,12.961374062508185,6.3444108761329305,0.0,5.0604229607250755
tiiuae_Falcon3-3B-Base,real_attachments/C_efficiency_evolution/detailed_results/tiiuae_Falcon3-3B-Base/results_2024-12-13T11-06-08.865143.json,False,tiiuae/Falcon3-3B-Base,falcon33bbase,21.58478429377326,24,11.858006042296072,7,21.584784293773264,11.782477341389727,3.552713678800501e-15,0.07552870090634478
tiiuae_Falcon3-7B-Instruct,real_attachments/C_efficiency_evolution/detailed_results/tiiuae_Falcon3-7B-Instruct/results_2024-12-16T13-16-31.959114.json,False,tiiuae/Falcon3-7B-Instruct,falcon37binstruct,37.91581245917148,24,31.87311178247734,7,37.91581245917148,40.86102719033233,0.0,8.987915407854988
tiiuae_Falcon3-Mamba-7B-Instruct,real_attachments/C_efficiency_evolution/detailed_results/tiiuae_Falcon3-Mamba-7B-Instruct/results_2024-12-13T11-42-41.018624.json,False,tiiuae/Falcon3-Mamba-7B-Instruct,falcon3mamba7binstruct,25.20350517239808,24,27.26586102719033,7,25.20350517239808,30.06042296072508,0.0,2.7945619335347516
tiiuae_falcon-11B,real_attachments/C_efficiency_evolution/detailed_results/tiiuae_falcon-11B/results_2024-06-17T17-56-25.833143.json,False,tiiuae/falcon-11B,falcon11b,21.93799946289027,24,2.3413897280966767,7,21.937999462890275,2.794561933534743,3.552713678800501e-15,0.45317220543806647
tiiuae_falcon-40b,real_attachments/C_efficiency_evolution/detailed_results/tiiuae_falcon-40b/results_2024-06-20T06-09-03.551737.json,False,tiiuae/falcon-40b,falcon40b,16.58330473031217,24,1.3595166163141994,7,16.583304730312175,1.812688821752266,3.552713678800501e-15,0.4531722054380667
tiiuae_falcon-mamba-7b,real_attachments/C_efficiency_evolution/detailed_results/tiiuae_falcon-mamba-7b/results_2024-07-23T11-58-56.964566.json,False,tiiuae/falcon-mamba-7b,falconmamba7b,19.876877803543437,24,3.625377643504532,7,19.87687780354344,4.45619335347432,3.552713678800501e-15,0.8308157099697877
tinycompany_ShawtyIsBad-bgem3,real_attachments/C_efficiency_evolution/detailed_results/tinycompany_ShawtyIsBad-bgem3/results_2025-03-08T08-32-58.921643.json,False,tinycompany/ShawtyIsBad-bgem3,shawtyisbadbgem3,13.857811570359896,24,4.833836858006042,7,13.857811570359898,4.833836858006042,1.7763568394002505e-15,0.0
tinycompany_ShawtyIsBad-e5-large,real_attachments/C_efficiency_evolution/detailed_results/tinycompany_ShawtyIsBad-e5-large/results_2025-03-08T08-45-33.614567.json,False,tinycompany/ShawtyIsBad-e5-large,shawtyisbade5large,14.177224162496438,24,4.531722054380665,7,14.177224162496438,4.531722054380665,0.0,0.0
tinycompany_ShawtyIsBad-nomic1.5,real_attachments/C_efficiency_evolution/detailed_results/tinycompany_ShawtyIsBad-nomic1.5/results_2025-03-08T17-51-05.875611.json,False,tinycompany/ShawtyIsBad-nomic1.5,shawtyisbadnomic15,14.217971903055156,24,4.305135951661631,7,14.217971903055156,4.305135951661631,0.0,0.0
tugstugi_Qwen2.5-7B-Instruct-QwQ-v0.1,real_attachments/C_efficiency_evolution/detailed_results/tugstugi_Qwen2.5-7B-Instruct-QwQ-v0.1/results_2025-01-20T01-06-51.096821.json,False,tugstugi/Qwen2.5-7B-Instruct-QwQ-v0.1,qwen257binstructqwqv01,30.49889389653247,24,14.577039274924472,7,30.49889389653247,38.14199395770393,0.0,23.564954682779458
unsloth_Llama-3.2-1B-Instruct-no-system-message,real_attachments/C_efficiency_evolution/detailed_results/unsloth_Llama-3.2-1B-Instruct-no-system-message/results_2025-01-24T03-48-55.154490.json,False,unsloth/Llama-3.2-1B-Instruct-no-system-message,llama321binstructnosystemmessage,9.386371925607728,24,3.474320241691843,7,9.386371925607728,7.552870090634441,0.0,4.078549848942598
unsloth_phi-4-unsloth-bnb-4bit,real_attachments/C_efficiency_evolution/detailed_results/unsloth_phi-4-unsloth-bnb-4bit/results_2025-01-09T10-28-37.423992.json,False,unsloth/phi-4-unsloth-bnb-4bit,phi4unslothbnb4bit,53.840081059320376,24,20.01510574018127,7,53.84008105932037,45.61933534743202,7.105427357601002e-15,25.60422960725075
uukuguy_speechless-code-mistral-7b-v1.0,real_attachments/C_efficiency_evolution/detailed_results/uukuguy_speechless-code-mistral-7b-v1.0/results_2024-07-22T12-34-36.172307.json,False,uukuguy/speechless-code-mistral-7b-v1.0,speechlesscodemistral7bv10,24.091412067845628,24,4.607250755287009,7,24.091412067845624,5.211480362537765,3.552713678800501e-15,0.6042296072507565
uukuguy_speechless-instruct-mistral-7b-v0.2,real_attachments/C_efficiency_evolution/detailed_results/uukuguy_speechless-instruct-mistral-7b-v0.2/results_2024-08-13T03-33-29.481718.json,False,uukuguy/speechless-instruct-mistral-7b-v0.2,speechlessinstructmistral7bv02,24.558747365322688,24,4.380664652567976,7,24.558747365322688,4.909365558912387,0.0,0.5287009063444108
uukuguy_speechless-llama2-hermes-orca-platypus-wizardlm-13b,real_attachments/C_efficiency_evolution/detailed_results/uukuguy_speechless-llama2-hermes-orca-platypus-wizardlm-13b/results_2024-08-13T04-12-53.046407.json,False,uukuguy/speechless-llama2-hermes-orca-platypus-wizardlm-13b,speechlessllama2hermesorcaplatypuswizardlm13b,26.791727294234217,24,1.4350453172205437,7,26.79172729423422,2.0392749244713,3.552713678800501e-15,0.6042296072507565
v000000_Qwen2.5-14B-Gutenberg-1e-Delta,real_attachments/C_efficiency_evolution/detailed_results/v000000_Qwen2.5-14B-Gutenberg-1e-Delta/results_2024-09-28T11-15-58.328773.json,False,v000000/Qwen2.5-14B-Gutenberg-1e-Delta,qwen2514bgutenberg1edelta,48.6166718794722,24,0.0,7,48.6166718794722,52.64350453172205,0.0,52.64350453172205
v000000_Qwen2.5-Lumen-14B,real_attachments/C_efficiency_evolution/detailed_results/v000000_Qwen2.5-Lumen-14B/results_2024-10-02T02-58-23.331254.json,False,v000000/Qwen2.5-Lumen-14B,qwen25lumen14b,48.50786084405762,24,0.0,7,48.50786084405761,53.625377643504535,7.105427357601002e-15,53.625377643504535
vhab10_Llama-3.1-8B-Base-Instruct-SLERP,real_attachments/C_efficiency_evolution/detailed_results/vhab10_Llama-3.1-8B-Base-Instruct-SLERP/results_2024-10-04T14-02-43.313749.json,False,vhab10/Llama-3.1-8B-Base-Instruct-SLERP,llama318bbaseinstructslerp,29.92604162309261,24,10.498489425981873,7,29.92604162309261,12.009063444108762,0.0,1.5105740181268885
vhab10_Llama-3.2-Instruct-3B-TIES,real_attachments/C_efficiency_evolution/detailed_results/vhab10_Llama-3.2-Instruct-3B-TIES/results_2024-11-23T13-02-17.445185.json,False,vhab10/Llama-3.2-Instruct-3B-TIES,llama32instruct3bties,19.183159360187965,24,9.592145015105741,7,19.183159360187968,9.818731117824774,3.552713678800501e-15,0.22658610271903257
vhab10_llama-3-8b-merged-linear,real_attachments/C_efficiency_evolution/detailed_results/vhab10_llama-3-8b-merged-linear/results_2024-09-26T16-47-03.367890.json,False,vhab10/llama-3-8b-merged-linear,llama38bmergedlinear,27.816051327740794,24,7.175226586102719,7,27.8160513277408,8.157099697885197,7.105427357601002e-15,0.9818731117824786
vicgalle_Configurable-Hermes-2-Pro-Llama-3-8B,real_attachments/C_efficiency_evolution/detailed_results/vicgalle_Configurable-Hermes-2-Pro-Llama-3-8B/results_2024-07-31T15-11-17.909344.json,False,vicgalle/Configurable-Hermes-2-Pro-Llama-3-8B,configurablehermes2prollama38b,30.509624748954778,24,5.966767371601208,7,30.50962474895478,7.628398791540786,3.552713678800501e-15,1.6616314199395772
vicgalle_Humanish-RP-Llama-3.1-8B,real_attachments/C_efficiency_evolution/detailed_results/vicgalle_Humanish-RP-Llama-3.1-8B/results_2024-08-12T18-10-33.666915.json,False,vicgalle/Humanish-RP-Llama-3.1-8B,humanishrpllama318b,29.958560315236678,24,13.670694864048338,7,29.95856031523668,15.181268882175228,3.552713678800501e-15,1.5105740181268903
vicgalle_Roleplay-Llama-3-8B,real_attachments/C_efficiency_evolution/detailed_results/vicgalle_Roleplay-Llama-3-8B/results_2024-06-28T08-38-22.786427.json,False,vicgalle/Roleplay-Llama-3-8B,roleplayllama38b,28.554603909240623,24,8.685800604229607,7,28.554603909240623,9.138972809667674,0.0,0.4531722054380669
vonjack_Qwen2.5-Coder-0.5B-Merged,real_attachments/C_efficiency_evolution/detailed_results/vonjack_Qwen2.5-Coder-0.5B-Merged/results_2024-11-20T00-06-17.841413.json,False,vonjack/Qwen2.5-Coder-0.5B-Merged,qwen25coder05bmerged,3.588738438643756,24,0.0,7,3.588738438643756,3.776435045317221,0.0,3.776435045317221
wave-on-discord_qwent-7b,real_attachments/C_efficiency_evolution/detailed_results/wave-on-discord_qwent-7b/results_2024-10-01T03-14-19.789003.json,False,wave-on-discord/qwent-7b,qwent7b,18.066398100675865,24,0.0,7,18.066398100675865,0.3776435045317221,0.0,0.3776435045317221
weathermanj_Menda-3b-Optim-100,real_attachments/C_efficiency_evolution/detailed_results/weathermanj_Menda-3b-Optim-100/results_2025-03-10T22-28-20.086194.json,False,weathermanj/Menda-3b-Optim-100,menda3boptim100,26.0240321641053,24,37.160120845921455,7,26.024032164105297,37.160120845921455,3.552713678800501e-15,0.0
win10_EVA-Norns-Qwen2.5-v0.1,real_attachments/C_efficiency_evolution/detailed_results/win10_EVA-Norns-Qwen2.5-v0.1/results_2024-11-19T23-36-26.139733.json,False,win10/EVA-Norns-Qwen2.5-v0.1,evanornsqwen25v01,30.06094150146786,24,15.483383685800604,7,30.06094150146785,26.132930513595166,1.0658141036401503e-14,10.649546827794563
win10_Norns-Qwen2.5-12B,real_attachments/C_efficiency_evolution/detailed_results/win10_Norns-Qwen2.5-12B/results_2024-11-20T02-10-23.946831.json,False,win10/Norns-Qwen2.5-12B,nornsqwen2512b,23.76925747689573,24,0.4531722054380665,7,23.76925747689573,8.38368580060423,0.0,7.930513595166163
win10_Norns-Qwen2.5-7B,real_attachments/C_efficiency_evolution/detailed_results/win10_Norns-Qwen2.5-7B/results_2024-11-19T23-36-10.410545.json,False,win10/Norns-Qwen2.5-7B,nornsqwen257b,30.250415044309648,24,15.55891238670695,7,30.250415044309648,26.28398791540785,0.0,10.725075528700899
win10_Qwen2.5-2B-Instruct,real_attachments/C_efficiency_evolution/detailed_results/win10_Qwen2.5-2B-Instruct/results_2024-12-20T23-57-48.525040.json,False,win10/Qwen2.5-2B-Instruct,qwen252binstruct,12.071945685704751,24,0.1510574018126888,7,12.07194568570475,2.2658610271903323,1.7763568394002505e-15,2.1148036253776437
wzhouad_gemma-2-9b-it-WPO-HB,real_attachments/C_efficiency_evolution/detailed_results/wzhouad_gemma-2-9b-it-WPO-HB/results_2025-01-08T04-51-06.266732.json,False,wzhouad/gemma-2-9b-it-WPO-HB,gemma29bitwpohb,36.66169583479774,24,0.0,7,36.66169583479774,15.332326283987916,0.0,15.332326283987916
x0000001_Deepseek-Lumen-R1-Qwen2.5-14B,real_attachments/C_efficiency_evolution/detailed_results/x0000001_Deepseek-Lumen-R1-Qwen2.5-14B/results_2025-01-30T04-29-30.938714.json,False,x0000001/Deepseek-Lumen-R1-Qwen2.5-14B,deepseeklumenr1qwen2514b,22.72525975080962,24,0.1510574018126888,7,22.725259750809624,27.794561933534744,3.552713678800501e-15,27.643504531722055
xinchen9_Llama3.1_8B_Instruct_CoT,real_attachments/C_efficiency_evolution/detailed_results/xinchen9_Llama3.1_8B_Instruct_CoT/results_2024-09-18T04-49-40.558012.json,False,xinchen9/Llama3.1_8B_Instruct_CoT,llama318binstructcot,22.06017309137575,24,4.607250755287009,7,21.14286611806116,6.042296072507553,0.917306973314588,1.4350453172205446
xinchen9_Llama3.1_CoT_V1,real_attachments/C_efficiency_evolution/detailed_results/xinchen9_Llama3.1_CoT_V1/results_2024-09-10T17-43-01.266913.json,False,xinchen9/Llama3.1_CoT_V1,llama31cotv1,20.166003338515427,24,1.2084592145015105,7,20.166003338515427,3.3232628398791544,0.0,2.114803625377644
xinchen9_Mistral-7B-CoT,real_attachments/C_efficiency_evolution/detailed_results/xinchen9_Mistral-7B-CoT/results_2024-09-19T06-54-45.305377.json,False,xinchen9/Mistral-7B-CoT,mistral7bcot,14.80619341451162,24,1.812688821752266,7,14.80619341451162,2.492447129909366,0.0,0.6797583081570997
xkp24_Llama-3-8B-Instruct-SPPO-Iter2_gp_2b-table,real_attachments/C_efficiency_evolution/detailed_results/xkp24_Llama-3-8B-Instruct-SPPO-Iter2_gp_2b-table/results_2024-09-30T08-02-09.476119.json,False,xkp24/Llama-3-8B-Instruct-SPPO-Iter2_gp_2b-table,llama38binstructsppoiter2gp2btable,27.695199510550033,24,5.966767371601208,7,27.69519951055004,8.91238670694864,7.105427357601002e-15,2.9456193353474314
xkp24_Llama-3-8B-Instruct-SPPO-Iter2_gp_8b-table,real_attachments/C_efficiency_evolution/detailed_results/xkp24_Llama-3-8B-Instruct-SPPO-Iter2_gp_8b-table/results_2024-09-30T08-55-19.449352.json,False,xkp24/Llama-3-8B-Instruct-SPPO-Iter2_gp_8b-table,llama38binstructsppoiter2gp8btable,28.508587310114304,24,6.948640483383686,7,28.508587310114308,8.610271903323262,3.552713678800501e-15,1.6616314199395763
xkp24_Llama-3-8B-Instruct-SPPO-score-Iter2_gp_8b-table-0.002,real_attachments/C_efficiency_evolution/detailed_results/xkp24_Llama-3-8B-Instruct-SPPO-score-Iter2_gp_8b-table-0.002/results_2024-10-02T02-36-39.927047.json,False,xkp24/Llama-3-8B-Instruct-SPPO-score-Iter2_gp_8b-table-0.002,llama38binstructspposcoreiter2gp8btable0002,28.046977965255564,24,6.419939577039275,7,28.046977965255564,9.365558912386708,0.0,2.945619335347433
xukp20_Llama-3-8B-Instruct-SPPO-Iter3_bt_2b-table,real_attachments/C_efficiency_evolution/detailed_results/xukp20_Llama-3-8B-Instruct-SPPO-Iter3_bt_2b-table/results_2024-09-29T03-19-27.914131.json,False,xukp20/Llama-3-8B-Instruct-SPPO-Iter3_bt_2b-table,llama38binstructsppoiter3bt2btable,26.866404089240508,24,7.552870090634441,7,26.866404089240515,9.969788519637463,7.105427357601002e-15,2.4169184290030223
xukp20_Llama-3-8B-Instruct-SPPO-Iter3_bt_8b-table,real_attachments/C_efficiency_evolution/detailed_results/xukp20_Llama-3-8B-Instruct-SPPO-Iter3_bt_8b-table/results_2024-09-29T02-50-37.872205.json,False,xukp20/Llama-3-8B-Instruct-SPPO-Iter3_bt_8b-table,llama38binstructsppoiter3bt8btable,29.731239401807493,24,7.7039274924471295,7,29.73123940180749,9.667673716012084,3.552713678800501e-15,1.9637462235649545
xukp20_Llama-3-8B-Instruct-SPPO-Iter3_gp_2b-table,real_attachments/C_efficiency_evolution/detailed_results/xukp20_Llama-3-8B-Instruct-SPPO-Iter3_gp_2b-table/results_2024-09-29T03-03-23.153786.json,False,xukp20/Llama-3-8B-Instruct-SPPO-Iter3_gp_2b-table,llama38binstructsppoiter3gp2btable,27.89240326309021,24,8.006042296072508,7,27.892403263090213,10.42296072507553,3.552713678800501e-15,2.4169184290030223
yam-peleg_Hebrew-Mistral-7B,real_attachments/C_efficiency_evolution/detailed_results/yam-peleg_Hebrew-Mistral-7B/results_2024-07-29T09-03-40.276470.json,False,yam-peleg/Hebrew-Mistral-7B,hebrewmistral7b,20.176940422218426,24,4.531722054380665,7,20.176940422218426,4.984894259818732,0.0,0.4531722054380669
yfzp_Llama-3-8B-Instruct-SPPO-Iter1_bt_2b-table,real_attachments/C_efficiency_evolution/detailed_results/yfzp_Llama-3-8B-Instruct-SPPO-Iter1_bt_2b-table/results_2024-09-30T03-09-25.381758.json,False,yfzp/Llama-3-8B-Instruct-SPPO-Iter1_bt_2b-table,llama38binstructsppoiter1bt2btable,28.170106538118223,24,6.873111782477341,7,28.170106538118223,11.178247734138973,0.0,4.305135951661631
yfzp_Llama-3-8B-Instruct-SPPO-Iter1_bt_8b-table,real_attachments/C_efficiency_evolution/detailed_results/yfzp_Llama-3-8B-Instruct-SPPO-Iter1_bt_8b-table/results_2024-09-30T03-04-53.482652.json,False,yfzp/Llama-3-8B-Instruct-SPPO-Iter1_bt_8b-table,llama38binstructsppoiter1bt8btable,29.308127928492556,24,9.06344410876133,7,29.30812792849256,10.347432024169184,3.552713678800501e-15,1.2839879154078542
yfzp_Llama-3-8B-Instruct-SPPO-Iter1_gp_2b-table,real_attachments/C_efficiency_evolution/detailed_results/yfzp_Llama-3-8B-Instruct-SPPO-Iter1_gp_2b-table/results_2024-09-29T15-12-59.528765.json,False,yfzp/Llama-3-8B-Instruct-SPPO-Iter1_gp_2b-table,llama38binstructsppoiter1gp2btable,27.469588233937547,24,8.836858006042297,7,27.469588233937547,11.253776435045316,0.0,2.416918429003019
yfzp_Llama-3-8B-Instruct-SPPO-Iter1_gp_8b-table,real_attachments/C_efficiency_evolution/detailed_results/yfzp_Llama-3-8B-Instruct-SPPO-Iter1_gp_8b-table/results_2024-09-29T15-24-35.214199.json,False,yfzp/Llama-3-8B-Instruct-SPPO-Iter1_gp_8b-table,llama38binstructsppoiter1gp8btable,28.604424224788854,24,8.610271903323262,7,28.60442422478885,9.894259818731117,3.552713678800501e-15,1.2839879154078542
yfzp_Llama-3-8B-Instruct-SPPO-score-Iter1_bt_2b-table-0.001,real_attachments/C_efficiency_evolution/detailed_results/yfzp_Llama-3-8B-Instruct-SPPO-score-Iter1_bt_2b-table-0.001/results_2024-09-30T03-05-19.684483.json,False,yfzp/Llama-3-8B-Instruct-SPPO-score-Iter1_bt_2b-table-0.001,llama38binstructspposcoreiter1bt2btable0001,28.099198851257672,24,4.531722054380665,7,28.09919885125768,10.120845921450153,7.105427357601002e-15,5.589123867069488
yfzp_Llama-3-8B-Instruct-SPPO-score-Iter1_gp_2b-table-0.001,real_attachments/C_efficiency_evolution/detailed_results/yfzp_Llama-3-8B-Instruct-SPPO-score-Iter1_gp_2b-table-0.001/results_2024-09-29T15-18-45.245227.json,False,yfzp/Llama-3-8B-Instruct-SPPO-score-Iter1_gp_2b-table-0.001,llama38binstructspposcoreiter1gp2btable0001,27.82525272195498,24,6.722054380664652,7,27.82525272195498,9.365558912386708,0.0,2.6435045317220567
yfzp_Llama-3-8B-Instruct-SPPO-score-Iter1_gp_8b-table-0.002,real_attachments/C_efficiency_evolution/detailed_results/yfzp_Llama-3-8B-Instruct-SPPO-score-Iter1_gp_8b-table-0.002/results_2024-09-29T15-31-50.382131.json,False,yfzp/Llama-3-8B-Instruct-SPPO-score-Iter1_gp_8b-table-0.002,llama38binstructspposcoreiter1gp8btable0002,28.120615169964484,24,6.570996978851963,7,28.12061516996449,8.685800604229607,7.105427357601002e-15,2.114803625377644
yifAI_Llama-3-8B-Instruct-SPPO-score-Iter3_gp_8b-table-0.002,real_attachments/C_efficiency_evolution/detailed_results/yifAI_Llama-3-8B-Instruct-SPPO-score-Iter3_gp_8b-table-0.002/results_2024-09-30T03-03-28.510156.json,False,yifAI/Llama-3-8B-Instruct-SPPO-score-Iter3_gp_8b-table-0.002,llama38binstructspposcoreiter3gp8btable0002,27.281063922870928,24,6.193353474320242,7,27.28106392287093,7.552870090634441,3.552713678800501e-15,1.359516616314199
ymcki_gemma-2-2b-ORPO-jpn-it-abliterated-18,real_attachments/C_efficiency_evolution/detailed_results/ymcki_gemma-2-2b-ORPO-jpn-it-abliterated-18/results_2024-10-30T19-59-00.170912.json,False,ymcki/gemma-2-2b-ORPO-jpn-it-abliterated-18,gemma22borpojpnitabliterated18,17.68068273470398,24,0.0,7,16.30199203988385,4.305135951661631,1.3786906948201292,4.305135951661631
ymcki_gemma-2-2b-ORPO-jpn-it-abliterated-18-merge,real_attachments/C_efficiency_evolution/detailed_results/ymcki_gemma-2-2b-ORPO-jpn-it-abliterated-18-merge/results_2024-10-30T17-06-58.119904.json,False,ymcki/gemma-2-2b-ORPO-jpn-it-abliterated-18-merge,gemma22borpojpnitabliterated18merge,13.319845670425826,24,2.492447129909366,7,17.34833699622109,5.438066465256798,4.0284913257952635,2.945619335347432
ymcki_gemma-2-2b-jpn-it-abliterated-17,real_attachments/C_efficiency_evolution/detailed_results/ymcki_gemma-2-2b-jpn-it-abliterated-17/results_2024-10-17T11-26-10.721815.json,False,ymcki/gemma-2-2b-jpn-it-abliterated-17,gemma22bjpnitabliterated17,2.4813002167796685,24,0.0,7,16.23474918432881,3.8519637462235647,13.75344896754914,3.8519637462235647
ymcki_gemma-2-2b-jpn-it-abliterated-17-18-24,real_attachments/C_efficiency_evolution/detailed_results/ymcki_gemma-2-2b-jpn-it-abliterated-17-18-24/results_2024-11-06T19-05-49.169139.json,False,ymcki/gemma-2-2b-jpn-it-abliterated-17-18-24,gemma22bjpnitabliterated171824,13.114728218255618,24,0.0,7,13.114728218255616,2.56797583081571,1.7763568394002505e-15,2.56797583081571
ymcki_gemma-2-2b-jpn-it-abliterated-17-ORPO-alpaca,real_attachments/C_efficiency_evolution/detailed_results/ymcki_gemma-2-2b-jpn-it-abliterated-17-ORPO-alpaca/results_2024-10-27T13-22-32.303741.json,False,ymcki/gemma-2-2b-jpn-it-abliterated-17-ORPO-alpaca,gemma22bjpnitabliterated17orpoalpaca,16.922412033306475,24,0.0755287009063444,7,16.922412033306475,3.2477341389728096,0.0,3.1722054380664653
yuvraj17_Llama3-8B-SuperNova-Spectrum-Hermes-DPO,real_attachments/C_efficiency_evolution/detailed_results/yuvraj17_Llama3-8B-SuperNova-Spectrum-Hermes-DPO/results_2024-10-01T08-33-11.491722.json,False,yuvraj17/Llama3-8B-SuperNova-Spectrum-Hermes-DPO,llama38bsupernovaspectrumhermesdpo,21.238562899271304,24,5.13595166163142,7,21.238562899271304,5.664652567975831,0.0,0.5287009063444108
yuvraj17_Llama3-8B-SuperNova-Spectrum-dare_ties,real_attachments/C_efficiency_evolution/detailed_results/yuvraj17_Llama3-8B-SuperNova-Spectrum-dare_ties/results_2024-09-27T19-05-22.624706.json,False,yuvraj17/Llama3-8B-SuperNova-Spectrum-dare_ties,llama38bsupernovaspectrumdareties,23.492187889680057,24,7.401812688821751,7,23.492187889680057,8.459214501510575,0.0,1.0574018126888234
yuvraj17_Llama3-8B-abliterated-Spectrum-slerp,real_attachments/C_efficiency_evolution/detailed_results/yuvraj17_Llama3-8B-abliterated-Spectrum-slerp/results_2024-09-23T18-22-53.409708.json,False,yuvraj17/Llama3-8B-abliterated-Spectrum-slerp,llama38babliteratedspectrumslerp,28.546929760960722,24,5.287009063444108,7,28.54692976096071,6.042296072507553,1.0658141036401503e-14,0.7552870090634451
zake7749_gemma-2-2b-it-chinese-kyara-dpo,real_attachments/C_efficiency_evolution/detailed_results/zake7749_gemma-2-2b-it-chinese-kyara-dpo/results_2024-10-17T04-10-42.957748.json,False,zake7749/gemma-2-2b-it-chinese-kyara-dpo,gemma22bitchinesekyaradpo,19.061804188812648,24,6.117824773413897,7,19.061804188812648,8.38368580060423,0.0,2.2658610271903328
zelk12_MT-Gen1-gemma-2-9B,real_attachments/C_efficiency_evolution/detailed_results/zelk12_MT-Gen1-gemma-2-9B/results_2024-10-23T21-24-17.413275.json,False,zelk12/MT-Gen1-gemma-2-9B,mtgen1gemma29b,44.011246688867445,24,12.084592145015106,7,44.01124668886745,22.20543806646526,7.105427357601002e-15,10.120845921450153
zelk12_MT-Gen2-GI-gemma-2-9B,real_attachments/C_efficiency_evolution/detailed_results/zelk12_MT-Gen2-GI-gemma-2-9B/results_2024-11-29T22-30-55.978828.json,False,zelk12/MT-Gen2-GI-gemma-2-9B,mtgen2gigemma29b,44.00259101447648,24,13.36858006042296,7,44.00259101447648,22.05438066465257,0.0,8.685800604229609
zelk12_MT-Gen2-gemma-2-9B,real_attachments/C_efficiency_evolution/detailed_results/zelk12_MT-Gen2-gemma-2-9B/results_2024-11-10T22-32-55.379788.json,False,zelk12/MT-Gen2-gemma-2-9B,mtgen2gemma29b,44.107781530976425,24,14.879154078549849,7,44.10778153097642,21.90332326283988,7.105427357601002e-15,7.024169184290031
zelk12_MT-Gen3-gemma-2-9B,real_attachments/C_efficiency_evolution/detailed_results/zelk12_MT-Gen3-gemma-2-9B/results_2024-11-30T14-08-57.787789.json,False,zelk12/MT-Gen3-gemma-2-9B,mtgen3gemma29b,43.95064827244946,24,11.404833836858005,7,43.95064827244946,22.9607250755287,0.0,11.555891238670695
zelk12_MT-Gen6-gemma-2-9B,real_attachments/C_efficiency_evolution/detailed_results/zelk12_MT-Gen6-gemma-2-9B/results_2025-01-24T01-42-30.885051.json,False,zelk12/MT-Gen6-gemma-2-9B,mtgen6gemma29b,39.39691509660613,24,0.0,7,39.39691509660613,8.23262839879154,0.0,8.23262839879154
zelk12_MT-Gen7-gemma-2-9B,real_attachments/C_efficiency_evolution/detailed_results/zelk12_MT-Gen7-gemma-2-9B/results_2025-02-25T02-04-11.408754.json,False,zelk12/MT-Gen7-gemma-2-9B,mtgen7gemma29b,40.93907104389602,24,8.91238670694864,7,40.93907104389604,8.91238670694864,2.1316282072803006e-14,0.0
zelk12_MT-Merge-gemma-2-9B,real_attachments/C_efficiency_evolution/detailed_results/zelk12_MT-Merge-gemma-2-9B/results_2024-10-23T19-38-04.039402.json,False,zelk12/MT-Merge-gemma-2-9B,mtmergegemma29b,44.320841821032744,24,11.933534743202417,7,44.32084182103274,22.05438066465257,7.105427357601002e-15,10.120845921450153
zelk12_MT-Merge2-MU-gemma-2-MTg2MT1g2-9B,real_attachments/C_efficiency_evolution/detailed_results/zelk12_MT-Merge2-MU-gemma-2-MTg2MT1g2-9B/results_2024-11-29T22-29-59.697100.json,False,zelk12/MT-Merge2-MU-gemma-2-MTg2MT1g2-9B,mtmerge2mugemma2mtg2mt1g29b,43.840199946938355,24,13.821752265861026,7,43.84019994693836,21.827794561933533,7.105427357601002e-15,8.006042296072508
zelk12_MT-Merge4-gemma-2-9B,real_attachments/C_efficiency_evolution/detailed_results/zelk12_MT-Merge4-gemma-2-9B/results_2024-12-21T19-08-08.651796.json,False,zelk12/MT-Merge4-gemma-2-9B,mtmerge4gemma29b,44.05349239999947,24,18.806646525679756,7,44.05349239999947,21.676737160120847,0.0,2.870090634441091
zelk12_MT-Merge6-gemma-2-9B,real_attachments/C_efficiency_evolution/detailed_results/zelk12_MT-Merge6-gemma-2-9B/results_2025-02-25T03-01-55.229984.json,False,zelk12/MT-Merge6-gemma-2-9B,mtmerge6gemma29b,41.32196105730411,24,8.006042296072508,7,41.32196105730412,8.006042296072508,1.4210854715202004e-14,0.0
zelk12_MT1-Gen2-gemma-2-9B,real_attachments/C_efficiency_evolution/detailed_results/zelk12_MT1-Gen2-gemma-2-9B/results_2024-11-11T20-13-38.140139.json,False,zelk12/MT1-Gen2-gemma-2-9B,mt1gen2gemma29b,43.91919055805057,24,11.329305135951662,7,43.91919055805058,22.507552870090635,7.105427357601002e-15,11.178247734138973
zelk12_MT1-Gen5-gemma-2-9B,real_attachments/C_efficiency_evolution/detailed_results/zelk12_MT1-Gen5-gemma-2-9B/results_2024-12-25T20-34-21.650551.json,False,zelk12/MT1-Gen5-gemma-2-9B,mt1gen5gemma29b,42.49676419899819,24,3.2477341389728096,7,42.49676419899819,20.77039274924472,0.0,17.52265861027191
zelk12_MT1-gemma-2-9B,real_attachments/C_efficiency_evolution/detailed_results/zelk12_MT1-gemma-2-9B/results_2024-10-17T12-20-18.137349.json,False,zelk12/MT1-gemma-2-9B,mt1gemma29b,44.16152621661877,24,13.36858006042296,7,44.16152621661877,22.356495468277945,0.0,8.987915407854985
zelk12_MT2-Gen1-gemma-2-9B,real_attachments/C_efficiency_evolution/detailed_results/zelk12_MT2-Gen1-gemma-2-9B/results_2024-10-27T22-45-53.785140.json,False,zelk12/MT2-Gen1-gemma-2-9B,mt2gen1gemma29b,44.141103157274806,24,10.120845921450151,7,44.141103157274806,22.12990936555892,0.0,12.009063444108769
zelk12_MT2-Gen2-gemma-2-9B,real_attachments/C_efficiency_evolution/detailed_results/zelk12_MT2-Gen2-gemma-2-9B/results_2024-11-12T18-32-55.388652.json,False,zelk12/MT2-Gen2-gemma-2-9B,mt2gen2gemma29b,44.04450256220758,24,14.803625377643503,7,44.04450256220759,21.827794561933533,7.105427357601002e-15,7.024169184290031
zelk12_MT2-Gen3-gemma-2-9B,real_attachments/C_efficiency_evolution/detailed_results/zelk12_MT2-Gen3-gemma-2-9B/results_2024-12-05T10-21-35.003790.json,False,zelk12/MT2-Gen3-gemma-2-9B,mt2gen3gemma29b,44.00727405884392,24,13.293051359516618,7,44.007274058843926,21.07250755287009,7.105427357601002e-15,7.779456193353472
zelk12_MT2-Gen4-gemma-2-9B,real_attachments/C_efficiency_evolution/detailed_results/zelk12_MT2-Gen4-gemma-2-9B/results_2024-12-18T05-23-35.675576.json,False,zelk12/MT2-Gen4-gemma-2-9B,mt2gen4gemma29b,43.778361681045226,24,8.308157099697885,7,43.778361681045226,22.356495468277945,0.0,14.04833836858006
zelk12_MT2-Gen5-gemma-2-9B,real_attachments/C_efficiency_evolution/detailed_results/zelk12_MT2-Gen5-gemma-2-9B/results_2024-12-25T21-16-19.023125.json,False,zelk12/MT2-Gen5-gemma-2-9B,mt2gen5gemma29b,43.12428137338582,24,6.3444108761329305,7,43.12428137338583,21.07250755287009,7.105427357601002e-15,14.72809667673716
zelk12_MT2-Gen6-gemma-2-9B,real_attachments/C_efficiency_evolution/detailed_results/zelk12_MT2-Gen6-gemma-2-9B/results_2025-02-06T03-58-58.215439.json,False,zelk12/MT2-Gen6-gemma-2-9B,mt2gen6gemma29b,41.771094311913785,24,0.0,7,41.771094311913785,8.459214501510575,0.0,8.459214501510575
zelk12_MT2-Max-Merge_02012025163610-gemma-2-9B,real_attachments/C_efficiency_evolution/detailed_results/zelk12_MT2-Max-Merge_02012025163610-gemma-2-9B/results_2025-01-08T05-03-03.850406.json,False,zelk12/MT2-Max-Merge_02012025163610-gemma-2-9B,mt2maxmerge02012025163610gemma29b,44.04081717896338,24,16.993957703927492,7,44.04081717896338,22.432024169184288,0.0,5.438066465256796
zelk12_MT3-Gen1-gemma-2-9B,real_attachments/C_efficiency_evolution/detailed_results/zelk12_MT3-Gen1-gemma-2-9B/results_2024-10-29T01-41-50.029786.json,False,zelk12/MT3-Gen1-gemma-2-9B,mt3gen1gemma29b,44.119494687402835,24,3.2477341389728096,7,44.11949468740284,21.45015105740181,7.105427357601002e-15,18.202416918429
zelk12_MT3-Gen2-gemma-2-9B,real_attachments/C_efficiency_evolution/detailed_results/zelk12_MT3-Gen2-gemma-2-9B/results_2024-11-21T18-43-33.559212.json,False,zelk12/MT3-Gen2-gemma-2-9B,mt3gen2gemma29b,43.940225749254964,24,2.0392749244712993,7,43.94022574925496,22.356495468277945,7.105427357601002e-15,20.317220543806645
zelk12_MT3-Gen3-gemma-2-9B,real_attachments/C_efficiency_evolution/detailed_results/zelk12_MT3-Gen3-gemma-2-9B/results_2024-12-08T00-57-24.501650.json,False,zelk12/MT3-Gen3-gemma-2-9B,mt3gen3gemma29b,43.78374025194924,24,9.06344410876133,7,43.78374025194924,21.52567975830816,0.0,12.462235649546832
zelk12_MT3-Gen4-gemma-2-9B,real_attachments/C_efficiency_evolution/detailed_results/zelk12_MT3-Gen4-gemma-2-9B/results_2024-12-18T05-51-16.035979.json,False,zelk12/MT3-Gen4-gemma-2-9B,mt3gen4gemma29b,43.77959090180507,24,20.468277945619334,7,43.77959090180507,20.619335347432024,0.0,0.15105740181268956
zelk12_MT3-Gen5-gemma-2-9B,real_attachments/C_efficiency_evolution/detailed_results/zelk12_MT3-Gen5-gemma-2-9B/results_2024-12-26T15-15-01.178166.json,False,zelk12/MT3-Gen5-gemma-2-9B,mt3gen5gemma29b,43.95119864591281,24,7.250755287009064,7,43.9511986459128,22.658610271903324,1.4210854715202004e-14,15.40785498489426
zelk12_MT3-Gen5-gemma-2-9B_v1,real_attachments/C_efficiency_evolution/detailed_results/zelk12_MT3-Gen5-gemma-2-9B_v1/results_2024-12-28T00-24-09.037062.json,False,zelk12/MT3-Gen5-gemma-2-9B_v1,mt3gen5gemma29bv1,44.159601808693154,24,10.95166163141994,7,44.15960180869316,22.2809667673716,7.105427357601002e-15,11.329305135951659
zelk12_MT3-Gen6-gemma-2-9B,real_attachments/C_efficiency_evolution/detailed_results/zelk12_MT3-Gen6-gemma-2-9B/results_2025-02-25T02-19-01.013692.json,False,zelk12/MT3-Gen6-gemma-2-9B,mt3gen6gemma29b,42.63936302517612,24,8.836858006042297,7,42.63936302517612,8.836858006042297,0.0,0.0
zelk12_MT3-Max-Merge_02012025163610-gemma-2-9B,real_attachments/C_efficiency_evolution/detailed_results/zelk12_MT3-Max-Merge_02012025163610-gemma-2-9B/results_2025-01-14T02-07-53.374345.json,False,zelk12/MT3-Max-Merge_02012025163610-gemma-2-9B,mt3maxmerge02012025163610gemma29b,44.206519793342466,24,7.7039274924471295,7,44.20651979334247,10.120845921450153,7.105427357601002e-15,2.4169184290030232
zelk12_MT3-gemma-2-9B,real_attachments/C_efficiency_evolution/detailed_results/zelk12_MT3-gemma-2-9B/results_2024-10-17T17-43-50.543791.json,False,zelk12/MT3-gemma-2-9B,mt3gemma29b,44.24846451595969,24,9.441087613293051,7,44.24846451595969,21.676737160120847,0.0,12.235649546827796
zelk12_MT4-Gen2-gemma-2-9B,real_attachments/C_efficiency_evolution/detailed_results/zelk12_MT4-Gen2-gemma-2-9B/results_2024-11-22T19-52-54.972355.json,False,zelk12/MT4-Gen2-gemma-2-9B,mt4gen2gemma29b,44.176657661337245,24,15.709969788519636,7,44.17665766133724,23.26283987915408,7.105427357601002e-15,7.552870090634443
zelk12_MT4-Gen3-gemma-2-9B,real_attachments/C_efficiency_evolution/detailed_results/zelk12_MT4-Gen3-gemma-2-9B/results_2024-12-08T13-20-29.805102.json,False,zelk12/MT4-Gen3-gemma-2-9B,mt4gen3gemma29b,43.89439010251482,24,15.105740181268882,7,43.894390102514826,21.90332326283988,7.105427357601002e-15,6.797583081570998
zelk12_MT4-Gen5-gemma-2-9B,real_attachments/C_efficiency_evolution/detailed_results/zelk12_MT4-Gen5-gemma-2-9B/results_2024-12-28T22-03-36.293690.json,False,zelk12/MT4-Gen5-gemma-2-9B,mt4gen5gemma29b,43.94789156904174,24,14.879154078549849,7,43.94789156904174,22.658610271903324,0.0,7.779456193353475
zelk12_MT4-gemma-2-9B,real_attachments/C_efficiency_evolution/detailed_results/zelk12_MT4-gemma-2-9B/results_2024-10-21T19-43-45.509063.json,False,zelk12/MT4-gemma-2-9B,mt4gemma29b,43.55382749958518,24,15.634441087613293,7,43.55382749958519,20.84592145015106,7.105427357601002e-15,5.211480362537767
zelk12_MT5-Gen1-gemma-2-9B,real_attachments/C_efficiency_evolution/detailed_results/zelk12_MT5-Gen1-gemma-2-9B/results_2024-11-06T18-23-09.006291.json,False,zelk12/MT5-Gen1-gemma-2-9B,mt5gen1gemma29b,44.183334610794205,24,6.873111782477341,7,44.18333461079421,22.12990936555892,7.105427357601002e-15,15.256797583081578
zelk12_MT5-Gen2-gemma-2-9B,real_attachments/C_efficiency_evolution/detailed_results/zelk12_MT5-Gen2-gemma-2-9B/results_2024-11-23T14-41-47.446807.json,False,zelk12/MT5-Gen2-gemma-2-9B,mt5gen2gemma29b,44.11321466977782,24,10.347432024169184,7,44.11321466977781,22.05438066465257,7.105427357601002e-15,11.706948640483386
zelk12_MT5-Gen3-gemma-2-9B,real_attachments/C_efficiency_evolution/detailed_results/zelk12_MT5-Gen3-gemma-2-9B/results_2024-12-08T19-48-01.131041.json,False,zelk12/MT5-Gen3-gemma-2-9B,mt5gen3gemma29b,43.88591333925529,24,11.555891238670695,7,43.88591333925529,21.676737160120847,0.0,10.120845921450153
zelk12_MT5-gemma-2-9B,real_attachments/C_efficiency_evolution/detailed_results/zelk12_MT5-gemma-2-9B/results_2024-10-21T21-26-23.941227.json,False,zelk12/MT5-gemma-2-9B,mt5gemma29b,44.27125659181853,24,8.610271903323262,7,44.27125659181852,22.58308157099698,7.105427357601002e-15,13.972809667673719
zelk12_MTM-Merge-gemma-2-9B,real_attachments/C_efficiency_evolution/detailed_results/zelk12_MTM-Merge-gemma-2-9B/results_2025-01-01T19-29-02.979642.json,False,zelk12/MTM-Merge-gemma-2-9B,mtmmergegemma29b,44.38067726918038,24,16.61631419939577,7,44.38067726918037,21.75226586102719,1.4210854715202004e-14,5.13595166163142
zelk12_Rv0.4DMv1t0.25-gemma-2-9B,real_attachments/C_efficiency_evolution/detailed_results/zelk12_Rv0.4DMv1t0.25-gemma-2-9B/results_2024-12-31T17-18-49.680300.json,False,zelk12/Rv0.4DMv1t0.25-gemma-2-9B,rv04dmv1t025gemma29b,43.66476423073276,24,19.410876132930515,7,43.66476423073275,22.58308157099698,7.105427357601002e-15,3.1722054380664666
zelk12_Test01012025155054t0.5_gemma-2,real_attachments/C_efficiency_evolution/detailed_results/zelk12_Test01012025155054t0.5_gemma-2/results_2025-01-02T01-12-02.762534.json,False,zelk12/Test01012025155054t0.5_gemma-2,test01012025155054t05gemma2,1.2805465682883084,24,0.0,7,1.2805465682883084,0.0,0.0,0.0
zelk12_gemma-2-S2MTM-9B,real_attachments/C_efficiency_evolution/detailed_results/zelk12_gemma-2-S2MTM-9B/results_2024-12-12T18-13-21.682997.json,False,zelk12/gemma-2-S2MTM-9B,gemma2s2mtm9b,43.11572752288463,24,4.003021148036254,7,43.11572752288462,20.46827794561933,1.4210854715202004e-14,16.465256797583077
zelk12_recoilme-gemma-2-Gutenberg-Doppel-9B-v0.1,real_attachments/C_efficiency_evolution/detailed_results/zelk12_recoilme-gemma-2-Gutenberg-Doppel-9B-v0.1/results_2024-10-08T20-36-56.622261.json,False,zelk12/recoilme-gemma-2-Gutenberg-Doppel-9B-v0.1,recoilmegemma2gutenbergdoppel9bv01,43.94125829423596,24,6.3444108761329305,7,43.94125829423596,20.996978851963743,0.0,14.652567975830813
zelk12_recoilme-gemma-2-Ifable-9B-v0.1,real_attachments/C_efficiency_evolution/detailed_results/zelk12_recoilme-gemma-2-Ifable-9B-v0.1/results_2024-10-08T20-39-10.045354.json,False,zelk12/recoilme-gemma-2-Ifable-9B-v0.1,recoilmegemma2ifable9bv01,43.39057008013785,24,7.930513595166164,7,43.39057008013784,22.05438066465257,7.105427357601002e-15,14.123867069486405
zelk12_recoilme-gemma-2-psy10k-mental_healt-9B-v0.1,real_attachments/C_efficiency_evolution/detailed_results/zelk12_recoilme-gemma-2-psy10k-mental_healt-9B-v0.1/results_2024-10-09T13-20-24.603938.json,False,zelk12/recoilme-gemma-2-psy10k-mental_healt-9B-v0.1,recoilmegemma2psy10kmentalhealt9bv01,42.13268294859979,24,16.46525679758308,7,42.1326829485998,18.882175226586103,7.105427357601002e-15,2.4169184290030223
zetasepic_Qwen2.5-32B-Instruct-abliterated-v2,real_attachments/C_efficiency_evolution/detailed_results/zetasepic_Qwen2.5-32B-Instruct-abliterated-v2/results_2025-01-11T00-05-13.596997.json,False,zetasepic/Qwen2.5-32B-Instruct-abliterated-v2,qwen2532binstructabliteratedv2,56.53381848053765,24,0.0,7,56.53381848053764,59.5166163141994,7.105427357601002e-15,59.5166163141994
zetasepic_Qwen2.5-72B-Instruct-abliterated,real_attachments/C_efficiency_evolution/detailed_results/zetasepic_Qwen2.5-72B-Instruct-abliterated/results_2024-11-12T12-05-07.437154.json,False,zetasepic/Qwen2.5-72B-Instruct-abliterated,qwen2572binstructabliterated,59.9129758350465,24,46.14803625377644,7,,,,
