estimand,scenario_id,target,component,p10,p90,p025,p975,width80,width95,draws,interpretation
problem3_loss_to_benchmark,0,Average,upstream_only,3.226451317057836,3.3043229064307162,3.204956520721091,3.318528195517276,0.0778715893728803,0.11357167479618502,1000,component widths are not additive
problem3_loss_to_benchmark,0,Average,bridge_only,1.708864602324003,6.3963271956370225,1.1217331477160373,8.053552420719509,4.687462593313019,6.931819273003471,1000,component widths are not additive
problem3_loss_to_benchmark,0,Average,joint,1.7102252786323417,6.396509187247462,1.1371714551718914,8.04979225849699,4.6862839086151205,6.9126208033250975,1000,component widths are not additive
problem3_loss_to_benchmark,0,IFEval,upstream_only,32.56088321287908,32.56088321287908,32.56088321287908,32.56088321287908,0.0,0.0,1000,component widths are not additive
problem3_loss_to_benchmark,0,IFEval,bridge_only,26.672711947555168,39.08352806305004,24.384536213406832,41.72235818303767,12.410816115494871,17.337821969630838,1000,component widths are not additive
problem3_loss_to_benchmark,0,IFEval,joint,26.672711947555168,39.08352806305004,24.384536213406832,41.72235818303767,12.410816115494871,17.337821969630838,1000,component widths are not additive
problem3_loss_to_benchmark,0,BBH,upstream_only,1.1855711062484897,1.2459116311157445,1.1690716688223275,1.257014343906312,0.06034052486725483,0.08794267508398446,1000,component widths are not additive
problem3_loss_to_benchmark,0,BBH,bridge_only,0.06035874236368798,4.773959347254867,-0.16720270909163396,6.200869360274738,4.713600604891179,6.368072069366372,1000,component widths are not additive
problem3_loss_to_benchmark,0,BBH,joint,0.06578767788439058,4.782171771232573,-0.16513151264641607,6.146462530656114,4.716384093348182,6.31159404330253,1000,component widths are not additive
problem3_loss_to_benchmark,0,MATH,upstream_only,4.984789161550182,4.984789161550182,4.984789161550182,4.984789161550182,0.0,0.0,1000,component widths are not additive
problem3_loss_to_benchmark,0,MATH,bridge_only,2.4117403924987935,10.01914753764336,1.861409820085471,12.182243071045157,7.607407145144566,10.320833250959685,1000,component widths are not additive
problem3_loss_to_benchmark,0,MATH,joint,2.4117403924987935,10.01914753764336,1.861409820085471,12.182243071045157,7.607407145144566,10.320833250959685,1000,component widths are not additive
problem3_loss_to_benchmark,0,GPQA,upstream_only,2.8142064649863863,2.8142064649863863,2.8142064649863863,2.8142064649863863,0.0,0.0,1000,component widths are not additive
problem3_loss_to_benchmark,0,GPQA,bridge_only,1.502831648259266,5.225122161565812,1.1072188218872647,5.87785971732395,3.722290513306546,4.770640895436686,1000,component widths are not additive
problem3_loss_to_benchmark,0,GPQA,joint,1.502831648259266,5.225122161565812,1.1072188218872647,5.87785971732395,3.722290513306546,4.770640895436686,1000,component widths are not additive
problem3_loss_to_benchmark,0,MUSR,upstream_only,2.692082467859675,2.731280062817564,2.6812065989658995,2.7383965584295993,0.03919759495788888,0.05718995946369976,1000,component widths are not additive
problem3_loss_to_benchmark,0,MUSR,bridge_only,1.7740762012643911,4.0739690382001195,1.51381307738674,4.984361818678549,2.2998928369357285,3.470548741291809,1000,component widths are not additive
problem3_loss_to_benchmark,0,MUSR,joint,1.7731508314561788,4.071309152407324,1.515287315362662,4.979863772913842,2.2981583209511456,3.46457645755118,1000,component widths are not additive
problem3_loss_to_benchmark,0,MMLU_PRO,upstream_only,0.6273574703815274,0.6693274091168833,0.6158927919945929,0.6770570415814585,0.041969938735355816,0.061164249586865616,1000,component widths are not additive
problem3_loss_to_benchmark,0,MMLU_PRO,bridge_only,-0.2454248171669029,4.477019191449508,-0.37015492459735494,6.399830524572316,4.722444008616411,6.7699854491696705,1000,component widths are not additive
problem3_loss_to_benchmark,0,MMLU_PRO,joint,-0.2434394224058721,4.4558168479824785,-0.3685511282190777,6.419003948385465,4.699256270388351,6.787555076604543,1000,component widths are not additive
problem3_loss_to_benchmark,1,Average,upstream_only,13.329146783187223,13.329590511668536,13.329005447146896,13.329798427900366,0.0004437284813132436,0.0007929807534701183,1000,component widths are not additive
problem3_loss_to_benchmark,1,Average,bridge_only,9.442711769256817,18.78372310888156,8.054174909423919,20.813981307594602,9.341011339624743,12.759806398170683,1000,component widths are not additive
problem3_loss_to_benchmark,1,Average,joint,9.442565169869845,18.783680470499334,8.054136962652747,20.813937855695382,9.34111530062949,12.759800893042636,1000,component widths are not additive
problem3_loss_to_benchmark,1,IFEval,upstream_only,32.56088321287908,32.56088321287908,32.56088321287908,32.56088321287908,0.0,0.0,1000,component widths are not additive
problem3_loss_to_benchmark,1,IFEval,bridge_only,26.672711947555168,39.08352806305004,24.384536213406832,41.72235818303767,12.410816115494871,17.337821969630838,1000,component widths are not additive
problem3_loss_to_benchmark,1,IFEval,joint,26.672711947555168,39.08352806305004,24.384536213406832,41.72235818303767,12.410816115494871,17.337821969630838,1000,component widths are not additive
problem3_loss_to_benchmark,1,BBH,upstream_only,14.97640306162618,14.977214522391614,14.97614459851078,14.9775947500477,0.0008114607654352568,0.0014501515369200746,1000,component widths are not additive
problem3_loss_to_benchmark,1,BBH,bridge_only,9.2476869531766,24.097099864301843,7.391298266803699,26.919371103885304,14.849412911125242,19.528072837081606,1000,component widths are not additive
problem3_loss_to_benchmark,1,BBH,joint,9.247685092636551,24.097288745635037,7.391491510266224,26.91896024850671,14.849603652998486,19.527468738240486,1000,component widths are not additive
problem3_loss_to_benchmark,1,MATH,upstream_only,4.984789161550182,4.984789161550182,4.984789161550182,4.984789161550182,0.0,0.0,1000,component widths are not additive
problem3_loss_to_benchmark,1,MATH,bridge_only,2.4117403924987935,10.01914753764336,1.861409820085471,12.182243071045157,7.607407145144566,10.320833250959685,1000,component widths are not additive
problem3_loss_to_benchmark,1,MATH,joint,2.4117403924987935,10.01914753764336,1.861409820085471,12.182243071045157,7.607407145144566,10.320833250959685,1000,component widths are not additive
problem3_loss_to_benchmark,1,GPQA,upstream_only,2.8142064649863863,2.8142064649863863,2.8142064649863863,2.8142064649863863,0.0,0.0,1000,component widths are not additive
problem3_loss_to_benchmark,1,GPQA,bridge_only,1.502831648259266,5.225122161565812,1.1072188218872647,5.87785971732395,3.722290513306546,4.770640895436686,1000,component widths are not additive
problem3_loss_to_benchmark,1,GPQA,joint,1.502831648259266,5.225122161565812,1.1072188218872647,5.87785971732395,3.722290513306546,4.770640895436686,1000,component widths are not additive
problem3_loss_to_benchmark,1,MUSR,upstream_only,6.557989791015088,6.558133000410719,6.557944175825643,6.55820010310799,0.00014320939563106094,0.0002559272823470238,1000,component widths are not additive
problem3_loss_to_benchmark,1,MUSR,bridge_only,5.322636993012524,8.046527183976805,4.755176676141062,8.813930248676115,2.7238901909642808,4.058753572535053,1000,component widths are not additive
problem3_loss_to_benchmark,1,MUSR,joint,5.322617248507745,8.047357372828394,4.755178818487773,8.814146333474273,2.7247401243206486,4.0589675149865005,1000,component widths are not additive
problem3_loss_to_benchmark,1,MMLU_PRO,upstream_only,11.137906381910945,11.138565221469369,11.137696531939872,11.138873936554177,0.0006588395584241624,0.0011774046143049333,1000,component widths are not additive
problem3_loss_to_benchmark,1,MMLU_PRO,bridge_only,5.46118377097923,21.944983206898723,3.8392238690824723,24.88475392193466,16.483799435919494,21.045530052852186,1000,component widths are not additive
problem3_loss_to_benchmark,1,MMLU_PRO,joint,5.461293181728061,21.944913894487218,3.8393315120249105,24.884604350383373,16.483620712759155,21.045272838358464,1000,component widths are not additive
problem3_loss_to_benchmark,2,Average,upstream_only,19.279899650035553,19.281706927663127,19.279243358366678,19.282940037162525,0.0018072776275737112,0.0036966787958476743,1000,component widths are not additive
problem3_loss_to_benchmark,2,Average,bridge_only,14.071482074017066,26.652716781001672,11.843901476283978,30.53623376380999,12.581234706984606,18.69233228752601,1000,component widths are not additive
problem3_loss_to_benchmark,2,Average,joint,14.072235776563282,26.65333503102718,11.843476034223904,30.536319755184593,12.581099254463897,18.69284372096069,1000,component widths are not additive
problem3_loss_to_benchmark,2,IFEval,upstream_only,32.56088321287908,32.56088321287908,32.56088321287908,32.56088321287908,0.0,0.0,1000,component widths are not additive
problem3_loss_to_benchmark,2,IFEval,bridge_only,26.672711947555168,39.08352806305004,24.384536213406832,41.72235818303767,12.410816115494871,17.337821969630838,1000,component widths are not additive
problem3_loss_to_benchmark,2,IFEval,joint,26.672711947555168,39.08352806305004,24.384536213406832,41.72235818303767,12.410816115494871,17.337821969630838,1000,component widths are not additive
problem3_loss_to_benchmark,2,BBH,upstream_only,26.749955755173026,26.75372129039476,26.748588362012796,26.756290562254424,0.0037655352217349503,0.007702200241627821,1000,component widths are not additive
problem3_loss_to_benchmark,2,BBH,bridge_only,19.172192628499307,37.98295471394027,15.719498883417755,43.18556762906481,18.810762085440967,27.466068745647057,1000,component widths are not additive
problem3_loss_to_benchmark,2,BBH,joint,19.17259928912746,37.98251356910515,15.719713486911587,43.18564619423169,18.80991427997769,27.4659327073201,1000,component widths are not additive
problem3_loss_to_benchmark,2,MATH,upstream_only,4.984789161550182,4.984789161550182,4.984789161550182,4.984789161550182,0.0,0.0,1000,component widths are not additive
problem3_loss_to_benchmark,2,MATH,bridge_only,2.4117403924987935,10.01914753764336,1.861409820085471,12.182243071045157,7.607407145144566,10.320833250959685,1000,component widths are not additive
problem3_loss_to_benchmark,2,MATH,joint,2.4117403924987935,10.01914753764336,1.861409820085471,12.182243071045157,7.607407145144566,10.320833250959685,1000,component widths are not additive
problem3_loss_to_benchmark,2,GPQA,upstream_only,2.8142064649863863,2.8142064649863863,2.8142064649863863,2.8142064649863863,0.0,0.0,1000,component widths are not additive
problem3_loss_to_benchmark,2,GPQA,bridge_only,1.502831648259266,5.225122161565812,1.1072188218872647,5.87785971732395,3.722290513306546,4.770640895436686,1000,component widths are not additive
problem3_loss_to_benchmark,2,GPQA,joint,1.502831648259266,5.225122161565812,1.1072188218872647,5.87785971732395,3.722290513306546,4.770640895436686,1000,component widths are not additive
problem3_loss_to_benchmark,2,MUSR,upstream_only,8.398385450627737,8.398926447113855,8.398188992199886,8.399295565799932,0.0005409964861176064,0.001106573600045735,1000,component widths are not additive
problem3_loss_to_benchmark,2,MUSR,bridge_only,6.083455531663593,11.579883579999986,5.100707925636489,13.34778452529167,5.496428048336393,8.24707659965518,1000,component widths are not additive
problem3_loss_to_benchmark,2,MUSR,joint,6.084070943371115,11.579941002904473,5.101002970885519,13.347636532744048,5.495870059533358,8.246633561858529,1000,component widths are not additive
problem3_loss_to_benchmark,2,MMLU_PRO,upstream_only,21.117221201838394,21.12054373043854,21.11601469968534,21.122810780460075,0.0033225286001474785,0.006796080774734037,1000,component widths are not additive
problem3_loss_to_benchmark,2,MMLU_PRO,bridge_only,12.653124404471416,34.64469556039499,9.223230350004394,39.775067102777655,21.991571155923577,30.551836752773262,1000,component widths are not additive
problem3_loss_to_benchmark,2,MMLU_PRO,joint,12.653313653793537,34.64493342713676,9.22259775114234,39.770131361675936,21.991619773343224,30.5475336105336,1000,component widths are not additive
problem3_loss_to_benchmark,3,Average,upstream_only,3.1802315981537754,3.252856212605274,3.1650127734931575,3.2753558253094748,0.07262461445149837,0.11034305181631732,1000,component widths are not additive
problem3_loss_to_benchmark,3,Average,bridge_only,1.6746817392789624,6.328722309917791,1.0941929302102316,7.9831946010203065,4.654040570638829,6.8890016708100745,1000,component widths are not additive
problem3_loss_to_benchmark,3,Average,joint,1.677082535328207,6.263625543492468,1.0901442568689068,7.948490755184821,4.586543008164261,6.858346498315914,1000,component widths are not additive
problem3_loss_to_benchmark,3,IFEval,upstream_only,32.56088321287908,32.56088321287908,32.56088321287908,32.56088321287908,0.0,0.0,1000,component widths are not additive
problem3_loss_to_benchmark,3,IFEval,bridge_only,26.672711947555168,39.08352806305004,24.384536213406832,41.72235818303767,12.410816115494871,17.337821969630838,1000,component widths are not additive
problem3_loss_to_benchmark,3,IFEval,joint,26.672711947555168,39.08352806305004,24.384536213406832,41.72235818303767,12.410816115494871,17.337821969630838,1000,component widths are not additive
problem3_loss_to_benchmark,3,BBH,upstream_only,1.1501766368816122,1.205932213637985,1.138590952104911,1.2233623817201016,0.05575557675637288,0.08477142961519069,1000,component widths are not additive
problem3_loss_to_benchmark,3,BBH,bridge_only,0.0446671775950789,4.686125820999435,-0.1791768075706565,6.104418226995702,4.6414586434043565,6.283595034566359,1000,component widths are not additive
problem3_loss_to_benchmark,3,BBH,joint,0.04595562481700787,4.691455626364995,-0.18381459199109038,6.082159208279718,4.645500001547987,6.2659738002708085,1000,component widths are not additive
problem3_loss_to_benchmark,3,MATH,upstream_only,4.984789161550182,4.984789161550182,4.984789161550182,4.984789161550182,0.0,0.0,1000,component widths are not additive
problem3_loss_to_benchmark,3,MATH,bridge_only,2.4117403924987935,10.01914753764336,1.861409820085471,12.182243071045157,7.607407145144566,10.320833250959685,1000,component widths are not additive
problem3_loss_to_benchmark,3,MATH,joint,2.4117403924987935,10.01914753764336,1.861409820085471,12.182243071045157,7.607407145144566,10.320833250959685,1000,component widths are not additive
problem3_loss_to_benchmark,3,GPQA,upstream_only,2.8142064649863863,2.8142064649863863,2.8142064649863863,2.8142064649863863,0.0,0.0,1000,component widths are not additive
problem3_loss_to_benchmark,3,GPQA,bridge_only,1.502831648259266,5.225122161565812,1.1072188218872647,5.87785971732395,3.722290513306546,4.770640895436686,1000,component widths are not additive
problem3_loss_to_benchmark,3,GPQA,joint,1.502831648259266,5.225122161565812,1.1072188218872647,5.87785971732395,3.722290513306546,4.770640895436686,1000,component widths are not additive
problem3_loss_to_benchmark,3,MUSR,upstream_only,2.6686657965616196,2.7054092203636766,2.660930211211668,2.716736066825859,0.036743423802056974,0.055805855614190936,1000,component widths are not additive
problem3_loss_to_benchmark,3,MUSR,bridge_only,1.7454206284552838,4.052634901499455,1.4848559379271855,4.979645881630936,2.3072142730441714,3.4947899437037506,1000,component widths are not additive
problem3_loss_to_benchmark,3,MUSR,joint,1.7467463250931237,4.054609357797721,1.4907448795513134,4.979179980660515,2.3078630327045975,3.4884351011092014,1000,component widths are not additive
problem3_loss_to_benchmark,3,MMLU_PRO,upstream_only,0.6027696917471124,0.6415123044491712,0.5947264048001074,0.6536355566415606,0.03874261270205881,0.05890915184145318,1000,component widths are not additive
problem3_loss_to_benchmark,3,MMLU_PRO,bridge_only,-0.25280533523291987,4.397108112067516,-0.3747728626253329,6.322292630581909,4.649913447300436,6.697065493207242,1000,component widths are not additive
problem3_loss_to_benchmark,3,MMLU_PRO,joint,-0.2551797859018209,4.43777407020043,-0.3742307861330946,6.314574438040727,4.692953856102251,6.688805224173821,1000,component widths are not additive
problem3_loss_to_benchmark,4,Average,upstream_only,13.2444996606235,13.244941719092084,13.244386292284537,13.245203170020938,0.0004420584685842499,0.0008168777364012669,1000,component widths are not additive
problem3_loss_to_benchmark,4,Average,bridge_only,9.371710688094973,18.68277728156698,8.001835551227497,20.70171627927815,9.311066593472008,12.699880728050651,1000,component widths are not additive
problem3_loss_to_benchmark,4,Average,joint,9.371719235865697,18.683137624913215,8.001769274290476,20.702320425990766,9.311418389047518,12.70055115170029,1000,component widths are not additive
problem3_loss_to_benchmark,4,IFEval,upstream_only,32.56088321287908,32.56088321287908,32.56088321287908,32.56088321287908,0.0,0.0,1000,component widths are not additive
problem3_loss_to_benchmark,4,IFEval,bridge_only,26.672711947555168,39.08352806305004,24.384536213406832,41.72235818303767,12.410816115494871,17.337821969630838,1000,component widths are not additive
problem3_loss_to_benchmark,4,IFEval,joint,26.672711947555168,39.08352806305004,24.384536213406832,41.72235818303767,12.410816115494871,17.337821969630838,1000,component widths are not additive
problem3_loss_to_benchmark,4,BBH,upstream_only,14.821843590911625,14.822649525975075,14.82163690649769,14.823126194073879,0.0008059350634503915,0.0014892875761898239,1000,component widths are not additive
problem3_loss_to_benchmark,4,BBH,bridge_only,9.11083681438425,23.90746226917634,7.291311499142153,26.6970247972482,14.796625454792089,19.405713298106047,1000,component widths are not additive
problem3_loss_to_benchmark,4,BBH,joint,9.11103011643649,23.90798892418784,7.2914547695200564,26.696918379654647,14.79695880775135,19.40546361013459,1000,component widths are not additive
problem3_loss_to_benchmark,4,MATH,upstream_only,4.984789161550182,4.984789161550182,4.984789161550182,4.984789161550182,0.0,0.0,1000,component widths are not additive
problem3_loss_to_benchmark,4,MATH,bridge_only,2.4117403924987935,10.01914753764336,1.861409820085471,12.182243071045157,7.607407145144566,10.320833250959685,1000,component widths are not additive
problem3_loss_to_benchmark,4,MATH,joint,2.4117403924987935,10.01914753764336,1.861409820085471,12.182243071045157,7.607407145144566,10.320833250959685,1000,component widths are not additive
problem3_loss_to_benchmark,4,GPQA,upstream_only,2.8142064649863863,2.8142064649863863,2.8142064649863863,2.8142064649863863,0.0,0.0,1000,component widths are not additive
problem3_loss_to_benchmark,4,GPQA,bridge_only,1.502831648259266,5.225122161565812,1.1072188218872647,5.87785971732395,3.722290513306546,4.770640895436686,1000,component widths are not additive
problem3_loss_to_benchmark,4,GPQA,joint,1.502831648259266,5.225122161565812,1.1072188218872647,5.87785971732395,3.722290513306546,4.770640895436686,1000,component widths are not additive
problem3_loss_to_benchmark,4,MUSR,upstream_only,6.530649039576902,6.5307919354262935,6.530612392955173,6.530876449147235,0.0001428958493914223,0.00026405619206215647,1000,component widths are not additive
problem3_loss_to_benchmark,4,MUSR,bridge_only,5.308657521938733,8.009448056148896,4.749333954400824,8.750738803957162,2.700790534210163,4.001404849556338,1000,component widths are not additive
problem3_loss_to_benchmark,4,MUSR,joint,5.308672737258293,8.009411959839005,4.749333144420043,8.75062123789321,2.7007392225807116,4.001288093473167,1000,component widths are not additive
problem3_loss_to_benchmark,4,MMLU_PRO,upstream_only,11.012492450458659,11.013146018211017,11.012324841749631,11.013532571007989,0.0006535677523586969,0.0012077292583576593,1000,component widths are not additive
problem3_loss_to_benchmark,4,MMLU_PRO,bridge_only,5.3910122178666375,21.783114290563347,3.7764770704863437,24.732712721642617,16.39210207269671,20.956235651156273,1000,component widths are not additive
problem3_loss_to_benchmark,4,MMLU_PRO,joint,5.391005815210663,21.78299247285245,3.7763987065634548,24.73293189666822,16.391986657641787,20.956533190104764,1000,component widths are not additive
problem3_loss_to_benchmark,5,Average,upstream_only,19.21516512370535,19.216958620602277,19.21451161973865,19.218244455561987,0.0017934968969264276,0.0037328358233352787,1000,component widths are not additive
problem3_loss_to_benchmark,5,Average,bridge_only,14.01936740529304,26.561552614539696,11.810507070870331,30.43456843213908,12.542185209246655,18.62406136126875,1000,component widths are not additive
problem3_loss_to_benchmark,5,Average,joint,14.018577740059818,26.561961849105533,11.810491001582786,30.434507043288445,12.543384109045714,18.62401604170566,1000,component widths are not additive
problem3_loss_to_benchmark,5,IFEval,upstream_only,32.56088321287908,32.56088321287908,32.56088321287908,32.56088321287908,0.0,0.0,1000,component widths are not additive
problem3_loss_to_benchmark,5,IFEval,bridge_only,26.672711947555168,39.08352806305004,24.384536213406832,41.72235818303767,12.410816115494871,17.337821969630838,1000,component widths are not additive
problem3_loss_to_benchmark,5,IFEval,joint,26.672711947555168,39.08352806305004,24.384536213406832,41.72235818303767,12.410816115494871,17.337821969630838,1000,component widths are not additive
problem3_loss_to_benchmark,5,BBH,upstream_only,26.615123811006484,26.61885819732222,26.613763114003596,26.621535581271555,0.003734386315734639,0.00777246726795866,1000,component widths are not additive
problem3_loss_to_benchmark,5,BBH,bridge_only,19.042265679988926,37.84803983254937,15.606925023873195,43.01034533792616,18.805774152560442,27.403420314052966,1000,component widths are not additive
problem3_loss_to_benchmark,5,BBH,joint,19.042674408983338,37.84759459769035,15.60658364342558,43.01154578296436,18.804920188707015,27.40496213953878,1000,component widths are not additive
problem3_loss_to_benchmark,5,MATH,upstream_only,4.984789161550182,4.984789161550182,4.984789161550182,4.984789161550182,0.0,0.0,1000,component widths are not additive
problem3_loss_to_benchmark,5,MATH,bridge_only,2.4117403924987935,10.01914753764336,1.861409820085471,12.182243071045157,7.607407145144566,10.320833250959685,1000,component widths are not additive
problem3_loss_to_benchmark,5,MATH,joint,2.4117403924987935,10.01914753764336,1.861409820085471,12.182243071045157,7.607407145144566,10.320833250959685,1000,component widths are not additive
problem3_loss_to_benchmark,5,GPQA,upstream_only,2.8142064649863863,2.8142064649863863,2.8142064649863863,2.8142064649863863,0.0,0.0,1000,component widths are not additive
problem3_loss_to_benchmark,5,GPQA,bridge_only,1.502831648259266,5.225122161565812,1.1072188218872647,5.87785971732395,3.722290513306546,4.770640895436686,1000,component widths are not additive
problem3_loss_to_benchmark,5,GPQA,joint,1.502831648259266,5.225122161565812,1.1072188218872647,5.87785971732395,3.722290513306546,4.770640895436686,1000,component widths are not additive
problem3_loss_to_benchmark,5,MUSR,upstream_only,8.379002520172415,8.379539665996658,8.378806796200225,8.379924764200359,0.0005371458242429128,0.0011179680001340841,1000,component widths are not additive
problem3_loss_to_benchmark,5,MUSR,bridge_only,6.07451131829931,11.547174240166987,5.095552735525082,13.298440811589112,5.472662921867677,8.20288807606403,1000,component widths are not additive
problem3_loss_to_benchmark,5,MUSR,joint,6.0743842086507716,11.54742526082198,5.095646955119953,13.297507390008818,5.473041052171208,8.201860434888864,1000,component widths are not additive
problem3_loss_to_benchmark,5,MMLU_PRO,upstream_only,20.99830604789129,21.00159817521945,20.997106516721313,21.0039585294888,0.003292127328158756,0.006852012767485149,1000,component widths are not additive
problem3_loss_to_benchmark,5,MMLU_PRO,bridge_only,12.579708035445307,34.49416998417688,9.164684445940782,39.60542283101278,21.91446194873157,30.440738385072,1000,component widths are not additive
problem3_loss_to_benchmark,5,MMLU_PRO,joint,12.579606460131455,34.49587736557634,9.16488174618903,39.604007843980796,21.916270905444886,30.439126097791764,1000,component widths are not additive
problem3_loss_to_benchmark,6,Average,upstream_only,3.0895132391709166,3.159789064264694,3.071358959107298,3.1779650137088806,0.07027582509377739,0.10660605460158257,1000,component widths are not additive
problem3_loss_to_benchmark,6,Average,bridge_only,1.6098794922791122,6.210101383627396,1.0446046483769733,7.854814615890287,4.600221891348284,6.810209967513314,1000,component widths are not additive
problem3_loss_to_benchmark,6,Average,joint,1.6078681720723527,6.204468218490884,1.0416438581356007,7.842073623160296,4.596600046418532,6.800429765024695,1000,component widths are not additive
problem3_loss_to_benchmark,6,IFEval,upstream_only,32.56088321287908,32.56088321287908,32.56088321287908,32.56088321287908,0.0,0.0,1000,component widths are not additive
problem3_loss_to_benchmark,6,IFEval,bridge_only,26.672711947555168,39.08352806305004,24.384536213406832,41.72235818303767,12.410816115494871,17.337821969630838,1000,component widths are not additive
problem3_loss_to_benchmark,6,IFEval,joint,26.672711947555168,39.08352806305004,24.384536213406832,41.72235818303767,12.410816115494871,17.337821969630838,1000,component widths are not additive
problem3_loss_to_benchmark,6,BBH,upstream_only,1.0816201409424042,1.1346221398613772,1.0680468986505702,1.148449007031277,0.05300199891897295,0.08040210838070672,1000,component widths are not additive
problem3_loss_to_benchmark,6,BBH,bridge_only,0.014893734242065295,4.534539396038265,-0.19817293672844785,5.929916398677991,4.5196456617962,6.128089335406439,1000,component widths are not additive
problem3_loss_to_benchmark,6,BBH,joint,0.01869940024706446,4.527789956873703,-0.19553821095808147,5.92307817858231,4.509090556626639,6.118616389540391,1000,component widths are not additive
problem3_loss_to_benchmark,6,MATH,upstream_only,4.984789161550182,4.984789161550182,4.984789161550182,4.984789161550182,0.0,0.0,1000,component widths are not additive
problem3_loss_to_benchmark,6,MATH,bridge_only,2.4117403924987935,10.01914753764336,1.861409820085471,12.182243071045157,7.607407145144566,10.320833250959685,1000,component widths are not additive
problem3_loss_to_benchmark,6,MATH,joint,2.4117403924987935,10.01914753764336,1.861409820085471,12.182243071045157,7.607407145144566,10.320833250959685,1000,component widths are not additive
problem3_loss_to_benchmark,6,GPQA,upstream_only,2.8142064649863863,2.8142064649863863,2.8142064649863863,2.8142064649863863,0.0,0.0,1000,component widths are not additive
problem3_loss_to_benchmark,6,GPQA,bridge_only,1.502831648259266,5.225122161565812,1.1072188218872647,5.87785971732395,3.722290513306546,4.770640895436686,1000,component widths are not additive
problem3_loss_to_benchmark,6,GPQA,joint,1.502831648259266,5.225122161565812,1.1072188218872647,5.87785971732395,3.722290513306546,4.770640895436686,1000,component widths are not additive
problem3_loss_to_benchmark,6,MUSR,upstream_only,2.6223668416477093,2.658272151235251,2.61304678148487,2.6675145004703547,0.0359053095875419,0.05446771898548475,1000,component widths are not additive
problem3_loss_to_benchmark,6,MUSR,bridge_only,1.6927007102088674,4.01481659818524,1.432517780400026,4.9590422414821695,2.3221158879763726,3.5265244610821433,1000,component widths are not additive
problem3_loss_to_benchmark,6,MUSR,joint,1.6870426484721976,4.012383150909311,1.424073586588781,4.969470648563997,2.325340502437113,3.5453970619752155,1000,component widths are not additive
problem3_loss_to_benchmark,6,MMLU_PRO,upstream_only,0.5552115111030906,0.5919716583078676,0.5458062407526936,0.6015701387758614,0.03676014720477694,0.055763898023167835,1000,component widths are not additive
problem3_loss_to_benchmark,6,MMLU_PRO,bridge_only,-0.2679960065901473,4.252945682452955,-0.3828636252408626,6.181364236583237,4.520941689043102,6.564227861824099,1000,component widths are not additive
problem3_loss_to_benchmark,6,MMLU_PRO,joint,-0.26708811631275015,4.240702829909863,-0.38076483387220295,6.2120173649126,4.507790946222613,6.592782198784803,1000,component widths are not additive
problem3_loss_to_benchmark,7,Average,upstream_only,13.088730296102963,13.089157198583107,13.088605583632889,13.089486425174417,0.0004269024801448751,0.0008808415415284543,1000,component widths are not additive
problem3_loss_to_benchmark,7,Average,bridge_only,9.254437601518928,18.427459122697684,7.903663384080655,20.4947244459787,9.173021521178756,12.591061061898046,1000,component widths are not additive
problem3_loss_to_benchmark,7,Average,joint,9.254299123322202,18.42754330946827,7.903664412630479,20.494532862709352,9.173244186146068,12.590868450078872,1000,component widths are not additive
problem3_loss_to_benchmark,7,IFEval,upstream_only,32.56088321287908,32.56088321287908,32.56088321287908,32.56088321287908,0.0,0.0,1000,component widths are not additive
problem3_loss_to_benchmark,7,IFEval,bridge_only,26.672711947555168,39.08352806305004,24.384536213406832,41.72235818303767,12.410816115494871,17.337821969630838,1000,component widths are not additive
problem3_loss_to_benchmark,7,IFEval,joint,26.672711947555168,39.08352806305004,24.384536213406832,41.72235818303767,12.410816115494871,17.337821969630838,1000,component widths are not additive
problem3_loss_to_benchmark,7,BBH,upstream_only,14.538666669280317,14.53944051744217,14.538440604716602,14.540037316469128,0.0007738481618524418,0.001596711752526403,1000,component widths are not additive
problem3_loss_to_benchmark,7,BBH,bridge_only,8.869061082309042,23.543169693441204,7.118044030289358,26.311277804739838,14.674108611132162,19.19323377445048,1000,component widths are not additive
problem3_loss_to_benchmark,7,BBH,joint,8.869261977903573,23.54268754789126,7.118184926422564,26.31175710830444,14.673425569987685,19.193572181881876,1000,component widths are not additive
problem3_loss_to_benchmark,7,MATH,upstream_only,4.984789161550182,4.984789161550182,4.984789161550182,4.984789161550182,0.0,0.0,1000,component widths are not additive
problem3_loss_to_benchmark,7,MATH,bridge_only,2.4117403924987935,10.01914753764336,1.861409820085471,12.182243071045157,7.607407145144566,10.320833250959685,1000,component widths are not additive
problem3_loss_to_benchmark,7,MATH,joint,2.4117403924987935,10.01914753764336,1.861409820085471,12.182243071045157,7.607407145144566,10.320833250959685,1000,component widths are not additive
problem3_loss_to_benchmark,7,GPQA,upstream_only,2.8142064649863863,2.8142064649863863,2.8142064649863863,2.8142064649863863,0.0,0.0,1000,component widths are not additive
problem3_loss_to_benchmark,7,GPQA,bridge_only,1.502831648259266,5.225122161565812,1.1072188218872647,5.87785971732395,3.722290513306546,4.770640895436686,1000,component widths are not additive
problem3_loss_to_benchmark,7,GPQA,joint,1.502831648259266,5.225122161565812,1.1072188218872647,5.87785971732395,3.722290513306546,4.770640895436686,1000,component widths are not additive
problem3_loss_to_benchmark,7,MUSR,upstream_only,6.480222076469103,6.480360481175264,6.480181643619085,6.480467217916901,0.00013840470616077738,0.0002855742978162823,1000,component widths are not additive
problem3_loss_to_benchmark,7,MUSR,bridge_only,5.289657500462499,7.938645589408816,4.733591456870585,8.6345995568295,2.648988088946317,3.901008099958915,1000,component widths are not additive
problem3_loss_to_benchmark,7,MUSR,joint,5.289650136989613,7.938656436440433,4.733592130253926,8.6347508536364,2.6490062994508197,3.9011587233824736,1000,component widths are not additive
problem3_loss_to_benchmark,7,MMLU_PRO,upstream_only,10.783106113507687,10.78373227458299,10.782923193546173,10.784215178522885,0.000626161075302889,0.0012919849767119018,1000,component widths are not additive
problem3_loss_to_benchmark,7,MMLU_PRO,bridge_only,5.255109966887151,21.511499241142147,3.670786586549683,24.36596218583047,16.256389274254996,20.695175599280788,1000,component widths are not additive
problem3_loss_to_benchmark,7,MMLU_PRO,joint,5.255317856263612,21.511483969788294,3.67070501846492,24.36547959131414,16.25616611352468,20.69477457284922,1000,component widths are not additive
problem3_loss_to_benchmark,8,Average,upstream_only,19.095635658572178,19.09729907301216,19.09501914017473,19.09828400992683,0.0016634144399816364,0.00326486975209761,1000,component widths are not additive
problem3_loss_to_benchmark,8,Average,bridge_only,13.920868070943836,26.420419919880942,11.74586620417165,30.24659786771645,12.499551848937106,18.500731663544798,1000,component widths are not additive
problem3_loss_to_benchmark,8,Average,joint,13.92015830746576,26.420288750905094,11.746274543326402,30.24747932497207,12.500130443439334,18.50120478164567,1000,component widths are not additive
problem3_loss_to_benchmark,8,IFEval,upstream_only,32.56088321287908,32.56088321287908,32.56088321287908,32.56088321287908,0.0,0.0,1000,component widths are not additive
problem3_loss_to_benchmark,8,IFEval,bridge_only,26.672711947555168,39.08352806305004,24.384536213406832,41.72235818303767,12.410816115494871,17.337821969630838,1000,component widths are not additive
problem3_loss_to_benchmark,8,IFEval,joint,26.672711947555168,39.08352806305004,24.384536213406832,41.72235818303767,12.410816115494871,17.337821969630838,1000,component widths are not additive
problem3_loss_to_benchmark,8,BBH,upstream_only,26.366397571823942,26.369856800279123,26.365115478707374,26.371905098990073,0.003459228455181318,0.00678962028269936,1000,component widths are not additive
problem3_loss_to_benchmark,8,BBH,bridge_only,18.803718800409165,37.4791164136434,15.403174847974949,42.685980722836625,18.67539761323424,27.282805874861676,1000,component widths are not additive
problem3_loss_to_benchmark,8,BBH,joint,18.805675082003123,37.47825953449352,15.404386868494488,42.68810623248114,18.672584452490394,27.283719363986652,1000,component widths are not additive
problem3_loss_to_benchmark,8,MATH,upstream_only,4.984789161550182,4.984789161550182,4.984789161550182,4.984789161550182,0.0,0.0,1000,component widths are not additive
problem3_loss_to_benchmark,8,MATH,bridge_only,2.4117403924987935,10.01914753764336,1.861409820085471,12.182243071045157,7.607407145144566,10.320833250959685,1000,component widths are not additive
problem3_loss_to_benchmark,8,MATH,joint,2.4117403924987935,10.01914753764336,1.861409820085471,12.182243071045157,7.607407145144566,10.320833250959685,1000,component widths are not additive
problem3_loss_to_benchmark,8,GPQA,upstream_only,2.8142064649863863,2.8142064649863863,2.8142064649863863,2.8142064649863863,0.0,0.0,1000,component widths are not additive
problem3_loss_to_benchmark,8,GPQA,bridge_only,1.502831648259266,5.225122161565812,1.1072188218872647,5.87785971732395,3.722290513306546,4.770640895436686,1000,component widths are not additive
problem3_loss_to_benchmark,8,GPQA,joint,1.502831648259266,5.225122161565812,1.1072188218872647,5.87785971732395,3.722290513306546,4.770640895436686,1000,component widths are not additive
problem3_loss_to_benchmark,8,MUSR,upstream_only,8.343186516296845,8.343685180889825,8.343001692402671,8.343980445788338,0.0004986645929800915,0.0009787533856666641,1000,component widths are not additive
problem3_loss_to_benchmark,8,MUSR,bridge_only,6.059123273757695,11.473908761590623,5.0812775935704995,13.207360635966001,5.414785487832928,8.126083042395502,1000,component widths are not additive
problem3_loss_to_benchmark,8,MUSR,joint,6.059201849402401,11.474286652624718,5.081311945613977,13.207245850897168,5.415084803222317,8.12593390528319,1000,component widths are not additive
problem3_loss_to_benchmark,8,MMLU_PRO,upstream_only,20.779218121561044,20.78226268787104,20.778089732212546,20.78406548711745,0.003044566309995389,0.0059757549049024306,1000,component widths are not additive
problem3_loss_to_benchmark,8,MMLU_PRO,bridge_only,12.409477894232007,34.2032110620697,9.040807204767468,39.291592072761965,21.793733167837694,30.250784867994497,1000,component widths are not additive
problem3_loss_to_benchmark,8,MMLU_PRO,joint,12.410252116816208,34.202872767311845,9.041315050570528,39.29348607269038,21.792620650495635,30.25217102211985,1000,component widths are not additive
problem3_loss_to_benchmark,9,Average,upstream_only,2.7235148765233883,2.781207930367942,2.7061054025941447,2.79415251057938,0.0576930538445537,0.0880471079852354,1000,component widths are not additive
problem3_loss_to_benchmark,9,Average,bridge_only,1.3455189628108826,5.682514019232195,0.8022339219717849,7.307652142193822,4.336995056421312,6.505418220222037,1000,component widths are not additive
problem3_loss_to_benchmark,9,Average,joint,1.3493467958457954,5.665784376521855,0.7890506860068532,7.300657992578916,4.31643758067606,6.5116073065720625,1000,component widths are not additive
problem3_loss_to_benchmark,9,IFEval,upstream_only,32.56088321287908,32.56088321287908,32.56088321287908,32.56088321287908,0.0,0.0,1000,component widths are not additive
problem3_loss_to_benchmark,9,IFEval,bridge_only,26.672711947555168,39.08352806305004,24.384536213406832,41.72235818303767,12.410816115494871,17.337821969630838,1000,component widths are not additive
problem3_loss_to_benchmark,9,IFEval,joint,26.672711947555168,39.08352806305004,24.384536213406832,41.72235818303767,12.410816115494871,17.337821969630838,1000,component widths are not additive
problem3_loss_to_benchmark,9,BBH,upstream_only,0.8175005112254943,0.8577932831342641,0.8054413652203698,0.8669032749887049,0.04029277190876979,0.0614619097683351,1000,component widths are not additive
problem3_loss_to_benchmark,9,BBH,bridge_only,-0.09775186109965575,3.907383799330735,-0.271056560542141,5.216918167008381,4.005135660430391,5.487974727550522,1000,component widths are not additive
problem3_loss_to_benchmark,9,BBH,joint,-0.09817880489411188,3.919281244262727,-0.2694968208392459,5.246128408025435,4.017460049156839,5.515625228864681,1000,component widths are not additive
problem3_loss_to_benchmark,9,MATH,upstream_only,4.984789161550182,4.984789161550182,4.984789161550182,4.984789161550182,0.0,0.0,1000,component widths are not additive
problem3_loss_to_benchmark,9,MATH,bridge_only,2.4117403924987935,10.01914753764336,1.861409820085471,12.182243071045157,7.607407145144566,10.320833250959685,1000,component widths are not additive
problem3_loss_to_benchmark,9,MATH,joint,2.4117403924987935,10.01914753764336,1.861409820085471,12.182243071045157,7.607407145144566,10.320833250959685,1000,component widths are not additive
problem3_loss_to_benchmark,9,GPQA,upstream_only,2.8142064649863863,2.8142064649863863,2.8142064649863863,2.8142064649863863,0.0,0.0,1000,component widths are not additive
problem3_loss_to_benchmark,9,GPQA,bridge_only,1.502831648259266,5.225122161565812,1.1072188218872647,5.87785971732395,3.722290513306546,4.770640895436686,1000,component widths are not additive
problem3_loss_to_benchmark,9,GPQA,joint,1.502831648259266,5.225122161565812,1.1072188218872647,5.87785971732395,3.722290513306546,4.770640895436686,1000,component widths are not additive
problem3_loss_to_benchmark,9,MUSR,upstream_only,2.4306998973586516,2.4614620756936567,2.4213743729071364,2.4683346929613434,0.030762178335005164,0.04696032005420703,1000,component widths are not additive
problem3_loss_to_benchmark,9,MUSR,bridge_only,1.4722874246559017,3.8953631826015935,1.2454955588964791,4.861579294340022,2.423075757945692,3.6160837354435422,1000,component widths are not additive
problem3_loss_to_benchmark,9,MUSR,joint,1.472831308896784,3.897480731379304,1.2547409271525078,4.872214489573102,2.42464942248252,3.617473562420594,1000,component widths are not additive
problem3_loss_to_benchmark,9,MMLU_PRO,upstream_only,0.3728597171849944,0.40058459656372014,0.3645688915505817,0.4068579147313047,0.027724879378725753,0.04228902318072303,1000,component widths are not additive
problem3_loss_to_benchmark,9,MMLU_PRO,bridge_only,-0.32211961057458827,3.7077762311447096,-0.4131447721299827,5.539416127204625,4.029895841719298,5.952560899334608,1000,component widths are not additive
problem3_loss_to_benchmark,9,MMLU_PRO,joint,-0.3239043640573352,3.694157281136071,-0.4134124602272797,5.4878831172832685,4.018061645193407,5.901295577510548,1000,component widths are not additive
problem3_loss_to_benchmark,10,Average,upstream_only,12.396038884949366,12.39641087412571,12.3959328045287,12.396837018983726,0.00037198917634384543,0.0009042144550264197,1000,component widths are not additive
problem3_loss_to_benchmark,10,Average,bridge_only,8.675595476873895,17.4673138340292,7.468432772329056,19.42582216902734,8.791718357155304,11.957389396698286,1000,component widths are not additive
problem3_loss_to_benchmark,10,Average,joint,8.675438438934851,17.46727015716287,7.4684082023320615,19.426055816794086,8.791831718228018,11.957647614462026,1000,component widths are not additive
problem3_loss_to_benchmark,10,IFEval,upstream_only,32.56088321287908,32.56088321287908,32.56088321287908,32.56088321287908,0.0,0.0,1000,component widths are not additive
problem3_loss_to_benchmark,10,IFEval,bridge_only,26.672711947555168,39.08352806305004,24.384536213406832,41.72235818303767,12.410816115494871,17.337821969630838,1000,component widths are not additive
problem3_loss_to_benchmark,10,IFEval,joint,26.672711947555168,39.08352806305004,24.384536213406832,41.72235818303767,12.410816115494871,17.337821969630838,1000,component widths are not additive
problem3_loss_to_benchmark,10,BBH,upstream_only,13.299686188291313,13.300342373730235,13.29949906527026,13.301094101707095,0.0006561854389222077,0.0015950364368357839,1000,component widths are not additive
problem3_loss_to_benchmark,10,BBH,bridge_only,7.880675039980502,22.014418330118378,6.373166210114306,24.641299839712236,14.133743290137875,18.26813362959793,1000,component widths are not additive
problem3_loss_to_benchmark,10,BBH,joint,7.880967372129934,22.015841718252872,6.373318690535022,24.642087774104173,14.134874346122938,18.26876908356915,1000,component widths are not additive
problem3_loss_to_benchmark,10,MATH,upstream_only,4.984789161550182,4.984789161550182,4.984789161550182,4.984789161550182,0.0,0.0,1000,component widths are not additive
problem3_loss_to_benchmark,10,MATH,bridge_only,2.4117403924987935,10.01914753764336,1.861409820085471,12.182243071045157,7.607407145144566,10.320833250959685,1000,component widths are not additive
problem3_loss_to_benchmark,10,MATH,joint,2.4117403924987935,10.01914753764336,1.861409820085471,12.182243071045157,7.607407145144566,10.320833250959685,1000,component widths are not additive
problem3_loss_to_benchmark,10,GPQA,upstream_only,2.8142064649863863,2.8142064649863863,2.8142064649863863,2.8142064649863863,0.0,0.0,1000,component widths are not additive
problem3_loss_to_benchmark,10,GPQA,bridge_only,1.502831648259266,5.225122161565812,1.1072188218872647,5.87785971732395,3.722290513306546,4.770640895436686,1000,component widths are not additive
problem3_loss_to_benchmark,10,GPQA,joint,1.502831648259266,5.225122161565812,1.1072188218872647,5.87785971732395,3.722290513306546,4.770640895436686,1000,component widths are not additive
problem3_loss_to_benchmark,10,MUSR,upstream_only,6.254102157756628,6.254224447130463,6.2540672842329155,6.254364538709202,0.0001222893738352937,0.00029725447628692336,1000,component widths are not additive
problem3_loss_to_benchmark,10,MUSR,bridge_only,5.189107361774805,7.5649524756072335,4.6775163895864615,8.137139218248963,2.375845113832429,3.4596228286625017,1000,component widths are not additive
problem3_loss_to_benchmark,10,MUSR,joint,5.189086629671376,7.564937881855417,4.677559527920738,8.137150813728972,2.3758512521840407,3.4595912858082345,1000,component widths are not additive
problem3_loss_to_benchmark,10,MMLU_PRO,upstream_only,9.78548038162322,9.786006133020129,9.785330454713566,9.786608438794138,0.0005257513969088023,0.0012779840805716702,1000,component widths are not additive
problem3_loss_to_benchmark,10,MMLU_PRO,bridge_only,4.483595381382414,20.390100289089805,3.185986491413982,23.027575891840844,15.90650490770739,19.841589400426862,1000,component widths are not additive
problem3_loss_to_benchmark,10,MMLU_PRO,joint,4.483503504577821,20.390024301748042,3.1860900266736136,23.027688231156965,15.90652079717022,19.84159820448335,1000,component widths are not additive
problem3_loss_to_benchmark,11,Average,upstream_only,18.55640365221648,18.557916838998803,18.555802197336167,18.558506010195202,0.0015131867823221512,0.002703812859035537,1000,component widths are not additive
problem3_loss_to_benchmark,11,Average,bridge_only,13.494601198223918,25.69153588250403,11.40686542646456,29.396225493102115,12.196934684280112,17.989360066637555,1000,component widths are not additive
problem3_loss_to_benchmark,11,Average,joint,13.493980851863352,25.691860075293437,11.406666683631617,29.39734602165052,12.197879223430085,17.990679338018904,1000,component widths are not additive
problem3_loss_to_benchmark,11,IFEval,upstream_only,32.56088321287908,32.56088321287908,32.56088321287908,32.56088321287908,0.0,0.0,1000,component widths are not additive
problem3_loss_to_benchmark,11,IFEval,bridge_only,26.672711947555168,39.08352806305004,24.384536213406832,41.72235818303767,12.410816115494871,17.337821969630838,1000,component widths are not additive
problem3_loss_to_benchmark,11,IFEval,joint,26.672711947555168,39.08352806305004,24.384536213406832,41.72235818303767,12.410816115494871,17.337821969630838,1000,component widths are not additive
problem3_loss_to_benchmark,11,BBH,upstream_only,25.248414634817713,25.251541896979685,25.24717164076081,25.252759537181298,0.0031272621619713448,0.005587896420486516,1000,component widths are not additive
problem3_loss_to_benchmark,11,BBH,bridge_only,17.836695586519735,36.18416575315001,14.519947918014068,41.21145842688588,18.347470166630277,26.691510508871815,1000,component widths are not additive
problem3_loss_to_benchmark,11,BBH,joint,17.835596763599206,36.18558278093423,14.518390582941835,41.21390494202289,18.349986017335027,26.69551435908106,1000,component widths are not additive
problem3_loss_to_benchmark,11,MATH,upstream_only,4.984789161550182,4.984789161550182,4.984789161550182,4.984789161550182,0.0,0.0,1000,component widths are not additive
problem3_loss_to_benchmark,11,MATH,bridge_only,2.4117403924987935,10.01914753764336,1.861409820085471,12.182243071045157,7.607407145144566,10.320833250959685,1000,component widths are not additive
problem3_loss_to_benchmark,11,MATH,joint,2.4117403924987935,10.01914753764336,1.861409820085471,12.182243071045157,7.607407145144566,10.320833250959685,1000,component widths are not additive
problem3_loss_to_benchmark,11,GPQA,upstream_only,2.8142064649863863,2.8142064649863863,2.8142064649863863,2.8142064649863863,0.0,0.0,1000,component widths are not additive
problem3_loss_to_benchmark,11,GPQA,bridge_only,1.502831648259266,5.225122161565812,1.1072188218872647,5.87785971732395,3.722290513306546,4.770640895436686,1000,component widths are not additive
problem3_loss_to_benchmark,11,GPQA,joint,1.502831648259266,5.225122161565812,1.1072188218872647,5.87785971732395,3.722290513306546,4.770640895436686,1000,component widths are not additive
problem3_loss_to_benchmark,11,MUSR,upstream_only,8.181168173866384,8.181623879021428,8.180987040475983,8.181801309764083,0.00045570515504422815,0.0008142692880994673,1000,component widths are not additive
problem3_loss_to_benchmark,11,MUSR,bridge_only,5.998734650902408,11.14102470994519,5.042626817817469,12.793361177373619,5.142290059042782,7.75073435955615,1000,component widths are not additive
problem3_loss_to_benchmark,11,MUSR,joint,5.998690997161206,11.14106801129577,5.042648012977277,12.793704498165301,5.142377014134564,7.751056485188024,1000,component widths are not additive
problem3_loss_to_benchmark,11,MMLU_PRO,upstream_only,19.79888889922918,19.80162097674988,19.797802995171494,19.802684762079853,0.0027320775207009262,0.004881766908358287,1000,component widths are not additive
problem3_loss_to_benchmark,11,MMLU_PRO,bridge_only,11.724694229607001,32.98783381196906,8.490792794091135,37.57471693305847,21.263139582362058,29.083924138967333,1000,component widths are not additive
problem3_loss_to_benchmark,11,MMLU_PRO,joint,11.72413508576811,32.9912156183722,8.490371870221672,37.57490011456804,21.26708053260409,29.084528244346366,1000,component widths are not additive
problem3_loss_to_benchmark,12,Average,upstream_only,2.085771150130734,2.124090177663501,2.076123373168058,2.1354266195522795,0.03831902753276717,0.05930324638422135,1000,component widths are not additive
problem3_loss_to_benchmark,12,Average,bridge_only,0.908107336563878,4.784251913824999,0.4360031906675023,6.41961886955302,3.876144577261121,5.983615678885517,1000,component widths are not additive
problem3_loss_to_benchmark,12,Average,joint,0.9051234524505148,4.8011088988887165,0.42527762488820664,6.414626383587693,3.8959854464382015,5.989348758699487,1000,component widths are not additive
problem3_loss_to_benchmark,12,IFEval,upstream_only,32.56088321287908,32.56088321287908,32.56088321287908,32.56088321287908,0.0,0.0,1000,component widths are not additive
problem3_loss_to_benchmark,12,IFEval,bridge_only,26.672711947555168,39.08352806305004,24.384536213406832,41.72235818303767,12.410816115494871,17.337821969630838,1000,component widths are not additive
problem3_loss_to_benchmark,12,IFEval,joint,26.672711947555168,39.08352806305004,24.384536213406832,41.72235818303767,12.410816115494871,17.337821969630838,1000,component widths are not additive
problem3_loss_to_benchmark,12,BBH,upstream_only,0.40651719140949183,0.4293924099422358,0.40079520396450175,0.43620532750931995,0.02287521853274399,0.035410123544818206,1000,component widths are not additive
problem3_loss_to_benchmark,12,BBH,bridge_only,-0.24963669147866882,2.862471981966098,-0.37218615444994513,4.139034183652505,3.1121086734447667,4.511220338102451,1000,component widths are not additive
problem3_loss_to_benchmark,12,BBH,joint,-0.25129928988307065,2.8506883772858105,-0.37249997031222476,4.166565854805747,3.1019876671688813,4.539065825117972,1000,component widths are not additive
problem3_loss_to_benchmark,12,MATH,upstream_only,4.984789161550182,4.984789161550182,4.984789161550182,4.984789161550182,0.0,0.0,1000,component widths are not additive
problem3_loss_to_benchmark,12,MATH,bridge_only,2.4117403924987935,10.01914753764336,1.861409820085471,12.182243071045157,7.607407145144566,10.320833250959685,1000,component widths are not additive
problem3_loss_to_benchmark,12,MATH,joint,2.4117403924987935,10.01914753764336,1.861409820085471,12.182243071045157,7.607407145144566,10.320833250959685,1000,component widths are not additive
problem3_loss_to_benchmark,12,GPQA,upstream_only,2.8142064649863863,2.8142064649863863,2.8142064649863863,2.8142064649863863,0.0,0.0,1000,component widths are not additive
problem3_loss_to_benchmark,12,GPQA,bridge_only,1.502831648259266,5.225122161565812,1.1072188218872647,5.87785971732395,3.722290513306546,4.770640895436686,1000,component widths are not additive
problem3_loss_to_benchmark,12,GPQA,joint,1.502831648259266,5.225122161565812,1.1072188218872647,5.87785971732395,3.722290513306546,4.770640895436686,1000,component widths are not additive
problem3_loss_to_benchmark,12,MUSR,upstream_only,2.0745999742018406,2.0969242964872765,2.068958347142535,2.103503641329427,0.022324322285435905,0.034545294186891784,1000,component widths are not additive
problem3_loss_to_benchmark,12,MUSR,bridge_only,1.0803158887147943,3.638370533153887,0.878471295417813,4.733656299223084,2.5580546444390926,3.8551850038052713,1000,component widths are not additive
problem3_loss_to_benchmark,12,MUSR,joint,1.0847827638835046,3.6348507219386708,0.877941775960395,4.72834819050222,2.550067958055166,3.850406414541825,1000,component widths are not additive
problem3_loss_to_benchmark,12,MMLU_PRO,upstream_only,0.0922796237924403,0.1077795946640524,0.0884048775447378,0.11239888462380732,0.015499970871612104,0.023994007079069513,1000,component widths are not additive
problem3_loss_to_benchmark,12,MMLU_PRO,bridge_only,-0.39683430873178954,2.7382669571846234,-0.45306565694373885,4.392745518606273,3.135101265916413,4.845811175550012,1000,component widths are not additive
problem3_loss_to_benchmark,12,MMLU_PRO,joint,-0.39621378322542367,2.748046893131529,-0.453148935327892,4.381940772894727,3.1442606763569527,4.835089708222619,1000,component widths are not additive
problem3_loss_to_benchmark,13,Average,upstream_only,11.047434150649089,11.047747374890207,11.047327647698705,11.047808557437065,0.00031322424111834835,0.00048090973836067974,1000,component widths are not additive
problem3_loss_to_benchmark,13,Average,bridge_only,7.609666628670015,15.977877570456183,6.6135912694502155,17.28464926294909,8.368210941786167,10.671057993498877,1000,component widths are not additive
problem3_loss_to_benchmark,13,Average,joint,7.609631544531752,15.977868282634159,6.613683327047899,17.284334551169596,8.368236738102407,10.670651224121698,1000,component widths are not additive
problem3_loss_to_benchmark,13,IFEval,upstream_only,32.56088321287908,32.56088321287908,32.56088321287908,32.56088321287908,0.0,0.0,1000,component widths are not additive
problem3_loss_to_benchmark,13,IFEval,bridge_only,26.672711947555168,39.08352806305004,24.384536213406832,41.72235818303767,12.410816115494871,17.337821969630838,1000,component widths are not additive
problem3_loss_to_benchmark,13,IFEval,joint,26.672711947555168,39.08352806305004,24.384536213406832,41.72235818303767,12.410816115494871,17.337821969630838,1000,component widths are not additive
problem3_loss_to_benchmark,13,BBH,upstream_only,10.990390630653788,10.99091007904059,10.99021400894451,10.991011544606858,0.0005194483868020683,0.0007975356623468599,1000,component widths are not additive
problem3_loss_to_benchmark,13,BBH,bridge_only,6.118125011725415,19.472715089013906,4.9334261366211205,21.216089305396824,13.354590077288492,16.282663168775706,1000,component widths are not additive
problem3_loss_to_benchmark,13,BBH,joint,6.118123602354873,19.472661950178292,4.9333915903053995,21.216192510795572,13.354538347823418,16.282800920490175,1000,component widths are not additive
problem3_loss_to_benchmark,13,MATH,upstream_only,4.984789161550182,4.984789161550182,4.984789161550182,4.984789161550182,0.0,0.0,1000,component widths are not additive
problem3_loss_to_benchmark,13,MATH,bridge_only,2.4117403924987935,10.01914753764336,1.861409820085471,12.182243071045157,7.607407145144566,10.320833250959685,1000,component widths are not additive
problem3_loss_to_benchmark,13,MATH,joint,2.4117403924987935,10.01914753764336,1.861409820085471,12.182243071045157,7.607407145144566,10.320833250959685,1000,component widths are not additive
problem3_loss_to_benchmark,13,GPQA,upstream_only,2.8142064649863863,2.8142064649863863,2.8142064649863863,2.8142064649863863,0.0,0.0,1000,component widths are not additive
problem3_loss_to_benchmark,13,GPQA,bridge_only,1.502831648259266,5.225122161565812,1.1072188218872647,5.87785971732395,3.722290513306546,4.770640895436686,1000,component widths are not additive
problem3_loss_to_benchmark,13,GPQA,joint,1.502831648259266,5.225122161565812,1.1072188218872647,5.87785971732395,3.722290513306546,4.770640895436686,1000,component widths are not additive
problem3_loss_to_benchmark,13,MUSR,upstream_only,5.804007992166477,5.804114211973823,5.803971874965984,5.804134959945471,0.00010621980734537573,0.00016308497948713807,1000,component widths are not additive
problem3_loss_to_benchmark,13,MUSR,bridge_only,4.970313881618783,6.9354148398470015,4.560735282707709,7.315736938843976,1.9651009582282182,2.755001656136267,1000,component widths are not additive
problem3_loss_to_benchmark,13,MUSR,joint,4.970354500640662,6.935419288411532,4.560746361156125,7.31561315761966,1.9650647877708707,2.754866796463535,1000,component widths are not additive
problem3_loss_to_benchmark,13,MMLU_PRO,upstream_only,7.952716255757078,7.953124516345792,7.952577440297803,7.953204263446528,0.0004082605887134605,0.0006268231487247533,1000,component widths are not additive
problem3_loss_to_benchmark,13,MMLU_PRO,bridge_only,3.3066995092998988,17.84281089072462,2.394964160462703,20.257857512979488,14.536111381424723,17.862893352516785,1000,component widths are not additive
problem3_loss_to_benchmark,13,MMLU_PRO,joint,3.306681802162768,17.84376028630664,2.3949707324896874,20.257696997105853,14.537078484143873,17.862726264616164,1000,component widths are not additive
problem3_loss_to_benchmark,14,Average,upstream_only,17.46522047170794,17.466463002444165,17.464658046692605,17.46739959716245,0.0012425307362242677,0.0027415504698460325,1000,component widths are not additive
problem3_loss_to_benchmark,14,Average,bridge_only,12.630851113547697,24.30764775288257,10.697691341750941,27.59025543211403,11.676796639334873,16.892564090363088,1000,component widths are not additive
problem3_loss_to_benchmark,14,Average,joint,12.630582971099566,24.305686107449382,10.697442964740036,27.59440123496669,11.675103136349817,16.896958270226655,1000,component widths are not additive
problem3_loss_to_benchmark,14,IFEval,upstream_only,32.56088321287908,32.56088321287908,32.56088321287908,32.56088321287908,0.0,0.0,1000,component widths are not additive
problem3_loss_to_benchmark,14,IFEval,bridge_only,26.672711947555168,39.08352806305004,24.384536213406832,41.72235818303767,12.410816115494871,17.337821969630838,1000,component widths are not additive
problem3_loss_to_benchmark,14,IFEval,joint,26.672711947555168,39.08352806305004,24.384536213406832,41.72235818303767,12.410816115494871,17.337821969630838,1000,component widths are not additive
problem3_loss_to_benchmark,14,BBH,upstream_only,23.010300247955115,23.01282767511903,23.009156238505398,23.01473283351297,0.002527427163915519,0.005576595007571683,1000,component widths are not additive
problem3_loss_to_benchmark,14,BBH,bridge_only,15.974145228317308,33.68828454419076,12.84077824870383,38.181966842589986,17.71413931587345,25.34118859388616,1000,component widths are not additive
problem3_loss_to_benchmark,14,BBH,joint,15.973187322279074,33.68756347878278,12.840329063599965,38.18243525765732,17.714376156503704,25.34210619405735,1000,component widths are not additive
problem3_loss_to_benchmark,14,MATH,upstream_only,4.984789161550182,4.984789161550182,4.984789161550182,4.984789161550182,0.0,0.0,1000,component widths are not additive
problem3_loss_to_benchmark,14,MATH,bridge_only,2.4117403924987935,10.01914753764336,1.861409820085471,12.182243071045157,7.607407145144566,10.320833250959685,1000,component widths are not additive
problem3_loss_to_benchmark,14,MATH,joint,2.4117403924987935,10.01914753764336,1.861409820085471,12.182243071045157,7.607407145144566,10.320833250959685,1000,component widths are not additive
problem3_loss_to_benchmark,14,GPQA,upstream_only,2.8142064649863863,2.8142064649863863,2.8142064649863863,2.8142064649863863,0.0,0.0,1000,component widths are not additive
problem3_loss_to_benchmark,14,GPQA,bridge_only,1.502831648259266,5.225122161565812,1.1072188218872647,5.87785971732395,3.722290513306546,4.770640895436686,1000,component widths are not additive
problem3_loss_to_benchmark,14,GPQA,joint,1.502831648259266,5.225122161565812,1.1072188218872647,5.87785971732395,3.722290513306546,4.770640895436686,1000,component widths are not additive
problem3_loss_to_benchmark,14,MUSR,upstream_only,7.85086406065241,7.851242212580876,7.850692890551129,7.851527252662908,0.0003781519284657975,0.0008343621117790079,1000,component widths are not additive
problem3_loss_to_benchmark,14,MUSR,bridge_only,5.876048250893175,10.480300623069004,4.979555620248396,11.90608266125114,4.6042523721758295,6.926527041002744,1000,component widths are not additive
problem3_loss_to_benchmark,14,MUSR,joint,5.87634986250236,10.480477670054283,4.979556214857372,11.905753672722929,4.604127807551923,6.926197457865556,1000,component widths are not additive
problem3_loss_to_benchmark,14,MMLU_PRO,upstream_only,17.858245818703615,17.86042076993026,17.857261365586574,17.86206025904604,0.002174951226646016,0.004798893459465603,1000,component widths are not additive
problem3_loss_to_benchmark,14,MMLU_PRO,bridge_only,10.309894460079994,30.50942779413686,7.457297819661067,34.52354610004691,20.199533334056866,27.066248280385842,1000,component widths are not additive
problem3_loss_to_benchmark,14,MMLU_PRO,joint,10.310065390318071,30.50860553185406,7.457185275951779,34.524536046017694,20.198540141535986,27.067350770065914,1000,component widths are not additive
problem3_loss_to_benchmark,15,Average,upstream_only,3.178293559577757,3.268891997860144,3.1553796755720382,3.2891517932423033,0.09059843828238678,0.1337721176702651,1000,component widths are not additive
problem3_loss_to_benchmark,15,Average,bridge_only,1.6799657536413062,6.3390350306330365,1.0985389038777134,7.9943413104215875,4.659069276991731,6.895802406543874,1000,component widths are not additive
problem3_loss_to_benchmark,15,Average,joint,1.675455850612926,6.313079155361174,1.1043013897348082,7.980832621076924,4.637623304748248,6.876531231342115,1000,component widths are not additive
problem3_loss_to_benchmark,15,IFEval,upstream_only,32.56088321287908,32.56088321287908,32.56088321287908,32.56088321287908,0.0,0.0,1000,component widths are not additive
problem3_loss_to_benchmark,15,IFEval,bridge_only,26.672711947555168,39.08352806305004,24.384536213406832,41.72235818303767,12.410816115494871,17.337821969630838,1000,component widths are not additive
problem3_loss_to_benchmark,15,IFEval,joint,26.672711947555168,39.08352806305004,24.384536213406832,41.72235818303767,12.410816115494871,17.337821969630838,1000,component widths are not additive
problem3_loss_to_benchmark,15,BBH,upstream_only,1.1486993664698428,1.218347363315772,1.1312751515659718,1.234086520631813,0.06964799684592915,0.10281136906584121,1000,component widths are not additive
problem3_loss_to_benchmark,15,BBH,bridge_only,0.04713148286284306,4.699992156637585,-0.1774850348275984,6.119660439813104,4.652860673774741,6.297145474640702,1000,component widths are not additive
problem3_loss_to_benchmark,15,BBH,joint,0.04854756394994529,4.681457096866063,-0.17379817611357398,6.123965200159445,4.632909532916117,6.297763376273019,1000,component widths are not additive
problem3_loss_to_benchmark,15,MATH,upstream_only,4.984789161550182,4.984789161550182,4.984789161550182,4.984789161550182,0.0,0.0,1000,component widths are not additive
problem3_loss_to_benchmark,15,MATH,bridge_only,2.4117403924987935,10.01914753764336,1.861409820085471,12.182243071045157,7.607407145144566,10.320833250959685,1000,component widths are not additive
problem3_loss_to_benchmark,15,MATH,joint,2.4117403924987935,10.01914753764336,1.861409820085471,12.182243071045157,7.607407145144566,10.320833250959685,1000,component widths are not additive
problem3_loss_to_benchmark,15,GPQA,upstream_only,2.8142064649863863,2.8142064649863863,2.8142064649863863,2.8142064649863863,0.0,0.0,1000,component widths are not additive
problem3_loss_to_benchmark,15,GPQA,bridge_only,1.502831648259266,5.225122161565812,1.1072188218872647,5.87785971732395,3.722290513306546,4.770640895436686,1000,component widths are not additive
problem3_loss_to_benchmark,15,GPQA,joint,1.502831648259266,5.225122161565812,1.1072188218872647,5.87785971732395,3.722290513306546,4.770640895436686,1000,component widths are not additive
problem3_loss_to_benchmark,15,MUSR,upstream_only,2.6676814065841032,2.7134847258830694,2.656027297649324,2.723668250026334,0.045803319298966194,0.06764095237700962,1000,component widths are not additive
problem3_loss_to_benchmark,15,MUSR,bridge_only,1.75046833906652,4.056728918156019,1.4894306743836943,4.979693088242563,2.306260579089499,3.4902624138588685,1000,component widths are not additive
problem3_loss_to_benchmark,15,MUSR,joint,1.747401960848817,4.055543795962928,1.4964933019595958,4.97973950651547,2.3081418351141108,3.483246204555874,1000,component widths are not additive
problem3_loss_to_benchmark,15,MMLU_PRO,upstream_only,0.6017439672735083,0.650146884866051,0.5896487479543902,0.6610972683750395,0.04840291759254267,0.07144852042064931,1000,component widths are not additive
problem3_loss_to_benchmark,15,MMLU_PRO,bridge_only,-0.2515266456627106,4.409726509745479,-0.37405004991599256,6.33456148150904,4.66125315540819,6.708611531425032,1000,component widths are not additive
problem3_loss_to_benchmark,15,MMLU_PRO,joint,-0.25373042130251877,4.470524471477218,-0.37204943272514035,6.31067095658455,4.724254892779737,6.682720389309691,1000,component widths are not additive
problem3_loss_to_benchmark,16,Average,upstream_only,13.299328547171735,13.29997301947574,13.299170212952905,13.300343290783935,0.0006444723040051059,0.001173077831030156,1000,component widths are not additive
problem3_loss_to_benchmark,16,Average,bridge_only,9.419602909956838,18.757971352705873,8.036458365658921,20.77455271641,9.338368442749035,12.738094350751078,1000,component widths are not additive
problem3_loss_to_benchmark,16,Average,joint,9.419633015682031,18.758032445950803,8.03641140879685,20.774497847614587,9.338399430268773,12.738086438817737,1000,component widths are not additive
problem3_loss_to_benchmark,16,IFEval,upstream_only,32.56088321287908,32.56088321287908,32.56088321287908,32.56088321287908,0.0,0.0,1000,component widths are not additive
problem3_loss_to_benchmark,16,IFEval,bridge_only,26.672711947555168,39.08352806305004,24.384536213406832,41.72235818303767,12.410816115494871,17.337821969630838,1000,component widths are not additive
problem3_loss_to_benchmark,16,IFEval,joint,26.672711947555168,39.08352806305004,24.384536213406832,41.72235818303767,12.410816115494871,17.337821969630838,1000,component widths are not additive
problem3_loss_to_benchmark,16,BBH,upstream_only,14.921903167428818,14.923080474016949,14.921613930457358,14.923756889182272,0.0011773065881310885,0.0021429587249137683,1000,component widths are not additive
problem3_loss_to_benchmark,16,BBH,bridge_only,9.200320384813383,24.0304673134569,7.352920811229885,26.84124915163433,14.830146928643517,19.488328340404443,1000,component widths are not additive
problem3_loss_to_benchmark,16,BBH,joint,9.200940761002064,24.03022769685828,7.353145040525828,26.841046510201526,14.829286935856215,19.4879014696757,1000,component widths are not additive
problem3_loss_to_benchmark,16,MATH,upstream_only,4.984789161550182,4.984789161550182,4.984789161550182,4.984789161550182,0.0,0.0,1000,component widths are not additive
problem3_loss_to_benchmark,16,MATH,bridge_only,2.4117403924987935,10.01914753764336,1.861409820085471,12.182243071045157,7.607407145144566,10.320833250959685,1000,component widths are not additive
problem3_loss_to_benchmark,16,MATH,joint,2.4117403924987935,10.01914753764336,1.861409820085471,12.182243071045157,7.607407145144566,10.320833250959685,1000,component widths are not additive
problem3_loss_to_benchmark,16,GPQA,upstream_only,2.8142064649863863,2.8142064649863863,2.8142064649863863,2.8142064649863863,0.0,0.0,1000,component widths are not additive
problem3_loss_to_benchmark,16,GPQA,bridge_only,1.502831648259266,5.225122161565812,1.1072188218872647,5.87785971732395,3.722290513306546,4.770640895436686,1000,component widths are not additive
problem3_loss_to_benchmark,16,GPQA,joint,1.502831648259266,5.225122161565812,1.1072188218872647,5.87785971732395,3.722290513306546,4.770640895436686,1000,component widths are not additive
problem3_loss_to_benchmark,16,MUSR,upstream_only,6.548363517407861,6.548571629978735,6.548312387844295,6.548691196614893,0.0002081125708741638,0.00037880877059848217,1000,component widths are not additive
problem3_loss_to_benchmark,16,MUSR,bridge_only,5.316759091887514,8.027925630596101,4.754688293687864,8.791720619390398,2.7111665387085875,4.037032325702534,1000,component widths are not additive
problem3_loss_to_benchmark,16,MUSR,joint,5.317271566424451,8.027939049197991,4.754690165932665,8.791855725667812,2.71066748277354,4.037165559735147,1000,component widths are not additive
problem3_loss_to_benchmark,16,MMLU_PRO,upstream_only,11.093666434947393,11.094621908389147,11.093431698580854,11.095170874467556,0.0009554734417545063,0.0017391758867013607,1000,component widths are not additive
problem3_loss_to_benchmark,16,MMLU_PRO,bridge_only,5.436480085201689,21.88249241846632,3.8179584316843793,24.83644638357351,16.446012333264633,21.01848795188913,1000,component widths are not additive
problem3_loss_to_benchmark,16,MMLU_PRO,joint,5.436617857226334,21.881884627742615,3.8179026331513697,24.83616096429145,16.44526677051628,21.018258331140082,1000,component widths are not additive
problem3_loss_to_benchmark,17,Average,upstream_only,19.27672214852514,19.27846631905473,19.275885950255173,19.27947852746672,0.0017441705295908605,0.003592577211545489,1000,component widths are not additive
problem3_loss_to_benchmark,17,Average,bridge_only,14.068512982170024,26.64824518277261,11.841991459446641,30.53124781542811,12.579732200602585,18.68925635598147,1000,component widths are not additive
problem3_loss_to_benchmark,17,Average,joint,14.06824436417759,26.649000135769686,11.842105564700605,30.532617458751275,12.580755771592097,18.690511894050672,1000,component widths are not additive
problem3_loss_to_benchmark,17,IFEval,upstream_only,32.56088321287908,32.56088321287908,32.56088321287908,32.56088321287908,0.0,0.0,1000,component widths are not additive
problem3_loss_to_benchmark,17,IFEval,bridge_only,26.672711947555168,39.08352806305004,24.384536213406832,41.72235818303767,12.410816115494871,17.337821969630838,1000,component widths are not additive
problem3_loss_to_benchmark,17,IFEval,joint,26.672711947555168,39.08352806305004,24.384536213406832,41.72235818303767,12.410816115494871,17.337821969630838,1000,component widths are not additive
problem3_loss_to_benchmark,17,BBH,upstream_only,26.743335468130418,26.746969400960236,26.741593293732798,26.749078339202914,0.00363393282981761,0.007485045470115637,1000,component widths are not additive
problem3_loss_to_benchmark,17,BBH,bridge_only,19.165810957296245,37.97638812839033,15.713967952316706,43.17697777684135,18.81057717109409,27.46300982452464,1000,component widths are not additive
problem3_loss_to_benchmark,17,BBH,joint,19.16266511422399,37.976183438437786,15.714128389931227,43.17860461775916,18.813518324213796,27.464476227827937,1000,component widths are not additive
problem3_loss_to_benchmark,17,MATH,upstream_only,4.984789161550182,4.984789161550182,4.984789161550182,4.984789161550182,0.0,0.0,1000,component widths are not additive
problem3_loss_to_benchmark,17,MATH,bridge_only,2.4117403924987935,10.01914753764336,1.861409820085471,12.182243071045157,7.607407145144566,10.320833250959685,1000,component widths are not additive
problem3_loss_to_benchmark,17,MATH,joint,2.4117403924987935,10.01914753764336,1.861409820085471,12.182243071045157,7.607407145144566,10.320833250959685,1000,component widths are not additive
problem3_loss_to_benchmark,17,GPQA,upstream_only,2.8142064649863863,2.8142064649863863,2.8142064649863863,2.8142064649863863,0.0,0.0,1000,component widths are not additive
problem3_loss_to_benchmark,17,GPQA,bridge_only,1.502831648259266,5.225122161565812,1.1072188218872647,5.87785971732395,3.722290513306546,4.770640895436686,1000,component widths are not additive
problem3_loss_to_benchmark,17,GPQA,joint,1.502831648259266,5.225122161565812,1.1072188218872647,5.87785971732395,3.722290513306546,4.770640895436686,1000,component widths are not additive
problem3_loss_to_benchmark,17,MUSR,upstream_only,8.397434268154043,8.397956387112561,8.397183948940068,8.398259389295953,0.0005221189585178365,0.0010754403558852488,1000,component widths are not additive
problem3_loss_to_benchmark,17,MUSR,bridge_only,6.082992315470849,11.578279016822995,5.100236936514367,13.34536322112707,5.495286701352145,8.245126284612702,1000,component widths are not additive
problem3_loss_to_benchmark,17,MUSR,joint,6.08336976673483,11.578629442262562,5.100239727406493,13.34595430208212,5.495259675527732,8.245714574675628,1000,component widths are not additive
problem3_loss_to_benchmark,17,MMLU_PRO,upstream_only,21.11137997554922,21.114586243767228,21.109842858573032,21.11644702365705,0.00320626821800829,0.006604165084016955,1000,component widths are not additive
problem3_loss_to_benchmark,17,MMLU_PRO,bridge_only,12.649567212768192,34.63731273831899,9.220354206713118,39.7667488592106,21.9877455255508,30.546394652497483,1000,component widths are not additive
problem3_loss_to_benchmark,17,MMLU_PRO,joint,12.64861095373994,34.637519458973685,9.220381074868708,39.76759949425658,21.988908505233745,30.54721841938787,1000,component widths are not additive
problem3_loss_to_benchmark,18,Average,upstream_only,3.1231712823742255,3.2173151871073515,3.1014790306859217,3.2363665845266745,0.09414390473312606,0.1348875538407528,1000,component widths are not additive
problem3_loss_to_benchmark,18,Average,bridge_only,1.6474289775769946,6.270438518611323,1.0697358136070898,7.920154102925312,4.623009541034328,6.850418289318222,1000,component widths are not additive
problem3_loss_to_benchmark,18,Average,joint,1.634070507795384,6.239092607624474,1.068585587364901,7.963970841062564,4.60502209982909,6.895385253697663,1000,component widths are not additive
problem3_loss_to_benchmark,18,IFEval,upstream_only,32.56088321287908,32.56088321287908,32.56088321287908,32.56088321287908,0.0,0.0,1000,component widths are not additive
problem3_loss_to_benchmark,18,IFEval,bridge_only,26.672711947555168,39.08352806305004,24.384536213406832,41.72235818303767,12.410816115494871,17.337821969630838,1000,component widths are not additive
problem3_loss_to_benchmark,18,IFEval,joint,26.672711947555168,39.08352806305004,24.384536213406832,41.72235818303767,12.410816115494871,17.337821969630838,1000,component widths are not additive
problem3_loss_to_benchmark,18,BBH,upstream_only,1.1069140108007698,1.1785499163662665,1.09059318823013,1.1932049100852506,0.0716359055654967,0.10261172185512057,1000,component widths are not additive
problem3_loss_to_benchmark,18,BBH,bridge_only,0.030882634098651402,4.614168207268017,-0.18861639662287405,6.018488577101143,4.583285573169366,6.207104973724017,1000,component widths are not additive
problem3_loss_to_benchmark,18,BBH,joint,0.029608254566172436,4.613318584706045,-0.18936411397402209,5.951685420654782,4.583710330139873,6.141049534628804,1000,component widths are not additive
problem3_loss_to_benchmark,18,MATH,upstream_only,4.984789161550182,4.984789161550182,4.984789161550182,4.984789161550182,0.0,0.0,1000,component widths are not additive
problem3_loss_to_benchmark,18,MATH,bridge_only,2.4117403924987935,10.01914753764336,1.861409820085471,12.182243071045157,7.607407145144566,10.320833250959685,1000,component widths are not additive
problem3_loss_to_benchmark,18,MATH,joint,2.4117403924987935,10.01914753764336,1.861409820085471,12.182243071045157,7.607407145144566,10.320833250959685,1000,component widths are not additive
problem3_loss_to_benchmark,18,GPQA,upstream_only,2.8142064649863863,2.8142064649863863,2.8142064649863863,2.8142064649863863,0.0,0.0,1000,component widths are not additive
problem3_loss_to_benchmark,18,GPQA,bridge_only,1.502831648259266,5.225122161565812,1.1072188218872647,5.87785971732395,3.722290513306546,4.770640895436686,1000,component widths are not additive
problem3_loss_to_benchmark,18,GPQA,joint,1.502831648259266,5.225122161565812,1.1072188218872647,5.87785971732395,3.722290513306546,4.770640895436686,1000,component widths are not additive
problem3_loss_to_benchmark,18,MUSR,upstream_only,2.639597459369774,2.6874628047409286,2.6284997374319903,2.6970910927122853,0.04786534537115461,0.06859135528029503,1000,component widths are not additive
problem3_loss_to_benchmark,18,MUSR,bridge_only,1.7188088086024957,4.029456525152656,1.459074893297063,4.969920286223297,2.3106477165501604,3.5108453929262335,1000,component widths are not additive
problem3_loss_to_benchmark,18,MUSR,joint,1.7210737041223518,4.030088346302781,1.4522093964660583,4.979689212263577,2.309014642180429,3.527479815797519,1000,component widths are not additive
problem3_loss_to_benchmark,18,MMLU_PRO,upstream_only,0.5727477292451764,0.62247816653432,0.561431121252122,0.6326635274981236,0.049730437289143614,0.07123240624600158,1000,component widths are not additive
problem3_loss_to_benchmark,18,MMLU_PRO,bridge_only,-0.26026884957541974,4.32604108112166,-0.37879922114405773,6.253015335667622,4.586309930697079,6.63181455681168,1000,component widths are not additive
problem3_loss_to_benchmark,18,MMLU_PRO,joint,-0.26241657372212596,4.3556013016429125,-0.37752296118084444,6.214403661850476,4.618017875365038,6.59192662303132,1000,component widths are not additive
problem3_loss_to_benchmark,19,Average,upstream_only,13.215506954236147,13.216101016439872,13.215351606447609,13.216438922414193,0.000594062203724377,0.0010873159665845122,1000,component widths are not additive
problem3_loss_to_benchmark,19,Average,bridge_only,9.350939164268532,18.6339804011825,7.983580603285816,20.663278686193312,9.28304123691397,12.679698082907496,1000,component widths are not additive
problem3_loss_to_benchmark,19,Average,joint,9.351175437610463,18.634158952090143,7.98350351212091,20.663986194733784,9.28298351447968,12.680482682612874,1000,component widths are not additive
problem3_loss_to_benchmark,19,IFEval,upstream_only,32.56088321287908,32.56088321287908,32.56088321287908,32.56088321287908,0.0,0.0,1000,component widths are not additive
problem3_loss_to_benchmark,19,IFEval,bridge_only,26.672711947555168,39.08352806305004,24.384536213406832,41.72235818303767,12.410816115494871,17.337821969630838,1000,component widths are not additive
problem3_loss_to_benchmark,19,IFEval,joint,26.672711947555168,39.08352806305004,24.384536213406832,41.72235818303767,12.410816115494871,17.337821969630838,1000,component widths are not additive
problem3_loss_to_benchmark,19,BBH,upstream_only,14.76901414892565,14.770096065934213,14.768731230554335,14.770711476996274,0.0010819170085625274,0.0019802464419385046,1000,component widths are not additive
problem3_loss_to_benchmark,19,BBH,bridge_only,9.059896858916455,23.842594447780975,7.258915535100238,26.621143050406047,14.78269758886452,19.36222751530581,1000,component widths are not additive
problem3_loss_to_benchmark,19,BBH,joint,9.059806151620522,23.84346935925134,7.258710245990674,26.622756654080476,14.783663207630818,19.364046408089802,1000,component widths are not additive
problem3_loss_to_benchmark,19,MATH,upstream_only,4.984789161550182,4.984789161550182,4.984789161550182,4.984789161550182,0.0,0.0,1000,component widths are not additive
problem3_loss_to_benchmark,19,MATH,bridge_only,2.4117403924987935,10.01914753764336,1.861409820085471,12.182243071045157,7.607407145144566,10.320833250959685,1000,component widths are not additive
problem3_loss_to_benchmark,19,MATH,joint,2.4117403924987935,10.01914753764336,1.861409820085471,12.182243071045157,7.607407145144566,10.320833250959685,1000,component widths are not additive
problem3_loss_to_benchmark,19,GPQA,upstream_only,2.8142064649863863,2.8142064649863863,2.8142064649863863,2.8142064649863863,0.0,0.0,1000,component widths are not additive
problem3_loss_to_benchmark,19,GPQA,bridge_only,1.502831648259266,5.225122161565812,1.1072188218872647,5.87785971732395,3.722290513306546,4.770640895436686,1000,component widths are not additive
problem3_loss_to_benchmark,19,GPQA,joint,1.502831648259266,5.225122161565812,1.1072188218872647,5.87785971732395,3.722290513306546,4.770640895436686,1000,component widths are not additive
problem3_loss_to_benchmark,19,MUSR,upstream_only,6.521274526685249,6.521466662285283,6.521224282702412,6.5215759491530045,0.00019213560003361607,0.0003516664505927025,1000,component widths are not additive
problem3_loss_to_benchmark,19,MUSR,bridge_only,5.305072546160618,8.00405334614602,4.746527203591059,8.729135753832097,2.698980799985401,3.9826085502410375,1000,component widths are not additive
problem3_loss_to_benchmark,19,MUSR,joint,5.305084737044599,8.004194406098794,4.746500603433248,8.729361990250757,2.699109669054195,3.9828613868175085,1000,component widths are not additive
problem3_loss_to_benchmark,19,MMLU_PRO,upstream_only,10.969659705595145,10.970536719141338,10.969430370144515,10.971035581256267,0.0008770135461926287,0.0016052111117517143,1000,component widths are not additive
problem3_loss_to_benchmark,19,MMLU_PRO,bridge_only,5.367105053357786,21.74347207900138,3.7546984701664248,24.674973415012428,16.376367025643592,20.920274944846003,1000,component widths are not additive
problem3_loss_to_benchmark,19,MMLU_PRO,joint,5.367263130157284,21.743464912933394,3.7546089560397804,24.675125944345865,16.37620178277611,20.920516988306083,1000,component widths are not additive
problem3_loss_to_benchmark,20,Average,upstream_only,19.2120760416933,19.2138293920144,19.21142439978254,19.21507817941143,0.0017533503210991341,0.0036537796288911295,1000,component widths are not additive
problem3_loss_to_benchmark,20,Average,bridge_only,14.016807094507724,26.557199733098123,11.808968765060355,30.429713359713524,12.540392638590399,18.620744594653168,1000,component widths are not additive
problem3_loss_to_benchmark,20,Average,joint,14.016555481898534,26.56077805575686,11.808471580275887,30.430488938795165,12.544222573858326,18.62201735851928,1000,component widths are not additive
problem3_loss_to_benchmark,20,IFEval,upstream_only,32.56088321287908,32.56088321287908,32.56088321287908,32.56088321287908,0.0,0.0,1000,component widths are not additive
problem3_loss_to_benchmark,20,IFEval,bridge_only,26.672711947555168,39.08352806305004,24.384536213406832,41.72235818303767,12.410816115494871,17.337821969630838,1000,component widths are not additive
problem3_loss_to_benchmark,20,IFEval,joint,26.672711947555168,39.08352806305004,24.384536213406832,41.72235818303767,12.410816115494871,17.337821969630838,1000,component widths are not additive
problem3_loss_to_benchmark,20,BBH,upstream_only,26.608691941154,26.612342619333077,26.607335163958936,26.61494277892758,0.0036506781790777154,0.007607614968645038,1000,component widths are not additive
problem3_loss_to_benchmark,20,BBH,bridge_only,19.036071371134245,37.84105542950317,15.601559738237473,43.001973749395546,18.804984058368927,27.400414011158073,1000,component widths are not additive
problem3_loss_to_benchmark,20,BBH,joint,19.03656207606971,37.841061051729476,15.60147940909982,43.00318852808519,18.804498975659765,27.40170911898537,1000,component widths are not additive
problem3_loss_to_benchmark,20,MATH,upstream_only,4.984789161550182,4.984789161550182,4.984789161550182,4.984789161550182,0.0,0.0,1000,component widths are not additive
problem3_loss_to_benchmark,20,MATH,bridge_only,2.4117403924987935,10.01914753764336,1.861409820085471,12.182243071045157,7.607407145144566,10.320833250959685,1000,component widths are not additive
problem3_loss_to_benchmark,20,MATH,joint,2.4117403924987935,10.01914753764336,1.861409820085471,12.182243071045157,7.607407145144566,10.320833250959685,1000,component widths are not additive
problem3_loss_to_benchmark,20,GPQA,upstream_only,2.8142064649863863,2.8142064649863863,2.8142064649863863,2.8142064649863863,0.0,0.0,1000,component widths are not additive
problem3_loss_to_benchmark,20,GPQA,bridge_only,1.502831648259266,5.225122161565812,1.1072188218872647,5.87785971732395,3.722290513306546,4.770640895436686,1000,component widths are not additive
problem3_loss_to_benchmark,20,GPQA,joint,1.502831648259266,5.225122161565812,1.1072188218872647,5.87785971732395,3.722290513306546,4.770640895436686,1000,component widths are not additive
problem3_loss_to_benchmark,20,MUSR,upstream_only,8.378077333364226,8.378602468399544,8.377882162289431,8.37897648047694,0.0005251350353177031,0.0010943181875084917,1000,component widths are not additive
problem3_loss_to_benchmark,20,MUSR,bridge_only,6.0741140990259295,11.545612626006726,5.095184202851089,13.29608582983296,5.471498526980796,8.20090162698187,1000,component widths are not additive
problem3_loss_to_benchmark,20,MUSR,joint,6.074053051124503,11.545600478450273,5.0951687192861,13.296124111039434,5.4715474273257705,8.200955391753334,1000,component widths are not additive
problem3_loss_to_benchmark,20,MMLU_PRO,upstream_only,20.992636086259274,20.995854281978083,20.991440061166887,20.998146457282363,0.0032181957188086585,0.0067063961154758545,1000,component widths are not additive
problem3_loss_to_benchmark,20,MMLU_PRO,bridge_only,12.574883133420164,34.486982261017204,9.161893803707715,39.59731971841846,21.91209912759704,30.43542591471075,1000,component widths are not additive
problem3_loss_to_benchmark,20,MMLU_PRO,joint,12.575058058680046,34.48655455217942,9.161604902954554,39.598148434997846,21.911496493499374,30.43654353204329,1000,component widths are not additive
problem3_loss_to_benchmark,21,Average,upstream_only,3.0342145744892988,3.1194093236084393,3.0184727694456353,3.1435527665251066,0.08519474911914049,0.12507999707947137,1000,component widths are not additive
problem3_loss_to_benchmark,21,Average,bridge_only,1.5739622561241347,6.1454950080853985,1.0164115086776588,7.784763005276139,4.571532751961264,6.768351496598481,1000,component widths are not additive
problem3_loss_to_benchmark,21,Average,joint,1.5664684053051765,6.11028398030222,1.0038032422291485,7.752965543174616,4.543815574997043,6.749162300945468,1000,component widths are not additive
problem3_loss_to_benchmark,21,IFEval,upstream_only,32.56088321287908,32.56088321287908,32.56088321287908,32.56088321287908,0.0,0.0,1000,component widths are not additive
problem3_loss_to_benchmark,21,IFEval,bridge_only,26.672711947555168,39.08352806305004,24.384536213406832,41.72235818303767,12.410816115494871,17.337821969630838,1000,component widths are not additive
problem3_loss_to_benchmark,21,IFEval,joint,26.672711947555168,39.08352806305004,24.384536213406832,41.72235818303767,12.410816115494871,17.337821969630838,1000,component widths are not additive
problem3_loss_to_benchmark,21,BBH,upstream_only,1.0404278794921291,1.104078601682464,1.0287848070715426,1.1223119728377309,0.06365072219033485,0.09352716576618825,1000,component widths are not additive
problem3_loss_to_benchmark,21,BBH,bridge_only,-0.002388826939358163,4.449855843070025,-0.20815587452574033,5.835514253492678,4.452244670009383,6.043670128018419,1000,component widths are not additive
problem3_loss_to_benchmark,21,BBH,joint,-0.0023924533393639117,4.441069364926493,-0.2097473797315373,5.7784359820376086,4.443461818265857,5.988183361769146,1000,component widths are not additive
problem3_loss_to_benchmark,21,MATH,upstream_only,4.984789161550182,4.984789161550182,4.984789161550182,4.984789161550182,0.0,0.0,1000,component widths are not additive
problem3_loss_to_benchmark,21,MATH,bridge_only,2.4117403924987935,10.01914753764336,1.861409820085471,12.182243071045157,7.607407145144566,10.320833250959685,1000,component widths are not additive
problem3_loss_to_benchmark,21,MATH,joint,2.4117403924987935,10.01914753764336,1.861409820085471,12.182243071045157,7.607407145144566,10.320833250959685,1000,component widths are not additive
problem3_loss_to_benchmark,21,GPQA,upstream_only,2.8142064649863863,2.8142064649863863,2.8142064649863863,2.8142064649863863,0.0,0.0,1000,component widths are not additive
problem3_loss_to_benchmark,21,GPQA,bridge_only,1.502831648259266,5.225122161565812,1.1072188218872647,5.87785971732395,3.722290513306546,4.770640895436686,1000,component widths are not additive
problem3_loss_to_benchmark,21,GPQA,joint,1.502831648259266,5.225122161565812,1.1072188218872647,5.87785971732395,3.722290513306546,4.770640895436686,1000,component widths are not additive
problem3_loss_to_benchmark,21,MUSR,upstream_only,2.5939194003693777,2.637674718630595,2.585789397963932,2.6500008834817774,0.04375531826121737,0.06421148551784528,1000,component widths are not additive
problem3_loss_to_benchmark,21,MUSR,bridge_only,1.666722418145337,4.003276017813482,1.4042310464605405,4.947316811733168,2.336553599668145,3.543085765272627,1000,component widths are not additive
problem3_loss_to_benchmark,21,MUSR,joint,1.6662040144897368,3.9911448383891015,1.3996054014931292,4.943984444911129,2.3249408238993645,3.5443790434179996,1000,component widths are not additive
problem3_loss_to_benchmark,21,MMLU_PRO,upstream_only,0.5266792647774758,0.5707813367337828,0.5186205535632415,0.5834290675136784,0.044102071956307,0.06480851395043685,1000,component widths are not additive
problem3_loss_to_benchmark,21,MMLU_PRO,bridge_only,-0.27580089430915233,4.1845502978894125,-0.3871006283080086,6.1026277790770616,4.460351192198565,6.48972840738507,1000,component widths are not additive
problem3_loss_to_benchmark,21,MMLU_PRO,joint,-0.27659885749385316,4.260839149972906,-0.3861732583447765,6.097383148064548,4.5374380074667595,6.483556406409324,1000,component widths are not additive
problem3_loss_to_benchmark,22,Average,upstream_only,13.061102882687239,13.061671328357964,13.060936680454507,13.061929530416831,0.000568445670724671,0.0009928499623246267,1000,component widths are not additive
problem3_loss_to_benchmark,22,Average,bridge_only,9.230436717276651,18.39678115186387,7.8863058374167965,20.45805492104331,9.166344434587218,12.571749083626514,1000,component widths are not additive
problem3_loss_to_benchmark,22,Average,joint,9.230780791372357,18.3968127070472,7.886239648382387,20.45805057828327,9.166031915674843,12.571810929900884,1000,component widths are not additive
problem3_loss_to_benchmark,22,IFEval,upstream_only,32.56088321287908,32.56088321287908,32.56088321287908,32.56088321287908,0.0,0.0,1000,component widths are not additive
problem3_loss_to_benchmark,22,IFEval,bridge_only,26.672711947555168,39.08352806305004,24.384536213406832,41.72235818303767,12.410816115494871,17.337821969630838,1000,component widths are not additive
problem3_loss_to_benchmark,22,IFEval,joint,26.672711947555168,39.08352806305004,24.384536213406832,41.72235818303767,12.410816115494871,17.337821969630838,1000,component widths are not additive
problem3_loss_to_benchmark,22,BBH,upstream_only,14.488612553721447,14.489641917169656,14.488311592418832,14.490109486700725,0.0010293634482092529,0.001797894281892809,1000,component widths are not additive
problem3_loss_to_benchmark,22,BBH,bridge_only,8.825235232491684,23.471601944199275,7.087635230918931,26.228794702645676,14.646366711707591,19.141159471726745,1000,component widths are not additive
problem3_loss_to_benchmark,22,BBH,joint,8.825293082160815,23.472160592163462,7.086480330686006,26.228921059889114,14.646867510002647,19.14244072920311,1000,component widths are not additive
problem3_loss_to_benchmark,22,MATH,upstream_only,4.984789161550182,4.984789161550182,4.984789161550182,4.984789161550182,0.0,0.0,1000,component widths are not additive
problem3_loss_to_benchmark,22,MATH,bridge_only,2.4117403924987935,10.01914753764336,1.861409820085471,12.182243071045157,7.607407145144566,10.320833250959685,1000,component widths are not additive
problem3_loss_to_benchmark,22,MATH,joint,2.4117403924987935,10.01914753764336,1.861409820085471,12.182243071045157,7.607407145144566,10.320833250959685,1000,component widths are not additive
problem3_loss_to_benchmark,22,GPQA,upstream_only,2.8142064649863863,2.8142064649863863,2.8142064649863863,2.8142064649863863,0.0,0.0,1000,component widths are not additive
problem3_loss_to_benchmark,22,GPQA,bridge_only,1.502831648259266,5.225122161565812,1.1072188218872647,5.87785971732395,3.722290513306546,4.770640895436686,1000,component widths are not additive
problem3_loss_to_benchmark,22,GPQA,joint,1.502831648259266,5.225122161565812,1.1072188218872647,5.87785971732395,3.722290513306546,4.770640895436686,1000,component widths are not additive
problem3_loss_to_benchmark,22,MUSR,upstream_only,6.471262670332399,6.471447061774699,6.471208757553429,6.471530816255183,0.00018439144229986937,0.00032205870175427975,1000,component widths are not additive
problem3_loss_to_benchmark,22,MUSR,bridge_only,5.286398920839458,7.924949750898574,4.733508256427924,8.619618748473597,2.638550830059116,3.886110492045673,1000,component widths are not additive
problem3_loss_to_benchmark,22,MUSR,joint,5.286420591078105,7.9250162691099595,4.733508087064894,8.61959465347227,2.6385956780318542,3.886086566407376,1000,component widths are not additive
problem3_loss_to_benchmark,22,MMLU_PRO,upstream_only,10.742612770987552,10.74344535704343,10.742369343967297,10.743823546260112,0.000832586055878437,0.0014542022928143439,1000,component widths are not additive
problem3_loss_to_benchmark,22,MMLU_PRO,bridge_only,5.2294855839557846,21.475695394896952,3.6539311806982027,24.291041657800054,16.246209810941167,20.637110477101853,1000,component widths are not additive
problem3_loss_to_benchmark,22,MMLU_PRO,joint,5.229825485504288,21.475703503645637,3.653944317473135,24.29056855445773,16.245878018141347,20.636624236984595,1000,component widths are not additive
problem3_loss_to_benchmark,23,Average,upstream_only,19.092655514926953,19.09435842959439,19.09200460440909,19.095463238565262,0.0017029146674367723,0.003458634156171314,1000,component widths are not additive
problem3_loss_to_benchmark,23,Average,bridge_only,13.918477797329489,26.417137007081884,11.743903427575981,30.241974362784955,12.498659209752395,18.498070935208972,1000,component widths are not additive
problem3_loss_to_benchmark,23,Average,joint,13.918219469977227,26.417312528579377,11.744155202334342,30.24178155041286,12.49909305860215,18.49762634807852,1000,component widths are not additive
problem3_loss_to_benchmark,23,IFEval,upstream_only,32.56088321287908,32.56088321287908,32.56088321287908,32.56088321287908,0.0,0.0,1000,component widths are not additive
problem3_loss_to_benchmark,23,IFEval,bridge_only,26.672711947555168,39.08352806305004,24.384536213406832,41.72235818303767,12.410816115494871,17.337821969630838,1000,component widths are not additive
problem3_loss_to_benchmark,23,IFEval,joint,26.672711947555168,39.08352806305004,24.384536213406832,41.72235818303767,12.410816115494871,17.337821969630838,1000,component widths are not additive
problem3_loss_to_benchmark,23,BBH,upstream_only,26.360200232436423,26.363741494163893,26.358846661553525,26.366039011522368,0.0035412617274701574,0.007192349968843104,1000,component widths are not additive
problem3_loss_to_benchmark,23,BBH,bridge_only,18.797929966087445,37.472671518667,15.39829918709643,42.67799599607943,18.674741552579555,27.279696808983,1000,component widths are not additive
problem3_loss_to_benchmark,23,BBH,joint,18.79694870259593,37.471986487891144,15.398051731792604,42.675802297971735,18.675037785295213,27.27775056617913,1000,component widths are not additive
problem3_loss_to_benchmark,23,MATH,upstream_only,4.984789161550182,4.984789161550182,4.984789161550182,4.984789161550182,0.0,0.0,1000,component widths are not additive
problem3_loss_to_benchmark,23,MATH,bridge_only,2.4117403924987935,10.01914753764336,1.861409820085471,12.182243071045157,7.607407145144566,10.320833250959685,1000,component widths are not additive
problem3_loss_to_benchmark,23,MATH,joint,2.4117403924987935,10.01914753764336,1.861409820085471,12.182243071045157,7.607407145144566,10.320833250959685,1000,component widths are not additive
problem3_loss_to_benchmark,23,GPQA,upstream_only,2.8142064649863863,2.8142064649863863,2.8142064649863863,2.8142064649863863,0.0,0.0,1000,component widths are not additive
problem3_loss_to_benchmark,23,GPQA,bridge_only,1.502831648259266,5.225122161565812,1.1072188218872647,5.87785971732395,3.722290513306546,4.770640895436686,1000,component widths are not additive
problem3_loss_to_benchmark,23,GPQA,joint,1.502831648259266,5.225122161565812,1.1072188218872647,5.87785971732395,3.722290513306546,4.770640895436686,1000,component widths are not additive
problem3_loss_to_benchmark,23,MUSR,upstream_only,8.342293100901815,8.342803619263819,8.342097961974973,8.343134827198588,0.0005105183620042197,0.0010368652236145692,1000,component widths are not additive
problem3_loss_to_benchmark,23,MUSR,bridge_only,6.058744534844306,11.47203465393891,5.080926287474785,13.205122819344517,5.413290119094605,8.124196531869732,1000,component widths are not additive
problem3_loss_to_benchmark,23,MUSR,joint,6.059201145050213,11.472061061212345,5.08095655479616,13.205224742041485,5.412859916162133,8.124268187245326,1000,component widths are not additive
problem3_loss_to_benchmark,23,MMLU_PRO,upstream_only,20.773763838691544,20.7768804784241,20.77257258961343,20.778902546314768,0.003116639732557047,0.006329956701339512,1000,component widths are not additive
problem3_loss_to_benchmark,23,MMLU_PRO,bridge_only,12.404544352011568,34.195824557621116,9.037751092444617,39.28387005466238,21.791280205609546,30.246118962217764,1000,component widths are not additive
problem3_loss_to_benchmark,23,MMLU_PRO,joint,12.404205492295477,34.20601856859682,9.03735875996393,39.282834058836514,21.801813076301343,30.245475298872584,1000,component widths are not additive
problem3_loss_to_benchmark,24,Average,upstream_only,2.650676817144257,2.7238592688973915,2.6303576517428375,2.739426151001253,0.07318245175313454,0.10906849925841566,1000,component widths are not additive
problem3_loss_to_benchmark,24,Average,bridge_only,1.2985662852529087,5.602032515848442,0.7639035167450307,7.222122407964896,4.303466230595533,6.4582188912198655,1000,component widths are not additive
problem3_loss_to_benchmark,24,Average,joint,1.3075772372629513,5.614277019756421,0.7653453800697599,7.290024483026332,4.306699782493469,6.524679102956572,1000,component widths are not additive
problem3_loss_to_benchmark,24,IFEval,upstream_only,32.56088321287908,32.56088321287908,32.56088321287908,32.56088321287908,0.0,0.0,1000,component widths are not additive
problem3_loss_to_benchmark,24,IFEval,bridge_only,26.672711947555168,39.08352806305004,24.384536213406832,41.72235818303767,12.410816115494871,17.337821969630838,1000,component widths are not additive
problem3_loss_to_benchmark,24,IFEval,joint,26.672711947555168,39.08352806305004,24.384536213406832,41.72235818303767,12.410816115494871,17.337821969630838,1000,component widths are not additive
problem3_loss_to_benchmark,24,BBH,upstream_only,0.7673559740574178,0.8177395305477423,0.7535125335674975,0.8285623284611949,0.050383556490324444,0.07504979489369745,1000,component widths are not additive
problem3_loss_to_benchmark,24,BBH,bridge_only,-0.11747870154681232,3.8025688461594243,-0.28289060897823004,5.104066551414651,3.9200475477062366,5.386957160392881,1000,component widths are not additive
problem3_loss_to_benchmark,24,BBH,joint,-0.11556552254266186,3.791541082575188,-0.2836958780190756,5.106759625797566,3.90710660511785,5.390455503816642,1000,component widths are not additive
problem3_loss_to_benchmark,24,MATH,upstream_only,4.984789161550182,4.984789161550182,4.984789161550182,4.984789161550182,0.0,0.0,1000,component widths are not additive
problem3_loss_to_benchmark,24,MATH,bridge_only,2.4117403924987935,10.01914753764336,1.861409820085471,12.182243071045157,7.607407145144566,10.320833250959685,1000,component widths are not additive
problem3_loss_to_benchmark,24,MATH,joint,2.4117403924987935,10.01914753764336,1.861409820085471,12.182243071045157,7.607407145144566,10.320833250959685,1000,component widths are not additive
problem3_loss_to_benchmark,24,GPQA,upstream_only,2.8142064649863863,2.8142064649863863,2.8142064649863863,2.8142064649863863,0.0,0.0,1000,component widths are not additive
problem3_loss_to_benchmark,24,GPQA,bridge_only,1.502831648259266,5.225122161565812,1.1072188218872647,5.87785971732395,3.722290513306546,4.770640895436686,1000,component widths are not additive
problem3_loss_to_benchmark,24,GPQA,joint,1.502831648259266,5.225122161565812,1.1072188218872647,5.87785971732395,3.722290513306546,4.770640895436686,1000,component widths are not additive
problem3_loss_to_benchmark,24,MUSR,upstream_only,2.391549031143492,2.4308841723813552,2.3805635252374024,2.439205466602007,0.03933514123786308,0.058641941364604655,1000,component widths are not additive
problem3_loss_to_benchmark,24,MUSR,bridge_only,1.4354285871030807,3.8761112994894313,1.2056754100245173,4.843765443535658,2.4406827123863506,3.638090033511141,1000,component widths are not additive
problem3_loss_to_benchmark,24,MUSR,joint,1.4324513032260497,3.873243666114332,1.2136841554427642,4.856864174664551,2.440792362888282,3.643180019221787,1000,component widths are not additive
problem3_loss_to_benchmark,24,MMLU_PRO,upstream_only,0.33840591368844714,0.3730240785689615,0.32890418126684406,0.3804676768209706,0.03461816488051439,0.05156349555412654,1000,component widths are not additive
problem3_loss_to_benchmark,24,MMLU_PRO,bridge_only,-0.3305768671527998,3.602110843551534,-0.4177640479618945,5.424938796428985,3.932687710704334,5.84270284439088,1000,component widths are not additive
problem3_loss_to_benchmark,24,MMLU_PRO,joint,-0.32919362999684426,3.5807861308581552,-0.41697393310171094,5.416328460641781,3.9099797608549993,5.833302393743492,1000,component widths are not additive
problem3_loss_to_benchmark,25,Average,upstream_only,12.373958826752439,12.3744070532542,12.373804831951809,12.374545437455637,0.0004482265017617948,0.0007406055038288173,1000,component widths are not additive
problem3_loss_to_benchmark,25,Average,bridge_only,8.656516374696853,17.433281627075143,7.454644798815336,19.38938194594017,8.77676525237829,11.934737147124833,1000,component widths are not additive
problem3_loss_to_benchmark,25,Average,joint,8.656508039986827,17.433154806233432,7.454537498243523,19.389078779469216,8.776646766246605,11.934541281225693,1000,component widths are not additive
problem3_loss_to_benchmark,25,IFEval,upstream_only,32.56088321287908,32.56088321287908,32.56088321287908,32.56088321287908,0.0,0.0,1000,component widths are not additive
problem3_loss_to_benchmark,25,IFEval,bridge_only,26.672711947555168,39.08352806305004,24.384536213406832,41.72235818303767,12.410816115494871,17.337821969630838,1000,component widths are not additive
problem3_loss_to_benchmark,25,IFEval,joint,26.672711947555168,39.08352806305004,24.384536213406832,41.72235818303767,12.410816115494871,17.337821969630838,1000,component widths are not additive
problem3_loss_to_benchmark,25,BBH,upstream_only,13.260755289571458,13.261545234503377,13.26048389577788,13.261789122872447,0.0007899449319186402,0.0013052270945674849,1000,component widths are not additive
problem3_loss_to_benchmark,25,BBH,bridge_only,7.853203301639819,21.960629812696958,6.350140954524945,24.583232755707787,14.107426511057138,18.23309180118284,1000,component widths are not additive
problem3_loss_to_benchmark,25,BBH,joint,7.8536453552651055,21.961261481948064,6.350250950982456,24.58363840950897,14.10761612668296,18.233387458526515,1000,component widths are not additive
problem3_loss_to_benchmark,25,MATH,upstream_only,4.984789161550182,4.984789161550182,4.984789161550182,4.984789161550182,0.0,0.0,1000,component widths are not additive
problem3_loss_to_benchmark,25,MATH,bridge_only,2.4117403924987935,10.01914753764336,1.861409820085471,12.182243071045157,7.607407145144566,10.320833250959685,1000,component widths are not additive
problem3_loss_to_benchmark,25,MATH,joint,2.4117403924987935,10.01914753764336,1.861409820085471,12.182243071045157,7.607407145144566,10.320833250959685,1000,component widths are not additive
problem3_loss_to_benchmark,25,GPQA,upstream_only,2.8142064649863863,2.8142064649863863,2.8142064649863863,2.8142064649863863,0.0,0.0,1000,component widths are not additive
problem3_loss_to_benchmark,25,GPQA,bridge_only,1.502831648259266,5.225122161565812,1.1072188218872647,5.87785971732395,3.722290513306546,4.770640895436686,1000,component widths are not additive
problem3_loss_to_benchmark,25,GPQA,joint,1.502831648259266,5.225122161565812,1.1072188218872647,5.87785971732395,3.722290513306546,4.770640895436686,1000,component widths are not additive
problem3_loss_to_benchmark,25,MUSR,upstream_only,6.246841747605937,6.2469891679227905,6.246791098868655,6.2470346817794535,0.0001474203168534416,0.00024358291079895622,1000,component widths are not additive
problem3_loss_to_benchmark,25,MUSR,bridge_only,5.187108004558095,7.554597199509806,4.671129960693807,8.125046122003488,2.3674891949517116,3.4539161613096807,1000,component widths are not additive
problem3_loss_to_benchmark,25,MUSR,joint,5.187127359228603,7.554570848619439,4.671150309206489,8.12492762211836,2.367443489390836,3.453777312911871,1000,component widths are not additive
problem3_loss_to_benchmark,25,MMLU_PRO,upstream_only,9.754293001254222,9.754925725409507,9.754075623224585,9.755121074098158,0.0006327241552845919,0.001045450873572662,1000,component widths are not additive
problem3_loss_to_benchmark,25,MMLU_PRO,bridge_only,4.468551761338512,20.353381676021677,3.1723566807013053,22.983373120759087,15.884829914683165,19.81101644005778,1000,component widths are not additive
problem3_loss_to_benchmark,25,MMLU_PRO,joint,4.468653486577818,20.353458982287894,3.1722658981882925,22.983355000350823,15.884805495710076,19.81108910216253,1000,component widths are not additive
problem3_loss_to_benchmark,26,Average,upstream_only,18.554023440271195,18.555620737053427,18.55351357712016,18.557416931803253,0.0015972967822328599,0.0039033546830928856,1000,component widths are not additive
problem3_loss_to_benchmark,26,Average,bridge_only,13.493110133506997,25.688683223403455,11.405442626532155,29.392501532971195,12.195573089896458,17.98705890643904,1000,component widths are not additive
problem3_loss_to_benchmark,26,Average,joint,13.492160836003315,25.688986276226633,11.405403253420468,29.395316888204853,12.196825440223318,17.989913634784386,1000,component widths are not additive
problem3_loss_to_benchmark,26,IFEval,upstream_only,32.56088321287908,32.56088321287908,32.56088321287908,32.56088321287908,0.0,0.0,1000,component widths are not additive
problem3_loss_to_benchmark,26,IFEval,bridge_only,26.672711947555168,39.08352806305004,24.384536213406832,41.72235818303767,12.410816115494871,17.337821969630838,1000,component widths are not additive
problem3_loss_to_benchmark,26,IFEval,joint,26.672711947555168,39.08352806305004,24.384536213406832,41.72235818303767,12.410816115494871,17.337821969630838,1000,component widths are not additive
problem3_loss_to_benchmark,26,BBH,upstream_only,25.243495635196457,25.24679662851284,25.24244195960842,25.25050874575497,0.0033009933163832272,0.008066786146549987,1000,component widths are not additive
problem3_loss_to_benchmark,26,BBH,bridge_only,17.83241556759003,36.1792544057256,14.516139917088577,41.20500716073474,18.34683883813557,26.68886724364616,1000,component widths are not additive
problem3_loss_to_benchmark,26,BBH,joint,17.831451048531274,36.1786885268077,14.51533419553103,41.205933040643956,18.347237478276423,26.690598845112923,1000,component widths are not additive
problem3_loss_to_benchmark,26,MATH,upstream_only,4.984789161550182,4.984789161550182,4.984789161550182,4.984789161550182,0.0,0.0,1000,component widths are not additive
problem3_loss_to_benchmark,26,MATH,bridge_only,2.4117403924987935,10.01914753764336,1.861409820085471,12.182243071045157,7.607407145144566,10.320833250959685,1000,component widths are not additive
problem3_loss_to_benchmark,26,MATH,joint,2.4117403924987935,10.01914753764336,1.861409820085471,12.182243071045157,7.607407145144566,10.320833250959685,1000,component widths are not additive
problem3_loss_to_benchmark,26,GPQA,upstream_only,2.8142064649863863,2.8142064649863863,2.8142064649863863,2.8142064649863863,0.0,0.0,1000,component widths are not additive
problem3_loss_to_benchmark,26,GPQA,bridge_only,1.502831648259266,5.225122161565812,1.1072188218872647,5.87785971732395,3.722290513306546,4.770640895436686,1000,component widths are not additive
problem3_loss_to_benchmark,26,GPQA,joint,1.502831648259266,5.225122161565812,1.1072188218872647,5.87785971732395,3.722290513306546,4.770640895436686,1000,component widths are not additive
problem3_loss_to_benchmark,26,MUSR,upstream_only,8.180451346611077,8.180932391937736,8.180297793699214,8.181473329685309,0.00048104532665860233,0.0011755359860945447,1000,component widths are not additive
problem3_loss_to_benchmark,26,MUSR,bridge_only,5.998536750267789,11.139536660607424,5.042465259060528,12.791541610471333,5.1409999103396355,7.749076351410805,1000,component widths are not additive
problem3_loss_to_benchmark,26,MUSR,joint,5.998548298927122,11.139412602275687,5.0424938283564655,12.791385982382035,5.1408643033485655,7.74889215402557,1000,component widths are not additive
problem3_loss_to_benchmark,26,MMLU_PRO,upstream_only,19.79459161703996,19.797475378861467,19.793671134914838,19.80071837607709,0.0028837618215078464,0.007047241162251083,1000,component widths are not additive
problem3_loss_to_benchmark,26,MMLU_PRO,bridge_only,11.721269473380167,32.978395596855606,8.488439222997899,37.56956256519829,21.257126123475437,29.081123342200392,1000,component widths are not additive
problem3_loss_to_benchmark,26,MMLU_PRO,joint,11.720480898260599,32.97999960553795,8.488362787698728,37.57107258765939,21.25951870727735,29.08270979996066,1000,component widths are not additive
problem3_loss_to_benchmark,27,Average,upstream_only,2.013754828093042,2.0606392810116483,2.0057135130960413,2.069722389576545,0.0468844529186061,0.06400887648050357,1000,component widths are not additive
problem3_loss_to_benchmark,27,Average,bridge_only,0.8625725816484423,4.6830558245480844,0.3978967048233775,6.320358072604077,3.820483242899642,5.922461367780699,1000,component widths are not additive
problem3_loss_to_benchmark,27,Average,joint,0.8512556148772896,4.677315904096557,0.3871612035217123,6.346571098936392,3.826060289219267,5.95940989541468,1000,component widths are not additive
problem3_loss_to_benchmark,27,IFEval,upstream_only,32.56088321287908,32.56088321287908,32.56088321287908,32.56088321287908,0.0,0.0,1000,component widths are not additive
problem3_loss_to_benchmark,27,IFEval,bridge_only,26.672711947555168,39.08352806305004,24.384536213406832,41.72235818303767,12.410816115494871,17.337821969630838,1000,component widths are not additive
problem3_loss_to_benchmark,27,IFEval,joint,26.672711947555168,39.08352806305004,24.384536213406832,41.72235818303767,12.410816115494871,17.337821969630838,1000,component widths are not additive
problem3_loss_to_benchmark,27,BBH,upstream_only,0.3641697371328885,0.39164330200703346,0.35949362599165513,0.3970071759942149,0.02747356487414493,0.03751355000255979,1000,component widths are not additive
problem3_loss_to_benchmark,27,BBH,bridge_only,-0.263211573177606,2.7615709102944237,-0.3807913018005952,4.016729640691582,3.0247824834720296,4.397520942492178,1000,component widths are not additive
problem3_loss_to_benchmark,27,BBH,joint,-0.2649868052570152,2.7824482010811273,-0.38165886207636734,4.007145509876582,3.0474350063381426,4.38880437195295,1000,component widths are not additive
problem3_loss_to_benchmark,27,MATH,upstream_only,4.984789161550182,4.984789161550182,4.984789161550182,4.984789161550182,0.0,0.0,1000,component widths are not additive
problem3_loss_to_benchmark,27,MATH,bridge_only,2.4117403924987935,10.01914753764336,1.861409820085471,12.182243071045157,7.607407145144566,10.320833250959685,1000,component widths are not additive
problem3_loss_to_benchmark,27,MATH,joint,2.4117403924987935,10.01914753764336,1.861409820085471,12.182243071045157,7.607407145144566,10.320833250959685,1000,component widths are not additive
problem3_loss_to_benchmark,27,GPQA,upstream_only,2.8142064649863863,2.8142064649863863,2.8142064649863863,2.8142064649863863,0.0,0.0,1000,component widths are not additive
problem3_loss_to_benchmark,27,GPQA,bridge_only,1.502831648259266,5.225122161565812,1.1072188218872647,5.87785971732395,3.722290513306546,4.770640895436686,1000,component widths are not additive
problem3_loss_to_benchmark,27,GPQA,joint,1.502831648259266,5.225122161565812,1.1072188218872647,5.87785971732395,3.722290513306546,4.770640895436686,1000,component widths are not additive
problem3_loss_to_benchmark,27,MUSR,upstream_only,2.032280442566962,2.0598860788745235,2.0275249412504275,2.0652106212579144,0.027605636307561632,0.037685680007486955,1000,component widths are not additive
problem3_loss_to_benchmark,27,MUSR,bridge_only,1.0379153850037868,3.605741861204206,0.8380052807775837,4.701597508118932,2.567826476200419,3.8635922273413486,1000,component widths are not additive
problem3_loss_to_benchmark,27,MUSR,joint,1.041422113830703,3.6067839110708793,0.8383682317326216,4.7125215860715155,2.5653617972401763,3.874153354338894,1000,component widths are not additive
problem3_loss_to_benchmark,27,MMLU_PRO,upstream_only,0.06362651802384484,0.08220952507507606,0.0604659067160984,0.08584028077491981,0.018583007051231226,0.02537437405882141,1000,component widths are not additive
problem3_loss_to_benchmark,27,MMLU_PRO,bridge_only,-0.4033133605156447,2.648816865005024,-0.4567851448270051,4.27125804429337,3.052130225520669,4.728043189120376,1000,component widths are not additive
problem3_loss_to_benchmark,27,MMLU_PRO,joint,-0.40291462815970175,2.6429132053412014,-0.45760535702547755,4.318334109497793,3.045827833500903,4.775939466523271,1000,component widths are not additive
problem3_loss_to_benchmark,28,Average,upstream_only,11.033442350454562,11.033810794314554,11.033320683879323,11.033917614874245,0.00036844385999224016,0.0005969309949218626,1000,component widths are not additive
problem3_loss_to_benchmark,28,Average,bridge_only,7.599627976031976,15.957614423214267,6.605507572744973,17.258088409610913,8.357986447182292,10.65258083686594,1000,component widths are not additive
problem3_loss_to_benchmark,28,Average,joint,7.599508936994467,15.957678743012197,6.60550496430388,17.258398406404766,8.358169806017731,10.652893442100886,1000,component widths are not additive
problem3_loss_to_benchmark,28,IFEval,upstream_only,32.56088321287908,32.56088321287908,32.56088321287908,32.56088321287908,0.0,0.0,1000,component widths are not additive
problem3_loss_to_benchmark,28,IFEval,bridge_only,26.672711947555168,39.08352806305004,24.384536213406832,41.72235818303767,12.410816115494871,17.337821969630838,1000,component widths are not additive
problem3_loss_to_benchmark,28,IFEval,joint,26.672711947555168,39.08352806305004,24.384536213406832,41.72235818303767,12.410816115494871,17.337821969630838,1000,component widths are not additive
problem3_loss_to_benchmark,28,BBH,upstream_only,10.96719511439199,10.967805708387276,10.966993488121808,10.967982736102476,0.0006105939952867345,0.0009892479806676846,1000,component widths are not additive
problem3_loss_to_benchmark,28,BBH,bridge_only,6.095694556627653,19.44806575965305,4.917631761005134,21.17837176135219,13.352371203025399,16.260740000347056,1000,component widths are not additive
problem3_loss_to_benchmark,28,BBH,joint,6.095676908458737,19.448150473394332,4.917669403930802,21.177933406435283,13.352473564935595,16.26026400250448,1000,component widths are not additive
problem3_loss_to_benchmark,28,MATH,upstream_only,4.984789161550182,4.984789161550182,4.984789161550182,4.984789161550182,0.0,0.0,1000,component widths are not additive
problem3_loss_to_benchmark,28,MATH,bridge_only,2.4117403924987935,10.01914753764336,1.861409820085471,12.182243071045157,7.607407145144566,10.320833250959685,1000,component widths are not additive
problem3_loss_to_benchmark,28,MATH,joint,2.4117403924987935,10.01914753764336,1.861409820085471,12.182243071045157,7.607407145144566,10.320833250959685,1000,component widths are not additive
problem3_loss_to_benchmark,28,GPQA,upstream_only,2.8142064649863863,2.8142064649863863,2.8142064649863863,2.8142064649863863,0.0,0.0,1000,component widths are not additive
problem3_loss_to_benchmark,28,GPQA,bridge_only,1.502831648259266,5.225122161565812,1.1072188218872647,5.87785971732395,3.722290513306546,4.770640895436686,1000,component widths are not additive
problem3_loss_to_benchmark,28,GPQA,joint,1.502831648259266,5.225122161565812,1.1072188218872647,5.87785971732395,3.722290513306546,4.770640895436686,1000,component widths are not additive
problem3_loss_to_benchmark,28,MUSR,upstream_only,5.799262272390011,5.799387262163496,5.79922099833594,5.7994234994275216,0.00012498977348496254,0.0002025010915813752,1000,component widths are not additive
problem3_loss_to_benchmark,28,MUSR,bridge_only,4.966494122915431,6.928027708560628,4.559790939224569,7.304023603737346,1.9615335856451974,2.7442326645127775,1000,component widths are not additive
problem3_loss_to_benchmark,28,MUSR,joint,4.966476109211923,6.928246978491861,4.559790621854424,7.303913449346953,1.9617708692799383,2.7441228274925287,1000,component widths are not additive
problem3_loss_to_benchmark,28,MMLU_PRO,upstream_only,7.93448760031964,7.934967400896076,7.934329164334356,7.935106508534563,0.00047980057643570717,0.0007773442002072528,1000,component widths are not additive
problem3_loss_to_benchmark,28,MMLU_PRO,bridge_only,3.295295729262603,17.808309885144183,2.3853682827586664,20.235077404560172,14.51301415588158,17.849709121801506,1000,component widths are not additive
problem3_loss_to_benchmark,28,MMLU_PRO,joint,3.2953298017962602,17.808694885858685,2.3853690915169135,20.235328828946496,14.513365084062425,17.849959737429582,1000,component widths are not additive
problem3_loss_to_benchmark,29,Average,upstream_only,17.463725936316834,17.46492218947555,17.46334212298703,17.466119291814323,0.0011962531587172975,0.002777168827293508,1000,component widths are not additive
problem3_loss_to_benchmark,29,Average,bridge_only,12.62982868754631,24.305309329927514,10.696698966445341,27.587692912064618,11.675480642381205,16.89099394561928,1000,component widths are not additive
problem3_loss_to_benchmark,29,Average,joint,12.629918468833036,24.30535921860484,10.696786142367634,27.588365132821306,11.675440749771802,16.891578990453674,1000,component widths are not additive
problem3_loss_to_benchmark,29,IFEval,upstream_only,32.56088321287908,32.56088321287908,32.56088321287908,32.56088321287908,0.0,0.0,1000,component widths are not additive
problem3_loss_to_benchmark,29,IFEval,bridge_only,26.672711947555168,39.08352806305004,24.384536213406832,41.72235818303767,12.410816115494871,17.337821969630838,1000,component widths are not additive
problem3_loss_to_benchmark,29,IFEval,joint,26.672711947555168,39.08352806305004,24.384536213406832,41.72235818303767,12.410816115494871,17.337821969630838,1000,component widths are not additive
problem3_loss_to_benchmark,29,BBH,upstream_only,23.00726028832369,23.00969352095359,23.00647960505063,23.012128529370848,0.0024332326299010276,0.005648924320219351,1000,component widths are not additive
problem3_loss_to_benchmark,29,BBH,bridge_only,15.971630745402704,33.68507902998302,12.838368432677266,38.17767354556635,17.713448284580316,25.339305112889086,1000,component widths are not additive
problem3_loss_to_benchmark,29,BBH,joint,15.971477692628786,33.68414759429389,12.84064475584143,38.17834368325697,17.7126699016651,25.337698927415538,1000,component widths are not additive
problem3_loss_to_benchmark,29,MATH,upstream_only,4.984789161550182,4.984789161550182,4.984789161550182,4.984789161550182,0.0,0.0,1000,component widths are not additive
problem3_loss_to_benchmark,29,MATH,bridge_only,2.4117403924987935,10.01914753764336,1.861409820085471,12.182243071045157,7.607407145144566,10.320833250959685,1000,component widths are not additive
problem3_loss_to_benchmark,29,MATH,joint,2.4117403924987935,10.01914753764336,1.861409820085471,12.182243071045157,7.607407145144566,10.320833250959685,1000,component widths are not additive
problem3_loss_to_benchmark,29,GPQA,upstream_only,2.8142064649863863,2.8142064649863863,2.8142064649863863,2.8142064649863863,0.0,0.0,1000,component widths are not additive
problem3_loss_to_benchmark,29,GPQA,bridge_only,1.502831648259266,5.225122161565812,1.1072188218872647,5.87785971732395,3.722290513306546,4.770640895436686,1000,component widths are not additive
problem3_loss_to_benchmark,29,GPQA,joint,1.502831648259266,5.225122161565812,1.1072188218872647,5.87785971732395,3.722290513306546,4.770640895436686,1000,component widths are not additive
problem3_loss_to_benchmark,29,MUSR,upstream_only,7.8504092070905545,7.850773280676455,7.850292394483441,7.851137608145141,0.00036407358590029304,0.0008452136616998729,1000,component widths are not additive
problem3_loss_to_benchmark,29,MUSR,bridge_only,5.875812759129733,10.479461300001601,4.97955345642866,11.904921141618386,4.603648540871868,6.925367685189726,1000,component widths are not additive
problem3_loss_to_benchmark,29,MUSR,joint,5.8763058796560275,10.479256504856345,4.979553539927857,11.90465064418081,4.602950625200317,6.925097104252953,1000,component widths are not additive
problem3_loss_to_benchmark,29,MMLU_PRO,upstream_only,17.855629862730723,17.857723711666335,17.854958075383013,17.859819123551993,0.0020938489356119305,0.00486104816897992,1000,component widths are not additive
problem3_loss_to_benchmark,29,MMLU_PRO,bridge_only,10.308092042682315,30.50698368434566,7.455697070394812,34.51976292316491,20.198891641663344,27.0640658527701,1000,component widths are not additive
problem3_loss_to_benchmark,29,MMLU_PRO,joint,10.307607908165306,30.50722569178694,7.458539437638813,34.51810528410606,20.199617783621633,27.05956584646725,1000,component widths are not additive
problem3_loss_to_benchmark,30,Average,upstream_only,3.481173596372299,3.485497523900474,3.4800683037983284,3.4866425586380982,0.004323927528175009,0.006574254839769811,1000,component widths are not additive
problem3_loss_to_benchmark,30,Average,bridge_only,1.8694953804202232,6.691113291611031,1.266697698372312,8.361435117877397,4.821617911190808,7.094737419505085,1000,component widths are not additive
problem3_loss_to_benchmark,30,Average,joint,1.8688411030382261,6.690618831057817,1.2663175890063205,8.362324580868698,4.82177772801959,7.096006991862378,1000,component widths are not additive
problem3_loss_to_benchmark,30,IFEval,upstream_only,32.56088321287908,32.56088321287908,32.56088321287908,32.56088321287908,0.0,0.0,1000,component widths are not additive
problem3_loss_to_benchmark,30,IFEval,bridge_only,26.672711947555168,39.08352806305004,24.384536213406832,41.72235818303767,12.410816115494871,17.337821969630838,1000,component widths are not additive
problem3_loss_to_benchmark,30,IFEval,joint,26.672711947555168,39.08352806305004,24.384536213406832,41.72235818303767,12.410816115494871,17.337821969630838,1000,component widths are not additive
problem3_loss_to_benchmark,30,BBH,upstream_only,1.3862217189883586,1.3897088072273867,1.3853307726897053,1.3906326856989137,0.003487088239028102,0.005301913009208459,1000,component widths are not additive
problem3_loss_to_benchmark,30,BBH,bridge_only,0.13596235402504372,5.164114127230303,-0.1090567395390444,6.611735805242505,5.028151773205259,6.720792544781549,1000,component widths are not additive
problem3_loss_to_benchmark,30,BBH,joint,0.13474658462624062,5.163543743886471,-0.10914424334946544,6.614274066596261,5.028797159260231,6.7234183099457265,1000,component widths are not additive
problem3_loss_to_benchmark,30,MATH,upstream_only,4.984789161550182,4.984789161550182,4.984789161550182,4.984789161550182,0.0,0.0,1000,component widths are not additive
problem3_loss_to_benchmark,30,MATH,bridge_only,2.4117403924987935,10.01914753764336,1.861409820085471,12.182243071045157,7.607407145144566,10.320833250959685,1000,component widths are not additive
problem3_loss_to_benchmark,30,MATH,joint,2.4117403924987935,10.01914753764336,1.861409820085471,12.182243071045157,7.607407145144566,10.320833250959685,1000,component widths are not additive
problem3_loss_to_benchmark,30,GPQA,upstream_only,2.8142064649863863,2.8142064649863863,2.8142064649863863,2.8142064649863863,0.0,0.0,1000,component widths are not additive
problem3_loss_to_benchmark,30,GPQA,bridge_only,1.502831648259266,5.225122161565812,1.1072188218872647,5.87785971732395,3.722290513306546,4.770640895436686,1000,component widths are not additive
problem3_loss_to_benchmark,30,GPQA,joint,1.502831648259266,5.225122161565812,1.1072188218872647,5.87785971732395,3.722290513306546,4.770640895436686,1000,component widths are not additive
problem3_loss_to_benchmark,30,MUSR,upstream_only,2.8191564433977865,2.8212857523248602,2.818612000352094,2.821849472037888,0.0021293089270737475,0.0032374716857943575,1000,component widths are not additive
problem3_loss_to_benchmark,30,MUSR,bridge_only,1.9061100296218094,4.137011426735115,1.6430352447596313,5.043610893051924,2.2309013971133056,3.4005756482922926,1000,component widths are not additive
problem3_loss_to_benchmark,30,MUSR,joint,1.9047807706849773,4.137219005839389,1.6427341158010669,5.043528249149045,2.232438235154412,3.400794133347978,1000,component widths are not additive
problem3_loss_to_benchmark,30,MMLU_PRO,upstream_only,0.7671688235358848,0.7696047583330905,0.7665464784372369,0.7702501757813243,0.002435934797205719,0.0037036973440873755,1000,component widths are not additive
problem3_loss_to_benchmark,30,MMLU_PRO,bridge_only,-0.2117720993984206,4.834066478542782,-0.34833483872111787,6.741812126313863,5.045838577941203,7.090146965034981,1000,component widths are not additive
problem3_loss_to_benchmark,30,MMLU_PRO,joint,-0.21196845984749244,4.835474877747803,-0.34850969460961645,6.745673972491305,5.047443337595295,7.094183667100921,1000,component widths are not additive
problem3_loss_to_benchmark,31,Average,upstream_only,13.436854324640528,13.437589568894605,13.436670178837623,13.437817132034478,0.0007352442540771165,0.001146953196855094,1000,component widths are not additive
problem3_loss_to_benchmark,31,Average,bridge_only,9.519508427581076,18.88539815299488,8.109175825411784,20.98926844679372,9.365889725413805,12.880092621381936,1000,component widths are not additive
problem3_loss_to_benchmark,31,Average,joint,9.51937475730086,18.885282532788555,8.109003030172898,20.989594000821896,9.365907775487695,12.880590970648997,1000,component widths are not additive
problem3_loss_to_benchmark,31,IFEval,upstream_only,32.56088321287908,32.56088321287908,32.56088321287908,32.56088321287908,0.0,0.0,1000,component widths are not additive
problem3_loss_to_benchmark,31,IFEval,bridge_only,26.672711947555168,39.08352806305004,24.384536213406832,41.72235818303767,12.410816115494871,17.337821969630838,1000,component widths are not additive
problem3_loss_to_benchmark,31,IFEval,joint,26.672711947555168,39.08352806305004,24.384536213406832,41.72235818303767,12.410816115494871,17.337821969630838,1000,component widths are not additive
problem3_loss_to_benchmark,31,BBH,upstream_only,15.173749383848008,15.175099127141564,15.173411339010288,15.175516889056254,0.0013497432935558606,0.0021055500459663534,1000,component widths are not additive
problem3_loss_to_benchmark,31,BBH,bridge_only,9.42041720248383,24.33760827257708,7.535261983840302,27.202577295078974,14.91719107009325,19.667315311238674,1000,component widths are not additive
problem3_loss_to_benchmark,31,BBH,joint,9.42015261702608,24.338699335469833,7.534727343897672,27.203005539369816,14.918546718443753,19.668278195472144,1000,component widths are not additive
problem3_loss_to_benchmark,31,MATH,upstream_only,4.984789161550182,4.984789161550182,4.984789161550182,4.984789161550182,0.0,0.0,1000,component widths are not additive
problem3_loss_to_benchmark,31,MATH,bridge_only,2.4117403924987935,10.01914753764336,1.861409820085471,12.182243071045157,7.607407145144566,10.320833250959685,1000,component widths are not additive
problem3_loss_to_benchmark,31,MATH,joint,2.4117403924987935,10.01914753764336,1.861409820085471,12.182243071045157,7.607407145144566,10.320833250959685,1000,component widths are not additive
problem3_loss_to_benchmark,31,GPQA,upstream_only,2.8142064649863863,2.8142064649863863,2.8142064649863863,2.8142064649863863,0.0,0.0,1000,component widths are not additive
problem3_loss_to_benchmark,31,GPQA,bridge_only,1.502831648259266,5.225122161565812,1.1072188218872647,5.87785971732395,3.722290513306546,4.770640895436686,1000,component widths are not additive
problem3_loss_to_benchmark,31,GPQA,joint,1.502831648259266,5.225122161565812,1.1072188218872647,5.87785971732395,3.722290513306546,4.770640895436686,1000,component widths are not additive
problem3_loss_to_benchmark,31,MUSR,upstream_only,6.59271704536202,6.592953868055729,6.592657731370293,6.593027165658765,0.00023682269370883802,0.00036943428847191484,1000,component widths are not additive
problem3_loss_to_benchmark,31,MUSR,bridge_only,5.334678697033795,8.11384768470652,4.756940236653422,8.894510881013467,2.7791689876727252,4.137570644360045,1000,component widths are not additive
problem3_loss_to_benchmark,31,MUSR,joint,5.334662006879633,8.11383075337656,4.756933800448641,8.89454252557174,2.779168746496927,4.1376087251230995,1000,component widths are not additive
problem3_loss_to_benchmark,31,MMLU_PRO,upstream_only,11.298257431615484,11.299354990065716,11.2979825485682,11.29969470003276,0.0010975584502315172,0.001712151464559497,1000,component widths are not additive
problem3_loss_to_benchmark,31,MMLU_PRO,bridge_only,5.554590349714326,22.170841169215922,3.894707495129966,25.059667514922904,16.616250819501595,21.164960019792936,1000,component widths are not additive
problem3_loss_to_benchmark,31,MMLU_PRO,joint,5.554654325229504,22.170639302981282,3.894739438924794,25.060006270530586,16.61598497775178,21.16526683160579,1000,component widths are not additive
problem3_loss_to_benchmark,32,Average,upstream_only,19.290760029719593,19.29251833455483,19.290087411540767,19.293774475302662,0.0017583048352385333,0.003687063761894649,1000,component widths are not additive
problem3_loss_to_benchmark,32,Average,bridge_only,14.081618691918136,26.667980808611052,11.85042182978312,30.553252983030116,12.586362116692916,18.702831153246997,1000,component widths are not additive
problem3_loss_to_benchmark,32,Average,joint,14.08109303423414,26.669604233172596,11.85032743324369,30.552920801420644,12.588511198938455,18.702593368176956,1000,component widths are not additive
problem3_loss_to_benchmark,32,IFEval,upstream_only,32.56088321287908,32.56088321287908,32.56088321287908,32.56088321287908,0.0,0.0,1000,component widths are not additive
problem3_loss_to_benchmark,32,IFEval,bridge_only,26.672711947555168,39.08352806305004,24.384536213406832,41.72235818303767,12.410816115494871,17.337821969630838,1000,component widths are not additive
problem3_loss_to_benchmark,32,IFEval,joint,26.672711947555168,39.08352806305004,24.384536213406832,41.72235818303767,12.410816115494871,17.337821969630838,1000,component widths are not additive
problem3_loss_to_benchmark,32,BBH,upstream_only,26.77258480977809,26.776248702940276,26.771183248816747,26.778866243554635,0.0036638931621872928,0.007682994737887583,1000,component widths are not additive
problem3_loss_to_benchmark,32,BBH,bridge_only,19.19348691687424,38.005368167528495,15.738386133592254,43.21488578586564,18.811881250654256,27.476499652273386,1000,component widths are not additive
problem3_loss_to_benchmark,32,BBH,joint,19.19362136964006,38.00593031669323,15.737480991201233,43.213791151135496,18.81230894705317,27.476310159934265,1000,component widths are not additive
problem3_loss_to_benchmark,32,MATH,upstream_only,4.984789161550182,4.984789161550182,4.984789161550182,4.984789161550182,0.0,0.0,1000,component widths are not additive
problem3_loss_to_benchmark,32,MATH,bridge_only,2.4117403924987935,10.01914753764336,1.861409820085471,12.182243071045157,7.607407145144566,10.320833250959685,1000,component widths are not additive
problem3_loss_to_benchmark,32,MATH,joint,2.4117403924987935,10.01914753764336,1.861409820085471,12.182243071045157,7.607407145144566,10.320833250959685,1000,component widths are not additive
problem3_loss_to_benchmark,32,GPQA,upstream_only,2.8142064649863863,2.8142064649863863,2.8142064649863863,2.8142064649863863,0.0,0.0,1000,component widths are not additive
problem3_loss_to_benchmark,32,GPQA,bridge_only,1.502831648259266,5.225122161565812,1.1072188218872647,5.87785971732395,3.722290513306546,4.770640895436686,1000,component widths are not additive
problem3_loss_to_benchmark,32,GPQA,joint,1.502831648259266,5.225122161565812,1.1072188218872647,5.87785971732395,3.722290513306546,4.770640895436686,1000,component widths are not additive
problem3_loss_to_benchmark,32,MUSR,upstream_only,8.401636317253985,8.402162609318173,8.401434988692772,8.402538590254263,0.0005262920641886382,0.001103601561490919,1000,component widths are not additive
problem3_loss_to_benchmark,32,MUSR,bridge_only,6.08503660783451,11.586390564985935,5.103041678536307,13.356050546086133,5.501353957151425,8.253008867549825,1000,component widths are not additive
problem3_loss_to_benchmark,32,MUSR,joint,6.0847883914203145,11.586430220058794,5.102952754162425,13.355769067516725,5.50164182863848,8.2528163133543,1000,component widths are not additive
problem3_loss_to_benchmark,32,MMLU_PRO,upstream_only,21.137189235850816,21.140422559410133,21.13595240263574,21.142732542202616,0.0032333235593178244,0.00678013956687451,1000,component widths are not additive
problem3_loss_to_benchmark,32,MMLU_PRO,bridge_only,12.665270448188267,34.669896836612715,9.233051686098394,39.80345965774256,22.004626388424448,30.570407971644165,1000,component widths are not additive
problem3_loss_to_benchmark,32,MMLU_PRO,joint,12.666106477289594,34.67165393402626,9.232678047187736,39.803819374111185,22.005547456736664,30.57114132692345,1000,component widths are not additive
problem3_loss_to_benchmark,33,Average,upstream_only,3.433121317649072,3.4374032007725224,3.432237296658344,3.438423159818776,0.004281883123450569,0.006185863160432348,1000,component widths are not additive
problem3_loss_to_benchmark,33,Average,bridge_only,1.8346556108153371,6.627151652823403,1.2329501170272414,8.294049651235499,4.792496042008066,7.061099534208257,1000,component widths are not additive
problem3_loss_to_benchmark,33,Average,joint,1.8335335272519384,6.627668698019697,1.2333010328035297,8.294624142939623,4.794135170767759,7.061323110136094,1000,component widths are not additive
problem3_loss_to_benchmark,33,IFEval,upstream_only,32.56088321287908,32.56088321287908,32.56088321287908,32.56088321287908,0.0,0.0,1000,component widths are not additive
problem3_loss_to_benchmark,33,IFEval,bridge_only,26.672711947555168,39.08352806305004,24.384536213406832,41.72235818303767,12.410816115494871,17.337821969630838,1000,component widths are not additive
problem3_loss_to_benchmark,33,IFEval,joint,26.672711947555168,39.08352806305004,24.384536213406832,41.72235818303767,12.410816115494871,17.337821969630838,1000,component widths are not additive
problem3_loss_to_benchmark,33,BBH,upstream_only,1.3476504792566608,1.3510740122105385,1.3469439993936794,1.3518898994315425,0.0034235329538776504,0.004945900037863105,1000,component widths are not additive
problem3_loss_to_benchmark,33,BBH,bridge_only,0.11913933560823195,5.07223767238335,-0.12143525910310235,6.525739787867738,4.953098336775119,6.64717504697084,1000,component widths are not additive
problem3_loss_to_benchmark,33,BBH,joint,0.1193666776020225,5.077192928584741,-0.12088752271354329,6.516765194290758,4.957826250982718,6.637652717004301,1000,component widths are not additive
problem3_loss_to_benchmark,33,MATH,upstream_only,4.984789161550182,4.984789161550182,4.984789161550182,4.984789161550182,0.0,0.0,1000,component widths are not additive
problem3_loss_to_benchmark,33,MATH,bridge_only,2.4117403924987935,10.01914753764336,1.861409820085471,12.182243071045157,7.607407145144566,10.320833250959685,1000,component widths are not additive
problem3_loss_to_benchmark,33,MATH,joint,2.4117403924987935,10.01914753764336,1.861409820085471,12.182243071045157,7.607407145144566,10.320833250959685,1000,component widths are not additive
problem3_loss_to_benchmark,33,GPQA,upstream_only,2.8142064649863863,2.8142064649863863,2.8142064649863863,2.8142064649863863,0.0,0.0,1000,component widths are not additive
problem3_loss_to_benchmark,33,GPQA,bridge_only,1.502831648259266,5.225122161565812,1.1072188218872647,5.87785971732395,3.722290513306546,4.770640895436686,1000,component widths are not additive
problem3_loss_to_benchmark,33,GPQA,joint,1.502831648259266,5.225122161565812,1.1072188218872647,5.87785971732395,3.722290513306546,4.770640895436686,1000,component widths are not additive
problem3_loss_to_benchmark,33,MUSR,upstream_only,2.7954324210075248,2.797550994906978,2.794994916809029,2.7980555142793606,0.0021185738994531356,0.003060597470331494,1000,component widths are not additive
problem3_loss_to_benchmark,33,MUSR,bridge_only,1.8749107266780405,4.122463380935293,1.6144253622236868,5.03070570783235,2.2475526542572526,3.4162803456086634,1000,component widths are not additive
problem3_loss_to_benchmark,33,MUSR,joint,1.8762671912074547,4.122243428083964,1.6146645205701013,5.030663293133513,2.2459762368765093,3.4159987725634116,1000,component widths are not additive
problem3_loss_to_benchmark,33,MMLU_PRO,upstream_only,0.740238318519122,0.7426276095210707,0.7397452896960868,0.7431970485719259,0.0023892910019486235,0.0034517588758391504,1000,component widths are not additive
problem3_loss_to_benchmark,33,MMLU_PRO,bridge_only,-0.21897315277157509,4.7548986144265415,-0.3533419817378707,6.6665977783000985,4.9738717671981165,7.019939760037969,1000,component widths are not additive
problem3_loss_to_benchmark,33,MMLU_PRO,joint,-0.2189174657484127,4.755177501690961,-0.35309641910615835,6.66643235421194,4.974094967439374,7.019528773318099,1000,component widths are not additive
problem3_loss_to_benchmark,34,Average,upstream_only,13.349187700216289,13.349884006017827,13.348987444295327,13.350163274683606,0.0006963058015383439,0.0011758303882789534,1000,component widths are not additive
problem3_loss_to_benchmark,34,Average,bridge_only,9.456888325569725,18.80115038928234,8.064451526228822,20.840671766335493,9.344262063712616,12.776220240106671,1000,component widths are not additive
problem3_loss_to_benchmark,34,Average,joint,9.457033218249391,18.80101310424369,8.064544522815803,20.840879626002124,9.3439798859943,12.776335103186321,1000,component widths are not additive
problem3_loss_to_benchmark,34,IFEval,upstream_only,32.56088321287908,32.56088321287908,32.56088321287908,32.56088321287908,0.0,0.0,1000,component widths are not additive
problem3_loss_to_benchmark,34,IFEval,bridge_only,26.672711947555168,39.08352806305004,24.384536213406832,41.72235818303767,12.410816115494871,17.337821969630838,1000,component widths are not additive
problem3_loss_to_benchmark,34,IFEval,joint,26.672711947555168,39.08352806305004,24.384536213406832,41.72235818303767,12.410816115494871,17.337821969630838,1000,component widths are not additive
problem3_loss_to_benchmark,34,BBH,upstream_only,15.013065436931845,15.014339715884484,15.012698963169507,15.014850802249834,0.0012742789526392073,0.0021518390803265675,1000,component widths are not additive
problem3_loss_to_benchmark,34,BBH,bridge_only,9.279831422191755,24.14222379746829,7.418079885396983,26.97227357419649,14.862392375276535,19.554193688799508,1000,component widths are not additive
problem3_loss_to_benchmark,34,BBH,joint,9.27982407839009,24.141791836979667,7.417929582549294,26.97147353637637,14.861967758589577,19.553543953827074,1000,component widths are not additive
problem3_loss_to_benchmark,34,MATH,upstream_only,4.984789161550182,4.984789161550182,4.984789161550182,4.984789161550182,0.0,0.0,1000,component widths are not additive
problem3_loss_to_benchmark,34,MATH,bridge_only,2.4117403924987935,10.01914753764336,1.861409820085471,12.182243071045157,7.607407145144566,10.320833250959685,1000,component widths are not additive
problem3_loss_to_benchmark,34,MATH,joint,2.4117403924987935,10.01914753764336,1.861409820085471,12.182243071045157,7.607407145144566,10.320833250959685,1000,component widths are not additive
problem3_loss_to_benchmark,34,GPQA,upstream_only,2.8142064649863863,2.8142064649863863,2.8142064649863863,2.8142064649863863,0.0,0.0,1000,component widths are not additive
problem3_loss_to_benchmark,34,GPQA,bridge_only,1.502831648259266,5.225122161565812,1.1072188218872647,5.87785971732395,3.722290513306546,4.770640895436686,1000,component widths are not additive
problem3_loss_to_benchmark,34,GPQA,joint,1.502831648259266,5.225122161565812,1.1072188218872647,5.87785971732395,3.722290513306546,4.770640895436686,1000,component widths are not additive
problem3_loss_to_benchmark,34,MUSR,upstream_only,6.564456643315205,6.564681285851472,6.564392036111121,6.564771382839398,0.00022464253626619524,0.00037934672827688587,1000,component widths are not additive
problem3_loss_to_benchmark,34,MUSR,bridge_only,5.324890476730792,8.059125720009614,4.755506926429103,8.828974586413013,2.734235243278823,4.07346765998391,1000,component widths are not additive
problem3_loss_to_benchmark,34,MUSR,joint,5.324920027523484,8.059495784351471,4.75550524088687,8.828907844511328,2.7345757568279874,4.073402603624458,1000,component widths are not additive
problem3_loss_to_benchmark,34,MMLU_PRO,upstream_only,11.16767736079458,11.16871226676619,11.167379730928992,11.169127348558042,0.0010349059716112663,0.001747617629050069,1000,component widths are not additive
problem3_loss_to_benchmark,34,MMLU_PRO,bridge_only,5.478025125975118,21.987160930146427,3.8495447230657054,24.917452374318607,16.509135804171308,21.067907651252902,1000,component widths are not additive
problem3_loss_to_benchmark,34,MMLU_PRO,joint,5.478232657233456,21.987636656831064,3.849494444782882,24.91790879720587,16.50940399959761,21.06841435242299,1000,component widths are not additive
problem3_loss_to_benchmark,35,Average,upstream_only,19.225715239204664,19.227518045062425,19.22512702113123,19.228403161373258,0.0018028058577606032,0.0032761402420291574,1000,component widths are not additive
problem3_loss_to_benchmark,35,Average,bridge_only,14.028105086627603,26.57640641092175,11.81575645629361,30.4511353698434,12.548301324294146,18.63537891354979,1000,component widths are not additive
problem3_loss_to_benchmark,35,Average,joint,14.0284419649784,26.574837071988387,11.816123152849372,30.45219455977327,12.546395107009987,18.6360714069239,1000,component widths are not additive
problem3_loss_to_benchmark,35,IFEval,upstream_only,32.56088321287908,32.56088321287908,32.56088321287908,32.56088321287908,0.0,0.0,1000,component widths are not additive
problem3_loss_to_benchmark,35,IFEval,bridge_only,26.672711947555168,39.08352806305004,24.384536213406832,41.72235818303767,12.410816115494871,17.337821969630838,1000,component widths are not additive
problem3_loss_to_benchmark,35,IFEval,joint,26.672711947555168,39.08352806305004,24.384536213406832,41.72235818303767,12.410816115494871,17.337821969630838,1000,component widths are not additive
problem3_loss_to_benchmark,35,BBH,upstream_only,26.63709204642246,26.640846218531568,26.63586715297186,26.64268941438514,0.0037541721091081115,0.0068222614132800175,1000,component widths are not additive
problem3_loss_to_benchmark,35,BBH,bridge_only,19.06340963484541,37.87085732324216,15.625240322302165,43.03890908741193,18.807447688396753,27.413668765109765,1000,component widths are not additive
problem3_loss_to_benchmark,35,BBH,joint,19.063182098064505,37.87283496796286,15.625304091939578,43.04031188752672,18.809652869898354,27.415007795587144,1000,component widths are not additive
problem3_loss_to_benchmark,35,MATH,upstream_only,4.984789161550182,4.984789161550182,4.984789161550182,4.984789161550182,0.0,0.0,1000,component widths are not additive
problem3_loss_to_benchmark,35,MATH,bridge_only,2.4117403924987935,10.01914753764336,1.861409820085471,12.182243071045157,7.607407145144566,10.320833250959685,1000,component widths are not additive
problem3_loss_to_benchmark,35,MATH,joint,2.4117403924987935,10.01914753764336,1.861409820085471,12.182243071045157,7.607407145144566,10.320833250959685,1000,component widths are not additive
problem3_loss_to_benchmark,35,GPQA,upstream_only,2.8142064649863863,2.8142064649863863,2.8142064649863863,2.8142064649863863,0.0,0.0,1000,component widths are not additive
problem3_loss_to_benchmark,35,GPQA,bridge_only,1.502831648259266,5.225122161565812,1.1072188218872647,5.87785971732395,3.722290513306546,4.770640895436686,1000,component widths are not additive
problem3_loss_to_benchmark,35,GPQA,joint,1.502831648259266,5.225122161565812,1.1072188218872647,5.87785971732395,3.722290513306546,4.770640895436686,1000,component widths are not additive
problem3_loss_to_benchmark,35,MUSR,upstream_only,8.382162131784792,8.382702020408802,8.381985975681298,8.3829670845232,0.0005398886240097767,0.0009811088419020564,1000,component widths are not additive
problem3_loss_to_benchmark,35,MUSR,bridge_only,6.0758666539668855,11.552503225047822,5.096816913270705,13.306477696426443,5.476636571080936,8.209660783155737,1000,component widths are not additive
problem3_loss_to_benchmark,35,MUSR,joint,6.0757685676636415,11.555349315038194,5.096960362146322,13.306397743070614,5.479580747374553,8.209437380924292,1000,component widths are not additive
problem3_loss_to_benchmark,35,MMLU_PRO,upstream_only,21.017673771347923,21.020983819288507,21.016593802288767,21.022608992204674,0.003310047940583871,0.00601518991590666,1000,component widths are not additive
problem3_loss_to_benchmark,35,MMLU_PRO,bridge_only,12.59248057597881,34.51869709566468,9.17421053523174,39.63307189932194,21.926216519685866,30.4588613640902,1000,component widths are not additive
problem3_loss_to_benchmark,35,MMLU_PRO,joint,12.592529065868316,34.518339851300354,9.174144871648423,39.63424726105861,21.925810785432038,30.46010238941019,1000,component widths are not additive
problem3_loss_to_benchmark,36,Average,upstream_only,3.3453567918209552,3.349304997476118,3.3443423997465014,3.3504660875694827,0.003948205655162962,0.0061236878229813385,1000,component widths are not additive
problem3_loss_to_benchmark,36,Average,bridge_only,1.7696944986677856,6.509872778034341,1.1721245111673917,8.170255597946047,4.740178279366555,6.998131086778656,1000,component widths are not additive
problem3_loss_to_benchmark,36,Average,joint,1.7703849367881046,6.507036721972081,1.1717503194231456,8.1712003773358,4.736651785183976,6.9994500579126555,1000,component widths are not additive
problem3_loss_to_benchmark,36,IFEval,upstream_only,32.56088321287908,32.56088321287908,32.56088321287908,32.56088321287908,0.0,0.0,1000,component widths are not additive
problem3_loss_to_benchmark,36,IFEval,bridge_only,26.672711947555168,39.08352806305004,24.384536213406832,41.72235818303767,12.410816115494871,17.337821969630838,1000,component widths are not additive
problem3_loss_to_benchmark,36,IFEval,joint,26.672711947555168,39.08352806305004,24.384536213406832,41.72235818303767,12.410816115494871,17.337821969630838,1000,component widths are not additive
problem3_loss_to_benchmark,36,BBH,upstream_only,1.2780633814933653,1.281169873387179,1.277265612130488,1.2820838626314814,0.0031064918938137343,0.004818250500993493,1000,component widths are not additive
problem3_loss_to_benchmark,36,BBH,bridge_only,0.08866194578884355,4.915886490256637,-0.14541519129511793,6.36212024877771,4.827224544467793,6.507535440072829,1000,component widths are not additive
problem3_loss_to_benchmark,36,BBH,joint,0.08791883688269726,4.916727746589788,-0.1451031228302585,6.365970489723556,4.8288089097070905,6.5110736125538144,1000,component widths are not additive
problem3_loss_to_benchmark,36,MATH,upstream_only,4.984789161550182,4.984789161550182,4.984789161550182,4.984789161550182,0.0,0.0,1000,component widths are not additive
problem3_loss_to_benchmark,36,MATH,bridge_only,2.4117403924987935,10.01914753764336,1.861409820085471,12.182243071045157,7.607407145144566,10.320833250959685,1000,component widths are not additive
problem3_loss_to_benchmark,36,MATH,joint,2.4117403924987935,10.01914753764336,1.861409820085471,12.182243071045157,7.607407145144566,10.320833250959685,1000,component widths are not additive
problem3_loss_to_benchmark,36,GPQA,upstream_only,2.8142064649863863,2.8142064649863863,2.8142064649863863,2.8142064649863863,0.0,0.0,1000,component widths are not additive
problem3_loss_to_benchmark,36,GPQA,bridge_only,1.502831648259266,5.225122161565812,1.1072188218872647,5.87785971732395,3.722290513306546,4.770640895436686,1000,component widths are not additive
problem3_loss_to_benchmark,36,GPQA,joint,1.502831648259266,5.225122161565812,1.1072188218872647,5.87785971732395,3.722290513306546,4.770640895436686,1000,component widths are not additive
problem3_loss_to_benchmark,36,MUSR,upstream_only,2.7518089233393033,2.753779658501619,2.75130246524305,2.7543590632905173,0.0019707351623159397,0.0030565980474670518,1000,component widths are not additive
problem3_loss_to_benchmark,36,MUSR,bridge_only,1.8243556933230354,4.0974208085336645,1.562331548968513,5.006950198197612,2.2730651152106294,3.444618649229099,1000,component widths are not additive
problem3_loss_to_benchmark,36,MUSR,joint,1.825372911095025,4.097522730157684,1.5617373988012304,5.0062155187514845,2.2721498190626592,3.4444781199502543,1000,component widths are not additive
problem3_loss_to_benchmark,36,MMLU_PRO,upstream_only,0.691717238275344,0.6938815046187414,0.6911614665967816,0.6945183054352426,0.002164266343397392,0.0033568388384610515,1000,component widths are not additive
problem3_loss_to_benchmark,36,MMLU_PRO,bridge_only,-0.23302053024020503,4.610950093231149,-0.36219871140865506,6.52894961416823,4.843970623471354,6.891148325576885,1000,component widths are not additive
problem3_loss_to_benchmark,36,MMLU_PRO,joint,-0.23331435719905452,4.614953023276511,-0.3620791436540987,6.52468764359101,4.848267380475566,6.886766787245109,1000,component widths are not additive
problem3_loss_to_benchmark,37,Average,upstream_only,13.1880537747182,13.188715442683172,13.187857358201281,13.188958648979295,0.0006616679649713575,0.001101290778013464,1000,component widths are not additive
problem3_loss_to_benchmark,37,Average,bridge_only,9.331603669770148,18.587782000021832,7.966297408700231,20.626865272185334,9.256178330251684,12.660567863485102,1000,component widths are not additive
problem3_loss_to_benchmark,37,Average,joint,9.331776292872622,18.587522377066477,7.966334655153327,20.627033693765792,9.255746084193856,12.660699038612465,1000,component widths are not additive
problem3_loss_to_benchmark,37,IFEval,upstream_only,32.56088321287908,32.56088321287908,32.56088321287908,32.56088321287908,0.0,0.0,1000,component widths are not additive
problem3_loss_to_benchmark,37,IFEval,bridge_only,26.672711947555168,39.08352806305004,24.384536213406832,41.72235818303767,12.410816115494871,17.337821969630838,1000,component widths are not additive
problem3_loss_to_benchmark,37,IFEval,joint,26.672711947555168,39.08352806305004,24.384536213406832,41.72235818303767,12.410816115494871,17.337821969630838,1000,component widths are not additive
problem3_loss_to_benchmark,37,BBH,upstream_only,14.719041586959447,14.720245418349913,14.718684234548816,14.720687912553267,0.0012038313904660924,0.002003678004451004,1000,component widths are not additive
problem3_loss_to_benchmark,37,BBH,bridge_only,9.011800550791767,23.780288160598815,7.228299951510114,26.55796421231367,14.768487609807048,19.329664260803558,1000,component widths are not additive
problem3_loss_to_benchmark,37,BBH,joint,9.012091305108877,23.78035996047916,7.228123623364613,26.559206039507394,14.768268655370283,19.33108241614278,1000,component widths are not additive
problem3_loss_to_benchmark,37,MATH,upstream_only,4.984789161550182,4.984789161550182,4.984789161550182,4.984789161550182,0.0,0.0,1000,component widths are not additive
problem3_loss_to_benchmark,37,MATH,bridge_only,2.4117403924987935,10.01914753764336,1.861409820085471,12.182243071045157,7.607407145144566,10.320833250959685,1000,component widths are not additive
problem3_loss_to_benchmark,37,MATH,joint,2.4117403924987935,10.01914753764336,1.861409820085471,12.182243071045157,7.607407145144566,10.320833250959685,1000,component widths are not additive
problem3_loss_to_benchmark,37,GPQA,upstream_only,2.8142064649863863,2.8142064649863863,2.8142064649863863,2.8142064649863863,0.0,0.0,1000,component widths are not additive
problem3_loss_to_benchmark,37,GPQA,bridge_only,1.502831648259266,5.225122161565812,1.1072188218872647,5.87785971732395,3.722290513306546,4.770640895436686,1000,component widths are not additive
problem3_loss_to_benchmark,37,GPQA,joint,1.502831648259266,5.225122161565812,1.1072188218872647,5.87785971732395,3.722290513306546,4.770640895436686,1000,component widths are not additive
problem3_loss_to_benchmark,37,MUSR,upstream_only,6.51239308644955,6.5126071982818345,6.512329526713295,6.5126858977250555,0.00021411183228448039,0.00035637101176089203,1000,component widths are not additive
problem3_loss_to_benchmark,37,MUSR,bridge_only,5.301735697576359,7.988463881132903,4.743315152635145,8.708685684346104,2.6867281835565437,3.965370531710959,1000,component widths are not additive
problem3_loss_to_benchmark,37,MUSR,joint,5.30177165778909,7.988499650153982,4.743261246791408,8.708705830951459,2.686727992364892,3.9654445841600507,1000,component widths are not additive
problem3_loss_to_benchmark,37,MMLU_PRO,upstream_only,10.929159469810632,10.930134928802758,10.928869910572969,10.930493482105746,0.0009754589921264767,0.001623571532777035,1000,component widths are not additive
problem3_loss_to_benchmark,37,MMLU_PRO,bridge_only,5.344512462169718,21.702460087086394,3.7341380359350644,24.61979660046087,16.357947624916676,20.885658564525805,1000,component widths are not additive
problem3_loss_to_benchmark,37,MMLU_PRO,joint,5.344543409328789,21.704094004552815,3.7341924160244555,24.620907064879233,16.359550595224025,20.886714648854777,1000,component widths are not additive
problem3_loss_to_benchmark,38,Average,upstream_only,19.10563022001614,19.10732407863994,19.104973364073768,19.10823702580681,0.0016938586238026687,0.003263661733043932,1000,component widths are not additive
problem3_loss_to_benchmark,38,Average,bridge_only,13.9290205712997,26.431615448664303,11.752560642325282,30.262365381420675,12.502594877364603,18.509804739095394,1000,component widths are not additive
problem3_loss_to_benchmark,38,Average,joint,13.929103154447825,26.43107459143284,11.753152724493026,30.263210714218744,12.501971436985015,18.510057989725716,1000,component widths are not additive
problem3_loss_to_benchmark,38,IFEval,upstream_only,32.56088321287908,32.56088321287908,32.56088321287908,32.56088321287908,0.0,0.0,1000,component widths are not additive
problem3_loss_to_benchmark,38,IFEval,bridge_only,26.672711947555168,39.08352806305004,24.384536213406832,41.72235818303767,12.410816115494871,17.337821969630838,1000,component widths are not additive
problem3_loss_to_benchmark,38,IFEval,joint,26.672711947555168,39.08352806305004,24.384536213406832,41.72235818303767,12.410816115494871,17.337821969630838,1000,component widths are not additive
problem3_loss_to_benchmark,38,BBH,upstream_only,26.38718312949945,26.390706042767054,26.38581700735922,26.39260483051027,0.0035229132676022346,0.006787823151050532,1000,component widths are not additive
problem3_loss_to_benchmark,38,BBH,bridge_only,18.823466736089163,37.501095044605826,15.419808328984816,42.71320872277537,18.677628308516663,27.293400393790556,1000,component widths are not additive
problem3_loss_to_benchmark,38,BBH,joint,18.822888589489267,37.50223693509612,15.419884019015266,42.70897536917331,18.679348345606854,27.289091350158046,1000,component widths are not additive
problem3_loss_to_benchmark,38,MATH,upstream_only,4.984789161550182,4.984789161550182,4.984789161550182,4.984789161550182,0.0,0.0,1000,component widths are not additive
problem3_loss_to_benchmark,38,MATH,bridge_only,2.4117403924987935,10.01914753764336,1.861409820085471,12.182243071045157,7.607407145144566,10.320833250959685,1000,component widths are not additive
problem3_loss_to_benchmark,38,MATH,joint,2.4117403924987935,10.01914753764336,1.861409820085471,12.182243071045157,7.607407145144566,10.320833250959685,1000,component widths are not additive
problem3_loss_to_benchmark,38,GPQA,upstream_only,2.8142064649863863,2.8142064649863863,2.8142064649863863,2.8142064649863863,0.0,0.0,1000,component widths are not additive
problem3_loss_to_benchmark,38,GPQA,bridge_only,1.502831648259266,5.225122161565812,1.1072188218872647,5.87785971732395,3.722290513306546,4.770640895436686,1000,component widths are not additive
problem3_loss_to_benchmark,38,GPQA,joint,1.502831648259266,5.225122161565812,1.1072188218872647,5.87785971732395,3.722290513306546,4.770640895436686,1000,component widths are not additive
problem3_loss_to_benchmark,38,MUSR,upstream_only,8.346182622221681,8.346690372354962,8.34598572157279,8.346964034012762,0.0005077501332806378,0.000978312439972484,1000,component widths are not additive
problem3_loss_to_benchmark,38,MUSR,bridge_only,6.060414797637415,11.480300738238801,5.082475584774465,13.214993142873393,5.419885940601386,8.132517558098929,1000,component widths are not additive
problem3_loss_to_benchmark,38,MUSR,joint,6.060387599382724,11.480193045656899,5.082509508098438,13.215508135144029,5.419805446274174,8.132998627045591,1000,component widths are not additive
problem3_loss_to_benchmark,38,MMLU_PRO,upstream_only,20.797513131932554,20.80061417431343,20.796310623066123,20.802285610990097,0.0031010423808766063,0.0059749879239738846,1000,component widths are not additive
problem3_loss_to_benchmark,38,MMLU_PRO,bridge_only,12.426311749292251,34.228402157955045,9.051234102083415,39.317925461442314,21.802090408662792,30.2666913593589,1000,component widths are not additive
problem3_loss_to_benchmark,38,MMLU_PRO,joint,12.426369871340402,34.228563796845464,9.050718251265142,39.31528377800054,21.802193925505062,30.2645655267354,1000,component widths are not additive
problem3_loss_to_benchmark,39,Average,upstream_only,2.9672390588494295,2.970526424752769,2.966272806096671,2.9713478941967923,0.0032873659033394453,0.005075088100121139,1000,component widths are not additive
problem3_loss_to_benchmark,39,Average,bridge_only,1.4950674360494485,5.995435494096691,0.9439755199990802,7.623638714946813,4.5003680580472425,6.679663194947733,1000,component widths are not additive
problem3_loss_to_benchmark,39,Average,joint,1.4955870447623931,5.994001728285445,0.9436740590445307,7.623621364390389,4.498414683523052,6.679947305345858,1000,component widths are not additive
problem3_loss_to_benchmark,39,IFEval,upstream_only,32.56088321287908,32.56088321287908,32.56088321287908,32.56088321287908,0.0,0.0,1000,component widths are not additive
problem3_loss_to_benchmark,39,IFEval,bridge_only,26.672711947555168,39.08352806305004,24.384536213406832,41.72235818303767,12.410816115494871,17.337821969630838,1000,component widths are not additive
problem3_loss_to_benchmark,39,IFEval,joint,26.672711947555168,39.08352806305004,24.384536213406832,41.72235818303767,12.410816115494871,17.337821969630838,1000,component widths are not additive
problem3_loss_to_benchmark,39,BBH,upstream_only,0.9911466602664307,0.9935499121204203,0.9904405816792682,0.9941507053945606,0.0024032518539895964,0.003710123715292446,1000,component widths are not additive
problem3_loss_to_benchmark,39,BBH,bridge_only,-0.03794509872381847,4.272918496342224,-0.23014159536186798,5.620585079537632,4.310863595066042,5.8507266748995,1000,component widths are not additive
problem3_loss_to_benchmark,39,BBH,joint,-0.038003799873695426,4.270476243141969,-0.2300941768313648,5.621437523447663,4.308480043015664,5.851531700279028,1000,component widths are not additive
problem3_loss_to_benchmark,39,MATH,upstream_only,4.984789161550182,4.984789161550182,4.984789161550182,4.984789161550182,0.0,0.0,1000,component widths are not additive
problem3_loss_to_benchmark,39,MATH,bridge_only,2.4117403924987935,10.01914753764336,1.861409820085471,12.182243071045157,7.607407145144566,10.320833250959685,1000,component widths are not additive
problem3_loss_to_benchmark,39,MATH,joint,2.4117403924987935,10.01914753764336,1.861409820085471,12.182243071045157,7.607407145144566,10.320833250959685,1000,component widths are not additive
problem3_loss_to_benchmark,39,GPQA,upstream_only,2.8142064649863863,2.8142064649863863,2.8142064649863863,2.8142064649863863,0.0,0.0,1000,component widths are not additive
problem3_loss_to_benchmark,39,GPQA,bridge_only,1.502831648259266,5.225122161565812,1.1072188218872647,5.87785971732395,3.722290513306546,4.770640895436686,1000,component widths are not additive
problem3_loss_to_benchmark,39,GPQA,joint,1.502831648259266,5.225122161565812,1.1072188218872647,5.87785971732395,3.722290513306546,4.770640895436686,1000,component widths are not additive
problem3_loss_to_benchmark,39,MUSR,upstream_only,2.559229693052631,2.5609384887328344,2.5587273068948617,2.561365394766522,0.0017087956802033233,0.0026380878716603107,1000,component widths are not additive
problem3_loss_to_benchmark,39,MUSR,bridge_only,1.6049099950538233,3.9709753488054966,1.3427868987682983,4.919706342194368,2.366065353751673,3.5769194434260694,1000,component widths are not additive
problem3_loss_to_benchmark,39,MUSR,joint,1.6045886888008605,3.971088628535202,1.3421330580887465,4.920094445287547,2.3664999397343416,3.5779613871988003,1000,component widths are not additive
problem3_loss_to_benchmark,39,MMLU_PRO,upstream_only,0.4925877471589626,0.49424913864373154,0.49209965010357276,0.494664490953167,0.0016613914847689593,0.002564840849594241,1000,component widths are not additive
problem3_loss_to_benchmark,39,MMLU_PRO,bridge_only,-0.2920814887971184,4.028836197716498,-0.396387096241349,5.910028221573446,4.320917686513617,6.306415317814795,1000,component widths are not additive
problem3_loss_to_benchmark,39,MMLU_PRO,joint,-0.2921344279314843,4.028905858689742,-0.39617794289479175,5.909007738859239,4.321040286621226,6.30518568175403,1000,component widths are not additive
problem3_loss_to_benchmark,40,Average,upstream_only,12.47443637725801,12.474925003885208,12.474243955115373,12.475107431218397,0.0004886266271970641,0.0008634761030243965,1000,component widths are not additive
problem3_loss_to_benchmark,40,Average,bridge_only,8.737446911844222,17.54972253012694,7.514375452356737,19.555566006641772,8.812275618282717,12.041190554285034,1000,component widths are not additive
problem3_loss_to_benchmark,40,Average,joint,8.737445593699187,17.54977597516704,7.514292054413573,19.555869874034613,8.812330381467854,12.04157781962104,1000,component widths are not additive
problem3_loss_to_benchmark,40,IFEval,upstream_only,32.56088321287908,32.56088321287908,32.56088321287908,32.56088321287908,0.0,0.0,1000,component widths are not additive
problem3_loss_to_benchmark,40,IFEval,bridge_only,26.672711947555168,39.08352806305004,24.384536213406832,41.72235818303767,12.410816115494871,17.337821969630838,1000,component widths are not additive
problem3_loss_to_benchmark,40,IFEval,joint,26.672711947555168,39.08352806305004,24.384536213406832,41.72235818303767,12.410816115494871,17.337821969630838,1000,component widths are not additive
problem3_loss_to_benchmark,40,BBH,upstream_only,13.438201392241954,13.439066113186291,13.437860868150864,13.439388958674163,0.000864720944337094,0.0015280905232994968,1000,component widths are not additive
problem3_loss_to_benchmark,40,BBH,bridge_only,8.020663878516595,22.18221187096359,6.4554701728758195,24.848122377679914,14.161547992446996,18.392652204804094,1000,component widths are not additive
problem3_loss_to_benchmark,40,BBH,joint,8.020575521243225,22.182212168068713,6.455659475868849,24.847733244865445,14.161636646825487,18.392073768996596,1000,component widths are not additive
problem3_loss_to_benchmark,40,MATH,upstream_only,4.984789161550182,4.984789161550182,4.984789161550182,4.984789161550182,0.0,0.0,1000,component widths are not additive
problem3_loss_to_benchmark,40,MATH,bridge_only,2.4117403924987935,10.01914753764336,1.861409820085471,12.182243071045157,7.607407145144566,10.320833250959685,1000,component widths are not additive
problem3_loss_to_benchmark,40,MATH,joint,2.4117403924987935,10.01914753764336,1.861409820085471,12.182243071045157,7.607407145144566,10.320833250959685,1000,component widths are not additive
problem3_loss_to_benchmark,40,GPQA,upstream_only,2.8142064649863863,2.8142064649863863,2.8142064649863863,2.8142064649863863,0.0,0.0,1000,component widths are not additive
problem3_loss_to_benchmark,40,GPQA,bridge_only,1.502831648259266,5.225122161565812,1.1072188218872647,5.87785971732395,3.722290513306546,4.770640895436686,1000,component widths are not additive
problem3_loss_to_benchmark,40,GPQA,joint,1.502831648259266,5.225122161565812,1.1072188218872647,5.87785971732395,3.722290513306546,4.770640895436686,1000,component widths are not additive
problem3_loss_to_benchmark,40,MUSR,upstream_only,6.279853860564108,6.280014230707262,6.279790706034065,6.280074104017185,0.00016037014315362086,0.00028339798311982634,1000,component widths are not additive
problem3_loss_to_benchmark,40,MUSR,bridge_only,5.200294018033354,7.602898359244381,4.692356305138169,8.192396115318662,2.4026043412110267,3.5000398101804926,1000,component widths are not additive
problem3_loss_to_benchmark,40,MUSR,joint,5.2002893828970125,7.6028531226700435,4.692349051380297,8.192485844596812,2.402563739773031,3.500136793216515,1000,component widths are not additive
problem3_loss_to_benchmark,40,MMLU_PRO,upstream_only,9.89652373369002,9.897217342654505,9.896250594223027,9.897476304340401,0.0006936089644860033,0.00122571011737449,1000,component widths are not additive
problem3_loss_to_benchmark,40,MMLU_PRO,bridge_only,4.538964440611093,20.57258459188101,3.234756759951132,23.183489083239834,16.03362015126992,19.948732323288702,1000,component widths are not additive
problem3_loss_to_benchmark,40,MMLU_PRO,joint,4.539165311889987,20.572965203611005,3.2349648537202547,23.18355589900837,16.033799891721017,19.948591045288115,1000,component widths are not additive
problem3_loss_to_benchmark,41,Average,upstream_only,18.564404909923475,18.565982610519363,18.56382314388508,18.56705020895957,0.0015777005958881318,0.003227065074490554,1000,component widths are not additive
problem3_loss_to_benchmark,41,Average,bridge_only,13.499675176720173,25.701242877009054,11.411707247628218,29.408897340745977,12.201567700288882,17.99719009311776,1000,component widths are not additive
problem3_loss_to_benchmark,41,Average,joint,13.499779269117232,25.702324925521246,11.411822571583368,29.410052429719215,12.202545656404014,17.998229858135847,1000,component widths are not additive
problem3_loss_to_benchmark,41,IFEval,upstream_only,32.56088321287908,32.56088321287908,32.56088321287908,32.56088321287908,0.0,0.0,1000,component widths are not additive
problem3_loss_to_benchmark,41,IFEval,bridge_only,26.672711947555168,39.08352806305004,24.384536213406832,41.72235818303767,12.410816115494871,17.337821969630838,1000,component widths are not additive
problem3_loss_to_benchmark,41,IFEval,joint,26.672711947555168,39.08352806305004,24.384536213406832,41.72235818303767,12.410816115494871,17.337821969630838,1000,component widths are not additive
problem3_loss_to_benchmark,41,BBH,upstream_only,25.264951288966028,25.268212207795447,25.26374886422573,25.270418842814543,0.003260918829418813,0.006669978588814018,1000,component widths are not additive
problem3_loss_to_benchmark,41,BBH,bridge_only,17.851263096513385,36.20087748948275,14.532909648910522,41.23340944659357,18.349614392969364,26.700499797683047,1000,component widths are not additive
problem3_loss_to_benchmark,41,BBH,joint,17.85161293721059,36.2008708742077,14.532815747324738,41.230916628328906,18.349257936997112,26.698100881004166,1000,component widths are not additive
problem3_loss_to_benchmark,41,MATH,upstream_only,4.984789161550182,4.984789161550182,4.984789161550182,4.984789161550182,0.0,0.0,1000,component widths are not additive
problem3_loss_to_benchmark,41,MATH,bridge_only,2.4117403924987935,10.01914753764336,1.861409820085471,12.182243071045157,7.607407145144566,10.320833250959685,1000,component widths are not additive
problem3_loss_to_benchmark,41,MATH,joint,2.4117403924987935,10.01914753764336,1.861409820085471,12.182243071045157,7.607407145144566,10.320833250959685,1000,component widths are not additive
problem3_loss_to_benchmark,41,GPQA,upstream_only,2.8142064649863863,2.8142064649863863,2.8142064649863863,2.8142064649863863,0.0,0.0,1000,component widths are not additive
problem3_loss_to_benchmark,41,GPQA,bridge_only,1.502831648259266,5.225122161565812,1.1072188218872647,5.87785971732395,3.722290513306546,4.770640895436686,1000,component widths are not additive
problem3_loss_to_benchmark,41,GPQA,joint,1.502831648259266,5.225122161565812,1.1072188218872647,5.87785971732395,3.722290513306546,4.770640895436686,1000,component widths are not additive
problem3_loss_to_benchmark,41,MUSR,upstream_only,8.183577730886643,8.184052831029803,8.183402539367664,8.184374318040216,0.0004751001431593238,0.0009717786725520483,1000,component widths are not additive
problem3_loss_to_benchmark,41,MUSR,bridge_only,5.999408000245154,11.146088661851296,5.043176513962161,12.799553377194053,5.146680661606142,7.756376863231893,1000,component widths are not additive
problem3_loss_to_benchmark,41,MUSR,joint,5.9994175204884925,11.146047521099767,5.043136582701012,12.799632325642673,5.146630000611275,7.75649574294166,1000,component widths are not additive
problem3_loss_to_benchmark,41,MMLU_PRO,upstream_only,19.81333650140314,19.81618566091393,19.81228592359874,19.81811369714986,0.0028491595107915657,0.005827773551121851,1000,component widths are not additive
problem3_loss_to_benchmark,41,MMLU_PRO,bridge_only,11.736352340801753,33.01995532155073,8.498804393610815,37.59225579798258,21.28360298074898,29.093451404371766,1000,component widths are not additive
problem3_loss_to_benchmark,41,MMLU_PRO,joint,11.736274308970538,33.02137926011196,8.498883433863634,37.59235445494252,21.28510495114142,29.09347102107889,1000,component widths are not additive
problem3_loss_to_benchmark,42,Average,upstream_only,2.2895250955082163,2.2914791849421405,2.2889894439229965,2.292031326530182,0.0019540894339242776,0.003041882607185631,1000,component widths are not additive
problem3_loss_to_benchmark,42,Average,bridge_only,1.0395140365017281,5.052789629789199,0.5418262987936485,6.6830507751577946,4.013275593287471,6.141224476364146,1000,component widths are not additive
problem3_loss_to_benchmark,42,Average,joint,1.0401045919746184,5.053237141982619,0.5417334563219179,6.683715761182975,4.013132550008001,6.141982304861057,1000,component widths are not additive
problem3_loss_to_benchmark,42,IFEval,upstream_only,32.56088321287908,32.56088321287908,32.56088321287908,32.56088321287908,0.0,0.0,1000,component widths are not additive
problem3_loss_to_benchmark,42,IFEval,bridge_only,26.672711947555168,39.08352806305004,24.384536213406832,41.72235818303767,12.410816115494871,17.337821969630838,1000,component widths are not additive
problem3_loss_to_benchmark,42,IFEval,joint,26.672711947555168,39.08352806305004,24.384536213406832,41.72235818303767,12.410816115494871,17.337821969630838,1000,component widths are not additive
problem3_loss_to_benchmark,42,BBH,upstream_only,0.5308579883611205,0.5320825651576473,0.5305224152780308,0.5324286876058819,0.0012245767965267662,0.0019062723278511218,1000,component widths are not additive
problem3_loss_to_benchmark,42,BBH,bridge_only,-0.21035968381083633,3.148419942371176,-0.3466731142938643,4.435962910733006,3.358779626182012,4.7826360250268705,1000,component widths are not additive
problem3_loss_to_benchmark,42,BBH,joint,-0.21020224921106956,3.1481930732079912,-0.34666179265702723,4.436825510982384,3.358395322419061,4.783487303639411,1000,component widths are not additive
problem3_loss_to_benchmark,42,MATH,upstream_only,4.984789161550182,4.984789161550182,4.984789161550182,4.984789161550182,0.0,0.0,1000,component widths are not additive
problem3_loss_to_benchmark,42,MATH,bridge_only,2.4117403924987935,10.01914753764336,1.861409820085471,12.182243071045157,7.607407145144566,10.320833250959685,1000,component widths are not additive
problem3_loss_to_benchmark,42,MATH,joint,2.4117403924987935,10.01914753764336,1.861409820085471,12.182243071045157,7.607407145144566,10.320833250959685,1000,component widths are not additive
problem3_loss_to_benchmark,42,GPQA,upstream_only,2.8142064649863863,2.8142064649863863,2.8142064649863863,2.8142064649863863,0.0,0.0,1000,component widths are not additive
problem3_loss_to_benchmark,42,GPQA,bridge_only,1.502831648259266,5.225122161565812,1.1072188218872647,5.87785971732395,3.722290513306546,4.770640895436686,1000,component widths are not additive
problem3_loss_to_benchmark,42,GPQA,joint,1.502831648259266,5.225122161565812,1.1072188218872647,5.87785971732395,3.722290513306546,4.770640895436686,1000,component widths are not additive
problem3_loss_to_benchmark,42,MUSR,upstream_only,2.1918399277490677,2.192947357221718,2.191536306891669,2.1932602129038856,0.001107429472650523,0.0017239060122165029,1000,component widths are not additive
problem3_loss_to_benchmark,42,MUSR,bridge_only,1.191871460235353,3.7020538934574265,0.9894602944813351,4.813845905209414,2.5101824332220737,3.8243856107280787,1000,component widths are not additive
problem3_loss_to_benchmark,42,MUSR,joint,1.1915588961718449,3.70184412021747,0.9887188026957251,4.813843101347893,2.5102852240456253,3.825124298652168,1000,component widths are not additive
problem3_loss_to_benchmark,42,MMLU_PRO,upstream_only,0.17670998849071096,0.17754362079736857,0.17648155362733797,0.17777925135090988,0.0008336323066576168,0.0012976977235719112,1000,component widths are not additive
problem3_loss_to_benchmark,42,MMLU_PRO,bridge_only,-0.37783507751332157,2.9815969878716335,-0.44296116999945334,4.71260974133133,3.359432065384955,5.155570911330783,1000,component widths are not additive
problem3_loss_to_benchmark,42,MMLU_PRO,joint,-0.3779600983058845,2.982766163386039,-0.44297180585126256,4.714917597368502,3.360726261691924,5.157889403219764,1000,component widths are not additive
problem3_loss_to_benchmark,43,Average,upstream_only,11.096256229196317,11.096635578812682,11.096131267809884,11.0967863624034,0.00037934961636487685,0.0006550945935153152,1000,component widths are not additive
problem3_loss_to_benchmark,43,Average,bridge_only,7.653867121318119,16.048690292490715,6.640456506236134,17.377508636463197,8.394823171172597,10.737052130227063,1000,component widths are not additive
problem3_loss_to_benchmark,43,Average,joint,7.654026886605658,16.04882759512427,6.640401571709626,17.37739696472439,8.394800708518611,10.736995393014764,1000,component widths are not additive
problem3_loss_to_benchmark,43,IFEval,upstream_only,32.56088321287908,32.56088321287908,32.56088321287908,32.56088321287908,0.0,0.0,1000,component widths are not additive
problem3_loss_to_benchmark,43,IFEval,bridge_only,26.672711947555168,39.08352806305004,24.384536213406832,41.72235818303767,12.410816115494871,17.337821969630838,1000,component widths are not additive
problem3_loss_to_benchmark,43,IFEval,joint,26.672711947555168,39.08352806305004,24.384536213406832,41.72235818303767,12.410816115494871,17.337821969630838,1000,component widths are not additive
problem3_loss_to_benchmark,43,BBH,upstream_only,11.071455529805013,11.072086184838284,11.071247788634924,11.072336860434863,0.0006306550332713101,0.001089071799938779,1000,component widths are not additive
problem3_loss_to_benchmark,43,BBH,bridge_only,6.185009001482134,19.557476967882458,4.988840177900907,21.34797902488051,13.372467966400324,16.3591388469796,1000,component widths are not additive
problem3_loss_to_benchmark,43,BBH,joint,6.184986102575374,19.557047635569017,4.988742381318068,21.347899678635322,13.372061532993643,16.359157297317253,1000,component widths are not additive
problem3_loss_to_benchmark,43,MATH,upstream_only,4.984789161550182,4.984789161550182,4.984789161550182,4.984789161550182,0.0,0.0,1000,component widths are not additive
problem3_loss_to_benchmark,43,MATH,bridge_only,2.4117403924987935,10.01914753764336,1.861409820085471,12.182243071045157,7.607407145144566,10.320833250959685,1000,component widths are not additive
problem3_loss_to_benchmark,43,MATH,joint,2.4117403924987935,10.01914753764336,1.861409820085471,12.182243071045157,7.607407145144566,10.320833250959685,1000,component widths are not additive
problem3_loss_to_benchmark,43,GPQA,upstream_only,2.8142064649863863,2.8142064649863863,2.8142064649863863,2.8142064649863863,0.0,0.0,1000,component widths are not additive
problem3_loss_to_benchmark,43,GPQA,bridge_only,1.502831648259266,5.225122161565812,1.1072188218872647,5.87785971732395,3.722290513306546,4.770640895436686,1000,component widths are not additive
problem3_loss_to_benchmark,43,GPQA,joint,1.502831648259266,5.225122161565812,1.1072188218872647,5.87785971732395,3.722290513306546,4.770640895436686,1000,component widths are not additive
problem3_loss_to_benchmark,43,MUSR,upstream_only,5.820554315582347,5.8206828018621595,5.8205119907075025,5.820733872149867,0.00012848627981210115,0.00022188144236423568,1000,component widths are not additive
problem3_loss_to_benchmark,43,MUSR,bridge_only,4.9795686972279265,6.962793350935944,4.564092350572724,7.352462839393488,1.9832246537080174,2.788370488820764,1000,component widths are not additive
problem3_loss_to_benchmark,43,MUSR,joint,4.979572024719855,6.962707769270782,4.564105571273293,7.352462467691061,1.9831357445509274,2.788356896417768,1000,component widths are not additive
problem3_loss_to_benchmark,43,MMLU_PRO,upstream_only,8.016451367485677,8.016947377697853,8.016287979635639,8.01714453481381,0.0004960102121760457,0.000856555178170737,1000,component widths are not additive
problem3_loss_to_benchmark,43,MMLU_PRO,bridge_only,3.3417297066794944,17.963510243077526,2.4286670950123663,20.337434641794598,14.621780536398031,17.908767546782233,1000,component widths are not additive
problem3_loss_to_benchmark,43,MMLU_PRO,joint,3.3417741396121476,17.963100323732505,2.428614459391597,20.337612006545772,14.621326184120356,17.908997547154176,1000,component widths are not additive
problem3_loss_to_benchmark,44,Average,upstream_only,17.470481843319238,17.471656157963405,17.470062408466198,17.472917850275795,0.0011743146441673957,0.002855441809597181,1000,component widths are not additive
problem3_loss_to_benchmark,44,Average,bridge_only,12.634320230687807,24.315582033303183,10.701058579548565,27.598949932007866,11.681261802615376,16.8978913524593,1000,component widths are not additive
problem3_loss_to_benchmark,44,Average,joint,12.634217876280658,24.31577335866319,10.701318490227905,27.59912967690148,11.681555482382532,16.897811186673575,1000,component widths are not additive
problem3_loss_to_benchmark,44,IFEval,upstream_only,32.56088321287908,32.56088321287908,32.56088321287908,32.56088321287908,0.0,0.0,1000,component widths are not additive
problem3_loss_to_benchmark,44,IFEval,bridge_only,26.672711947555168,39.08352806305004,24.384536213406832,41.72235818303767,12.410816115494871,17.337821969630838,1000,component widths are not additive
problem3_loss_to_benchmark,44,IFEval,joint,26.672711947555168,39.08352806305004,24.384536213406832,41.72235818303767,12.410816115494871,17.337821969630838,1000,component widths are not additive
problem3_loss_to_benchmark,44,BBH,upstream_only,23.0210027423053,23.023391619101062,23.020149508541397,23.025958297912947,0.0023888767957629398,0.005808789371549494,1000,component widths are not additive
problem3_loss_to_benchmark,44,BBH,bridge_only,15.982677993992041,33.69916044724476,12.848956375076881,38.19653333283409,17.716482453252716,25.347576957757212,1000,component widths are not additive
problem3_loss_to_benchmark,44,BBH,joint,15.983118850712907,33.69878632849104,12.848130204175085,38.195971440321614,17.715667477778133,25.34784123614653,1000,component widths are not additive
problem3_loss_to_benchmark,44,MATH,upstream_only,4.984789161550182,4.984789161550182,4.984789161550182,4.984789161550182,0.0,0.0,1000,component widths are not additive
problem3_loss_to_benchmark,44,MATH,bridge_only,2.4117403924987935,10.01914753764336,1.861409820085471,12.182243071045157,7.607407145144566,10.320833250959685,1000,component widths are not additive
problem3_loss_to_benchmark,44,MATH,joint,2.4117403924987935,10.01914753764336,1.861409820085471,12.182243071045157,7.607407145144566,10.320833250959685,1000,component widths are not additive
problem3_loss_to_benchmark,44,GPQA,upstream_only,2.8142064649863863,2.8142064649863863,2.8142064649863863,2.8142064649863863,0.0,0.0,1000,component widths are not additive
problem3_loss_to_benchmark,44,GPQA,bridge_only,1.502831648259266,5.225122161565812,1.1072188218872647,5.87785971732395,3.722290513306546,4.770640895436686,1000,component widths are not additive
problem3_loss_to_benchmark,44,GPQA,joint,1.502831648259266,5.225122161565812,1.1072188218872647,5.87785971732395,3.722290513306546,4.770640895436686,1000,component widths are not additive
problem3_loss_to_benchmark,44,MUSR,upstream_only,7.852465273368576,7.852822644872713,7.852337628436057,7.853206602564505,0.0003573715041369496,0.0008689741284477748,1000,component widths are not additive
problem3_loss_to_benchmark,44,MUSR,bridge_only,5.8768472256718,10.483148472966581,4.979562961314456,11.910023849679865,4.606301247294781,6.930460888365409,1000,component widths are not additive
problem3_loss_to_benchmark,44,MUSR,joint,5.876761268236187,10.48310081441509,4.979562659472525,11.910472119109052,4.606339546178903,6.930909459636527,1000,component widths are not additive
problem3_loss_to_benchmark,44,MMLU_PRO,upstream_only,17.867455996379306,17.869511868858407,17.86672170971356,17.871720795519938,0.0020558724791008842,0.004999085806378645,1000,component widths are not additive
problem3_loss_to_benchmark,44,MMLU_PRO,bridge_only,10.316011192498612,30.517720312617797,7.462730606772162,34.53638207565374,20.201709120119183,27.07365146888158,1000,component widths are not additive
problem3_loss_to_benchmark,44,MMLU_PRO,joint,10.316283519888323,30.51628382251384,7.463176374045392,34.5374203430106,20.20000030262552,27.07424396896521,1000,component widths are not additive
historical_contribution,history,scale_logit,family_month_frontier,0.13873632654451817,0.2621805805420381,0.1232359626489552,0.28941063599042105,0.1234442539975199,0.16617467334146585,1000,small-sample empirical stability
historical_contribution,history,tech_logit,family_month_frontier,-8.68604760190017e-05,0.00018348455055577928,-0.0001247479756776415,0.0002681834068326172,0.00027034502657478096,0.0003929313825102587,1000,small-sample empirical stability
historical_contribution,history,total_logit,family_month_frontier,0.13878788440440445,0.2620886650436397,0.12328801720721853,0.2893796907235029,0.12330078063923525,0.16609167351628434,1000,small-sample empirical stability
historical_contribution,history,scale_score,family_month_frontier,2.8406993548640327,5.664400005137153,2.5324798706993947,6.686757186183158,2.82370065027312,4.154277315483763,1000,small-sample empirical stability
historical_contribution,history,tech_score,family_month_frontier,-0.0018494640604551193,0.0037416492612305074,-0.002669730252441038,0.005343374940433153,0.005591113321685627,0.008013105192874192,1000,small-sample empirical stability
historical_contribution,history,total_score,family_month_frontier,2.841755131600938,5.662690702995445,2.5332505740325164,6.686044075854456,2.8209355713945072,4.1527935018219395,1000,small-sample empirical stability
historical_contribution,history,beta_x,family_month_frontier,0.43541354085371653,0.8228340605534253,0.3867668129462818,0.9082935444227707,0.3874205196997088,0.5215267314764889,1000,small-sample empirical stability
future_frontier,1.0_12,q0.85,joint_frontier_compute,45.40346687588366,76.07378742557978,39.59339166008565,82.69440439976921,30.67032054969612,43.10101273968356,999,"includes state, endpoint, growth and compute measurement"
future_frontier,1.0_12,q0.9,joint_frontier_compute,47.146723453419796,78.36680621119233,40.24553373635946,86.08585742627851,31.22008275777253,45.840323689919046,999,"includes state, endpoint, growth and compute measurement"
future_frontier,1.0_12,q0.95,joint_frontier_compute,49.47849333588438,82.37790824575632,41.369296798980386,87.87849742532585,32.899414909871936,46.50920062634546,999,"includes state, endpoint, growth and compute measurement"
future_frontier,1.0_24,q0.85,joint_frontier_compute,54.427980636671364,88.74740770870508,46.298673430814254,93.48300460109341,34.31942707203372,47.18433117027916,999,"includes state, endpoint, growth and compute measurement"
future_frontier,1.0_24,q0.9,joint_frontier_compute,57.30332528936279,90.46868701316734,47.48910827816831,95.28863910552845,33.16536172380455,47.79953082736014,999,"includes state, endpoint, growth and compute measurement"
future_frontier,1.0_24,q0.95,joint_frontier_compute,60.671934564570144,92.8211900171417,49.768738561729904,96.1605621108971,32.14925545257156,46.3918235491672,999,"includes state, endpoint, growth and compute measurement"
future_frontier,0.5_12,q0.85,joint_frontier_compute,40.71257152644115,67.29370139524634,35.949733969925596,74.44047244859738,26.581129868805192,38.49073847867178,999,"includes state, endpoint, growth and compute measurement"
future_frontier,0.5_12,q0.9,joint_frontier_compute,41.90725234709061,69.44745083517077,36.46985055135771,77.8545504469095,27.540198488080158,41.38469989555179,999,"includes state, endpoint, growth and compute measurement"
future_frontier,0.5_12,q0.95,joint_frontier_compute,43.8224789714399,74.09833147733815,37.5425431989341,80.59843892609551,30.27585250589825,43.05589572716141,999,"includes state, endpoint, growth and compute measurement"
future_frontier,0.5_24,q0.85,joint_frontier_compute,45.404860479859934,76.0825538526469,39.59565924890069,82.69778894389337,30.677693372786962,43.10212969499268,999,"includes state, endpoint, growth and compute measurement"
future_frontier,0.5_24,q0.9,joint_frontier_compute,47.14679790887635,78.36446337502464,40.25242766225492,86.0834753812853,31.21766546614829,45.83104771903038,999,"includes state, endpoint, growth and compute measurement"
future_frontier,0.5_24,q0.95,joint_frontier_compute,49.476298341380314,82.37789864949626,41.370273707816196,87.87961655849332,32.901600308115945,46.50934285067713,999,"includes state, endpoint, growth and compute measurement"
future_frontier,0.25_12,q0.85,joint_frontier_compute,38.452557408621,62.285908103722534,33.777344008249734,69.03760270132574,23.833350695101537,35.260258693076004,999,"includes state, endpoint, growth and compute measurement"
future_frontier,0.25_12,q0.9,joint_frontier_compute,39.54788748524806,64.63609432808342,34.596296782515246,72.51568328970001,25.088206842835355,37.91938650718476,999,"includes state, endpoint, growth and compute measurement"
future_frontier,0.25_12,q0.95,joint_frontier_compute,40.90133826938719,69.05835594810584,35.81907092376672,75.57426034978725,28.157017678718653,39.75518942602053,999,"includes state, endpoint, growth and compute measurement"
future_frontier,0.25_24,q0.85,joint_frontier_compute,40.71174634644326,67.29344432691154,35.95212439013022,74.44010421422472,26.581697980468277,38.487979824094495,999,"includes state, endpoint, growth and compute measurement"
future_frontier,0.25_24,q0.9,joint_frontier_compute,41.90761022621552,69.44248929068932,36.46843169224597,77.85293708476198,27.534879064473806,41.384505392516004,999,"includes state, endpoint, growth and compute measurement"
future_frontier,0.25_24,q0.95,joint_frontier_compute,43.8237477956514,74.09751022442362,37.54012363139246,80.59756212478246,30.273762428772216,43.057438493389995,999,"includes state, endpoint, growth and compute measurement"
